Date,Open,High,Low,Close,Volume
2011-07-25,11278.5,11343.0,11247.7,11333.5,0
2011-07-26,11347.5,11387.5,11194.3,11223.8,0
2011-07-27,11250.8,11275.4,11166.1,11228.7,0
2011-07-28,11174.4,11176.0,11098.7,11117.8,0
2011-07-29,11103.5,11145.7,10862.1,10910.2,0
2011-08-01,10972.2,11038.6,10851.5,10883.2,0
2011-08-02,10876.4,10876.4,10745.8,10796.2,0
2011-08-03,10735.5,10758.3,10621.4,10740.3,0
2011-08-04,10763.8,10882.2,10682.0,10699.5,0
2011-08-05,10457.8,10554.3,10322.0,10542.0,0
2011-08-08,10517.2,10523.7,10245.7,10415.3,0
2011-08-09,10395.9,10423.5,10145.8,10279.5,0
2011-08-10,10300.5,10501.0,10300.5,10486.2,0
2011-08-11,10483.7,10541.0,10424.4,10434.0,0
2011-08-12,10442.0,10531.6,10333.8,10343.1,0
2011-08-16,10353.3,10434.0,10203.3,10232.0,0
2011-08-17,10237.0,10289.0,10137.8,10159.7,0
2011-08-18,10167.3,10204.9,9907.4,9940.8,0
2011-08-19,9929.85,9929.85,9717.75,9864.05,0
2011-08-22,9867.3,9982.85,9788.6,9964.3,0
2011-08-23,9964.45,10045.7,9884.95,10029.4,0
2011-08-24,10018.8,10118.3,9899.75,9939.45,0
2011-08-25,9939.85,9986.8,9786.55,9815.35,0
2011-08-26,9820.1,9861.25,9572.55,9597.8,0
2011-08-29,9606.35,9893.4,9606.35,9872.05,0
2011-08-30,9882.7,10007.3,9882.7,9989.0,0
2011-09-02,10004.6,10156.8,10004.6,10113.4,0
2011-09-05,10103.0,10170.5,10009.6,10149.2,0
2011-09-06,10146.5,10164.7,10027.0,10152.2,0
2011-09-07,10155.9,10352.3,10155.9,10333.1,0
2011-09-08,10333.2,10390.0,10293.2,10336.7,0
2011-09-09,10342.5,10417.2,10188.3,10199.5,0
2011-09-12,10196.0,10196.0,9925.2,9948.2,0
2011-09-13,9952.4,10126.5,9894.0,9931.9,0
2011-09-14,9936.0,10017.9,9907.2,9995.0,0
2011-09-15,10002.9,10162.4,10002.9,10147.7,0
2011-09-16,10154.0,10220.0,10123.0,10167.2,0
2011-09-19,10162.9,10170.4,10102.2,10113.2,0
2011-09-20,10115.0,10226.1,10084.7,10216.4,0
2011-09-21,10225.0,10322.2,10225.0,10311.1,0
2011-09-22,10301.6,10301.6,9955.55,9966.65,0
2011-09-23,9960.0,10001.8,9804.2,9895.95,0
2011-09-26,9894.7,9918.05,9637.2,9748.35,0
2011-09-27,9763.95,9953.85,9763.95,9935.55,0
2011-09-28,9943.25,9989.55,9861.2,9885.2,0
2011-09-29,9882.8,9939.5,9788.2,9916.35,0
2011-09-30,9918.65,9966.15,9781.45,9822.2,0
2011-10-03,9815.45,9815.45,9600.0,9613.8,0
2011-10-04,9607.95,9694.95,9415.3,9435.25,0
2011-10-05,9439.45,9515.35,9355.8,9371.9,0
2011-10-07,9391.5,9609.65,9391.5,9518.9,0
2011-10-10,9519.45,9640.5,9489.6,9631.25,0
2011-10-11,9632.75,9762.7,9632.75,9703.0,0
2011-10-12,9703.55,9877.5,9703.55,9869.2,0
2011-10-13,9869.85,9960.35,9867.9,9893.65,0
2011-10-14,9891.95,9913.55,9832.35,9895.0,0
2011-10-17,9895.9,9966.8,9873.8,9903.75,0
2011-10-18,9902.1,9902.1,9752.3,9780.65,0
2011-10-19,9782.75,9897.25,9782.75,9870.2,0
2011-10-20,9868.65,9868.65,9727.35,9782.45,0
2011-10-21,9782.9,9837.35,9667.65,9682.65,0
2011-10-24,9684.4,9803.75,9645.6,9660.45,0
2011-10-25,9660.55,9723.65,9607.7,9699.35,0
2011-10-26,9700.25,9785.25,9700.25,9768.8,0
2011-10-28,9772.85,10007.2,9772.85,9997.8,0
2011-10-31,9996.7,10078.6,9937.55,10047.2,0
2011-11-01,10044.7,10075.3,9945.2,9993.7,0
2011-11-02,9991.5,10046.3,9925.45,10003.8,0
2011-11-03,10004.0,10096.4,9977.05,10077.0,0
2011-11-04,10078.7,10216.5,10078.7,10178.7,0
2011-11-08,10179.7,10215.3,10095.7,10138.2,0
2011-11-09,10139.2,10175.5,9982.55,9995.8,0
2011-11-11,9993.65,10020.3,9847.55,9875.9,0
2011-11-14,9873.1,9965.2,9786.15,9802.0,0
2011-11-15,9801.85,9802.1,9489.55,9504.65,0
2011-11-16,9504.55,9504.55,9352.45,9457.35,0
2011-11-17,9458.3,9474.0,9286.4,9313.4,0
2011-11-18,9311.95,9311.95,9146.8,9268.2,0
2011-11-21,9267.05,9267.05,9058.05,9087.45,0
2011-11-22,9087.5,9167.75,9054.9,9106.85,0
2011-11-23,9105.65,9105.65,8896.75,8924.0,0
2011-11-24,8924.2,9086.25,8802.9,9057.45,0
2011-11-25,9056.45,9166.85,9001.7,9083.0,0
2011-11-28,9085.3,9275.3,9085.3,9263.5,0
2011-11-29,9264.65,9305.85,9117.55,9140.9,0
2011-11-30,9140.55,9152.15,9038.95,9089.95,0
2011-12-01,9094.5,9352.15,9094.5,9173.7,0
2011-12-02,9174.6,9427.05,9156.75,9411.95,0
2011-12-05,9412.3,9450.85,9379.15,9429.55,0
2011-12-07,9429.55,9525.1,9393.8,9414.25,0
2011-12-08,9413.65,9413.85,9214.25,9253.3,0
2011-12-09,9250.75,9250.75,9113.1,9148.35,0
2011-12-12,9149.3,9224.15,8930.05,8955.1,0
2011-12-13,8954.0,8975.25,8857.2,8938.1,0
2011-12-14,8938.2,8988.95,8837.1,8864.55,0
2011-12-15,8861.65,8869.95,8745.05,8851.3,0
2011-12-16,8851.75,8955.95,8652.15,8682.5,0
2011-12-19,8681.6,8681.6,8426.35,8499.85,0
2011-12-20,8501.2,8532.6,8274.5,8295.85,0
2011-12-21,8299.0,8491.55,8299.0,8446.45,0
2011-12-22,8445.8,8554.15,8356.6,8542.5,0
2011-12-23,8543.75,8614.65,8432.55,8467.45,0
2011-12-26,8468.1,8555.1,8468.1,8522.05,0
2011-12-27,8523.55,8569.6,8414.2,8448.75,0
2011-12-28,8448.5,8448.5,8315.3,8366.35,0
2011-12-29,8365.4,8367.9,8293.2,8334.55,0
2011-12-30,8335.4,8399.1,8258.5,8333.1,0
2012-01-02,8333.45,8376.3,8224.15,8312.1,0
2012-01-03,8313.35,8575.3,8313.35,8564.55,0
2012-01-04,8564.85,8634.15,8537.05,8589.15,0
2012-01-05,8588.95,8641.35,8570.4,8607.8,0
2012-01-06,8606.9,8606.9,8488.7,8560.5,0
2012-01-07,8560.2,8600.4,8560.2,8593.45,0
2012-01-09,8593.2,8641.0,8523.7,8626.85,0
2012-01-10,8627.7,8867.0,8627.7,8848.15,0
2012-01-11,8848.6,8969.2,8848.6,8947.55,0
2012-01-12,8947.25,9052.35,8912.8,9030.55,0
2012-01-13,9031.05,9141.1,9030.95,9101.5,0
2012-01-16,9100.8,9143.7,9023.7,9138.2,0
2012-01-17,9139.25,9302.5,9139.25,9262.1,0
2012-01-18,9262.7,9319.75,9164.35,9192.3,0
2012-01-19,9197.3,9353.05,9197.3,9342.7,0
2012-01-20,9344.25,9454.1,9336.05,9414.35,0
2012-01-23,9413.0,9511.3,9390.6,9407.7,0
2012-01-24,9408.6,9636.85,9408.6,9610.55,0
2012-01-25,9610.7,9768.75,9610.7,9751.0,0
2012-01-27,9752.1,9848.65,9718.2,9811.1,0
2012-01-30,9810.05,9810.05,9571.35,9591.75,0
2012-01-31,9592.8,9828.85,9592.8,9812.55,0
2012-02-01,9813.35,9929.0,9768.9,9918.85,0
2012-02-02,9919.6,10052.2,9859.2,9995.6,0
2012-02-03,9995.25,10053.2,9941.7,10035.9,0
2012-02-06,10037.7,10293.3,10037.7,10236.7,0
2012-02-07,10237.2,10308.2,10069.2,10093.8,0
2012-02-08,10095.2,10262.5,10095.2,10221.8,0
2012-02-09,10223.7,10345.5,10191.2,10331.2,0
2012-02-10,10329.5,10471.7,10265.8,10357.4,0
2012-02-13,10356.9,10412.6,10281.8,10376.5,0
2012-02-14,10375.7,10477.6,10324.3,10448.5,0
2012-02-15,10449.8,10701.8,10449.8,10689.5,0
2012-02-16,10688.4,10801.2,10657.0,10785.9,0
2012-02-17,10787.5,10952.8,10777.7,10828.1,0
2012-02-21,10828.0,10926.2,10821.9,10883.0,0
2012-02-22,10884.0,10961.3,10394.0,10426.0,0
2012-02-23,10424.7,10477.6,10242.5,10411.5,0
2012-02-24,10411.3,10529.5,10256.0,10332.2,0
2012-02-27,10331.8,10353.7,9994.3,10035.6,0
2012-02-28,10037.0,10409.0,10037.0,10393.8,0
2012-02-29,10396.0,10571.7,10323.1,10438.0,0
2012-03-01,10437.7,10437.7,10301.2,10366.0,0
2012-03-02,10367.2,10502.4,10332.5,10375.1,0
2012-03-03,10374.3,10407.8,10372.5,10379.3,0
2012-03-05,10378.9,10378.9,10205.3,10233.5,0
2012-03-06,10234.0,10436.7,10137.6,10159.7,0
2012-03-07,10159.2,10178.9,10010.6,10101.0,0
2012-03-09,10103.3,10386.8,10103.3,10364.6,0
2012-03-12,10367.5,10525.9,10367.5,10470.6,0
2012-03-13,10472.2,10606.3,10472.2,10561.9,0
2012-03-14,10564.5,10694.4,10564.5,10667.0,0
2012-03-15,10665.3,10680.2,10413.0,10457.5,0
2012-03-16,10458.5,10568.6,10298.5,10324.5,0
2012-03-19,10324.6,10361.8,10123.5,10172.5,0
2012-03-20,10172.8,10289.9,10140.8,10262.8,0
2012-03-21,10263.4,10500.0,10239.3,10483.8,0
2012-03-22,10483.3,10570.7,10169.7,10195.5,0
2012-03-23,10195.5,10344.2,10148.3,10297.8,0
2012-03-26,10298.2,10301.5,10119.8,10145.6,0
2012-03-27,10148.7,10281.5,10141.5,10213.7,0
2012-03-28,10213.2,10213.2,10065.0,10100.2,0
2012-03-29,10098.1,10180.8,10001.0,10165.7,0
2012-03-30,10165.8,10469.0,10165.8,10450.2,0
2012-04-02,10449.8,10583.5,10449.8,10534.5,0
2012-04-03,10535.3,10699.0,10535.3,10669.8,0
2012-04-04,10668.1,10678.8,10601.8,10650.7,0
2012-04-09,10649.0,10649.0,10459.0,10480.0,0
2012-04-10,10481.2,10546.2,10419.3,10492.4,0
2012-04-11,10490.5,10515.5,10388.5,10421.0,0
2012-04-12,10422.4,10547.0,10422.4,10484.7,0
2012-04-13,10485.9,10601.8,10407.0,10418.2,0
2012-04-16,10418.2,10499.2,10405.0,10476.8,0
2012-04-17,10476.8,10575.0,10424.2,10565.8,0
2012-04-18,10567.0,10681.0,10539.4,10549.2,0
2012-04-19,10549.3,10614.2,10485.3,10518.7,0
2012-04-20,10518.3,10549.5,10410.5,10458.9,0
2012-04-23,10458.0,10515.9,10273.1,10293.1,0
2012-04-24,10292.8,10324.0,10193.0,10245.3,0
2012-04-25,10245.0,10299.7,10132.3,10214.8,0
2012-04-26,10215.3,10257.7,10132.0,10149.8,0
2012-04-27,10152.0,10230.2,10050.3,10103.3,0
2012-04-28,10105.2,10166.7,10102.5,10145.2,0
2012-04-30,10148.2,10245.0,10134.8,10226.2,0
2012-05-02,10231.6,10304.2,10195.0,10215.8,0
2012-05-03,10214.0,10214.0,10068.9,10081.5,0
2012-05-04,10078.5,10083.2,9915.1,9948.0,0
2012-05-07,9939.6,10084.5,9749.3,10061.2,0
2012-05-08,10063.8,10134.0,9837.95,9883.4,0
2012-05-09,9879.2,9898.6,9718.45,9735.4,0
2012-05-10,9735.85,9870.45,9726.9,9754.45,0
2012-05-11,9751.75,9751.75,9596.9,9663.8,0
2012-05-14,9665.5,9715.3,9565.05,9622.75,0
2012-05-15,9617.15,9674.9,9569.0,9659.6,0
2012-05-16,9651.15,9651.15,9454.1,9495.45,0
2012-05-17,9498.0,9641.45,9462.45,9496.75,0
2012-05-18,9487.9,9505.65,9333.95,9477.55,0
2012-05-21,9482.55,9611.35,9481.0,9555.6,0
2012-05-22,9561.1,9648.35,9449.0,9463.7,0
2012-05-23,9460.1,9460.1,9347.7,9388.45,0
2012-05-24,9390.9,9478.65,9369.3,9462.15,0
2012-05-25,9461.95,9541.45,9454.1,9519.15,0
2012-05-28,9525.9,9657.95,9525.9,9648.9,0
2012-05-29,9650.35,9683.5,9613.0,9631.95,0
2012-05-30,9627.6,9627.6,9495.1,9507.85,0
2012-05-31,9508.05,9586.1,9434.4,9563.15,0
2012-06-01,9563.4,9594.2,9414.85,9440.35,0
2012-06-04,9436.5,9436.5,9268.5,9389.85,0
2012-06-05,9391.85,9481.75,9374.7,9407.65,0
2012-06-06,9410.15,9627.75,9410.15,9605.7,0
2012-06-07,9610.8,9710.85,9609.8,9691.1,0
2012-06-08,9688.25,9744.2,9610.65,9732.5,0
2012-06-11,9739.55,9843.85,9633.15,9668.3,0
2012-06-12,9664.3,9773.2,9615.35,9755.45,0
2012-06-13,9757.2,9853.4,9757.2,9775.05,0
2012-06-14,9774.5,9796.05,9623.15,9634.9,0
2012-06-15,9637.15,9737.25,9637.15,9721.7,0
2012-06-18,9727.95,9826.9,9540.8,9576.3,0
2012-06-19,9562.3,9617.1,9501.45,9604.45,0
2012-06-20,9605.65,9709.4,9605.45,9697.6,0
2012-06-21,9695.1,9804.75,9648.35,9799.7,0
2012-06-22,9790.75,9806.65,9683.1,9780.7,0
2012-06-25,9782.95,9897.85,9733.55,9747.7,0
2012-06-26,9747.3,9831.85,9747.3,9824.75,0
2012-06-27,9830.3,9884.5,9830.3,9862.15,0
2012-06-28,9862.85,9901.2,9805.05,9885.15,0
2012-06-29,9891.6,10118.4,9891.6,10099.5,0
2012-07-02,10102.8,10202.7,10102.8,10162.1,0
2012-07-03,10167.3,10292.7,10167.3,10285.1,0
2012-07-04,10286.3,10350.3,10272.3,10335.2,0
2012-07-05,10336.8,10408.0,10310.3,10395.5,0
2012-07-06,10396.2,10412.7,10310.9,10334.7,0
2012-07-09,10330.1,10330.1,10162.1,10219.0,0
2012-07-10,10218.5,10325.0,10218.5,10320.4,0
2012-07-11,10317.2,10346.7,10271.8,10283.3,0
2012-07-12,10279.5,10279.5,10181.5,10226.0,0
2012-07-13,10228.2,10277.3,10172.0,10186.0,0
2012-07-16,10188.3,10222.8,10136.2,10160.8,0
2012-07-17,10164.4,10225.8,10089.0,10109.0,0
2012-07-18,10106.0,10116.3,10029.8,10105.6,0
2012-07-19,10111.2,10191.9,10111.2,10125.4,0
2012-07-20,10121.3,10135.6,10064.4,10123.5,0
2012-07-23,10116.5,10116.5,9950.15,9979.8,0
2012-07-24,9978.8,10045.1,9946.95,10035.9,0
2012-07-25,10031.9,10031.9,9936.1,9975.25,0
2012-07-26,9976.2,10006.4,9798.4,9813.45,0
2012-07-27,9823.05,9968.55,9756.3,9783.8,0
2012-07-30,9787.55,9990.15,9787.55,9978.4,0
2012-07-31,9980.55,10043.5,9908.9,10028.5,0
2012-08-01,10029.3,10097.2,10014.9,10080.6,0
2012-08-02,10078.5,10140.5,10066.3,10135.5,0
2012-08-03,10131.9,10131.9,10031.8,10093.9,0
2012-08-06,10098.4,10221.2,10098.4,10152.9,0
2012-08-07,10154.5,10236.1,10154.5,10194.9,0
2012-08-08,10198.0,10254.2,10119.2,10139.0,0
2012-08-09,10140.9,10200.1,10078.0,10102.7,0
2012-08-10,10101.7,10110.7,10040.5,10077.0,0
2012-08-13,10077.2,10214.7,10066.3,10202.8,0
2012-08-14,10201.0,10247.0,10178.3,10234.8,0
2012-08-16,10237.2,10282.5,10192.2,10207.1,0
2012-08-17,10209.5,10288.5,10150.0,10190.5,0
2012-08-21,10190.9,10224.1,10149.5,10217.5,0
2012-08-22,10213.8,10230.8,10155.5,10167.2,0
2012-08-23,10163.7,10218.8,10102.7,10131.7,0
2012-08-24,10128.5,10128.5,10043.0,10101.7,0
2012-08-27,10102.4,10127.8,9990.7,9997.2,0
2012-08-28,9996.6,9998.3,9828.25,9915.35,0
2012-08-29,9915.1,9945.3,9854.1,9876.8,0
2012-08-30,9875.05,9921.5,9821.45,9898.4,0
2012-08-31,9897.2,9953.7,9828.65,9892.15,0
2012-09-03,9895.85,9948.2,9851.55,9875.05,0
2012-09-04,9875.5,9985.35,9875.5,9976.6,0
2012-09-05,9975.05,9975.05,9903.25,9914.15,0
2012-09-06,9912.6,9990.2,9911.2,9960.65,0
2012-09-07,9966.85,10078.8,9966.85,10057.9,0
2012-09-08,10057.5,10118.5,10056.8,10107.8,0
2012-09-10,10107.1,10164.5,10084.5,10152.1,0
2012-09-11,10149.0,10168.6,10116.8,10160.5,0
2012-09-12,10162.8,10219.0,10129.2,10167.3,0
2012-09-13,10166.5,10203.0,10102.7,10117.2,0
2012-09-14,10124.8,10275.8,10124.8,10210.7,0
2012-09-17,10216.8,10375.8,10216.8,10363.2,0
2012-09-18,10364.0,10518.7,10317.3,10502.4,0
2012-09-20,10499.5,10545.2,10394.3,10488.5,0
2012-09-21,10495.5,10708.8,10495.5,10672.6,0
2012-09-24,10672.4,10852.6,10672.4,10738.5,0
2012-09-25,10747.0,10836.6,10707.2,10795.3,0
2012-09-26,10792.9,10851.7,10752.8,10799.8,0
2012-09-27,10801.8,10912.8,10801.8,10884.8,0
2012-09-28,10895.0,11073.8,10895.0,11042.8,0
2012-10-01,11044.7,11123.2,11044.7,11115.0,0
2012-10-03,11118.5,11235.5,11114.2,11190.1,0
2012-10-04,11194.6,11347.9,11194.6,11279.7,0
2012-10-05,11291.0,11353.9,11069.2,11221.0,0
2012-10-08,11222.0,11281.0,11109.8,11136.6,0
2012-10-09,11139.8,11250.9,11139.3,11204.2,0
2012-10-10,11197.1,11197.1,11068.9,11081.0,0
2012-10-11,11083.8,11226.7,11023.8,11208.5,0
2012-10-12,11210.1,11315.0,11198.3,11210.2,0
2012-10-15,11209.1,11235.8,11139.7,11161.2,0
2012-10-16,11165.2,11232.8,11042.6,11061.0,0
2012-10-17,11067.2,11129.2,11009.3,11073.0,0
2012-10-18,11077.2,11180.3,11066.6,11174.8,0
2012-10-19,11168.5,11184.2,11047.3,11108.8,0
2012-10-22,11104.5,11127.4,11019.5,11124.7,0
2012-10-23,11123.8,11154.5,11063.2,11078.8,0
2012-10-25,11082.5,11104.7,11044.3,11075.6,0
2012-10-26,11069.0,11100.5,10907.6,10934.2,0
2012-10-29,10934.2,10967.7,10819.3,10865.8,0
2012-10-30,10864.9,10926.3,10733.1,10778.7,0
2012-10-31,10776.7,10907.8,10767.0,10898.5,0
2012-11-01,10899.5,11010.5,10899.5,10997.3,0
2012-11-02,11005.0,11119.0,11005.0,11080.4,0
2012-11-05,11077.3,11105.3,11026.3,11064.4,0
2012-11-06,11061.3,11106.5,11044.1,11095.5,0
2012-11-07,11097.5,11259.5,11095.9,11229.5,0
2012-11-08,11222.0,11249.6,11127.8,11240.0,0
2012-11-09,11239.0,11321.1,11143.9,11159.0,0
2012-11-12,11158.5,11362.8,11158.5,11342.7,0
2012-11-13,11344.5,11385.0,11332.5,11347.8,0
2012-11-15,11343.5,11394.0,11286.0,11365.7,0
2012-11-16,11363.7,11440.2,11214.3,11241.6,0
2012-11-19,11243.0,11281.0,11102.8,11127.0,0
2012-11-20,11133.5,11219.7,11020.9,11075.5,0
2012-11-21,11078.3,11137.2,11042.3,11128.2,0
2012-11-22,11131.0,11213.4,11129.9,11205.5,0
2012-11-23,11206.8,11266.2,11179.5,11253.8,0
2012-11-26,11254.6,11439.2,11254.6,11413.6,0
2012-11-27,11415.8,11606.4,11415.8,11597.0,0
2012-11-29,11601.0,11726.9,11600.5,11713.3,0
2012-11-30,11718.3,11805.2,11711.3,11790.6,0
2012-12-03,11794.0,11893.8,11793.1,11886.2,0
2012-12-04,11887.2,11974.2,11866.2,11944.0,0
2012-12-05,11951.0,12017.2,11951.0,11966.5,0
2012-12-06,11969.8,12078.9,11919.2,12061.2,0
2012-12-07,12065.2,12117.2,11967.4,11999.3,0
2012-12-10,12004.3,12062.0,12004.3,12046.5,0
2012-12-11,12050.8,12117.7,11863.3,11988.3,0
2012-12-12,11992.5,12039.8,11956.8,11999.2,0
2012-12-13,12001.0,12057.1,11860.2,11887.8,0
2012-12-14,11888.0,11988.0,11866.2,11977.2,0
2012-12-17,11977.7,12053.5,11977.7,12042.9,0
2012-12-18,12043.0,12214.7,11982.8,12208.5,0
2012-12-19,12216.8,12318.7,12216.8,12296.2,0
2012-12-20,12291.2,12335.5,12195.2,12310.3,0
2012-12-21,12305.4,12305.4,12122.3,12146.5,0
2012-12-24,12147.5,12209.8,12127.7,12163.2,0
2012-12-26,12165.0,12257.5,12165.0,12228.4,0
2012-12-27,12233.0,12309.5,12170.7,12185.0,0
2012-12-28,12190.0,12298.5,12190.0,12278.4,0
2012-12-31,12278.4,12348.8,12278.4,12340.0,0
2013-01-01,12345.6,12507.7,12345.6,12491.2,0
2013-01-02,12497.3,12624.9,12497.3,12570.8,0
2013-01-03,12575.2,12658.2,12548.8,12635.3,0
2013-01-04,12636.3,12649.3,12555.8,12624.0,0
2013-01-07,12626.7,12711.8,12613.8,12640.5,0
2013-01-08,12640.1,12685.6,12566.0,12633.4,0
2013-01-09,12637.1,12744.0,12583.8,12609.4,0
2013-01-10,12614.9,12695.6,12524.3,12587.2,0
2013-01-11,12589.4,12629.3,12407.8,12429.1,0
2013-01-14,12429.2,12628.2,12387.3,12610.2,0
2013-01-15,12609.7,12679.7,12583.2,12647.0,0
2013-01-16,12647.5,12682.5,12460.9,12475.3,0
2013-01-17,12474.8,12545.0,12425.3,12488.4,0
2013-01-18,12489.1,12528.9,12415.8,12437.4,0
2013-01-21,12437.8,12505.3,12428.5,12466.7,0
2013-01-22,12469.1,12526.7,12308.0,12339.7,0
2013-01-23,12343.3,12401.2,12171.7,12285.8,0
2013-01-24,12278.5,12296.9,12054.5,12074.9,0
2013-01-25,12077.2,12276.5,12042.2,12266.5,0
2013-01-28,12268.3,12344.3,12242.3,12283.7,0
2013-01-29,12284.4,12348.5,12171.8,12190.3,0
2013-01-30,12194.0,12273.2,12156.5,12175.0,0
2013-01-31,12172.5,12291.8,12162.5,12270.5,0
2013-02-01,12272.4,12381.8,12272.4,12304.5,0
2013-02-04,12307.9,12393.5,12240.2,12249.6,0
2013-02-05,12247.0,12247.0,12127.5,12192.5,0
2013-02-06,12197.7,12332.9,12197.7,12244.8,0
2013-02-07,12240.2,12303.0,12126.4,12151.7,0
2013-02-08,12152.8,12183.8,12037.5,12068.3,0
2013-02-11,12072.0,12094.1,12039.3,12061.2,0
2013-02-12,12060.9,12126.8,11992.0,12094.7,0
2013-02-13,12097.1,12179.8,11990.0,12011.0,0
2013-02-14,12009.2,12029.7,11820.3,11844.4,0
2013-02-15,11839.3,11892.5,11742.0,11871.3,0
2013-02-18,11872.5,11944.0,11871.0,11922.9,0
2013-02-19,11924.3,12053.7,11902.4,12033.8,0
2013-02-20,12036.7,12089.0,12003.1,12016.0,0
2013-02-21,12007.7,12007.7,11753.2,11765.8,0
2013-02-22,11764.2,11867.9,11707.3,11807.3,0
2013-02-25,11815.2,11890.7,11695.9,11743.7,0
2013-02-26,11737.6,11738.8,11577.2,11595.5,0
2013-02-27,11600.9,11769.7,11577.5,11729.2,0
2013-02-28,11736.2,11845.2,11425.3,11457.8,0
2013-03-01,11459.3,11612.8,11459.3,11561.0,0
2013-03-04,11558.0,11558.0,11416.8,11461.3,0
2013-03-05,11465.5,11639.3,11465.5,11628.0,0
2013-03-06,11633.3,11763.5,11633.3,11688.4,0
2013-03-07,11686.5,11747.1,11673.8,11731.5,0
2013-03-08,11735.5,11871.7,11735.5,11859.3,0
2013-03-11,11860.6,11932.8,11842.6,11876.8,0
2013-03-12,11879.0,11912.3,11713.2,11769.0,0
2013-03-13,11764.3,11764.3,11565.5,11585.5,0
2013-03-14,11586.0,11703.4,11468.7,11696.5,0
2013-03-15,11698.2,11808.3,11632.6,11641.7,0
2013-03-18,11634.4,11668.8,11514.2,11635.7,0
2013-03-19,11635.9,11678.3,11375.7,11398.8,0
2013-03-20,11396.3,11416.4,11140.2,11175.4,0
2013-03-21,11179.6,11306.1,11074.4,11094.8,0
2013-03-22,11092.2,11152.3,11025.8,11091.2,0
2013-03-25,11101.4,11229.6,10977.7,11022.8,0
2013-03-26,11019.3,11057.8,10973.5,11041.5,0
2013-03-28,11038.8,11241.0,10983.4,11222.8,0
2013-04-01,11238.0,11352.7,11233.3,11328.5,0
2013-04-02,11297.2,11508.0,11297.2,11490.0,0
2013-04-03,11485.9,11550.5,11327.5,11356.9,0
2013-04-04,11286.1,11336.3,11144.8,11173.0,0
2013-04-05,11150.5,11258.2,11126.3,11168.1,0
2013-04-08,11167.0,11239.7,11167.0,11205.7,0
2013-04-09,11255.1,11301.5,11101.1,11115.7,0
2013-04-10,11142.2,11237.0,11046.4,11222.2,0
2013-04-11,11253.8,11293.8,11157.4,11252.2,0
2013-04-12,11211.8,11354.1,11172.4,11323.3,0
2013-04-15,11286.5,11375.3,11271.2,11294.7,0
2013-04-16,11252.0,11467.7,11252.0,11454.9,0
2013-04-17,11481.8,11607.8,11459.3,11492.3,0
2013-04-18,11494.0,11651.2,11494.0,11639.6,0
2013-04-22,11662.6,11835.5,11655.5,11818.0,0
2013-04-23,11829.5,11836.3,11684.8,11765.5,0
2013-04-25,11792.2,11881.8,11792.2,11850.8,0
2013-04-26,11874.2,11915.2,11768.3,11802.5,0
2013-04-29,11814.8,11953.2,11802.0,11933.1,0
2013-04-30,11977.3,12066.2,11888.9,12042.4,0
2013-05-02,12020.2,12254.3,12020.2,12223.3,0
2013-05-03,12227.7,12265.5,12124.1,12193.4,0
2013-05-06,12189.5,12286.9,12153.3,12275.3,0
2013-05-07,12308.4,12405.8,12307.3,12399.0,0
2013-05-08,12421.7,12454.8,12339.7,12371.5,0
2013-05-09,12372.3,12432.6,12311.2,12333.7,0
2013-05-10,12331.0,12440.2,12331.0,12430.8,0
2013-05-11,12417.5,12475.8,12417.5,12461.9,0
2013-05-13,12457.3,12486.2,12266.7,12286.6,0
2013-05-14,12277.1,12357.2,12253.2,12326.3,0
2013-05-15,12358.6,12567.7,12358.6,12554.8,0
2013-05-16,12541.5,12689.2,12541.5,12643.0,0
2013-05-17,12641.7,12756.0,12609.5,12737.5,0
2013-05-20,12760.0,12798.0,12578.5,12598.3,0
2013-05-21,12588.4,12639.2,12475.9,12508.8,0
2013-05-22,12556.4,12622.5,12409.2,12443.3,0
2013-05-23,12397.2,12397.2,12157.5,12230.2,0
2013-05-24,12278.0,12355.1,12170.0,12325.8,0
2013-05-27,12336.3,12480.8,12322.5,12475.0,0
2013-05-28,12477.4,12551.1,12464.0,12491.0,0
2013-05-29,12486.5,12500.2,12370.3,12423.3,0
2013-05-30,12376.2,12449.7,12376.0,12411.0,0
2013-05-31,12400.2,12443.0,12277.4,12312.0,0
2013-06-03,12313.3,12422.3,12293.2,12370.8,0
2013-06-04,12384.2,12530.8,12384.2,12449.5,0
2013-06-05,12419.5,12481.7,12382.4,12468.5,0
2013-06-06,12400.8,12481.0,12382.0,12421.8,0
2013-06-07,12411.0,12483.8,12267.5,12277.0,0
2013-06-10,12319.5,12359.1,12058.0,12117.3,0
2013-06-11,12054.1,12083.0,11868.2,11890.0,0
2013-06-12,11827.3,11845.2,11667.2,11718.6,0
2013-06-13,11606.0,11686.8,11508.3,11534.3,0
2013-06-14,11604.2,11725.0,11604.2,11705.3,0
2013-06-17,11717.8,11857.5,11638.0,11844.8,0
2013-06-18,11841.6,11968.8,11841.2,11896.7,0
2013-06-19,11878.7,12016.9,11877.5,11980.2,0
2013-06-20,11866.7,11866.7,11654.8,11666.7,0
2013-06-21,11612.5,11688.4,11431.8,11525.1,0
2013-06-24,11493.0,11493.0,11235.9,11255.2,0
2013-06-25,11281.5,11331.0,11086.9,11237.7,0
2013-06-26,11311.5,11320.4,11205.2,11220.0,0
2013-06-27,11341.5,11397.2,11229.5,11293.6,0
2013-06-28,11409.7,11602.2,11338.4,11546.7,0
2013-07-01,11575.5,11905.5,11570.5,11891.8,0
2013-07-02,11895.6,11964.8,11794.1,11808.0,0
2013-07-03,11741.2,11754.7,11588.0,11613.3,0
2013-07-04,11673.8,11740.1,11587.5,11672.8,0
2013-07-05,11777.0,11835.9,11640.7,11682.8,0
2013-07-08,11627.6,11746.5,11531.3,11684.5,0
2013-07-09,11737.3,11854.0,11737.3,11839.8,0
2013-07-10,11869.1,11899.2,11758.0,11783.8,0
2013-07-11,11876.6,11943.5,11849.2,11873.6,0
2013-07-12,11915.5,11956.9,11853.8,11943.5,0
2013-07-15,11928.8,12058.5,11918.0,12046.7,0
2013-07-16,11905.8,11927.3,11843.2,11891.3,0
2013-07-17,11934.0,11976.5,11721.8,11808.0,0
2013-07-18,11835.7,12009.2,11835.7,11993.8,0
2013-07-19,12037.5,12045.7,11886.1,11909.9,0
2013-07-22,11852.5,11967.7,11852.5,11882.5,0
2013-07-23,11913.8,11994.5,11913.8,11949.0,0
2013-07-24,11875.3,11892.3,11671.8,11721.2,0
2013-07-25,11698.5,11718.3,11622.5,11632.3,0
2013-07-26,11686.3,11729.4,11439.0,11527.5,0
2013-07-29,11492.7,11492.7,11366.0,11386.0,0
2013-07-30,11386.5,11409.7,11128.5,11150.0,0
2013-07-31,11118.7,11190.7,10905.0,11162.0,0
2013-08-01,11197.5,11315.8,10944.7,10983.2,0
2013-08-02,11041.8,11071.8,10718.5,10837.5,0
2013-08-05,10877.0,10935.8,10755.9,10917.7,0
2013-08-06,10839.8,10839.8,10611.3,10653.5,0
2013-08-07,10664.0,10881.0,10627.0,10799.3,0
2013-08-08,10789.1,10901.9,10763.6,10878.0,0
2013-08-12,10951.8,11044.3,10860.0,11009.5,0
2013-08-13,10995.7,11245.3,10975.3,11228.9,0
2013-08-14,11250.3,11352.0,11250.3,11312.3,0
2013-08-16,11223.3,11223.3,10836.0,10865.7,0
2013-08-19,10808.3,10808.3,10493.6,10602.5,0
2013-08-20,10496.4,10597.4,10377.8,10498.4,0
2013-08-21,10659.6,10740.0,10305.9,10350.7,0
2013-08-22,10279.9,10489.6,10192.1,10464.5,0
2013-08-23,10526.2,10624.2,10455.4,10613.0,0
2013-08-26,10668.0,10733.8,10623.7,10667.8,0
2013-08-27,10611.5,10629.3,10309.2,10329.5,0
2013-08-28,10225.7,10241.4,9951.4,10203.1,0
2013-08-29,10244.5,10407.0,10230.9,10390.5,0
2013-08-30,10428.5,10544.7,10351.2,10494.4,0
2013-09-02,10525.9,10671.2,10525.9,10650.7,0
2013-09-03,10710.4,10723.7,10310.7,10333.0,0
2013-09-04,10349.8,10505.7,10311.2,10486.2,0
2013-09-05,10628.8,10747.6,10628.8,10708.9,0
2013-09-06,10745.8,10801.2,10663.8,10776.8,0
2013-09-10,10893.4,11083.6,10893.4,11068.8,0
2013-09-11,11076.9,11240.3,11035.5,11203.6,0
2013-09-12,11249.6,11257.7,10975.0,11045.1,0
2013-09-13,11024.6,11145.2,11015.2,11088.5,0
2013-09-16,11234.3,11247.2,11008.0,11073.2,0
2013-09-17,11051.2,11069.6,10978.7,11039.2,0
2013-09-18,11049.6,11116.9,11022.9,11101.5,0
2013-09-19,11314.3,11531.2,11300.0,11495.8,0
2013-09-20,11497.8,11545.2,11210.2,11425.7,0
2013-09-23,11329.2,11438.5,11252.5,11276.2,0
2013-09-24,11225.5,11363.0,11225.5,11284.0,0
2013-09-25,11286.5,11347.0,11171.2,11332.7,0
2013-09-26,11344.0,11388.0,11296.8,11337.8,0
2013-09-27,11373.7,11448.5,11331.3,11357.8,0
2013-09-30,11305.5,11328.8,11182.0,11208.0,0
2013-10-01,11231.8,11295.8,11093.2,11290.0,0
2013-10-03,11339.9,11522.3,11339.9,11488.0,0
2013-10-04,11450.5,11583.5,11447.3,11535.1,0
2013-10-07,11537.9,11609.0,11517.3,11600.2,0
2013-10-08,11686.3,11720.8,11571.3,11594.5,0
2013-10-09,11527.0,11743.5,11525.6,11724.3,0
2013-10-10,11739.6,11833.2,11739.6,11808.9,0
2013-10-11,11886.0,11921.7,11778.8,11827.8,0
2013-10-14,11861.7,11922.7,11844.7,11856.0,0
2013-10-15,11899.3,11924.7,11716.4,11748.0,0
2013-10-17,11757.7,11813.9,11664.1,11688.0,0
2013-10-18,11707.5,11870.2,11707.5,11866.5,0
2013-10-21,11862.8,12068.0,11862.8,12053.5,0
2013-10-22,12043.9,12130.0,12038.8,12100.2,0
2013-10-23,12135.8,12157.0,11957.9,12090.3,0
2013-10-24,12078.6,12183.3,12046.4,12060.3,0
2013-10-25,12034.6,12066.2,11934.9,11956.5,0
2013-10-28,11944.7,12000.7,11795.6,11813.0,0
2013-10-29,11812.8,12032.2,11754.4,12015.6,0
2013-10-30,12065.7,12112.5,12013.9,12086.3,0
2013-10-31,12072.2,12231.6,12072.2,12209.4,0
2013-11-01,12182.7,12326.1,12182.7,12291.8,0
2013-11-03,12336.8,12393.2,12336.8,12366.9,0
2013-11-05,12303.5,12395.7,12206.1,12311.7,0
2013-11-06,12312.7,12390.2,12238.0,12252.4,0
2013-11-07,12253.3,12307.2,12048.2,12059.5,0
2013-11-08,12048.0,12127.0,12015.9,12079.9,0
2013-11-11,12094.0,12143.0,11969.0,11986.7,0
2013-11-12,11996.4,12051.0,11909.7,11929.3,0
2013-11-13,11893.9,12016.2,11857.8,11871.8,0
2013-11-14,11951.0,12115.7,11951.0,12100.5,0
2013-11-18,12171.7,12312.0,12171.7,12299.5,0
2013-11-19,12285.5,12339.8,12240.3,12294.3,0
2013-11-20,12281.2,12333.0,12139.5,12168.3,0
2013-11-21,12137.0,12148.0,11931.5,11958.9,0
2013-11-22,12015.8,12087.3,11935.7,11992.4,0
2013-11-25,12054.2,12187.2,12054.2,12175.5,0
2013-11-26,12171.5,12228.8,12103.2,12133.7,0
2013-11-27,12146.7,12191.3,12048.7,12135.7,0
2013-11-28,12193.2,12253.4,12180.2,12210.7,0
2013-11-29,12219.2,12376.5,12219.2,12363.4,0
2013-12-02,12392.5,12490.3,12392.5,12453.7,0
2013-12-03,12432.5,12511.9,12390.2,12409.6,0
2013-12-04,12386.2,12443.3,12312.3,12322.7,0
2013-12-05,12483.9,12512.2,12393.0,12409.9,0
2013-12-06,12403.8,12473.2,12384.2,12440.2,0
2013-12-09,12664.0,12670.7,12546.6,12575.3,0
2013-12-10,12578.8,12597.5,12456.5,12489.8,0
2013-12-11,12467.4,12480.8,12362.5,12409.2,0
2013-12-12,12373.0,12409.0,12296.8,12309.2,0
2013-12-13,12258.2,12294.7,12139.0,12158.2,0
2013-12-16,12229.3,12307.6,12229.1,12281.2,0
2013-12-17,12345.8,12392.7,12303.5,12314.4,0
2013-12-18,12312.9,12506.9,12312.9,12491.5,0
2013-12-19,12541.7,12572.8,12437.5,12494.2,0
2013-12-20,12499.2,12694.0,12499.2,12678.2,0
2013-12-23,12641.6,12818.7,12641.6,12748.3,0
2013-12-24,12764.5,12812.2,12724.8,12768.5,0
2013-12-26,12801.2,12942.0,12768.5,12798.8,0
2013-12-27,12849.2,12941.8,12847.5,12903.0,0
2013-12-30,12949.2,12979.0,12838.4,12880.2,0
2013-12-31,12917.8,12942.7,12854.0,12933.2,0
2014-01-01,12967.5,13012.8,12942.2,12987.0,0
2014-01-02,12987.7,13089.0,12697.0,12717.8,0
2014-01-03,12677.1,12793.8,12650.0,12783.1,0
2014-01-06,12806.7,12828.8,12732.8,12804.5,0
2014-01-07,12820.3,12865.5,12655.2,12674.9,0
2014-01-08,12697.6,12782.8,12663.5,12710.6,0
2014-01-09,12712.5,12739.6,12577.8,12604.8,0
2014-01-10,12635.2,12730.2,12550.9,12570.5,0
2014-01-13,12582.2,12676.3,12517.4,12558.2,0
2014-01-14,12540.4,12614.9,12538.2,12560.8,0
2014-01-15,12587.9,12648.9,12545.3,12611.3,0
2014-01-16,12627.7,12649.4,12473.9,12490.4,0
2014-01-17,12481.8,12507.7,12300.8,12337.2,0
2014-01-20,12329.8,12481.5,12326.0,12471.2,0
2014-01-21,12489.5,12545.1,12463.9,12484.0,0
2014-01-22,12479.0,12537.2,12463.7,12509.0,0
2014-01-23,12483.5,12504.8,12449.2,12479.5,0
2014-01-24,12444.3,12460.0,12257.5,12270.3,0
2014-01-27,12165.4,12165.4,11894.5,11911.0,0
2014-01-28,11914.5,12011.0,11847.7,11893.2,0
2014-01-29,11959.2,12024.0,11944.2,11960.8,0
2014-01-30,11852.5,11852.5,11704.2,11729.7,0
2014-01-31,11780.4,12017.2,11780.4,11993.0,0
2014-02-03,11971.8,12007.9,11850.3,11867.8,0
2014-02-04,11784.0,11941.0,11725.5,11915.3,0
2014-02-05,11940.3,12011.5,11915.3,11980.8,0
2014-02-06,12032.3,12071.0,11938.7,12028.0,0
2014-02-07,12087.7,12109.5,11998.6,12048.2,0
2014-02-10,12068.1,12083.1,11971.2,11983.1,0
2014-02-11,12000.2,12044.6,11978.8,11987.1,0
2014-02-12,12041.0,12055.0,11948.7,11967.5,0
2014-02-13,11974.0,11982.5,11771.0,11794.3,0
2014-02-14,11826.2,11856.2,11709.7,11814.5,0
2014-02-17,11844.1,11859.1,11741.2,11819.3,0
2014-02-18,11830.2,11950.5,11821.1,11928.5,0
2014-02-19,11936.8,11999.7,11936.8,11977.2,0
2014-02-20,11906.2,11992.0,11899.2,11944.5,0
2014-02-21,11974.9,12041.2,11974.9,12033.2,0
2014-02-24,12040.8,12048.7,12003.7,12026.6,0
2014-02-25,12066.5,12113.5,12035.8,12047.8,0
2014-02-26,12063.0,12085.5,12018.8,12035.5,0
2014-02-28,12077.8,12213.3,12071.8,12180.0,0
2014-03-03,12168.7,12262.2,12125.8,12167.0,0
2014-03-04,12175.0,12294.5,12166.7,12284.0,0
2014-03-05,12347.7,12381.7,12288.2,12355.0,0
2014-03-06,12392.5,12527.3,12392.5,12500.3,0
2014-03-07,12541.2,12642.7,12506.2,12628.4,0
2014-03-10,12582.3,12717.9,12578.2,12696.0,0
2014-03-11,12714.1,12781.0,12571.5,12587.0,0
2014-03-12,12573.5,12653.5,12555.3,12595.5,0
2014-03-13,12606.0,12722.8,12465.5,12512.6,0
2014-03-14,12478.8,12546.3,12407.5,12534.2,0
2014-03-18,12573.8,12763.5,12573.8,12728.5,0
2014-03-19,12783.5,12831.2,12730.8,12786.8,0
2014-03-20,12761.2,12794.8,12674.0,12688.0,0
2014-03-21,12738.4,12809.5,12738.4,12759.0,0
2014-03-22,12782.5,12837.2,12782.5,12822.5,0
2014-03-24,12862.5,12909.9,12831.0,12871.0,0
2014-03-25,12850.1,12950.3,12845.4,12934.0,0
2014-03-26,12976.8,13002.0,12878.2,12949.0,0
2014-03-27,12952.1,13087.0,12950.5,13019.1,0
2014-03-28,13072.9,13317.7,13072.9,13298.0,0
2014-03-31,13358.5,13488.2,13319.5,13469.0,0
2014-04-01,13529.3,13529.3,13328.2,13423.2,0
2014-04-02,13507.3,13605.7,13486.0,13591.3,0
2014-04-03,13554.5,13598.1,13404.8,13484.0,0
2014-04-04,13479.9,13546.2,13430.1,13487.2,0
2014-04-07,13500.0,13545.1,13338.8,13495.0,0
2014-04-09,13549.3,13728.8,13549.3,13716.8,0
2014-04-10,13735.3,13944.5,13716.8,13883.0,0
2014-04-11,13821.0,13910.2,13781.8,13816.0,0
2014-04-15,13820.1,13862.0,13546.8,13574.7,0
2014-04-16,13582.3,13706.3,13447.2,13472.1,0
2014-04-17,13524.8,13664.2,13512.8,13657.9,0
2014-04-21,13695.2,13814.7,13695.2,13805.0,0
2014-04-22,13840.5,13891.7,13806.6,13830.2,0
2014-04-23,13849.8,13939.8,13798.6,13827.2,0
2014-04-25,13853.4,13943.3,13826.0,13878.6,0
2014-04-28,13900.3,13939.2,13828.7,13900.3,0
2014-04-29,13944.0,13981.8,13741.6,13766.1,0
2014-04-30,13791.0,13876.4,13445.5,13587.3,0
2014-05-02,13673.4,13728.6,13631.1,13657.7,0
2014-05-05,13655.5,13736.9,13618.0,13649.5,0
2014-05-06,13689.5,13743.3,13633.2,13683.8,0
2014-05-07,13691.8,13744.5,13577.6,13594.7,0
2014-05-08,13632.5,13664.8,13522.0,13570.8,0
2014-05-09,13557.2,13896.7,13548.0,13880.0,0
2014-05-12,13887.2,14084.8,13887.2,14039.5,0
2014-05-13,14134.0,14426.8,14134.0,14344.0,0
2014-05-14,14379.0,14628.7,14362.2,14605.8,0
2014-05-15,14629.6,14731.7,14461.0,14527.5,0
2014-05-16,14826.8,15388.2,14702.9,14876.5,0
2014-05-19,15037.8,15518.7,15037.8,15489.2,0
2014-05-20,15641.2,15662.1,15441.7,15527.9,0
2014-05-21,15602.5,15640.0,15385.0,15529.7,0
2014-05-22,15692.2,15864.7,15662.8,15786.2,0
2014-05-23,15899.4,16085.0,15853.6,16062.3,0
2014-05-26,16219.0,16395.6,15440.3,15777.5,0
2014-05-27,15790.5,15790.5,15393.5,15568.5,0
2014-05-28,15590.9,15687.4,15516.0,15650.1,0
2014-05-29,15640.2,15655.5,15436.1,15464.1,0
2014-05-30,15522.0,15607.5,15406.2,15512.0,0
2014-06-02,15576.0,15783.5,15571.8,15772.3,0
2014-06-03,15849.6,15949.0,15787.7,15908.8,0
2014-06-04,15911.7,16055.7,15911.7,16044.5,0
2014-06-05,16104.0,16290.4,16010.1,16279.6,0
2014-06-06,16395.1,16614.2,16392.2,16601.2,0
2014-06-09,16719.7,16783.1,16617.9,16714.4,0
2014-06-10,16776.4,16776.4,16418.1,16634.2,0
2014-06-11,16676.7,16773.4,16306.5,16399.8,0
2014-06-12,16412.1,16478.2,16281.8,16384.0,0
2014-06-13,16427.9,16499.7,15849.8,15931.2,0
2014-06-16,15904.0,15971.8,15577.8,15962.5,0
2014-06-17,15959.8,16210.5,15922.2,16192.8,0
2014-06-18,16215.1,16401.9,15942.2,16074.0,0
2014-06-19,16113.0,16215.9,15912.0,15954.5,0
2014-06-20,15958.4,16058.8,15858.3,15907.0,0
2014-06-23,15955.6,16031.9,15875.2,15969.8,0
2014-06-24,16000.8,16208.5,16000.8,16176.0,0
2014-06-25,16206.5,16231.5,16142.5,16166.7,0
2014-06-26,16164.2,16207.5,16071.1,16090.7,0
2014-06-27,16149.5,16245.8,16053.4,16156.5,0
2014-06-30,16193.5,16501.0,16193.5,16486.2,0
2014-07-01,16542.6,16676.6,16531.4,16610.7,0
2014-07-02,16720.9,16968.1,16720.9,16949.1,0
2014-07-03,17022.9,17037.1,16837.0,16891.8,0
2014-07-04,16919.4,16998.3,16771.2,16932.6,0
2014-07-07,16966.1,16996.9,16870.0,16935.1,0
2014-07-08,16968.2,17003.8,16133.8,16237.5,0
2014-07-09,16226.9,16345.8,15893.0,16035.8,0
2014-07-10,16034.3,16515.2,15704.0,16137.8,0
2014-07-11,16129.3,16264.4,15591.7,15657.3,0
2014-07-14,15622.8,15832.0,15538.0,15761.0,0
2014-07-15,15845.0,16143.8,15845.0,16113.0,0
2014-07-16,16181.0,16323.3,16091.7,16280.0,0
2014-07-17,16266.3,16478.9,16266.3,16458.3,0
2014-07-18,16397.9,16433.5,16261.2,16385.1,0
2014-07-21,16449.6,16536.6,16346.7,16381.0,0
2014-07-22,16448.4,16527.9,16349.8,16461.3,0
2014-07-23,16514.5,16545.4,16296.2,16393.6,0
2014-07-24,16417.3,16510.3,16364.5,16418.8,0
2014-07-25,16411.2,16483.6,16013.8,16185.3,0
2014-07-28,16179.4,16266.9,16114.8,16174.9,0
2014-07-30,16154.6,16336.8,16134.3,16310.0,0
2014-07-31,16277.4,16391.3,16271.7,16285.7,0
2014-08-01,16152.2,16429.6,16131.4,16175.2,0
2014-08-04,16223.7,16401.0,16223.7,16377.2,0
2014-08-05,16411.3,16459.1,16296.0,16448.2,0
2014-08-06,16386.8,16540.4,16339.8,16364.1,0
2014-08-07,16333.1,16434.2,16284.2,16329.1,0
2014-08-08,16189.1,16189.1,15963.0,16037.3,0
2014-08-11,16157.8,16219.2,16149.8,16191.0,0
2014-08-12,16232.8,16335.5,16225.4,16317.7,0
2014-08-13,16287.0,16409.6,16037.2,16185.0,0
2014-08-14,16212.0,16369.0,16129.5,16360.4,0
2014-08-18,16325.4,16631.6,16325.4,16622.4,0
2014-08-19,16693.3,16813.1,16693.3,16805.2,0
2014-08-20,16831.7,16885.3,16773.2,16841.3,0
2014-08-21,16864.8,17034.5,16855.6,16958.4,0
2014-08-22,16990.9,17045.4,16931.2,16985.9,0
2014-08-25,17018.9,17088.4,16755.9,16793.8,0
2014-08-26,16752.4,16833.6,16593.7,16783.6,0
2014-08-27,16855.8,16914.3,16737.5,16813.4,0
2014-08-28,16858.6,16877.2,16714.6,16764.7,0
2014-09-01,16804.9,17145.3,16804.9,17136.1,0
2014-09-02,17145.8,17320.5,17145.8,17257.9,0
2014-09-03,17315.3,17440.0,17310.4,17386.1,0
2014-09-04,17354.4,17374.9,17184.8,17358.3,0
2014-09-05,17377.2,17443.2,17246.2,17367.2,0
2014-09-08,17442.7,17593.5,17442.7,17581.8,0
2014-09-09,17592.3,17674.1,17494.9,17664.5,0
2014-09-10,17603.2,17603.2,17459.6,17489.0,0
2014-09-11,17525.7,17591.3,17467.3,17573.5,0
2014-09-12,17591.1,17634.9,17540.7,17609.6,0
2014-09-15,17569.7,17629.4,17461.8,17552.1,0
2014-09-16,17533.4,17622.7,16984.4,17018.1,0
2014-09-17,17111.6,17199.6,16900.0,17129.9,0
2014-09-18,17080.1,17500.1,17070.1,17484.2,0
2014-09-19,17506.4,17602.9,17327.4,17361.6,0
2014-09-22,17277.1,17392.5,17244.8,17362.1,0
2014-09-23,17377.2,17440.3,16964.7,16995.1,0
2014-09-24,16976.6,17043.6,16729.8,16923.1,0
2014-09-25,16945.2,16979.8,16569.3,16640.5,0
2014-09-26,16566.9,16931.8,16520.7,16903.4,0
2014-09-29,16913.6,17097.2,16893.9,17002.3,0
2014-09-30,16947.3,17203.8,16924.8,17003.8,0
2014-10-01,17000.3,17120.2,16912.8,16929.7,0
2014-10-07,16884.8,17008.3,16659.6,16694.4,0
2014-10-08,16662.6,16767.1,16622.9,16686.2,0
2014-10-09,16748.2,17043.7,16748.2,17009.2,0
2014-10-10,16921.7,16922.2,16672.6,16701.2,0
2014-10-13,16627.9,16820.3,16529.6,16783.7,0
2014-10-14,16856.4,16939.7,16754.9,16837.1,0
2014-10-16,16769.1,16883.4,16271.5,16365.2,0
2014-10-17,16418.6,16642.2,16346.2,16578.7,0
2014-10-20,16815.9,16895.5,16737.3,16841.3,0
2014-10-21,16896.3,17025.5,16880.3,16978.8,0
2014-10-22,17091.8,17181.2,17091.8,17162.6,0
2014-10-23,17262.8,17283.6,17235.5,17250.4,0
2014-10-27,17327.6,17327.6,17141.2,17159.8,0
2014-10-28,17119.4,17223.9,17119.4,17211.8,0
2014-10-29,17294.8,17350.8,17247.1,17306.3,0
2014-10-30,17281.2,17453.2,17276.9,17432.3,0
2014-10-31,17521.8,17723.1,17497.4,17715.7,0
2014-11-03,17766.3,17843.9,17698.2,17821.7,0
2014-11-05,17866.8,17967.1,17733.7,17773.8,0
2014-11-07,17811.8,17918.9,17696.8,17894.3,0
2014-11-10,17946.7,18025.1,17818.3,17924.1,0
2014-11-11,17987.8,18051.3,17917.2,18031.4,0
2014-11-12,18090.8,18274.4,18090.8,18228.6,0
2014-11-13,18303.2,18335.0,18055.1,18164.6,0
2014-11-14,18199.1,18329.6,18162.8,18260.9,0
2014-11-17,18255.9,18414.1,18234.1,18396.4,0
2014-11-18,18423.8,18651.9,18423.8,18593.1,0
2014-11-19,18621.8,18773.0,18353.0,18443.7,0
2014-11-20,18503.4,18525.3,18353.0,18508.4,0
2014-11-21,18538.7,18635.7,18461.8,18509.7,0
2014-11-24,18582.2,18630.7,18522.3,18570.8,0
2014-11-25,18584.1,18592.4,18133.9,18291.0,0
2014-11-26,18231.8,18349.4,18210.7,18283.8,0
2014-11-27,18262.3,18416.4,18261.0,18379.6,0
2014-11-28,18438.3,18683.7,18438.3,18568.0,0
2014-12-01,18629.2,18695.2,18547.7,18563.4,0
2014-12-02,18526.8,18705.6,18455.3,18667.2,0
2014-12-03,18713.1,18958.3,18713.1,18924.9,0
2014-12-04,18970.2,19031.4,18856.9,18970.2,0
2014-12-05,18995.7,19080.9,18790.2,18836.8,0
2014-12-08,18847.9,18864.2,18556.9,18623.2,0
2014-12-09,18596.4,18666.3,18261.9,18310.4,0
2014-12-10,18290.7,18532.7,18290.7,18513.1,0
2014-12-11,18490.3,18556.9,18261.2,18353.8,0
2014-12-12,18407.1,18492.3,18107.7,18127.9,0
2014-12-15,18010.7,18187.2,17968.1,18055.6,0
2014-12-16,17954.0,18013.2,17500.1,17560.3,0
2014-12-17,17481.4,17643.9,17040.3,17512.8,0
2014-12-18,17750.9,18115.0,17750.9,18096.8,0
2014-12-19,18257.3,18328.1,18082.1,18133.4,0
2014-12-22,18139.8,18330.9,18131.2,18299.3,0
2014-12-23,18334.1,18418.7,18110.8,18149.2,0
2014-12-24,18144.1,18200.2,18062.8,18116.7,0
2014-12-26,18146.9,18220.6,18075.1,18207.3,0
2014-12-29,18255.6,18446.4,18255.6,18360.8,0
2014-12-30,18381.8,18541.1,18339.9,18530.3,0
2014-12-31,18513.3,18698.4,18513.3,18677.7,0
2015-01-01,18655.7,18752.7,18638.0,18734.8,0
2015-01-02,18748.3,18964.3,18748.3,18883.2,0
2015-01-05,18902.4,19053.0,18822.3,18852.1,0
2015-01-06,18752.9,18752.9,18263.6,18312.3,0
2015-01-07,18323.4,18424.0,18133.7,18308.8,0
2015-01-08,18488.2,18690.6,18476.4,18662.1,0
2015-01-09,18789.5,18828.6,18494.1,18633.9,0
2015-01-12,18652.0,18733.2,18578.4,18714.6,0
2015-01-13,18775.4,18838.6,18628.0,18688.5,0
2015-01-14,18739.6,18810.3,18588.7,18683.2,0
2015-01-15,18943.8,19043.9,18835.7,18926.6,0
2015-01-16,18949.1,19126.1,18876.2,19058.6,0
2015-01-19,19096.1,19222.2,19096.1,19132.3,0
2015-01-20,19193.5,19229.6,19100.5,19169.7,0
2015-01-21,19233.2,19291.3,19126.1,19216.4,0
2015-01-22,19217.4,19333.9,19142.1,19255.3,0
2015-01-23,19406.1,19477.8,19246.6,19462.2,0
2015-01-27,19502.9,19570.2,19404.8,19551.1,0
2015-01-28,19535.8,19775.7,19513.1,19681.6,0
2015-01-29,19665.3,19730.1,19586.6,19665.6,0
2015-01-30,19770.4,19834.2,19437.8,19546.4,0
2015-02-02,19572.5,19739.3,19537.3,19729.9,0
2015-02-03,19811.2,19862.8,19516.3,19552.4,0
2015-02-04,19627.8,19636.3,19350.5,19414.3,0
2015-02-05,19423.1,19495.9,19133.2,19196.2,0
2015-02-06,19216.6,19287.8,19026.1,19081.6,0
2015-02-09,18943.0,18983.4,18708.4,18742.3,0
2015-02-10,18672.8,19120.7,18638.5,18945.5,0
2015-02-11,19036.9,19324.1,19036.9,19286.7,0
2015-02-12,19418.2,19595.9,19387.1,19571.9,0
2015-02-13,19639.8,19738.6,19579.9,19661.3,0
2015-02-16,19736.9,19792.2,19505.5,19559.5,0
2015-02-18,19613.9,19684.3,19566.8,19667.6,0
2015-02-19,19760.6,19791.9,19417.1,19645.3,0
2015-02-20,19736.3,19789.1,19572.6,19696.4,0
2015-02-23,19826.8,19836.5,19493.6,19541.4,0
2015-02-24,19573.2,19577.4,19407.2,19527.2,0
2015-02-25,19617.1,19665.2,19454.8,19490.2,0
2015-02-26,19506.9,19506.9,19199.3,19280.0,0
2015-02-27,19349.5,19729.2,19349.5,19706.5,0
2015-02-28,19821.8,19822.2,19397.6,19704.3,0
2015-03-02,19839.2,19991.9,19707.8,19958.1,0
2015-03-03,19997.4,20113.6,19953.8,20095.3,0
2015-03-04,20269.2,20275.7,19813.6,19861.2,0
2015-03-05,19920.8,19999.4,19785.1,19974.8,0
2015-03-09,19899.1,19958.8,19689.5,19722.2,0
2015-03-10,19784.9,19931.8,19674.3,19751.2,0
2015-03-11,19801.3,19822.8,19644.2,19699.6,0
2015-03-12,19774.8,20070.2,19774.8,20056.0,0
2015-03-13,20176.7,20193.4,19725.4,19759.4,0
2015-03-16,19811.4,19811.8,19558.9,19608.8,0
2015-03-17,19704.3,19937.6,19704.3,19909.3,0
2015-03-18,19977.2,20061.4,19877.8,19955.7,0
2015-03-19,20104.2,20217.8,19834.6,19880.9,0
2015-03-20,19896.3,19896.3,19532.8,19576.8,0
2015-03-23,19620.6,19632.2,19369.6,19404.8,0
2015-03-24,19407.4,19469.2,19279.2,19336.4,0
2015-03-25,19394.5,19415.2,19310.1,19344.1,0
2015-03-26,19276.4,19301.2,19086.1,19112.1,0
2015-03-27,19243.6,19243.6,18757.4,19109.2,0
2015-03-30,19242.6,19422.6,19242.6,19407.8,0
2015-03-31,19510.2,19588.1,19347.8,19441.7,0
2015-04-01,19445.8,19670.8,19387.5,19634.3,0
2015-04-06,19729.8,19848.9,19635.3,19819.8,0
2015-04-07,19885.3,20059.2,19759.0,20027.8,0
2015-04-08,20136.5,20235.6,20084.2,20180.7,0
2015-04-09,20304.3,20307.4,20069.3,20207.2,0
2015-04-10,20226.7,20382.6,20188.8,20342.8,0
2015-04-13,20399.1,20520.7,20356.1,20503.8,0
2015-04-15,20560.3,20611.6,20271.7,20336.1,0
2015-04-16,20381.8,20403.8,20020.7,20202.4,0
2015-04-17,20210.6,20222.0,19861.7,19898.9,0
2015-04-20,19951.6,19951.7,19354.9,19500.1,0
2015-04-21,19545.2,19583.3,19317.6,19372.9,0
2015-04-22,19456.0,19479.0,19116.4,19384.3,0
2015-04-23,19493.3,19602.2,19397.0,19446.8,0
2015-04-24,19487.3,19488.5,19093.6,19161.2,0
2015-04-27,19191.6,19212.9,18744.1,18805.3,0
2015-04-28,18756.3,19143.6,18676.2,19120.2,0
2015-04-29,19159.8,19197.9,19003.2,19163.8,0
2015-04-30,19165.8,19243.4,19015.9,19188.9,0
2015-05-04,19305.4,19556.2,19261.8,19523.8,0
2015-05-05,19541.0,19688.1,19494.8,19669.3,0
2015-05-06,19611.7,19701.8,18979.7,19024.8,0
2015-05-07,18988.1,18988.1,18358.6,18522.8,0
2015-05-08,18647.9,18968.8,18647.9,18920.3,0
2015-05-11,19057.4,19363.4,19046.1,19342.8,0
2015-05-12,19359.8,19359.8,18935.9,18980.0,0
2015-05-13,19120.6,19411.2,19066.9,19384.2,0
2015-05-14,19368.7,19647.4,19262.6,19626.8,0
2015-05-15,19690.5,19772.3,19596.7,19696.2,0
2015-05-18,19770.6,19954.5,19745.7,19930.3,0
2015-05-19,19915.7,20040.8,19840.4,19922.8,0
2015-05-20,20030.9,20101.1,19909.0,19948.6,0
2015-05-21,19970.8,19986.7,19808.5,19881.4,0
2015-05-22,19937.8,19966.7,19829.4,19901.7,0
2015-05-25,19872.6,19976.8,19800.1,19899.7,0
2015-05-26,19939.8,20027.7,19801.6,19873.8,0
2015-05-27,19729.4,19804.6,19627.0,19738.4,0
2015-05-28,19756.7,19763.4,19413.4,19592.1,0
2015-05-29,19651.3,19901.8,19611.7,19875.3,0
2015-06-01,19785.6,19867.4,19729.9,19812.7,0
2015-06-02,19856.2,19875.8,19389.2,19407.3,0
2015-06-03,19419.8,19419.8,18818.6,19155.3,0
2015-06-04,19195.1,19236.1,18977.6,19193.1,0
2015-06-05,19133.2,19333.7,19082.4,19243.8,0
2015-06-08,19283.2,19296.7,18925.3,18983.9,0
2015-06-09,18961.3,19032.9,18819.7,18941.5,0
2015-06-10,18981.5,19174.4,18970.7,19130.4,0
2015-06-11,19254.4,19289.2,18817.2,18840.6,0
2015-06-12,18779.7,18899.7,18741.8,18880.2,0
2015-06-15,18910.7,19033.5,18864.2,18908.5,0
2015-06-16,18946.2,19065.4,18824.4,19027.1,0
2015-06-17,19136.8,19421.1,19104.1,19331.2,0
2015-06-18,19370.0,19440.1,19334.2,19415.8,0
2015-06-19,19502.9,19609.7,19473.4,19524.6,0
2015-06-22,19583.4,19838.8,19530.0,19819.8,0
2015-06-23,19869.2,19960.2,19777.1,19845.3,0
2015-06-24,19883.2,19922.6,19683.8,19736.3,0
2015-06-25,19687.8,19863.1,19674.7,19842.2,0
2015-06-26,19791.5,19855.2,19673.1,19814.1,0
2015-06-29,19419.4,19608.6,19303.8,19588.2,0
2015-06-30,19621.8,19832.2,19606.7,19825.4,0
2015-07-01,19900.8,20137.4,19886.4,20065.9,0
2015-07-02,20151.8,20320.4,20146.3,20285.4,0
2015-07-03,20320.3,20459.8,20225.2,20263.8,0
2015-07-06,20010.3,20413.5,19954.6,20400.3,0
2015-07-07,20447.1,20552.8,20371.7,20493.8,0
2015-07-08,20323.2,20480.0,20141.7,20264.3,0
2015-07-09,20307.6,20371.2,20208.0,20235.8,0
2015-07-10,20326.8,20381.8,20153.8,20223.8,0
2015-07-13,20302.7,20472.8,20270.8,20463.3,0
2015-07-14,20521.8,20580.4,20454.7,20505.9,0
2015-07-15,20546.5,20591.2,20445.1,20506.4,0
2015-07-16,20577.5,20781.7,20564.3,20761.9,0
2015-07-17,20851.1,20916.9,20728.7,20880.2,0
2015-07-20,20911.2,20931.6,20823.0,20889.0,0
2015-07-21,20944.3,20944.3,20494.1,20556.6,0
2015-07-22,20514.2,20800.8,20483.8,20774.6,0
2015-07-23,20860.7,20908.3,20747.8,20789.7,0
2015-07-24,20823.2,20864.7,20615.2,20636.7,0
2015-07-27,20578.9,20578.9,20353.6,20378.1,0
2015-07-28,20417.7,20448.5,20280.2,20325.9,0
2015-07-29,20388.3,20485.0,20354.8,20421.6,0
2015-07-30,20516.8,20676.9,20512.3,20571.7,0
2015-07-31,20626.9,20881.7,20626.9,20813.3,0
2015-08-03,20892.6,21050.4,20865.0,20989.1,0
2015-08-04,21076.4,21335.4,21009.0,21305.8,0
2015-08-05,21441.1,21567.4,21428.8,21499.9,0
2015-08-06,21553.4,21608.8,21439.8,21594.1,0
2015-08-07,21630.9,21667.7,21478.2,21520.3,0
2015-08-10,21597.9,21730.8,21459.7,21524.5,0
2015-08-11,21613.7,21617.6,21234.6,21393.6,0
2015-08-12,21327.2,21327.2,20836.7,20877.2,0
2015-08-13,20997.5,21190.7,20756.9,20806.6,0
2015-08-14,20948.8,21271.6,20885.9,21250.8,0
2015-08-17,21310.9,21404.8,21107.7,21364.5,0
2015-08-18,21492.7,21555.4,21336.3,21465.6,0
2015-08-19,21462.5,21618.2,21361.1,21485.1,0
2015-08-20,21496.8,21599.6,21177.4,21207.3,0
2015-08-21,21003.0,21101.8,20789.9,21046.2,0
2015-08-24,20430.0,20430.0,19227.8,19314.2,0
2015-08-25,19562.3,19830.7,18770.7,19742.6,0
2015-08-26,19710.4,19948.9,19400.1,19585.8,0
2015-08-27,19937.5,20172.5,19803.7,20120.8,0
2015-08-28,20323.3,20427.1,20091.9,20215.3,0
2015-08-31,20224.8,20419.3,20032.3,20095.8,0
2015-09-01,19900.3,20118.2,19623.7,19752.7,0
2015-09-02,19906.4,19979.8,19546.2,19588.6,0
2015-09-03,19728.4,19901.6,19716.8,19795.8,0
2015-09-04,19788.8,19788.8,19267.6,19407.6,0
2015-09-07,19467.3,19514.9,18919.1,18946.8,0
2015-09-08,18996.4,19161.5,18631.8,19018.8,0
2015-09-09,19293.8,19491.9,19268.4,19402.5,0
2015-09-10,19176.6,19568.1,18994.3,19501.8,0
2015-09-11,19644.7,19720.7,19436.8,19504.6,0
2015-09-14,19633.4,19828.2,19537.1,19810.5,0
2015-09-15,19841.5,19889.7,19584.1,19638.3,0
2015-09-16,19776.7,19785.1,19425.4,19485.1,0
2015-09-18,19687.5,19840.9,19597.5,19642.4,0
2015-09-21,19522.6,19716.2,19494.5,19669.6,0
2015-09-22,19785.6,19795.1,19344.2,19398.8,0
2015-09-23,19173.6,19425.1,19107.1,19356.3,0
2015-09-24,19389.3,19463.6,19303.9,19358.9,0
2015-09-28,19448.5,19448.5,19183.8,19206.3,0
2015-09-29,19025.4,19324.2,18900.1,19235.2,0
2015-09-30,19394.7,19639.7,19341.2,19609.8,0
2015-10-01,19765.1,19808.2,19629.5,19752.4,0
2015-10-05,19897.9,20175.4,19897.9,20147.6,0
2015-10-06,20267.9,20279.3,20129.2,20198.5,0
2015-10-07,20209.3,20261.5,20127.2,20202.3,0
2015-10-08,20225.4,20239.9,19906.7,19955.8,0
2015-10-09,20064.8,20121.2,19877.4,19944.3,0
2015-10-12,20022.0,20047.2,19875.2,19938.8,0
2015-10-13,19991.0,19992.1,19783.7,19899.7,0
2015-10-14,19913.2,19987.6,19855.0,19918.4,0
2015-10-15,20017.7,20037.7,19938.4,19961.3,0
2015-10-16,20030.9,20042.2,19943.7,19999.8,0
2015-10-19,20039.8,20141.8,20020.3,20133.0,0
2015-10-20,20179.8,20243.2,20052.6,20139.5,0
2015-10-21,20144.6,20155.8,19948.2,20043.2,0
2015-10-23,20199.8,20199.8,19931.0,19943.1,0
2015-10-26,20000.8,20012.3,19825.8,19859.4,0
2015-10-27,19852.7,19938.1,19821.6,19915.0,0
2015-10-28,19883.8,19957.9,19765.6,19859.2,0
2015-10-29,19881.6,19881.6,19710.2,19744.6,0
2015-10-30,19782.8,19908.3,19701.8,19733.6,0
2015-11-02,19782.2,19785.2,19610.9,19768.0,0
2015-11-03,19874.3,19899.8,19807.4,19879.7,0
2015-11-04,19964.6,19991.1,19879.1,19893.3,0
2015-11-05,19881.7,19881.7,19595.2,19629.3,0
2015-11-06,19622.1,19664.7,19468.3,19561.8,0
2015-11-09,19192.6,19758.5,19171.8,19679.9,0
2015-11-10,19629.1,19661.3,19273.6,19311.3,0
2015-11-11,19462.8,19525.1,19462.8,19509.9,0
2015-11-13,19391.8,19391.8,19151.1,19268.9,0
2015-11-16,19232.7,19285.8,19104.0,19163.4,0
2015-11-17,19283.4,19289.1,19173.4,19275.9,0
2015-11-18,19294.7,19356.6,19147.3,19182.8,0
2015-11-19,19288.8,19413.3,19248.3,19397.9,0
2015-11-20,19446.7,19600.2,19413.4,19534.8,0
2015-11-23,19595.6,19663.2,19542.6,19577.2,0
2015-11-24,19600.3,19678.6,19574.7,19607.9,0
2015-11-26,19660.2,19709.4,19618.2,19627.8,0
2015-11-27,19714.9,19781.3,19626.2,19681.9,0
2015-11-30,19709.9,19723.0,19596.4,19616.7,0
2015-12-01,19714.2,19826.9,19710.4,19819.2,0
2015-12-02,19869.6,19883.0,19756.3,19842.2,0
2015-12-03,19793.1,19825.9,19671.8,19698.1,0
2015-12-04,19594.0,19666.9,19513.2,19540.0,0
2015-12-07,19619.9,19647.9,19541.2,19552.2,0
2015-12-08,19487.6,19581.6,19340.2,19365.2,0
2015-12-09,19334.8,19359.3,18991.2,19009.2,0
2015-12-10,19096.2,19179.2,18937.6,19159.8,0
2015-12-11,19217.1,19267.9,18943.3,19003.3,0
2015-12-14,18942.9,19145.4,18875.6,19098.4,0
2015-12-15,19145.3,19240.1,19110.9,19227.2,0
2015-12-16,19319.5,19400.2,19279.5,19302.9,0
2015-12-17,19404.8,19604.8,19378.5,19588.8,0
2015-12-18,19564.7,19686.5,19538.9,19593.8,0
2015-12-21,19610.9,19748.3,19584.9,19724.8,0
2015-12-22,19746.1,19803.9,19646.2,19668.3,0
2015-12-23,19741.4,19793.5,19718.3,19769.5,0
2015-12-24,19835.0,19836.2,19739.4,19785.2,0
2015-12-28,19813.9,19889.6,19813.5,19850.1,0
2015-12-29,19886.2,19940.8,19856.2,19912.5,0
2015-12-30,19953.9,19972.8,19830.2,19850.0,0
2015-12-31,19899.1,20005.0,19885.3,19977.1,0
2016-01-01,19995.1,20182.2,19973.3,20169.4,0
2016-01-04,20125.2,20263.7,19891.8,19956.8,0
2016-01-05,20031.1,20085.4,19925.6,20068.8,0
2016-01-06,20089.9,20184.7,19956.7,20008.7,0
2016-01-07,19832.3,19842.2,19363.2,19408.2,0
2016-01-08,19522.1,19674.2,19485.1,19598.8,0
2016-01-11,19483.6,19530.8,19275.8,19379.8,0
2016-01-12,19439.3,19494.6,19234.7,19263.8,0
2016-01-13,19378.7,19435.5,18819.4,19197.2,0
2016-01-14,18960.8,19175.6,18823.8,19031.1,0
2016-01-15,19104.6,19131.2,18505.8,18535.4,0
2016-01-18,18525.1,18549.8,18004.4,18051.3,0
2016-01-19,18107.9,18322.8,17986.9,18281.2,0
2016-01-20,18113.6,18113.6,17722.1,17938.1,0
2016-01-21,18124.2,18224.9,17673.8,17715.6,0
2016-01-22,17930.8,18151.8,17839.2,18107.3,0
2016-01-25,18256.2,18320.3,18108.3,18124.4,0
2016-01-27,18193.7,18240.3,18050.2,18136.1,0
2016-01-28,18102.0,18151.1,18040.2,18060.4,0
2016-01-29,18105.9,18429.9,18098.0,18399.0,0
2016-02-01,18498.5,18510.8,18345.0,18466.2,0
2016-02-02,18507.6,18529.6,18043.4,18098.6,0
2016-02-03,17925.6,18039.4,17824.3,17859.6,0
2016-02-04,18050.8,18089.2,17729.3,17858.2,0
2016-02-05,17931.8,18316.9,17886.6,18269.6,0
2016-02-08,18324.7,18424.6,18189.0,18219.2,0
2016-02-09,18061.8,18119.4,17804.9,17824.9,0
2016-02-10,17781.8,17793.7,17474.6,17585.4,0
2016-02-11,17540.7,17573.8,16976.3,17028.4,0
2016-02-12,17151.4,17153.1,16607.8,17031.9,0
2016-02-15,17293.4,17643.2,17293.4,17607.1,0
2016-02-16,17648.1,17679.4,17133.3,17160.8,0
2016-02-17,17179.3,17267.2,16787.8,17227.6,0
2016-02-18,17398.1,17480.1,17156.5,17323.9,0
2016-02-19,17293.8,17354.2,17192.9,17334.8,0
2016-02-22,17416.2,17473.8,17332.2,17460.1,0
2016-02-23,17503.2,17503.2,17220.9,17258.8,0
2016-02-24,17198.0,17208.6,16998.0,17036.2,0
2016-02-25,17076.2,17082.9,16920.6,16952.2,0
2016-02-26,17120.6,17173.7,16953.6,17074.7,0
2016-02-29,17123.4,17264.8,16769.5,17118.2,0
2016-03-01,17186.4,17698.7,17177.8,17669.2,0
2016-03-02,17844.2,18041.2,17844.2,17901.6,0
2016-03-03,18004.2,18047.8,17882.8,18030.8,0
2016-03-04,18085.8,18217.2,17990.2,18181.2,0
2016-03-08,18183.6,18338.6,18105.9,18208.7,0
2016-03-09,18132.4,18263.3,18058.2,18253.3,0
2016-03-10,18296.6,18350.1,18153.6,18178.2,0
2016-03-11,18168.6,18308.2,18134.2,18232.1,0
2016-03-14,18335.3,18397.2,18226.4,18286.6,0
2016-03-15,18299.7,18302.0,18070.8,18111.1,0
2016-03-16,18092.7,18095.7,17833.1,18038.9,0
2016-03-17,18196.0,18278.6,18134.8,18182.3,0
2016-03-18,18210.7,18312.9,18085.4,18284.9,0
2016-03-21,18341.8,18587.4,18341.8,18549.6,0
2016-03-22,18585.4,18686.6,18458.8,18621.3,0
2016-03-23,18635.2,18672.2,18561.8,18648.4,0
2016-03-28,18688.4,18704.8,18333.4,18376.4,0
2016-03-29,18349.4,18435.4,18210.4,18369.6,0
2016-03-30,18473.8,18683.4,18473.8,18659.2,0
2016-03-31,18689.5,18808.2,18568.3,18756.6,0
2016-04-01,18720.0,18809.8,18667.3,18761.3,0
2016-04-04,18844.9,18847.6,18741.2,18810.4,0
2016-04-05,18752.4,18776.2,18506.4,18530.0,0
2016-04-06,18563.9,18678.8,18462.1,18643.3,0
2016-04-07,18705.1,18705.1,18531.3,18563.9,0
2016-04-11,18687.8,18832.0,18617.6,18820.1,0
2016-04-12,18861.6,18975.6,18852.2,18955.4,0
2016-04-13,19103.8,19221.2,19095.9,19170.6,0
2016-04-18,19182.8,19384.3,19168.6,19369.2,0
2016-04-20,19435.5,19506.2,19331.7,19395.1,0
2016-04-21,19487.2,19531.3,19317.6,19388.2,0
2016-04-22,19379.8,19463.1,19338.5,19417.8,0
2016-04-25,19404.1,19427.0,19250.8,19295.4,0
2016-04-26,19276.3,19429.2,19226.7,19412.8,0
2016-04-27,19416.2,19549.2,19400.3,19470.8,0
2016-04-28,19494.5,19531.1,19222.8,19240.4,0
2016-04-29,19258.2,19364.9,19118.1,19323.2,0
2016-05-02,19315.7,19643.8,19278.6,19630.2,0
2016-05-03,19699.2,19764.9,19399.3,19433.5,0
2016-05-04,19360.2,19402.9,19094.9,19126.6,0
2016-05-05,19173.5,19236.2,19058.9,19154.2,0
2016-05-06,19160.7,19281.6,19109.8,19256.3,0
2016-05-09,19328.2,19451.5,19307.9,19405.8,0
2016-05-10,19428.2,19463.1,19372.6,19413.2,0
2016-05-11,19225.2,19484.7,19174.7,19430.1,0
2016-05-12,19487.6,19649.8,19484.3,19629.2,0
2016-05-13,19606.9,19686.9,19422.6,19447.9,0
2016-05-16,19499.5,19516.2,19351.7,19433.8,0
2016-05-17,19512.8,19561.6,19427.8,19445.6,0
2016-05-18,19390.6,19472.6,19291.0,19450.1,0
2016-05-19,19468.3,19502.9,19199.2,19222.8,0
2016-05-20,19281.6,19319.8,19065.6,19098.2,0
2016-05-23,19197.8,19215.8,19035.3,19054.4,0
2016-05-24,19082.3,19086.8,18915.8,19008.8,0
2016-05-25,19143.9,19248.2,19126.7,19216.4,0
2016-05-26,19258.1,19460.8,19219.2,19429.2,0
2016-05-27,19490.8,19784.1,19471.5,19716.2,0
2016-05-30,19791.9,19843.6,19688.1,19801.8,0
2016-05-31,19840.3,19856.0,19665.8,19715.3,0
2016-06-01,19775.6,19912.5,19702.4,19726.8,0
2016-06-02,19722.6,19881.5,19681.6,19858.2,0
2016-06-03,19933.6,20000.2,19820.8,19864.3,0
2016-06-06,19869.2,19914.9,19724.2,19754.6,0
2016-06-07,19833.4,19902.6,19781.9,19842.8,0
2016-06-08,19886.6,19966.1,19854.7,19944.1,0
2016-06-09,19993.2,20037.8,19853.8,19884.8,0
2016-06-10,19921.1,19984.4,19759.3,19779.5,0
2016-06-13,19633.6,19673.3,19519.8,19638.9,0
2016-06-14,19679.4,19717.0,19573.1,19682.2,0
2016-06-15,19751.3,19850.0,19727.8,19821.6,0
2016-06-16,19820.1,19833.6,19634.8,19801.4,0
2016-06-17,19897.9,19912.1,19739.2,19800.9,0
2016-06-20,19679.4,19921.6,19642.7,19907.2,0
2016-06-21,19952.3,20027.1,19922.2,19951.7,0
2016-06-22,19959.8,20002.1,19860.4,19955.7,0
2016-06-23,19976.7,19987.8,19855.5,19980.8,0
2016-06-24,19535.7,19721.9,19223.8,19706.7,0
2016-06-27,19675.8,19957.5,19668.3,19898.9,0
2016-06-28,19965.6,20076.4,19965.6,20053.3,0
2016-06-29,20144.1,20278.0,20143.0,20256.2,0
2016-06-30,20366.0,20568.5,20352.8,20533.7,0
2016-07-01,20611.3,20859.8,20611.3,20831.2,0
2016-07-04,20934.7,21045.8,20934.7,20995.3,0
2016-07-05,20991.8,21075.5,20888.6,20975.5,0
2016-07-07,20999.9,21023.4,20922.5,20950.3,0
2016-07-08,20998.1,21025.9,20862.9,20999.2,0
2016-07-11,21196.2,21379.2,21196.2,21345.2,0
2016-07-12,21418.8,21531.2,21382.3,21516.3,0
2016-07-13,21568.1,21694.1,21360.9,21427.1,0
2016-07-14,21460.3,21535.8,21420.7,21520.6,0
2016-07-15,21613.2,21692.2,21541.8,21579.4,0
2016-07-18,21645.1,21679.5,21394.8,21429.3,0
2016-07-19,21461.2,21540.8,21318.4,21503.8,0
2016-07-20,21541.5,21688.9,21541.5,21673.8,0
2016-07-21,21802.8,21842.1,21683.2,21700.1,0
2016-07-22,21758.6,21993.2,21660.6,21980.3,0
2016-07-25,22047.6,22241.7,22028.2,22219.6,0
2016-07-26,22257.5,22371.6,22148.4,22197.7,0
2016-07-27,22278.8,22357.2,22152.2,22334.1,0
2016-07-28,22365.1,22462.9,22323.2,22419.3,0
2016-07-29,22465.7,22604.6,22432.1,22457.4,0
2016-08-01,22562.8,22724.8,22332.0,22521.9,0
2016-08-02,22592.3,22699.4,22337.1,22367.8,0
2016-08-03,22433.2,22433.2,21931.8,21972.6,0
2016-08-04,22130.7,22178.8,21892.4,22107.6,0
2016-08-05,22236.2,22541.4,22232.0,22529.4,0
2016-08-08,22637.2,22811.8,22548.2,22764.2,0
2016-08-09,22802.7,22806.3,22526.0,22623.3,0
2016-08-10,22648.8,22662.1,22214.5,22246.4,0
2016-08-11,22258.2,22363.2,22022.8,22306.8,0
2016-08-12,22334.2,22560.6,22298.2,22513.9,0
2016-08-16,22577.5,22685.5,22473.6,22624.2,0
2016-08-17,22642.2,22792.2,22616.2,22777.3,0
2016-08-18,22829.3,22902.3,22819.1,22868.7,0
2016-08-19,22931.1,22988.2,22833.6,22925.2,0
2016-08-22,22931.0,22966.5,22738.3,22789.4,0
2016-08-23,22783.2,22783.2,22522.2,22656.1,0
2016-08-24,22697.2,22887.2,22686.4,22859.1,0
2016-08-25,22918.4,22974.3,22698.7,22732.8,0
2016-08-26,22806.3,22877.0,22667.9,22797.4,0
2016-08-29,22815.8,22833.9,22688.7,22818.1,0
2016-08-30,22902.1,23000.4,22893.2,22973.8,0
2016-08-31,23043.9,23159.5,22961.2,23005.7,0
2016-09-01,23043.6,23109.1,22886.1,22960.8,0
2016-09-02,22987.1,23060.7,22916.6,23031.1,0
2016-09-06,23137.2,23416.5,23107.5,23405.3,0
2016-09-07,23476.7,23537.7,23408.4,23461.7,0
2016-09-08,23520.9,23568.9,23441.6,23551.9,0
2016-09-09,23575.1,23606.4,23304.9,23339.1,0
2016-09-12,22999.6,23004.8,22605.8,22674.6,0
2016-09-14,22773.1,22936.9,22702.9,22914.1,0
2016-09-15,22959.1,22959.1,22752.0,22809.3,0
2016-09-16,22943.1,23119.8,22764.7,22866.7,0
2016-09-19,22933.3,22980.8,22857.7,22933.4,0
2016-09-20,22962.2,23004.3,22893.9,22936.2,0
2016-09-21,22988.7,23055.3,22895.9,22921.8,0
2016-09-22,23136.6,23235.4,23029.8,23220.7,0
2016-09-23,23266.7,23375.6,23217.2,23246.9,0
2016-09-26,23240.9,23314.2,23094.6,23165.2,0
2016-09-27,23245.1,23298.6,23081.9,23139.8,0
2016-09-28,23185.6,23327.8,23154.6,23298.4,0
2016-09-29,23416.8,23447.0,22329.6,22481.0,0
2016-09-30,22453.7,22956.3,22387.3,22908.0,0
2016-10-03,23043.8,23577.8,23032.7,23528.2,0
2016-10-04,23615.1,23726.0,23537.9,23684.2,0
2016-10-05,23765.6,23782.3,23593.6,23722.2,0
2016-10-06,23809.1,23975.8,23580.7,23702.7,0
2016-10-07,23790.1,23846.6,23538.9,23644.8,0
2016-10-10,23749.7,23772.9,23578.0,23598.7,0
2016-10-13,23562.7,23568.4,23023.4,23229.6,0
2016-10-14,23303.8,23359.2,23185.2,23329.9,0
2016-10-17,23379.3,23419.9,23135.8,23191.2,0
2016-10-18,23286.0,23635.5,23281.1,23600.6,0
2016-10-19,23697.3,23739.6,23577.5,23670.4,0
2016-10-20,23773.3,23819.5,23677.0,23699.3,0
2016-10-21,23747.6,23759.6,23603.8,23741.4,0
2016-10-24,23801.8,23830.1,23649.2,23677.6,0
2016-10-25,23696.8,23722.2,23519.6,23701.2,0
2016-10-26,23654.2,23664.7,23387.5,23463.9,0
2016-10-27,23422.3,23423.7,23135.5,23197.9,0
2016-10-28,23271.5,23542.4,23241.9,23516.8,0
2016-10-30,23609.9,23637.1,23569.2,23595.9,0
2016-11-01,23661.9,23783.0,23593.5,23648.9,0
2016-11-02,23436.2,23436.2,23196.8,23225.4,0
2016-11-03,23196.8,23397.4,22860.3,22910.8,0
2016-11-04,22955.6,22976.4,22378.3,22621.6,0
2016-11-07,22891.7,23020.2,22726.7,22776.6,0
2016-11-08,22856.1,22889.3,22691.3,22856.3,0
2016-11-09,21509.8,22474.2,20853.9,22430.8,0
2016-11-10,22796.8,23088.9,22737.9,22791.8,0
2016-11-11,22537.8,22565.1,21922.4,22033.4,0
2016-11-15,22028.8,22028.8,20889.0,21066.7,0
2016-11-16,21350.8,21509.8,20970.1,21229.0,0
2016-11-17,21261.8,21401.7,21156.6,21231.6,0
2016-11-18,21282.7,21371.9,21159.1,21332.1,0
2016-11-21,21416.2,21437.8,20758.3,20791.8,0
2016-11-22,20940.9,21176.8,20797.6,21121.6,0
2016-11-23,21280.2,21453.8,21110.3,21417.7,0
2016-11-24,21358.6,21480.9,21225.2,21404.5,0
2016-11-25,21500.3,21772.1,21424.0,21747.8,0
2016-11-28,21736.2,21948.8,21687.8,21907.8,0
2016-11-29,21953.9,22102.5,21894.6,21929.4,0
2016-11-30,21999.4,22233.8,21957.8,22184.7,0
2016-12-01,22238.4,22243.7,21958.3,21974.2,0
2016-12-02,21828.4,21868.6,21631.6,21683.2,0
2016-12-05,21707.2,21914.7,21699.1,21881.1,0
2016-12-06,21961.8,22042.1,21914.2,21937.3,0
2016-12-07,22027.7,22047.3,21786.2,21916.2,0
2016-12-08,22075.6,22331.2,22057.2,22307.4,0
2016-12-09,22349.2,22363.8,22184.9,22237.8,0
2016-12-12,22238.2,22238.2,21918.3,21965.4,0
2016-12-13,21960.9,21969.2,21759.4,21865.0,0
2016-12-14,21915.7,21917.2,21651.2,21666.7,0
2016-12-15,21513.2,21829.4,21494.2,21630.6,0
2016-12-16,21674.6,21704.7,21527.4,21593.4,0
2016-12-19,21630.6,21630.6,21423.3,21450.4,0
2016-12-20,21452.8,21492.4,21219.2,21273.2,0
2016-12-21,21349.8,21359.9,21224.5,21260.9,0
2016-12-22,21236.6,21239.4,20857.9,20892.4,0
2016-12-23,20910.6,21032.2,20726.1,20798.3,0
2016-12-26,20754.2,20763.1,20405.6,20426.2,0
2016-12-27,20449.4,20836.8,20322.3,20811.8,0
2016-12-28,20897.9,21089.2,20862.3,20902.2,0
2016-12-29,20906.0,21199.7,20892.3,21151.8,0
2016-12-30,21229.5,21433.4,21223.4,21389.7,0
2017-01-02,21488.6,21604.7,21346.4,21580.2,0
2017-01-03,21640.3,21804.9,21588.4,21753.4,0
2017-01-04,21821.2,21866.1,21681.3,21724.8,0
2017-01-05,21829.6,22087.8,21822.9,22074.6,0
2017-01-06,22141.9,22227.6,21977.3,22024.4,0
2017-01-09,22098.7,22125.0,22009.9,22035.5,0
2017-01-10,22108.8,22276.6,22080.6,22260.5,0
2017-01-11,22346.4,22560.2,22319.0,22543.2,0
2017-01-12,22584.2,22646.5,22501.2,22622.7,0
2017-01-13,22696.2,22705.2,22499.4,22647.7,0
2017-01-16,22679.3,22802.2,22617.2,22789.9,0
2017-01-17,22856.7,22911.3,22724.7,22779.3,0
2017-01-18,22827.7,22977.9,22811.4,22919.1,0
2017-01-19,22926.7,23004.3,22897.2,22983.9,0
2017-01-20,22940.7,23000.7,22604.6,22646.1,0
2017-01-23,22640.1,22856.8,22626.3,22843.3,0
2017-01-24,22927.8,23111.8,22881.6,23087.3,0
2017-01-25,23155.3,23434.7,23121.8,23395.6,0
2017-01-27,23429.2,23657.9,23414.9,23520.3,0
2017-01-30,23505.2,23686.1,23438.7,23651.3,0
2017-01-31,23704.1,23709.6,23240.1,23279.3,0
2017-02-01,23350.5,23783.1,23258.9,23756.9,0
2017-02-02,23795.1,23978.6,23728.3,23916.6,0
2017-02-03,23985.1,24055.2,23858.5,23943.2,0
2017-02-06,24089.4,24230.4,24073.5,24205.8,0
2017-02-07,24267.4,24312.2,24009.5,24130.3,0
2017-02-08,24225.0,24321.2,24042.4,24249.2,0
2017-02-09,24254.0,24337.4,24042.8,24257.8,0
2017-02-10,24324.6,24325.9,24140.9,24201.8,0
2017-02-13,24280.1,24298.1,24005.1,24204.3,0
2017-02-14,24260.9,24261.2,23910.4,23974.8,0
2017-02-15,23956.5,24008.9,23592.2,23673.6,0
2017-02-16,23707.4,24126.2,23580.6,24084.1,0
2017-02-17,24230.0,24317.2,24118.9,24250.8,0
2017-02-20,24286.8,24423.5,24218.6,24405.3,0
2017-02-21,24452.7,24641.5,24424.1,24614.1,0
2017-02-22,24668.3,24671.7,24403.4,24462.9,0
2017-02-23,24495.1,24532.6,24335.3,24376.8,0
2017-02-27,24375.8,24450.7,24328.8,24349.6,0
2017-02-28,24401.8,24471.8,24349.5,24424.3,0
2017-03-01,24509.6,24563.9,24401.4,24456.7,0
2017-03-02,24588.9,24617.9,24056.7,24102.7,0
2017-03-03,24052.5,24130.1,23909.8,24091.2,0
2017-03-06,24182.6,24252.5,24143.5,24228.3,0
2017-03-07,24275.8,24291.3,24174.4,24203.8,0
2017-03-08,24240.3,24240.4,23953.9,24124.1,0
2017-03-09,24126.3,24185.3,24044.2,24089.8,0
2017-03-10,24148.2,24213.4,23976.2,24042.3,0
2017-03-14,24395.2,24463.2,24247.8,24425.9,0
2017-03-15,24473.3,24622.9,24445.2,24581.9,0
2017-03-16,24702.8,24938.7,24694.7,24924.9,0
2017-03-17,24995.7,25022.4,24821.1,24914.8,0
2017-03-20,24977.2,24977.2,24847.8,24918.7,0
2017-03-21,24919.5,24919.5,24622.8,24781.0,0
2017-03-22,24593.4,24599.1,24443.5,24550.2,0
2017-03-23,24702.6,24820.8,24696.1,24795.8,0
2017-03-24,24830.9,24931.2,24786.6,24805.5,0
2017-03-27,24819.1,24868.0,24678.9,24701.9,0
2017-03-28,24765.2,24925.7,24752.2,24892.3,0
2017-03-29,24940.5,24950.2,24810.2,24911.2,0
2017-03-30,24936.2,25063.1,24920.8,25013.0,0
2017-03-31,25066.2,25161.7,25026.1,25119.4,0
2017-04-03,25146.9,25248.4,25106.7,25217.2,0
2017-04-05,25310.1,25494.9,25238.0,25478.1,0
2017-04-06,25444.9,25580.8,25394.6,25561.4,0
2017-04-07,25513.5,25740.8,25480.8,25552.9,0
2017-04-10,25618.1,25761.1,25559.8,25732.9,0
2017-04-11,25701.8,25908.8,25693.7,25872.8,0
2017-04-12,25901.4,26008.7,25631.9,25915.7,0
2017-04-13,25924.7,25932.4,25823.6,25872.4,0
2017-04-17,25910.3,25969.3,25759.9,25813.2,0
2017-04-18,25861.8,26017.2,25506.9,25539.1,0
2017-04-19,25527.7,25737.3,25494.9,25694.3,0
2017-04-20,25809.9,25873.4,25714.4,25786.8,0
2017-04-21,25913.8,25941.9,25729.8,25845.7,0
2017-04-24,25887.4,26083.4,25845.3,26062.3,0
2017-04-25,26183.2,26478.0,26166.9,26461.4,0
2017-04-26,26557.6,26565.7,26170.9,26407.4,0
2017-04-27,26445.7,26470.1,26241.6,26281.1,0
2017-04-28,26299.6,26412.0,26248.1,26323.6,0
2017-05-02,26395.7,26522.9,26242.4,26457.6,0
2017-05-03,26571.3,26640.0,26386.5,26441.4,0
2017-05-04,26501.9,26543.9,26419.1,26514.4,0
2017-05-05,26508.8,26515.2,26013.4,26142.2,0
2017-05-08,26226.9,26297.4,26171.1,26255.3,0
2017-05-09,26310.4,26484.2,26223.7,26465.1,0
2017-05-10,26578.2,26833.6,26569.3,26806.7,0
2017-05-11,26895.3,26947.3,26784.6,26849.7,0
2017-05-12,26852.8,26864.1,26546.1,26725.2,0
2017-05-15,26831.8,26979.0,26780.7,26949.1,0
2017-05-16,27029.9,27031.7,26882.1,26940.9,0
2017-05-17,26929.9,26983.3,26752.2,26799.6,0
2017-05-18,26609.6,26671.2,26193.3,26251.1,0
2017-05-19,26399.5,26477.8,25846.8,26099.3,0
2017-05-22,26282.6,26369.2,25853.0,25880.5,0
2017-05-23,25919.5,25919.5,25250.8,25534.8,0
2017-05-24,25580.5,25608.4,25030.8,25149.4,0
2017-05-25,25255.6,25489.6,25125.6,25407.7,0
2017-05-26,25460.3,26011.4,25418.8,25983.3,0
2017-05-29,26035.8,26085.6,25602.0,25727.8,0
2017-05-30,25641.8,25938.5,25481.8,25918.4,0
2017-05-31,26027.2,26140.4,25981.7,26027.8,0
2017-06-01,26057.3,26140.7,25969.4,26095.8,0
2017-06-02,26203.8,26276.4,26141.5,26254.9,0
2017-06-05,26355.2,26546.0,26319.1,26457.2,0
2017-06-06,26479.9,26505.1,26178.7,26264.4,0
2017-06-07,26355.9,26462.2,26316.8,26422.6,0
2017-06-08,26506.3,26586.4,26419.3,26507.2,0
2017-06-09,26538.6,26624.6,26391.6,26606.4,0
2017-06-12,26609.3,26670.2,26458.7,26557.6,0
2017-06-13,26623.9,26704.7,26543.2,26584.7,0
2017-06-14,26635.9,26650.6,26389.8,26507.4,0
2017-06-15,26497.2,26579.3,26418.2,26474.9,0
2017-06-16,26535.8,26669.9,26486.6,26550.0,0
2017-06-19,26644.6,26701.9,26565.8,26648.2,0
2017-06-20,26713.8,26766.5,26624.9,26684.0,0
2017-06-21,26685.5,26717.7,26601.7,26687.1,0
2017-06-22,26721.5,26819.6,26427.2,26497.1,0
2017-06-23,26544.1,26556.1,26031.6,26157.9,0
2017-06-27,26208.5,26229.6,25774.7,25968.2,0
2017-06-28,25945.2,26078.7,25806.5,26040.2,0
2017-06-29,26126.7,26259.8,26019.1,26054.2,0
2017-06-30,26001.9,26290.7,25913.7,26254.5,0
2017-07-03,26340.8,26617.8,26290.2,26588.0,0
2017-07-04,26680.2,26771.5,26509.6,26547.9,0
2017-07-05,26577.5,26786.2,26548.1,26756.1,0
2017-07-06,26847.9,26948.4,26836.8,26869.7,0
2017-07-07,26866.7,26920.2,26774.5,26872.4,0
2017-07-10,26951.9,27129.1,26836.2,27108.2,0
2017-07-11,27161.8,27216.7,26901.0,26929.4,0
2017-07-12,26984.7,27198.1,26976.7,27176.3,0
2017-07-13,27291.7,27430.8,27283.2,27405.2,0
2017-07-14,27443.2,27470.7,27251.4,27413.9,0
2017-07-17,27439.8,27504.3,27342.3,27452.2,0
2017-07-18,27396.3,27503.3,27243.3,27277.2,0
2017-07-19,27383.8,27663.8,27373.6,27644.2,0
2017-07-20,27659.8,27695.2,27496.2,27535.6,0
2017-07-21,27590.7,27660.6,27351.8,27605.4,0
2017-07-24,27624.0,27671.8,27562.1,27634.8,0
2017-07-25,27691.3,27762.9,27600.9,27711.7,0
2017-07-26,27758.1,27805.4,27691.4,27735.6,0
2017-07-27,27801.8,27873.4,27550.7,27583.2,0
2017-07-28,27509.1,27786.5,27470.1,27759.6,0
2017-07-31,27853.2,27944.3,27726.1,27922.8,0
2017-08-01,27990.2,28038.8,27821.2,27872.9,0
2017-08-02,27936.9,27938.5,27630.6,27729.0,0
2017-08-03,27760.6,27984.4,27695.0,27785.3,0
2017-08-04,27753.9,28195.4,27700.5,28119.1,0
2017-08-07,28186.8,28556.1,28157.8,28499.2,0
2017-08-08,28559.1,28601.6,28004.5,28144.8,0
2017-08-09,28079.2,28079.2,27552.0,27652.0,0
2017-08-10,27511.3,27554.5,26579.3,26895.1,0
2017-08-11,26519.7,27169.8,26343.4,26873.8,0
2017-08-14,27094.4,27512.9,27087.5,27464.1,0
2017-08-16,27603.6,27775.2,27400.2,27734.3,0
2017-08-17,27851.3,27975.2,27660.6,27718.3,0
2017-08-18,27562.5,27712.9,27405.8,27657.1,0
2017-08-21,27743.9,27842.1,27168.4,27217.6,0
2017-08-22,27359.4,27474.5,27006.6,27073.9,0
2017-08-23,27232.3,27461.2,27113.6,27441.3,0
2017-08-24,27520.8,27725.6,27459.2,27679.2,0
2017-08-28,27763.3,28000.7,27734.7,27948.8,0
2017-08-29,27918.3,27918.3,27577.2,27647.0,0
2017-08-30,27850.2,28101.2,27827.2,28066.8,0
2017-08-31,28120.7,28132.0,27975.4,28054.4,0
2017-09-01,28169.1,28370.5,28131.2,28338.3,0
2017-09-04,28353.2,28379.4,27875.6,28183.2,0
2017-09-05,28295.4,28355.8,28178.6,28338.7,0
2017-09-06,28192.8,28419.6,28134.7,28377.2,0
2017-09-07,28539.4,28613.7,28453.8,28583.5,0
2017-09-08,28675.4,28688.7,28307.9,28377.2,0
2017-09-11,28533.5,28690.6,28360.7,28592.5,0
2017-09-12,28733.7,28873.2,28656.0,28852.9,0
2017-09-13,28914.0,29051.4,28686.7,28753.5,0
2017-09-14,28871.5,29035.9,28726.0,28851.8,0
2017-09-15,28781.3,28854.2,28596.4,28781.4,0
2017-09-18,28952.6,28992.2,28851.5,28891.3,0
2017-09-19,28945.8,29015.1,28847.2,28967.1,0
2017-09-20,29040.2,29069.9,28845.2,28886.9,0
2017-09-21,28912.0,28950.2,28479.8,28695.4,0
2017-09-22,28600.4,28601.3,27897.3,27947.2,0
2017-09-25,27986.1,27986.1,27234.4,27583.6,0
2017-09-26,27597.7,27794.2,27385.9,27648.1,0
2017-09-27,27808.7,27808.7,27068.6,27132.8,0
2017-09-28,27235.6,27304.8,26929.7,27216.5,0
2017-09-29,27346.8,27736.1,27322.3,27558.9,0
2017-10-03,27837.4,27918.2,27734.4,27819.4,0
2017-10-04,27883.8,27974.7,27792.8,27869.8,0
2017-10-05,27944.8,28081.8,27918.2,27951.8,0
2017-10-06,28049.2,28199.8,28046.2,28176.2,0
2017-10-09,28267.9,28380.4,28139.1,28219.2,0
2017-10-10,28336.0,28430.1,28302.9,28391.6,0
2017-10-11,28518.9,28606.4,28051.1,28214.8,0
2017-10-12,28302.8,28558.1,28165.8,28528.8,0
2017-10-13,28659.3,28668.2,28546.7,28575.4,0
2017-10-16,28679.7,28761.8,28534.4,28646.4,0
2017-10-17,28658.9,28797.9,28583.6,28782.7,0
2017-10-18,28814.4,28816.9,28621.9,28740.2,0
2017-10-19,28813.3,28816.3,28469.7,28588.3,0
2017-10-23,28614.8,28763.2,28569.8,28731.2,0
2017-10-24,28833.3,28836.7,28636.2,28676.8,0
2017-10-25,28931.8,29070.8,28804.1,29038.2,0
2017-10-26,29094.6,29313.7,29018.0,29154.1,0
2017-10-27,29245.3,29475.7,29241.0,29355.7,0
2017-10-30,29478.4,29723.3,29472.3,29674.8,0
2017-10-31,29775.2,29785.3,29495.6,29644.2,0
2017-11-01,29833.8,30035.5,29825.8,29903.7,0
2017-11-02,29956.4,30115.7,29891.1,30020.4,0
2017-11-03,30116.7,30171.9,29951.4,30043.9,0
2017-11-06,30146.1,30356.8,30135.5,30242.2,0
2017-11-07,30390.4,30408.4,29694.9,29779.3,0
2017-11-08,29840.2,29925.0,29451.0,29546.8,0
2017-11-09,29739.1,29856.4,29378.9,29741.8,0
2017-11-10,29707.6,29824.2,29516.8,29654.8,0
2017-11-13,29713.7,29721.1,29404.6,29447.1,0
2017-11-14,29482.7,29555.0,29319.8,29353.6,0
2017-11-15,29282.2,29359.5,28890.4,29014.8,0
2017-11-16,29106.8,29423.0,29029.5,29350.5,0
2017-11-17,29690.8,29846.2,29687.3,29754.6,0
2017-11-20,29764.5,29851.8,29643.8,29784.9,0
2017-11-21,29877.7,29951.7,29698.9,29832.7,0
2017-11-22,29938.2,29952.2,29652.6,29791.4,0
2017-11-23,29845.9,29865.8,29613.4,29780.8,0
2017-11-24,29868.4,29931.8,29785.9,29908.9,0
2017-11-27,29906.3,30019.7,29802.8,29994.1,0
2017-11-28,30022.2,30153.7,29923.9,30039.8,0
2017-11-29,30116.1,30181.3,29975.6,30030.3,0
2017-11-30,29951.2,29974.3,29721.2,29768.1,0
2017-12-01,29884.8,30012.5,29388.1,29471.0,0
2017-12-04,29583.9,29636.1,29245.3,29489.6,0
2017-12-05,29487.1,29543.8,29197.8,29511.7,0
2017-12-06,29436.3,29504.8,29188.8,29219.7,0
2017-12-07,29250.1,29754.1,29246.6,29711.7,0
2017-12-08,29847.4,30060.2,29839.1,30001.7,0
2017-12-11,30149.2,30176.2,30033.7,30087.0,0
2017-12-12,30093.9,30104.1,29755.0,29787.1,0
2017-12-13,29786.1,29898.1,29390.4,29496.7,0
2017-12-14,29576.1,29649.6,29232.8,29508.4,0
2017-12-15,29780.6,29851.4,29718.1,29759.7,0
2017-12-18,29615.1,30166.8,29035.1,30042.2,0
2017-12-19,30187.8,30495.7,30176.7,30473.4,0
2017-12-20,30507.7,30587.2,30414.2,30480.4,0
2017-12-21,30540.4,30656.4,30462.9,30625.0,0
2017-12-22,30691.6,30805.6,30661.7,30764.8,0
2017-12-26,30860.8,30951.8,30786.9,30899.9,0
2017-12-27,30944.7,31009.1,30641.2,30750.4,0
2017-12-28,30808.4,30875.8,30672.4,30765.6,0
2017-12-29,30855.1,31058.4,30843.1,30964.7,0
2018-01-01,31043.8,31174.8,30855.6,30899.6,0
2018-01-02,31022.8,31060.1,30554.3,30798.3,0
2018-01-03,30932.3,31085.6,30900.9,30973.6,0
2018-01-04,31074.1,31341.8,30971.6,31300.7,0
2018-01-05,31428.7,31729.4,31423.8,31696.2,0
2018-01-08,31764.9,31936.1,31763.5,31919.7,0
2018-01-09,31968.0,31990.8,31651.8,31782.1,0
2018-01-10,31829.9,31914.3,31614.1,31727.9,0
2018-01-11,31731.9,31784.9,31584.1,31695.8,0
2018-01-12,31786.8,31825.0,31382.7,31704.8,0
2018-01-15,31783.2,31888.2,31604.0,31639.6,0
2018-01-16,31719.1,31738.7,31036.6,31122.2,0
2018-01-17,31126.5,31376.3,30653.3,31348.1,0
2018-01-18,31520.1,31546.4,30687.2,30931.8,0
2018-01-19,30953.4,31221.9,30786.3,31165.7,0
2018-01-22,31207.2,31458.2,31082.2,31404.6,0
2018-01-23,31483.8,31700.6,31470.2,31628.3,0
2018-01-24,31538.9,31607.9,31316.2,31440.7,0
2018-01-25,31511.3,31525.7,30949.1,31013.1,0
2018-01-29,31132.0,31239.5,30836.8,30891.2,0
2018-01-30,30852.8,30873.4,30664.3,30712.4,0
2018-01-31,30644.4,30709.8,30277.6,30500.3,0
2018-02-01,30605.4,30701.8,29950.8,30524.8,0
2018-02-02,30253.5,30299.8,29454.2,29656.4,0
2018-02-05,29250.2,29650.0,28954.4,29559.1,0
2018-02-06,28366.8,29288.4,28171.0,29138.8,0
2018-02-07,29527.2,29604.9,29251.4,29351.2,0
2018-02-08,29453.2,29919.0,29429.6,29827.3,0
2018-02-09,29285.4,29796.2,29280.3,29728.9,0
2018-02-12,29986.1,30222.1,29930.7,30171.8,0
2018-02-14,30337.4,30353.8,30005.2,30110.2,0
2018-02-15,30184.4,30235.3,29778.4,29833.8,0
2018-02-16,29967.6,30026.6,29381.6,29501.9,0
2018-02-19,29560.8,29560.8,28971.3,29182.6,0
2018-02-20,29211.9,29437.1,29081.1,29315.7,0
2018-02-21,29465.2,29467.9,29096.8,29190.4,0
2018-02-22,29150.3,29150.3,28871.3,28920.4,0
2018-02-23,29035.6,29414.9,29010.9,29375.7,0
2018-02-26,29554.9,29688.7,29500.0,29646.3,0
2018-02-27,29717.9,29776.3,29453.8,29534.9,0
2018-02-28,29349.8,29489.7,29229.2,29404.0,0
2018-03-01,29416.4,29577.3,29169.7,29202.2,0
2018-03-05,29107.1,29112.8,28743.9,28892.1,0
2018-03-06,29092.4,29166.3,28523.2,28623.3,0
2018-03-07,28579.2,28660.6,28249.9,28297.8,0
2018-03-08,28477.5,28536.4,27968.2,28278.4,0
2018-03-09,28412.6,28506.7,28234.3,28290.0,0
2018-03-12,28514.3,28560.4,28278.2,28503.1,0
2018-03-13,28492.8,28904.7,28447.0,28858.3,0
2018-03-14,28720.1,28927.7,28677.1,28892.3,0
2018-03-15,28887.7,29035.8,28850.2,28904.9,0
2018-03-16,28868.0,28945.1,28605.8,28647.6,0
2018-03-19,28729.1,28741.4,28124.9,28222.1,0
2018-03-20,28082.7,28405.2,28055.7,28358.8,0
2018-03-21,28492.8,28672.4,28418.8,28479.1,0
2018-03-22,28483.8,28598.3,28336.3,28369.7,0
2018-03-23,27949.1,28225.4,27892.3,28189.9,0
2018-03-26,28232.6,28662.9,28194.3,28616.9,0
2018-03-27,28801.8,28895.2,28683.9,28835.8,0
2018-03-28,28734.5,28848.7,28428.6,28545.2,0
2018-04-02,28718.9,29148.2,28635.1,29114.2,0
2018-04-03,29120.4,29482.6,29088.1,29455.6,0
2018-04-04,29535.4,29610.8,29075.5,29119.6,0
2018-04-05,29422.3,29685.4,29408.3,29645.2,0
2018-04-06,29686.2,30019.1,29551.8,29991.6,0
2018-04-09,29996.7,30106.9,29949.9,30002.1,0
2018-04-10,30128.2,30143.1,29869.4,29963.2,0
2018-04-11,30031.6,30057.1,29869.8,30005.9,0
2018-04-12,29987.6,30094.8,29894.1,29956.8,0
2018-04-13,30030.2,30146.8,29868.7,29946.4,0
2018-04-16,29843.2,30118.0,29797.3,30105.1,0
2018-04-17,30221.9,30224.8,30036.0,30165.6,0
2018-04-18,30257.7,30278.8,30078.9,30139.4,0
2018-04-19,30269.9,30378.3,30206.3,30358.8,0
2018-04-20,30297.4,30322.3,30120.9,30231.4,0
2018-04-23,30263.9,30460.7,30241.8,30391.4,0
2018-04-24,30412.4,30554.1,30332.5,30444.8,0
2018-04-25,30458.7,30514.2,30278.2,30393.1,0
2018-04-26,30475.6,30498.9,30300.8,30326.8,0
2018-04-27,30460.9,30592.7,30436.5,30513.4,0
2018-04-30,30610.1,30706.2,30584.3,30682.7,0
2018-05-02,30794.3,30817.4,30206.8,30287.9,0
2018-05-03,30257.4,30276.9,29797.5,29898.9,0
2018-05-04,29966.6,29967.4,29681.3,29703.9,0
2018-05-07,29821.8,29956.8,29743.6,29939.0,0
2018-05-08,30014.8,30026.1,29817.8,29842.5,0
2018-05-09,29792.1,29809.5,29661.2,29668.9,0
2018-05-10,29714.3,29761.3,29246.9,29284.8,0
2018-05-11,29370.8,29397.2,29151.3,29288.7,0
2018-05-14,29360.6,29362.6,29103.7,29148.4,0
2018-05-15,29141.3,29478.2,28897.2,29052.6,0
2018-05-16,28932.1,29126.8,28747.2,29022.1,0
2018-05-17,29115.6,29172.5,28965.8,29017.2,0
2018-05-18,29045.8,29048.8,28549.3,28600.7,0
2018-05-21,28633.9,28669.3,28113.8,28179.4,0
2018-05-22,28184.3,28593.8,28097.2,28562.5,0
2018-05-23,28565.6,28703.3,28364.8,28411.3,0
2018-05-24,28509.7,28569.9,28302.7,28481.2,0
2018-05-25,28576.8,29010.6,28521.8,28963.4,0
2018-05-28,29135.9,29474.7,29122.6,29447.1,0
2018-05-29,29453.2,29582.7,29321.4,29428.8,0
2018-05-30,29249.6,29468.8,29211.3,29343.3,0
2018-05-31,29443.7,29514.2,29184.3,29241.4,0
2018-06-01,29277.4,29380.8,28916.2,28948.0,0
2018-06-04,29091.8,29105.9,28624.1,28689.2,0
2018-06-05,28684.7,28696.8,28259.7,28390.7,0
2018-06-06,28409.0,28860.8,28382.3,28824.2,0
2018-06-07,28954.9,29232.4,28945.7,29204.7,0
2018-06-08,29120.5,29328.6,29036.8,29320.6,0
2018-06-11,29412.9,29497.0,29309.9,29339.2,0
2018-06-12,29383.3,29575.1,29353.1,29548.8,0
2018-06-13,29618.6,29671.7,29471.4,29491.4,0
2018-06-14,29501.1,29501.3,29277.2,29440.7,0
2018-06-15,29418.8,29485.9,29138.7,29215.7,0
2018-06-18,29237.5,29271.6,29008.7,29064.8,0
2018-06-19,29004.4,29095.4,28733.8,28847.9,0
2018-06-20,28933.4,28968.6,28774.2,28838.6,0
2018-06-21,28933.6,28961.3,28639.9,28675.8,0
2018-06-22,28675.5,28866.8,28450.8,28829.4,0
2018-06-25,28836.4,28880.5,28404.5,28447.7,0
2018-06-26,28406.6,28632.3,28389.8,28505.8,0
2018-06-27,28570.4,28576.2,28061.3,28119.0,0
2018-06-28,28073.4,28176.4,27726.2,27771.3,0
2018-06-29,27921.7,28334.2,27915.2,28291.7,0
2018-07-02,28355.2,28370.8,27885.5,28042.4,0
2018-07-03,28061.1,28212.3,27908.2,28170.5,0
2018-07-04,28142.8,28155.6,27958.8,28113.3,0
2018-07-05,28163.0,28176.0,27955.1,27999.1,0
2018-07-06,27961.7,28319.4,27913.3,28148.1,0
2018-07-09,28318.2,28389.6,28251.0,28361.4,0
2018-07-10,28493.0,28680.3,28478.7,28655.6,0
2018-07-11,28638.7,28682.4,28403.9,28424.0,0
2018-07-12,28562.4,28690.4,28311.8,28367.2,0
2018-07-13,28427.1,28491.8,28191.9,28234.8,0
2018-07-16,28274.2,28275.7,27552.8,27592.4,0
2018-07-17,27631.1,27947.8,27523.8,27904.3,0
2018-07-18,28023.3,28073.2,27519.9,27591.2,0
2018-07-19,27657.9,27715.8,27351.8,27438.9,0
2018-07-20,27443.5,27614.4,27340.8,27593.7,0
2018-07-23,27699.8,28085.2,27691.4,28065.8,0
2018-07-24,28149.9,28807.8,28149.3,28786.2,0
2018-07-25,28845.8,28948.8,28677.8,28758.3,0
2018-07-26,28835.8,29089.4,28827.6,29026.2,0
2018-07-27,29152.4,29326.9,29117.8,29258.4,0
2018-07-30,29367.3,29592.7,29243.7,29563.6,0
2018-07-31,29525.2,29716.7,29417.9,29690.6,0
2018-08-01,29783.3,29886.3,29617.8,29783.2,0
2018-08-02,29761.4,29877.2,29522.6,29702.0,0
2018-08-03,29807.6,30004.8,29795.1,29903.8,0
2018-08-06,29994.5,30056.5,29883.1,29948.6,0
2018-08-07,30027.7,30078.6,29784.9,29934.2,0
2018-08-08,29989.3,30038.9,29856.3,29981.5,0
2018-08-09,30040.9,30140.3,29986.0,30093.6,0
2018-08-10,30117.9,30128.4,29778.9,29867.8,0
2018-08-13,29711.3,29798.5,29526.1,29547.1,0
2018-08-14,29615.8,29740.4,29585.1,29710.5,0
2018-08-16,29619.8,29761.0,29454.2,29498.0,0
2018-08-17,29646.1,29959.2,29643.6,29940.7,0
2018-08-20,30072.7,30308.4,30062.8,30286.4,0
2018-08-21,30377.1,30507.9,30255.3,30417.4,0
2018-08-23,30502.7,30620.7,30380.6,30591.9,0
2018-08-24,30556.2,30642.4,30357.8,30547.2,0
2018-08-27,30662.3,30858.8,30650.8,30807.2,0
2018-08-28,30876.8,30953.5,30693.0,30768.1,0
2018-08-29,30819.2,31088.2,30745.5,30981.9,0
2018-08-30,31002.7,31175.2,30938.4,31097.3,0
2018-08-31,31147.7,31371.8,31063.6,31251.7,0
2018-09-03,31431.7,31436.8,30946.2,31022.2,0
2018-09-04,30989.7,31046.0,29950.8,30074.8,0
2018-09-05,29982.8,30064.7,29519.8,29895.1,0
2018-09-06,30045.4,30134.4,29824.3,30105.8,0
2018-09-07,30178.8,30474.3,30009.6,30442.7,0
2018-09-10,30403.7,30505.8,29863.9,29909.9,0
2018-09-11,30001.8,30062.8,29329.8,29360.8,0
2018-09-12,29414.9,29557.8,29094.4,29497.4,0
2018-09-14,29698.6,30050.6,29688.4,30022.2,0
2018-09-17,29901.9,29920.4,29641.2,29769.9,0
2018-09-18,29756.3,29867.5,29307.3,29344.2,0
2018-09-19,29468.3,29549.2,29072.4,29217.7,0
2018-09-21,29348.8,29496.5,27226.5,28632.0,0
2018-09-24,28742.7,28751.1,27719.5,27763.8,0
2018-09-25,27721.8,28135.1,27361.2,28021.1,0
2018-09-26,28278.1,28311.2,27880.7,28104.6,0
2018-09-27,28155.3,28166.3,27592.7,27636.4,0
2018-09-28,27783.3,27839.6,26982.8,27286.5,0
2018-10-01,27231.4,27376.2,26656.8,27307.9,0
2018-10-03,27266.9,27379.7,26881.2,26959.3,0
2018-10-04,26672.4,26819.2,26213.2,26539.2,0
2018-10-05,26396.3,26468.6,25767.9,25903.2,0
2018-10-08,25857.9,25996.2,25285.4,25634.2,0
2018-10-09,25747.2,25837.8,25102.8,25499.9,0
2018-10-10,25591.8,26356.7,25591.8,26324.3,0
2018-10-11,25570.1,26166.3,25346.4,25831.2,0
2018-10-12,26103.6,26471.7,26097.2,26378.4,0
2018-10-15,26476.9,26537.3,26169.8,26489.1,0
2018-10-16,26599.0,26890.2,26575.7,26861.7,0
2018-10-17,27097.0,27173.4,26237.6,26277.2,0
2018-10-19,26141.0,26333.8,25887.6,26053.9,0
2018-10-22,26270.3,26316.7,25882.1,25935.4,0
2018-10-23,25754.0,25906.9,25450.8,25605.0,0
2018-10-24,25796.7,25959.4,25409.3,25698.7,0
2018-10-25,25384.8,25587.1,25286.3,25335.8,0
2018-10-26,25400.1,25535.1,25040.4,25369.2,0
2018-10-29,25459.4,26005.4,25290.2,25967.0,0
2018-10-30,25992.2,26184.8,25932.5,26104.7,0
2018-10-31,26208.8,26610.7,25899.1,26566.3,0
2018-11-01,26697.5,26873.3,26596.2,26728.8,0
2018-11-02,26938.5,27370.0,26930.8,27134.9,0
2018-11-05,27120.6,27306.6,26987.8,27219.7,0
2018-11-06,27299.3,27369.2,26925.1,27064.3,0
2018-11-07,27247.2,27284.4,27205.3,27248.2,0
2018-11-09,27298.3,27410.9,27192.7,27367.4,0
2018-11-12,27443.1,27519.5,26996.8,27051.6,0
2018-11-13,27017.8,27153.7,26736.6,27121.8,0
2018-11-14,27199.9,27289.7,27019.2,27149.3,0
2018-11-15,27154.8,27298.7,26964.8,27254.7,0
2018-11-16,27307.8,27435.2,27207.2,27359.3,0
2018-11-19,27483.7,27539.3,27338.8,27508.3,0
2018-11-20,27440.2,27508.4,27120.8,27163.2,0
2018-11-21,27226.8,27411.8,27147.4,27375.1,0
2018-11-22,27378.4,27418.7,27148.3,27187.4,0
2018-11-26,27287.7,27350.2,27010.1,27287.2,0
2018-11-27,27250.9,27377.2,27193.3,27259.9,0
2018-11-28,27265.5,27356.8,27146.3,27188.9,0
2018-11-29,27316.6,27442.2,27241.4,27390.6,0
2018-11-30,27449.2,27604.8,27391.3,27593.7,0
2018-12-03,27720.2,27735.1,27517.8,27681.3,0
2018-12-04,27679.3,27773.4,27561.9,27599.2,0
2018-12-05,27472.9,27490.5,27124.7,27215.2,0
2018-12-06,27042.4,27042.4,26766.8,26798.3,0
2018-12-07,26884.8,26970.2,26724.8,26915.7,0
2018-12-10,26473.3,26563.5,26329.8,26426.1,0
2018-12-11,26099.6,26929.4,26083.6,26842.7,0
2018-12-12,26967.1,27471.7,26950.4,27440.8,0
2018-12-13,27562.7,27877.2,27551.4,27720.5,0
2018-12-14,27747.1,27940.2,27667.8,27814.1,0
2018-12-17,27900.4,28052.8,27837.7,28034.3,0
2018-12-18,27978.2,28244.1,27896.7,28169.8,0
2018-12-19,28314.8,28636.6,28301.5,28564.2,0
2018-12-20,28438.7,28639.3,28320.8,28405.5,0
2018-12-21,28479.2,28559.7,27955.0,28017.3,0
2018-12-24,28001.1,28098.5,27590.7,27620.6,0
2018-12-26,27531.9,27799.2,27137.9,27725.7,0
2018-12-27,27885.8,27959.8,27739.9,27780.9,0
2018-12-28,27863.4,28123.7,27860.9,28063.2,0
2018-12-31,28161.3,28261.0,28110.5,28178.8,0
2019-01-01,28243.9,28252.2,27988.6,28111.7,0
2019-01-02,28074.1,28188.4,27801.8,27876.9,0
2019-01-03,27874.1,28045.3,27630.2,27674.7,0
2019-01-04,27707.2,27842.8,27533.9,27719.5,0
2019-01-07,27893.9,27932.0,27652.9,27706.6,0
2019-01-08,27726.8,27799.5,27625.8,27689.1,0
2019-01-09,27780.1,27818.9,27470.9,27683.5,0
2019-01-10,27719.4,27820.6,27675.9,27798.2,0
2019-01-11,27816.9,27842.0,27592.1,27707.6,0
2019-01-14,27653.7,27659.8,27391.7,27514.8,0
2019-01-15,27603.2,27744.2,27574.2,27712.6,0
2019-01-16,27740.2,27848.6,27677.5,27727.7,0
2019-01-17,27779.3,27847.4,27619.8,27710.7,0
2019-01-18,27763.4,27768.6,27335.2,27410.6,0
2019-01-21,27441.3,27617.4,27292.2,27322.4,0
2019-01-22,27323.2,27452.7,27150.6,27430.8,0
2019-01-23,27457.7,27479.3,27227.3,27264.1,0
2019-01-24,27300.8,27342.1,27118.4,27232.6,0
2019-01-25,27321.4,27375.4,26751.6,26868.3,0
2019-01-28,26868.4,26878.4,26237.2,26372.1,0
2019-01-29,26309.6,26491.2,26162.5,26398.8,0
2019-01-30,26499.2,26506.7,26264.6,26396.2,0
2019-01-31,26500.0,26581.3,26337.1,26555.6,0
2019-02-01,26630.1,27046.2,26537.2,26828.2,0
2019-02-04,26820.9,26824.8,26401.1,26588.2,0
2019-02-05,26583.6,26642.2,26301.3,26397.8,0
2019-02-06,26488.9,26709.9,26257.0,26639.8,0
2019-02-07,26681.8,27011.4,26652.9,26956.2,0
2019-02-08,26897.1,26922.6,26498.1,26536.6,0
2019-02-11,26486.2,26508.1,26134.5,26240.0,0
2019-02-12,26259.2,26336.6,26060.6,26094.4,0
2019-02-13,26159.4,26195.6,25787.8,25826.9,0
2019-02-14,25767.9,25977.9,25758.4,25945.7,0
2019-02-15,25911.6,25932.2,25308.9,25500.6,0
2019-02-18,25490.0,25496.7,25131.6,25296.4,0
2019-02-19,25310.7,25556.9,25307.1,25337.5,0
2019-02-20,25434.1,25732.1,25434.1,25677.3,0
2019-02-21,25724.9,25944.7,25674.4,25896.9,0
2019-02-22,25930.2,26124.0,25867.3,26097.6,0
2019-02-25,26179.1,26241.7,26093.9,26212.7,0
2019-02-26,26006.3,26340.7,25796.3,26199.7,0
2019-02-27,26301.7,26658.2,26136.8,26310.8,0
2019-02-28,26415.3,26552.1,26347.3,26514.4,0
2019-03-01,26613.6,26863.8,26594.4,26847.9,0
2019-03-05,26884.0,27378.6,26867.2,27347.1,0
2019-03-06,27500.5,27714.6,27443.6,27558.1,0
2019-03-07,27598.6,27668.6,27393.9,27429.5,0
2019-03-08,27401.8,27491.2,27294.4,27458.2,0
2019-03-11,27573.2,28106.2,27546.6,28087.6,0
2019-03-12,28261.2,28427.3,28156.4,28208.3,0
2019-03-13,28269.7,28314.7,28005.3,28047.8,0
2019-03-14,28104.4,28143.8,27848.2,27942.1,0
2019-03-15,27983.5,28128.6,27866.5,27907.7,0
2019-03-18,27995.6,28078.9,27841.1,27970.7,0
2019-03-19,28066.7,28105.3,27953.4,28058.7,0
2019-03-20,28110.2,28110.2,27906.3,27964.1,0
2019-03-22,27965.2,28094.9,27737.5,27760.0,0
2019-03-25,27606.7,27607.5,27353.0,27423.2,0
2019-03-26,27497.2,27731.6,27487.1,27681.8,0
2019-03-27,27806.7,27904.5,27575.9,27623.2,0
2019-03-28,27664.7,27915.3,27648.8,27873.1,0
2019-03-29,28019.9,28307.1,27980.2,28281.9,0
2019-04-01,28450.7,28544.2,28280.6,28334.0,0
2019-04-02,28398.8,28409.2,28078.6,28137.0,0
2019-04-03,28238.7,28342.8,28008.3,28033.2,0
2019-04-04,28119.5,28128.3,27864.1,28020.6,0
2019-04-05,28111.3,28255.9,28080.2,28143.1,0
2019-04-08,28182.3,28269.9,27949.8,28039.3,0
2019-04-09,28068.2,28177.2,27885.1,28146.4,0
2019-04-10,28137.2,28221.3,28024.2,28056.8,0
2019-04-11,28069.8,28181.2,27993.3,28148.6,0
2019-04-12,28171.6,28295.7,28165.0,28271.1,0
2019-04-15,28351.3,28406.2,28262.7,28389.5,0
2019-04-16,28482.1,28588.3,28461.4,28542.4,0
2019-04-18,28593.8,28639.7,28304.1,28419.6,0
2019-04-22,28317.2,28326.8,27882.4,27907.2,0
2019-04-23,27967.6,28050.5,27842.2,27874.8,0
2019-04-24,27885.6,28085.0,27811.9,28057.8,0
2019-04-25,28093.7,28186.3,27874.9,27914.9,0
2019-04-26,28015.6,28090.8,27875.6,27921.1,0
2019-04-30,27888.6,27921.6,27608.1,27800.2,0
2019-05-02,27750.4,27897.2,27617.6,27659.1,0
2019-05-03,27656.3,27732.2,27486.1,27537.8,0
2019-05-06,27345.9,27426.2,27155.1,27202.9,0
2019-05-07,27294.7,27361.6,26999.3,27020.4,0
2019-05-08,26983.1,26994.2,26655.8,26707.8,0
2019-05-09,26649.2,26727.9,26463.7,26632.6,0
2019-05-10,26643.3,26718.1,26500.8,26558.9,0
2019-05-13,26507.4,26520.2,26024.0,26074.6,0
2019-05-14,26026.8,26260.2,25815.7,26130.0,0
2019-05-15,26161.4,26292.7,25937.2,26015.4,0
2019-05-16,26013.1,26056.9,25729.1,26004.7,0
2019-05-17,25984.6,26263.0,25910.6,26226.5,0
2019-05-20,26828.9,27104.4,26655.3,27081.4,0
2019-05-21,27180.4,27250.5,26786.1,26859.1,0
2019-05-22,26927.2,26937.4,26676.7,26848.1,0
2019-05-23,27203.6,27533.8,26883.4,26947.1,0
2019-05-24,27080.0,27626.7,27071.9,27572.7,0
2019-05-27,27496.6,27740.9,27415.1,27719.9,0
2019-05-28,27838.8,27907.2,27681.0,27824.8,0
2019-05-29,27860.1,27861.6,27597.9,27625.3,0
2019-05-30,27670.1,27709.9,27583.6,27648.6,0
2019-05-31,27772.0,27964.7,27626.7,27839.5,0
2019-06-03,27943.9,28165.2,27797.3,28143.1,0
2019-06-04,28080.5,28218.2,27950.7,27970.1,0
2019-06-06,28029.9,28029.9,27336.9,27374.2,0
2019-06-07,27370.5,27542.1,27127.7,27382.8,0
2019-06-10,27490.2,27626.7,27400.8,27456.4,0
2019-06-11,27508.8,27645.1,27324.1,27613.2,0
2019-06-12,27599.1,27606.5,27352.7,27395.2,0
2019-06-13,27383.7,27408.9,27147.2,27379.2,0
2019-06-14,27371.8,27385.2,27025.1,27093.0,0
2019-06-17,27072.2,27087.7,26636.9,26672.3,0
2019-06-18,26691.6,26811.5,26580.2,26705.0,0
2019-06-19,26809.9,26893.8,26411.9,26551.8,0
2019-06-20,26522.5,27058.8,26392.9,26998.2,0
2019-06-21,26930.4,27031.6,26806.3,26926.2,0
2019-06-24,26981.7,27029.2,26884.2,26960.2,0
2019-06-25,26886.9,27054.1,26811.6,27028.4,0
2019-06-26,26981.1,27304.1,26954.2,27246.3,0
2019-06-27,27269.5,27417.3,27252.0,27381.3,0
2019-06-28,27431.4,27492.2,27285.8,27332.5,0
2019-07-01,27436.8,27528.8,27402.2,27471.8,0
2019-07-02,27547.9,27577.6,27435.8,27562.8,0
2019-07-03,27642.3,27721.6,27535.6,27704.9,0
2019-07-04,27726.4,27817.9,27721.7,27762.0,0
2019-07-05,27820.6,27877.0,27297.8,27378.0,0
2019-07-08,27206.8,27216.2,26708.8,26810.7,0
2019-07-09,26806.8,26979.0,26607.2,26953.2,0
2019-07-10,26897.2,26996.3,26689.7,26739.5,0
2019-07-11,26858.2,26949.4,26758.1,26932.1,0
2019-07-12,26977.8,27139.7,26933.2,26983.7,0
2019-07-15,27039.6,27148.7,26929.7,27096.3,0
2019-07-16,27072.4,27395.0,27031.1,27365.5,0
2019-07-17,27371.5,27547.5,27354.9,27428.3,0
2019-07-18,27410.7,27417.5,27094.4,27120.1,0
2019-07-19,27264.6,27323.2,26598.3,26656.2,0
2019-07-22,26615.6,26713.9,26331.8,26676.1,0
2019-07-23,26706.2,26752.0,26495.7,26560.2,0
2019-07-24,26569.9,26638.4,26064.9,26133.9,0
2019-07-25,26221.6,26476.7,26215.3,26302.2,0
2019-07-26,26342.3,26629.5,26253.9,26553.9,0
2019-07-29,26532.3,26559.1,26086.7,26197.3,0
2019-07-30,26207.0,26397.7,25796.4,25838.0,0
2019-07-31,25748.2,26111.8,25490.1,26071.3,0
2019-08-01,25957.5,26107.8,25508.2,25732.9,0
2019-08-02,25607.4,25953.4,25336.7,25811.2,0
2019-08-05,25639.6,25728.1,25337.8,25601.8,0
2019-08-06,25502.7,25930.1,25498.7,25848.5,0
2019-08-07,25893.6,26054.2,25675.2,25730.0,0
2019-08-08,25875.4,26117.4,25745.4,26050.7,0
2019-08-09,26159.7,26443.0,26133.6,26236.6,0
2019-08-13,26228.3,26228.9,25583.1,25636.1,0
2019-08-14,25659.3,25958.9,25553.7,25914.0,0
2019-08-16,25837.5,26021.8,25693.7,25999.6,0
2019-08-19,26078.4,26266.1,25947.1,25981.7,0
2019-08-20,26005.6,26032.8,25708.4,25783.4,0
2019-08-21,25827.2,25837.8,25455.6,25482.1,0
2019-08-22,25460.8,25476.8,25078.8,25136.9,0
2019-08-23,25081.4,25418.0,24873.2,25345.1,0
2019-08-26,25749.0,25849.6,25174.2,25813.6,0
2019-08-27,25929.2,26226.9,25923.3,26156.2,0
2019-08-28,26204.2,26234.2,25880.5,26032.2,0
2019-08-29,25979.6,26099.2,25820.2,26046.9,0
2019-08-30,26155.7,26457.2,26001.4,26405.1,0
2019-09-03,26259.8,26310.3,25770.4,25834.3,0
2019-09-04,25858.6,25893.8,25511.9,25800.6,0
2019-09-05,25878.9,26036.8,25853.6,25935.1,0
2019-09-06,26025.2,26082.3,25883.9,26053.9,0
2019-09-09,26048.7,26189.4,25970.4,26141.0,0
2019-09-11,26184.9,26363.6,26112.1,26309.7,0
2019-09-12,26380.0,26495.8,26253.2,26285.0,0
2019-09-13,26375.1,26486.4,26104.4,26460.1,0
2019-09-16,26282.2,26494.6,26163.4,26431.2,0
2019-09-17,26436.6,26476.7,25947.4,25987.9,0
2019-09-18,26127.3,26193.1,25948.1,26149.9,0
2019-09-19,26178.7,26189.0,25814.8,25922.1,0
2019-09-20,26026.4,27476.3,25812.1,27406.8,0
2019-09-23,27841.7,28152.2,27731.2,27912.3,0
2019-09-24,27972.2,28030.4,27679.3,27942.6,0
2019-09-25,27874.2,27891.9,27408.6,27484.5,0
2019-09-26,27517.6,27929.3,27512.9,27811.0,0
2019-09-27,27790.7,27955.2,27710.1,27818.1,0
2019-09-30,27794.4,27807.7,27380.1,27520.3,0
2019-10-01,27630.5,27758.7,26901.8,27249.8,0
2019-10-03,27151.6,27285.3,26924.3,27023.2,0
2019-10-04,27136.2,27180.5,26641.1,26681.6,0
2019-10-07,26651.8,26680.4,26256.7,26295.1,0
2019-10-09,26320.9,26681.2,26169.1,26660.3,0
2019-10-10,26575.8,26684.0,26421.4,26492.8,0
2019-10-11,26556.8,26699.1,26385.2,26598.6,0
2019-10-14,26679.6,26899.8,26622.7,26791.6,0
2019-10-15,26829.8,27052.6,26803.2,27010.6,0
2019-10-16,27085.1,27285.2,27041.9,27240.6,0
2019-10-17,27275.6,27650.6,27230.8,27627.6,0
2019-10-18,27665.2,28065.1,27605.5,28014.2,0
2019-10-22,28088.0,28379.9,28049.4,28163.9,0
2019-10-23,28202.7,28326.1,28007.8,28140.4,0
2019-10-24,28220.8,28291.6,27932.9,28045.2,0
2019-10-25,28054.7,28089.4,27767.8,27959.6,0
2019-10-27,28145.4,28197.7,28067.6,28123.2,0
2019-10-29,28105.3,28480.2,28049.9,28447.6,0
2019-10-30,28557.6,28738.6,28491.6,28636.4,0
2019-10-31,28757.8,28883.2,28647.8,28722.1,0
2019-11-01,28794.2,28953.7,28671.1,28706.6,0
2019-11-04,28760.1,28913.9,28608.7,28652.9,0
2019-11-05,28670.8,28695.7,28375.1,28442.3,0
2019-11-06,28449.6,28613.1,28292.6,28534.2,0
2019-11-07,28673.2,28735.6,28579.2,28686.2,0
2019-11-08,28721.4,28810.9,28342.1,28387.2,0
2019-11-11,28323.9,28560.8,28296.0,28451.2,0
2019-11-13,28535.8,28746.4,28214.2,28298.6,0
2019-11-14,28324.7,28327.3,28077.9,28175.6,0
2019-11-15,28266.7,28329.3,28103.7,28195.6,0
2019-11-18,28262.2,28302.8,28119.4,28154.0,0
2019-11-19,28152.1,28174.9,28006.7,28071.9,0
2019-11-20,28178.7,28349.7,28164.7,28245.9,0
2019-11-21,28360.8,28360.8,28099.3,28132.6,0
2019-11-22,28157.7,28177.7,27972.2,28059.2,0
2019-11-25,28090.1,28475.2,28084.3,28443.5,0
2019-11-26,28554.3,28673.4,28162.1,28264.1,0
2019-11-27,28357.4,28497.9,28295.3,28468.7,0
2019-11-28,28500.8,28835.3,28454.9,28765.6,0
2019-11-29,28798.1,28906.6,28468.1,28546.4,0
2019-12-02,28581.1,28592.1,28378.0,28539.4,0
2019-12-03,28608.4,28611.3,28265.2,28333.2,0
2019-12-04,28239.1,28400.3,28187.1,28364.2,0
2019-12-05,28337.9,28399.8,28094.8,28145.6,0
2019-12-06,28221.2,28264.9,27741.6,27854.1,0
2019-12-09,27870.3,27989.3,27705.0,27758.1,0
2019-12-10,27786.4,27857.1,27430.0,27463.7,0
2019-12-11,27509.7,27629.1,27347.3,27594.2,0
2019-12-12,27734.3,27880.0,27675.2,27793.8,0
2019-12-13,27906.2,28102.0,27893.3,28076.7,0
2019-12-16,28095.9,28121.6,27896.0,27915.2,0
2019-12-17,27977.4,28066.3,27921.0,28031.8,0
2019-12-18,28086.2,28171.3,27908.9,28138.2,0
2019-12-19,28154.0,28287.1,28142.8,28245.3,0
2019-12-20,28282.2,28436.3,28270.9,28406.2,0
2019-12-23,28383.6,28523.1,28262.8,28395.8,0
2019-12-24,28423.7,28430.4,28318.8,28382.8,0
2019-12-26,28409.1,28435.2,28259.8,28280.2,0
2019-12-27,28354.5,28500.2,28319.9,28476.8,0
2019-12-30,28528.9,28612.9,28406.7,28484.8,0
2019-12-31,28495.0,28549.5,28270.2,28307.6,0
2020-01-01,28353.4,28436.8,28272.3,28293.3,0
2020-01-02,28325.4,28552.8,28314.6,28535.4,0
2020-01-03,28493.6,28585.9,28385.6,28478.9,0
2020-01-06,28316.4,28338.3,27831.3,27894.9,0
2020-01-07,28049.6,28347.3,27971.8,28101.2,0
2020-01-08,27739.1,28145.4,27738.4,28113.6,0
2020-01-09,28397.1,28517.1,28349.3,28484.3,0
2020-01-10,28556.7,28680.7,28463.2,28556.1,0
2020-01-13,28669.3,28807.4,28631.2,28783.6,0
2020-01-14,28836.5,28917.0,28770.0,28845.2,0
2020-01-15,28862.5,28986.1,28716.7,28957.9,0
2020-01-16,29068.2,29101.6,28898.2,28978.6,0
2020-01-17,28957.3,29083.9,28929.2,29034.8,0
2020-01-20,29122.8,29162.7,28724.4,28754.4,0
2020-01-21,28699.1,28801.2,28583.8,28617.3,0
2020-01-22,28711.3,28742.0,28552.9,28593.0,0
2020-01-23,28638.3,28936.8,28604.9,28898.3,0
2020-01-24,28888.6,29204.4,28835.2,29153.8,0
2020-01-27,29058.8,29259.5,28895.0,28960.8,0
2020-01-28,29034.8,29144.1,28846.9,28888.8,0
2020-01-29,29025.2,29145.7,28980.8,29045.4,0
2020-01-30,29078.8,29094.8,28423.3,28533.0,0
2020-01-31,28656.1,28694.3,28263.2,28294.6,0
2020-02-01,28283.1,28617.9,27215.6,27340.5,0
2020-02-03,27302.1,27672.4,27193.8,27534.7,0
2020-02-04,27728.8,28243.1,27722.5,28112.4,0
2020-02-05,28235.3,28565.8,28172.1,28537.8,0
2020-02-06,28625.3,28934.7,28599.9,28871.3,0
2020-02-07,28900.0,29088.2,28814.2,29046.4,0
2020-02-10,29066.9,29075.3,28851.3,28953.7,0
2020-02-11,29086.7,29129.2,28821.2,28854.3,0
2020-02-12,28927.4,29045.9,28743.4,28855.3,0
2020-02-13,28829.5,28844.7,28682.8,28807.6,0
2020-02-14,28790.4,28894.7,28453.5,28501.1,0
2020-02-17,28513.7,28572.8,28143.4,28169.6,0
2020-02-18,28116.4,28116.4,27750.8,28060.3,0
2020-02-19,28290.2,28643.3,28284.8,28630.8,0
2020-02-20,28632.2,28958.8,28627.6,28669.8,0
2020-02-24,28478.8,28599.2,28011.1,28073.9,0
2020-02-25,28217.2,28356.1,27835.2,27863.7,0
2020-02-26,27757.7,27826.2,27401.2,27470.2,0
2020-02-27,27451.5,27458.6,27087.3,27404.3,0
2020-02-28,26859.7,26887.5,26287.9,26482.0,0
2020-03-02,26870.1,27216.2,26164.4,26404.3,0
2020-03-03,26609.2,27035.6,26557.4,26926.3,0
2020-03-04,27077.3,27103.3,26367.1,26717.2,0
2020-03-05,26874.7,27097.9,26710.8,26877.6,0
2020-03-06,26000.1,26397.7,25905.8,26291.8,0
2020-03-09,25843.8,25899.4,25009.3,25139.4,0
2020-03-11,25065.4,25454.3,24888.1,24955.6,0
2020-03-12,24047.1,24087.4,22629.7,22776.4,0
2020-03-13,21140.7,23851.4,20224.0,23423.8,0
2020-03-16,22653.0,23190.2,21998.4,22184.3,0
2020-03-17,22210.0,22802.6,21843.0,22003.2,0
2020-03-18,22300.8,22370.8,20816.0,20924.8,0
2020-03-19,19964.1,20975.2,19387.7,20238.2,0
2020-03-20,20421.8,21369.4,20071.1,20963.8,0
2020-03-23,19308.8,19803.3,18442.9,18524.7,0
2020-03-24,18781.0,19379.1,18384.1,18720.1,0
2020-03-25,18504.4,19502.7,18482.4,19393.0,0
2020-03-26,19714.5,20713.5,19490.8,20459.8,0
2020-03-27,21002.4,21482.1,20206.9,20431.6,0
2020-03-30,20085.8,20609.2,19776.5,20263.0,0
2020-03-31,20788.1,21194.7,20429.3,21116.2,0
2020-04-01,21168.3,21286.0,20592.7,20664.6,0
2020-04-03,20730.7,20744.3,20277.2,20399.7,0
2020-04-07,21068.5,21766.4,20841.1,21702.3,0
2020-04-08,21675.5,22700.4,21565.9,22139.7,0
2020-04-09,22602.8,23044.3,22582.3,22898.8,0
2020-04-13,22903.6,22950.5,22389.6,22864.5,0
2020-04-15,23056.2,23598.9,22853.8,23051.2,0
2020-04-16,22950.3,23394.6,22735.7,23222.8,0
2020-04-17,23862.2,23917.9,23215.0,23513.7,0
2020-04-20,23726.6,23730.1,23371.2,23395.4,0
2020-04-21,22953.3,23183.6,22787.5,23022.8,0
2020-04-22,23027.9,23361.3,22769.4,23310.8,0
2020-04-23,23438.5,23828.5,23305.9,23372.7,0
2020-04-24,23117.6,23335.0,22930.8,22963.8,0
2020-04-27,23170.8,23490.7,23158.6,23429.2,0
2020-04-28,23680.2,23691.6,23234.4,23367.9,0
2020-04-29,23498.2,23694.7,23426.6,23624.1,0
2020-04-30,23967.4,24164.3,23845.3,24102.8,0
2020-05-04,23432.0,23486.2,23077.8,23108.9,0
2020-05-05,23435.7,23556.3,22740.9,22791.5,0
2020-05-06,22823.9,23099.8,22527.2,23009.8,0
2020-05-07,22974.2,23125.4,22716.3,22759.8,0
2020-05-08,23030.0,23123.3,22919.4,22959.5,0
2020-05-11,23182.3,23371.8,23161.9,23201.4,0
2020-05-12,23087.9,23239.3,22794.9,23164.7,0
2020-05-13,23876.4,23891.8,23359.5,23457.7,0
2020-05-14,23330.1,23535.3,23217.2,23306.6,0
2020-05-15,23378.3,23397.9,23105.8,23177.8,0
2020-05-18,23186.5,23191.8,22365.3,22447.4,0
2020-05-19,22715.5,22868.6,22477.7,22567.8,0
2020-05-20,22581.5,23070.2,22528.8,23003.1,0
2020-05-21,23097.2,23384.8,23055.9,23283.1,0
2020-05-22,23231.1,23413.2,23011.6,23031.6,0
2020-05-26,23111.9,23175.5,23000.5,23061.8,0
2020-05-27,23089.8,23140.2,22855.3,23088.5,0
2020-05-28,23163.2,23539.9,23114.5,23496.5,0
2020-05-29,23413.2,24152.3,23366.4,24065.0,0
2020-06-01,24291.4,24545.2,24273.7,24440.5,0
2020-06-02,24561.7,24716.6,24440.9,24600.0,0
2020-06-03,24844.3,25065.9,24673.6,24745.2,0
2020-06-04,24850.3,25083.8,24585.3,24854.8,0
2020-06-05,25048.8,25368.2,24947.0,25324.8,0
2020-06-08,25681.4,25699.2,25208.7,25329.4,0
2020-06-09,25489.0,25666.2,25046.1,25162.7,0
2020-06-10,25188.8,25241.0,24963.7,25153.8,0
2020-06-11,25142.0,25387.9,24728.6,24768.8,0
2020-06-12,23913.8,25071.9,23907.3,25018.8,0
2020-06-15,25053.3,25203.3,24698.5,24793.3,0
2020-06-16,25119.6,25184.2,24543.8,24863.4,0
2020-06-17,24784.9,25066.4,24754.7,24883.8,0
2020-06-18,24837.1,24987.5,24789.1,24953.7,0
2020-06-19,25074.8,25288.9,25039.2,25227.0,0
2020-06-22,25479.5,25794.7,25428.3,25723.3,0
2020-06-23,25871.8,26222.6,25816.3,26188.8,0
2020-06-24,26420.8,26557.0,25824.3,25911.9,0
2020-06-25,25774.8,26142.8,25722.7,25931.1,0
2020-06-26,26142.1,26264.9,25895.3,25974.5,0
2020-06-29,25932.8,25991.6,25631.8,25759.5,0
2020-06-30,25910.2,25990.6,25669.0,25743.7,0
2020-07-01,25846.1,25847.6,25679.2,25755.4,0
2020-07-02,25801.4,25975.9,25781.6,25947.5,0
2020-07-03,26109.1,26177.1,26053.9,26146.2,0
2020-07-06,26318.4,26367.8,26237.3,26264.8,0
2020-07-07,26352.8,26435.3,26135.9,26390.6,0
2020-07-08,26473.3,26530.3,26243.2,26299.5,0
2020-07-09,26377.4,26494.7,26202.0,26268.6,0
2020-07-10,26246.3,26405.8,26124.8,26208.7,0
2020-07-13,26351.7,26376.7,26092.8,26274.8,0
2020-07-14,26233.9,26324.1,25936.4,26016.9,0
2020-07-15,26172.9,26279.2,25810.9,25875.2,0
2020-07-16,25979.8,25991.9,25614.2,25950.1,0
2020-07-17,26036.4,26410.7,26026.8,26375.8,0
2020-07-20,26505.2,26598.8,26409.7,26525.8,0
2020-07-21,26719.6,26747.5,26462.7,26571.6,0
2020-07-22,26658.4,26670.0,26267.8,26426.8,0
2020-07-23,26495.1,26678.6,26451.1,26642.3,0
2020-07-24,26532.0,26670.2,26224.4,26340.6,0
2020-07-27,26412.4,26420.9,25973.4,26134.3,0
2020-07-28,26207.4,26349.1,26194.6,26309.8,0
2020-07-29,26337.8,26509.8,26281.9,26433.1,0
2020-07-30,26539.4,26633.8,26346.5,26565.4,0
2020-07-31,26657.9,26927.5,26560.9,26861.3,0
2020-08-03,26852.1,26990.0,26674.4,26725.8,0
2020-08-04,26890.8,26924.8,26728.1,26897.2,0
2020-08-05,27026.3,27155.8,26832.1,26874.3,0
2020-08-06,27005.8,27109.4,26945.2,27064.4,0
2020-08-07,27127.5,27193.8,27022.8,27130.4,0
2020-08-11,27658.2,27692.2,27372.3,27392.1,0
2020-08-12,27377.7,27412.2,27171.1,27381.2,0
2020-08-13,27499.1,27590.6,27456.7,27515.8,0
2020-08-14,27624.5,27683.4,27086.8,27260.4,0
2020-08-17,27469.7,27469.7,27061.8,27351.4,0
2020-08-18,27442.4,27711.1,27426.7,27667.7,0
2020-08-19,27817.9,27975.6,27672.7,27709.7,0
2020-08-20,27597.6,27738.7,27480.6,27687.9,0
2020-08-21,27985.4,28024.7,27743.7,27772.4,0
2020-08-24,27926.5,27956.7,27754.2,27776.4,0
2020-08-25,27934.4,27996.2,27672.8,27801.2,0
2020-08-26,27932.6,27935.6,27705.6,27818.6,0
2020-08-27,27973.0,28050.1,27895.9,27935.6,0
2020-08-28,28075.0,28159.6,27973.8,28018.8,0
2020-08-31,28162.0,28181.2,26756.1,26824.2,0
2020-09-01,26943.8,27247.8,26689.4,27142.9,0
2020-09-02,27222.9,27511.5,27167.8,27448.0,0
2020-09-03,27564.6,27705.2,27538.2,27614.2,0
2020-09-04,27249.8,27507.1,27045.3,27105.5,0
2020-09-07,27206.6,27293.4,26864.8,27016.0,0
2020-09-08,27084.9,27133.1,26759.2,26832.8,0
2020-09-09,26661.2,26839.5,26465.5,26788.1,0
2020-09-10,26941.2,27087.8,26787.5,27048.3,0
2020-09-11,27066.9,27332.8,27049.5,27288.5,0
2020-09-14,27459.2,27508.2,27165.8,27256.0,0
2020-09-15,27361.0,27562.6,27349.7,27515.8,0
2020-09-16,27621.0,27698.8,27548.1,27646.1,0
2020-09-17,27568.5,27689.8,27451.8,27486.2,0
2020-09-18,27624.2,27746.8,27426.3,27552.8,0
2020-09-21,27601.8,27601.8,26544.4,26671.2,0
2020-09-22,26654.0,26672.3,25873.9,26357.5,0
2020-09-23,26538.8,26651.8,26051.5,26290.0,0
2020-09-24,26056.2,26089.9,25636.7,25696.6,0
2020-09-25,25968.6,26438.8,25860.9,26397.7,0
2020-09-28,26660.1,27026.2,26632.4,26990.9,0
2020-09-29,27180.6,27286.6,26801.2,26866.0,0
2020-09-30,26994.5,27121.1,26854.0,27034.2,0
2020-10-01,27246.3,27306.3,27172.7,27250.9,0
2020-10-05,27403.2,27419.4,27206.3,27321.3,0
2020-10-06,27483.7,27543.2,27367.2,27423.3,0
2020-10-07,27457.8,27485.2,27290.1,27354.9,0
2020-10-08,27488.9,27547.4,27299.1,27489.0,0
2020-10-09,27556.3,27610.0,27373.2,27410.3,0
2020-10-12,27486.5,27539.8,27181.2,27297.3,0
2020-10-13,27267.2,27459.8,27147.8,27183.8,0
2020-10-14,27181.7,27426.1,27057.3,27383.4,0
2020-10-15,27465.0,27499.4,26854.7,26922.1,0
2020-10-16,27007.4,27177.9,26856.2,27155.7,0
2020-10-19,27298.9,27421.7,27183.3,27379.8,0
2020-10-20,27366.7,27480.9,27294.5,27435.0,0
2020-10-21,27537.9,27632.0,27100.2,27370.7,0
2020-10-22,27345.4,27413.8,27130.3,27351.3,0
2020-10-23,27416.7,27499.6,27349.8,27432.6,0
2020-10-26,27529.2,27534.3,26953.9,27062.4,0
2020-10-27,27117.6,27508.2,26956.8,27462.2,0
2020-10-28,27560.0,27577.0,27197.2,27236.2,0
2020-10-29,27034.3,27380.2,26952.7,27357.6,0
2020-10-30,27423.8,27648.8,27196.5,27348.4,0
2020-11-02,27453.3,27530.4,27344.9,27445.0,0
2020-11-03,27595.7,27775.1,27548.9,27603.6,0
2020-11-04,27674.0,27810.6,27550.8,27788.4,0
2020-11-05,27936.9,28273.6,27935.8,28234.3,0
2020-11-06,28282.3,28398.1,28227.6,28334.8,0
2020-11-09,28596.2,28763.9,28484.4,28746.0,0
2020-11-10,28930.6,28936.4,28342.6,28547.4,0
2020-11-11,28663.2,28905.6,28522.0,28879.8,0
2020-11-12,28921.6,29081.1,28847.2,29050.0,0
2020-11-13,29029.8,29340.4,29002.7,29310.1,0
2020-11-14,29512.1,29541.4,29360.8,29443.2,0
2020-11-17,29608.6,29745.7,29529.7,29689.1,0
2020-11-18,29685.0,29817.3,29520.1,29790.9,0
2020-11-19,29710.5,30008.2,29523.0,29579.8,0
2020-11-20,29638.7,29974.0,29634.6,29952.9,0
2020-11-23,30150.5,30298.2,30130.2,30220.3,0
2020-11-24,30351.9,30476.8,30284.2,30377.2,0
2020-11-25,30518.1,30538.7,29863.7,29916.3,0
2020-11-26,29906.2,30235.7,29809.1,30186.1,0
2020-11-27,30316.4,30591.0,30121.3,30334.4,0
2020-12-01,30656.1,30766.9,30481.3,30734.7,0
2020-12-02,30849.6,31017.9,30671.2,30992.6,0
2020-12-03,31157.9,31346.4,31074.2,31319.4,0
2020-12-04,31434.6,31556.3,31170.8,31439.1,0
2020-12-07,31515.3,31784.4,31448.1,31724.8,0
2020-12-08,31823.2,31941.8,31381.2,31714.4,0
2020-12-09,31893.2,31960.1,31662.8,31722.2,0
2020-12-10,31680.8,31877.4,31423.2,31850.7,0
2020-12-11,31922.4,32066.2,31602.2,31928.8,0
2020-12-14,32066.6,32142.1,31986.2,32043.4,0
2020-12-15,32079.1,32083.3,31759.1,31972.7,0
2020-12-16,32166.1,32243.4,32040.4,32143.8,0
2020-12-17,32211.1,32303.9,31953.5,32031.8,0
2020-12-18,32110.2,32211.6,31791.0,32082.8,0
2020-12-21,32017.0,32098.7,30165.0,30971.5,0
2020-12-22,30903.3,31494.6,30232.6,31417.3,0
2020-12-23,31489.6,31994.9,31342.4,31949.8,0
2020-12-24,32220.5,32322.6,31931.8,32068.6,0
2020-12-28,32261.9,32408.5,32230.8,32351.1,0
2020-12-29,32507.0,32541.9,32153.8,32331.5,0
2020-12-30,32446.1,32508.6,32166.5,32464.4,0
2020-12-31,32514.7,32592.8,32385.3,32508.6,0
2021-01-01,32608.9,32807.6,32554.3,32765.9,0
2021-01-04,32998.9,33347.9,32805.3,33281.6,0
2021-01-05,33219.8,33895.9,32986.1,33818.8,0
2021-01-06,33951.2,34068.8,33376.2,33755.5,0
2021-01-07,34074.5,34138.8,33826.3,33889.4,0
2021-01-08,34124.1,34364.2,34075.2,34331.1,0
2021-01-11,34566.9,34570.6,34143.6,34458.6,0
2021-01-12,34462.9,34563.4,34299.1,34363.2,0
2021-01-13,34543.1,34644.3,33756.8,34156.0,0
2021-01-14,34264.6,34357.1,34018.0,34318.4,0
2021-01-15,34432.6,34518.4,33606.4,33780.9,0
2021-01-18,33748.8,33763.8,32870.1,33159.6,0
2021-01-19,33369.9,33771.1,33359.2,33725.2,0
2021-01-20,33809.2,33995.1,33755.4,33917.4,0
2021-01-21,34165.5,34242.9,33451.1,33614.6,0
2021-01-22,33683.1,33841.6,33231.1,33339.1,0
2021-01-25,33618.1,33680.3,32636.8,33080.4,0
2021-01-27,33113.9,33113.9,32511.8,32642.6,0
2021-01-28,32367.7,32711.1,32205.8,32513.4,0
2021-01-29,32784.4,32805.6,31638.2,31743.2,0
2021-02-01,31992.8,32747.9,31647.7,32661.6,0
2021-02-02,33001.1,33373.6,32809.4,33327.1,0
2021-02-03,33502.2,33687.9,33231.8,33486.1,0
2021-02-04,33606.1,34064.7,33477.8,34023.9,0
2021-02-05,34265.9,34367.4,33728.8,33790.9,0
2021-02-08,33994.1,34213.8,33980.8,34165.2,0
2021-02-09,34303.9,34420.1,34017.8,34147.3,0
2021-02-10,34226.8,34340.6,33928.6,34281.6,0
2021-02-11,34261.1,34585.1,34235.6,34541.1,0
2021-02-12,34653.7,34748.6,34448.4,34626.8,0
2021-02-15,34816.9,35114.6,34790.4,34993.8,0
2021-02-16,35109.1,35243.1,34849.1,35133.2,0
2021-02-17,35179.9,35326.1,35039.1,35205.1,0
2021-02-18,35364.9,35553.8,35248.3,35377.1,0
2021-02-19,35406.9,35478.7,34558.8,34906.9,0
2021-02-22,34938.2,35024.6,34192.1,34340.8,0
2021-02-23,34520.9,34716.9,34311.7,34581.3,0
2021-02-24,34825.0,34850.5,34396.6,34766.1,0
2021-02-25,34994.8,35180.1,34933.3,34996.8,0
2021-02-26,34624.4,35009.2,34041.8,34226.4,0
2021-03-01,34491.4,34655.1,34326.6,34552.1,0
2021-03-02,34787.6,35233.0,34708.2,35151.4,0
2021-03-03,35436.1,35752.1,35366.7,35712.8,0
2021-03-04,35440.0,35958.2,35327.4,35777.4,0
2021-03-05,35618.9,35798.2,35096.4,35258.4,0
2021-03-08,35454.9,35537.7,35146.4,35199.2,0
2021-03-09,35387.9,35489.4,34684.8,34927.5,0
2021-03-10,35143.9,35223.6,34947.8,35138.0,0
2021-03-12,35376.8,35395.1,34760.9,34808.9,0
2021-03-15,34946.4,34958.6,34201.1,34624.1,0
2021-03-16,34776.1,34871.6,34641.2,34786.0,0
2021-03-17,34812.1,34861.4,34025.6,34102.1,0
2021-03-18,34324.9,34406.0,33465.7,33692.9,0
2021-03-19,33459.2,34117.2,32873.4,34075.9,0
2021-03-22,34256.5,34479.2,34133.9,34412.9,0
2021-03-23,34597.5,34923.4,34569.2,34832.2,0
2021-03-24,34668.5,34937.9,34257.9,34310.0,0
2021-03-25,34388.8,34419.4,33453.9,33554.2,0
2021-03-26,33826.7,34068.4,33724.9,33962.6,0
2021-03-30,34243.6,34488.4,33974.1,34079.4,0
2021-03-31,34173.8,34342.4,34002.5,34176.2,0
2021-04-01,34365.6,34743.6,34238.4,34689.6,0
2021-04-05,34735.0,34735.0,33947.4,34370.6,0
2021-04-06,34516.8,34768.4,34340.9,34714.1,0
2021-04-07,34793.0,35090.6,34754.4,35057.2,0
2021-04-08,35179.4,35471.9,35143.6,35321.1,0
2021-04-09,35346.9,35538.9,35235.9,35358.9,0
2021-04-12,34813.9,34829.6,33562.5,33713.9,0
2021-04-13,33800.6,34197.1,33592.4,34063.5,0
2021-04-15,34082.4,34326.9,33701.6,34273.2,0
2021-04-16,34385.5,34810.8,34347.8,34640.7,0
2021-04-19,33913.9,34122.8,33513.6,34047.2,0
2021-04-20,34418.9,34636.9,33928.6,34199.4,0
2021-04-22,34132.4,34327.2,33971.7,34242.9,0
2021-04-23,34196.8,34483.2,34078.8,34284.9,0
2021-04-26,34520.6,34585.1,34366.0,34457.6,0
2021-04-27,34605.9,34777.4,34558.3,34724.6,0
2021-04-28,34952.5,35036.3,34861.8,34938.1,0
2021-04-29,35160.1,35269.6,34818.1,34926.2,0
2021-04-30,34746.4,35129.3,34676.4,34759.2,0
2021-05-03,34526.2,35094.5,34416.2,35059.6,0
2021-05-04,35298.0,35334.0,34819.9,34921.4,0
2021-05-05,35185.6,35550.2,35024.8,35496.2,0
2021-05-06,35687.0,35768.8,35437.4,35697.7,0
2021-05-07,35933.9,35947.9,35760.2,35816.9,0
2021-05-10,35987.1,36222.1,35974.0,36190.1,0
2021-05-11,36005.2,36310.2,35821.1,36263.4,0
2021-05-12,36484.8,36565.1,36164.1,36308.6,0
2021-05-14,36486.9,36489.5,35627.4,35790.8,0
2021-05-17,35988.3,36278.1,35806.9,36242.4,0
2021-05-18,36609.9,36781.0,36555.9,36726.1,0
2021-05-19,36815.6,37041.9,36717.6,36967.3,0
2021-05-20,37047.4,37129.2,36762.2,36946.6,0
2021-05-21,37231.9,37312.9,37070.6,37104.9,0
2021-05-24,37241.0,37429.1,37200.1,37371.2,0
2021-05-25,37634.4,37670.2,37152.3,37239.8,0
2021-05-26,37359.5,37374.8,37105.3,37192.9,0
2021-05-27,37363.3,37448.9,37125.4,37366.5,0
2021-05-28,37533.0,37658.8,37341.4,37394.4,0
2021-05-31,37515.8,37791.6,37390.2,37728.6,0
2021-06-01,37872.4,37935.1,37450.8,37688.1,0
2021-06-02,37714.4,38430.1,37710.1,38379.9,0
2021-06-03,38587.9,38790.9,38518.6,38736.4,0
2021-06-04,38872.1,38945.1,38696.4,38914.5,0
2021-06-07,39084.3,39118.9,38904.5,38948.1,0
2021-06-08,39053.5,39150.6,38781.6,39096.8,0
2021-06-09,39200.2,39364.1,38487.4,38734.9,0
2021-06-10,38943.2,39235.8,38885.2,39207.6,0
2021-06-11,39347.4,39399.6,39007.4,39294.9,0
2021-06-14,39046.6,39191.2,38290.2,39121.9,0
2021-06-15,39246.9,39351.6,39172.4,39248.8,0
2021-06-16,39168.1,39310.1,38786.5,38883.1,0
2021-06-17,38496.3,38872.6,38352.1,38519.3,0
2021-06-18,38478.5,38554.9,37479.9,38315.1,0
2021-06-21,37872.9,38685.9,37769.1,38648.9,0
2021-06-22,38888.1,39106.6,38783.6,38839.1,0
2021-06-23,39048.8,39075.2,38482.4,38525.0,0
2021-06-24,38557.2,38582.2,38268.6,38340.9,0
2021-06-25,38436.5,38647.2,38341.9,38603.4,0
2021-06-28,38724.9,38874.3,38602.2,38754.4,0
2021-06-29,38779.3,39015.3,38593.2,38678.1,0
2021-06-30,38759.1,38846.9,38459.0,38513.2,0
2021-07-01,38588.3,38727.0,38524.6,38642.2,0
2021-07-02,38681.8,38726.7,38443.6,38533.9,0
2021-07-05,38713.6,38827.1,38643.7,38776.0,0
2021-07-06,38737.3,39070.2,38708.8,38772.8,0
2021-07-07,38765.2,39012.9,38625.0,38936.4,0
2021-07-08,39008.6,39184.7,38727.6,38855.6,0
2021-07-09,38871.4,38956.6,38794.1,38919.9,0
2021-07-12,39091.8,39148.8,38894.9,38949.4,0
2021-07-13,39116.1,39120.1,38804.7,38873.5,0
2021-07-14,38965.4,38973.4,38801.6,38874.0,0
2021-07-15,38987.2,39066.6,38930.8,39001.9,0
2021-07-16,39082.8,39217.2,38982.1,39188.1,0
2021-07-19,39020.4,39234.7,38760.1,38934.8,0
2021-07-20,38914.4,38936.2,38413.9,38676.2,0
2021-07-22,39001.6,39410.9,38956.2,39359.8,0
2021-07-23,39444.3,39521.9,39122.0,39312.4,0
2021-07-26,39371.8,39459.8,39167.9,39351.3,0
2021-07-27,39454.6,39572.2,39007.3,39105.4,0
2021-07-28,39213.2,39213.2,38659.9,39174.9,0
2021-07-29,39346.1,39430.8,39116.3,39196.2,0
2021-07-30,39347.0,39587.4,39210.0,39363.6,0
2021-08-02,39607.6,39757.2,39485.9,39721.4,0
2021-08-03,39904.8,40104.6,39828.1,40053.1,0
2021-08-04,40209.2,40273.4,39698.9,39765.9,0
2021-08-05,39861.4,39861.4,39401.1,39678.9,0
2021-08-06,39757.8,39861.6,39685.6,39762.9,0
2021-08-09,39931.7,39931.7,39402.5,39579.7,0
2021-08-10,39698.1,39750.4,39099.9,39420.4,0
2021-08-11,39436.6,39497.0,38634.4,39331.1,0
2021-08-12,39389.6,39488.4,39188.1,39451.8,0
2021-08-13,39529.3,39666.8,39344.9,39500.9,0
2021-08-16,39543.8,39584.3,39381.9,39548.1,0
2021-08-17,39568.8,39803.1,39382.9,39755.2,0
2021-08-18,39827.6,40080.1,39799.6,39973.6,0
2021-08-20,39660.4,39933.7,39228.9,39381.9,0
2021-08-23,39697.8,39770.6,39022.3,39220.1,0
2021-08-24,39460.4,39655.6,39233.3,39601.8,0
2021-08-25,39777.2,39842.1,39645.9,39784.9,0
2021-08-26,39932.5,40055.4,39733.9,39904.1,0
2021-08-27,40090.4,40427.0,39936.2,40403.9,0
2021-08-30,40594.9,41052.1,40585.9,41028.5,0
2021-08-31,41104.4,41639.6,40992.9,41585.4,0
2021-09-01,41790.1,41939.0,41595.3,41887.6,0
2021-09-02,41950.0,42345.7,41876.2,42315.6,0
2021-09-03,42521.7,42591.6,42288.8,42559.1,0
2021-09-06,42788.0,42790.9,42467.4,42503.5,0
2021-09-07,42626.9,42695.7,42186.9,42357.7,0
2021-09-08,42420.2,42637.6,42272.1,42588.9,0
2021-09-09,42578.2,42799.1,42508.6,42774.5,0
2021-09-13,42814.4,42958.3,42637.8,42907.5,0
2021-09-14,43082.0,43181.9,42948.6,43041.9,0
2021-09-15,43187.1,43268.1,43098.2,43212.1,0
2021-09-16,43406.0,43562.6,43307.4,43514.6,0
2021-09-17,43573.5,43633.3,42920.1,43157.2,0
2021-09-20,42797.6,43030.4,42262.8,42354.6,0
2021-09-21,42296.4,42766.4,41936.4,42725.1,0
2021-09-22,42807.6,43066.3,42754.3,42957.6,0
2021-09-23,43212.1,43478.6,43137.5,43437.7,0
2021-09-24,43596.1,43648.4,42959.9,43071.6,0
2021-09-27,43223.6,43235.6,42664.6,42949.8,0
2021-09-28,43043.7,43073.7,42423.9,42640.7,0
2021-09-29,42426.4,42664.8,42321.9,42411.1,0
2021-09-30,42519.7,42613.4,42284.2,42383.9,0
2021-10-01,42343.9,42560.2,42109.9,42513.6,0
2021-10-04,42772.4,43199.4,42679.2,43159.6,0
2021-10-05,43198.4,43382.4,43111.5,43332.2,0
2021-10-06,43546.5,43726.1,42832.8,42919.3,0
2021-10-07,43308.5,43506.1,43250.6,43371.1,0
2021-10-08,43580.6,43621.7,43218.3,43270.7,0
2021-10-11,43440.5,43630.2,43257.1,43465.1,0
2021-10-12,43596.1,43850.8,43392.7,43792.9,0
2021-10-13,44052.9,44401.1,43956.8,44217.2,0
2021-10-14,44444.4,44860.1,44427.8,44597.4,0
2021-10-18,45216.6,45290.8,44657.0,44708.1,0
2021-10-19,45138.9,45209.4,43954.6,44085.4,0
2021-10-20,44097.2,44122.1,43029.2,43322.7,0
2021-10-21,43628.9,43673.2,42633.6,43002.4,0
2021-10-22,43114.9,43204.8,42192.5,42403.8,0
2021-10-25,42592.6,42600.2,41371.2,42032.6,0
2021-10-26,42094.1,42586.9,42057.9,42528.9,0
2021-10-27,42666.4,42984.4,42610.4,42748.6,0
2021-10-28,42727.2,42737.2,41722.9,41842.6,0
2021-10-29,41899.6,42497.6,41273.1,42087.0,0
2021-11-01,42401.6,42692.0,42014.4,42610.9,0
2021-11-02,42678.9,42829.9,42565.4,42629.6,0
2021-11-03,42781.0,42950.4,42473.7,42872.5,0
2021-11-04,43165.9,43265.9,43052.9,43099.4,0
2021-11-08,43388.4,43713.9,42891.9,43660.9,0
2021-11-09,43736.9,43862.6,43571.6,43822.0,0
2021-11-10,43669.9,44003.7,43582.8,43898.4,0
2021-11-11,43902.0,43983.1,43598.7,43710.1,0
2021-11-12,44024.8,44265.6,43877.8,44242.6,0
2021-11-15,44490.6,44532.6,44209.0,44362.1,0
2021-11-16,44421.2,44597.5,44191.1,44290.2,0
2021-11-17,44194.2,44603.5,44148.9,44241.4,0
2021-11-18,44313.0,44388.3,43362.5,43615.4,0
2021-11-22,43777.1,43808.6,42321.4,42804.4,0
2021-11-23,42644.1,43519.2,42508.1,43448.1,0
2021-11-24,43557.2,43657.4,43073.6,43216.0,0
2021-11-25,43287.8,43683.9,42870.1,43588.7,0
2021-11-26,43189.8,43292.6,42143.8,42271.4,0
2021-11-29,42060.1,42203.6,41096.6,41883.7,0
2021-11-30,41852.1,42542.5,41574.9,41782.4,0
2021-12-01,41923.4,42196.6,41602.4,42022.6,0
2021-12-02,42131.0,42495.4,42003.9,42438.7,0
2021-12-03,42540.1,42726.4,42295.2,42353.6,0
2021-12-06,42460.6,42470.3,41466.0,41536.7,0
2021-12-07,41867.5,42269.6,41728.7,42165.6,0
2021-12-08,42356.8,42743.9,42351.0,42711.9,0
2021-12-09,42825.0,42882.5,42572.7,42801.9,0
2021-12-10,42772.8,43013.8,42737.4,42968.1,0
2021-12-13,43338.1,43413.6,42699.4,42760.1,0
2021-12-14,42673.6,42939.2,42500.9,42900.0,0
2021-12-15,42910.1,42945.1,42486.8,42545.8,0
2021-12-16,42812.6,42854.2,42306.4,42399.0,0
2021-12-17,42341.1,42367.1,41259.6,41353.6,0
2021-12-20,40957.6,40980.9,39720.4,40183.9,0
2021-12-21,40481.4,41186.9,40430.3,40941.8,0
2021-12-22,41187.5,41568.1,41128.9,41503.5,0
2021-12-23,41787.3,41989.1,41762.8,41947.0,0
2021-12-24,42067.8,42094.4,41465.6,41509.1,0
2021-12-27,41459.6,41666.2,41134.6,41618.6,0
2021-12-28,41833.2,42022.2,41794.9,41993.6,0
2021-12-29,42002.1,42117.1,41836.0,41898.1,0
2021-12-30,41849.8,41867.6,41507.5,41577.5,0
2021-12-31,41641.1,42258.3,41638.8,42217.9,0
2022-01-03,42323.5,42607.9,42289.6,42549.7,0
2022-01-04,42746.8,42776.8,42247.1,42556.4,0
2022-01-05,42574.4,42789.2,42431.5,42760.4,0
2022-01-06,42531.1,42678.6,42300.4,42649.6,0
2022-01-07,42739.1,42964.9,42574.2,42826.4,0
2022-01-10,42916.6,43034.8,42784.4,42994.3,0
2022-01-11,43009.4,43073.4,42759.6,42975.3,0
2022-01-12,43240.9,43329.1,43007.8,43295.8,0
2022-01-13,43446.4,43531.1,43205.9,43488.8,0
2022-01-14,43353.1,43602.4,43181.7,43551.8,0
2022-01-17,43605.1,43748.6,43334.9,43713.2,0
2022-01-18,43863.1,43938.8,42868.9,42958.6,0
2022-01-19,43008.4,43036.9,42564.4,42928.2,0
2022-01-20,42990.9,43081.2,42689.1,42895.9,0
2022-01-21,42662.8,42683.6,41832.8,42182.2,0
2022-01-24,42198.8,42206.9,40199.9,40616.1,0
2022-01-25,40223.1,41165.5,39753.9,40998.8,0
2022-01-27,40665.1,40671.8,39909.4,40299.3,0
2022-01-28,40591.6,41314.6,40556.9,40633.2,0
2022-01-31,41115.6,41327.9,41027.2,41097.2,0
2022-02-01,41427.6,41898.2,41085.9,41810.6,0
2022-02-02,42000.4,42286.0,41918.9,42249.1,0
2022-02-03,42198.0,42233.6,41942.6,42030.1,0
2022-02-04,42117.8,42263.6,41872.2,41998.0,0
2022-02-07,42100.0,42285.1,41506.4,41716.9,0
2022-02-08,41844.6,41959.2,41192.9,41522.1,0
2022-02-09,41736.9,42038.0,41671.2,41991.9,0
2022-02-10,42117.9,42205.6,41817.8,42165.4,0
2022-02-11,41920.0,41920.4,41422.3,41553.1,0
2022-02-14,40661.8,40970.4,40055.1,40164.8,0
2022-02-15,40317.1,41180.0,39853.7,41138.8,0
2022-02-16,41412.6,41536.6,40936.0,41058.2,0
2022-02-17,41265.2,41408.0,41031.0,41145.6,0
2022-02-18,41002.6,41156.5,40650.5,40709.1,0
2022-02-21,40537.9,40650.9,40013.1,40177.4,0
2022-02-22,39289.1,40167.1,39218.9,40096.9,0
2022-02-23,40318.3,40632.6,40309.1,40434.2,0
2022-02-24,39060.1,39448.6,38082.7,38165.2,0
2022-02-25,38873.4,39755.0,38834.7,39609.4,0
2022-02-28,39328.3,40105.2,38917.3,40052.1,0
2022-03-02,39798.9,40267.6,39687.5,40063.9,0
2022-03-03,40599.8,40647.5,39914.6,40010.5,0
2022-03-04,39779.8,39831.2,38980.8,39042.3,0
2022-03-07,38404.1,38430.2,37712.1,38014.9,0
2022-03-08,38087.6,38674.2,37672.6,38587.9,0
2022-03-09,38905.4,39353.4,38691.4,39132.9,0
2022-03-10,39959.5,40059.8,39591.1,39890.8,0
2022-03-11,39813.5,40130.6,39696.9,40087.1,0
2022-03-14,40121.4,40207.4,39649.6,39939.9,0
2022-03-15,40028.3,40169.8,39304.6,39567.4,0
2022-03-16,40015.4,40491.9,40004.2,40462.0,0
2022-03-17,40906.6,41128.3,40824.5,41059.0,0
2022-03-21,41183.6,41231.4,40430.3,40504.2,0
2022-03-22,40554.4,40621.1,39970.8,40572.9,0
2022-03-23,40838.9,40923.9,40543.8,40660.9,0
2022-03-24,40505.1,40819.1,40445.6,40738.0,0
2022-03-25,40959.2,40979.1,40471.3,40754.6,0
2022-03-28,40903.2,40909.7,40261.2,40614.8,0
2022-03-29,40828.1,40898.7,40684.0,40811.9,0
2022-03-30,41106.8,41377.0,40857.1,41054.7,0
2022-03-31,41177.0,41345.1,40984.2,41115.4,0
2022-04-01,41236.4,41823.1,41176.3,41754.1,0
2022-04-04,41912.0,42447.6,41902.9,42403.9,0
2022-04-05,42628.2,43000.1,42453.2,42753.2,0
2022-04-06,42636.1,42950.4,42486.4,42910.4,0
2022-04-07,42977.7,43419.8,42697.4,42784.3,0
2022-04-08,43113.9,43536.2,43058.4,43445.9,0
2022-04-11,43580.6,44010.8,43548.6,43878.1,0
2022-04-12,43982.0,44112.6,43116.2,43382.2,0
2022-04-13,43625.2,43802.1,43386.2,43443.9,0
2022-04-18,43185.5,43365.3,42784.4,43289.4,0
2022-04-19,43631.7,43825.9,42190.7,42500.4,0
2022-04-20,42780.4,43020.9,42528.7,42713.0,0
2022-04-21,43037.9,43326.2,42890.4,43256.1,0
2022-04-22,43075.5,43191.9,42870.9,42934.6,0
2022-04-25,42498.8,42498.8,41956.5,42084.4,0
2022-04-26,42505.4,43145.5,42489.4,43072.2,0
2022-04-27,42830.6,42960.9,42320.3,42504.8,0
2022-04-28,42941.9,43171.7,42516.1,43086.1,0
2022-04-29,43309.7,43412.4,42393.9,42533.9,0
2022-05-02,42268.7,42422.4,42029.8,42381.1,0
2022-05-04,42523.4,42577.8,40951.1,41162.4,0
2022-05-05,41603.7,41728.0,41071.9,41225.6,0
2022-05-06,40511.1,40653.2,40160.4,40354.2,0
2022-05-09,40028.2,40080.1,39445.7,39574.6,0
2022-05-10,39543.8,39998.4,38600.5,38690.1,0
2022-05-11,38857.8,39348.2,37925.6,38645.7,0
2022-05-12,38462.1,38517.7,37383.4,37675.9,0
2022-05-13,38171.2,38557.4,37321.4,37507.5,0
2022-05-16,37858.4,38250.8,37447.1,38074.1,0
2022-05-17,38480.1,39091.6,38153.6,39047.8,0
2022-05-18,39311.0,39585.5,38999.2,39069.0,0
2022-05-19,38119.4,38311.8,37828.7,38000.0,0
2022-05-20,38611.9,38654.7,38404.1,38569.1,0
2022-05-23,38663.4,38787.4,38166.9,38234.1,0
2022-05-24,38381.9,38429.2,37759.3,37912.4,0
2022-05-25,38068.9,38135.5,37182.4,37268.3,0
2022-05-26,37460.6,37967.6,36533.9,37784.1,0
2022-05-27,38105.1,38135.6,37792.8,38039.6,0
2022-05-30,38418.6,38979.3,38356.2,38945.8,0
2022-05-31,38872.6,39332.2,38701.4,38981.8,0
2022-06-01,38955.9,39148.2,38373.5,38615.7,0
2022-06-02,38574.6,38850.6,38474.4,38818.5,0
2022-06-03,39095.1,39178.1,38213.7,38257.6,0
2022-06-06,38179.0,38220.2,37687.3,38146.2,0
2022-06-07,37934.0,37969.6,37676.1,37826.1,0
2022-06-08,37965.9,38048.7,37503.6,37707.9,0
2022-06-09,37540.8,38038.8,37376.9,38002.9,0
2022-06-10,37654.4,37815.9,37514.7,37657.1,0
2022-06-13,37019.6,37178.3,36701.2,36842.0,0
2022-06-14,36859.9,37278.4,36612.8,36955.4,0
2022-06-15,37192.9,37238.1,36956.5,37036.1,0
2022-06-16,37438.0,37452.4,36103.5,36268.7,0
2022-06-17,36037.1,36262.1,35534.9,35668.2,0
2022-06-20,35805.9,35856.2,35018.2,35405.4,0
2022-06-21,35729.6,36481.1,35600.0,36381.1,0
2022-06-22,36232.6,36232.6,35616.0,35716.2,0
2022-06-23,35811.7,36279.5,35714.2,36141.1,0
2022-06-24,36419.9,36657.1,36353.9,36616.3,0
2022-06-27,37066.2,37093.4,36805.1,36882.4,0
2022-06-28,36772.1,36986.7,36420.6,36937.2,0
2022-06-29,36566.0,36807.7,36516.1,36679.2,0
2022-06-30,36712.1,36929.2,36440.5,36505.4,0
2022-07-01,36477.9,36991.4,36190.8,36901.2,0
2022-07-04,36937.1,37316.6,36833.8,37273.9,0
2022-07-05,37439.8,37696.6,37217.8,37306.0,0
2022-07-06,37318.9,37986.0,37221.8,37937.6,0
2022-07-07,38230.4,38332.3,38049.6,38264.4,0
2022-07-08,38499.8,38511.4,38069.4,38374.6,0
2022-07-11,38292.1,39053.4,38252.9,38979.6,0
2022-07-12,38854.4,39078.8,38749.3,38849.2,0
2022-07-13,39047.8,39157.4,38706.4,38835.8,0
2022-07-14,39010.4,39041.6,38390.9,38791.4,0
2022-07-15,38960.8,39087.6,38757.1,38944.4,0
2022-07-18,39228.4,39507.1,39140.3,39466.8,0
2022-07-19,39347.7,39733.6,39308.1,39657.7,0
2022-07-20,40022.7,40023.8,39653.7,39730.6,0
2022-07-21,39761.9,40381.9,39654.1,40314.4,0
2022-07-22,40472.7,40482.1,40013.9,40165.0,0
2022-07-25,40213.2,40218.9,39947.1,40122.5,0
2022-07-26,40164.1,40165.9,39522.9,39613.1,0
2022-07-27,39579.6,39967.4,39471.3,39938.9,0
2022-07-28,40112.1,40428.9,40007.0,40397.6,0
2022-07-29,40675.1,41016.6,40647.6,40906.1,0
2022-08-01,41124.9,41535.1,40853.4,41499.8,0
2022-08-02,41536.9,41738.6,41342.1,41674.1,0
2022-08-03,41666.4,41775.8,41121.8,41514.1,0
2022-08-04,41719.5,41837.4,41047.4,41724.9,0
2022-08-05,41899.1,42014.1,41612.3,41684.2,0
2022-08-08,41766.9,41930.7,41631.8,41894.1,0
2022-08-10,42026.3,42062.2,41596.8,41748.9,0
2022-08-11,42038.0,42125.9,41937.7,42095.3,0
2022-08-12,42132.0,42298.9,42052.6,42211.4,0
2022-08-16,42428.3,42911.2,42388.9,42877.5,0
2022-08-17,43035.9,43372.8,43017.0,43313.1,0
2022-08-18,43299.6,43677.9,43193.3,43576.9,0
2022-08-19,43708.1,43864.3,43001.2,43133.8,0
2022-08-22,43042.0,43063.1,42256.2,42337.5,0
2022-08-23,41959.9,42661.6,41946.6,42543.6,0
2022-08-24,42533.1,42821.4,42274.8,42797.2,0
2022-08-25,42999.6,43204.5,42721.1,42808.5,0
2022-08-26,43082.1,43254.9,42953.2,43030.6,0
2022-08-29,41917.2,42852.6,41870.5,42773.6,0
2022-08-30,43101.2,43759.1,43082.5,43709.1,0
2022-09-01,43403.9,43848.4,43340.8,43713.8,0
2022-09-02,43964.4,44013.9,43557.1,43633.6,0
2022-09-05,43748.1,43849.5,43518.0,43582.8,0
2022-09-06,43806.9,43895.6,43571.6,43865.6,0
2022-09-07,43767.2,44117.9,43702.3,44019.4,0
2022-09-08,44331.9,44342.2,44002.2,44137.4,0
2022-09-09,44477.6,44477.8,43951.4,44109.9,0
2022-09-12,44268.7,44677.6,44245.6,44635.6,0
2022-09-13,44887.4,44986.6,44723.9,44928.6,0
2022-09-14,44239.2,45280.1,44237.2,45133.3,0
2022-09-15,45408.8,45509.7,45007.7,45413.4,0
2022-09-16,45275.8,45403.3,43821.2,44093.4,0
2022-09-19,44255.2,44517.4,43700.8,44238.4,0
2022-09-20,44654.9,45042.8,44608.9,44735.7,0
2022-09-21,44752.4,44958.8,43921.6,44021.1,0
2022-09-22,43857.0,44296.9,43623.1,44207.2,0
2022-09-23,44292.6,44371.5,43353.8,43415.1,0
2022-09-26,43071.8,43081.1,42027.4,42236.1,0
2022-09-27,42459.4,42740.0,41916.1,42347.8,0
2022-09-28,42043.8,42504.1,41861.2,42083.8,0
2022-09-29,42463.9,42699.5,41858.9,41949.2,0
2022-09-30,41913.8,42461.2,41534.7,42385.4,0
2022-10-03,42422.1,42522.6,41134.1,41412.2,0
2022-10-04,42209.5,42423.7,41902.8,42381.4,0
2022-10-06,42675.5,42843.0,42518.6,42717.8,0
2022-10-07,42723.3,42729.9,42240.8,42646.7,0
2022-10-10,42122.8,42414.1,41893.4,42292.4,0
2022-10-11,42506.6,42506.6,41406.8,41514.7,0
2022-10-12,41644.1,41900.9,41234.6,41847.6,0
2022-10-13,41847.4,41940.8,41312.2,41438.0,0
2022-10-14,42108.5,42120.8,41238.2,41287.8,0
2022-10-17,41239.8,41611.4,40953.6,41555.8,0
2022-10-18,41757.3,42035.6,41743.3,41984.6,0
2022-10-19,42156.7,42249.9,41874.2,41933.5,0
2022-10-20,41793.5,42427.4,41691.6,42339.8,0
2022-10-21,42433.7,42483.1,41609.6,41777.6,0
2022-10-24,42215.8,42220.1,41843.5,41912.0,0
2022-10-25,41979.4,42021.1,41639.5,41914.8,0
2022-10-27,42169.1,42489.1,42034.4,42395.3,0
2022-10-28,42467.1,42468.4,41974.2,42189.6,0
2022-10-31,42326.4,42680.7,42308.3,42623.9,0
2022-11-01,42765.1,43105.6,42739.2,43059.1,0
2022-11-02,43069.9,43141.8,42863.7,42968.4,0
2022-11-03,42727.3,43061.4,42684.1,43018.6,0
2022-11-04,43082.6,43147.2,42857.4,43097.3,0
2022-11-07,43312.5,43354.1,42980.1,43284.5,0
2022-11-09,43454.9,43515.9,43087.8,43199.7,0
2022-11-10,43074.1,43169.2,42541.6,42778.1,0
2022-11-11,43224.2,43329.2,43033.8,43189.0,0
2022-11-14,43283.9,43496.7,43214.9,43419.9,0
2022-11-15,43530.3,43537.6,43260.2,43492.6,0
2022-11-16,43539.2,43557.9,42962.6,43173.9,0
2022-11-17,43148.8,43175.1,42769.2,42848.9,0
2022-11-18,42995.8,43043.6,42378.1,42605.8,0
2022-11-21,42571.2,42586.3,42290.0,42371.6,0
2022-11-22,42398.8,42513.2,42260.4,42473.3,0
2022-11-23,42631.9,42670.1,42490.2,42554.4,0
2022-11-24,42680.4,42747.9,42616.4,42717.6,0
2022-11-25,42850.7,42866.3,42620.4,42835.4,0
2022-11-28,42874.6,43104.8,42844.4,42929.3,0
2022-11-29,42995.9,43284.8,42958.4,43147.1,0
2022-11-30,43237.4,43837.5,43203.5,43687.9,0
2022-12-01,43927.5,43973.8,43733.4,43857.4,0
2022-12-02,43918.9,43956.8,43720.4,43920.5,0
2022-12-05,44028.4,44070.8,43594.0,43845.2,0
2022-12-06,43781.2,43915.7,43709.6,43806.2,0
2022-12-07,43936.7,44085.4,43767.7,43892.2,0
2022-12-08,44001.4,44098.2,43924.4,44068.4,0
2022-12-09,44260.4,44310.4,43499.8,43798.6,0
2022-12-12,43798.8,43852.8,43410.6,43806.9,0
2022-12-13,43964.9,44005.1,43667.9,43734.4,0
2022-12-14,43851.3,44038.9,43808.4,43937.1,0
2022-12-15,43895.9,44008.6,43448.1,43544.1,0
2022-12-16,43396.9,43524.8,42940.2,42986.3,0
2022-12-19,43031.7,43456.9,42849.9,43413.5,0
2022-12-20,43348.7,43379.4,42935.0,43329.2,0
2022-12-21,43464.1,43620.8,42492.6,42638.6,0
2022-12-22,42775.4,42962.4,42044.8,42326.4,0
2022-12-23,42008.1,42075.8,40627.0,40753.8,0
2022-12-26,40773.0,41856.6,40401.4,41712.7,0
2022-12-27,41946.7,42178.4,41764.8,42139.4,0
2022-12-28,42116.6,42395.1,41987.2,42261.4,0
2022-12-29,42089.4,42435.6,41739.9,42252.6,0
2022-12-30,42542.8,42665.4,42105.3,42187.6,0
2023-01-02,42321.1,42409.9,42117.7,42248.4,0
2023-01-03,42332.6,42515.1,42287.6,42434.2,0
2023-01-04,42454.3,42481.2,41800.0,41861.2,0
2023-01-05,42042.1,42211.5,41731.9,42150.5,0
2023-01-06,42197.4,42257.0,41700.7,41841.4,0
2023-01-09,42093.3,42244.0,41906.9,42179.8,0
2023-01-10,42250.0,42256.6,41700.6,42026.3,0
2023-01-11,42103.8,42153.7,41808.4,41889.9,0
2023-01-12,41974.9,42027.4,41787.7,41978.9,0
2023-01-13,42052.7,42184.9,41815.1,42152.4,0
2023-01-16,42201.4,42263.9,41985.1,42125.1,0
2023-01-17,42186.7,42258.1,41894.9,42161.5,0
2023-01-18,42206.5,42221.9,41977.1,42165.1,0
2023-01-19,42057.3,42094.2,41862.6,42019.1,0
2023-01-20,42042.8,42085.6,41791.4,41861.4,0
2023-01-23,41960.9,42049.1,41815.1,41926.2,0
2023-01-24,42037.9,42071.1,41763.9,41820.6,0
2023-01-25,41673.3,41696.3,40711.4,40768.2,0
2023-01-27,40683.8,40702.6,38754.4,39250.4,0
2023-01-30,38952.2,39463.6,38307.9,38802.9,0
2023-01-31,38849.4,39293.6,38658.3,39199.3,0
2023-02-01,39488.2,39571.8,37872.6,38565.1,0
2023-02-02,38293.1,38607.3,37949.6,38473.9,0
2023-02-03,38455.4,38506.2,37846.1,38464.1,0
2023-02-06,38463.6,38720.3,38294.7,38677.6,0
2023-02-07,38644.6,38758.7,38469.6,38615.5,0
2023-02-08,38704.8,38988.9,38659.2,38961.0,0
2023-02-09,38894.6,38896.5,38680.2,38767.2,0
2023-02-10,38683.4,38799.4,38576.9,38735.4,0
2023-02-13,38674.8,38699.2,38138.3,38177.1,0
2023-02-14,38130.3,38215.4,37952.4,38134.9,0
2023-02-15,38042.4,38449.1,38013.0,38405.2,0
2023-02-16,38488.6,38749.1,38457.2,38680.1,0
2023-02-17,38526.9,38672.0,38357.9,38439.4,0
2023-02-20,38447.6,38514.6,38191.8,38319.3,0
2023-02-21,38417.6,38469.5,38203.4,38248.2,0
2023-02-22,38074.4,38074.4,37574.0,37698.0,0
2023-02-23,37709.2,37730.2,37290.3,37536.3,0
2023-02-24,37622.2,37721.4,37382.7,37504.2,0
2023-02-27,37372.5,37387.2,36850.8,37153.1,0
2023-02-28,37159.6,37390.0,37054.5,37252.6,0
2023-03-01,37294.1,37713.2,37294.1,37686.6,0
2023-03-02,37724.2,37756.5,37552.8,37665.6,0
2023-03-03,37921.4,38097.6,37865.1,38008.1,0
2023-03-06,38234.9,38406.4,38222.0,38310.6,0
2023-03-08,38209.8,38483.4,38022.1,38452.8,0
2023-03-09,38570.3,38643.8,38124.6,38171.9,0
2023-03-10,37935.0,38115.8,37693.8,38083.2,0
2023-03-13,38101.1,38268.2,37535.6,37594.9,0
2023-03-14,37611.9,37669.2,37150.4,37375.6,0
2023-03-15,37586.6,37647.9,37302.2,37354.0,0
2023-03-16,37348.9,37685.1,36926.9,37579.1,0
2023-03-17,37895.7,37987.1,37727.9,37787.4,0
2023-03-20,37572.1,37680.2,37254.1,37512.4,0
2023-03-21,37690.2,37796.6,37497.5,37728.7,0
2023-03-22,37895.3,38061.4,37876.9,37973.0,0
2023-03-23,37894.6,37989.7,37779.1,37818.6,0
2023-03-24,37929.0,37951.2,37472.6,37528.6,0
2023-03-27,37570.9,37696.9,37287.1,37334.0,0
2023-03-28,37319.4,37328.6,36895.6,36982.3,0
2023-03-29,36911.4,37383.1,36903.1,37279.0,0
2023-03-31,37493.0,37848.4,37488.4,37797.8,0
2023-04-03,37987.4,37987.8,37687.2,37891.4,0
2023-04-05,37905.3,38125.9,37828.2,38094.3,0
2023-04-06,38119.4,38231.6,38008.4,38187.1,0
2023-04-10,38293.7,38375.9,38159.1,38296.8,0
2023-04-11,38467.6,38580.1,38245.6,38379.6,0
2023-04-12,38482.4,38588.4,38403.1,38560.9,0
2023-04-13,38592.0,38623.3,38411.6,38496.8,0
2023-04-17,38498.4,38690.0,38300.9,38663.5,0
2023-04-18,38745.9,38885.6,38620.7,38806.1,0
2023-04-19,38834.5,38841.3,38415.9,38459.9,0
2023-04-20,38513.5,38581.9,38414.4,38475.6,0
2023-04-21,38524.0,38548.6,38303.2,38426.1,0
2023-04-24,38521.8,38592.5,38380.8,38572.0,0
2023-04-25,38613.4,38809.1,38570.9,38738.6,0
2023-04-26,38722.9,38913.2,38679.7,38888.4,0
2023-04-27,38917.5,39022.7,38841.7,38992.0,0
2023-04-28,39100.7,39558.8,39032.1,39514.2,0
2023-05-02,39647.6,39828.9,39606.9,39774.5,0
2023-05-03,39731.4,39931.8,39658.3,39845.1,0
2023-05-04,39949.6,40119.9,39881.2,40096.1,0
2023-05-05,40101.6,40303.2,40034.2,40091.2,0
2023-05-08,40174.1,40391.9,40153.1,40365.1,0
2023-05-09,40447.0,40613.6,40218.3,40323.3,0
2023-05-10,40386.8,40580.1,40256.0,40551.5,0
2023-05-11,40741.6,40900.8,40648.2,40867.0,0
2023-05-12,40874.0,40976.1,40651.0,40801.1,0
2023-05-15,40825.2,41145.9,40778.7,40995.1,0
2023-05-16,41097.2,41256.8,41018.4,41052.1,0
2023-05-17,41124.5,41137.0,40668.6,40821.4,0
2023-05-18,40983.2,41044.2,40353.4,40415.4,0
2023-05-19,40453.4,40630.5,40090.2,40546.1,0
2023-05-22,40601.9,40938.2,40465.9,40923.4,0
2023-05-23,41100.0,41194.0,40968.1,41010.4,0
2023-05-24,41014.6,41122.6,40897.7,40984.1,0
2023-05-25,41005.2,41275.2,40944.6,41213.3,0
2023-05-26,41225.5,41710.9,41186.4,41684.7,0
2023-05-29,41980.5,41996.9,41840.2,41925.3,0
2023-05-30,41961.6,42031.2,41834.9,41946.0,0
2023-05-31,41899.4,42129.4,41804.9,42049.3,0
2023-06-01,42132.9,42320.9,42067.8,42154.7,0
2023-06-02,42290.3,42372.9,42216.1,42331.4,0
2023-06-05,42419.0,42546.6,42360.4,42401.4,0
2023-06-06,42475.3,42642.9,42352.6,42597.1,0
2023-06-07,42766.3,43027.6,42710.4,42998.5,0
2023-06-08,43103.6,43119.5,42652.4,42713.4,0
2023-06-09,42804.1,42862.7,42630.4,42672.6,0
2023-06-12,42793.2,42946.4,42646.5,42870.6,0
2023-06-13,43039.3,43304.5,42997.2,43278.6,0
2023-06-14,43407.8,43424.9,43250.8,43379.2,0
2023-06-15,43460.0,43641.2,43339.1,43393.9,0
2023-06-16,43568.6,43932.4,43530.0,43836.8,0
2023-06-19,43978.2,44054.1,43709.1,43764.7,0
2023-06-20,43861.4,43978.2,43674.1,43926.3,0
2023-06-21,44044.1,44175.6,43749.5,43905.6,0
2023-06-22,43984.9,43985.1,43341.1,43387.1,0
2023-06-23,43406.5,43414.8,42781.6,42833.1,0
2023-06-26,42669.3,43070.8,42589.9,43006.6,0
2023-06-27,43149.6,43254.5,43074.1,43192.6,0
2023-06-28,43381.8,43524.1,43263.3,43465.4,0
2023-06-30,43622.6,43782.9,43575.5,43750.3,0
2023-07-03,43921.8,43966.1,43780.9,43924.9,0
2023-07-04,44073.6,44081.0,43647.9,43758.2,0
2023-07-05,43932.3,44156.8,43867.1,44108.0,0
2023-07-06,44209.4,44396.8,44136.7,44372.1,0
2023-07-07,44371.4,44510.1,43928.0,44002.5,0
2023-07-10,44120.0,44132.9,43659.7,43759.9,0
2023-07-11,43866.3,44210.1,43812.6,44090.8,0
2023-07-12,44186.4,44231.1,43949.2,44202.9,0
2023-07-13,44392.1,44473.2,43781.1,43917.1,0
2023-07-14,44113.8,44286.6,43890.4,44243.1,0
2023-07-17,44334.9,44437.9,44258.4,44370.1,0
2023-07-18,44506.9,44507.1,44053.1,44180.6,0
2023-07-19,44289.6,44444.9,44242.2,44414.4,0
2023-07-20,44489.6,44506.1,44166.4,44350.8,0
2023-07-21,44292.7,44401.1,44139.8,44184.8,0
2023-07-24,44256.6,44345.2,44113.1,44176.8,0
2023-07-25,44253.2,44432.2,44118.0,44407.6,0
2023-07-26,44579.6,44622.0,44446.4,44568.2,0
2023-07-27,44682.3,44824.0,44543.3,44696.4,0
2023-07-28,44858.4,45187.9,44732.5,45166.4,0
2023-07-31,45156.0,45368.4,45151.7,45287.0,0
2023-08-01,45393.6,45408.6,45170.6,45263.2,0
2023-08-02,45219.6,45242.4,44316.6,44645.8,0
2023-08-03,44588.4,44621.1,44150.1,44414.6,0
2023-08-04,44637.1,44913.9,44627.8,44765.0,0
2023-08-07,44908.0,44930.9,44696.9,44838.4,0
2023-08-08,44953.9,44989.6,44547.8,44838.8,0
2023-08-09,44950.8,44983.1,44728.2,44948.1,0
2023-08-10,45009.5,45009.5,44578.0,44676.1,0
2023-08-11,44824.2,44862.5,44508.0,44566.7,0
2023-08-14,44460.6,44460.6,43600.1,44008.8,0
2023-08-16,43889.2,44045.1,43662.1,44009.8,0
2023-08-17,44075.6,44127.2,43838.1,43892.9,0
2023-08-18,43855.6,43883.1,43613.2,43681.0,0
2023-08-21,43756.4,44064.6,43691.1,44033.9,0
2023-08-22,44176.3,44359.7,44142.6,44324.5,0
2023-08-23,44466.0,44555.9,44316.2,44346.0,0
2023-08-24,44626.9,44730.4,44458.1,44504.6,0
2023-08-25,44431.0,44531.2,44008.8,44087.6,0
2023-08-28,44276.9,44400.5,44121.9,44326.4,0
2023-08-29,44460.6,44628.4,44405.1,44589.4,0
2023-08-30,44798.4,44905.9,44709.9,44743.2,0
2023-08-31,44785.6,44797.1,44375.3,44415.5,0
2023-09-01,44493.7,44836.7,44403.6,44799.8,0
2023-09-04,45026.4,45244.2,44799.8,45201.0,0
2023-09-05,45348.1,45433.7,45126.3,45294.1,0
2023-09-06,45382.6,45531.2,45287.5,45508.1,0
2023-09-07,45569.4,45794.9,45508.1,45739.4,0
2023-09-08,45893.4,46207.1,45739.4,46110.8,0
2023-09-11,46359.6,46637.1,46277.8,46585.7,0
2023-09-12,46796.6,46799.0,45430.6,45515.4,0
2023-09-13,45496.4,45735.8,45068.1,45655.4,0
2023-09-14,45861.6,46030.4,45743.9,45971.2,0
2023-09-15,46116.1,46146.5,45889.3,46051.9,0
2023-09-18,46296.1,46296.4,45979.7,46026.1,0
2023-09-20,45915.7,46058.0,45550.2,45620.6,0
2023-09-21,45586.9,45718.9,45125.9,45231.2,0
2023-09-22,45265.1,45506.9,45008.1,45176.0,0
2023-09-25,45248.6,45281.4,44876.4,45070.9,0
2023-09-26,45092.9,45285.1,45085.1,45158.9,0
2023-09-27,45173.5,45245.0,44896.8,45222.6,0
2023-09-28,45286.2,45311.9,44469.9,44548.8,0
2023-09-29,44739.6,45163.7,44672.6,45036.6,0
2023-10-03,45133.1,45213.5,44901.9,45186.8,0
2023-10-04,45068.7,45084.7,44337.8,44560.9,0
2023-10-05,44759.9,44862.9,44521.8,44669.6,0
2023-10-06,44886.4,44987.1,44780.2,44950.4,0
2023-10-09,44550.9,44605.0,44251.2,44407.1,0
2023-10-10,44596.7,45035.1,44581.0,45006.2,0
2023-10-11,45199.4,45382.4,45160.1,45237.1,0
2023-10-12,45368.8,45435.1,45285.1,45342.0,0
2023-10-13,45158.2,45403.0,45114.9,45290.3,0
2023-10-16,45271.6,45502.9,45202.4,45421.4,0
2023-10-17,45595.1,45652.6,45518.7,45586.8,0
2023-10-18,45625.9,45636.4,45011.1,45120.2,0
2023-10-19,44911.6,45065.8,44682.2,44974.5,0
2023-10-20,44883.9,44911.1,44464.9,44547.6,0
2023-10-23,44552.8,44604.1,43574.6,43684.8,0
2023-10-25,43762.4,44022.9,43144.1,43418.6,0
2023-10-26,43226.3,43228.4,42539.1,42994.5,0
2023-10-27,43257.8,43939.4,43252.5,43837.5,0
2023-10-30,43923.9,43982.9,43462.9,43906.6,0
2023-10-31,44133.9,44183.1,43890.9,44019.1,0
2023-11-01,44122.1,44216.2,43718.6,43783.1,0
2023-11-02,44114.8,44478.4,44086.3,44451.1,0
2023-11-03,44691.4,44907.9,44613.4,44885.0,0
2023-11-06,45061.8,45269.4,44985.4,45227.4,0
2023-11-07,45302.5,45641.1,45137.9,45593.3,0
2023-11-08,45798.9,45912.2,45695.6,45894.9,0
2023-11-09,45996.2,46011.2,45628.1,45660.4,0
2023-11-10,45568.6,45767.5,45378.5,45724.2,0
2023-11-12,46070.3,46090.1,45897.1,45942.9,0
2023-11-13,45898.2,46009.9,45739.6,45986.7,0
2023-11-15,46348.1,46478.6,46155.1,46425.6,0
2023-11-16,46486.4,46691.2,46330.2,46591.6,0
2023-11-17,46510.9,46870.8,46422.9,46838.2,0
2023-11-20,46943.6,46948.6,46640.4,46716.9,0
2023-11-21,46887.6,46935.1,46683.9,46718.2,0
2023-11-22,46768.8,46851.1,46367.9,46541.1,0
2023-11-23,46651.4,46781.4,46549.4,46675.6,0
2023-11-24,46762.8,46819.0,46578.1,46607.8,0
2023-11-28,46793.3,47216.2,46718.6,47161.9,0
2023-11-29,47471.9,47556.4,47414.2,47487.5,0
2023-11-30,47550.5,48082.9,47382.7,48020.4,0
2023-12-01,48373.1,48565.6,48197.4,48486.4,0
2023-12-04,49347.6,49473.1,49071.4,49424.8,0
2023-12-05,49568.0,49956.6,49405.7,49937.4,0
2023-12-06,50223.4,50621.8,50184.4,50517.4,0
2023-12-07,50753.2,50987.2,50544.4,50920.6,0
2023-12-08,51197.7,51289.6,50079.0,50608.8,0
2023-12-11,50770.1,51172.9,50696.9,51139.6,0
2023-12-12,51324.1,51352.4,50583.9,50813.2,0
2023-12-13,50984.6,51321.6,50687.4,51273.5,0
2023-12-14,51651.2,52004.7,51540.8,51925.4,0
2023-12-15,52191.6,52210.6,51836.2,51957.4,0
2023-12-18,52090.0,52369.0,51796.8,52301.0,0
2023-12-19,52481.9,52515.8,51917.7,52387.2,0
2023-12-20,52734.6,52823.4,50688.0,50844.6,0
2023-12-21,50385.4,51594.2,50102.9,51520.6,0
2023-12-22,51845.9,51999.5,51514.9,51944.0,0
2023-12-26,52201.1,52483.3,52113.2,52434.9,0
2023-12-27,52699.4,52875.0,52428.9,52680.2,0
2023-12-28,52906.8,53038.6,52734.8,52964.1,0
2023-12-29,53033.6,53388.9,52845.1,53344.8,0
2024-01-01,53551.6,53648.9,53297.9,53409.8,0
2024-01-02,53586.4,53604.4,52605.2,53277.5,0
2024-01-03,53408.4,53842.1,53225.2,53680.4,0
2024-01-04,53908.9,54434.2,53897.8,54359.9,0
2024-01-05,54582.1,54687.6,53949.0,54295.2,0
2024-01-08,54450.0,54450.0,53670.0,53728.9,0
2024-01-09,54115.2,54297.6,53891.6,53960.6,0
2024-01-10,53997.6,54131.9,53490.1,54077.6,0
2024-01-11,54355.2,54675.6,54318.9,54595.6,0
2024-01-12,54847.6,54852.9,54587.1,54742.9,0
2024-01-15,55013.2,55025.6,54530.6,54936.6,0
2024-01-16,55013.0,55056.8,54515.0,54816.9,0
2024-01-17,54478.6,54813.1,54116.6,54206.2,0
2024-01-18,54052.6,54150.9,52766.3,53948.4,0
2024-01-19,54297.2,54741.8,54250.9,54709.0,0
2024-01-20,54970.9,55038.6,54459.4,54727.2,0
2024-01-23,55218.2,55227.7,53009.8,53294.7,0
2024-01-24,53419.1,54272.1,52872.9,54208.3,0
2024-01-25,54493.2,54493.2,53779.5,54291.8,0
2024-01-29,54564.2,55081.2,54369.4,55012.6,0
2024-01-30,55249.2,55507.1,54763.8,54826.2,0
2024-01-31,54916.1,55346.6,54800.1,55299.2,0
2024-02-01,55673.9,55858.3,55168.6,55508.9,0
2024-02-02,55852.8,56218.2,55818.6,55940.3,0
2024-02-05,56330.6,56535.4,55463.5,55669.9,0
2024-02-06,55935.4,56530.4,55504.1,56465.4,0
2024-02-07,56931.2,57489.6,56600.4,57386.6,0
2024-02-08,57754.2,57927.7,57388.4,57660.7,0
2024-02-09,57811.6,57834.6,56263.4,57432.9,0
2024-02-12,57559.7,57698.7,56104.0,56323.7,0
2024-02-13,56425.1,56939.9,55701.9,56893.1,0
2024-02-14,56477.1,57806.7,56274.7,57672.4,0
2024-02-15,58073.5,58241.2,57931.6,58185.9,0
2024-02-16,58460.9,58694.9,58393.6,58586.1,0
2024-02-19,58838.3,58897.75,58548.4,58650.3,0
2024-02-20,58702.4,58767.2,58428.25,58706.4,0
2024-02-21,58913.6,59104.8,58204.25,58386.5,0
2024-02-22,58638.45,59080.4,58006.9,58999.0,0
2024-02-23,59172.95,59331.45,58811.95,59153.75,0
2024-02-26,59146.85,59375.05,58998.25,59198.55,0
2024-02-27,59246.05,59633.6,58885.05,59150.65,0
2024-02-28,59296.0,59370.0,58218.1,58387.3,0
2024-02-29,58390.8,59256.3,57803.7,58991.35,0
2024-03-01,59315.4,59578.2,59213.7,59506.75,0
2024-03-02,59720.95,59867.45,59669.35,59783.7,0
2024-03-04,59936.0,60045.6,59648.85,59944.2,0
2024-03-05,60079.95,60225.55,59858.3,59981.35,0
2024-03-06,60033.75,60048.85,58900.15,59806.1,0
2024-03-07,59934.65,60573.1,59929.1,60323.9,0
2024-03-11,60467.45,60920.25,60203.75,60311.15,0
2024-03-12,60361.2,60418.8,59294.6,59377.2,0
2024-03-13,59466.8,59661.8,56716.85,57149.55,0
2024-03-14,56938.45,58639.85,56430.85,58520.2,0
2024-03-15,58414.35,58661.1,57184.2,58058.8,0
2024-03-18,58072.85,58563.15,57808.7,58422.0,0
2024-03-19,58403.55,58403.95,57319.25,57402.7,0
2024-03-20,57583.35,57798.0,56678.9,57581.45,0
2024-03-21,58110.1,58986.5,58075.5,58918.3,0
2024-03-22,58987.1,59326.25,58644.3,59188.9,0
2024-03-26,59000.05,59858.55,58991.8,59801.5,0
2024-03-27,60098.1,60352.25,59833.25,59911.7,0
2024-03-28,60079.7,60842.35,60026.0,60624.3,0
2024-04-01,61107.05,61755.35,61068.35,61634.6,0
2024-04-02,61882.65,62296.85,61722.8,62254.1,0
2024-04-03,62180.85,62480.9,61983.55,62423.75,0
2024-04-04,62882.15,62951.0,62005.55,62158.95,0
2024-04-05,62209.65,62734.75,62019.3,62696.1,0
2024-04-08,63097.5,63242.85,62861.35,62993.6,0
2024-04-09,63240.0,63256.5,62500.15,62794.05,0
2024-04-10,63030.9,63460.85,63020.1,63325.45,0
2024-04-12,63377.3,63735.35,62987.6,63067.85,0
2024-04-15,62076.25,62716.65,61330.0,62008.15,0
2024-04-16,61789.8,62331.55,61475.35,62057.5,0
2024-04-18,62594.55,63033.6,61751.9,61989.2,0
2024-04-19,61469.45,62051.7,60647.25,61887.9,0
2024-04-22,62514.15,62759.35,62204.95,62683.65,0
2024-04-23,63068.9,63068.9,62703.4,62798.55,0
2024-04-24,63003.25,63460.1,62945.5,63277.4,0
2024-04-25,63317.1,63766.35,63153.5,63704.45,0
2024-04-26,63911.45,64375.25,63905.35,64134.55,0
2024-04-29,64508.35,64652.35,64094.15,64488.05,0
2024-04-30,64887.25,65421.4,64802.6,64900.5,0
2024-05-02,65149.45,66058.05,65090.8,66008.85,0
2024-05-03,66450.35,66456.25,65190.75,65770.5,0
2024-05-06,65829.5,65865.4,64398.1,64937.4,0
2024-05-07,65179.65,65332.1,63550.25,63937.35,0
2024-05-08,63908.05,65076.0,63562.9,64784.25,0
2024-05-09,64983.0,65063.8,63284.25,63411.1,0
2024-05-10,63788.25,64056.8,63019.0,63934.2,0
2024-05-13,64190.1,64453.85,62941.2,64354.4,0
2024-05-14,64584.5,65388.65,64508.15,65304.8,0
2024-05-15,65723.8,65915.55,65422.85,65643.7,0
2024-05-16,66020.9,66483.9,65444.6,66320.2,0
2024-05-17,66564.05,67181.25,66475.7,67105.05,0
2024-05-18,67450.6,67724.4,67371.05,67657.0,0
2024-05-21,68054.05,68324.25,67706.9,68241.75,0
2024-05-22,68573.7,68611.35,67662.05,68328.25,0
2024-05-23,68546.0,68858.0,68226.55,68819.8,0
2024-05-24,68949.1,69458.95,68671.5,69033.25,0
2024-05-27,69427.45,69599.65,68564.65,69136.3,0
2024-05-28,69343.65,69453.8,68032.2,68545.6,0
2024-05-29,68191.0,68535.45,67899.85,68070.5,0
2024-05-30,68000.7,68161.35,67162.3,67358.2,0
2024-05-31,67799.1,67926.1,66816.3,67527.65,0
2024-06-03,70871.9,70871.9,69492.65,70620.25,0
2024-06-04,70511.3,70511.3,60663.4,64022.15,0
2024-06-05,65266.6,67079.5,62764.25,66835.4,0
2024-06-06,67567.55,68790.3,67553.7,68224.45,0
2024-06-07,68331.05,69300.0,67897.7,69222.25,0
2024-06-10,69722.25,70049.5,69233.4,69744.6,0
2024-06-11,69922.15,70183.9,69598.1,69678.7,0
2024-06-12,69991.35,70361.95,69858.4,70202.15,0
2024-06-13,70831.4,70933.55,70231.8,70842.55,0
2024-06-14,71215.55,71970.25,71078.05,71892.15,0
2024-06-18,72333.85,72414.35,72051.2,72345.7,0
2024-06-19,72596.4,72614.6,71303.95,71536.7,0
2024-06-20,71649.85,71843.6,71025.75,71632.2,0
2024-06-21,71847.4,71878.25,70970.8,71111.8,0
2024-06-24,70944.85,71693.1,70383.1,71642.25,0
2024-06-25,71915.7,72049.35,71257.3,71360.85,0
2024-06-26,71271.1,71520.1,71032.55,71235.8,0
2024-06-27,71204.8,71578.2,70654.35,71340.65,0
2024-06-28,71536.05,71829.0,71365.15,71523.45,0
2024-07-01,71727.5,72247.65,71536.05,72197.25,0
2024-07-02,72428.0,72431.7,71335.2,71807.5,0
2024-07-03,72220.4,72635.85,72112.7,72584.95,0
2024-07-04,72877.2,73131.8,72534.95,72928.25,0
2024-07-05,72984.85,73483.8,72785.65,73426.55,0
2024-07-08,73693.75,73812.2,73232.35,73508.8,0
2024-07-09,73823.9,74096.0,73446.5,73863.6,0
2024-07-10,74148.7,74158.9,72254.0,73897.5,0
2024-07-11,74155.45,74308.55,73787.05,74059.2,0
2024-07-12,74322.4,74453.3,73424.4,73732.1,0
2024-07-15,74053.0,74430.95,73744.65,74367.35,0
2024-07-16,74612.45,74715.6,73807.5,73921.7,0
2024-07-18,73906.25,73943.35,72648.05,73112.5,0
2024-07-19,73047.85,73059.6,71246.9,71353.0,0
2024-07-22,71092.1,72352.0,70696.3,72265.95,0
2024-07-23,72627.0,72635.2,68938.5,71632.2,0
2024-07-24,71704.3,72163.75,71449.9,71844.65,0
2024-07-25,71340.2,72355.4,71055.3,72210.25,0
2024-07-26,72611.2,73457.85,72559.6,73400.65,0
2024-07-29,73836.2,74365.5,73571.6,74288.3,0
2024-07-30,74495.85,74656.65,74118.95,74215.85,0
2024-07-31,74514.8,74879.05,74381.25,74788.1,0
2024-08-01,74936.7,75057.3,73921.3,74294.65,0
2024-08-02,73621.4,74241.25,73173.45,73328.15,0
2024-08-05,71459.55,72084.95,70269.45,70936.9,0
2024-08-06,71496.4,72456.65,70081.0,70282.45,0
2024-08-07,71577.65,72491.05,71077.35,72401.25,0
2024-08-08,72465.1,72495.55,71716.4,71825.9,0
2024-08-09,72658.9,72900.0,72241.2,72718.85,0
2024-08-12,72401.5,72736.65,71965.85,72434.25,0
2024-08-13,72596.85,72669.0,71534.25,71609.8,0
2024-08-14,71840.1,71921.65,71100.1,71642.4,0
2024-08-16,72208.55,73001.85,71885.2,72943.2,0
2024-08-19,73446.45,73664.35,73249.85,73370.75,0
2024-08-20,73628.8,74002.75,73314.95,73971.3,0
2024-08-21,74088.95,74256.05,73922.05,74178.5,0
2024-08-22,74546.15,74713.65,74382.0,74660.35,0
2024-08-23,74904.35,74958.6,74325.25,74403.6,0
2024-08-26,74752.5,74817.25,74433.5,74768.8,0
2024-08-27,74884.55,74933.35,74622.6,74848.95,0
2024-08-28,75173.75,75308.05,74786.2,75082.55,0
2024-08-29,75119.6,75259.9,74290.85,74896.4,0
2024-08-30,75166.15,75450.55,75056.4,75279.8,0
2024-09-02,75674.85,75712.35,74989.15,75335.8,0
2024-09-03,75741.75,75746.3,75242.15,75413.65,0
2024-09-04,74894.55,75530.6,74744.25,75450.55,0
2024-09-05,75736.85,75807.7,75382.8,75485.95,0
2024-09-06,75473.4,75509.7,74315.9,74462.0,0
2024-09-09,74350.4,74701.05,73570.8,74572.9,0
2024-09-10,74877.4,75092.2,74535.55,74737.6,0
2024-09-11,74882.65,75132.2,74176.7,74355.25,0
2024-09-12,74904.5,75469.95,74741.7,75446.35,0
2024-09-13,75698.6,75754.7,75372.85,75427.55,0
2024-09-16,75707.4,75742.7,75342.15,75464.3,0
2024-09-17,75635.1,75635.1,75040.25,75260.2,0
2024-09-18,75359.3,75502.95,74508.1,74936.15,0
2024-09-19,75397.1,75578.0,73338.55,74419.55,0
2024-09-20,74678.45,75691.05,74545.3,75481.85,0
2024-09-23,75893.55,76743.35,75775.25,76707.5,0
2024-09-24,76747.35,76959.35,76636.45,76803.8,0
2024-09-25,76889.7,76915.2,76049.45,76517.4,0
2024-09-26,76751.7,77143.7,76431.15,77086.95,0
2024-09-27,77201.8,77918.0,77053.95,77813.25,0
2024-09-30,77668.7,77866.35,77006.85,77095.15,0
2024-10-01,77233.0,77532.0,77004.65,77284.45,0
2024-10-03,75950.75,76783.5,75059.75,75448.3,0
2024-10-04,75363.3,75724.05,74184.75,74620.25,0
2024-10-07,74989.25,75156.0,72531.3,72884.3,0
2024-10-08,72771.4,74740.8,72459.85,74597.3,0
2024-10-09,75013.75,76009.9,74926.5,75407.8,0
2024-10-10,75668.5,76085.9,75163.8,75278.1,0
2024-10-11,75397.8,75514.35,74975.9,75378.45,0
2024-10-14,75659.35,75745.9,75309.5,75651.7,0
2024-10-15,76018.55,76054.45,75634.45,75859.85,0
2024-10-16,75830.4,76093.3,75340.05,75698.15,0
2024-10-17,75717.4,75746.75,73933.05,74007.2,0
2024-10-18,73813.6,74415.9,73085.0,74288.1,0
2024-10-21,74495.2,74782.35,73153.15,73285.35,0
2024-10-22,73296.5,73351.9,71049.85,71158.65,0
2024-10-23,71087.2,71706.55,70262.1,70884.7,0
2024-10-24,71112.95,71360.8,70587.4,70826.25,0
2024-10-25,71049.55,71244.8,68826.55,69716.5,0
2024-10-28,69789.05,70469.8,69018.5,70030.55,0
2024-10-29,70121.95,70624.1,69095.9,70538.35,0
2024-10-30,70405.7,70890.45,70050.0,70268.35,0
2024-10-31,70327.65,70461.25,69651.8,69911.75,0
2024-11-01,70320.7,70611.7,70288.85,70400.75,0
2024-11-04,70462.35,70469.75,68726.45,69418.25,0
2024-11-05,69317.6,69895.5,68495.7,69797.45,0
2024-11-06,70191.85,71482.7,70135.45,71389.8,0
2024-11-07,71580.75,71722.15,70522.0,70639.9,0
2024-11-08,70668.6,70889.95,69561.55,69774.2,0
2024-11-11,69713.6,70603.0,69228.4,69973.75,0
2024-11-12,70097.95,70424.3,68280.15,68448.9,0
2024-11-13,68270.4,68528.45,66896.45,67101.45,0
2024-11-14,67221.85,67926.3,66925.35,67408.65,0
2024-11-18,67913.65,68080.1,67013.2,67472.0,0
2024-11-19,67789.8,68536.3,67611.4,67775.5,0
2024-11-21,67395.75,67404.35,65996.0,66765.45,0
2024-11-22,66931.7,68269.5,66858.75,68016.85,0
2024-11-25,69337.75,69907.45,69249.35,69342.7,0
2024-11-26,69588.5,69828.1,69309.85,69522.25,0
2024-11-27,69724.15,70243.95,69398.3,70185.4,0
2024-11-28,70442.9,70872.4,70050.75,70254.25,0
2024-11-29,70366.3,70977.2,70207.35,70726.85,0
2024-12-02,70690.2,71197.95,70572.7,71164.35,0
2024-12-03,71426.6,71941.55,71369.3,71890.75,0
2024-12-04,72196.15,72415.8,71716.85,72244.85,0
2024-12-05,72520.3,72571.7,71950.35,72487.05,0
2024-12-06,72789.1,73218.6,72619.35,73040.4,0
2024-12-09,72894.5,73001.4,72538.6,72708.1,0
2024-12-10,72888.45,73152.45,72700.15,73096.45,0
2024-12-11,73126.65,73438.2,73012.6,73292.15,0
2024-12-12,73344.05,73443.9,73037.45,73082.6,0
2024-12-13,73026.7,73068.2,71711.5,72965.95,0
2024-12-16,73060.9,73284.5,72856.8,73155.6,0
2024-12-17,73082.35,73298.7,72061.05,72188.0,0
2024-12-18,72183.8,72262.9,71104.15,71250.0,0
2024-12-19,70026.95,70821.35,69849.15,70625.7,0
2024-12-20,70762.95,70956.25,68519.75,68702.65,0
2024-12-23,69096.4,69456.35,68633.95,68888.95,0
2024-12-24,68957.6,69231.9,68571.85,68857.25,0
2024-12-26,69020.1,69233.25,68688.1,69165.85,0
2024-12-27,69218.2,69432.65,68458.45,68557.15,0
2024-12-30,68624.2,68704.0,67840.5,68063.8,0
2024-12-31,67737.6,68154.2,67380.2,67988.35,0
2025-01-01,68044.65,68325.05,67744.9,68247.95,0
2025-01-02,68362.2,69198.45,68189.2,69103.6,0
2025-01-03,69444.25,69785.9,69096.0,69192.45,0
2025-01-06,69280.6,69280.6,66759.6,66996.8,0
2025-01-07,67034.6,67629.4,66819.85,66938.9,0
2025-01-08,67011.2,67084.55,65880.4,66402.6,0
2025-01-09,66481.85,66490.7,65482.4,65557.2,0
2025-01-10,65544.35,65662.45,64126.25,64257.1,0
2025-01-13,63399.2,63478.55,61388.9,61481.55,0
2025-01-14,61860.75,63296.65,61839.55,63084.1,0
2025-01-15,63580.05,63953.65,62990.8,63639.55,0
2025-01-16,64520.55,64914.95,64448.85,64564.5,0
2025-01-17,64616.2,65250.8,64251.95,65053.6,0
2025-01-20,65322.65,65574.55,64689.75,65106.15,0
2025-01-21,64933.55,65029.45,63348.15,63406.15,0
2025-01-22,63467.8,63579.15,61895.8,62865.6,0
2025-01-23,62773.35,63808.6,62567.85,63499.75,0
2025-01-24,63574.7,63755.1,62388.6,62494.0,0
2025-01-27,62041.8,62050.85,60600.15,60730.9,0
2025-01-28,61173.75,61542.55,60131.4,60912.1,0
2025-01-29,60992.5,62213.45,60965.1,62142.15,0
2025-01-30,62330.5,62771.75,61890.85,62193.15,0
2025-01-31,62303.95,63311.3,62026.05,63127.35,0
2025-02-01,63448.2,63804.15,62505.0,63503.1,0
2025-02-03,63039.85,63039.85,62106.75,62634.2,0
2025-02-04,63302.95,63674.35,62923.05,63598.35,0
2025-02-05,63838.3,64377.5,63833.85,64012.8,0
2025-02-06,64451.3,64458.05,63342.7,63536.7,0
2025-02-07,63653.7,63907.35,62910.6,63552.2,0
2025-02-10,63572.8,64029.1,62156.1,62390.3,0
2025-02-11,62374.25,62521.75,60574.75,60827.8,0
2025-02-12,60793.7,61157.5,59151.9,60826.5,0
2025-02-13,60975.7,61738.9,60827.05,60947.75,0
2025-02-14,61145.5,61239.8,59066.85,59557.95,0
2025-02-17,59221.95,59551.5,58230.9,59446.55,0
2025-02-18,59567.5,59673.55,58784.25,59449.4,0
2025-02-19,59074.5,60273.25,58798.75,60156.4,0
2025-02-20,59946.45,61073.25,59769.45,61039.1,0
2025-02-21,60973.45,61417.55,60246.35,60466.8,0
2025-02-24,59850.3,60062.9,59535.3,59752.6,0
2025-02-25,59790.4,60057.9,59251.35,59312.5,0
2025-02-27,59368.4,59572.75,58615.0,58767.2,0
2025-02-28,58275.5,58370.6,56868.45,57063.05,0
2025-03-03,57261.7,57798.6,56192.45,57646.8,0
2025-03-04,57135.3,58168.95,56741.4,57966.85,0
2025-03-05,57943.25,59483.2,57943.25,59441.65,0
2025-03-06,60134.8,60350.05,59844.1,60114.35,0
2025-03-07,60113.7,60391.9,59673.65,59852.55,0
2025-03-10,59900.75,60318.15,58854.4,58972.0,0
2025-03-11,58351.45,59469.4,58162.4,59274.1,0
2025-03-12,59502.0,59751.9,58554.55,59277.55,0
2025-03-13,59618.9,59883.55,58914.15,58976.1,0
2025-03-17,59056.6,59583.1,59006.15,59406.6,0
2025-03-18,59793.5,61049.2,59677.3,60971.4,0
2025-03-19,61205.05,62095.2,60989.75,61953.45,0
2025-03-20,62373.65,62553.1,61717.45,62309.35,0
2025-03-21,62319.4,63063.1,62214.15,62855.85,0
2025-03-24,63373.05,63794.6,63114.85,63638.4,0
2025-03-25,64133.3,64141.3,62589.8,62703.75,0
2025-03-26,62721.45,63186.85,62388.6,62460.8,0
2025-03-27,62298.55,63606.7,62165.5,63442.55,0
2025-03-28,63471.8,63916.9,62917.75,63043.2,0
2025-04-01,62981.1,63339.15,62181.2,62372.1,0
2025-04-02,62466.55,63143.25,61933.7,63087.1,0
2025-04-03,62604.15,63259.7,62551.4,63104.3,0
2025-04-04,63090.05,63330.95,61162.0,61468.7,0
2025-04-07,57256.55,59815.6,57250.25,59546.2,0
2025-04-08,60665.25,61094.65,59904.45,60807.55,0
2025-04-09,60779.8,60950.5,60101.65,60664.6,0
2025-04-11,61839.15,61839.15,61137.7,61473.55,0
2025-04-15,62862.15,63452.9,62301.9,63374.3,0
2025-04-16,63454.8,63843.4,63231.75,63798.55,0
2025-04-17,63770.8,64419.3,63508.95,64255.55,0
2025-04-21,64750.35,65496.65,64441.8,65406.2,0
2025-04-22,65649.25,65886.4,65141.6,65548.4,0
2025-04-23,65829.25,66040.55,65064.6,65999.65,0
2025-04-24,66092.65,66291.6,65698.15,65900.8,0
2025-04-25,66044.1,66313.0,63762.5,64314.9,0
2025-04-28,64139.95,65188.1,64124.25,65043.45,0
2025-04-29,65349.6,65587.3,64822.45,64892.35,0
2025-04-30,64965.75,65204.55,64202.1,64508.85,0
2025-05-02,64471.65,65123.45,64156.05,64429.75,0
2025-05-05,64749.2,65484.0,64706.65,65406.85,0
2025-05-06,65511.25,65605.55,63605.35,63824.9,0
2025-05-07,62864.55,64227.15,62864.55,64134.4,0
2025-05-08,64267.4,64453.35,62346.5,62760.25,0
2025-05-09,61416.45,62669.2,61401.7,62527.0,0
2025-05-12,64366.15,65136.35,64169.0,65078.55,0
2025-05-13,65128.3,65472.15,64903.2,65065.8,0
2025-05-14,65202.25,65716.95,65045.5,65540.75,0
2025-05-15,65721.75,66284.8,65492.4,66226.55,0
2025-05-16,66364.8,67159.75,66138.3,67078.95,0
2025-05-19,67281.55,67677.25,67069.25,67405.8,0
2025-05-20,67686.3,67747.35,66081.2,66165.5,0
2025-05-21,66289.3,66982.1,65973.45,66939.1,0
2025-05-22,66833.4,66887.95,66353.75,66716.9,0
2025-05-23,66837.75,67178.1,66644.25,67095.9,0
2025-05-26,67376.85,67692.85,67291.2,67372.3,0
2025-05-27,67416.9,67418.0,66891.2,67190.75,0
2025-05-28,67331.7,67440.05,66887.9,66996.2,0
2025-05-29,67256.4,67327.9,66855.55,67093.8,0
2025-05-30,67136.5,67299.95,66596.15,66761.3,0
2025-06-02,66782.65,67097.4,66637.95,67039.8,0
2025-06-03,67230.0,67351.65,66607.75,66671.8,0
2025-06-04,66763.9,66909.85,66305.9,66866.6,0
2025-06-05,67077.4,67389.95,66975.85,67147.1,0
2025-06-06,67275.35,68030.1,67153.15,67992.85,0
2025-06-09,68351.1,68861.7,68246.85,68843.5,0
2025-06-10,69125.35,69125.35,68659.65,68922.55,0
2025-06-11,68993.05,69121.45,68497.6,68771.85,0
2025-06-12,68884.8,68887.3,67389.9,67536.5,0
2025-06-13,66175.3,67084.95,66051.7,66979.05,0
2025-06-16,66988.9,67521.5,66361.1,67472.15,0
2025-06-17,67555.05,67733.75,66923.7,66996.45,0
2025-06-18,67007.0,67309.75,66623.1,66788.7,0
2025-06-19,66752.35,66969.4,65690.05,65848.15,0
2025-06-20,65894.05,66852.25,65830.25,66733.05,0
2025-06-23,66209.45,66944.4,66204.1,66780.5,0
2025-06-24,67517.0,67792.3,67224.4,67349.35,0
2025-06-25,67692.25,67782.45,67525.8,67669.4,0
2025-06-26,67879.45,68346.7,67621.35,68295.15,0
2025-06-27,68479.0,68904.15,68439.7,68712.4,0
2025-06-30,68913.7,69042.35,68731.9,68998.2,0
2025-07-01,69163.3,69179.25,68669.45,68930.2,261876156
2025-07-02,68980.9,69144.85,68335.15,68729.8,234496029
2025-07-03,68800.85,68889.8,68305.35,68355.85,229625160
2025-07-04,68546.9,68731.65,68280.15,68607.8,185808694
2025-07-07,68692.85,68869.95,68544.6,68725.8,212354871
2025-07-08,68820.95,68987.25,68368.35,68719.05,216071395
2025-07-09,68755.95,68905.95,68527.85,68678.15,243866060
2025-07-10,68821.9,68840.05,68354.35,68523.45,274777238
2025-07-11,68507.05,68627.05,67869.75,67965.55,212777949
2025-07-14,67956.0,68368.6,67793.15,68285.65,236875507
2025-07-15,68440.85,68778.8,68336.4,68727.55,201207607
2025-07-16,68740.95,68958.8,68517.7,68870.55,263113149
2025-07-17,68992.15,69046.45,68638.85,68711.45,176621823
2025-07-18,68799.9,68877.85,68139.55,68225.15,180090414
2025-07-21,68278.6,68576.05,67988.2,68503.15,166690422
2025-07-22,68704.35,68747.3,68173.5,68253.9,281809735
2025-07-23,68371.75,68408.65,67946.0,68363.0,260789503
2025-07-24,68392.7,68486.2,67945.15,68207.3,300593471
2025-07-25,68098.6,68130.3,67059.65,67146.65,217483736
2025-07-28,67023.0,67566.65,66678.3,66768.9,196520837
2025-07-29,66652.3,67466.85,66470.5,67379.2,204795005
2025-07-30,67505.6,67560.3,67173.8,67435.15,232453655
2025-07-31,66606.65,67443.5,66606.2,67096.15,254978949
2025-08-01,67119.25,67195.5,66068.45,66192.8,215774842
2025-08-04,66238.5,66963.45,66025.05,66917.5,188524032
2025-08-05,66995.75,66996.25,66423.1,66762.05,159942048
2025-08-06,66850.2,66853.3,66015.25,66181.35,220583606
2025-08-07,65924.3,66468.2,65471.25,66338.1,211684460
2025-08-08,66400.4,66487.15,65429.5,65514.7,159341887
2025-08-11,65571.95,66336.35,65378.6,66283.95,186479954
2025-08-12,66332.75,66602.25,66185.25,66223.9,147837033
2025-08-13,66396.0,66735.45,66393.0,66622.25,162140218
2025-08-14,66776.3,66833.1,66414.55,66511.6,172074669
2025-08-18,67396.5,67852.2,67295.95,67399.6,202206683
2025-08-19,67505.15,67944.75,67226.65,67907.45,183651181
2025-08-20,67960.85,68258.8,67885.7,68164.3,199019563
2025-08-21,68337.7,68353.7,67928.15,67972.65,178487210
2025-08-22,68049.2,68252.3,67510.45,67540.1,145866708
2025-08-25,67834.1,67893.2,67604.85,67711.35,150260872
2025-08-26,67632.2,67709.15,66699.65,66800.35,343994627
2025-08-28,66931.65,66931.65,65880.75,65940.3,194796386
2025-08-29,65960.75,66305.95,65544.85,65745.75,214569535
2025-09-01,65917.35,66703.45,65910.0,66670.15,171214225
2025-09-02,66799.15,67222.1,66459.75,67017.75,156450714
2025-09-03,67153.85,67506.15,67127.1,67463.05,152562637
2025-09-04,68362.95,68362.95,67071.05,67151.55,172191667
2025-09-05,67333.1,67498.7,66669.6,67089.8,155701417
2025-09-08,67305.5,67701.4,67123.05,67366.05,256122353
2025-09-09,67512.4,67578.8,67256.6,67460.75,153403649
2025-09-10,67696.05,67962.7,67629.4,67753.8,214553271
2025-09-11,67816.35,68064.1,67648.55,67974.7,500812344
2025-09-12,68196.1,68303.7,68064.1,68194.0,235376710
2025-09-15,68377.05,68691.4,68339.8,68603.15,222224827
2025-09-16,68779.0,69048.65,68604.55,69000.75,211141543
2025-09-17,69188.8,69306.5,68971.5,69147.1,253801326
2025-09-18,69314.05,69438.85,69017.85,69334.3,197891171
2025-09-19,69621.3,69863.3,69494.9,69736.6,743060123
2025-09-22,69822.0,70462.2,69756.75,69962.3,361180526
2025-09-23,70251.15,70317.4,69471.95,69643.4,413177996
2025-09-24,69626.1,69698.6,68757.55,68808.2,363576701
2025-09-25,68804.85,69123.75,68210.4,68293.65,342677720
2025-09-26,68248.35,68298.0,67073.45,67144.95,255815096
2025-09-29,67353.75,67911.55,67222.7,67835.1,306061150
2025-09-30,67938.05,68161.25,67571.7,67845.15,280935126
2025-10-01,67842.7,68199.05,67662.05,68087.3,257008363
2025-10-03,68213.75,68396.35,67848.55,68355.9,314989013
2025-10-06,68436.2,68633.75,68157.95,68590.25,238851770
2025-10-07,68696.85,68872.75,68476.05,68671.2,237067646
2025-10-08,68685.05,68737.95,68050.7,68139.95,228861788
2025-10-09,68288.1,68562.55,68004.8,68520.25,189526114
2025-10-10,68619.35,68908.6,68425.05,68687.25,211368139
2025-10-13,68423.75,68601.85,68165.15,68569.65,215396452
2025-10-14,68749.95,68868.45,68038.7,68207.85,219979025
2025-10-15,68389.85,69166.85,68361.55,69113.55,276744987
2025-10-16,69274.65,69546.95,69138.75,69453.2,297983356
2025-10-17,69458.0,69624.1,69083.6,69356.05,357680771
2025-10-20,69641.95,69715.8,69385.75,69450.35,288748779
2025-10-21,69805.3,69829.3,69385.05,69519.65,58704262
2025-10-23,69790.7,69944.3,69334.45,69434.35,291750574
2025-10-24,69530.55,69656.45,69146.6,69355.9,214582914
2025-10-27,69579.15,69654.65,69416.95,69612.2,225644953
2025-10-28,69751.75,69775.6,69029.8,69258.25,255032054
2025-10-29,69413.85,70318.65,69355.25,70238.45,434226398
2025-10-30,70405.15,70405.15,69788.75,70082.55,361137907
2025-10-31,70172.65,70289.35,69769.3,69824.75,336247575
2025-11-03,69995.7,70544.75,69965.8,70483.3,288719612
2025-11-04,70493.8,70551.15,70108.45,70168.8,239544760
2025-11-06,70285.15,70334.55,69241.8,69299.55,217702215
2025-11-07,69074.65,69525.25,68396.9,69366.15,228226617
2025-11-10,69513.15,69912.3,69509.45,69629.2,179895618
2025-11-11,69666.45,69758.7,69036.6,69725.1,216959511
2025-11-12,69977.45,70133.35,69724.15,69807.95,239578233
2025-11-13,69916.65,70159.55,69713.8,69851.65,236930278
2025-11-14,69822.95,70261.2,69517.15,69786.85,226857912
2025-11-17,70014.75,70262.3,69947.35,70154.1,197762166
2025-11-18,70275.7,70275.7,69560.6,69643.5,177411059
2025-11-19,69681.45,69782.0,69404.15,69635.85,197646477
2025-11-20,69897.05,69898.85,69489.6,69567.75,159746686
2025-11-21,69448.5,69463.2,68623.15,68669.15,165391886
2025-11-24,68679.45,68726.3,67927.65,67997.45,323718542
2025-11-25,68030.8,68242.0,67982.3,68172.45,165173395
2025-11-26,68302.8,69230.05,68219.4,69189.4,173233401
2025-11-27,69349.7,69408.1,68858.45,69069.8,173335095
2025-11-28,69072.2,69222.8,68900.7,69137.45,212818622
2025-12-01,69401.7,69464.5,69022.2,69220.6,171015515
2025-12-02,69116.6,69374.2,69003.6,69154.45,665445591
2025-12-03,69208.95,69276.85,68226.4,68400.85,279111529
2025-12-04,68445.6,68807.0,68345.4,68560.8,182295098
2025-12-05,68557.3,68764.15,68131.3,68709.85,164154014
2025-12-08,68702.0,68735.9,67027.35,67302.5,201121550
2025-12-09,67066.95,67775.35,66403.35,67704.45,232254384
2025-12-10,67779.85,68239.0,67455.8,67572.4,185497183
2025-12-11,67645.0,68068.25,67324.05,67939.5,192083408
2025-12-12,68141.75,68564.0,68031.85,68509.7,215320062
2025-12-15,68431.3,68650.75,68060.85,68622.45,201760280
2025-12-16,68602.1,68613.0,68069.0,68337.2,185393527
2025-12-17,68419.7,68646.15,67915.85,68076.85,196549606
2025-12-18,68059.2,68069.8,67332.9,67830.25,157089379
2025-12-19,67950.35,68432.6,67840.75,68378.65,197511532
2025-12-22,68616.9,68936.4,68452.6,68842.75,179460474
2025-12-23,69046.85,69189.7,68868.05,69096.3,198142671
2025-12-24,69194.1,69314.3,68851.6,68957.25,162635525
2025-12-26,68987.55,69301.55,68810.8,68961.05,287500598
2025-12-29,69040.55,69209.85,68543.35,68638.75,264549427
2025-12-30,68597.4,68814.9,68324.3,68667.75,276384837
2025-12-31,68839.35,69531.35,68817.1,69364.5,212189535
2026-01-01,69523.15,69722.15,69276.8,69675.4,216114798
2026-01-02,69823.65,70461.3,69792.15,70416.9,256123493
2026-01-05,70528.05,70611.85,70129.35,70413.4,211111500
2026-01-06,70529.25,70670.15,70228.8,70602.1,202620610
2026-01-07,70681.9,70833.65,70404.35,70690.6,172102492
2026-01-08,70633.9,70648.35,69077.5,69196.1,217388284
2026-01-09,69059.2,69530.7,68258.75,68492.2,203461781
2026-01-12,68553.65,68770.85,67642.7,68699.05,203488694
2026-01-13,68907.75,69126.65,67946.65,68522.0,168752920
2026-01-14,68446.8,68984.6,68272.6,68786.9,258044771
2026-01-16,68867.35,69358.6,68593.15,68857.9,270921591
2026-01-19,68792.25,69233.7,68516.9,68693.9,295575562
2026-01-20,68642.85,68748.75,66923.15,67110.9,322540980
2026-01-21,66864.35,67310.15,65997.6,66864.45,272728944
2026-01-22,67332.35,67976.4,67194.95,67592.8,215996314
2026-01-23,67829.2,67834.25,66109.75,66260.55,312723407
2026-01-27,66696.6,66896.95,65868.6,66696.55,319596561
2026-01-28,66906.8,68298.0,66872.55,68205.65,312489612
2026-01-29,68300.2,68458.2,67756.35,68409.75,428517904
2026-01-30,68146.85,68153.0,67439.8,67839.85,392261115
2026-02-01,67537.15,67991.9,65300.05,66360.55,372490632
2026-02-02,66452.3,67244.05,65573.75,67073.2,314452087
2026-02-03,69488.65,69884.15,68446.95,68849.4,424746737
2026-02-04,68889.15,69354.65,68098.35,69298.55,335808428
2026-02-05,69078.5,69206.55,68524.65,68970.4,253255608
2026-02-06,68772.65,69128.55,68166.65,69058.4,257676395
2026-02-09,69436.45,69797.45,69107.35,69729.35,237931045
2026-02-10,69941.75,69969.4,69614.15,69829.6,239437654
2026-02-11,70049.0,70386.15,69740.75,70216.55,235472358
2026-02-12,70221.8,70223.65,69605.7,69916.1,209659652
2026-02-13,69374.65,69381.8,68485.5,68826.75,217757583
2026-02-16,68553.85,69588.05,68369.3,69496.75,154206288
2026-02-17,69433.95,69915.2,69255.0,69868.75,195823023
2026-02-18,69964.45,70389.5,69796.7,70334.35,185945494
2026-02-19,70379.8,70439.7,68822.5,69028.75,174021500
2026-02-20,68913.2,69650.0,68862.25,69453.65,209214597
2026-02-23,69844.8,70042.95,69417.85,69723.1,189955172
2026-02-24,69498.35,69948.1,69108.55,69778.45,213112445
2026-02-25,70045.5,70498.75,70014.65,70399.25,272343816
2026-02-26,70534.6,70697.25,70118.55,70628.5,232814367
2026-02-27,70630.1,70630.1,69553.45,69710.9,242698067
2026-03-02,67393.3,69144.45,67352.55,68650.25,301787990
2026-03-04,67555.3,67575.1,66480.7,66799.4,336805283
2026-03-05,67102.85,67893.4,67036.7,67722.2,278361080
2026-03-06,67559.05,68078.3,67392.9,67476.65,251619400
2026-03-09,66198.25,66202.4,64998.8,66070.65,297291159
2026-03-10,66929.7,67391.35,66431.6,67227.95,257219729
2026-03-11,67375.9,67765.4,66363.7,66498.65,232382269
2026-03-12,66119.0,66815.25,65299.0,66424.55,360693958
2026-03-13,66132.2,66429.5,64578.75,64691.45,286513897
2026-03-16,64621.55,64969.5,63525.5,64462.3,362408213
2026-03-17,64722.05,65161.4,64261.3,65021.6,250630214
2026-03-18,65200.5,65883.4,65050.65,65668.5,241520118
2026-03-19,64706.75,64706.75,63319.75,63573.8,219449775
2026-03-20,64035.75,64918.35,63744.65,63862.3,347699906
2026-03-23,63236.75,63238.65,61272.25,61414.9,318913938
2026-03-24,62668.15,62876.2,61349.35,62360.7,335152712
2026-03-25,63051.4,64038.45,62975.25,63620.6,313312851
2026-03-27,63324.1,63335.75,61969.95,62043.05,443430773
2026-03-30,61170.4,61818.25,60269.3,60349.8,414585176
2026-04-01,62118.05,62477.25,61677.4,61912.75,368361280
2026-04-02,61136.4,62100.35,59896.1,61957.6,367335224
2026-04-06,62198.05,62932.35,61586.8,62858.95,428939553
2026-04-07,62607.45,63217.25,62021.15,63151.05,275709457
2026-04-08,65491.35,66247.25,65295.05,66145.3,503596527
2026-04-09,66079.25,66605.5,65592.1,66268.65,322669929
2026-04-10,66677.25,67708.95,66623.65,67641.25,325075940
2026-04-13,66038.4,67321.8,65625.55,67123.3,384055612
2026-04-15,68203.55,68663.1,68109.2,68569.35,351365466
2026-04-16,69070.2,69432.45,68716.75,69300.6,356511974
2026-04-17,69397.75,70410.0,69117.05,70273.8,344016262
2026-04-20,70342.85,70813.85,69522.9,70341.0,316130146
2026-04-21,70583.15,71050.65,70576.85,70824.45,296856192
2026-04-22,70756.05,71536.8,70591.3,71346.2,383034794
2026-04-23,71168.65,71169.8,70322.0,70410.35,383829734
2026-04-24,70500.2,70659.9,69234.6,69883.95,310732151
2026-04-27,70201.0,70903.0,70183.9,70798.65,317137876
2026-04-28,70763.0,71028.05,70470.65,70568.2,337391796
2026-04-29,70866.2,71093.8,70415.65,70521.8,328851553
2026-04-30,70127.7,70165.25,69057.0,69643.9,363187685
2026-05-04,69976.55,70834.05,69958.2,70283.85,346961818
2026-05-05,70256.8,70731.95,69959.8,70627.3,351333000
2026-05-06,71260.2,71764.15,70808.0,71691.45,391338005
2026-05-07,71982.5,72037.6,71610.9,71852.9,358358130
2026-05-08,71776.4,71889.6,71423.9,71495.6,261398626
2026-05-11,71046.6,71053.3,70184.75,70297.85,304310264
2026-05-12,70121.85,70367.65,68466.45,68586.55,321034243
2026-05-13,68490.75,69630.6,68275.4,69166.4,369253572
2026-05-14,69703.6,70115.65,68840.0,69940.3,357580991
2026-05-15,70134.05,70197.9,69190.0,69280.25,367229049
2026-05-18,68832.1,68832.1,67629.05,68618.0,305742528
2026-05-19,68817.25,69298.55,68737.45,68992.35,281201042
2026-05-20,68578.0,69464.65,68262.4,69361.55,302055389
2026-05-21,69968.4,70106.25,69415.45,69505.6,301971372
2026-05-22,69670.35,69947.5,69416.0,69783.05,245148109
2026-05-25,70444.05,70909.75,70390.9,70815.85,347887904
2026-05-26,70875.4,71099.1,70650.9,70945.1,344340091
2026-05-27,71043.9,72143.5,70996.25,71957.2,328848291
2026-05-29,72350.75,72442.15,70860.65,71073.65,642874350
2026-06-01,71430.85,71530.65,69806.55,69921.85,280934211
2026-06-02,69481.2,70175.5,69158.8,70115.8,305947804
2026-06-03,70137.85,70137.85,69130.65,69856.4,257303315
2026-06-04,69672.7,70425.55,69530.15,70010.95,226742205
2026-06-05,70311.5,70568.95,69814.8,70191.95,299606300
2026-06-08,69353.7,69810.35,68689.1,68975.4,238450051
2026-06-09,69351.1,70052.0,69311.9,69945.85,299883950
2026-06-10,69958.75,70027.25,68999.45,69154.7,252010776
2026-06-11,68784.75,69036.45,68282.8,68378.75,279780324
2026-06-12,69318.2,70080.95,68947.4,70007.2,280178765
2026-06-15,71155.7,73098.95,71119.8,71685.25,534326079
2026-06-16,71840.65,71868.6,71387.75,71798.65,529711361
2026-06-17,71857.65,72294.65,71583.15,72258.5,558987231
2026-06-18,72415.75,72744.8,72084.05,72595.95,440812110
2026-06-19,72408.6,72604.1,71982.3,72356.65,414271326
2026-06-22,72611.75,73141.05,72341.6,73073.2,314737099
2026-06-23,73072.75,73072.75,71953.7,72068.75,523494943
2026-06-24,72021.75,72339.05,71693.65,72060.5,303566273
2026-06-25,72341.9,72735.65,72143.25,72199.55,404633260
2026-06-29,72179.65,72266.25,71316.45,71510.3,504233073
2026-06-30,71716.9,71970.05,71358.45,71629.45,281253688
2026-07-01,71792.9,72166.85,71590.6,72100.65,262723262
2026-07-02,72422.1,72524.0,72090.9,72418.55,266901876
2026-07-03,72701.9,72701.9,72169.9,72268.95,307373888
2026-07-06,72422.85,72858.55,72325.2,72685.6,239606444
2026-07-07,72845.35,72871.05,72107.5,72248.45,248509569
2026-07-08,71794.25,72198.75,70597.95,70898.75,326279535
2026-07-09,70970.25,71681.65,70964.35,71485.85,210958378
2026-07-10,71953.55,72438.45,71825.05,72391.8,256116376
2026-07-13,71819.15,72209.05,71429.6,72111.4,223183267
2026-07-14,71757.25,71938.55,71449.15,71851.6,234690007
2026-07-15,72108.05,72552.05,72011.9,72148.8,292846140
2026-07-16,72376.0,72675.8,71826.8,71896.75,244823100
2026-07-17,71929.25,72004.3,71626.75,71828.4,222303151
2026-07-20,71745.35,72533.6,71595.4,72460.05,355141375
2026-07-21,72533.8,72839.95,72303.65,72777.1,197361531
