Date,Open,High,Low,Close,Volume
2011-08-02,81.04551696777344,81.04551696777344,77.59951782226562,78.79732513427734,15403
2011-08-03,78.15235137939453,80.50189971923828,77.29546356201172,79.90299224853516,17227
2011-08-04,79.2027359008789,81.45093536376953,79.2027359008789,80.50189971923828,12204
2011-08-05,77.14804077148438,80.2991943359375,74.24565887451172,77.20332336425781,55542
2011-08-08,76.30036163330078,76.50306701660156,73.25055694580078,74.40229034423828,24153
2011-08-09,72.40287780761719,74.1995849609375,71.35249328613281,71.85004425048828,20336
2011-08-10,71.99746704101562,77.00061798095703,71.99746704101562,74.05216217041016,51557
2011-08-11,73.99687957763672,75.80281066894531,72.15409851074219,72.55030059814453,25517
2011-08-12,73.0478515625,74.79849243164062,71.54598236083984,72.30152130126953,9635
2011-08-16,73.49932861328125,73.49932861328125,69.39913940429688,70.30210876464844,21041
2011-08-17,70.05332946777344,71.00236511230469,68.3487548828125,68.5975341796875,34929
2011-08-19,66.1466293334961,68.94766235351562,64.04586029052734,67.197021484375,17628
2011-08-22,67.00352478027344,68.80023956298828,63.25346755981445,66.05449676513672,26038
2011-08-23,65.15152740478516,67.7498550415039,65.15152740478516,67.35365295410156,10439
2011-08-24,65.99921417236328,69.29779052734375,65.40030670166016,68.49617767333984,33657
2011-08-25,68.80023956298828,68.80023956298828,66.49676513671875,67.70378112792969,6995
2011-08-26,67.00352478027344,67.7959213256836,66.1005630493164,66.3493423461914,2619
2011-08-29,66.05449676513672,69.95198059082031,65.35424041748047,65.99921417236328,73828
2011-08-30,66.30326843261719,68.45011138916016,65.35424041748047,67.89727783203125,26907
2011-09-02,68.49617767333984,69.89669036865234,66.65339660644531,67.95256042480469,2952
2011-09-05,66.3954086303711,72.44894409179688,66.3954086303711,70.90100860595703,22530
2011-09-06,69.998046875,76.19900512695312,67.99862670898438,75.60009765625,34333
2011-09-07,75.99629974365234,76.85319519042969,73.14920043945312,73.74810791015625,11358
2011-09-08,73.80339050292969,74.65106964111328,72.34759521484375,73.6006851196289,5407
2011-09-09,72.50422668457031,73.8955307006836,71.00236511230469,71.35249328613281,14339
2011-09-12,70.05332946777344,71.00236511230469,68.65281677246094,69.998046875,5182
2011-09-13,70.24681854248047,70.90100860595703,69.10429382324219,69.60184478759766,6384
2011-09-14,68.14604949951172,69.95198059082031,68.14604949951172,69.00294494628906,9387
2011-09-15,68.3487548828125,70.94708251953125,68.3487548828125,70.44953155517578,3439
2011-09-16,70.05332946777344,71.3985595703125,69.45442962646484,69.50049591064453,2758
2011-09-19,69.25171661376953,71.64733123779297,69.25171661376953,70.49559783935547,10968
2011-09-20,70.49559783935547,71.99746704101562,70.49559783935547,71.49991607666016,6473
2011-09-21,71.9513931274414,71.9513931274414,70.20075225830078,71.54598236083984,7555
2011-09-22,70.49559783935547,71.49991607666016,66.1005630493164,66.74553680419922,59718
2011-09-23,66.3954086303711,68.65281677246094,65.09624481201172,66.65339660644531,28535
2011-09-26,67.00352478027344,67.39972686767578,64.59869384765625,65.60301208496094,7809
2011-09-27,65.05017852783203,68.84630584716797,65.05017852783203,67.99862670898438,10820
2011-09-28,67.00352478027344,69.89669036865234,66.3954086303711,67.95256042480469,11666
2011-09-29,67.04959869384766,67.09566497802734,65.99921417236328,66.1466293334961,11662
2011-09-30,65.60301208496094,67.89727783203125,65.60301208496094,67.00352478027344,7083
2011-10-03,65.00411224365234,67.99862670898438,65.00411224365234,67.00352478027344,14686
2011-10-04,66.1466293334961,67.85120391845703,65.5477294921875,66.90217590332031,8526
2011-10-05,67.44579315185547,67.85120391845703,64.55262756347656,64.90275573730469,20082
2011-10-07,64.04586029052734,66.90217590332031,62.4979248046875,63.64966583251953,33737
2011-10-10,65.00411224365234,67.00352478027344,61.19876480102539,65.85179138183594,15644
2011-10-11,65.50166320800781,67.5010757446289,65.50166320800781,66.59811401367188,3429
2011-10-12,66.9482421875,67.85120391845703,64.30384826660156,66.45069122314453,56171
2011-10-13,66.49676513671875,66.49676513671875,65.09624481201172,65.64907836914062,3333
2011-10-14,65.00411224365234,65.99921417236328,65.00411224365234,65.60301208496094,3858
2011-10-17,65.99921417236328,66.9482421875,62.249149322509766,62.99547576904297,39029
2011-10-18,62.249149322509766,64.20249938964844,62.20307922363281,63.898441314697266,14065
2011-10-19,63.64966583251953,65.00411224365234,63.64966583251953,64.20249938964844,19265
2011-10-20,63.999794006347656,63.999794006347656,62.654563903808594,62.80198669433594,26054
2011-10-21,62.99547576904297,62.99547576904297,62.4979248046875,62.746700286865234,25978
2011-10-24,62.99547576904297,62.99547576904297,61.346187591552734,61.650245666503906,15488
2011-10-25,62.00037384033203,62.00037384033203,59.5034065246582,60.00095748901367,38047
2011-10-28,61.7515983581543,62.99547576904297,61.346187591552734,62.30443572998047,3986
2011-10-31,64.24856567382812,64.24856567382812,62.10172653198242,63.05076217651367,14958
2011-11-01,62.5532112121582,63.50224304199219,61.05134201049805,61.50282287597656,5087
2011-11-02,61.954307556152344,63.34560775756836,61.05134201049805,62.80198669433594,19175
2011-11-03,62.046443939208984,62.99547576904297,62.046443939208984,62.80198669433594,8873
2011-11-04,62.046443939208984,66.45069122314453,62.046443939208984,64.94882202148438,25215
2011-11-08,64.59869384765625,64.59869384765625,63.34560775756836,63.54831314086914,6814
2011-11-09,63.15211486816406,63.15211486816406,61.548892974853516,62.35050582885742,24566
2011-11-11,61.7515983581543,62.99547576904297,59.549476623535156,61.19876480102539,19982
2011-11-14,61.50282287597656,62.4979248046875,60.55379104614258,60.99605941772461,8194
2011-11-15,60.3510856628418,61.30011749267578,54.5002555847168,55.34793472290039,91346
2011-11-16,55.50457000732422,59.5034065246582,55.44928741455078,58.1028938293457,59536
2011-11-17,58.148963928222656,59.05192565917969,56.35224914550781,57.697479248046875,33088
2011-11-18,56.6470947265625,57.946258544921875,54.997806549072266,55.55064010620117,17362
2011-11-21,56.00212097167969,56.84980010986328,53.495941162109375,54.70296096801758,5485
2011-11-22,54.70296096801758,54.70296096801758,52.353416442871094,53.698646545410156,7624
2011-11-23,52.998390197753906,53.0997428894043,50.547489166259766,51.45045471191406,14843
2011-11-24,52.298133850097656,53.40380096435547,50.50141906738281,52.298133850097656,25655
2011-11-25,51.30302810668945,54.896453857421875,50.99897003173828,54.04877471923828,28783
2011-11-28,54.896453857421875,55.50457000732422,54.10405731201172,54.454185485839844,2729
2011-11-29,54.15012741088867,54.85038375854492,54.00270462036133,54.00270462036133,5687
2011-11-30,54.35283279418945,58.9505729675293,54.00270462036133,56.00212097167969,81007
2011-12-01,57.75276565551758,58.047611236572266,54.896453857421875,55.20051193237305,21084
2011-12-02,54.398902893066406,56.95115661621094,54.35283279418945,56.00212097167969,11424
2011-12-05,55.24658203125,56.997222900390625,55.154441833496094,56.00212097167969,13195
2011-12-07,56.00212097167969,61.40147018432617,56.00212097167969,60.20366287231445,85241
2011-12-08,60.949989318847656,61.79766845703125,60.00095748901367,60.148380279541016,25990
2011-12-09,59.05192565917969,60.645931243896484,58.99664306640625,60.00095748901367,19441
2011-12-12,60.949989318847656,67.00352478027344,58.00154113769531,58.1028938293457,17285
2011-12-13,58.047611236572266,58.39773941040039,56.10347366333008,56.803733825683594,5047
2011-12-14,56.04819107055664,57.946258544921875,55.0530891418457,55.44928741455078,1616
2011-12-15,55.0530891418457,55.9007682800293,54.00270462036133,54.454185485839844,6105
2011-12-16,54.04877471923828,54.95173645019531,53.495941162109375,53.55122375488281,6113
2011-12-19,54.00270462036133,54.00270462036133,50.19736099243164,51.146392822265625,8811
2011-12-20,51.94800567626953,52.95232009887695,48.05052185058594,49.49710464477539,27615
2011-12-21,50.952903747558594,54.896453857421875,48.99955368041992,54.04877471923828,40273
2011-12-22,55.799415588378906,55.799415588378906,52.09542465209961,54.297550201416016,24455
2011-12-23,54.04877471923828,54.64767837524414,54.00270462036133,54.00270462036133,38360
2011-12-26,54.00270462036133,54.454185485839844,53.495941162109375,54.00270462036133,28679
2011-12-27,54.00270462036133,54.997806549072266,54.00270462036133,54.00270462036133,2197
2011-12-28,54.04877471923828,54.64767837524414,53.0997428894043,53.90135192871094,23278
2011-12-29,54.896453857421875,54.997806549072266,54.00270462036133,54.04877471923828,23418
2011-12-30,54.95173645019531,54.95173645019531,54.00270462036133,54.00270462036133,5479
2012-01-02,54.5002555847168,54.896453857421875,54.00270462036133,54.00270462036133,14214
2012-01-03,54.398902893066406,56.499671936035156,54.398902893066406,55.94683837890625,5965
2012-01-04,55.94683837890625,57.946258544921875,55.94683837890625,56.997222900390625,8712
2012-01-05,56.04819107055664,58.70179748535156,54.64767837524414,57.05250930786133,5561
2012-01-06,57.90018844604492,57.90018844604492,56.25089645385742,56.45360565185547,7259
2012-01-07,57.946258544921875,57.946258544921875,56.35224914550781,56.35224914550781,667
2012-01-09,56.25089645385742,58.904502868652344,56.00212097167969,58.00154113769531,10057
2012-01-10,56.997222900390625,62.90333938598633,56.997222900390625,62.30443572998047,448605
2012-01-11,63.797088623046875,67.99862670898438,63.34560775756836,64.84747314453125,79651
2012-01-12,63.9537239074707,64.7461166381836,62.10172653198242,62.746700286865234,20235
2012-01-13,62.5532112121582,63.25346755981445,62.147796630859375,62.39657211303711,10777
2012-01-16,62.39657211303711,63.69573211669922,59.30070114135742,59.65082931518555,13594
2012-01-17,61.89902114868164,61.89902114868164,59.5034065246582,59.85353469848633,9219
2012-01-18,60.249732971191406,60.848636627197266,59.09799575805664,60.00095748901367,10450
2012-01-19,60.29580307006836,61.69631576538086,59.65082931518555,61.30011749267578,20220
2012-01-20,61.954307556152344,63.44696044921875,60.047027587890625,62.99547576904297,19469
2012-01-23,62.046443939208984,62.94940948486328,61.50282287597656,61.89902114868164,5513
2012-01-24,61.30011749267578,62.654563903808594,60.047027587890625,61.69631576538086,21037
2012-01-25,62.45185852050781,63.44696044921875,60.59986114501953,60.9039192199707,13520
2012-01-27,60.249732971191406,64.90275573730469,57.85411834716797,58.80315017700195,33972
2012-01-30,58.747867584228516,60.00095748901367,58.35166931152344,59.19934844970703,10235
2012-01-31,59.40205383300781,59.549476623535156,58.55437469482422,59.05192565917969,8277
2012-02-01,59.89960479736328,59.89960479736328,58.80315017700195,59.6968994140625,2088
2012-02-02,59.89960479736328,62.4979248046875,58.60044479370117,61.548892974853516,33004
2012-02-03,62.746700286865234,62.746700286865234,61.19876480102539,62.00037384033203,9957
2012-02-06,62.90333938598633,64.39598846435547,62.147796630859375,63.797088623046875,68952
2012-02-07,63.9537239074707,63.999794006347656,62.249149322509766,63.299537658691406,107460
2012-02-08,62.4979248046875,63.999794006347656,62.147796630859375,63.54831314086914,87104
2012-02-09,63.85237121582031,63.999794006347656,62.746700286865234,63.797088623046875,9170
2012-02-10,63.797088623046875,63.797088623046875,63.09682846069336,63.50224304199219,7706
2012-02-13,63.50224304199219,63.85237121582031,62.4979248046875,63.25346755981445,10703
2012-02-14,63.898441314697266,66.24798583984375,63.299537658691406,65.95314025878906,29242
2012-02-15,65.09624481201172,68.9015884399414,63.999794006347656,66.3954086303711,34364
2012-02-16,65.50166320800781,66.9482421875,64.7461166381836,65.7043685913086,24372
2012-02-17,65.95314025878906,66.80081939697266,65.19760131835938,65.75043487548828,17655
2012-02-21,66.9482421875,69.00294494628906,65.25288391113281,66.45069122314453,22118
2012-02-22,65.99921417236328,67.00352478027344,62.147796630859375,62.80198669433594,10926
2012-02-23,62.94940948486328,62.94940948486328,60.148380279541016,60.645931243896484,5718
2012-02-24,59.945674896240234,69.39913940429688,59.945674896240234,63.9537239074707,211987
2012-02-27,64.20249938964844,64.20249938964844,60.45243835449219,60.99605941772461,36252
2012-02-28,61.05134201049805,62.35050582885742,58.80315017700195,59.5034065246582,79402
2012-02-29,60.047027587890625,61.30011749267578,59.09799575805664,59.79825210571289,27285
2012-03-01,59.75218200683594,60.949989318847656,59.40205383300781,60.70121383666992,58146
2012-03-02,63.797088623046875,63.797088623046875,59.65082931518555,60.39715576171875,16369
2012-03-03,60.20366287231445,60.20366287231445,60.20366287231445,60.20366287231445,670
2012-03-05,60.949989318847656,60.949989318847656,58.35166931152344,59.549476623535156,11836
2012-03-06,58.99664306640625,59.89960479736328,58.9505729675293,59.245418548583984,3285
2012-03-07,58.047611236572266,59.5034065246582,58.047611236572266,59.09799575805664,36905
2012-03-09,58.849220275878906,60.00095748901367,58.70179748535156,59.19934844970703,17070
2012-03-12,59.945674896240234,60.45243835449219,59.19934844970703,59.65082931518555,44366
2012-03-13,60.29580307006836,60.747283935546875,59.6968994140625,60.00095748901367,40019
2012-03-14,60.20366287231445,60.29580307006836,59.15327835083008,59.5034065246582,16032
2012-03-15,60.29580307006836,60.29580307006836,58.99664306640625,58.99664306640625,20257
2012-03-16,59.05192565917969,60.80256652832031,58.00154113769531,58.80315017700195,2105
2012-03-19,59.75218200683594,59.75218200683594,58.00154113769531,58.1028938293457,7434
2012-03-20,57.697479248046875,58.70179748535156,57.098575592041016,57.40263748168945,9060
2012-03-21,58.00154113769531,59.6968994140625,57.79883575439453,58.70179748535156,3452
2012-03-22,62.99547576904297,62.99547576904297,58.00154113769531,58.25031661987305,7730
2012-03-23,57.05250930786133,58.904502868652344,57.05250930786133,57.75276565551758,3869
2012-03-26,57.347354888916016,58.49909210205078,56.803733825683594,57.5500602722168,3474
2012-03-27,57.199928283691406,58.99664306640625,56.895870208740234,56.997222900390625,39852
2012-03-28,56.398319244384766,57.79883575439453,56.00212097167969,56.04819107055664,25738
2012-03-29,56.84980010986328,57.946258544921875,55.34793472290039,56.803733825683594,106535
2012-03-30,56.10347366333008,57.79883575439453,56.04819107055664,56.60102462768555,5429
2012-04-02,56.70237731933594,58.45302200317383,56.70237731933594,58.1028938293457,14258
2012-04-03,58.9505729675293,60.00095748901367,57.30128479003906,58.49909210205078,7985
2012-04-04,59.19934844970703,59.40205383300781,58.80315017700195,59.09799575805664,21249
2012-04-09,59.09799575805664,59.75218200683594,57.90018844604492,58.9505729675293,18098
2012-04-10,58.29638671875,58.9505729675293,58.25031661987305,58.45302200317383,4158
2012-04-11,58.204246520996094,58.25031661987305,56.00212097167969,57.75276565551758,8226
2012-04-12,57.15386199951172,58.99664306640625,57.15386199951172,58.204246520996094,4667
2012-04-13,57.347354888916016,58.99664306640625,57.347354888916016,57.85411834716797,4774
2012-04-16,57.5500602722168,58.646514892578125,56.997222900390625,57.15386199951172,5141
2012-04-17,57.24599838256836,57.347354888916016,56.54574203491211,57.30128479003906,4623
2012-04-18,57.946258544921875,62.4979248046875,57.946258544921875,59.79825210571289,864479
2012-04-19,62.00037384033203,67.99862670898438,61.954307556152344,66.55204772949219,172919
2012-04-20,68.80023956298828,71.00236511230469,65.25288391113281,67.44579315185547,266216
2012-04-23,67.95256042480469,71.1497802734375,67.95256042480469,69.998046875,80958
2012-04-24,71.00236511230469,74.54971313476562,70.14546966552734,73.39797973632812,150492
2012-04-25,74.09823608398438,74.09823608398438,70.65223693847656,72.2001724243164,95254
2012-04-26,72.50422668457031,75.0011978149414,71.54598236083984,73.3519058227539,60820
2012-04-27,73.25055694580078,73.99687957763672,71.64733123779297,71.9513931274414,44813
2012-04-30,71.89611053466797,73.00177764892578,71.25113677978516,72.40287780761719,23201
2012-05-02,71.99746704101562,73.84945678710938,71.1497802734375,72.69772338867188,37155
2012-05-03,71.99746704101562,73.00177764892578,70.5969467163086,71.00236511230469,7609
2012-05-04,71.00236511230469,71.00236511230469,68.24740600585938,69.10429382324219,14810
2012-05-07,68.05390930175781,71.70262145996094,66.65339660644531,68.09998321533203,24034
2012-05-08,68.24740600585938,69.89669036865234,67.99862670898438,68.09998321533203,4656
2012-05-09,67.54714965820312,68.49617767333984,66.20191955566406,67.35365295410156,3757
2012-05-10,67.25230407714844,68.05390930175781,67.197021484375,67.60243225097656,6041
2012-05-11,67.7498550415039,69.00294494628906,64.49734497070312,64.90275573730469,33962
2012-05-14,64.04586029052734,65.60301208496094,58.99664306640625,60.45243835449219,22583
2012-05-15,61.25404739379883,62.4979248046875,61.05134201049805,62.10172653198242,7361
2012-05-16,62.84805679321289,62.84805679321289,60.49850845336914,61.50282287597656,6591
2012-05-17,61.69631576538086,62.00037384033203,59.19934844970703,61.650245666503906,8200
2012-05-18,60.047027587890625,62.00037384033203,58.99664306640625,59.89960479736328,18893
2012-05-21,58.9505729675293,60.949989318847656,58.204246520996094,59.945674896240234,68246
2012-05-22,59.05192565917969,62.00037384033203,59.05192565917969,59.75218200683594,101729
2012-05-23,59.5034065246582,60.80256652832031,59.5034065246582,60.10231018066406,24586
2012-05-24,60.249732971191406,65.2989501953125,59.5034065246582,62.4979248046875,56184
2012-05-25,63.50224304199219,65.99921417236328,62.99547576904297,63.797088623046875,39341
2012-05-28,62.99547576904297,63.9537239074707,62.00037384033203,62.746700286865234,4349
2012-05-29,62.046443939208984,62.99547576904297,60.45243835449219,62.147796630859375,19151
2012-05-30,62.046443939208984,62.94940948486328,61.05134201049805,61.60417556762695,1402
2012-05-31,61.05134201049805,61.7515983581543,58.99664306640625,59.15327835083008,19829
2012-06-01,59.6968994140625,60.00095748901367,58.29638671875,58.904502868652344,5464
2012-06-04,59.5034065246582,59.5034065246582,58.204246520996094,58.39773941040039,3163
2012-06-05,58.148963928222656,58.99664306640625,58.1028938293457,58.55437469482422,5265
2012-06-06,58.747867584228516,60.00095748901367,58.39773941040039,59.40205383300781,5313
2012-06-07,59.945674896240234,59.945674896240234,58.55437469482422,59.30070114135742,18965
2012-06-08,59.89960479736328,59.89960479736328,58.1028938293457,58.29638671875,16735
2012-06-11,58.99664306640625,62.00037384033203,58.49909210205078,58.80315017700195,5244
2012-06-12,58.1028938293457,62.4979248046875,58.1028938293457,61.447540283203125,15893
2012-06-13,63.85237121582031,63.85237121582031,59.5034065246582,60.59986114501953,27048
2012-06-14,60.00095748901367,61.85295486450195,59.09799575805664,59.5034065246582,8193
2012-06-15,60.00095748901367,60.00095748901367,57.503990173339844,58.204246520996094,40096
2012-06-18,58.99664306640625,59.79825210571289,57.30128479003906,58.1028938293457,5173
2012-06-19,58.35166931152344,59.65082931518555,57.65141296386719,58.1028938293457,5089
2012-06-20,58.9505729675293,59.346771240234375,58.35166931152344,58.80315017700195,2668
2012-06-21,58.148963928222656,59.30070114135742,57.503990173339844,58.49909210205078,7888
2012-06-22,58.35166931152344,60.49850845336914,57.40263748168945,59.6968994140625,32327
2012-06-25,60.99605941772461,61.40147018432617,58.55437469482422,58.9505729675293,15927
2012-06-26,59.05192565917969,59.945674896240234,58.39773941040039,59.40205383300781,6817
2012-06-27,59.09799575805664,59.09799575805664,56.84980010986328,58.45302200317383,8328
2012-06-28,58.646514892578125,60.249732971191406,58.35166931152344,58.70179748535156,17701
2012-06-29,58.047611236572266,60.249732971191406,58.047611236572266,60.00095748901367,10203
2012-07-02,59.65082931518555,65.35424041748047,58.80315017700195,62.00037384033203,96255
2012-07-03,61.89902114868164,63.898441314697266,61.05134201049805,61.40147018432617,26978
2012-07-04,61.40147018432617,63.25346755981445,61.30011749267578,62.249149322509766,41016
2012-07-05,62.046443939208984,63.50224304199219,58.849220275878906,62.99547576904297,46879
2012-07-06,62.4979248046875,63.299537658691406,61.79766845703125,62.654563903808594,14592
2012-07-09,62.00037384033203,62.20307922363281,60.80256652832031,61.30011749267578,9982
2012-07-10,61.50282287597656,63.34560775756836,60.148380279541016,61.650245666503906,17732
2012-07-11,61.40147018432617,68.69888305664062,61.40147018432617,65.50166320800781,187919
2012-07-12,65.99921417236328,65.99921417236328,62.99547576904297,63.34560775756836,40757
2012-07-13,63.09682846069336,64.94882202148438,62.59927749633789,63.299537658691406,17311
2012-07-16,63.54831314086914,64.34992218017578,62.5532112121582,63.05076217651367,6127
2012-07-17,62.94940948486328,63.85237121582031,61.50282287597656,61.89902114868164,9488
2012-07-18,61.548892974853516,62.45185852050781,61.30011749267578,61.79766845703125,10759
2012-07-19,62.00037384033203,63.19818115234375,61.650245666503906,62.35050582885742,19105
2012-07-20,62.00037384033203,62.45185852050781,61.05134201049805,62.10172653198242,2477
2012-07-23,62.00037384033203,62.84805679321289,60.645931243896484,61.79766845703125,11272
2012-07-24,62.45185852050781,62.45185852050781,61.25404739379883,61.69631576538086,4977
2012-07-25,61.15269470214844,62.654563903808594,60.49850845336914,61.60417556762695,52552
2012-07-26,61.25404739379883,61.89902114868164,60.10231018066406,61.05134201049805,33756
2012-07-27,61.954307556152344,62.39657211303711,59.19934844970703,59.448123931884766,10294
2012-07-30,59.09799575805664,61.650245666503906,59.09799575805664,60.49850845336914,47707
2012-07-31,59.6968994140625,60.99605941772461,59.6968994140625,60.249732971191406,2491
2012-08-01,59.549476623535156,61.25404739379883,59.40205383300781,60.3510856628418,12744
2012-08-02,59.448123931884766,61.79766845703125,59.448123931884766,60.39715576171875,10767
2012-08-03,59.75218200683594,66.20191955566406,59.6968994140625,65.25288391113281,79972
2012-08-06,65.25288391113281,67.54714965820312,63.797088623046875,64.20249938964844,20899
2012-08-07,65.95314025878906,65.95314025878906,64.20249938964844,64.90275573730469,12197
2012-08-08,64.30384826660156,67.00352478027344,64.30384826660156,66.49676513671875,53196
2012-08-09,67.89727783203125,69.10429382324219,63.54831314086914,64.10114288330078,39495
2012-08-10,63.69573211669922,67.29837036132812,63.19818115234375,66.65339660644531,35691
2012-08-13,66.05449676513672,66.65339660644531,64.24856567382812,66.1466293334961,16052
2012-08-14,65.99921417236328,66.45069122314453,65.00411224365234,65.99921417236328,17207
2012-08-16,65.50166320800781,67.95256042480469,64.10114288330078,66.90217590332031,11921
2012-08-17,65.99921417236328,67.99862670898438,65.19760131835938,65.99921417236328,6155
2012-08-21,65.50166320800781,71.1497802734375,64.10114288330078,69.80455780029297,118709
2012-08-22,70.49559783935547,72.75300598144531,70.20075225830078,71.49991607666016,113425
2012-08-23,70.8457260131836,73.00177764892578,68.75416564941406,69.54656219482422,31109
2012-08-24,69.04901123046875,70.49559783935547,67.5010757446289,68.09998321533203,27257
2012-08-27,67.39972686767578,72.75300598144531,65.85179138183594,68.3487548828125,159151
2012-08-28,67.89727783203125,69.29779052734375,66.1005630493164,68.30268859863281,20919
2012-08-29,67.99862670898438,69.95198059082031,66.3493423461914,69.25171661376953,75910
2012-08-30,68.49617767333984,70.75358581542969,67.04959869384766,69.1964340209961,59409
2012-08-31,69.89669036865234,69.998046875,67.7959213256836,69.70320129394531,63873
2012-09-03,69.00294494628906,69.998046875,68.49617767333984,69.64791870117188,20228
2012-09-04,69.00294494628906,71.49991607666016,68.24740600585938,70.44953155517578,66769
2012-09-05,69.00294494628906,71.64733123779297,69.00294494628906,70.65223693847656,27679
2012-09-06,70.05332946777344,71.00236511230469,69.998046875,70.7996597290039,30027
2012-09-07,71.89611053466797,71.99746704101562,68.20133209228516,69.35307312011719,37968
2012-09-08,77.99571990966797,77.99571990966797,69.54656219482422,69.95198059082031,11865
2012-09-10,69.25171661376953,72.50422668457031,68.55146026611328,71.04843139648438,112561
2012-09-11,71.9513931274414,72.799072265625,70.8457260131836,71.25113677978516,25999
2012-09-12,71.25113677978516,71.74868774414062,69.45442962646484,69.60184478759766,35251
2012-09-13,69.50049591064453,69.70320129394531,67.89727783203125,68.14604949951172,13836
2012-09-14,68.45011138916016,70.69830322265625,67.197021484375,67.25230407714844,39796
2012-09-17,67.44579315185547,68.05390930175781,66.3954086303711,66.84689331054688,28649
2012-09-18,67.5010757446289,67.89727783203125,66.20191955566406,66.84689331054688,30896
2012-09-20,66.49676513671875,67.60243225097656,66.1005630493164,66.1466293334961,13786
2012-09-21,66.84689331054688,68.05390930175781,65.19760131835938,65.44637298583984,89181
2012-09-24,65.99921417236328,66.1466293334961,65.25288391113281,65.89785766601562,52457
2012-09-25,65.75043487548828,65.99921417236328,65.00411224365234,65.2989501953125,17883
2012-09-26,64.84747314453125,70.20075225830078,64.147216796875,69.60184478759766,109789
2012-09-27,69.95198059082031,71.29721069335938,67.89727783203125,68.09998321533203,48152
2012-09-28,68.24740600585938,69.1964340209961,67.64849853515625,69.00294494628906,47352
2012-10-01,69.80455780029297,69.80455780029297,68.05390930175781,68.45011138916016,12334
2012-10-03,68.45011138916016,69.29779052734375,67.15094757080078,67.54714965820312,20183
2012-10-04,67.99862670898438,68.14604949951172,66.55204772949219,67.54714965820312,15013
2012-10-05,68.09998321533203,68.49617767333984,67.39972686767578,68.14604949951172,24767
2012-10-08,68.49617767333984,68.94766235351562,65.35424041748047,66.1005630493164,55622
2012-10-09,66.9482421875,69.70320129394531,66.1466293334961,67.7959213256836,42523
2012-10-10,68.75416564941406,68.80023956298828,66.59811401367188,67.09566497802734,15980
2012-10-11,68.80023956298828,68.94766235351562,66.1005630493164,66.49676513671875,26326
2012-10-12,66.9482421875,67.197021484375,66.55204772949219,66.84689331054688,17628
2012-10-15,67.85120391845703,69.749267578125,66.3954086303711,66.74553680419922,7610
2012-10-16,67.00352478027344,67.5010757446289,66.49676513671875,66.59811401367188,34116
2012-10-17,66.74553680419922,66.90217590332031,65.09624481201172,65.60301208496094,18296
2012-10-18,65.60301208496094,66.80081939697266,65.19760131835938,66.1005630493164,31009
2012-10-19,65.99921417236328,68.24740600585938,65.00411224365234,66.1466293334961,60334
2012-10-22,68.20133209228516,68.40403747558594,65.64907836914062,67.7959213256836,47543
2012-10-23,67.25230407714844,67.99862670898438,66.3493423461914,66.65339660644531,8967
2012-10-25,67.95256042480469,68.80023956298828,66.24798583984375,67.89727783203125,15769
2012-10-29,66.65339660644531,67.35365295410156,65.7043685913086,66.49676513671875,14074
2012-10-30,66.45069122314453,67.99862670898438,65.2989501953125,65.44637298583984,17848
2012-10-31,65.99921417236328,66.9482421875,64.45127868652344,65.00411224365234,23570
2012-11-01,65.95314025878906,65.95314025878906,64.80139923095703,65.35424041748047,7902
2012-11-02,65.00411224365234,66.24798583984375,63.999794006347656,64.7461166381836,14099
2012-11-05,64.94882202148438,66.3954086303711,63.54831314086914,63.60359573364258,7082
2012-11-06,64.94882202148438,64.94882202148438,62.30443572998047,62.90333938598633,25286
2012-11-07,63.05076217651367,63.44696044921875,61.650245666503906,62.39657211303711,28442
2012-11-08,62.99547576904297,62.99547576904297,60.148380279541016,60.99605941772461,40496
2012-11-09,60.49850845336914,60.99605941772461,59.59554672241211,60.148380279541016,27667
2012-11-12,60.00095748901367,61.85295486450195,59.30070114135742,59.40205383300781,9808
2012-11-15,60.949989318847656,61.40147018432617,58.99664306640625,59.15327835083008,9759
2012-11-16,59.5034065246582,60.70121383666992,59.19934844970703,59.549476623535156,10262
2012-11-19,59.945674896240234,60.949989318847656,58.45302200317383,58.80315017700195,11427
2012-11-20,58.70179748535156,59.89960479736328,56.54574203491211,57.05250930786133,33947
2012-11-21,57.503990173339844,57.503990173339844,56.14954376220703,56.60102462768555,13734
2012-11-22,56.60102462768555,58.204246520996094,56.60102462768555,57.30128479003906,16734
2012-11-23,57.098575592041016,57.697479248046875,57.05250930786133,57.5500602722168,3491
2012-11-26,57.946258544921875,58.49909210205078,54.997806549072266,56.00212097167969,16820
2012-11-27,56.45360565185547,58.49909210205078,56.00212097167969,57.90018844604492,9815
2012-11-29,57.448707580566406,59.30070114135742,57.448707580566406,58.904502868652344,17374
2012-11-30,59.945674896240234,59.945674896240234,58.29638671875,59.346771240234375,37391
2012-12-03,59.245418548583984,59.245418548583984,57.5500602722168,57.90018844604492,8368
2012-12-04,58.00154113769531,58.49909210205078,57.40263748168945,57.503990173339844,18067
2012-12-05,57.30128479003906,58.00154113769531,57.199928283691406,57.79883575439453,10937
2012-12-06,56.499671936035156,58.00154113769531,56.499671936035156,57.79883575439453,9882
2012-12-07,57.65141296386719,58.45302200317383,57.199928283691406,57.596126556396484,4440
2012-12-10,57.5500602722168,57.5500602722168,56.803733825683594,56.95115661621094,31823
2012-12-11,56.997222900390625,57.24599838256836,56.04819107055664,56.35224914550781,11246
2012-12-12,56.997222900390625,58.29638671875,56.195613861083984,56.25089645385742,23533
2012-12-13,56.499671936035156,57.503990173339844,55.65199279785156,55.9007682800293,11240
2012-12-14,55.75334548950195,56.499671936035156,55.0530891418457,56.10347366333008,8804
2012-12-17,56.00212097167969,56.35224914550781,55.24658203125,55.55064010620117,9572
2012-12-18,55.20051193237305,55.698062896728516,54.60160827636719,55.30186462402344,27012
2012-12-19,55.44928741455078,58.29638671875,55.44928741455078,56.25089645385742,16658
2012-12-20,56.84980010986328,56.84980010986328,53.698646545410156,55.0530891418457,28214
2012-12-21,54.85038375854492,55.44928741455078,54.70296096801758,54.74903106689453,10373
2012-12-24,54.5002555847168,55.698062896728516,54.00270462036133,54.5002555847168,11448
2012-12-26,55.30186462402344,55.30186462402344,54.15012741088867,54.896453857421875,12188
2012-12-27,54.85038375854492,54.896453857421875,51.754512786865234,52.353416442871094,44669
2012-12-28,52.648258209228516,54.896453857421875,52.09542465209961,52.74961471557617,13321
2012-12-31,52.353416442871094,53.597293853759766,52.353416442871094,52.795684814453125,15975
2013-01-01,52.998390197753906,53.44987106323242,52.60219192504883,52.95232009887695,24407
2013-01-02,52.998390197753906,54.04877471923828,52.70354461669922,52.85096740722656,29539
2013-01-03,52.546905517578125,54.10405731201172,52.00328826904297,53.79999923706055,29773
2013-01-04,53.495941162109375,53.90135192871094,52.00328826904297,53.20109558105469,40727
2013-01-07,53.698646545410156,53.698646545410156,52.298133850097656,52.546905517578125,22919
2013-01-08,53.053672790527344,53.495941162109375,52.09542465209961,52.2520637512207,17901
2013-01-09,52.998390197753906,52.998390197753906,51.754512786865234,51.90193557739258,37900
2013-01-10,52.95232009887695,53.44987106323242,51.754512786865234,52.09542465209961,11078
2013-01-11,52.60219192504883,52.60219192504883,51.40438461303711,51.69922637939453,11803
2013-01-14,52.74961471557617,52.74961471557617,50.648841857910156,50.952903747558594,14287
2013-01-15,51.054256439208984,52.298133850097656,50.99897003173828,51.90193557739258,19084
2013-01-16,52.04935836791992,52.04935836791992,50.6027717590332,51.69922637939453,13061
2013-01-17,51.653160095214844,52.00328826904297,51.10032272338867,51.55180740356445,7384
2013-01-18,51.146392822265625,52.00328826904297,50.99897003173828,51.10032272338867,6408
2013-01-21,50.99897003173828,51.45045471191406,50.6027717590332,51.247745513916016,14978
2013-01-22,51.10032272338867,51.40438461303711,50.19736099243164,50.6027717590332,17522
2013-01-23,50.09600830078125,51.80058288574219,50.003868103027344,50.35399627685547,17272
2013-01-24,50.50141906738281,50.85154724121094,49.2022590637207,49.45103454589844,22853
2013-01-25,49.2022590637207,50.15129089355469,49.2022590637207,50.0499382019043,6438
2013-01-28,50.99897003173828,50.99897003173828,49.59845733642578,49.65373992919922,3283
2013-01-29,49.10090637207031,49.69981002807617,48.548072814941406,48.69549560546875,13664
2013-01-30,49.948585510253906,51.10032272338867,48.85213088989258,50.003868103027344,54195
2013-01-31,49.045623779296875,51.754512786865234,49.045623779296875,49.59845733642578,48689
2013-02-01,50.0499382019043,50.446136474609375,48.19794464111328,48.79684829711914,14644
2013-02-04,49.948585510253906,49.948585510253906,47.04620361328125,47.45161819458008,18535
2013-02-05,47.45161819458008,50.50141906738281,47.45161819458008,50.19736099243164,100365
2013-02-06,50.003868103027344,51.653160095214844,50.003868103027344,51.054256439208984,23603
2013-02-07,50.50141906738281,51.40438461303711,49.745880126953125,50.003868103027344,22201
2013-02-08,50.003868103027344,50.29871368408203,50.003868103027344,50.003868103027344,14066
2013-02-11,50.85154724121094,51.45045471191406,50.003868103027344,50.003868103027344,15309
2013-02-12,50.09600830078125,50.25264358520508,49.948585510253906,50.003868103027344,17152
2013-02-13,50.0499382019043,50.85154724121094,49.948585510253906,50.003868103027344,26237
2013-02-14,50.003868103027344,50.85154724121094,49.69981002807617,50.003868103027344,63077
2013-02-15,49.59845733642578,50.0499382019043,49.045623779296875,50.003868103027344,22142
2013-02-18,50.50141906738281,51.247745513916016,49.10090637207031,50.15129089355469,17235
2013-02-19,49.49710464477539,50.40006637573242,49.49710464477539,50.003868103027344,14373
2013-02-20,50.7962646484375,50.85154724121094,50.0499382019043,50.50141906738281,9120
2013-02-21,50.0499382019043,51.30302810668945,50.0499382019043,50.6027717590332,15165
2013-02-22,50.75019454956055,51.49652099609375,50.50141906738281,50.99897003173828,16796
2013-02-25,50.704124450683594,51.45045471191406,50.6027717590332,50.89761734008789,34852
2013-02-26,51.30302810668945,51.30302810668945,50.0499382019043,50.40006637573242,13733
2013-02-27,50.50141906738281,51.49652099609375,50.40006637573242,50.6027717590332,9060
2013-02-28,50.6027717590332,50.99897003173828,49.045623779296875,49.59845733642578,49928
2013-03-01,49.49710464477539,50.99897003173828,49.45103454589844,49.948585510253906,34317
2013-03-04,49.59845733642578,50.704124450683594,48.75077819824219,50.40006637573242,26201
2013-03-05,49.49710464477539,51.45045471191406,49.49710464477539,51.20167541503906,33185
2013-03-06,50.6027717590332,51.80058288574219,49.55238723754883,50.003868103027344,76089
2013-03-07,50.09600830078125,50.50141906738281,49.80116271972656,50.29871368408203,21144
2013-03-08,50.0499382019043,53.8460693359375,49.59845733642578,52.85096740722656,113983
2013-03-11,52.85096740722656,53.20109558105469,52.09542465209961,52.298133850097656,20561
2013-03-12,52.15071105957031,54.398902893066406,52.15071105957031,53.90135192871094,26740
2013-03-13,53.495941162109375,54.00270462036133,52.998390197753906,52.998390197753906,18722
2013-03-14,53.44987106323242,54.00270462036133,50.0499382019043,51.94800567626953,46742
2013-03-15,52.95232009887695,53.34851837158203,52.15071105957031,52.2520637512207,6357
2013-03-18,52.00328826904297,53.495941162109375,52.00328826904297,52.50083923339844,34376
2013-03-19,53.20109558105469,53.20109558105469,50.15129089355469,51.30302810668945,24481
2013-03-20,52.00328826904297,52.95232009887695,48.19794464111328,48.69549560546875,100911
2013-03-21,48.69549560546875,50.6027717590332,47.04620361328125,47.45161819458008,20186
2013-03-22,47.00013732910156,48.004451751708984,45.295562744140625,46.95406723022461,65394
2013-03-25,47.04620361328125,49.745880126953125,46.05110549926758,48.25322723388672,100092
2013-03-26,49.948585510253906,49.948585510253906,47.10149002075195,48.05052185058594,371763
2013-03-28,47.49768829345703,49.45103454589844,47.49768829345703,48.09659194946289,14626
2013-04-01,48.004451751708984,48.99955368041992,48.004451751708984,48.95348358154297,13372
2013-04-02,48.99955368041992,49.948585510253906,48.25322723388672,49.395751953125,6349
2013-04-03,50.7962646484375,50.99897003173828,49.10090637207031,49.45103454589844,31063
2013-04-04,48.40065002441406,49.80116271972656,48.40065002441406,49.10090637207031,16233
2013-04-05,48.40065002441406,49.146976470947266,47.70039367675781,47.70039367675781,7395
2013-04-08,47.903099060058594,49.248329162597656,47.70039367675781,48.05052185058594,4475
2013-04-09,48.05052185058594,48.79684829711914,47.746463775634766,47.8017463684082,2335
2013-04-10,48.603355407714844,48.603355407714844,46.696075439453125,47.65432357788086,5514
2013-04-11,47.304195404052734,48.004451751708984,46.797428131103516,47.14755630493164,339
2013-04-12,49.90251541137695,49.90251541137695,45.995819091796875,48.603355407714844,3375
2013-04-15,47.903099060058594,48.35457992553711,47.304195404052734,47.49768829345703,3230
2013-04-16,47.45161819458008,48.29929733276367,47.39633560180664,47.49768829345703,2259
2013-04-17,47.8017463684082,48.50200271606445,47.59904098510742,47.59904098510742,4341
2013-04-18,47.49768829345703,47.94916915893555,47.00013732910156,47.49768829345703,5931
2013-04-22,47.59904098510742,48.29929733276367,46.603939056396484,48.25322723388672,8821
2013-04-23,48.69549560546875,48.89820098876953,47.55297088623047,48.446720123291016,12720
2013-04-25,47.8017463684082,47.903099060058594,47.14755630493164,47.65432357788086,4673
2013-04-26,48.004451751708984,50.85154724121094,47.304195404052734,48.29929733276367,7309
2013-04-29,46.097171783447266,48.95348358154297,46.097171783447266,47.70039367675781,4836
2013-04-30,48.40065002441406,48.40065002441406,47.49768829345703,47.55297088623047,5918
2013-05-02,48.35457992553711,48.40065002441406,47.49768829345703,48.25322723388672,11031
2013-05-03,48.15187454223633,49.65373992919922,47.49768829345703,48.99955368041992,10573
2013-05-06,48.603355407714844,52.50083923339844,48.603355407714844,52.19677734375,32857
2013-05-07,52.648258209228516,54.10405731201172,51.45045471191406,52.74961471557617,81895
2013-05-08,52.19677734375,53.40380096435547,52.04935836791992,52.74961471557617,15441
2013-05-09,54.5002555847168,54.85038375854492,51.20167541503906,51.90193557739258,20639
2013-05-10,51.80058288574219,52.298133850097656,50.99897003173828,51.20167541503906,5160
2013-05-13,50.99897003173828,51.247745513916016,50.003868103027344,50.25264358520508,31776
2013-05-14,49.80116271972656,51.349098205566406,49.2022590637207,50.99897003173828,2622
2013-05-15,51.94800567626953,51.94800567626953,49.59845733642578,50.15129089355469,17571
2013-05-16,50.6027717590332,50.7962646484375,48.004451751708984,48.79684829711914,38830
2013-05-17,48.004451751708984,48.99955368041992,45.35084533691406,48.29929733276367,22782
2013-05-20,48.99955368041992,49.90251541137695,48.19794464111328,48.89820098876953,6562
2013-05-21,49.395751953125,50.0499382019043,47.746463775634766,49.49710464477539,22505
2013-05-22,49.59845733642578,49.59845733642578,47.746463775634766,47.847816467285156,19701
2013-05-23,47.70039367675781,47.903099060058594,47.202842712402344,47.45161819458008,4908
2013-05-24,48.446720123291016,48.446720123291016,46.4012336730957,46.54865264892578,36205
2013-05-27,47.00013732910156,47.202842712402344,46.25381088256836,46.44729995727539,15427
2013-05-28,46.502586364746094,47.00013732910156,45.995819091796875,46.502586364746094,10281
2013-05-29,46.54865264892578,46.65000534057617,45.396915435791016,45.903682708740234,89154
2013-05-30,45.55355453491211,45.995819091796875,43.60020446777344,44.40181350708008,27913
2013-05-31,44.44788360595703,44.89936447143555,39.29730987548828,40.65175247192383,419455
2013-06-03,41.84956359863281,41.84956359863281,40.15420150756836,40.55039978027344,9545
2013-06-04,40.09891891479492,42.34711456298828,39.002464294433594,41.1493034362793,91920
2013-06-05,40.50433349609375,41.29672622680664,40.15420150756836,40.40298080444336,10570
2013-06-06,40.05284881591797,43.00130081176758,39.04853439331055,42.50374984741211,107368
2013-06-07,42.595890045166016,44.30046081542969,42.50374984741211,43.996402740478516,28478
2013-06-10,43.60020446777344,44.097755432128906,42.595890045166016,42.7985954284668,25363
2013-06-11,42.752525329589844,43.90426254272461,42.50374984741211,42.50374984741211,29605
2013-06-12,41.70214080810547,43.996402740478516,41.70214080810547,43.00130081176758,36588
2013-06-13,42.50374984741211,43.25007629394531,41.646854400634766,42.54981994628906,20472
2013-06-14,43.74762725830078,44.44788360595703,42.89994812011719,43.996402740478516,16105
2013-06-17,43.996402740478516,44.60451889038086,43.04737091064453,43.84897994995117,9661
2013-06-18,43.64627456665039,44.44788360595703,42.50374984741211,43.04737091064453,13444
2013-06-19,43.14872360229492,43.14872360229492,42.54981994628906,42.853878021240234,12574
2013-06-20,43.80290985107422,47.00013732910156,42.24576187133789,43.20400619506836,41294
2013-06-21,43.10265350341797,43.296146392822266,42.50374984741211,43.00130081176758,20752
2013-06-24,42.54981994628906,43.00130081176758,40.946598052978516,41.047950744628906,24231
2013-06-25,40.50433349609375,42.7985954284668,40.09891891479492,42.153621673583984,3224
2013-06-26,41.047950744628906,41.996986389160156,40.55039978027344,40.79917526245117,15395
2013-06-27,41.352012634277344,41.352012634277344,39.546085357666016,40.44904708862305,22640
2013-06-28,41.453365325927734,42.09833908081055,41.00188446044922,41.646854400634766,8722
2013-07-01,41.00188446044922,42.50374984741211,39.99756622314453,42.09833908081055,1880
2013-07-02,41.996986389160156,42.24576187133789,41.996986389160156,41.996986389160156,2223
2013-07-03,42.09833908081055,42.50374984741211,41.453365325927734,41.996986389160156,15110
2013-07-04,42.19969177246094,43.20400619506836,41.80349349975586,42.052268981933594,2308
2013-07-05,42.19969177246094,42.54981994628906,41.996986389160156,41.996986389160156,3318
2013-07-08,42.94601821899414,42.94601821899414,40.55039978027344,40.946598052978516,2860
2013-07-09,41.3980827331543,42.44846725463867,39.25123977661133,40.347694396972656,14523
2013-07-10,41.74821090698242,41.74821090698242,40.09891891479492,40.3016242980957,3469
2013-07-11,40.50433349609375,41.49943542480469,40.15420150756836,41.1493034362793,115061
2013-07-12,41.545501708984375,42.30104446411133,40.246341705322266,41.9509162902832,9214
2013-07-15,43.90426254272461,43.996402740478516,41.29672622680664,41.453365325927734,2450
2013-07-16,41.29672622680664,41.895633697509766,41.20458984375,41.70214080810547,2389
2013-07-17,41.20458984375,41.453365325927734,39.35259246826172,40.75310516357422,1771
2013-07-18,41.49943542480469,41.545501708984375,35.54724884033203,36.69898986816406,48293
2013-07-19,35.99873352050781,38.9011116027832,34.69956970214844,38.44963073730469,28696
2013-07-22,40.347694396972656,40.347694396972656,37.35317611694336,38.59705352783203,16585
2013-07-23,38.75368881225586,39.39866256713867,38.09950256347656,38.79975891113281,15937
2013-07-24,38.947181701660156,38.947181701660156,36.69898986816406,37.99814987182617,12011
2013-07-25,37.703304290771484,39.25123977661133,37.19654083251953,38.947181701660156,19204
2013-07-26,38.650001525878906,38.650001525878906,33.70000076293945,35.95000076293945,36460
2013-07-29,35.650001525878906,38.099998474121094,34.45000076293945,37.25,20382
2013-07-30,37.75,37.75,34.70000076293945,35.25,7649
2013-07-31,34.70000076293945,36.099998474121094,34.70000076293945,35.54999923706055,1679
2013-08-01,36.400001525878906,36.5,33.0,33.70000076293945,12730
2013-08-02,33.20000076293945,33.75,29.899999618530273,31.100000381469727,32248
2013-08-05,31.950000762939453,32.0,30.100000381469727,31.549999237060547,5374
2013-08-06,31.049999237060547,32.0,31.0,31.75,9312
2013-08-07,31.0,34.0,31.0,31.899999618530273,4592
2013-08-08,32.54999923706055,32.54999923706055,31.399999618530273,31.649999618530273,1599
2013-08-12,31.799999237060547,31.799999237060547,30.700000762939453,30.899999618530273,5494
2013-08-13,31.0,31.700000762939453,31.0,31.549999237060547,7903
2013-08-14,32.0,32.0,31.25,31.549999237060547,18143
2013-08-16,31.0,32.25,30.5,30.5,4840
2013-08-19,30.100000381469727,32.0,30.0,30.899999618530273,13151
2013-08-20,31.049999237060547,31.649999618530273,30.600000381469727,31.200000762939453,21106
2013-08-21,30.799999237060547,32.04999923706055,30.799999237060547,31.25,21434
2013-08-22,31.049999237060547,31.700000762939453,31.0,31.600000381469727,60427
2013-08-23,31.100000381469727,31.850000381469727,31.100000381469727,31.399999618530273,22586
2013-08-26,31.5,31.799999237060547,30.600000381469727,31.149999618530273,197832
2013-08-27,32.0,33.0,30.850000381469727,31.399999618530273,497196
2013-08-28,31.0,31.75,31.0,31.5,14212
2013-08-29,31.200000762939453,31.950000762939453,31.200000762939453,31.5,23530
2013-08-30,31.299999237060547,32.20000076293945,31.299999237060547,31.950000762939453,38050
2013-09-02,31.5,32.20000076293945,31.5,32.0,173658
2013-09-03,31.850000381469727,32.5,31.649999618530273,31.649999618530273,58461
2013-09-04,31.549999237060547,32.5,31.549999237060547,32.349998474121094,64303
2013-09-05,32.25,36.0,32.25,33.75,84557
2013-09-06,34.900001525878906,34.900001525878906,33.650001525878906,33.95000076293945,9993
2013-09-10,33.5,34.54999923706055,33.0,34.0,17704
2013-09-11,33.099998474121094,34.20000076293945,33.099998474121094,34.04999923706055,17725
2013-09-12,34.0,38.5,34.0,36.650001525878906,50943
2013-09-13,36.25,38.45000076293945,36.25,38.04999923706055,27019
2013-09-16,38.0,41.04999923706055,38.0,39.54999923706055,32276
2013-09-17,40.79999923706055,44.400001525878906,39.599998474121094,40.54999923706055,37270
2013-09-18,39.45000076293945,40.04999923706055,39.29999923706055,39.5,19797
2013-09-19,39.25,40.400001525878906,39.25,39.599998474121094,57962
2013-09-20,37.5,39.25,36.95000076293945,37.45000076293945,75535
2013-09-23,37.0,38.45000076293945,36.900001525878906,38.04999923706055,52412
2013-09-24,38.0,38.79999923706055,37.04999923706055,38.0,11619
2013-09-25,38.5,38.5,37.0,37.04999923706055,13853
2013-09-26,36.849998474121094,39.75,36.849998474121094,39.5,20617
2013-09-27,39.70000076293945,42.95000076293945,38.0,38.04999923706055,13472
2013-09-30,38.150001525878906,38.75,37.29999923706055,37.70000076293945,10358
2013-10-01,37.650001525878906,38.400001525878906,37.099998474121094,37.29999923706055,12777
2013-10-03,38.650001525878906,39.099998474121094,37.54999923706055,38.45000076293945,24154
2013-10-04,38.400001525878906,38.70000076293945,37.599998474121094,37.900001525878906,5260
2013-10-07,38.0,42.900001525878906,37.5,41.75,60686
2013-10-08,42.20000076293945,42.20000076293945,41.0,41.150001525878906,11789
2013-10-09,40.70000076293945,41.5,40.0,40.400001525878906,9610
2013-10-10,40.95000076293945,41.150001525878906,38.650001525878906,39.95000076293945,14615
2013-10-11,39.70000076293945,41.5,39.150001525878906,40.79999923706055,10638
2013-10-14,40.5,41.0,39.54999923706055,39.79999923706055,2749
2013-10-15,39.849998474121094,41.5,39.54999923706055,40.849998474121094,8701
2013-10-17,41.0,42.0,40.54999923706055,41.45000076293945,11947
2013-10-18,41.0,41.29999923706055,40.29999923706055,40.54999923706055,4526
2013-10-21,40.25,42.0,40.25,41.20000076293945,7507
2013-10-22,41.0,42.0,40.5,40.900001525878906,8680
2013-10-23,41.04999923706055,42.95000076293945,41.0,42.45000076293945,19920
2013-10-24,42.25,44.0,42.25,43.75,30390
2013-10-25,43.29999923706055,44.45000076293945,42.599998474121094,44.0,24482
2013-10-28,44.5,44.5,43.5,44.099998474121094,7316
2013-10-29,43.29999923706055,44.0,42.79999923706055,43.0,7820
2013-10-30,42.70000076293945,44.04999923706055,42.599998474121094,44.04999923706055,7257
2013-10-31,43.70000076293945,44.0,42.04999923706055,43.599998474121094,4987
2013-11-01,44.70000076293945,44.70000076293945,43.5,43.95000076293945,5146
2013-11-05,45.45000076293945,45.5,44.150001525878906,45.0,6175
2013-11-06,44.75,45.0,43.29999923706055,44.0,10508
2013-11-07,45.0,45.0,43.70000076293945,43.70000076293945,12192
2013-11-08,43.400001525878906,44.54999923706055,42.70000076293945,43.0,5604
2013-11-11,44.5,44.5,41.29999923706055,41.54999923706055,16633
2013-11-12,41.04999923706055,42.849998474121094,39.20000076293945,40.099998474121094,8615
2013-11-13,40.0,41.70000076293945,40.0,40.79999923706055,4612
2013-11-14,41.5,42.0,41.29999923706055,41.95000076293945,2719
2013-11-18,42.0,42.29999923706055,41.04999923706055,41.45000076293945,3606
2013-11-19,41.599998474121094,42.0,41.099998474121094,41.150001525878906,13552
2013-11-20,41.0,42.900001525878906,40.0,41.04999923706055,23004
2013-11-21,42.0,42.0,40.25,41.04999923706055,3639
2013-11-22,41.900001525878906,41.95000076293945,40.150001525878906,41.79999923706055,5420
2013-11-25,42.0,42.70000076293945,41.04999923706055,41.45000076293945,7809
2013-11-26,42.20000076293945,42.20000076293945,40.900001525878906,41.599998474121094,3160
2013-11-27,41.75,43.900001525878906,41.75,42.900001525878906,13908
2013-11-28,43.0,43.79999923706055,42.20000076293945,42.599998474121094,6346
2013-11-29,42.5,43.599998474121094,42.5,42.849998474121094,17685
2013-12-02,42.29999923706055,44.95000076293945,41.650001525878906,42.099998474121094,16739
2013-12-03,42.95000076293945,45.29999923706055,42.29999923706055,44.349998474121094,29203
2013-12-04,44.0,47.25,43.349998474121094,44.20000076293945,41752
2013-12-05,45.0,45.75,43.29999923706055,43.70000076293945,14064
2013-12-06,43.29999923706055,44.849998474121094,43.150001525878906,43.650001525878906,11802
2013-12-09,42.54999923706055,44.650001525878906,42.54999923706055,44.04999923706055,7168
2013-12-10,44.95000076293945,45.0,43.5,44.25,15711
2013-12-11,43.29999923706055,46.54999923706055,43.29999923706055,46.04999923706055,49840
2013-12-12,46.0,47.20000076293945,45.54999923706055,46.75,33214
2013-12-13,46.29999923706055,46.95000076293945,45.29999923706055,45.599998474121094,14495
2013-12-16,45.349998474121094,45.900001525878906,45.29999923706055,45.349998474121094,13227
2013-12-17,45.0,45.650001525878906,43.400001525878906,44.79999923706055,18833
2013-12-18,44.5,46.29999923706055,44.5,45.79999923706055,7705
2013-12-19,45.400001525878906,46.25,45.0,45.95000076293945,10633
2013-12-20,45.400001525878906,48.0,45.04999923706055,46.349998474121094,27183
2013-12-23,48.0,48.0,46.29999923706055,46.45000076293945,12581
2013-12-24,46.95000076293945,47.45000076293945,45.70000076293945,46.20000076293945,10140
2013-12-26,46.95000076293945,46.95000076293945,45.79999923706055,46.400001525878906,17087
2013-12-27,47.0,47.0,45.349998474121094,45.75,25117
2013-12-30,45.5,45.900001525878906,44.400001525878906,44.54999923706055,17330
2013-12-31,45.95000076293945,46.349998474121094,44.599998474121094,45.20000076293945,17646
2014-01-01,45.650001525878906,46.20000076293945,44.95000076293945,45.70000076293945,15289
2014-01-02,46.5,46.54999923706055,44.25,44.5,19869
2014-01-03,44.400001525878906,45.45000076293945,44.400001525878906,44.650001525878906,7660
2014-01-06,44.349998474121094,45.0,44.0,44.20000076293945,26517
2014-01-07,44.04999923706055,45.45000076293945,44.04999923706055,44.849998474121094,9071
2014-01-08,44.900001525878906,49.599998474121094,44.0,47.95000076293945,227905
2014-01-09,48.29999923706055,53.54999923706055,48.04999923706055,49.900001525878906,195423
2014-01-10,50.400001525878906,52.0,48.75,49.650001525878906,54602
2014-01-13,49.349998474121094,50.5,46.79999923706055,47.25,29189
2014-01-14,47.900001525878906,49.0,46.5,47.349998474121094,25708
2014-01-15,47.099998474121094,48.400001525878906,47.099998474121094,47.54999923706055,9272
2014-01-16,47.400001525878906,48.5,47.25,47.5,12733
2014-01-17,47.099998474121094,47.70000076293945,45.099998474121094,45.849998474121094,11930
2014-01-20,46.95000076293945,48.0,46.150001525878906,47.20000076293945,16119
2014-01-21,47.0,48.099998474121094,46.29999923706055,47.79999923706055,12797
2014-01-22,47.5,48.25,46.29999923706055,47.349998474121094,12852
2014-01-23,47.29999923706055,47.900001525878906,46.20000076293945,46.79999923706055,6686
2014-01-24,47.0,47.5,45.45000076293945,45.650001525878906,5030
2014-01-27,45.70000076293945,45.70000076293945,42.54999923706055,42.70000076293945,25797
2014-01-28,42.04999923706055,44.79999923706055,42.04999923706055,43.599998474121094,10842
2014-01-29,44.650001525878906,44.75,42.79999923706055,43.400001525878906,2873
2014-01-30,43.95000076293945,44.0,42.0,42.5,7921
2014-01-31,42.95000076293945,43.900001525878906,41.650001525878906,42.25,7382
2014-02-03,42.0,43.54999923706055,41.25,43.349998474121094,5472
2014-02-04,43.25,43.79999923706055,42.150001525878906,42.75,8875
2014-02-05,42.20000076293945,42.95000076293945,41.45000076293945,41.79999923706055,14335
2014-02-06,41.70000076293945,42.849998474121094,41.70000076293945,42.599998474121094,12225
2014-02-07,42.0,45.5,41.70000076293945,42.099998474121094,10100
2014-02-10,42.54999923706055,44.0,42.20000076293945,42.54999923706055,5044
2014-02-11,42.099998474121094,43.400001525878906,41.900001525878906,42.95000076293945,7791
2014-02-12,43.95000076293945,47.900001525878906,41.900001525878906,44.099998474121094,4555338
2014-02-13,44.400001525878906,44.400001525878906,41.20000076293945,41.599998474121094,105301
2014-02-14,42.0,42.900001525878906,41.04999923706055,41.79999923706055,25636
2014-02-17,41.70000076293945,41.70000076293945,40.150001525878906,40.45000076293945,12418
2014-02-18,41.599998474121094,42.20000076293945,40.25,41.900001525878906,24298
2014-02-19,42.79999923706055,42.79999923706055,41.400001525878906,42.29999923706055,15599
2014-02-20,42.95000076293945,44.75,42.099998474121094,44.099998474121094,46378
2014-02-21,43.75,46.0,43.75,45.29999923706055,28803
2014-02-24,44.04999923706055,47.0,44.04999923706055,46.70000076293945,652814
2014-02-25,46.70000076293945,48.29999923706055,45.599998474121094,47.70000076293945,59953
2014-02-26,47.29999923706055,48.79999923706055,46.599998474121094,48.5,43259
2014-02-28,48.0,48.79999923706055,48.0,48.150001525878906,16934
2014-03-03,48.04999923706055,48.900001525878906,47.5,47.79999923706055,20803
2014-03-04,48.0,55.849998474121094,46.0,54.54999923706055,262790
2014-03-05,55.20000076293945,57.0,52.25,52.45000076293945,84411
2014-03-06,53.599998474121094,54.75,52.599998474121094,53.54999923706055,36708
2014-03-07,51.5,53.5,51.04999923706055,51.70000076293945,34643
2014-03-10,52.0,56.70000076293945,52.0,56.29999923706055,109775
2014-03-11,55.04999923706055,57.0,54.20000076293945,55.70000076293945,49383
2014-03-12,55.20000076293945,58.95000076293945,54.04999923706055,56.900001525878906,109915
2014-03-13,56.70000076293945,58.5,54.599998474121094,55.099998474121094,134802
2014-03-14,54.5,55.54999923706055,53.099998474121094,53.400001525878906,28687
2014-03-18,53.900001525878906,54.650001525878906,52.79999923706055,52.95000076293945,24621
2014-03-19,53.79999923706055,54.0,53.0,53.349998474121094,10844
2014-03-20,52.79999923706055,53.54999923706055,52.25,52.54999923706055,15206
2014-03-21,53.0,54.45000076293945,52.599998474121094,54.0,18401
2014-03-24,54.900001525878906,62.0,54.900001525878906,58.650001525878906,476194
2014-03-25,58.70000076293945,59.849998474121094,56.25,57.45000076293945,66153
2014-03-26,58.0,60.400001525878906,58.0,58.849998474121094,58194
2014-03-27,59.900001525878906,60.900001525878906,58.29999923706055,58.650001525878906,69692
2014-03-28,59.0,60.0,57.20000076293945,58.20000076293945,27816
2014-03-31,59.95000076293945,60.0,58.04999923706055,59.5,13966
2014-04-01,59.75,60.5,57.54999923706055,58.099998474121094,31521
2014-04-02,59.900001525878906,59.900001525878906,57.5,58.75,76931
2014-04-03,58.5,60.20000076293945,57.79999923706055,59.0,31475
2014-04-04,58.5,59.5,57.5,58.849998474121094,32058
2014-04-07,60.0,62.70000076293945,59.0,61.54999923706055,102193
2014-04-09,63.0,63.54999923706055,60.150001525878906,62.20000076293945,53378
2014-04-10,63.400001525878906,63.5,59.79999923706055,60.70000076293945,79088
2014-04-11,59.04999923706055,62.29999923706055,59.04999923706055,61.75,37556
2014-04-15,61.349998474121094,62.400001525878906,59.349998474121094,60.900001525878906,28797
2014-04-16,60.5,61.400001525878906,58.650001525878906,59.150001525878906,26931
2014-04-17,59.04999923706055,61.29999923706055,59.04999923706055,60.25,19481
2014-04-21,60.849998474121094,61.70000076293945,60.20000076293945,60.5,20534
2014-04-22,63.0,64.75,60.400001525878906,61.0,20901
2014-04-23,61.70000076293945,61.75,60.25,60.5,9157
2014-04-25,60.5,60.95000076293945,59.0,59.20000076293945,7976
2014-04-28,61.400001525878906,61.400001525878906,58.75,58.900001525878906,13575
2014-04-29,60.5,60.5,57.04999923706055,57.29999923706055,24473
2014-04-30,60.0,60.0,53.099998474121094,54.099998474121094,71947
2014-05-02,54.5,55.75,53.04999923706055,54.5,25078
2014-05-05,54.0,55.400001525878906,53.54999923706055,55.349998474121094,4712
2014-05-06,56.650001525878906,56.650001525878906,54.0,54.349998474121094,18884
2014-05-07,53.79999923706055,54.650001525878906,53.25,54.5,5964
2014-05-08,53.95000076293945,55.0,53.20000076293945,54.54999923706055,6061
2014-05-09,54.099998474121094,55.099998474121094,53.599998474121094,53.849998474121094,13777
2014-05-12,54.95000076293945,56.900001525878906,54.0,54.25,43140
2014-05-13,55.54999923706055,58.04999923706055,51.70000076293945,56.349998474121094,93618
2014-05-14,57.0,59.0,56.150001525878906,57.70000076293945,34518
2014-05-15,57.95000076293945,58.0,55.150001525878906,57.150001525878906,37761
2014-05-16,57.95000076293945,60.29999923706055,57.95000076293945,59.400001525878906,109673
2014-05-19,62.0,66.0,60.349998474121094,64.94999694824219,185964
2014-05-20,66.44999694824219,68.0,65.0999984741211,66.05000305175781,74919
2014-05-21,65.5999984741211,69.0,65.0999984741211,67.75,103640
2014-05-22,67.75,70.9000015258789,66.05000305175781,68.0,68083
2014-05-23,71.0,74.9000015258789,67.0,67.30000305175781,119931
2014-05-26,67.30000305175781,69.25,65.19999694824219,66.19999694824219,40033
2014-05-27,65.75,66.0,63.0,64.19999694824219,24909
2014-05-28,64.19999694824219,67.75,64.19999694824219,66.0999984741211,37721
2014-05-29,65.80000305175781,68.80000305175781,64.55000305175781,67.6500015258789,21153
2014-05-30,66.0,69.0,65.6500015258789,66.3499984741211,34868
2014-06-02,65.0,69.0,65.0,68.30000305175781,16180
2014-06-03,67.69999694824219,72.44999694824219,67.19999694824219,71.5,54685
2014-06-04,70.05000305175781,75.0,69.25,74.05000305175781,124635
2014-06-05,73.69999694824219,82.55000305175781,73.69999694824219,80.5999984741211,438021
2014-06-06,80.69999694824219,82.0,79.0,79.69999694824219,61321
2014-06-09,79.5999984741211,83.5999984741211,79.5,80.5,86212
2014-06-10,80.94999694824219,83.0,78.19999694824219,79.9000015258789,52821
2014-06-11,83.94999694824219,84.9000015258789,79.0,79.75,122655
2014-06-12,79.94999694824219,80.75,76.75,77.4000015258789,31692
2014-06-13,77.94999694824219,78.4000015258789,73.0,74.19999694824219,41186
2014-06-16,74.25,75.0,72.0999984741211,73.9000015258789,35139
2014-06-17,73.5,76.69999694824219,73.05000305175781,76.0999984741211,17692
2014-06-18,76.0999984741211,78.0,73.30000305175781,74.3499984741211,21455
2014-06-19,75.0,75.80000305175781,72.0999984741211,72.30000305175781,12492
2014-06-20,73.94999694824219,75.4000015258789,72.5,73.55000305175781,40711
2014-06-23,73.55000305175781,74.94999694824219,71.3499984741211,72.0,20791
2014-06-24,74.0,75.80000305175781,72.19999694824219,72.6500015258789,76304
2014-06-25,73.05000305175781,73.69999694824219,72.1500015258789,72.5,21003
2014-06-26,73.0999984741211,73.5,71.05000305175781,71.55000305175781,46788
2014-06-27,72.0999984741211,72.5,71.4000015258789,71.75,20244
2014-06-30,71.30000305175781,73.9000015258789,71.30000305175781,72.4000015258789,24797
2014-07-01,72.94999694824219,74.0,72.1500015258789,72.94999694824219,49344
2014-07-02,73.94999694824219,82.0,73.55000305175781,80.44999694824219,386612
2014-07-03,80.44999694824219,86.69999694824219,79.0,84.05000305175781,422633
2014-07-04,85.8499984741211,86.69999694824219,83.94999694824219,84.1500015258789,185312
2014-07-07,85.4000015258789,85.4000015258789,82.0,82.8499984741211,41330
2014-07-08,83.5,89.0,82.0,85.8499984741211,529198
2014-07-09,84.5,85.44999694824219,83.5,84.6500015258789,88672
2014-07-10,84.5,87.0,83.05000305175781,83.55000305175781,87863
2014-07-11,83.5,85.80000305175781,82.30000305175781,83.5,101359
2014-07-14,83.0,84.0,83.0,83.4000015258789,25740
2014-07-15,83.5999984741211,88.4000015258789,83.5999984741211,87.55000305175781,74927
2014-07-16,89.1500015258789,94.69999694824219,88.0,91.4000015258789,215600
2014-07-17,92.5,92.5,90.0,90.19999694824219,95083
2014-07-18,90.19999694824219,90.9000015258789,88.0999984741211,89.0999984741211,24649
2014-07-21,89.30000305175781,94.5,89.30000305175781,91.5,142962
2014-07-22,92.75,92.80000305175781,88.1500015258789,88.8499984741211,51116
2014-07-23,90.0,90.80000305175781,85.30000305175781,87.0,55489
2014-07-24,85.5,89.4000015258789,85.5,86.80000305175781,30547
2014-07-25,86.30000305175781,87.8499984741211,82.5,84.05000305175781,86389
2014-07-28,83.5,87.5,82.80000305175781,84.80000305175781,31866
2014-07-30,83.19999694824219,85.5999984741211,83.19999694824219,84.19999694824219,28279
2014-07-31,83.44999694824219,90.80000305175781,83.44999694824219,89.44999694824219,126294
2014-08-01,92.6500015258789,93.0999984741211,86.30000305175781,87.55000305175781,218324
2014-08-04,87.0999984741211,89.8499984741211,87.0999984741211,87.80000305175781,28190
2014-08-05,87.1500015258789,89.75,86.5,89.0999984741211,25847
2014-08-06,88.69999694824219,89.8499984741211,87.1500015258789,87.3499984741211,16952
2014-08-07,87.0,87.94999694824219,84.5,85.25,29100
2014-08-08,84.4000015258789,84.4000015258789,81.5999984741211,82.1500015258789,40364
2014-08-11,82.5,85.30000305175781,82.4000015258789,83.19999694824219,40177
2014-08-12,82.4000015258789,85.9000015258789,82.4000015258789,84.5,26924
2014-08-13,86.80000305175781,86.80000305175781,81.0,82.5,35104
2014-08-14,81.19999694824219,85.4000015258789,81.0999984741211,84.69999694824219,43439
2014-08-18,84.19999694824219,86.4000015258789,83.0999984741211,83.69999694824219,30168
2014-08-19,84.0,90.0,84.0,86.75,61823
2014-08-20,88.75,89.44999694824219,85.8499984741211,88.6500015258789,37224
2014-08-21,88.80000305175781,91.0,86.3499984741211,86.94999694824219,70545
2014-08-22,89.30000305175781,89.30000305175781,85.80000305175781,86.3499984741211,28454
2014-08-25,87.05000305175781,89.0,85.25,85.80000305175781,66656
2014-08-26,86.0,88.0,85.5,86.55000305175781,31595
2014-08-27,86.05000305175781,89.9000015258789,85.19999694824219,87.6500015258789,48422
2014-08-28,89.69999694824219,95.80000305175781,89.44999694824219,91.94999694824219,264196
2014-09-01,91.19999694824219,101.9000015258789,90.30000305175781,100.69999694824219,462296
2014-09-02,100.0999984741211,108.4000015258789,99.5,106.6500015258789,322685
2014-09-03,107.0,107.69999694824219,100.0,101.69999694824219,129509
2014-09-04,101.80000305175781,102.69999694824219,100.0,101.5999984741211,60155
2014-09-05,102.0,103.94999694824219,100.0,100.25,36524
2014-09-08,101.94999694824219,106.0,101.25,102.69999694824219,114748
2014-09-09,102.19999694824219,102.69999694824219,100.0,101.94999694824219,27547
2014-09-10,103.0,107.0,102.5999984741211,105.75,142735
2014-09-11,107.0,110.69999694824219,106.05000305175781,107.75,256762
2014-09-12,108.5,109.5,104.3499984741211,105.0999984741211,62749
2014-09-15,104.5,104.5,100.80000305175781,103.25,48254
2014-09-16,104.0,108.0,100.0,102.05000305175781,107213
2014-09-17,103.30000305175781,104.9000015258789,100.75,103.0999984741211,46253
2014-09-18,104.9000015258789,107.80000305175781,102.0,105.25,64971
2014-09-19,104.80000305175781,117.4000015258789,104.0,111.69999694824219,457555
2014-09-22,109.9000015258789,112.44999694824219,106.9000015258789,107.94999694824219,94279
2014-09-23,108.30000305175781,114.0,107.19999694824219,109.5,146541
2014-09-24,110.0,113.69999694824219,108.5,110.80000305175781,71050
2014-09-25,111.9000015258789,117.55000305175781,107.75,109.9000015258789,206300
2014-09-26,108.30000305175781,114.5,108.0,110.80000305175781,56458
2014-09-29,113.25,117.0,112.0,113.4000015258789,211339
2014-09-30,114.0,114.19999694824219,110.5999984741211,111.05000305175781,101599
2014-10-01,112.05000305175781,112.75,105.0999984741211,105.80000305175781,81109
2014-10-07,105.5999984741211,108.0,103.3499984741211,103.9000015258789,43778
2014-10-08,103.19999694824219,106.80000305175781,102.0,105.4000015258789,20484
2014-10-09,106.05000305175781,106.5,104.0,105.3499984741211,23284
2014-10-10,106.8499984741211,109.80000305175781,104.0,104.55000305175781,110528
2014-10-13,104.6500015258789,112.9000015258789,104.0,110.4000015258789,158845
2014-10-14,114.4000015258789,121.5,114.4000015258789,117.05000305175781,492210
2014-10-16,116.80000305175781,118.8499984741211,110.0,110.6500015258789,88539
2014-10-17,109.05000305175781,115.3499984741211,108.1500015258789,114.25,73961
2014-10-20,115.05000305175781,116.05000305175781,110.19999694824219,110.69999694824219,38044
2014-10-21,110.69999694824219,113.94999694824219,108.25,108.69999694824219,71324
2014-10-22,110.0,114.0,106.3499984741211,112.94999694824219,168895
2014-10-27,118.30000305175781,120.69999694824219,115.69999694824219,118.0999984741211,91827
2014-10-28,119.0,123.5,117.1500015258789,119.69999694824219,136197
2014-10-29,121.0,122.80000305175781,117.0,122.1500015258789,132397
2014-10-30,121.4000015258789,122.5999984741211,119.55000305175781,120.0999984741211,39483
2014-10-31,120.94999694824219,122.0,116.0999984741211,117.0999984741211,62700
2014-11-03,120.0,126.05000305175781,117.3499984741211,125.0,162973
2014-11-05,126.94999694824219,131.5,122.0999984741211,130.4499969482422,261810
2014-11-07,132.4499969482422,134.85000610351562,126.0999984741211,128.25,177581
2014-11-10,129.8000030517578,129.8000030517578,123.25,124.5999984741211,99249
2014-11-11,125.69999694824219,127.94999694824219,122.55000305175781,123.6500015258789,88931
2014-11-12,124.9000015258789,128.5,124.0,127.5999984741211,73941
2014-11-13,134.39999389648438,134.8000030517578,126.1500015258789,129.4499969482422,207037
2014-11-14,130.5,131.0,126.0,126.9000015258789,52903
2014-11-17,127.9000015258789,130.0,126.9000015258789,128.35000610351562,32386
2014-11-18,128.60000610351562,129.39999389648438,126.0999984741211,126.69999694824219,53074
2014-11-19,128.0,135.6999969482422,126.0,128.6999969482422,175662
2014-11-20,129.5,130.0,126.1500015258789,129.14999389648438,37355
2014-11-21,130.0500030517578,132.0,127.0,128.0,62853
2014-11-24,130.0,130.5,125.80000305175781,128.75,26733
2014-11-25,128.10000610351562,128.5,124.0,125.05000305175781,36618
2014-11-26,126.0,127.0,124.0,125.1500015258789,27630
2014-11-27,127.5999984741211,127.5999984741211,125.0,125.19999694824219,14426
2014-11-28,126.25,129.8000030517578,126.0,126.94999694824219,89311
2014-12-01,126.0,128.75,121.80000305175781,122.80000305175781,81905
2014-12-02,121.5999984741211,123.80000305175781,121.1500015258789,121.5999984741211,33347
2014-12-03,121.0,125.69999694824219,121.0,123.5999984741211,68336
2014-12-04,124.4000015258789,124.4000015258789,120.3499984741211,122.05000305175781,47514
2014-12-05,122.0,122.0,120.0,120.19999694824219,41926
2014-12-08,120.6500015258789,123.94999694824219,117.25,118.1500015258789,58107
2014-12-09,117.80000305175781,118.9000015258789,114.6500015258789,115.5999984741211,40086
2014-12-10,115.05000305175781,120.0,115.05000305175781,116.75,23782
2014-12-11,117.94999694824219,119.8499984741211,115.0999984741211,115.9000015258789,49020
2014-12-12,116.05000305175781,116.94999694824219,115.0,115.0,21923
2014-12-15,115.0,118.0,115.0,117.0,35791
2014-12-16,117.8499984741211,124.8499984741211,115.0,115.1500015258789,58647
2014-12-17,116.0,116.9000015258789,107.69999694824219,114.80000305175781,58448
2014-12-18,115.80000305175781,118.69999694824219,115.80000305175781,117.0999984741211,14298
2014-12-19,119.9000015258789,119.9000015258789,116.05000305175781,116.69999694824219,19429
2014-12-22,117.0999984741211,118.0,111.6500015258789,117.3499984741211,51611
2014-12-23,116.05000305175781,116.05000305175781,112.5,114.3499984741211,88235
2014-12-24,115.80000305175781,115.80000305175781,113.0,114.75,13846
2014-12-26,118.0,118.0,115.0,115.5,14664
2014-12-29,116.0,117.5,114.0,116.5999984741211,16131
2014-12-30,117.9000015258789,117.9000015258789,116.0,116.5999984741211,17742
2014-12-31,117.5999984741211,124.0,115.19999694824219,122.0,95922
2015-01-01,124.0,125.0,121.55000305175781,122.69999694824219,87193
2015-01-02,123.5,124.0,118.5,119.75,32579
2015-01-05,122.0,122.0,118.0,118.5999984741211,41616
2015-01-06,118.4000015258789,119.0,114.0999984741211,114.9000015258789,28445
2015-01-07,114.05000305175781,116.44999694824219,112.25,113.6500015258789,20861
2015-01-08,115.0,118.0,113.5,117.0999984741211,24499
2015-01-09,118.0,118.0,112.6500015258789,116.80000305175781,21447
2015-01-12,117.05000305175781,118.80000305175781,115.55000305175781,117.5,17775
2015-01-13,117.30000305175781,119.80000305175781,116.0,116.9000015258789,29485
2015-01-14,116.1500015258789,122.80000305175781,116.1500015258789,121.1500015258789,104306
2015-01-15,123.9000015258789,131.35000610351562,122.44999694824219,129.14999389648438,385484
2015-01-16,131.5,138.6999969482422,131.5,134.5,285718
2015-01-19,135.0,135.5500030517578,130.9499969482422,132.39999389648438,65427
2015-01-20,134.0,134.0,130.0,130.6999969482422,42769
2015-01-21,130.6999969482422,132.5500030517578,128.25,129.0,32642
2015-01-22,128.5,131.89999389648438,127.80000305175781,129.5,41743
2015-01-23,129.0500030517578,134.8000030517578,129.0500030517578,132.5500030517578,77917
2015-01-27,134.10000610351562,140.0,132.0,139.14999389648438,165100
2015-01-28,138.89999389648438,139.8000030517578,135.5,136.60000610351562,64830
2015-01-29,135.5,136.9499969482422,132.85000610351562,133.5500030517578,14747
2015-01-30,135.9499969482422,135.9499969482422,127.6500015258789,132.75,45460
2015-02-02,132.75,139.85000610351562,132.0,138.85000610351562,64845
2015-02-03,140.0,146.89999389648438,140.0,145.3000030517578,200410
2015-02-04,146.3000030517578,149.9499969482422,139.25,145.4499969482422,117910
2015-02-05,142.0,153.0,140.64999389648438,143.10000610351562,64015
2015-02-06,143.25,143.8000030517578,136.0,136.4499969482422,29733
2015-02-09,137.5,139.85000610351562,132.75,134.8000030517578,36187
2015-02-10,135.85000610351562,140.0,133.85000610351562,137.5,43507
2015-02-11,138.5,143.9499969482422,136.1999969482422,143.64999389648438,51421
2015-02-12,144.0,151.0,144.0,148.8000030517578,147716
2015-02-13,152.0,153.89999389648438,140.0,142.6999969482422,429840
2015-02-16,143.8000030517578,146.5,138.85000610351562,144.0,62450
2015-02-18,146.0,146.0,138.3000030517578,140.3000030517578,273138
2015-02-19,141.4499969482422,145.0,139.0,139.35000610351562,36258
2015-02-20,140.4499969482422,141.8000030517578,134.10000610351562,135.14999389648438,59112
2015-02-23,136.0500030517578,138.0,132.3000030517578,133.6999969482422,98800
2015-02-24,134.0,136.89999389648438,130.0,134.75,123889
2015-02-25,134.9499969482422,136.0,132.39999389648438,135.0500030517578,68501
2015-02-26,137.35000610351562,137.5,130.0,131.0,40307
2015-02-27,131.9499969482422,136.85000610351562,128.25,134.75,142999
2015-03-02,139.64999389648438,139.64999389648438,135.9499969482422,137.14999389648438,149389
2015-03-03,136.1999969482422,137.6999969482422,134.0500030517578,137.0500030517578,64986
2015-03-04,136.14999389648438,141.0,136.14999389648438,140.3000030517578,94893
2015-03-05,141.89999389648438,143.6999969482422,140.0,142.0,49452
2015-03-09,140.10000610351562,143.89999389648438,140.0,141.6999969482422,43962
2015-03-10,141.75,149.8000030517578,140.5,145.85000610351562,68830
2015-03-11,145.64999389648438,150.0,145.64999389648438,148.4499969482422,69896
2015-03-12,148.60000610351562,155.64999389648438,148.5,154.0500030517578,134651
2015-03-13,157.6999969482422,160.0,151.1999969482422,152.6999969482422,78116
2015-03-16,151.1999969482422,159.89999389648438,151.1999969482422,155.75,90989
2015-03-17,155.25,157.5,147.0,150.5500030517578,64605
2015-03-18,151.9499969482422,152.0,144.10000610351562,145.60000610351562,43990
2015-03-19,146.0500030517578,147.5,142.6999969482422,143.4499969482422,49813
2015-03-20,145.4499969482422,145.5,136.0,138.6999969482422,56821
2015-03-23,138.25,142.9499969482422,137.14999389648438,138.0500030517578,34197
2015-03-24,138.10000610351562,141.0,138.10000610351562,140.10000610351562,16141
2015-03-25,139.35000610351562,141.60000610351562,135.0,136.60000610351562,12806
2015-03-26,137.8000030517578,137.8000030517578,133.10000610351562,136.39999389648438,21435
2015-03-27,135.5500030517578,137.89999389648438,134.14999389648438,136.5,28561
2015-03-30,137.9499969482422,151.64999389648438,136.1999969482422,145.89999389648438,53418
2015-03-31,147.8000030517578,148.0,144.0,144.9499969482422,23061
2015-04-01,145.0,145.0,141.0,142.4499969482422,16240
2015-04-06,142.0,142.3000030517578,136.39999389648438,138.8000030517578,39777
2015-04-07,140.0,141.5,136.0,137.89999389648438,64910
2015-04-08,139.5500030517578,140.8000030517578,138.0,139.10000610351562,72402
2015-04-09,140.0,140.0,136.89999389648438,137.85000610351562,54416
2015-04-10,138.25,143.89999389648438,138.10000610351562,142.39999389648438,52099
2015-04-13,141.5500030517578,144.0,141.5,141.9499969482422,55658
2015-04-15,141.9499969482422,142.25,139.5,140.10000610351562,16678
2015-04-16,141.0,141.0500030517578,136.1999969482422,139.35000610351562,45860
2015-04-17,140.0,141.4499969482422,136.60000610351562,137.85000610351562,45443
2015-04-20,137.9499969482422,139.0,133.5,134.39999389648438,35144
2015-04-21,137.0,137.64999389648438,133.14999389648438,135.39999389648438,90191
2015-04-22,136.0,136.9499969482422,128.5500030517578,130.1999969482422,44827
2015-04-23,131.89999389648438,131.89999389648438,126.0999984741211,127.0,48973
2015-04-24,128.0,129.4499969482422,121.75,124.69999694824219,52651
2015-04-27,124.0,128.0,121.25,126.5999984741211,52601
2015-04-28,127.94999694824219,131.89999389648438,125.5999984741211,130.6999969482422,64309
2015-04-29,130.0500030517578,132.9499969482422,128.1999969482422,131.0,23685
2015-04-30,133.1999969482422,133.1999969482422,129.1999969482422,131.89999389648438,15471
2015-05-04,133.89999389648438,137.4499969482422,133.89999389648438,135.85000610351562,18395
2015-05-05,135.1999969482422,139.85000610351562,135.0,137.1999969482422,26576
2015-05-06,136.6999969482422,136.6999969482422,130.0500030517578,131.14999389648438,48181
2015-05-07,130.0500030517578,132.5,124.0,126.55000305175781,78091
2015-05-08,127.9000015258789,131.85000610351562,127.9000015258789,129.1999969482422,18372
2015-05-11,129.5,132.6999969482422,129.5,131.3000030517578,21022
2015-05-12,130.6999969482422,131.9499969482422,129.5,130.5500030517578,9643
2015-05-13,130.60000610351562,144.0,130.60000610351562,142.5500030517578,116922
2015-05-14,145.0,146.25,139.0,143.85000610351562,82491
2015-05-15,143.3000030517578,147.0,143.0,143.8000030517578,40460
2015-05-18,144.0,148.9499969482422,144.0,146.3000030517578,62144
2015-05-19,146.5,148.6999969482422,144.10000610351562,146.1999969482422,34520
2015-05-20,144.0,149.64999389648438,144.0,148.39999389648438,64829
2015-05-21,149.6999969482422,149.6999969482422,146.0,146.6999969482422,33384
2015-05-22,150.0,153.89999389648438,147.3000030517578,152.60000610351562,130720
2015-05-25,152.35000610351562,154.89999389648438,151.5,152.8000030517578,38789
2015-05-26,153.8000030517578,160.0,152.3000030517578,158.0,221829
2015-05-27,158.0,159.64999389648438,152.0,152.6999969482422,51935
2015-05-28,153.5,155.5,149.64999389648438,151.60000610351562,29392
2015-05-29,151.5500030517578,172.0,150.14999389648438,167.9499969482422,603633
2015-06-01,168.6999969482422,169.6999969482422,162.3000030517578,164.39999389648438,104239
2015-06-02,165.5500030517578,165.5500030517578,152.1999969482422,153.1999969482422,93885
2015-06-03,154.0,155.39999389648438,147.25,150.3000030517578,43652
2015-06-04,150.9499969482422,160.0,148.35000610351562,158.0500030517578,67659
2015-06-05,158.25,158.25,154.0,155.1999969482422,13214
2015-06-08,155.0500030517578,158.0,150.10000610351562,151.39999389648438,22985
2015-06-09,150.25,153.75,150.25,151.6999969482422,19724
2015-06-10,153.9499969482422,159.9499969482422,153.0,159.25,61372
2015-06-11,160.0,162.85000610351562,156.0,157.0,63905
2015-06-12,156.0,156.5,153.9499969482422,155.4499969482422,14787
2015-06-15,154.9499969482422,158.0,154.5,155.6999969482422,15281
2015-06-16,156.0,156.64999389648438,154.10000610351562,154.85000610351562,9694
2015-06-17,155.5500030517578,156.5,154.39999389648438,155.6999969482422,24158
2015-06-18,156.9499969482422,157.25,154.0500030517578,154.5,29456
2015-06-19,155.0,156.5,152.0,154.10000610351562,14994
2015-06-22,154.35000610351562,156.0,153.64999389648438,153.9499969482422,27594
2015-06-23,153.6999969482422,161.0,153.6999969482422,156.6999969482422,61783
2015-06-24,157.10000610351562,159.0,151.60000610351562,154.8000030517578,86463
2015-06-25,155.9499969482422,156.0,151.14999389648438,152.25,30164
2015-06-26,152.39999389648438,156.0,150.25,152.14999389648438,21965
2015-06-29,151.5,151.5,145.75,146.85000610351562,37381
2015-06-30,149.4499969482422,149.85000610351562,146.4499969482422,148.10000610351562,23345
2015-07-01,148.14999389648438,151.0,147.10000610351562,149.10000610351562,24416
2015-07-02,150.6999969482422,153.9499969482422,148.25,150.9499969482422,23407
2015-07-03,151.35000610351562,154.0,148.0,149.10000610351562,15696
2015-07-06,148.1999969482422,151.0,143.64999389648438,148.60000610351562,34834
2015-07-07,149.9499969482422,151.85000610351562,147.10000610351562,148.60000610351562,26530
2015-07-08,149.4499969482422,149.6999969482422,143.5,144.3000030517578,28428
2015-07-09,145.85000610351562,147.89999389648438,142.0,142.39999389648438,28254
2015-07-10,143.89999389648438,151.89999389648438,142.39999389648438,148.75,52744
2015-07-13,149.10000610351562,149.75,145.0,145.60000610351562,22611
2015-07-14,148.0,151.89999389648438,148.0,150.8000030517578,65729
2015-07-15,151.89999389648438,153.85000610351562,148.0,149.64999389648438,41750
2015-07-16,149.5500030517578,163.14999389648438,148.60000610351562,160.5,377082
2015-07-17,164.0,167.8000030517578,162.14999389648438,166.35000610351562,211877
2015-07-20,161.0500030517578,167.0,158.14999389648438,164.14999389648438,251432
2015-07-21,164.89999389648438,170.0,160.10000610351562,161.5500030517578,44015
2015-07-22,161.89999389648438,169.89999389648438,161.0,167.35000610351562,565780
2015-07-23,168.35000610351562,172.0,165.0,165.89999389648438,104301
2015-07-24,166.8000030517578,166.8000030517578,163.10000610351562,164.0,36770
2015-07-27,164.0,167.9499969482422,161.0,163.35000610351562,39152
2015-07-28,162.4499969482422,174.6999969482422,162.4499969482422,169.9499969482422,239418
2015-07-29,170.5,172.0,168.0,169.39999389648438,48696
2015-07-30,170.85000610351562,172.0,168.5500030517578,171.60000610351562,48240
2015-07-31,171.10000610351562,174.0,169.39999389648438,170.0500030517578,71149
2015-08-03,171.0,179.0,170.0500030517578,173.85000610351562,146586
2015-08-04,174.89999389648438,178.9499969482422,172.0,177.10000610351562,89713
2015-08-05,178.89999389648438,182.0,168.0,168.5,510081
2015-08-06,169.8000030517578,172.4499969482422,165.0,170.1999969482422,81449
2015-08-07,171.8000030517578,172.0,167.0500030517578,168.6999969482422,39618
2015-08-10,167.10000610351562,171.0,165.5500030517578,167.14999389648438,38649
2015-08-11,168.85000610351562,169.0,159.25,160.89999389648438,62903
2015-08-12,161.89999389648438,162.5,155.35000610351562,160.0,63085
2015-08-13,161.60000610351562,163.64999389648438,157.0500030517578,159.10000610351562,36165
2015-08-14,158.25,160.0500030517578,155.0500030517578,158.75,40842
2015-08-17,161.0,162.0,159.1999969482422,161.0,11100
2015-08-18,161.0,164.39999389648438,157.0,158.89999389648438,20990
2015-08-19,160.6999969482422,160.6999969482422,157.5,158.89999389648438,70524
2015-08-20,158.9499969482422,159.89999389648438,153.0,154.1999969482422,19772
2015-08-21,155.0,155.0,149.0,154.5500030517578,19903
2015-08-24,155.0,155.0,142.0,148.10000610351562,77497
2015-08-25,146.0,150.0500030517578,141.0500030517578,144.1999969482422,143976
2015-08-26,144.8000030517578,149.0,143.0500030517578,144.4499969482422,15470
2015-08-27,146.9499969482422,152.0,144.89999389648438,150.10000610351562,39127
2015-08-28,153.0,153.75,150.0,152.0500030517578,19052
2015-08-31,152.0,153.89999389648438,150.0,150.60000610351562,14688
2015-09-01,150.14999389648438,153.0,145.25,147.60000610351562,23137
2015-09-02,148.10000610351562,149.89999389648438,144.0,145.64999389648438,35767
2015-09-03,147.0,147.0,143.0,145.1999969482422,22073
2015-09-04,146.39999389648438,146.9499969482422,141.0,143.0,18812
2015-09-07,142.0500030517578,144.39999389648438,132.5500030517578,134.75,21923
2015-09-08,134.60000610351562,139.9499969482422,127.55000305175781,137.0,38128
2015-09-09,139.9499969482422,140.85000610351562,135.0,139.5500030517578,24863
2015-09-10,138.0500030517578,141.0,134.1999969482422,136.9499969482422,24136
2015-09-11,140.89999389648438,140.89999389648438,136.10000610351562,136.8000030517578,17335
2015-09-14,137.0500030517578,140.64999389648438,137.0500030517578,139.89999389648438,12872
2015-09-15,140.0,145.0,139.10000610351562,144.0,24775
2015-09-16,144.5500030517578,146.8000030517578,142.1999969482422,143.9499969482422,23633
2015-09-18,145.0,151.0,145.0,145.60000610351562,27448
2015-09-21,145.0,146.10000610351562,143.14999389648438,144.75,14919
2015-09-22,146.60000610351562,151.64999389648438,142.3000030517578,144.0,42889
2015-09-23,143.5,145.0,141.0500030517578,143.5500030517578,6948
2015-09-24,143.0500030517578,144.64999389648438,142.0,142.60000610351562,8494
2015-09-28,141.64999389648438,147.4499969482422,141.64999389648438,143.8000030517578,45469
2015-09-29,142.0500030517578,143.25,140.1999969482422,141.9499969482422,36427
2015-09-30,142.0,146.4499969482422,141.14999389648438,143.0500030517578,32023
2015-10-01,143.75,149.35000610351562,142.5,147.0,25517
2015-10-05,147.1999969482422,161.9499969482422,145.3000030517578,154.5500030517578,73343
2015-10-06,153.75,156.85000610351562,148.0,151.25,44297
2015-10-07,152.0,156.0,149.14999389648438,153.4499969482422,24226
2015-10-08,153.0500030517578,155.0,151.0,153.0500030517578,8462
2015-10-09,154.5,156.64999389648438,151.4499969482422,153.0500030517578,20420
2015-10-12,153.10000610351562,154.85000610351562,151.1999969482422,152.9499969482422,7973
2015-10-13,152.14999389648438,159.9499969482422,150.4499969482422,158.60000610351562,43449
2015-10-14,161.0,162.5,157.0,157.3000030517578,48559
2015-10-15,158.89999389648438,160.0,157.0500030517578,158.64999389648438,16256
2015-10-16,159.89999389648438,159.9499969482422,153.10000610351562,153.10000610351562,13981
2015-10-19,155.85000610351562,160.5,154.0,159.9499969482422,52229
2015-10-20,159.14999389648438,160.4499969482422,157.5500030517578,158.4499969482422,65925
2015-10-21,159.0,161.9499969482422,157.14999389648438,158.8000030517578,36183
2015-10-23,158.0,166.85000610351562,157.39999389648438,163.4499969482422,78449
2015-10-26,163.0500030517578,193.8000030517578,162.10000610351562,163.35000610351562,72225
2015-10-27,162.14999389648438,164.9499969482422,162.0500030517578,163.5,7924
2015-10-28,163.9499969482422,164.89999389648438,161.0500030517578,163.85000610351562,30433
2015-10-29,163.75,165.0,162.14999389648438,164.64999389648438,15845
2015-10-30,166.9499969482422,166.9499969482422,161.8000030517578,162.60000610351562,52189
2015-11-02,161.0,162.5,157.1999969482422,158.0,19492
2015-11-03,159.89999389648438,162.0,159.0,159.85000610351562,31004
2015-11-04,161.0,162.4499969482422,157.14999389648438,157.85000610351562,56895
2015-11-05,157.0,157.64999389648438,149.14999389648438,151.9499969482422,72386
2015-11-06,151.3000030517578,152.10000610351562,146.10000610351562,147.85000610351562,21730
2015-11-09,146.0,154.35000610351562,145.0,152.89999389648438,16873
2015-11-10,152.0500030517578,153.4499969482422,147.0,147.25,8142
2015-11-13,148.35000610351562,150.0,147.0,147.5500030517578,10295
2015-11-16,147.0500030517578,148.1999969482422,147.0,147.35000610351562,10677
2015-11-17,148.14999389648438,150.35000610351562,146.1999969482422,148.0,84734
2015-11-18,147.89999389648438,150.0500030517578,147.0,147.64999389648438,19097
2015-11-19,148.10000610351562,154.6999969482422,148.0,151.6999969482422,17230
2015-11-20,152.0,155.0,151.1999969482422,153.4499969482422,11825
2015-11-23,152.0,154.5,151.0500030517578,152.14999389648438,14113
2015-11-24,152.9499969482422,158.64999389648438,150.0500030517578,157.64999389648438,30494
2015-11-26,155.0,160.1999969482422,155.0,159.1999969482422,23089
2015-11-27,158.35000610351562,159.14999389648438,155.39999389648438,158.0,150722
2015-11-30,157.0,158.25,153.25,153.25,25962
2015-12-01,156.4499969482422,156.4499969482422,149.9499969482422,151.64999389648438,25219
2015-12-02,151.85000610351562,159.0,151.85000610351562,155.1999969482422,65701
2015-12-03,155.0,158.0,148.0,149.85000610351562,79695
2015-12-04,149.0,150.89999389648438,143.0500030517578,147.4499969482422,39096
2015-12-07,147.4499969482422,151.6999969482422,146.10000610351562,148.64999389648438,22904
2015-12-08,150.89999389648438,151.0,147.0,148.9499969482422,29971
2015-12-09,149.4499969482422,150.0500030517578,144.14999389648438,145.9499969482422,15772
2015-12-10,146.4499969482422,153.0,145.25,151.4499969482422,40841
2015-12-11,153.0,153.0,150.0,150.0500030517578,13202
2015-12-14,149.14999389648438,157.9499969482422,149.0,156.5,45287
2015-12-15,155.5,161.5,154.0500030517578,159.85000610351562,67245
2015-12-16,160.5500030517578,163.60000610351562,157.0,158.14999389648438,34940
2015-12-17,158.0500030517578,163.9499969482422,155.35000610351562,163.4499969482422,35312
2015-12-18,161.0500030517578,163.5,160.14999389648438,162.3000030517578,20985
2015-12-21,160.39999389648438,170.0,160.39999389648438,165.75,122576
2015-12-22,165.75,166.85000610351562,162.0500030517578,162.6999969482422,15249
2015-12-23,162.0,164.0,160.0,162.4499969482422,27349
2015-12-24,162.10000610351562,164.0,160.0500030517578,162.85000610351562,16294
2015-12-28,161.5,163.5,160.60000610351562,160.8000030517578,7211
2015-12-29,163.35000610351562,163.60000610351562,160.0,160.39999389648438,14937
2015-12-30,159.10000610351562,168.0,159.10000610351562,162.5,81933
2015-12-31,162.3000030517578,164.6999969482422,162.3000030517578,162.8000030517578,26483
2016-01-01,163.25,165.0,162.0,163.10000610351562,39142
2016-01-04,164.35000610351562,166.0,162.0,162.35000610351562,29216
2016-01-05,162.10000610351562,165.0,162.0,164.10000610351562,19589
2016-01-06,165.0,169.89999389648438,165.0,165.3000030517578,52783
2016-01-07,164.10000610351562,165.8000030517578,163.0500030517578,163.8000030517578,53383
2016-01-08,164.5,165.85000610351562,164.0,165.0,26380
2016-01-11,163.10000610351562,165.0,163.10000610351562,164.4499969482422,25324
2016-01-12,164.35000610351562,166.89999389648438,163.0500030517578,164.0500030517578,48774
2016-01-13,165.6999969482422,165.6999969482422,160.35000610351562,164.5500030517578,71468
2016-01-14,164.0,164.5,162.0,162.89999389648438,19582
2016-01-15,162.25,163.0,153.0,155.85000610351562,21616
2016-01-18,154.60000610351562,157.9499969482422,143.6999969482422,148.0500030517578,31986
2016-01-19,146.25,153.0,146.25,152.5500030517578,19966
2016-01-20,151.0500030517578,155.0,145.0,146.0500030517578,37916
2016-01-21,147.0,148.5,146.0,146.10000610351562,14734
2016-01-22,146.5,153.75,146.4499969482422,153.0500030517578,26038
2016-01-25,153.0500030517578,157.6999969482422,151.0,156.14999389648438,22215
2016-01-27,155.1999969482422,158.0,154.0500030517578,154.8000030517578,9166
2016-01-28,155.9499969482422,156.0,153.0,153.25,3603
2016-01-29,155.14999389648438,155.14999389648438,150.0,152.0500030517578,9935
2016-02-01,155.0,155.0,150.14999389648438,151.0500030517578,5732
2016-02-02,152.89999389648438,153.0,144.10000610351562,146.0,28442
2016-02-03,145.89999389648438,153.89999389648438,145.0,151.85000610351562,49681
2016-02-04,151.10000610351562,155.0,146.0,146.8000030517578,19572
2016-02-05,146.64999389648438,150.6999969482422,146.0500030517578,149.14999389648438,13263
2016-02-08,150.0,153.0,148.0,149.0,22725
2016-02-09,148.0,148.0,146.0,146.1999969482422,3565
2016-02-10,147.85000610351562,148.25,146.9499969482422,147.39999389648438,78948
2016-02-11,151.0,151.0,144.0,145.5500030517578,222430
2016-02-12,147.0,148.75,141.10000610351562,145.75,80222
2016-02-15,145.6999969482422,148.5,145.60000610351562,148.0500030517578,27098
2016-02-16,148.0500030517578,149.0,142.5500030517578,143.89999389648438,54243
2016-02-17,142.5,145.5,140.10000610351562,144.85000610351562,35317
2016-02-18,144.5,151.0,144.4499969482422,149.5,18846
2016-02-19,150.39999389648438,151.75,147.0500030517578,150.14999389648438,7590
2016-02-22,149.25,152.6999969482422,149.25,150.4499969482422,5978
2016-02-23,149.14999389648438,151.75,146.0500030517578,149.64999389648438,12984
2016-02-24,150.5,150.89999389648438,140.8000030517578,144.6999969482422,18250
2016-02-25,144.4499969482422,148.9499969482422,143.5500030517578,145.5500030517578,40544
2016-02-26,145.14999389648438,147.5,144.0,144.6999969482422,27119
2016-02-29,145.6999969482422,152.8000030517578,143.6999969482422,151.39999389648438,39260
2016-03-01,150.0500030517578,152.75,147.8000030517578,149.9499969482422,9068
2016-03-02,151.0,152.9499969482422,150.35000610351562,151.10000610351562,9255
2016-03-03,150.1999969482422,152.4499969482422,150.1999969482422,151.64999389648438,8141
2016-03-04,150.0,155.5,150.0,154.89999389648438,13748
2016-03-08,154.0,156.75,150.14999389648438,151.60000610351562,14801
2016-03-09,152.4499969482422,152.6999969482422,147.0,148.5,11194
2016-03-10,149.9499969482422,150.5,147.0500030517578,148.9499969482422,3824
2016-03-11,147.8000030517578,150.0,146.89999389648438,147.64999389648438,6204
2016-03-14,148.89999389648438,151.0,147.0,147.39999389648438,205357
2016-03-15,148.6999969482422,149.85000610351562,142.39999389648438,142.8000030517578,22888
2016-03-16,146.64999389648438,146.64999389648438,135.35000610351562,135.85000610351562,50134
2016-03-17,135.9499969482422,138.8000030517578,135.9499969482422,137.64999389648438,27535
2016-03-18,138.0,138.5,135.5,137.9499969482422,15937
2016-03-21,138.9499969482422,143.0,136.0500030517578,141.4499969482422,11957
2016-03-22,142.0,154.39999389648438,139.10000610351562,149.25,297101
2016-03-23,149.0,157.0,147.0,154.0,126514
2016-03-28,153.75,153.75,144.10000610351562,146.5,18775
2016-03-29,145.5,149.0,143.10000610351562,146.5,26623
2016-03-30,146.9499969482422,152.8000030517578,146.9499969482422,150.64999389648438,22211
2016-03-31,151.75,153.9499969482422,150.1999969482422,151.3000030517578,18848
2016-04-01,151.0500030517578,153.6999969482422,151.0,152.0500030517578,34870
2016-04-04,152.0,154.0,149.39999389648438,153.4499969482422,27446
2016-04-05,152.0,154.39999389648438,151.0,152.10000610351562,19058
2016-04-06,151.5500030517578,158.6999969482422,151.25,157.0,46923
2016-04-07,158.6999969482422,158.75,153.6999969482422,157.5500030517578,13858
2016-04-08,156.9499969482422,159.5,154.5500030517578,158.3000030517578,29059
2016-04-11,157.25,161.75,157.25,160.85000610351562,19040
2016-04-12,160.0500030517578,163.14999389648438,159.14999389648438,162.75,58156
2016-04-13,162.25,167.35000610351562,162.1999969482422,166.6999969482422,45556
2016-04-18,167.75,168.5,163.5,165.14999389648438,34467
2016-04-20,163.0500030517578,167.0,163.0,164.0,11011
2016-04-21,163.0500030517578,164.60000610351562,158.8000030517578,159.1999969482422,12112
2016-04-22,157.0,163.0,157.0,162.64999389648438,10376
2016-04-25,163.85000610351562,163.85000610351562,160.0500030517578,160.89999389648438,5818
2016-04-26,160.0500030517578,163.9499969482422,160.0500030517578,162.5500030517578,9361
2016-04-27,162.0,163.9499969482422,161.1999969482422,162.0500030517578,6078
2016-04-28,162.0,163.85000610351562,162.0,162.10000610351562,2950
2016-04-29,163.5,165.5,160.0500030517578,163.6999969482422,21567
2016-05-02,163.10000610351562,165.0,161.0500030517578,162.35000610351562,5669
2016-05-03,161.10000610351562,163.8000030517578,159.0500030517578,160.0,8464
2016-05-04,161.5,161.5,157.14999389648438,157.85000610351562,3980
2016-05-05,158.5,158.5,155.0500030517578,156.0,8018
2016-05-06,155.8000030517578,157.85000610351562,150.6999969482422,151.6999969482422,14451
2016-05-09,152.0,154.89999389648438,149.5,154.0,20827
2016-05-10,154.8000030517578,156.5,151.35000610351562,155.0,4725
2016-05-11,155.60000610351562,156.8000030517578,151.1999969482422,154.5,4280
2016-05-12,153.5,158.0,152.9499969482422,156.4499969482422,23962
2016-05-13,156.9499969482422,158.5,149.10000610351562,150.9499969482422,48642
2016-05-16,149.14999389648438,152.5,149.0,149.89999389648438,23020
2016-05-17,150.9499969482422,150.9499969482422,148.60000610351562,149.5500030517578,10419
2016-05-18,149.0,152.8000030517578,148.0500030517578,149.89999389648438,68063
2016-05-19,150.5,150.8000030517578,148.10000610351562,148.9499969482422,11426
2016-05-20,150.6999969482422,150.6999969482422,143.1999969482422,146.35000610351562,56060
2016-05-23,148.9499969482422,150.0,147.3000030517578,149.10000610351562,3717
2016-05-24,149.10000610351562,151.0,148.10000610351562,149.5,5341
2016-05-25,151.0,159.0,149.60000610351562,158.35000610351562,135982
2016-05-26,158.10000610351562,159.89999389648438,154.6999969482422,156.5,13396
2016-05-27,158.9499969482422,158.9499969482422,153.10000610351562,153.60000610351562,13178
2016-05-30,153.0,154.9499969482422,149.14999389648438,149.85000610351562,45377
2016-05-31,150.0,150.0,148.25,149.25,20096
2016-06-01,149.9499969482422,150.6999969482422,147.5,149.9499969482422,199051
2016-06-02,150.0,150.10000610351562,147.25,148.25,202938
2016-06-03,147.25,150.8000030517578,145.9499969482422,146.25,16942
2016-06-06,146.25,152.0,146.0500030517578,151.10000610351562,44295
2016-06-07,151.9499969482422,154.4499969482422,151.9499969482422,152.9499969482422,18288
2016-06-08,153.75,161.35000610351562,151.4499969482422,159.5,72507
2016-06-09,159.9499969482422,163.0,157.3000030517578,157.6999969482422,39706
2016-06-10,158.0,159.0,153.5500030517578,154.0,28403
2016-06-13,153.0500030517578,157.5,152.10000610351562,156.1999969482422,10214
2016-06-14,155.8000030517578,159.0,155.1999969482422,156.0500030517578,12495
2016-06-15,156.0,158.8000030517578,155.60000610351562,157.14999389648438,26349
2016-06-16,156.0500030517578,157.60000610351562,152.5,154.6999969482422,12081
2016-06-17,155.9499969482422,156.89999389648438,152.0500030517578,152.9499969482422,8629
2016-06-20,153.0,156.89999389648438,151.14999389648438,153.89999389648438,8700
2016-06-21,152.9499969482422,156.9499969482422,152.5,153.0500030517578,12166
2016-06-22,152.10000610351562,154.85000610351562,150.0,150.85000610351562,21953
2016-06-23,150.6999969482422,151.8000030517578,149.0,150.39999389648438,11455
2016-06-24,149.0,150.75,145.8000030517578,146.9499969482422,36302
2016-06-27,147.9499969482422,151.0,146.0,147.5500030517578,16286
2016-06-28,146.9499969482422,152.0,146.4499969482422,150.9499969482422,15148
2016-06-29,151.8000030517578,154.0,151.1999969482422,152.8000030517578,15016
2016-06-30,153.89999389648438,156.64999389648438,153.1999969482422,154.39999389648438,42562
2016-07-01,154.9499969482422,161.0,154.25,158.0,44137
2016-07-04,158.0,165.4499969482422,158.0,161.8000030517578,76996
2016-07-05,161.60000610351562,174.75,161.0,172.6999969482422,334198
2016-07-07,177.75,179.9499969482422,171.0,172.10000610351562,539980
2016-07-08,171.0,172.25,168.0,168.5,35439
2016-07-11,169.9499969482422,172.0,164.1999969482422,165.4499969482422,54062
2016-07-12,166.0,166.8000030517578,161.60000610351562,164.8000030517578,92518
2016-07-13,164.0500030517578,168.8000030517578,164.0,164.35000610351562,44621
2016-07-14,164.9499969482422,169.0,164.9499969482422,167.14999389648438,56801
2016-07-15,168.89999389648438,169.0,162.10000610351562,164.1999969482422,24645
2016-07-18,164.0500030517578,166.60000610351562,164.0,164.39999389648438,16848
2016-07-19,166.89999389648438,166.89999389648438,161.10000610351562,162.39999389648438,24631
2016-07-20,163.10000610351562,167.5,163.10000610351562,165.0,104011
2016-07-21,164.39999389648438,165.89999389648438,163.0,163.85000610351562,18944
2016-07-22,163.9499969482422,171.0,163.14999389648438,168.9499969482422,64653
2016-07-25,169.8000030517578,175.0,169.8000030517578,172.85000610351562,77684
2016-07-26,172.0500030517578,173.8000030517578,169.14999389648438,170.8000030517578,21487
2016-07-27,170.8000030517578,172.75,165.1999969482422,166.8000030517578,25112
2016-07-28,167.9499969482422,175.0,166.1999969482422,171.5,47892
2016-07-29,172.5,180.0,170.0,177.85000610351562,155406
2016-08-01,178.75,178.75,175.0,176.75,75755
2016-08-02,176.9499969482422,182.8000030517578,175.0,179.8000030517578,304730
2016-08-03,179.0500030517578,181.0,175.14999389648438,178.1999969482422,68618
2016-08-04,179.0,182.89999389648438,177.35000610351562,182.10000610351562,112845
2016-08-05,182.0,185.6999969482422,181.9499969482422,183.60000610351562,78570
2016-08-08,183.9499969482422,188.6999969482422,183.0,186.60000610351562,53416
2016-08-09,187.89999389648438,189.0,182.5,186.9499969482422,88647
2016-08-10,188.60000610351562,190.0,184.0,188.10000610351562,49705
2016-08-11,188.0500030517578,191.39999389648438,182.1999969482422,190.5500030517578,65393
2016-08-12,191.0,199.5,191.0,192.8000030517578,156466
2016-08-16,193.14999389648438,194.75,188.14999389648438,190.5500030517578,25185
2016-08-17,190.0,193.0,185.89999389648438,191.0,157918
2016-08-18,192.8000030517578,194.4499969482422,189.0500030517578,191.0,111627
2016-08-19,191.0,195.0,189.6999969482422,194.5500030517578,41816
2016-08-22,194.0,197.0,191.0,192.0500030517578,20763
2016-08-23,192.0500030517578,192.9499969482422,187.0,187.9499969482422,31761
2016-08-24,187.3000030517578,189.0,186.1999969482422,188.14999389648438,68902
2016-08-25,188.9499969482422,191.0,186.1999969482422,186.6999969482422,52976
2016-08-26,188.0,189.64999389648438,185.39999389648438,188.14999389648438,31859
2016-08-29,187.60000610351562,189.8000030517578,185.0,188.8000030517578,15070
2016-08-30,188.89999389648438,193.0,185.5500030517578,191.75,28613
2016-08-31,191.1999969482422,199.0,189.0,196.1999969482422,51605
2016-09-01,197.89999389648438,207.0,195.35000610351562,201.6999969482422,125390
2016-09-02,204.5,205.39999389648438,200.0,201.0,23484
2016-09-06,202.9499969482422,205.0,199.0,200.3000030517578,26799
2016-09-07,201.0,201.9499969482422,197.39999389648438,199.25,27430
2016-09-08,199.89999389648438,200.9499969482422,195.5500030517578,197.75,22766
2016-09-09,197.0,199.0,195.0,195.4499969482422,14605
2016-09-12,193.89999389648438,193.89999389648438,187.0,187.85000610351562,19098
2016-09-14,189.0,193.89999389648438,187.0,192.4499969482422,24567
2016-09-15,191.35000610351562,193.89999389648438,189.0,190.9499969482422,17936
2016-09-16,191.89999389648438,194.89999389648438,189.5500030517578,192.8000030517578,61194
2016-09-19,192.8000030517578,194.9499969482422,188.14999389648438,190.39999389648438,13787
2016-09-20,190.0,192.8000030517578,188.5500030517578,188.9499969482422,8169
2016-09-21,189.0,192.5,187.35000610351562,187.8000030517578,10972
2016-09-22,189.9499969482422,203.8000030517578,187.75,200.25,148174
2016-09-23,201.0,206.89999389648438,200.39999389648438,204.60000610351562,98022
2016-09-26,205.9499969482422,205.9499969482422,197.3000030517578,198.39999389648438,35768
2016-09-27,197.5,200.85000610351562,196.0500030517578,197.10000610351562,32354
2016-09-28,198.60000610351562,198.60000610351562,193.10000610351562,194.60000610351562,17930
2016-09-29,196.6999969482422,198.0,180.0,184.9499969482422,75849
2016-09-30,187.0,189.0,185.14999389648438,187.1999969482422,27145
2016-10-03,187.9499969482422,200.9499969482422,187.9499969482422,198.64999389648438,77329
2016-10-04,198.0500030517578,201.0,198.0,198.0,19393
2016-10-05,199.9499969482422,201.0,198.0,200.3000030517578,21679
2016-10-06,201.0,204.6999969482422,198.0,200.5,36211
2016-10-07,201.0,203.25,199.0500030517578,201.39999389648438,13559
2016-10-10,203.89999389648438,208.0,201.3000030517578,203.3000030517578,44431
2016-10-13,203.3000030517578,203.3000030517578,191.0,196.3000030517578,46633
2016-10-14,196.4499969482422,202.89999389648438,195.0,201.0,18441
2016-10-17,200.3000030517578,201.0,188.5,189.39999389648438,46294
2016-10-18,191.0,198.5,178.0,197.3000030517578,57534
2016-10-19,197.89999389648438,199.0,193.0,195.3000030517578,81597
2016-10-20,196.10000610351562,203.1999969482422,195.3000030517578,200.3000030517578,63631
2016-10-21,200.10000610351562,202.0,199.10000610351562,200.4499969482422,19938
2016-10-24,201.0,205.0,199.5,200.0,27562
2016-10-25,201.4499969482422,204.0,200.0,200.10000610351562,33200
2016-10-26,200.0500030517578,202.0,195.0,195.3000030517578,13721
2016-10-27,195.1999969482422,196.85000610351562,193.0,194.5,6184
2016-10-28,194.0,197.0,193.0500030517578,196.25,5542
2016-11-01,196.9499969482422,197.0,192.10000610351562,193.0,23981
2016-11-02,192.0500030517578,194.0,185.5,190.14999389648438,57600
2016-11-03,192.64999389648438,192.64999389648438,189.5,190.0,25518
2016-11-04,191.0500030517578,194.0500030517578,189.9499969482422,192.14999389648438,13617
2016-11-07,192.0,197.0,190.0,191.64999389648438,12260
2016-11-08,204.0,209.89999389648438,199.0,201.9499969482422,274820
2016-11-09,183.0,197.0,170.0,194.25,89098
2016-11-10,197.9499969482422,206.0,197.0,198.75,20863
2016-11-11,197.89999389648438,197.9499969482422,191.0,192.14999389648438,21770
2016-11-15,190.0,190.0,163.0,169.6999969482422,996343
2016-11-16,170.5500030517578,179.4499969482422,170.5500030517578,175.14999389648438,177132
2016-11-17,178.6999969482422,178.75,172.0,173.10000610351562,11103
2016-11-18,173.0,181.0,172.0,179.64999389648438,33632
2016-11-21,178.35000610351562,180.35000610351562,172.0,173.64999389648438,38526
2016-11-22,174.0,175.0,172.0,174.75,26146
2016-11-23,176.5,176.9499969482422,170.1999969482422,171.8000030517578,88260
2016-11-24,170.10000610351562,174.39999389648438,170.0,171.0,8388
2016-11-25,173.8000030517578,175.9499969482422,170.89999389648438,175.1999969482422,7135
2016-11-28,176.5,178.89999389648438,174.64999389648438,176.0500030517578,7369
2016-11-29,177.0,180.5,176.14999389648438,177.35000610351562,7862
2016-11-30,178.89999389648438,183.39999389648438,172.5,173.85000610351562,65407
2016-12-01,175.0,176.0,173.0,173.14999389648438,14244
2016-12-02,173.0,175.85000610351562,172.0,172.75,4660
2016-12-05,173.64999389648438,173.64999389648438,171.14999389648438,172.0500030517578,9176
2016-12-06,175.0,179.0,173.1999969482422,174.25,34458
2016-12-07,173.85000610351562,176.0,171.60000610351562,172.3000030517578,9135
2016-12-08,173.89999389648438,174.9499969482422,172.25,172.9499969482422,11165
2016-12-09,173.9499969482422,180.0,173.0,176.5500030517578,10557
2016-12-12,175.5,184.0,173.4499969482422,179.89999389648438,39601
2016-12-13,181.5,185.0,177.14999389648438,179.85000610351562,46352
2016-12-14,179.0500030517578,179.6999969482422,177.0,177.8000030517578,7281
2016-12-15,177.0,181.0,175.10000610351562,177.5500030517578,7354
2016-12-16,177.39999389648438,181.0,177.0,178.75,6584
2016-12-19,178.6999969482422,180.9499969482422,176.1999969482422,179.0500030517578,9178
2016-12-20,179.6999969482422,179.6999969482422,173.0,174.4499969482422,6037
2016-12-21,173.10000610351562,174.89999389648438,170.0,171.60000610351562,7768
2016-12-22,171.25,172.89999389648438,170.0500030517578,171.5500030517578,6732
2016-12-23,171.0,174.60000610351562,169.0,172.35000610351562,20213
2016-12-26,172.0500030517578,172.0500030517578,167.4499969482422,170.3000030517578,1014064
2016-12-27,171.89999389648438,186.6999969482422,170.25,175.3000030517578,1394059
2016-12-28,176.6999969482422,182.0,175.1999969482422,176.10000610351562,472907
2016-12-29,176.14999389648438,178.5,175.0500030517578,176.89999389648438,13275
2016-12-30,177.10000610351562,181.9499969482422,176.10000610351562,177.9499969482422,18446
2017-01-02,177.5500030517578,179.5,177.0,177.9499969482422,5875
2017-01-03,179.8000030517578,181.6999969482422,178.5,181.25,14585
2017-01-04,180.0500030517578,183.0,178.0,179.0500030517578,10128
2017-01-05,180.0500030517578,185.5,179.0,184.35000610351562,24285
2017-01-06,185.25,193.89999389648438,183.14999389648438,188.4499969482422,82342
2017-01-09,193.6999969482422,194.6999969482422,190.64999389648438,192.64999389648438,58475
2017-01-10,191.0500030517578,195.0,189.0,190.5500030517578,37903
2017-01-11,192.0,198.0,191.9499969482422,197.1999969482422,95415
2017-01-12,198.9499969482422,201.0,195.0,198.85000610351562,37143
2017-01-13,199.0,203.25,198.0,200.14999389648438,35883
2017-01-16,199.10000610351562,202.89999389648438,199.0,201.4499969482422,16280
2017-01-17,201.4499969482422,202.8000030517578,197.0,198.9499969482422,19259
2017-01-18,199.5,200.8000030517578,198.0500030517578,199.25,7847
2017-01-19,198.3000030517578,201.0,198.0500030517578,199.9499969482422,16224
2017-01-20,200.0,200.0,191.64999389648438,194.0,43008
2017-01-23,195.0,197.9499969482422,188.0,196.35000610351562,15849
2017-01-24,197.9499969482422,200.0,196.25,198.75,18399
2017-01-25,198.0500030517578,204.0,196.0500030517578,202.64999389648438,30714
2017-01-27,203.9499969482422,205.0,198.39999389648438,199.89999389648438,22375
2017-01-30,199.89999389648438,204.60000610351562,194.3000030517578,198.4499969482422,51694
2017-01-31,197.10000610351562,199.5,197.0,198.0500030517578,6614
2017-02-01,197.9499969482422,202.8000030517578,197.0,201.6999969482422,17124
2017-02-02,202.8000030517578,204.0,200.0,203.10000610351562,18079
2017-02-03,203.0,205.89999389648438,199.0500030517578,201.8000030517578,44792
2017-02-06,201.0,205.0,200.5,200.89999389648438,34242
2017-02-07,200.0500030517578,203.5,200.0,201.6999969482422,12413
2017-02-08,203.9499969482422,203.9499969482422,200.0,201.0,22334
2017-02-09,199.6999969482422,204.0,199.6999969482422,201.89999389648438,11718
2017-02-10,202.64999389648438,206.39999389648438,201.0,205.64999389648438,29367
2017-02-13,206.64999389648438,206.89999389648438,201.10000610351562,201.35000610351562,19492
2017-02-14,201.0500030517578,205.85000610351562,201.0,201.25,11128
2017-02-15,200.5,204.89999389648438,198.1999969482422,203.0500030517578,23846
2017-02-16,202.0,203.89999389648438,197.10000610351562,202.89999389648438,20627
2017-02-17,202.0,203.89999389648438,200.0,203.39999389648438,41444
2017-02-20,203.9499969482422,206.6999969482422,201.0,204.9499969482422,27339
2017-02-21,204.39999389648438,219.39999389648438,202.10000610351562,214.0,189205
2017-02-22,215.89999389648438,224.0,212.0,215.8000030517578,66683
2017-02-23,215.9499969482422,215.9499969482422,212.0,212.6999969482422,14940
2017-02-27,211.0,215.25,209.1999969482422,210.85000610351562,23880
2017-02-28,210.6999969482422,212.39999389648438,210.0,210.6999969482422,9612
2017-03-01,211.9499969482422,213.0,210.0,210.10000610351562,9851
2017-03-02,210.0,212.9499969482422,204.0,205.75,18170
2017-03-03,207.25,210.25,207.0,207.85000610351562,15788
2017-03-06,208.89999389648438,211.0,205.10000610351562,206.89999389648438,16296
2017-03-07,208.0,211.0,206.35000610351562,208.1999969482422,9723
2017-03-08,208.1999969482422,212.75,208.0,211.10000610351562,29507
2017-03-09,211.10000610351562,213.0,208.5,210.35000610351562,17953
2017-03-10,209.5,219.0,209.1999969482422,213.39999389648438,51599
2017-03-14,215.0,218.8000030517578,213.0500030517578,216.5500030517578,50517
2017-03-15,216.5500030517578,218.5,213.0,217.5,45824
2017-03-16,217.9499969482422,218.75,215.0,215.35000610351562,18950
2017-03-17,216.6999969482422,216.6999969482422,211.1999969482422,212.1999969482422,19758
2017-03-20,210.10000610351562,213.8000030517578,209.0,210.9499969482422,36982
2017-03-21,209.0,211.0,208.0,210.0500030517578,111650
2017-03-22,211.0,212.85000610351562,209.0500030517578,210.10000610351562,38413
2017-03-23,211.9499969482422,213.0,210.10000610351562,211.60000610351562,12190
2017-03-24,210.5,212.89999389648438,210.0,211.89999389648438,17665
2017-03-27,210.5,212.6999969482422,207.0,211.1999969482422,33645
2017-03-28,210.5,211.60000610351562,207.39999389648438,210.4499969482422,7881
2017-03-29,209.5,212.75,207.3000030517578,209.5500030517578,63423
2017-03-30,210.89999389648438,212.0,207.39999389648438,211.25,181276
2017-03-31,211.9499969482422,221.89999389648438,209.1999969482422,217.5,64464
2017-04-03,219.9499969482422,220.0,216.64999389648438,219.3000030517578,11248
2017-04-05,218.8000030517578,231.6999969482422,218.4499969482422,229.1999969482422,1299344
2017-04-06,229.1999969482422,229.1999969482422,222.75,226.5500030517578,20667
2017-04-07,227.0,227.89999389648438,223.0,224.75,52808
2017-04-10,225.0,226.8000030517578,221.0,222.3000030517578,26073
2017-04-11,223.0,229.0,221.0,228.39999389648438,26757
2017-04-12,229.0,230.85000610351562,223.0,224.9499969482422,20666
2017-04-13,224.0,227.0,223.0500030517578,224.5,13837
2017-04-17,224.0,225.8000030517578,223.0500030517578,223.6999969482422,11824
2017-04-18,225.9499969482422,227.0,217.0,217.75,22005
2017-04-19,218.9499969482422,219.89999389648438,215.0,216.60000610351562,32397
2017-04-20,216.60000610351562,221.89999389648438,216.10000610351562,219.64999389648438,22104
2017-04-21,221.0,221.0,216.6999969482422,218.0500030517578,30888
2017-04-24,217.0,222.9499969482422,216.0500030517578,221.0500030517578,42278
2017-04-25,221.89999389648438,224.0,217.0,218.14999389648438,21900
2017-04-26,219.0,221.0,214.0500030517578,216.10000610351562,24789
2017-04-27,216.89999389648438,219.89999389648438,214.64999389648438,216.9499969482422,18638
2017-04-28,217.4499969482422,217.5,213.0,215.85000610351562,20540
2017-05-02,216.9499969482422,218.0,215.0500030517578,217.64999389648438,13949
2017-05-03,216.9499969482422,229.39999389648438,216.10000610351562,226.75,99430
2017-05-04,229.85000610351562,229.85000610351562,224.14999389648438,227.6999969482422,116113
2017-05-05,227.6999969482422,236.6999969482422,226.3000030517578,227.39999389648438,90305
2017-05-08,226.75,234.85000610351562,226.75,233.0500030517578,71047
2017-05-09,233.10000610351562,236.3000030517578,232.5,234.10000610351562,56634
2017-05-10,232.1999969482422,236.89999389648438,230.4499969482422,232.25,40624
2017-05-11,238.0,241.39999389648438,233.3000030517578,240.25,55241
2017-05-12,239.0,239.5,234.0,238.9499969482422,57564
2017-05-15,238.5,257.79998779296875,236.25,254.75,346050
2017-05-16,258.0,259.0,242.0,244.25,472354
2017-05-17,245.0,251.0,244.10000610351562,245.5500030517578,50141
2017-05-18,245.0,245.0,236.1999969482422,237.1999969482422,44787
2017-05-19,238.0,240.75,235.0,239.85000610351562,60394
2017-05-22,240.75,244.0,237.64999389648438,239.4499969482422,54774
2017-05-23,241.39999389648438,244.0,237.0,243.14999389648438,95064
2017-05-24,242.0500030517578,244.0,235.3000030517578,240.9499969482422,87976
2017-05-25,242.35000610351562,245.0,238.0,243.14999389648438,51840
2017-05-26,243.85000610351562,244.0,240.10000610351562,241.89999389648438,16866
2017-05-29,240.0,242.0,236.60000610351562,240.8000030517578,21565
2017-05-30,239.9499969482422,241.0,237.0,240.3000030517578,20638
2017-05-31,239.0,267.8500061035156,238.1999969482422,259.54998779296875,98692
2017-06-01,266.8999938964844,269.3999938964844,262.5,265.04998779296875,40100
2017-06-02,265.0,268.25,261.54998779296875,265.29998779296875,18404
2017-06-05,268.0,275.3999938964844,264.29998779296875,268.6000061035156,43230
2017-06-06,267.0,272.3999938964844,265.45001220703125,269.95001220703125,21822
2017-06-07,272.0,273.8500061035156,266.6499938964844,270.3500061035156,14232
2017-06-08,272.0,276.8999938964844,266.3999938964844,274.04998779296875,27469
2017-06-09,276.8999938964844,279.79998779296875,270.6000061035156,272.95001220703125,30858
2017-06-12,275.8999938964844,275.8999938964844,262.5,263.70001220703125,26850
2017-06-13,268.0,268.0,257.0,258.6000061035156,61576
2017-06-14,258.79998779296875,262.5,256.1000061035156,256.6000061035156,14185
2017-06-15,256.1000061035156,258.8999938964844,253.10000610351562,254.75,26215
2017-06-16,254.0,261.79998779296875,251.60000610351562,253.8000030517578,26898
2017-06-19,257.8999938964844,257.8999938964844,250.14999389648438,251.9499969482422,34278
2017-06-20,255.89999389648438,255.89999389648438,250.0,251.89999389648438,64125
2017-06-21,250.0500030517578,257.20001220703125,250.0,256.95001220703125,32483
2017-06-22,260.79998779296875,269.3500061035156,256.20001220703125,258.8999938964844,101477
2017-06-23,259.95001220703125,259.95001220703125,251.10000610351562,254.60000610351562,33171
2017-06-27,259.0,259.0,241.10000610351562,243.10000610351562,32219
2017-06-28,243.0,245.39999389648438,240.10000610351562,243.6999969482422,18757
2017-06-29,247.14999389648438,247.14999389648438,240.0,245.60000610351562,12227
2017-06-30,245.9499969482422,246.0,241.0500030517578,244.89999389648438,11033
2017-07-03,247.9499969482422,254.0,244.0500030517578,250.75,13443
2017-07-04,250.0,260.5,250.0,259.95001220703125,50173
2017-07-05,258.6000061035156,263.0,248.10000610351562,249.39999389648438,72327
2017-07-06,251.89999389648438,258.6499938964844,249.25,252.85000610351562,63545
2017-07-07,253.9499969482422,255.9499969482422,249.0,252.35000610351562,23194
2017-07-10,252.0,255.0,250.0500030517578,253.64999389648438,2756
2017-07-11,253.9499969482422,255.6999969482422,250.14999389648438,252.64999389648438,18437
2017-07-12,253.9499969482422,255.0,250.60000610351562,252.6999969482422,5657
2017-07-13,253.9499969482422,254.9499969482422,251.39999389648438,251.85000610351562,7210
2017-07-14,253.85000610351562,255.89999389648438,249.3000030517578,254.3000030517578,19089
2017-07-17,253.0500030517578,255.39999389648438,252.39999389648438,254.0500030517578,19047
2017-07-18,254.0,256.5,252.10000610351562,255.4499969482422,25801
2017-07-19,254.35000610351562,260.0,254.0500030517578,259.8500061035156,47130
2017-07-20,259.0,274.5,258.0,272.45001220703125,94619
2017-07-21,270.04998779296875,273.0,265.5,270.75,35496
2017-07-24,270.0,275.0,270.0,271.8999938964844,26923
2017-07-25,271.1499938964844,273.8999938964844,268.5,270.20001220703125,16971
2017-07-26,270.20001220703125,274.5,268.0,273.45001220703125,53608
2017-07-27,275.75,275.75,270.0,272.45001220703125,18700
2017-07-28,271.04998779296875,278.79998779296875,270.1499938964844,275.75,28611
2017-07-31,278.54998779296875,298.79998779296875,275.6499938964844,293.20001220703125,170658
2017-08-01,293.20001220703125,294.6000061035156,285.0,287.95001220703125,34945
2017-08-02,289.20001220703125,289.20001220703125,281.0,285.5,17708
2017-08-03,286.0,290.0,282.3500061035156,286.6000061035156,18136
2017-08-04,286.04998779296875,290.0,282.1000061035156,287.45001220703125,27739
2017-08-07,288.0,298.70001220703125,284.0,296.45001220703125,20070
2017-08-08,296.45001220703125,298.79998779296875,285.5,291.45001220703125,27258
2017-08-09,294.95001220703125,295.95001220703125,286.0,289.8500061035156,33916
2017-08-10,294.8500061035156,294.8500061035156,281.1000061035156,283.54998779296875,65784
2017-08-11,280.04998779296875,286.0,275.0,284.20001220703125,21462
2017-08-14,282.04998779296875,322.8500061035156,279.25,300.45001220703125,135425
2017-08-16,311.0,311.0,293.0,295.5,39462
2017-08-17,295.54998779296875,302.8500061035156,293.04998779296875,296.25,14602
2017-08-18,296.79998779296875,298.75,290.0,293.1499938964844,25541
2017-08-21,293.1000061035156,298.79998779296875,291.0,294.20001220703125,13290
2017-08-22,300.0,315.0,294.5,309.5,79491
2017-08-23,312.29998779296875,326.79998779296875,306.0,310.3500061035156,127578
2017-08-24,311.8500061035156,336.8999938964844,310.5,334.6000061035156,230638
2017-08-28,336.1000061035156,401.5,336.0,376.1499938964844,1206323
2017-08-29,379.3999938964844,385.0,356.0,360.8999938964844,177818
2017-08-30,364.5,390.0,364.5,382.95001220703125,375952
2017-08-31,384.8999938964844,384.8999938964844,369.0,372.6499938964844,74918
2017-09-01,376.1000061035156,390.0,372.1000061035156,383.75,226764
2017-09-04,387.8999938964844,391.0,369.0,373.79998779296875,130281
2017-09-05,378.5,381.0,372.5,377.0,58381
2017-09-06,377.0,377.04998779296875,369.1499938964844,370.1000061035156,55809
2017-09-07,376.70001220703125,382.95001220703125,369.0,375.75,76331
2017-09-08,378.45001220703125,390.0,371.0,384.95001220703125,150619
2017-09-11,389.8999938964844,390.0,381.0,386.95001220703125,71208
2017-09-12,389.8999938964844,402.70001220703125,383.0,391.54998779296875,238653
2017-09-13,394.8999938964844,437.8999938964844,388.8500061035156,416.6499938964844,416395
2017-09-14,421.1000061035156,438.0,395.25,404.3500061035156,808718
2017-09-15,402.0,426.79998779296875,394.3500061035156,415.95001220703125,403199
2017-09-18,415.95001220703125,425.70001220703125,409.5,410.45001220703125,99436
2017-09-19,413.45001220703125,421.95001220703125,407.75,411.79998779296875,128739
2017-09-20,415.5,416.95001220703125,402.54998779296875,404.8999938964844,45141
2017-09-21,407.8999938964844,408.95001220703125,392.1000061035156,395.5,47934
2017-09-22,394.79998779296875,394.8999938964844,378.1000061035156,380.95001220703125,56047
2017-09-25,380.0,380.8999938964844,360.25,371.6000061035156,53752
2017-09-26,371.54998779296875,384.8999938964844,364.25,376.1000061035156,55641
2017-09-27,378.5,386.0,366.70001220703125,369.3999938964844,54694
2017-09-28,369.3500061035156,377.0,365.79998779296875,369.6499938964844,32121
2017-09-29,371.8999938964844,388.0,370.04998779296875,381.6499938964844,57088
2017-10-03,389.0,399.79998779296875,381.8999938964844,395.04998779296875,50057
2017-10-04,397.8500061035156,403.0,382.0,390.20001220703125,100529
2017-10-05,392.8500061035156,397.1000061035156,383.5,384.79998779296875,20338
2017-10-06,385.0,388.1499938964844,375.1499938964844,381.0,92369
2017-10-09,383.25,388.6000061035156,380.0,382.04998779296875,41500
2017-10-10,389.0,389.0,378.0,379.70001220703125,31362
2017-10-11,378.04998779296875,386.8500061035156,369.6499938964844,372.95001220703125,42215
2017-10-12,377.0,382.75,372.0,373.54998779296875,29457
2017-10-13,371.04998779296875,381.8999938964844,371.04998779296875,372.95001220703125,22315
2017-10-16,376.8999938964844,380.0,373.5,374.75,14112
2017-10-17,373.3999938964844,382.79998779296875,371.8999938964844,377.8999938964844,32307
2017-10-18,378.54998779296875,379.0,367.04998779296875,369.20001220703125,20360
2017-10-19,371.04998779296875,377.6000061035156,367.04998779296875,371.04998779296875,5807
2017-10-23,374.95001220703125,380.04998779296875,365.04998779296875,374.8500061035156,30828
2017-10-24,374.8500061035156,379.5,365.0,376.1000061035156,33862
2017-10-25,377.8999938964844,382.79998779296875,374.8500061035156,375.75,18436
2017-10-26,375.04998779296875,375.1499938964844,372.45001220703125,373.1499938964844,17649
2017-10-27,372.1000061035156,378.95001220703125,372.1000061035156,375.54998779296875,82888
2017-10-30,375.29998779296875,394.3999938964844,375.29998779296875,393.1499938964844,55703
2017-10-31,395.0,404.6499938964844,388.95001220703125,391.54998779296875,65664
2017-11-01,395.8999938964844,400.0,390.0,390.04998779296875,36347
2017-11-02,397.8999938964844,397.8999938964844,385.1000061035156,387.8500061035156,21319
2017-11-03,386.04998779296875,403.0,380.1499938964844,390.04998779296875,71201
2017-11-06,387.0,401.95001220703125,387.0,395.1499938964844,23317
2017-11-07,393.1000061035156,398.0,385.0,387.8999938964844,32561
2017-11-08,387.0,392.95001220703125,384.0,385.8500061035156,25177
2017-11-09,385.0,389.95001220703125,376.70001220703125,378.04998779296875,36981
2017-11-10,378.04998779296875,384.1000061035156,374.0,375.3500061035156,19230
2017-11-13,374.1000061035156,378.29998779296875,374.0,376.1499938964844,134915
2017-11-14,376.0,377.8999938964844,366.0,369.0,41001
2017-11-15,369.0,373.3500061035156,366.0,369.6000061035156,38647
2017-11-16,367.3500061035156,369.3500061035156,355.6499938964844,363.6000061035156,117883
2017-11-17,365.95001220703125,370.95001220703125,363.54998779296875,368.20001220703125,11919
2017-11-20,373.95001220703125,373.95001220703125,366.0,369.3999938964844,19139
2017-11-21,373.0,373.0,367.54998779296875,370.6499938964844,40574
2017-11-22,366.1499938964844,377.95001220703125,366.1000061035156,372.8999938964844,41972
2017-11-23,370.5,376.8500061035156,370.0,371.79998779296875,12110
2017-11-24,374.0,376.0,370.20001220703125,373.70001220703125,13636
2017-11-27,373.70001220703125,374.95001220703125,367.54998779296875,369.29998779296875,13926
2017-11-28,373.6499938964844,373.6499938964844,366.70001220703125,369.54998779296875,19105
2017-11-29,371.8999938964844,372.0,364.04998779296875,366.1499938964844,21189
2017-11-30,368.20001220703125,385.0,363.0,373.79998779296875,117978
2017-12-01,379.79998779296875,386.0,364.1499938964844,367.70001220703125,93245
2017-12-04,369.8999938964844,371.8999938964844,366.0,367.20001220703125,12153
2017-12-05,366.04998779296875,366.04998779296875,355.0,364.04998779296875,21055
2017-12-06,362.0,365.5,358.6499938964844,361.1499938964844,19063
2017-12-07,362.8999938964844,364.95001220703125,359.95001220703125,361.79998779296875,15544
2017-12-08,365.95001220703125,397.3500061035156,361.6000061035156,371.0,195565
2017-12-11,373.95001220703125,377.79998779296875,371.1499938964844,373.1499938964844,12671
2017-12-12,371.25,375.6000061035156,365.1499938964844,369.04998779296875,16614
2017-12-13,371.29998779296875,381.45001220703125,367.0,369.45001220703125,20685
2017-12-14,366.8999938964844,369.0,362.0,364.8999938964844,12979
2017-12-15,368.95001220703125,370.6000061035156,364.6499938964844,367.95001220703125,33027
2017-12-18,370.0,375.0,361.95001220703125,370.75,30098
2017-12-19,376.0,376.0,366.04998779296875,372.70001220703125,48055
2017-12-20,373.0,375.3999938964844,368.0,373.95001220703125,38525
2017-12-21,376.5,384.70001220703125,373.95001220703125,380.1499938964844,28682
2017-12-22,381.6499938964844,385.0,380.0,382.8999938964844,11092
2017-12-26,384.95001220703125,385.0,374.54998779296875,377.20001220703125,19575
2017-12-27,374.5,381.6499938964844,372.54998779296875,373.79998779296875,26421
2017-12-28,373.45001220703125,385.0,373.45001220703125,376.79998779296875,11530
2017-12-29,377.0,377.0,363.04998779296875,368.54998779296875,27987
2018-01-01,365.79998779296875,374.95001220703125,365.79998779296875,370.8999938964844,10506
2018-01-02,371.95001220703125,372.3500061035156,366.45001220703125,367.8999938964844,9215
2018-01-03,371.95001220703125,372.0,364.0,366.1499938964844,26699
2018-01-04,367.8500061035156,368.1499938964844,363.0,365.95001220703125,23299
2018-01-05,368.95001220703125,378.3500061035156,366.8999938964844,373.1000061035156,58735
2018-01-08,374.0,385.0,374.0,380.95001220703125,74412
2018-01-09,381.20001220703125,390.0,378.3999938964844,386.20001220703125,168652
2018-01-10,389.5,390.0,380.0,384.3500061035156,402313
2018-01-11,384.1000061035156,390.0,384.1000061035156,385.45001220703125,88710
2018-01-12,385.04998779296875,390.0,382.0,386.54998779296875,97935
2018-01-15,386.95001220703125,390.5,382.95001220703125,388.20001220703125,96711
2018-01-16,387.1000061035156,388.79998779296875,377.79998779296875,379.8500061035156,53096
2018-01-17,375.5,383.04998779296875,374.04998779296875,380.20001220703125,44803
2018-01-18,383.25,387.75,370.54998779296875,372.29998779296875,53159
2018-01-19,374.95001220703125,379.0,368.0,369.45001220703125,55610
2018-01-22,371.95001220703125,373.79998779296875,362.25,367.8999938964844,42804
2018-01-23,369.70001220703125,370.5,363.6499938964844,364.95001220703125,85732
2018-01-24,369.0,370.79998779296875,358.25,361.75,48808
2018-01-25,365.54998779296875,369.0,358.5,361.0,23795
2018-01-29,361.70001220703125,368.79998779296875,352.29998779296875,356.75,32519
2018-01-30,351.54998779296875,355.95001220703125,342.0,344.75,34451
2018-01-31,344.0,347.8999938964844,336.95001220703125,344.45001220703125,30471
2018-02-01,347.95001220703125,367.95001220703125,347.8999938964844,360.0,63610
2018-02-02,358.0,358.0,341.20001220703125,347.29998779296875,35693
2018-02-05,345.04998779296875,354.0,336.1499938964844,350.25,32150
2018-02-06,337.0,341.8999938964844,302.0,334.6499938964844,78198
2018-02-07,337.95001220703125,346.0,336.0,340.3500061035156,41513
2018-02-08,338.04998779296875,360.0,337.3999938964844,358.1499938964844,24725
2018-02-09,357.04998779296875,364.79998779296875,350.3999938964844,361.95001220703125,17271
2018-02-12,364.8999938964844,366.0,355.1000061035156,355.8500061035156,20458
2018-02-14,357.8999938964844,361.04998779296875,350.0,351.6499938964844,16810
2018-02-15,353.8999938964844,353.8999938964844,341.1000061035156,345.20001220703125,15709
2018-02-16,346.79998779296875,346.79998779296875,335.54998779296875,337.75,7386
2018-02-19,337.1499938964844,339.5,333.04998779296875,337.29998779296875,8334
2018-02-20,338.8999938964844,340.1499938964844,334.25,336.6499938964844,5348
2018-02-21,335.70001220703125,339.45001220703125,334.29998779296875,336.6499938964844,4581
2018-02-22,338.75,340.0,337.70001220703125,339.54998779296875,6000
2018-02-23,340.95001220703125,340.95001220703125,338.0,338.8999938964844,6652
2018-02-26,339.95001220703125,342.0,336.3999938964844,340.8500061035156,17844
2018-02-27,341.95001220703125,374.79998779296875,339.29998779296875,349.8500061035156,989537
2018-02-28,346.79998779296875,359.04998779296875,341.1499938964844,353.29998779296875,175216
2018-03-01,353.0,357.95001220703125,344.1000061035156,348.3999938964844,46611
2018-03-05,346.0,346.0,336.0,342.6000061035156,41155
2018-03-06,344.6499938964844,345.75,335.0,337.45001220703125,18508
2018-03-07,335.04998779296875,337.75,331.0,333.3999938964844,53872
2018-03-08,330.1499938964844,353.45001220703125,330.1499938964844,343.6499938964844,50862
2018-03-09,345.95001220703125,354.0,339.04998779296875,352.04998779296875,52946
2018-03-12,353.0,357.6499938964844,346.8500061035156,348.70001220703125,25491
2018-03-13,346.04998779296875,352.0,346.0,347.1499938964844,37597
2018-03-14,346.04998779296875,349.6499938964844,340.0,343.20001220703125,25446
2018-03-15,341.04998779296875,347.45001220703125,341.0,342.25,13284
2018-03-16,344.8999938964844,349.04998779296875,338.0,339.0,25370
2018-03-19,339.8500061035156,341.20001220703125,332.0,333.04998779296875,40276
2018-03-20,333.8999938964844,338.0,333.0,333.04998779296875,34993
2018-03-21,334.8500061035156,336.3999938964844,333.0,333.1000061035156,71955
2018-03-22,333.1000061035156,335.0,331.79998779296875,333.20001220703125,36164
2018-03-23,330.0,332.0,328.0,330.3999938964844,90285
2018-03-26,330.95001220703125,333.0,330.0,330.6499938964844,25449
2018-03-27,331.0,335.70001220703125,330.70001220703125,331.25,24585
2018-03-28,331.29998779296875,335.0,330.0,332.0,24093
2018-04-02,331.0,346.0,331.0,344.3500061035156,22869
2018-04-03,345.95001220703125,347.1000061035156,340.1000061035156,345.70001220703125,10667
2018-04-04,342.54998779296875,361.75,341.0,347.29998779296875,124862
2018-04-05,349.79998779296875,351.95001220703125,342.04998779296875,345.45001220703125,28592
2018-04-06,345.45001220703125,351.95001220703125,343.95001220703125,348.54998779296875,41965
2018-04-09,351.95001220703125,357.0,346.6499938964844,353.6499938964844,31051
2018-04-10,354.0,368.8500061035156,353.8500061035156,356.5,59407
2018-04-11,359.8999938964844,359.95001220703125,352.1000061035156,354.1499938964844,11013
2018-04-12,355.0,355.04998779296875,347.45001220703125,348.29998779296875,15147
2018-04-13,350.0,357.20001220703125,348.04998779296875,349.3500061035156,14134
2018-04-16,349.95001220703125,354.0,348.04998779296875,352.79998779296875,9927
2018-04-17,353.3999938964844,357.04998779296875,351.6499938964844,354.70001220703125,14437
2018-04-18,355.79998779296875,356.8500061035156,350.0,353.25,12118
2018-04-19,355.3999938964844,357.0,351.20001220703125,353.20001220703125,18640
2018-04-20,354.6499938964844,354.6499938964844,346.0,348.8999938964844,13763
2018-04-23,351.8999938964844,354.0,347.0,349.20001220703125,9950
2018-04-24,350.95001220703125,353.0,348.04998779296875,350.04998779296875,14772
2018-04-25,348.1000061035156,369.3500061035156,347.29998779296875,367.04998779296875,86511
2018-04-26,367.04998779296875,370.0,358.8999938964844,365.79998779296875,32411
2018-04-27,367.04998779296875,371.0,361.0,361.70001220703125,22547
2018-04-30,362.95001220703125,365.20001220703125,361.0,363.29998779296875,8745
2018-05-02,365.20001220703125,369.0,363.0,366.95001220703125,13180
2018-05-03,367.8999938964844,367.8999938964844,361.25,363.6499938964844,15161
2018-05-04,363.8999938964844,371.5,361.3500061035156,363.3999938964844,73882
2018-05-07,366.0,381.70001220703125,365.3500061035156,375.1499938964844,118720
2018-05-08,377.95001220703125,386.0,375.04998779296875,380.75,84220
2018-05-09,381.5,382.0,372.6000061035156,375.75,24471
2018-05-10,375.54998779296875,378.0,363.0,365.29998779296875,52538
2018-05-11,368.3999938964844,368.3999938964844,358.5,360.8500061035156,20985
2018-05-14,365.79998779296875,366.0,355.3500061035156,357.70001220703125,26950
2018-05-15,354.25,365.1000061035156,354.25,356.3500061035156,23133
2018-05-16,356.8500061035156,360.8500061035156,352.0,355.8500061035156,18242
2018-05-17,356.04998779296875,358.0,349.3999938964844,349.54998779296875,19665
2018-05-18,350.54998779296875,354.0,332.6499938964844,334.5,96419
2018-05-21,333.0,339.0,329.0,334.8999938964844,57621
2018-05-22,334.3500061035156,342.8999938964844,334.3500061035156,338.6499938964844,13862
2018-05-23,339.1000061035156,341.79998779296875,335.6000061035156,339.70001220703125,30718
2018-05-24,340.5,342.95001220703125,336.04998779296875,340.95001220703125,12207
2018-05-25,341.8999938964844,342.0,338.0,340.95001220703125,11453
2018-05-28,343.95001220703125,359.79998779296875,343.79998779296875,351.54998779296875,57408
2018-05-29,353.1000061035156,356.0,347.0,347.8500061035156,8842
2018-05-30,349.0,349.6000061035156,345.0,348.04998779296875,9185
2018-05-31,345.1000061035156,357.25,340.0,346.6499938964844,49395
2018-06-01,344.95001220703125,346.95001220703125,337.79998779296875,338.0,14914
2018-06-04,338.5,339.8500061035156,330.0,336.3999938964844,32021
2018-06-05,335.3500061035156,335.3500061035156,330.0,330.29998779296875,48023
2018-06-06,330.29998779296875,337.79998779296875,330.0,335.25,21990
2018-06-07,335.0,337.0,334.04998779296875,336.5,10576
2018-06-08,336.1000061035156,339.0,335.04998779296875,336.54998779296875,12120
2018-06-11,336.45001220703125,339.0,334.3500061035156,335.8500061035156,22671
2018-06-12,335.45001220703125,340.5,335.1000061035156,339.0,9091
2018-06-13,336.04998779296875,341.95001220703125,336.04998779296875,341.0,17257
2018-06-14,341.20001220703125,346.0,335.25,342.75,18894
2018-06-15,342.1000061035156,344.95001220703125,338.0,341.3999938964844,20766
2018-06-18,341.25,342.5,337.5,337.5,2885
2018-06-19,337.04998779296875,338.75,331.0,333.25,14471
2018-06-20,331.04998779296875,335.95001220703125,330.8999938964844,335.04998779296875,12158
2018-06-21,334.70001220703125,335.1499938964844,330.0,333.3500061035156,25870
2018-06-22,333.0,335.0,331.0,332.29998779296875,6407
2018-06-25,331.79998779296875,334.3999938964844,330.0,330.6499938964844,11652
2018-06-26,330.3500061035156,334.0,330.0,331.8500061035156,16769
2018-06-27,331.04998779296875,335.25,326.0,332.20001220703125,42724
2018-06-28,330.79998779296875,332.25,328.95001220703125,330.04998779296875,20253
2018-06-29,330.0,338.0,330.0,333.1499938964844,23910
2018-07-02,333.04998779296875,335.29998779296875,330.0,330.1000061035156,16849
2018-07-03,328.04998779296875,332.8999938964844,328.04998779296875,330.1000061035156,11759
2018-07-04,329.8500061035156,347.0,329.8500061035156,342.45001220703125,33766
2018-07-05,342.45001220703125,345.8500061035156,335.1499938964844,336.29998779296875,11965
2018-07-06,337.04998779296875,337.8999938964844,330.0,331.1000061035156,19902
2018-07-09,331.1000061035156,341.95001220703125,331.1000061035156,339.6499938964844,10569
2018-07-10,336.54998779296875,339.95001220703125,334.1000061035156,336.25,6636
2018-07-11,336.04998779296875,343.8999938964844,334.1499938964844,335.75,39079
2018-07-12,336.0,342.0,334.3999938964844,336.95001220703125,16800
2018-07-13,339.95001220703125,344.0,335.25,337.3999938964844,16074
2018-07-16,337.79998779296875,337.79998779296875,328.8999938964844,329.0,44063
2018-07-17,329.04998779296875,333.6000061035156,329.04998779296875,332.5,6324
2018-07-18,330.3500061035156,338.0,329.0,329.25,15453
2018-07-19,329.29998779296875,330.8500061035156,325.0,326.79998779296875,31791
2018-07-20,325.1000061035156,327.45001220703125,325.0,325.8500061035156,7246
2018-07-23,325.0,328.8500061035156,325.0,326.1000061035156,8542
2018-07-24,330.0,334.0,325.0,325.0,36106
2018-07-25,325.0,334.0,325.0,329.04998779296875,9614
2018-07-26,333.8500061035156,333.8999938964844,328.0,329.0,4004
2018-07-27,333.95001220703125,333.95001220703125,328.0,329.0,8036
2018-07-30,330.95001220703125,335.95001220703125,329.1499938964844,331.95001220703125,33767
2018-07-31,334.8999938964844,341.8999938964844,331.45001220703125,340.0,16929
2018-08-01,338.95001220703125,341.0,334.0,335.1000061035156,5404
2018-08-02,337.95001220703125,338.3500061035156,330.1000061035156,333.0,11290
2018-08-03,337.79998779296875,344.5,336.04998779296875,342.95001220703125,12030
2018-08-06,344.95001220703125,355.0,340.1000061035156,345.1499938964844,23937
2018-08-07,345.5,351.8999938964844,335.1499938964844,337.95001220703125,51843
2018-08-08,339.95001220703125,339.95001220703125,330.8999938964844,331.95001220703125,13063
2018-08-09,334.6000061035156,335.95001220703125,330.6000061035156,331.20001220703125,7129
2018-08-10,333.95001220703125,334.70001220703125,325.0,326.3500061035156,10197
2018-08-13,326.1000061035156,327.5,325.0,326.95001220703125,14419
2018-08-14,326.95001220703125,333.8999938964844,326.20001220703125,331.04998779296875,16590
2018-08-16,332.8500061035156,332.8500061035156,326.25,326.3999938964844,7413
2018-08-17,331.20001220703125,331.20001220703125,322.5,322.75,29959
2018-08-20,322.79998779296875,327.5,322.79998779296875,326.1000061035156,18913
2018-08-21,326.0,329.0,326.0,327.70001220703125,5790
2018-08-23,326.04998779296875,331.8500061035156,325.1000061035156,326.0,6084
2018-08-24,323.20001220703125,326.20001220703125,322.5,323.25,8292
2018-08-27,326.75,327.54998779296875,322.5,323.0,9474
2018-08-28,323.6499938964844,326.0,320.0,321.1000061035156,221057
2018-08-29,321.1000061035156,322.8500061035156,320.0,320.20001220703125,11618
2018-08-30,324.6499938964844,325.0,320.0,323.75,9836
2018-08-31,323.95001220703125,345.95001220703125,318.45001220703125,341.04998779296875,141633
2018-09-03,346.0,366.0,341.04998779296875,344.1499938964844,165855
2018-09-04,346.8999938964844,354.0,334.0,336.04998779296875,47884
2018-09-05,336.04998779296875,343.8999938964844,325.3500061035156,338.04998779296875,25449
2018-09-06,336.25,350.95001220703125,336.25,343.1000061035156,31698
2018-09-07,341.04998779296875,350.0,341.04998779296875,347.95001220703125,11779
2018-09-10,348.0,349.0,342.0,343.6000061035156,7867
2018-09-11,343.6000061035156,346.0,335.0,338.04998779296875,10268
2018-09-12,335.04998779296875,339.95001220703125,330.3999938964844,333.54998779296875,22401
2018-09-14,336.54998779296875,342.54998779296875,334.1499938964844,336.25,9487
2018-09-17,340.0,341.25,332.54998779296875,338.20001220703125,10204
2018-09-18,334.3500061035156,340.0,330.3500061035156,331.20001220703125,8646
2018-09-19,330.1499938964844,335.0,330.1499938964844,332.70001220703125,10621
2018-09-21,333.0,349.0,320.0,342.8500061035156,69460
2018-09-24,340.04998779296875,341.04998779296875,325.0,326.79998779296875,14421
2018-09-25,328.0,334.0,320.6000061035156,325.3999938964844,23703
2018-09-26,326.04998779296875,338.0,324.5,335.95001220703125,22216
2018-09-27,334.0,334.54998779296875,324.1000061035156,324.79998779296875,25319
2018-09-28,323.04998779296875,329.95001220703125,315.0,317.3999938964844,90282
2018-10-01,320.0,320.0,306.8500061035156,315.8999938964844,19726
2018-10-03,317.95001220703125,317.95001220703125,307.20001220703125,312.25,12469
2018-10-04,310.0,310.1000061035156,296.04998779296875,304.20001220703125,38691
2018-10-05,302.04998779296875,310.0,292.0,295.20001220703125,32645
2018-10-08,295.95001220703125,305.0,290.0,300.04998779296875,12671
2018-10-09,300.20001220703125,304.3500061035156,293.1499938964844,295.1000061035156,35277
2018-10-10,291.04998779296875,305.1499938964844,291.04998779296875,300.1499938964844,10259
2018-10-11,295.04998779296875,311.6000061035156,281.04998779296875,299.8999938964844,66803
2018-10-12,300.1499938964844,307.70001220703125,296.0,300.79998779296875,9876
2018-10-15,298.0,304.95001220703125,295.5,297.8500061035156,3125
2018-10-16,302.8999938964844,308.5,299.0,300.45001220703125,5296
2018-10-17,302.8999938964844,303.0,290.6000061035156,294.8999938964844,6279
2018-10-19,292.04998779296875,300.75,290.3999938964844,292.5,31708
2018-10-22,295.3999938964844,295.6499938964844,281.75,282.54998779296875,16114
2018-10-23,283.8500061035156,291.0,280.04998779296875,290.1000061035156,43835
2018-10-24,291.0,295.0,290.0,290.6000061035156,14430
2018-10-25,288.20001220703125,290.0,285.5,286.70001220703125,9458
2018-10-26,285.70001220703125,289.95001220703125,284.04998779296875,288.5,6834
2018-10-29,286.04998779296875,290.75,284.75,288.8500061035156,9237
2018-10-30,290.95001220703125,290.95001220703125,276.8999938964844,285.8500061035156,89286
2018-10-31,287.25,287.25,278.0,279.79998779296875,19444
2018-11-01,280.04998779296875,284.5,276.1499938964844,277.75,22920
2018-11-02,278.04998779296875,293.79998779296875,278.04998779296875,290.70001220703125,18517
2018-11-05,295.04998779296875,295.04998779296875,287.0,287.70001220703125,10259
2018-11-06,291.95001220703125,293.54998779296875,285.0,285.45001220703125,8045
2018-11-07,290.0,290.0,285.1000061035156,287.04998779296875,3142
2018-11-09,290.8500061035156,292.0,285.29998779296875,289.1000061035156,3662
2018-11-12,291.20001220703125,291.20001220703125,283.20001220703125,284.6499938964844,10449
2018-11-13,285.70001220703125,289.5,283.0,284.0,10526
2018-11-14,284.1000061035156,287.25,281.6499938964844,282.1499938964844,9732
2018-11-15,284.1499938964844,284.25,276.04998779296875,277.04998779296875,15674
2018-11-16,281.1499938964844,281.1499938964844,274.0,275.6499938964844,15351
2018-11-19,275.0,278.0,270.0,270.79998779296875,21854
2018-11-20,270.0,274.70001220703125,264.0,265.20001220703125,16652
2018-11-21,268.0,268.5,262.0,265.25,17633
2018-11-22,267.8500061035156,271.1000061035156,265.0,265.25,9188
2018-11-26,266.5,278.70001220703125,266.5,271.95001220703125,13871
2018-11-27,272.6000061035156,272.8999938964844,265.1000061035156,266.79998779296875,10689
2018-11-28,268.29998779296875,268.29998779296875,265.0,265.54998779296875,6720
2018-11-29,265.1499938964844,267.20001220703125,255.0,259.20001220703125,15551
2018-11-30,263.04998779296875,268.25,253.0,263.6000061035156,22752
2018-12-03,267.54998779296875,267.54998779296875,259.04998779296875,261.95001220703125,5660
2018-12-04,264.1000061035156,264.1000061035156,259.1000061035156,261.25,3463
2018-12-05,261.79998779296875,265.3999938964844,253.14999389648438,256.04998779296875,10300
2018-12-06,257.0,258.8999938964844,252.1999969482422,253.4499969482422,6948
2018-12-07,253.64999389648438,254.64999389648438,246.0,247.89999389648438,14460
2018-12-10,247.0,247.64999389648438,245.0,246.14999389648438,6288
2018-12-11,242.0,258.0,242.0,256.54998779296875,14314
2018-12-12,254.35000610351562,262.0,254.0500030517578,259.8999938964844,8937
2018-12-13,261.8500061035156,262.0,251.0,253.0,8921
2018-12-14,252.0,258.0,250.0,253.1999969482422,8573
2018-12-17,252.85000610351562,256.8999938964844,246.0,248.6999969482422,18836
2018-12-18,249.14999389648438,254.0,247.5500030517578,250.1999969482422,33398
2018-12-19,251.3000030517578,258.0,249.64999389648438,257.0,29796
2018-12-20,255.4499969482422,262.0,253.1999969482422,259.79998779296875,17390
2018-12-21,260.79998779296875,261.1000061035156,251.35000610351562,253.1999969482422,15927
2018-12-24,258.0,258.0,244.60000610351562,246.39999389648438,13985
2018-12-26,247.9499969482422,247.9499969482422,240.0,243.1999969482422,8020
2018-12-27,254.0,254.0,240.5500030517578,241.1999969482422,8085
2018-12-28,240.3000030517578,246.0,240.3000030517578,244.6999969482422,25580
2018-12-31,243.60000610351562,258.0,241.14999389648438,255.5,33895
2019-01-01,258.0,265.0,255.0,263.5,24394
2019-01-02,264.3999938964844,272.79998779296875,257.0,258.75,22791
2019-01-03,258.79998779296875,269.3999938964844,258.75,265.6499938964844,227739
2019-01-04,264.6499938964844,267.29998779296875,262.0,262.45001220703125,32937
2019-01-07,265.0,265.8500061035156,255.0,255.9499969482422,18488
2019-01-08,255.10000610351562,258.0,255.0,255.10000610351562,8095
2019-01-09,255.5500030517578,257.6499938964844,254.5,255.10000610351562,16135
2019-01-10,255.8000030517578,256.8999938964844,254.9499969482422,255.10000610351562,14184
2019-01-11,255.10000610351562,257.5,255.0,255.14999389648438,8919
2019-01-14,257.54998779296875,257.54998779296875,254.0,255.14999389648438,9689
2019-01-15,255.10000610351562,256.3999938964844,255.0,255.5,4185
2019-01-16,255.5,260.0,255.0500030517578,259.1000061035156,39020
2019-01-17,257.04998779296875,258.95001220703125,254.89999389648438,255.39999389648438,3172
2019-01-18,257.25,257.45001220703125,255.0,255.0,7863
2019-01-21,260.0,260.0,255.0,255.0,7069
2019-01-22,256.0,258.0,254.0,255.0,10457
2019-01-23,256.04998779296875,257.04998779296875,255.0,255.1999969482422,5093
2019-01-24,256.29998779296875,258.0,255.35000610351562,257.3999938964844,5837
2019-01-25,256.04998779296875,256.79998779296875,255.0,255.0500030517578,11580
2019-01-28,255.10000610351562,258.0,254.60000610351562,255.60000610351562,13802
2019-01-29,255.75,256.8999938964844,254.9499969482422,255.0,9793
2019-01-30,255.1999969482422,256.25,255.0,255.0,7121
2019-01-31,256.29998779296875,256.29998779296875,255.0,255.10000610351562,10470
2019-02-01,255.25,258.0,254.89999389648438,256.70001220703125,17119
2019-02-04,260.0,260.0,254.5,255.8000030517578,35777
2019-02-05,256.54998779296875,258.0,255.0,255.0500030517578,28862
2019-02-06,255.1999969482422,256.70001220703125,255.0,255.64999389648438,9872
2019-02-07,255.10000610351562,256.79998779296875,255.0,255.10000610351562,5570
2019-02-08,255.25,256.1000061035156,253.89999389648438,255.0500030517578,16541
2019-02-11,255.9499969482422,255.9499969482422,241.35000610351562,244.89999389648438,46130
2019-02-12,243.14999389648438,245.35000610351562,242.0,242.4499969482422,7576
2019-02-14,257.0,258.0,255.0,255.10000610351562,8416
2019-02-15,255.5500030517578,256.0,252.5,253.4499969482422,36931
2019-02-18,250.10000610351562,257.70001220703125,250.10000610351562,253.10000610351562,76100
2019-02-19,252.5500030517578,255.5,249.0,250.10000610351562,24702
2019-02-20,253.39999389648438,253.39999389648438,250.0,250.35000610351562,10448
2019-02-21,250.5500030517578,255.0,250.5500030517578,253.9499969482422,6694
2019-02-22,254.4499969482422,258.0,250.5500030517578,253.5,7639
2019-02-25,253.0,254.35000610351562,250.10000610351562,251.60000610351562,4739
2019-02-26,250.0,252.85000610351562,250.0,251.39999389648438,6322
2019-02-27,254.0,262.0,250.85000610351562,254.4499969482422,16595
2019-02-28,251.10000610351562,258.0,251.10000610351562,256.5,5338
2019-03-01,260.29998779296875,264.95001220703125,257.95001220703125,263.5,14069
2019-03-05,266.0,279.0,261.25,277.25,19872
2019-03-06,278.0,283.8500061035156,275.20001220703125,276.95001220703125,20515
2019-03-07,277.04998779296875,278.75,268.04998779296875,270.25,7400
2019-03-08,271.8999938964844,273.20001220703125,267.0,268.5,3189
2019-03-11,269.0,274.0,266.0,267.8999938964844,12082
2019-03-12,268.0,273.6499938964844,266.3999938964844,272.3999938964844,11784
2019-03-13,272.3999938964844,273.6499938964844,266.0,267.3999938964844,4405
2019-03-14,269.20001220703125,270.6000061035156,266.0,266.6499938964844,7168
2019-03-15,266.0,270.20001220703125,263.70001220703125,265.75,8147
2019-03-18,269.0,280.70001220703125,267.8500061035156,275.8500061035156,25413
2019-03-19,274.04998779296875,278.0,270.1000061035156,273.29998779296875,15712
2019-03-20,273.0,277.3999938964844,270.6000061035156,271.29998779296875,4559
2019-03-22,274.0,274.0,266.8999938964844,268.45001220703125,7144
2019-03-25,269.95001220703125,269.95001220703125,260.75,262.8999938964844,6095
2019-03-26,262.1000061035156,263.20001220703125,258.5,260.1000061035156,11410
2019-03-27,260.1499938964844,264.20001220703125,255.0,255.75,5540
2019-03-28,259.6000061035156,262.0,256.04998779296875,260.3500061035156,4049
2019-04-01,262.0,265.0,255.64999389648438,257.0,13845
2019-04-02,257.5,261.5,253.9499969482422,255.60000610351562,16086
2019-04-03,255.60000610351562,257.0,253.10000610351562,253.8000030517578,10127
2019-04-04,256.3999938964844,256.45001220703125,247.25,249.39999389648438,21342
2019-04-05,249.39999389648438,250.14999389648438,243.10000610351562,244.89999389648438,41287
2019-04-08,250.0,250.0,239.6999969482422,240.60000610351562,25834
2019-04-09,241.0,255.0,241.0,251.39999389648438,47527
2019-04-10,252.89999389648438,252.89999389648438,247.0,250.14999389648438,16247
2019-04-11,252.0,253.0,249.64999389648438,250.5,1741
2019-04-12,248.0500030517578,257.0,247.0500030517578,255.25,20746
2019-04-15,257.3500061035156,261.45001220703125,254.85000610351562,258.20001220703125,38899
2019-04-16,259.70001220703125,263.0,259.0,259.54998779296875,15590
2019-04-18,263.3999938964844,263.3999938964844,252.14999389648438,256.8500061035156,13118
2019-04-22,254.0,254.5,245.0,246.60000610351562,7708
2019-04-23,245.10000610351562,249.89999389648438,243.0,243.89999389648438,6324
2019-04-24,244.0,245.64999389648438,238.0500030517578,241.60000610351562,8698
2019-04-25,240.0,246.0,238.0500030517578,239.75,29120
2019-04-26,239.0,241.89999389648438,238.0500030517578,240.25,21129
2019-04-30,239.0,241.9499969482422,235.0,237.35000610351562,11143
2019-05-02,236.60000610351562,238.8000030517578,235.1999969482422,236.14999389648438,6489
2019-05-03,235.0500030517578,239.64999389648438,234.0,235.0500030517578,24694
2019-05-06,234.0,238.0,233.60000610351562,235.39999389648438,8073
2019-05-07,238.89999389648438,240.0,230.0,230.0,10656
2019-05-08,230.0500030517578,232.0,225.0,225.1999969482422,7101
2019-05-09,228.5,228.5,222.9499969482422,225.9499969482422,12525
2019-05-10,223.10000610351562,228.0,222.10000610351562,223.5,4892
2019-05-13,222.0,225.85000610351562,218.0,219.64999389648438,7174
2019-05-14,218.0,218.0,209.4499969482422,217.35000610351562,27907
2019-05-15,215.8000030517578,216.5500030517578,209.0,210.75,8642
2019-05-16,209.0500030517578,213.85000610351562,207.5,212.0,134975
2019-05-17,212.0,224.0,210.89999389648438,218.1999969482422,34139
2019-05-20,224.89999389648438,226.0,212.0,213.0,62468
2019-05-21,213.10000610351562,215.5,209.0,210.89999389648438,75502
2019-05-22,210.3000030517578,212.0,210.0,210.0500030517578,60947
2019-05-23,210.0,214.0,209.89999389648438,212.39999389648438,82112
2019-05-24,210.5500030517578,222.39999389648438,210.5500030517578,221.75,46444
2019-05-27,221.75,242.10000610351562,221.5,240.75,93480
2019-05-28,242.9499969482422,248.0,238.10000610351562,243.14999389648438,469758
2019-05-29,245.64999389648438,245.64999389648438,240.39999389648438,242.35000610351562,5379
2019-05-30,240.0,243.85000610351562,240.0,240.39999389648438,5773
2019-05-31,240.4499969482422,244.0,240.0,240.75,12026
2019-06-03,238.0,242.0,238.0,240.39999389648438,8751
2019-06-04,238.0500030517578,240.0,231.85000610351562,233.3000030517578,11119
2019-06-06,233.0500030517578,235.6999969482422,228.64999389648438,232.6999969482422,20160
2019-06-07,232.0,237.9499969482422,230.10000610351562,232.89999389648438,7154
2019-06-10,232.0,236.89999389648438,225.0500030517578,227.0500030517578,33430
2019-06-11,225.10000610351562,226.0,223.25,225.10000610351562,31983
2019-06-12,229.85000610351562,229.85000610351562,220.5500030517578,223.35000610351562,120396
2019-06-13,222.0,222.39999389648438,220.5,221.0,56912
2019-06-14,218.0,221.9499969482422,216.39999389648438,218.8000030517578,26864
2019-06-17,218.0500030517578,219.85000610351562,214.10000610351562,215.0500030517578,3405
2019-06-18,215.10000610351562,224.64999389648438,215.10000610351562,222.14999389648438,7923
2019-06-19,218.0,226.0,218.0,218.3000030517578,14358
2019-06-20,218.0500030517578,224.4499969482422,218.0500030517578,223.3000030517578,5420
2019-06-21,221.0,223.0,216.0500030517578,222.4499969482422,9857
2019-06-24,225.9499969482422,225.9499969482422,218.0,218.64999389648438,3321
2019-06-25,218.0500030517578,221.4499969482422,216.0,220.0,8262
2019-06-26,215.0500030517578,220.75,215.0500030517578,218.25,16394
2019-06-27,218.5500030517578,221.9499969482422,217.0500030517578,218.5,36302
2019-06-28,220.0,220.0500030517578,217.4499969482422,218.35000610351562,18585
2019-07-01,218.5,219.85000610351562,211.6999969482422,214.85000610351562,14752
2019-07-02,214.0,217.9499969482422,210.25,214.9499969482422,14997
2019-07-03,213.6999969482422,214.89999389648438,211.0,213.5500030517578,6892
2019-07-04,212.60000610351562,216.5500030517578,212.60000610351562,214.0500030517578,5325
2019-07-05,214.0500030517578,217.0500030517578,210.0,212.39999389648438,8284
2019-07-08,211.75,213.85000610351562,209.25,211.3000030517578,31675
2019-07-09,210.64999389648438,211.0,209.0,210.0500030517578,8742
2019-07-10,209.10000610351562,211.1999969482422,206.25,208.85000610351562,17597
2019-07-11,208.5,211.4499969482422,200.0,203.85000610351562,31899
2019-07-12,202.4499969482422,209.64999389648438,200.0,207.89999389648438,11484
2019-07-15,205.0,211.0,202.60000610351562,203.0,9670
2019-07-16,202.0,204.5500030517578,199.0,201.1999969482422,16127
2019-07-17,201.39999389648438,204.0,201.39999389648438,202.60000610351562,11798
2019-07-18,201.5500030517578,202.25,200.0,200.14999389648438,33793
2019-07-19,200.1999969482422,202.14999389648438,200.0,200.25,26645
2019-07-22,199.6999969482422,204.5500030517578,198.89999389648438,202.9499969482422,14811
2019-07-23,201.8000030517578,206.64999389648438,200.9499969482422,205.9499969482422,2653
2019-07-24,205.0,207.25,205.0,205.10000610351562,6524
2019-07-25,204.9499969482422,204.9499969482422,200.0,200.5,10107
2019-07-26,199.0500030517578,202.5,199.0500030517578,201.35000610351562,4776
2019-07-29,200.0500030517578,203.0,199.5500030517578,202.10000610351562,28404
2019-07-30,200.10000610351562,200.9499969482422,194.3000030517578,200.1999969482422,70069
2019-07-31,195.0500030517578,200.0,192.0500030517578,197.25,50629
2019-08-01,195.10000610351562,198.4499969482422,192.10000610351562,194.60000610351562,49095
2019-08-02,194.75,194.75,190.25,191.6999969482422,6906
2019-08-05,192.0,195.0,190.0,193.75,10967
2019-08-06,190.0,195.85000610351562,190.0,190.89999389648438,4931
2019-08-07,191.60000610351562,196.9499969482422,190.4499969482422,193.10000610351562,9475
2019-08-08,191.5500030517578,193.9499969482422,186.0,189.5500030517578,6704
2019-08-09,193.9499969482422,197.25,190.0500030517578,195.60000610351562,12582
2019-08-13,197.0,198.0,192.0,192.89999389648438,10542
2019-08-14,192.10000610351562,194.89999389648438,185.0500030517578,188.14999389648438,10984
2019-08-16,188.0,197.35000610351562,186.3000030517578,195.6999969482422,8003
2019-08-19,195.0,197.0,188.60000610351562,191.3000030517578,5827
2019-08-20,190.0500030517578,192.0,185.0,185.10000610351562,5352
2019-08-21,185.0500030517578,186.10000610351562,178.5,181.5,28828
2019-08-22,180.10000610351562,182.89999389648438,175.25,177.0,6098
2019-08-23,177.0,180.0,175.0,175.10000610351562,3835
2019-08-26,177.0,184.0,171.25,177.8000030517578,12658
2019-08-27,176.14999389648438,188.9499969482422,176.14999389648438,184.14999389648438,10248
2019-08-28,184.9499969482422,186.9499969482422,182.0,182.85000610351562,13724
2019-08-29,187.89999389648438,187.89999389648438,180.14999389648438,185.10000610351562,10600
2019-08-30,183.75,185.1999969482422,180.5500030517578,181.1999969482422,4522
2019-09-03,184.85000610351562,184.85000610351562,175.1999969482422,178.35000610351562,3328
2019-09-04,176.0500030517578,180.0,176.0500030517578,179.4499969482422,3731
2019-09-05,182.0,186.6999969482422,177.9499969482422,185.5500030517578,8026
2019-09-06,184.9499969482422,185.85000610351562,183.5500030517578,184.85000610351562,3761
2019-09-09,184.85000610351562,184.85000610351562,179.10000610351562,179.89999389648438,6678
2019-09-11,183.9499969482422,184.0,178.39999389648438,183.75,7115
2019-09-12,185.9499969482422,191.1999969482422,183.8000030517578,185.75,11365
2019-09-13,185.14999389648438,188.6999969482422,184.3000030517578,186.5,6677
2019-09-16,184.10000610351562,186.0,178.75,179.5,19712
2019-09-17,183.85000610351562,183.85000610351562,177.0,178.85000610351562,11474
2019-09-18,179.89999389648438,181.9499969482422,176.64999389648438,179.9499969482422,18261
2019-09-19,179.5500030517578,183.5500030517578,170.5500030517578,171.85000610351562,13173
2019-09-20,174.5,180.10000610351562,170.0500030517578,172.89999389648438,38054
2019-09-23,178.0,184.0,173.5500030517578,182.0,84708
2019-09-24,182.0,196.3000030517578,180.60000610351562,192.35000610351562,106960
2019-09-25,194.25,194.25,188.0,191.39999389648438,19385
2019-09-26,193.8000030517578,193.8000030517578,189.6999969482422,190.0500030517578,14584
2019-09-27,190.0,191.0,187.75,189.0,18197
2019-09-30,187.10000610351562,188.0,181.89999389648438,182.0500030517578,6048
2019-10-01,182.10000610351562,185.0,170.0,178.35000610351562,25459
2019-10-03,180.0,185.0,179.75,183.64999389648438,13503
2019-10-04,184.89999389648438,188.0,180.10000610351562,186.60000610351562,11320
2019-10-07,186.39999389648438,186.39999389648438,180.10000610351562,180.3000030517578,8069
2019-10-09,180.0500030517578,188.0,180.0500030517578,180.3000030517578,8756
2019-10-10,180.0500030517578,183.89999389648438,180.0500030517578,180.8000030517578,6828
2019-10-11,180.10000610351562,182.5,180.10000610351562,181.9499969482422,13100
2019-10-14,181.5500030517578,182.3000030517578,181.0,181.64999389648438,4791
2019-10-15,185.8000030517578,185.89999389648438,180.75,182.5500030517578,5982
2019-10-16,182.9499969482422,191.0,181.14999389648438,189.14999389648438,18850
2019-10-17,189.14999389648438,195.5,185.4499969482422,192.5,1197563
2019-10-18,194.89999389648438,204.0,194.1999969482422,202.8000030517578,28344
2019-10-22,204.6999969482422,210.0500030517578,204.25,205.6999969482422,22494
2019-10-23,209.6999969482422,210.0,205.9499969482422,206.5500030517578,8707
2019-10-24,209.0,209.0,199.89999389648438,202.10000610351562,11214
2019-10-25,200.0500030517578,203.60000610351562,198.9499969482422,200.60000610351562,5894
2019-10-27,196.14999389648438,203.9499969482422,196.14999389648438,201.3000030517578,1670
2019-10-29,204.0,208.0,200.9499969482422,206.8000030517578,422186
2019-10-30,207.9499969482422,207.9499969482422,203.10000610351562,205.64999389648438,174625
2019-10-31,207.0,217.9499969482422,205.85000610351562,208.6999969482422,45238
2019-11-01,211.9499969482422,211.9499969482422,201.6999969482422,207.39999389648438,21256
2019-11-04,204.3000030517578,212.0,204.3000030517578,208.5,11132
2019-11-05,208.0,210.25,204.0500030517578,204.75,7893
2019-11-06,204.5500030517578,211.14999389648438,202.5500030517578,203.64999389648438,6475
2019-11-07,200.0,207.9499969482422,194.3000030517578,195.0500030517578,18497
2019-11-08,196.25,199.39999389648438,189.10000610351562,190.5500030517578,12766
2019-11-11,196.5500030517578,200.0500030517578,192.0,195.14999389648438,338748
2019-11-13,195.14999389648438,198.5500030517578,193.10000610351562,194.9499969482422,22957
2019-11-14,195.0500030517578,196.5,193.5,195.14999389648438,55613
2019-11-15,196.6999969482422,202.0500030517578,195.35000610351562,201.5,59112
2019-11-18,202.0,203.5500030517578,199.60000610351562,200.1999969482422,26113
2019-11-19,201.0,202.6999969482422,199.25,200.39999389648438,6934
2019-11-20,200.4499969482422,204.85000610351562,199.89999389648438,200.39999389648438,20790
2019-11-21,199.0,201.9499969482422,198.85000610351562,199.9499969482422,42787
2019-11-22,200.0,203.0500030517578,199.64999389648438,200.10000610351562,7957
2019-11-25,202.89999389648438,204.0,199.0,201.25,4855
2019-11-26,201.0500030517578,203.0,200.0,200.0,6739
2019-11-27,200.4499969482422,206.0,200.1999969482422,204.89999389648438,11871
2019-11-28,206.9499969482422,206.9499969482422,204.10000610351562,204.89999389648438,9383
2019-11-29,205.0500030517578,206.89999389648438,204.0500030517578,205.5,6221
2019-12-02,205.5,206.89999389648438,198.60000610351562,200.39999389648438,3871
2019-12-03,202.89999389648438,206.5,202.89999389648438,205.39999389648438,18204
2019-12-04,204.64999389648438,205.14999389648438,204.10000610351562,204.89999389648438,5498
2019-12-05,201.1999969482422,206.35000610351562,201.1999969482422,205.0,13400
2019-12-06,206.89999389648438,206.89999389648438,204.14999389648438,204.75,21468
2019-12-09,205.0,206.5,200.5500030517578,205.85000610351562,10775
2019-12-10,205.0,206.3000030517578,203.14999389648438,204.9499969482422,12035
2019-12-11,207.0,207.0,195.0500030517578,196.89999389648438,8724
2019-12-12,198.9499969482422,200.8000030517578,195.10000610351562,195.60000610351562,5013
2019-12-13,196.25,200.0,196.0,197.85000610351562,7564
2019-12-16,200.85000610351562,205.0,196.0,202.0500030517578,6827
2019-12-17,205.60000610351562,205.60000610351562,199.0,199.60000610351562,6243
2019-12-18,201.9499969482422,201.9499969482422,194.5500030517578,195.60000610351562,4802
2019-12-19,197.5,197.60000610351562,194.4499969482422,195.0,2152
2019-12-20,194.5,196.0,192.0,193.89999389648438,6031
2019-12-23,193.75,194.9499969482422,189.0500030517578,190.60000610351562,399108
2019-12-24,190.0,197.0,190.0,193.10000610351562,151116
2019-12-26,197.0,204.5,192.0,200.60000610351562,58903
2019-12-27,198.10000610351562,204.0,197.14999389648438,202.14999389648438,6089
2019-12-30,202.0,213.5,200.0,211.89999389648438,199307
2019-12-31,213.39999389648438,213.39999389648438,196.0,199.5500030517578,34691
2020-01-01,199.85000610351562,203.14999389648438,199.0,200.64999389648438,12833
2020-01-02,203.8000030517578,204.8000030517578,200.0500030517578,203.64999389648438,10218
2020-01-03,204.85000610351562,210.60000610351562,204.64999389648438,208.64999389648438,33228
2020-01-06,208.64999389648438,208.64999389648438,201.0500030517578,205.5,10584
2020-01-07,205.5,208.25,202.39999389648438,207.9499969482422,7632
2020-01-08,206.9499969482422,206.9499969482422,204.0500030517578,205.0,6109
2020-01-09,209.0,209.5,204.0,205.75,15759
2020-01-10,206.0,221.0,206.0,218.1999969482422,174131
2020-01-13,225.5,256.95001220703125,221.0,247.14999389648438,521106
2020-01-14,246.6999969482422,247.0,231.10000610351562,232.8000030517578,112806
2020-01-15,232.8000030517578,245.0,226.5,241.0500030517578,63913
2020-01-16,240.0,255.85000610351562,240.0,253.0,98012
2020-01-17,253.0,253.0,246.64999389648438,249.6999969482422,18947
2020-01-20,249.0,252.0,241.39999389648438,243.25,12984
2020-01-21,240.14999389648438,245.9499969482422,238.0,239.85000610351562,9866
2020-01-22,239.85000610351562,244.9499969482422,236.14999389648438,241.89999389648438,104191
2020-01-23,239.10000610351562,245.6999969482422,236.3000030517578,240.89999389648438,14705
2020-01-24,242.89999389648438,251.75,239.14999389648438,249.0500030517578,38476
2020-01-27,246.39999389648438,254.1999969482422,245.0,249.89999389648438,21757
2020-01-28,250.35000610351562,253.35000610351562,248.0,249.64999389648438,12039
2020-01-29,251.39999389648438,252.0,245.85000610351562,246.85000610351562,9308
2020-01-30,244.14999389648438,249.0,243.35000610351562,247.75,77573
2020-01-31,244.0500030517578,251.89999389648438,239.10000610351562,241.1999969482422,8808
2020-02-03,249.0,262.79998779296875,249.0,260.8500061035156,92783
2020-02-04,263.95001220703125,273.0,255.3000030517578,266.6499938964844,129924
2020-02-05,264.1000061035156,272.0,256.0,263.1000061035156,42948
2020-02-06,267.1000061035156,267.1000061035156,253.35000610351562,255.3000030517578,16070
2020-02-07,255.25,260.0,249.0,255.64999389648438,33062
2020-02-10,256.0,264.0,252.10000610351562,253.85000610351562,28154
2020-02-11,254.9499969482422,266.29998779296875,253.0,263.20001220703125,107508
2020-02-12,262.45001220703125,268.0,251.0,259.0,33843
2020-02-13,258.0,264.70001220703125,252.1999969482422,262.5,29629
2020-02-14,260.04998779296875,264.0,249.10000610351562,259.5,59327
2020-02-17,261.04998779296875,264.0,252.0,259.54998779296875,22604
2020-02-18,258.1000061035156,258.20001220703125,240.60000610351562,245.60000610351562,50503
2020-02-19,244.5500030517578,252.0,241.64999389648438,250.9499969482422,185650
2020-02-20,249.25,264.95001220703125,246.9499969482422,261.8999938964844,72048
2020-02-24,261.0,264.0,252.39999389648438,259.6499938964844,22809
2020-02-25,261.04998779296875,262.29998779296875,251.89999389648438,257.95001220703125,40449
2020-02-26,258.04998779296875,260.95001220703125,249.4499969482422,256.20001220703125,71010
2020-02-27,260.04998779296875,260.04998779296875,250.85000610351562,256.25,27379
2020-02-28,254.8000030517578,254.8000030517578,242.0,249.1999969482422,63514
2020-03-02,250.5500030517578,250.64999389648438,230.5500030517578,235.9499969482422,86077
2020-03-03,236.9499969482422,245.0,229.14999389648438,243.0,26991
2020-03-04,243.0,243.0,231.35000610351562,238.0500030517578,46533
2020-03-05,236.5500030517578,251.0500030517578,232.0500030517578,247.10000610351562,152182
2020-03-06,241.89999389648438,254.5,233.0,245.4499969482422,23602
2020-03-09,235.0,245.35000610351562,222.39999389648438,228.25,23882
2020-03-11,232.0,237.5,223.85000610351562,234.75,65332
2020-03-12,220.0,232.89999389648438,200.5500030517578,206.0,92300
2020-03-13,177.5,216.9499969482422,171.5500030517578,208.25,29997
2020-03-16,204.0500030517578,204.0500030517578,185.0,197.85000610351562,74345
2020-03-17,192.0,206.0,180.10000610351562,191.3000030517578,27121
2020-03-18,190.25,199.9499969482422,172.60000610351562,182.9499969482422,30714
2020-03-19,181.25,182.0,157.3000030517578,165.25,39952
2020-03-20,171.85000610351562,174.5,164.3000030517578,166.0500030517578,10545
2020-03-23,150.0,165.9499969482422,132.85000610351562,138.75,14760
2020-03-24,136.0,155.0,136.0,141.0500030517578,40700
2020-03-25,136.0500030517578,137.3000030517578,119.0,134.9499969482422,1316265
2020-03-26,134.0,144.89999389648438,133.5,141.25,58321
2020-03-27,155.0,155.0,139.8000030517578,149.89999389648438,21074
2020-03-30,140.64999389648438,159.0,140.25,149.25,13972
2020-03-31,156.0,160.0,148.14999389648438,156.14999389648438,9532
2020-04-01,157.0,157.0,148.0,150.89999389648438,4248
2020-04-03,150.89999389648438,153.0,144.25,149.5,4850
2020-04-07,147.0500030517578,157.0,145.0,153.1999969482422,4179
2020-04-08,152.0,158.0,147.0500030517578,155.5,5605
2020-04-09,155.5,162.75,153.5,162.0500030517578,10296
2020-04-13,163.35000610351562,169.5,152.3000030517578,166.64999389648438,10128
2020-04-15,170.4499969482422,173.8000030517578,153.60000610351562,158.0,12206
2020-04-16,162.0,164.0,155.35000610351562,162.9499969482422,2653
2020-04-17,165.0500030517578,170.0,156.35000610351562,166.1999969482422,23512
2020-04-20,169.14999389648438,177.5,166.35000610351562,171.10000610351562,19548
2020-04-21,171.0,177.35000610351562,161.60000610351562,167.6999969482422,14506
2020-04-22,167.6999969482422,176.0,164.0,174.39999389648438,8908
2020-04-23,176.64999389648438,179.25,170.1999969482422,174.0500030517578,13959
2020-04-24,174.0500030517578,174.5,162.75,164.5,6970
2020-04-27,168.89999389648438,170.0,155.64999389648438,163.5500030517578,8521
2020-04-28,163.5,170.0,163.0,166.1999969482422,7861
2020-04-29,168.9499969482422,169.0,163.60000610351562,166.25,9238
2020-04-30,168.10000610351562,172.0,168.10000610351562,170.0,14058
2020-05-04,159.1999969482422,165.89999389648438,156.64999389648438,159.0,21805
2020-05-05,161.9499969482422,164.8000030517578,158.25,160.3000030517578,6449
2020-05-06,159.5,162.6999969482422,158.10000610351562,160.89999389648438,3973
2020-05-07,160.0,160.6999969482422,158.14999389648438,159.14999389648438,5886
2020-05-08,162.64999389648438,162.64999389648438,155.0,156.8000030517578,6720
2020-05-11,158.0500030517578,160.1999969482422,157.1999969482422,158.5,4993
2020-05-12,156.9499969482422,159.3000030517578,154.0,154.85000610351562,5903
2020-05-13,157.9499969482422,158.6999969482422,151.5500030517578,154.0500030517578,11913
2020-05-14,154.0500030517578,156.0,150.5500030517578,152.4499969482422,6658
2020-05-15,153.85000610351562,157.5500030517578,150.3000030517578,153.35000610351562,5161
2020-05-18,154.6999969482422,154.6999969482422,138.0500030517578,138.35000610351562,34210
2020-05-19,139.9499969482422,142.14999389648438,137.9499969482422,139.89999389648438,14320
2020-05-20,141.85000610351562,146.5500030517578,139.60000610351562,144.10000610351562,7597
2020-05-21,144.4499969482422,148.5500030517578,144.4499969482422,146.4499969482422,3268
2020-05-22,147.0,147.89999389648438,131.85000610351562,142.6999969482422,16393
2020-05-26,142.14999389648438,149.89999389648438,138.8000030517578,146.14999389648438,11910
2020-05-27,146.1999969482422,155.0500030517578,140.3000030517578,150.10000610351562,28079
2020-05-28,150.25,161.0,150.25,158.39999389648438,11924
2020-05-29,161.5,164.0,157.0,160.39999389648438,17790
2020-06-01,160.14999389648438,171.9499969482422,159.5,165.89999389648438,20919
2020-06-02,166.35000610351562,178.0,162.3000030517578,173.6999969482422,14669
2020-06-03,175.0,185.0,172.8000030517578,180.5,25994
2020-06-04,181.5,182.5500030517578,171.5500030517578,177.64999389648438,10212
2020-06-05,178.0,189.0,178.0,185.39999389648438,231338
2020-06-08,189.5,190.9499969482422,173.0,176.25,21431
2020-06-09,176.1999969482422,182.9499969482422,165.60000610351562,171.0500030517578,22963
2020-06-10,171.5,185.10000610351562,171.5,179.1999969482422,26767
2020-06-11,179.0500030517578,180.0,172.0500030517578,173.85000610351562,11881
2020-06-12,168.0,180.0,163.3000030517578,174.60000610351562,20169
2020-06-15,179.3000030517578,179.3000030517578,168.85000610351562,172.89999389648438,14267
2020-06-16,176.0,176.0,166.3000030517578,167.75,9123
2020-06-17,171.4499969482422,176.0,166.0,174.0500030517578,12891
2020-06-18,175.4499969482422,176.0,167.0500030517578,173.8000030517578,21547
2020-06-19,174.0,177.4499969482422,164.0,174.60000610351562,37426
2020-06-22,179.0,179.0,173.5,176.85000610351562,12832
2020-06-23,179.5,189.0,176.35000610351562,186.35000610351562,40563
2020-06-24,189.39999389648438,218.0,188.85000610351562,192.3000030517578,245485
2020-06-25,192.89999389648438,193.75,185.14999389648438,187.35000610351562,57537
2020-06-26,191.89999389648438,191.89999389648438,180.9499969482422,183.39999389648438,62197
2020-06-29,185.9499969482422,185.9499969482422,172.3000030517578,177.0500030517578,43361
2020-06-30,177.0500030517578,179.1999969482422,174.8000030517578,176.64999389648438,31893
2020-07-01,176.60000610351562,176.60000610351562,173.0500030517578,175.39999389648438,17383
2020-07-02,175.89999389648438,177.25,173.5,174.6999969482422,35065
2020-07-03,176.9499969482422,176.9499969482422,172.14999389648438,174.10000610351562,41548
2020-07-06,174.35000610351562,178.4499969482422,174.0,176.9499969482422,32188
2020-07-07,178.6999969482422,181.8000030517578,174.0,175.5,26780
2020-07-08,176.0,178.9499969482422,171.5500030517578,173.39999389648438,32600
2020-07-09,174.1999969482422,174.4499969482422,172.3000030517578,173.5,16795
2020-07-10,171.5500030517578,178.0,171.5500030517578,174.6999969482422,13612
2020-07-13,173.14999389648438,175.4499969482422,172.35000610351562,173.0,10787
2020-07-14,173.0,173.0,166.0500030517578,168.10000610351562,40625
2020-07-15,168.35000610351562,172.64999389648438,160.5500030517578,164.10000610351562,20470
2020-07-16,165.9499969482422,165.9499969482422,160.0,163.60000610351562,22323
2020-07-17,164.89999389648438,175.5500030517578,162.5,172.64999389648438,27011
2020-07-20,170.0,174.89999389648438,168.10000610351562,170.1999969482422,20626
2020-07-21,173.9499969482422,183.3000030517578,172.10000610351562,180.10000610351562,76422
2020-07-22,181.9499969482422,182.0,173.1999969482422,173.75,25095
2020-07-23,175.4499969482422,177.1999969482422,174.0,175.3000030517578,11590
2020-07-24,176.5,176.5,169.5,171.89999389648438,14209
2020-07-27,173.39999389648438,173.9499969482422,165.1999969482422,167.39999389648438,13400
2020-07-28,167.39999389648438,169.0,165.39999389648438,166.5500030517578,23027
2020-07-29,166.0500030517578,174.0,166.0500030517578,168.5500030517578,25159
2020-07-30,170.0,172.0,168.3000030517578,168.8000030517578,22162
2020-07-31,169.5,174.0,165.10000610351562,171.85000610351562,26648
2020-08-03,173.85000610351562,176.0,171.89999389648438,174.85000610351562,43119
2020-08-04,175.0,180.0,174.9499969482422,178.10000610351562,25228
2020-08-05,178.10000610351562,182.0,169.25,171.6999969482422,72520
2020-08-06,175.89999389648438,192.0,172.60000610351562,185.8000030517578,195496
2020-08-07,187.10000610351562,197.89999389648438,185.0,196.5,131546
2020-08-10,198.14999389648438,206.25,192.0,203.1999969482422,112856
2020-08-11,205.4499969482422,205.4499969482422,196.1999969482422,197.4499969482422,34647
2020-08-12,196.0500030517578,198.5,191.0,197.5,28406
2020-08-13,200.0,200.0,192.5500030517578,197.1999969482422,18537
2020-08-14,198.9499969482422,204.0,193.85000610351562,198.64999389648438,51986
2020-08-17,200.0500030517578,204.0,200.0,200.0,42251
2020-08-18,202.39999389648438,205.0,201.0,203.0500030517578,38107
2020-08-19,204.85000610351562,210.0,202.9499969482422,205.4499969482422,38071
2020-08-20,207.0,207.0,200.0,201.85000610351562,26795
2020-08-21,204.25,242.1999969482422,204.1999969482422,235.25,1094025
2020-08-24,232.0,232.0,221.39999389648438,223.1999969482422,147573
2020-08-25,224.0,234.9499969482422,215.3000030517578,230.0500030517578,220461
2020-08-26,231.89999389648438,232.6999969482422,223.0,223.89999389648438,50605
2020-08-27,226.39999389648438,234.0,220.0,223.14999389648438,69124
2020-08-28,224.9499969482422,227.0,217.5,219.35000610351562,41670
2020-08-31,220.0,223.14999389648438,200.0,207.85000610351562,84700
2020-09-01,204.10000610351562,209.6999969482422,200.14999389648438,206.60000610351562,27837
2020-09-02,209.39999389648438,212.0,202.25,205.0500030517578,21929
2020-09-03,205.1999969482422,227.0,205.1999969482422,216.60000610351562,188528
2020-09-04,212.0,216.39999389648438,200.0,212.9499969482422,60071
2020-09-07,215.89999389648438,227.0,210.0,225.9499969482422,105212
2020-09-08,231.0,235.0,220.0,221.39999389648438,130111
2020-09-09,216.14999389648438,221.3000030517578,214.1999969482422,219.75,41288
2020-09-10,221.89999389648438,226.0500030517578,214.5500030517578,219.0500030517578,63010
2020-09-11,221.5,221.64999389648438,215.0,217.0500030517578,24921
2020-09-14,220.0,228.0,218.64999389648438,225.39999389648438,38577
2020-09-15,228.89999389648438,231.0500030517578,224.60000610351562,227.9499969482422,85418
2020-09-16,228.0,229.64999389648438,221.6999969482422,228.3000030517578,37076
2020-09-17,227.0500030517578,238.0,217.64999389648438,231.1999969482422,90864
2020-09-18,233.8000030517578,233.8000030517578,222.0500030517578,223.64999389648438,23518
2020-09-21,226.8000030517578,226.8000030517578,215.0,215.6999969482422,29987
2020-09-22,213.5,214.75,203.1999969482422,211.1999969482422,34505
2020-09-23,213.10000610351562,215.0500030517578,205.10000610351562,208.75,25433
2020-09-24,206.10000610351562,207.9499969482422,201.10000610351562,202.0,21078
2020-09-25,203.5,208.0,201.9499969482422,204.10000610351562,18588
2020-09-28,207.0,218.8000030517578,207.0,215.85000610351562,44809
2020-09-29,217.89999389648438,217.89999389648438,210.4499969482422,212.60000610351562,17984
2020-09-30,212.3000030517578,212.9499969482422,206.39999389648438,208.75,21862
2020-10-01,211.6999969482422,214.5,205.5,208.85000610351562,28296
2020-10-05,210.60000610351562,214.0,206.0,210.6999969482422,16933
2020-10-06,212.0500030517578,220.0,209.5500030517578,216.89999389648438,23131
2020-10-07,217.0500030517578,219.6999969482422,213.89999389648438,217.39999389648438,20390
2020-10-08,219.0500030517578,229.35000610351562,219.0500030517578,226.25,62697
2020-10-09,227.9499969482422,229.3000030517578,221.39999389648438,223.35000610351562,36656
2020-10-12,221.5,229.0500030517578,219.5,227.10000610351562,65363
2020-10-13,226.0,227.1999969482422,225.0500030517578,225.9499969482422,64189
2020-10-14,225.8000030517578,227.0,220.0,224.10000610351562,33878
2020-10-15,224.14999389648438,225.0500030517578,216.1999969482422,218.14999389648438,31111
2020-10-16,217.0500030517578,228.0,216.25,224.5,24221
2020-10-19,221.10000610351562,228.75,221.10000610351562,223.60000610351562,17657
2020-10-20,224.60000610351562,224.60000610351562,219.0500030517578,220.85000610351562,12608
2020-10-21,222.25,223.3000030517578,216.0,219.14999389648438,16560
2020-10-22,219.9499969482422,223.8000030517578,216.39999389648438,218.4499969482422,24909
2020-10-23,219.5500030517578,233.64999389648438,219.5,231.25,268933
2020-10-26,233.0,239.9499969482422,230.0,234.4499969482422,103493
2020-10-27,237.64999389648438,237.64999389648438,229.0500030517578,232.89999389648438,19241
2020-10-28,232.8000030517578,233.0500030517578,225.3000030517578,226.10000610351562,16956
2020-10-29,224.10000610351562,226.0,218.10000610351562,224.8000030517578,31317
2020-10-30,227.0,228.75,221.1999969482422,224.25,14488
2020-11-02,224.64999389648438,228.35000610351562,220.0500030517578,221.9499969482422,23463
2020-11-03,222.25,224.0,220.0,221.25,37331
2020-11-04,221.6999969482422,227.1999969482422,220.0,222.10000610351562,97343
2020-11-05,224.0,226.1999969482422,221.0,222.0500030517578,38958
2020-11-06,223.89999389648438,224.5,220.10000610351562,221.4499969482422,24277
2020-11-09,223.5,228.0,223.0500030517578,225.85000610351562,117264
2020-11-10,225.60000610351562,228.85000610351562,222.14999389648438,224.14999389648438,22361
2020-11-11,225.5,228.10000610351562,221.14999389648438,224.8000030517578,32386
2020-11-12,225.0,240.0,225.0,233.4499969482422,278536
2020-11-13,234.0,245.0,231.10000610351562,239.6999969482422,136881
2020-11-14,242.6999969482422,243.75,239.89999389648438,242.25,22114
2020-11-17,244.0,245.0,236.14999389648438,240.9499969482422,53775
2020-11-18,240.25,241.0,230.3000030517578,236.25,102768
2020-11-19,236.5,240.6999969482422,230.35000610351562,237.89999389648438,104788
2020-11-20,239.9499969482422,239.9499969482422,233.3000030517578,238.0500030517578,81661
2020-11-23,240.0,243.5500030517578,239.0500030517578,241.4499969482422,43307
2020-11-24,242.0,243.6999969482422,236.9499969482422,238.89999389648438,28049
2020-11-25,240.0,249.35000610351562,238.5,243.89999389648438,70755
2020-11-26,244.1999969482422,252.0,242.75,246.8000030517578,58876
2020-11-27,247.5,264.25,246.35000610351562,254.8000030517578,165888
2020-12-01,256.79998779296875,266.29998779296875,245.64999389648438,256.70001220703125,65200
2020-12-02,258.45001220703125,262.5,251.0500030517578,254.39999389648438,91416
2020-12-03,256.79998779296875,259.0,252.4499969482422,254.39999389648438,95948
2020-12-04,255.0500030517578,279.75,255.0,273.8500061035156,385895
2020-12-07,273.8500061035156,288.5,269.6000061035156,279.29998779296875,353690
2020-12-08,282.5,288.95001220703125,272.04998779296875,277.95001220703125,147832
2020-12-09,279.25,280.95001220703125,269.45001220703125,272.5,40167
2020-12-10,273.0,273.0,264.1499938964844,269.6000061035156,142802
2020-12-11,269.95001220703125,273.29998779296875,266.6000061035156,267.1000061035156,42154
2020-12-14,270.95001220703125,275.8500061035156,264.5,272.8500061035156,48399
2020-12-15,272.8500061035156,272.8500061035156,263.1000061035156,266.0,63611
2020-12-16,269.5,269.5,262.1000061035156,263.70001220703125,35376
2020-12-17,265.3500061035156,265.3500061035156,258.8999938964844,261.5,33920
2020-12-18,260.54998779296875,260.79998779296875,253.5500030517578,257.45001220703125,41758
2020-12-21,258.5,258.70001220703125,240.0,241.75,40279
2020-12-22,245.5,246.85000610351562,231.0,239.75,53550
2020-12-23,245.0,254.3000030517578,245.0,250.60000610351562,211841
2020-12-24,255.0,296.0,252.0500030517578,272.79998779296875,2287400
2020-12-28,266.04998779296875,277.70001220703125,266.04998779296875,273.6000061035156,173997
2020-12-29,274.5,274.6000061035156,264.0,270.29998779296875,93307
2020-12-30,270.8999938964844,299.5,270.0,278.6000061035156,1086581
2020-12-31,276.0,282.79998779296875,272.29998779296875,276.70001220703125,112550
2021-01-01,276.1499938964844,279.45001220703125,273.8999938964844,277.8999938964844,42785
2021-01-04,276.29998779296875,286.95001220703125,276.29998779296875,284.54998779296875,138033
2021-01-05,280.20001220703125,291.3999938964844,280.20001220703125,290.0,133317
2021-01-06,290.0,294.0,281.0,285.0,81422
2021-01-07,287.0,288.8999938964844,282.75,286.04998779296875,45675
2021-01-08,284.45001220703125,292.5,284.45001220703125,290.1000061035156,93510
2021-01-11,293.0,293.3999938964844,284.6000061035156,289.8999938964844,58888
2021-01-12,288.70001220703125,290.25,281.79998779296875,284.45001220703125,57442
2021-01-13,288.0,288.0,275.0,276.5,43532
2021-01-14,277.95001220703125,284.5,277.3500061035156,278.3999938964844,44612
2021-01-15,279.45001220703125,279.6499938964844,267.54998779296875,268.29998779296875,71403
2021-01-18,269.6499938964844,271.0,262.0,263.29998779296875,40507
2021-01-19,265.0,272.0,265.0,269.8500061035156,32331
2021-01-20,269.8500061035156,271.95001220703125,268.0,269.75,21136
2021-01-21,271.04998779296875,277.0,265.25,266.1499938964844,79621
2021-01-22,269.25,274.29998779296875,260.0,262.45001220703125,44906
2021-01-25,263.0,264.20001220703125,256.54998779296875,258.8500061035156,29201
2021-01-27,258.8500061035156,267.54998779296875,256.04998779296875,264.8500061035156,57418
2021-01-28,263.04998779296875,264.75,260.3999938964844,263.54998779296875,24324
2021-01-29,266.95001220703125,268.8999938964844,263.0,264.3999938964844,54440
2021-02-01,265.5,282.1499938964844,263.04998779296875,280.1499938964844,100208
2021-02-02,282.0,292.6499938964844,275.0,288.6499938964844,106388
2021-02-03,295.0,302.0,291.0,293.5,280980
2021-02-04,296.0,297.45001220703125,288.54998779296875,294.6499938964844,78075
2021-02-05,295.95001220703125,299.0,288.29998779296875,290.54998779296875,66871
2021-02-08,290.54998779296875,295.54998779296875,288.0,292.04998779296875,54276
2021-02-09,296.0,296.0,285.20001220703125,285.75,42941
2021-02-10,287.0,297.8999938964844,280.1499938964844,283.25,349346
2021-02-11,282.8999938964844,292.0,281.0,290.8500061035156,85312
2021-02-12,292.0,293.5,289.79998779296875,291.3500061035156,66783
2021-02-15,291.3500061035156,297.1499938964844,286.0,289.6499938964844,70533
2021-02-16,289.6499938964844,293.0,281.6499938964844,283.1499938964844,36410
2021-02-17,280.0,288.75,278.6499938964844,283.04998779296875,103391
2021-02-18,283.3500061035156,290.0,282.6499938964844,288.6499938964844,89664
2021-02-19,290.20001220703125,297.0,287.04998779296875,293.54998779296875,106503
2021-02-22,294.0,304.75,291.8500061035156,297.70001220703125,108160
2021-02-23,303.5,304.0,293.04998779296875,294.8500061035156,49347
2021-02-24,297.75,300.45001220703125,292.0,297.29998779296875,42248
2021-02-25,297.29998779296875,300.0,294.1000061035156,296.0,31029
2021-02-26,297.5,299.3500061035156,292.5,295.0,27651
2021-03-01,295.0,297.6499938964844,288.95001220703125,291.25,26607
2021-03-02,292.0,295.0,291.0,294.3500061035156,24116
2021-03-03,294.3500061035156,321.1000061035156,293.95001220703125,314.75,181103
2021-03-04,317.0,328.0,314.95001220703125,320.0,145136
2021-03-05,319.70001220703125,325.0,310.04998779296875,318.6499938964844,80850
2021-03-08,323.0,331.0,315.1000061035156,316.95001220703125,57211
2021-03-09,314.0,324.0,314.0,318.75,46258
2021-03-10,323.95001220703125,347.29998779296875,322.79998779296875,333.25,376562
2021-03-12,333.8999938964844,336.3999938964844,318.45001220703125,321.54998779296875,51551
2021-03-15,321.8500061035156,328.79998779296875,315.0,323.25,31275
2021-03-16,326.0,326.0,315.8999938964844,318.54998779296875,16941
2021-03-17,318.3999938964844,319.5,312.0,313.0,25486
2021-03-18,319.0,319.0,304.1000061035156,307.6499938964844,38843
2021-03-19,312.0,312.0,299.0,302.6499938964844,26872
2021-03-22,302.6499938964844,309.0,300.0,302.6000061035156,17464
2021-03-23,302.0,306.95001220703125,294.0,298.04998779296875,30233
2021-03-24,295.5,300.0,288.0,289.79998779296875,52169
2021-03-25,290.0,300.0,289.5,290.3999938964844,54793
2021-03-26,292.3500061035156,295.6499938964844,285.5,287.95001220703125,22911
2021-03-30,287.95001220703125,314.0,284.0,296.6499938964844,75163
2021-03-31,305.0,339.0,300.20001220703125,309.75,1320199
2021-04-01,305.3500061035156,311.1499938964844,302.29998779296875,307.04998779296875,78211
2021-04-05,305.0,312.8999938964844,304.25,306.3500061035156,58122
2021-04-06,308.0,310.20001220703125,300.0,302.6499938964844,45745
2021-04-07,303.0,312.0,302.04998779296875,308.8999938964844,64587
2021-04-08,310.5,326.0,309.6499938964844,323.8500061035156,177844
2021-04-09,329.95001220703125,331.8999938964844,324.29998779296875,329.3999938964844,112954
2021-04-12,324.8500061035156,324.8500061035156,306.04998779296875,313.6499938964844,57106
2021-04-13,313.6499938964844,324.0,310.04998779296875,321.25,46532
2021-04-15,321.25,324.0,314.1000061035156,321.54998779296875,38553
2021-04-16,319.5,329.0,318.04998779296875,321.1499938964844,33762
2021-04-19,308.3999938964844,314.79998779296875,302.6000061035156,304.3500061035156,64592
2021-04-20,310.0,310.0,298.0,300.3500061035156,29832
2021-04-22,299.0,303.8999938964844,297.5,299.8500061035156,14003
2021-04-23,301.3999938964844,301.3999938964844,294.3999938964844,295.75,27272
2021-04-26,295.0,324.79998779296875,290.0,298.1000061035156,71108
2021-04-27,301.5,303.75,297.0,298.8500061035156,36244
2021-04-28,300.3999938964844,307.04998779296875,299.0,303.79998779296875,54663
2021-04-29,304.75,305.29998779296875,297.0,300.79998779296875,38669
2021-04-30,298.1000061035156,298.5,292.0,293.79998779296875,45499
2021-05-03,294.0,304.95001220703125,290.3500061035156,301.3500061035156,53502
2021-05-04,308.3500061035156,314.8500061035156,302.1499938964844,308.95001220703125,207451
2021-05-05,306.79998779296875,307.5,299.0,301.1000061035156,69130
2021-05-06,303.8999938964844,305.6000061035156,298.79998779296875,301.75,33436
2021-05-07,301.95001220703125,304.0,298.0,299.3999938964844,32373
2021-05-10,300.25,304.1000061035156,293.0,302.45001220703125,65658
2021-05-11,306.8999938964844,313.70001220703125,302.54998779296875,311.6499938964844,90173
2021-05-12,311.0,311.54998779296875,300.70001220703125,302.25,56537
2021-05-14,308.95001220703125,314.0,302.04998779296875,305.20001220703125,68719
2021-05-17,306.0,311.1000061035156,302.20001220703125,304.95001220703125,54150
2021-05-18,308.3500061035156,308.6499938964844,300.0,301.70001220703125,57120
2021-05-19,302.0,304.0,296.20001220703125,297.0,49826
2021-05-20,301.0,301.0,296.1000061035156,298.1499938964844,27119
2021-05-21,300.79998779296875,300.79998779296875,297.0,298.79998779296875,33626
2021-05-24,300.3500061035156,315.1000061035156,297.29998779296875,310.5,189636
2021-05-25,319.20001220703125,329.79998779296875,309.1000061035156,311.1000061035156,283081
2021-05-26,314.6499938964844,319.1000061035156,311.8500061035156,314.45001220703125,52027
2021-05-27,314.95001220703125,324.0,311.20001220703125,319.8500061035156,66879
2021-05-28,324.0,327.0,312.0,317.8999938964844,92108
2021-05-31,320.20001220703125,322.5,311.29998779296875,314.6000061035156,42589
2021-06-01,314.6000061035156,323.0,310.54998779296875,312.04998779296875,44996
2021-06-02,313.5,327.5,312.54998779296875,324.70001220703125,112675
2021-06-03,329.0,358.5,322.75,342.6000061035156,1545338
2021-06-04,344.0,345.45001220703125,327.1000061035156,331.6499938964844,247127
2021-06-07,334.0,336.75,324.0,326.1000061035156,79610
2021-06-08,327.8999938964844,333.54998779296875,320.70001220703125,330.20001220703125,65358
2021-06-09,334.0,339.0,328.5,330.29998779296875,95824
2021-06-10,328.0,338.0,325.1000061035156,332.29998779296875,52309
2021-06-11,332.29998779296875,340.0,332.29998779296875,334.75,44344
2021-06-14,339.0,349.8999938964844,334.75,338.45001220703125,291657
2021-06-15,339.5,346.45001220703125,339.0,340.29998779296875,55408
2021-06-16,343.70001220703125,354.0,328.0,330.3500061035156,735478
2021-06-17,333.0,336.25,322.0,324.20001220703125,196627
2021-06-18,326.1000061035156,335.5,318.25,322.0,146568
2021-06-21,322.0,322.79998779296875,316.20001220703125,319.29998779296875,66798
2021-06-22,323.0,333.8999938964844,320.6499938964844,326.0,115195
2021-06-23,329.0,330.3999938964844,318.0,320.79998779296875,90006
2021-06-24,322.5,325.8500061035156,319.0,319.45001220703125,43319
2021-06-25,323.6499938964844,324.0,318.0,318.8500061035156,42642
2021-06-28,323.6499938964844,324.0,311.0,320.45001220703125,74816
2021-06-29,322.95001220703125,338.0,321.79998779296875,333.6000061035156,322098
2021-06-30,337.04998779296875,350.0,334.1499938964844,336.3500061035156,492825
2021-07-01,339.0,350.0,333.75,337.25,198729
2021-07-02,340.0,348.1000061035156,337.25,342.29998779296875,188131
2021-07-05,346.8999938964844,364.0,345.54998779296875,357.45001220703125,489383
2021-07-06,359.29998779296875,374.8999938964844,354.0,360.29998779296875,535000
2021-07-07,363.8500061035156,368.0,355.20001220703125,360.75,129299
2021-07-08,361.0,366.1000061035156,358.5,362.45001220703125,98754
2021-07-09,359.1000061035156,363.45001220703125,357.3500061035156,361.04998779296875,44409
2021-07-12,363.8999938964844,373.95001220703125,360.04998779296875,368.95001220703125,101434
2021-07-13,374.0,391.0,371.0,378.95001220703125,526931
2021-07-14,379.04998779296875,382.1499938964844,375.3500061035156,378.1499938964844,88642
2021-07-15,378.1499938964844,381.0,374.0,380.20001220703125,61888
2021-07-16,380.20001220703125,389.0,379.3500061035156,382.1000061035156,70119
2021-07-19,379.0,380.95001220703125,374.0,375.70001220703125,45341
2021-07-20,377.0,378.1499938964844,357.25,362.6499938964844,72977
2021-07-22,368.79998779296875,369.0,358.5,364.75,67875
2021-07-23,368.95001220703125,368.95001220703125,361.1499938964844,363.3500061035156,52700
2021-07-26,366.0,366.20001220703125,361.0,361.6499938964844,58987
2021-07-27,363.5,366.0,359.0,362.1000061035156,80696
2021-07-28,363.0,367.45001220703125,359.0,363.5,77119
2021-07-29,364.0,367.04998779296875,357.04998779296875,360.5,100044
2021-07-30,360.5,408.29998779296875,360.0,383.0,3348040
2021-08-02,386.95001220703125,393.0,375.29998779296875,377.29998779296875,232667
2021-08-03,381.45001220703125,389.8999938964844,370.0,372.54998779296875,224560
2021-08-04,374.8999938964844,376.1499938964844,360.54998779296875,364.1000061035156,103064
2021-08-05,362.5,363.8500061035156,350.6000061035156,353.20001220703125,300065
2021-08-06,353.20001220703125,367.29998779296875,352.0,362.29998779296875,170527
2021-08-09,362.3999938964844,374.0,356.1000061035156,360.1499938964844,146481
2021-08-10,359.79998779296875,362.45001220703125,342.70001220703125,349.45001220703125,135551
2021-08-11,349.45001220703125,358.5,345.1000061035156,356.3999938964844,121999
2021-08-12,359.0,362.3999938964844,356.3999938964844,359.25,36716
2021-08-13,363.95001220703125,364.0,356.0,359.25,34788
2021-08-16,362.45001220703125,362.45001220703125,349.04998779296875,349.54998779296875,70510
2021-08-17,350.0,354.79998779296875,334.79998779296875,338.29998779296875,86430
2021-08-18,338.75,347.0,338.29998779296875,342.75,93305
2021-08-20,339.0,345.25,334.0,334.8500061035156,86445
2021-08-23,334.5,340.0,324.95001220703125,328.1000061035156,95493
2021-08-24,325.04998779296875,334.95001220703125,324.6499938964844,334.1000061035156,53084
2021-08-25,334.1000061035156,350.5,330.04998779296875,348.29998779296875,128653
2021-08-26,348.29998779296875,354.95001220703125,346.54998779296875,352.29998779296875,77603
2021-08-27,352.79998779296875,365.95001220703125,352.1499938964844,363.04998779296875,71861
2021-08-30,366.8500061035156,375.25,365.1000061035156,371.25,90426
2021-08-31,371.20001220703125,371.20001220703125,356.5,357.95001220703125,106420
2021-09-01,360.0,362.1000061035156,342.1000061035156,347.8999938964844,150020
2021-09-02,350.0,354.95001220703125,349.0,351.04998779296875,29770
2021-09-03,354.0,372.95001220703125,353.0,366.29998779296875,161640
2021-09-06,368.79998779296875,387.79998779296875,368.1000061035156,376.54998779296875,442325
2021-09-07,376.54998779296875,376.54998779296875,365.0,366.04998779296875,64332
2021-09-08,364.5,377.5,363.95001220703125,374.3500061035156,150233
2021-09-09,373.70001220703125,389.1499938964844,370.5,379.54998779296875,108344
2021-09-13,379.54998779296875,382.75,372.25,377.8500061035156,103771
2021-09-14,377.8500061035156,384.0,375.04998779296875,377.0,52344
2021-09-15,375.25,381.04998779296875,372.29998779296875,376.29998779296875,140845
2021-09-16,375.8999938964844,378.0,364.0,366.6000061035156,67253
2021-09-17,367.0,374.45001220703125,360.8999938964844,368.29998779296875,102970
2021-09-20,367.45001220703125,367.45001220703125,355.0,358.70001220703125,46408
2021-09-21,360.0,362.29998779296875,355.29998779296875,357.29998779296875,29924
2021-09-22,362.8999938964844,365.75,356.95001220703125,358.20001220703125,50378
2021-09-23,359.95001220703125,365.79998779296875,357.95001220703125,359.20001220703125,28827
2021-09-24,359.20001220703125,365.29998779296875,358.0,358.54998779296875,33791
2021-09-27,358.0,366.45001220703125,354.0,357.79998779296875,44997
2021-09-28,357.0,384.95001220703125,357.0,368.20001220703125,410640
2021-09-29,368.20001220703125,370.25,356.04998779296875,358.95001220703125,117085
2021-09-30,357.0,364.70001220703125,355.8500061035156,362.70001220703125,145673
2021-10-01,362.70001220703125,364.0,355.0,357.45001220703125,31594
2021-10-04,358.04998779296875,362.8500061035156,357.1499938964844,359.20001220703125,39985
2021-10-05,361.3999938964844,372.0,360.0,370.8500061035156,115505
2021-10-06,373.8999938964844,374.0,364.0,366.1000061035156,68823
2021-10-07,369.0,373.5,368.6499938964844,369.6000061035156,33570
2021-10-08,369.04998779296875,370.0,362.3999938964844,364.3999938964844,207388
2021-10-11,364.3999938964844,370.5,361.1000061035156,362.1499938964844,190705
2021-10-12,362.1499938964844,370.0,361.5,362.75,94082
2021-10-13,366.75,375.0,362.8999938964844,372.0,109489
2021-10-14,374.95001220703125,381.1000061035156,370.0,370.75,172181
2021-10-18,374.0,397.79998779296875,374.0,379.04998779296875,268804
2021-10-19,381.0,385.5,369.0,371.04998779296875,91252
2021-10-20,373.0,373.04998779296875,360.54998779296875,362.95001220703125,52114
2021-10-21,365.0,369.45001220703125,356.0,359.95001220703125,83600
2021-10-22,358.1000061035156,365.20001220703125,355.0,357.0,29129
2021-10-25,357.54998779296875,359.0,345.25,352.5,45923
2021-10-26,354.0,359.0,350.25,352.70001220703125,38532
2021-10-27,355.0,394.8999938964844,352.20001220703125,388.45001220703125,1968037
2021-10-28,387.5,429.0,381.5,417.70001220703125,3930056
2021-10-29,406.3500061035156,439.95001220703125,400.0,429.20001220703125,859272
2021-11-01,439.8999938964844,448.0,418.79998779296875,422.3999938964844,894550
2021-11-02,423.95001220703125,435.0,419.0,429.54998779296875,222652
2021-11-03,428.20001220703125,440.0,421.1000061035156,427.70001220703125,189646
2021-11-04,439.0,449.1000061035156,430.0,444.6000061035156,124322
2021-11-08,449.0,454.6499938964844,442.54998779296875,450.0,255430
2021-11-09,454.6499938964844,454.6499938964844,428.0,430.6499938964844,120487
2021-11-10,430.6499938964844,436.5,412.29998779296875,415.0,290119
2021-11-11,418.20001220703125,428.25,415.0,417.04998779296875,76220
2021-11-12,424.0,498.0,415.54998779296875,481.6499938964844,2364450
2021-11-15,481.8999938964844,533.0,481.8999938964844,527.4500122070312,1557907
2021-11-16,517.0999755859375,525.0,485.25,495.3999938964844,1087838
2021-11-17,494.0,517.0,481.0,511.95001220703125,397962
2021-11-18,509.95001220703125,514.75,479.25,490.8999938964844,228256
2021-11-22,497.20001220703125,523.5,491.04998779296875,504.95001220703125,594401
2021-11-23,510.20001220703125,522.0,505.5,510.04998779296875,240321
2021-11-24,514.9500122070312,524.0,488.04998779296875,493.1000061035156,224813
2021-11-25,499.0,515.0,492.1499938964844,511.95001220703125,233897
2021-11-26,508.0,509.70001220703125,471.0,479.20001220703125,119200
2021-11-29,476.0,488.79998779296875,439.04998779296875,442.8500061035156,172201
2021-11-30,452.79998779296875,522.0,447.29998779296875,481.75,2141803
2021-12-01,473.8500061035156,497.04998779296875,461.25,471.5,323176
2021-12-02,476.8999938964844,489.54998779296875,465.1499938964844,470.45001220703125,130129
2021-12-03,475.0,480.0,462.0,464.3500061035156,642177
2021-12-06,464.3500061035156,474.75,455.70001220703125,460.75,71800
2021-12-07,466.0,475.75,459.0,460.70001220703125,99205
2021-12-08,468.79998779296875,472.0,459.0,461.29998779296875,74978
2021-12-09,468.5,470.20001220703125,459.0,460.04998779296875,50325
2021-12-10,464.29998779296875,488.0,462.0,474.29998779296875,204767
2021-12-13,483.95001220703125,484.6499938964844,470.0,472.04998779296875,109354
2021-12-14,471.70001220703125,479.95001220703125,468.45001220703125,475.45001220703125,94159
2021-12-15,477.0,516.9000244140625,477.0,494.54998779296875,1082504
2021-12-16,494.0,508.8999938964844,483.0,502.1499938964844,373516
2021-12-17,499.45001220703125,503.8999938964844,463.04998779296875,468.1499938964844,271120
2021-12-20,463.0,480.0,441.0,473.04998779296875,183178
2021-12-21,484.95001220703125,495.8999938964844,473.20001220703125,486.70001220703125,209973
2021-12-22,482.6000061035156,497.95001220703125,480.6499938964844,484.1000061035156,105544
2021-12-23,486.95001220703125,495.0,481.45001220703125,487.8999938964844,92162
2021-12-24,494.0,494.0,467.0,470.1499938964844,141975
2021-12-27,473.5,473.95001220703125,461.0,462.70001220703125,86869
2021-12-28,464.0,474.3500061035156,462.0,464.29998779296875,79752
2021-12-29,466.0,485.0,463.0,476.1000061035156,156139
2021-12-30,476.25,504.8999938964844,471.6000061035156,476.29998779296875,505296
2021-12-31,479.1499938964844,486.0,472.29998779296875,482.25,108509
2022-01-03,486.5,503.0,480.6000061035156,491.95001220703125,276983
2022-01-04,493.79998779296875,509.0,486.20001220703125,490.20001220703125,233518
2022-01-05,489.79998779296875,489.79998779296875,484.04998779296875,485.8500061035156,81236
2022-01-06,481.0,488.0,477.79998779296875,485.3500061035156,139044
2022-01-07,482.29998779296875,547.0,482.20001220703125,532.0499877929688,1091423
2022-01-10,550.0,567.9000244140625,543.5999755859375,552.2999877929688,1540365
2022-01-11,550.0,586.0,532.0999755859375,572.0999755859375,1312415
2022-01-12,576.0,576.0,558.0,565.0499877929688,297174
2022-01-13,563.5999755859375,573.9500122070312,548.9000244140625,556.25,207679
2022-01-14,556.0,579.7999877929688,550.0999755859375,576.2999877929688,268628
2022-01-17,590.0,592.6500244140625,557.0,561.9000244140625,257250
2022-01-18,565.0,574.0,556.2000122070312,563.4000244140625,225693
2022-01-19,559.0,585.0,556.9000244140625,583.75,365201
2022-01-20,578.2000122070312,609.9000244140625,559.0499877929688,564.0499877929688,521862
2022-01-21,557.0,589.0,556.0,575.6500244140625,286170
2022-01-24,579.0,579.0,536.0,553.4000244140625,206382
2022-01-25,553.4000244140625,589.9500122070312,532.0999755859375,581.6500244140625,231537
2022-01-27,573.1500244140625,581.6500244140625,553.0,562.0999755859375,185064
2022-01-28,570.7000122070312,589.0,564.9500122070312,569.75,679200
2022-01-31,580.0,580.0,554.0,556.4500122070312,107343
2022-02-01,561.0,563.3499755859375,547.4000244140625,556.5999755859375,91455
2022-02-02,556.5999755859375,569.5,556.5,563.6500244140625,93862
2022-02-03,563.6500244140625,612.9000244140625,559.9000244140625,596.5,1440314
2022-02-04,603.4000244140625,606.7999877929688,570.0,573.3499755859375,452971
2022-02-07,571.2000122070312,574.7000122070312,548.0,563.0999755859375,368579
2022-02-08,564.0,569.7999877929688,556.5999755859375,560.4500122070312,187347
2022-02-09,562.0499877929688,570.0,556.4500122070312,563.9000244140625,120761
2022-02-10,565.0999755859375,567.0,544.0499877929688,547.7999877929688,89564
2022-02-11,540.0,559.1500244140625,530.0499877929688,535.4000244140625,157437
2022-02-14,532.5999755859375,535.0,490.04998779296875,492.70001220703125,292417
2022-02-15,488.6000061035156,527.9500122070312,476.45001220703125,524.2000122070312,338087
2022-02-16,529.9000244140625,534.0,511.3500061035156,520.7000122070312,93385
2022-02-17,520.9500122070312,525.0,505.0,508.79998779296875,133481
2022-02-18,510.0,518.0,495.20001220703125,508.6000061035156,91856
2022-02-21,500.0,506.04998779296875,481.04998779296875,489.45001220703125,175489
2022-02-22,488.0,489.45001220703125,465.54998779296875,468.20001220703125,203053
2022-02-23,472.8999938964844,488.5,472.8999938964844,480.75,154491
2022-02-24,459.20001220703125,469.54998779296875,441.8999938964844,454.1000061035156,233324
2022-02-25,461.3500061035156,481.79998779296875,458.3999938964844,470.79998779296875,141023
2022-02-28,468.0,474.45001220703125,451.1000061035156,469.95001220703125,182368
2022-03-02,460.0,467.20001220703125,456.0,461.95001220703125,128434
2022-03-03,469.6000061035156,470.3999938964844,441.75,445.1499938964844,142052
2022-03-04,438.04998779296875,438.45001220703125,412.95001220703125,419.1000061035156,569663
2022-03-07,410.1000061035156,410.1000061035156,382.04998779296875,395.95001220703125,367603
2022-03-08,401.0,405.0,386.95001220703125,401.70001220703125,197548
2022-03-09,405.45001220703125,410.8999938964844,394.0,405.1000061035156,248696
2022-03-10,420.0,424.3999938964844,406.8999938964844,410.0,200646
2022-03-11,412.0,428.0,406.3500061035156,422.8500061035156,164823
2022-03-14,424.8999938964844,425.95001220703125,412.25,418.25,176838
2022-03-15,422.6499938964844,427.95001220703125,411.75,415.3999938964844,169340
2022-03-16,422.0,444.79998779296875,422.0,435.45001220703125,502556
2022-03-17,443.0,455.79998779296875,430.20001220703125,431.8999938964844,662994
2022-03-21,435.0,435.8500061035156,426.0,429.6499938964844,165080
2022-03-22,431.95001220703125,438.75,424.5,435.1000061035156,157192
2022-03-23,435.5,438.0,420.0,422.8500061035156,161577
2022-03-24,420.0,427.5,417.0,419.20001220703125,161402
2022-03-25,423.8500061035156,423.8500061035156,405.79998779296875,408.54998779296875,142937
2022-03-28,406.0,414.29998779296875,394.0,398.1499938964844,383317
2022-03-29,400.0,418.8999938964844,399.25,416.45001220703125,318427
2022-03-30,423.0,439.45001220703125,418.8999938964844,437.45001220703125,269185
2022-03-31,440.0,443.70001220703125,425.8999938964844,431.0,144481
2022-04-01,427.0,433.6000061035156,422.0,427.3999938964844,223514
2022-04-04,439.8999938964844,443.70001220703125,428.54998779296875,440.45001220703125,315835
2022-04-05,447.0,457.0,442.1499938964844,445.1499938964844,205253
2022-04-06,442.0,478.75,440.1499938964844,468.1499938964844,606590
2022-04-07,471.8999938964844,476.0,457.0,462.5,264998
2022-04-08,468.0,477.3999938964844,459.54998779296875,473.95001220703125,227102
2022-04-11,476.45001220703125,483.0,473.0,477.75,175628
2022-04-12,475.0,480.0,465.0,476.3500061035156,152537
2022-04-13,478.0,485.0,466.6499938964844,469.1000061035156,90259
2022-04-18,461.0,468.70001220703125,455.95001220703125,460.04998779296875,97416
2022-04-19,461.25,475.1000061035156,431.04998779296875,441.25,194265
2022-04-20,442.45001220703125,449.8500061035156,433.0,443.45001220703125,126852
2022-04-21,444.6499938964844,470.0,444.6499938964844,465.95001220703125,224666
2022-04-22,464.0,467.0,454.0,456.45001220703125,78036
2022-04-25,451.5,454.0,445.6000061035156,448.29998779296875,41909
2022-04-26,453.54998779296875,459.0,444.70001220703125,451.45001220703125,121406
2022-04-27,447.0,449.75,440.25,445.5,32847
2022-04-28,446.8500061035156,456.0,441.95001220703125,446.3500061035156,76767
2022-04-29,446.3500061035156,466.0,446.1000061035156,460.8500061035156,181894
2022-05-02,459.45001220703125,478.25,458.70001220703125,470.1499938964844,268904
2022-05-04,480.0,481.3999938964844,450.0,457.6000061035156,121927
2022-05-05,460.1000061035156,470.0,453.04998779296875,453.95001220703125,80946
2022-05-06,444.8999938964844,444.8999938964844,430.79998779296875,436.79998779296875,127226
2022-05-09,429.29998779296875,435.0,421.6499938964844,431.29998779296875,78158
2022-05-10,431.0,439.8999938964844,410.04998779296875,414.54998779296875,81320
2022-05-11,414.54998779296875,422.0,399.04998779296875,403.3999938964844,108138
2022-05-12,402.95001220703125,408.0,381.0,387.75,141313
2022-05-13,390.6499938964844,410.5,390.6499938964844,405.0,226623
2022-05-16,404.45001220703125,414.45001220703125,398.1000061035156,411.25,76572
2022-05-17,413.0,434.0,410.04998779296875,428.6000061035156,124765
2022-05-18,429.0,433.8500061035156,418.29998779296875,424.79998779296875,163309
2022-05-19,416.0,436.75,399.29998779296875,425.1499938964844,186474
2022-05-20,431.6000061035156,434.3500061035156,423.5,427.79998779296875,62189
2022-05-23,428.6000061035156,454.70001220703125,427.79998779296875,445.1499938964844,150624
2022-05-24,445.1499938964844,459.0,438.0,456.70001220703125,184854
2022-05-25,456.70001220703125,459.45001220703125,429.29998779296875,436.20001220703125,142621
2022-05-26,470.0,478.1499938964844,436.0,441.45001220703125,1033815
2022-05-27,444.1000061035156,450.3999938964844,437.1499938964844,449.6499938964844,162433
2022-05-30,453.95001220703125,464.1499938964844,446.20001220703125,451.0,130424
2022-05-31,451.0,463.54998779296875,440.0,446.5,119605
2022-06-01,446.5,452.29998779296875,439.04998779296875,445.25,102392
2022-06-02,445.25,469.3999938964844,443.5,465.0,135777
2022-06-03,476.79998779296875,479.8999938964844,450.75,453.45001220703125,256822
2022-06-06,453.45001220703125,462.0,447.04998779296875,459.5,90360
2022-06-07,459.04998779296875,464.0,452.5,460.1000061035156,72190
2022-06-08,461.0,468.45001220703125,451.3500061035156,454.45001220703125,78186
2022-06-09,451.1499938964844,455.8999938964844,448.95001220703125,453.1499938964844,46556
2022-06-10,447.0,459.8999938964844,447.0,454.45001220703125,60477
2022-06-13,445.0,448.29998779296875,427.1499938964844,430.1499938964844,84402
2022-06-14,430.1499938964844,443.0,429.0,430.8999938964844,120981
2022-06-15,432.1000061035156,447.0,430.8999938964844,444.3999938964844,122732
2022-06-16,447.20001220703125,462.6499938964844,422.6499938964844,427.79998779296875,186305
2022-06-17,427.79998779296875,474.0,421.29998779296875,464.20001220703125,343013
2022-06-20,463.79998779296875,464.3500061035156,438.0,444.1499938964844,224978
2022-06-21,450.0,523.3499755859375,447.29998779296875,516.0999755859375,1737942
2022-06-22,500.04998779296875,521.9000244140625,480.6499938964844,498.5,1331821
2022-06-23,493.70001220703125,508.8999938964844,476.0,487.3999938964844,526757
2022-06-24,496.8999938964844,546.0,495.0,537.7999877929688,2324799
2022-06-27,544.0,558.0,533.2999877929688,544.5,1347101
2022-06-28,542.0,555.6500244140625,536.0499877929688,545.9500122070312,663725
2022-06-29,536.0,544.5999755859375,526.9500122070312,532.1500244140625,235711
2022-06-30,543.0,562.0,535.1500244140625,539.5999755859375,1123224
2022-07-01,536.7999877929688,549.0,530.25,545.25,261012
2022-07-04,545.0,553.5999755859375,536.5499877929688,540.0999755859375,180091
2022-07-05,543.7999877929688,583.0,541.75,577.1500244140625,1924908
2022-07-06,574.7000122070312,582.7000122070312,557.1500244140625,568.25,525669
2022-07-07,573.25,588.0,566.0,573.2999877929688,483888
2022-07-08,574.7999877929688,582.5999755859375,568.0,571.9500122070312,235062
2022-07-11,573.7999877929688,578.8499755859375,561.1500244140625,566.25,258334
2022-07-12,564.8499755859375,575.5499877929688,559.2000122070312,563.5,122273
2022-07-13,566.0,581.9500122070312,561.9000244140625,566.3499755859375,192078
2022-07-14,567.75,576.4000244140625,546.5,550.75,194434
2022-07-15,554.5,574.0,552.5,568.7000122070312,235200
2022-07-18,575.9500122070312,581.4500122070312,572.0,577.1500244140625,194376
2022-07-19,576.5,597.7999877929688,569.4500122070312,573.9000244140625,501210
2022-07-20,579.5499877929688,594.7999877929688,576.2999877929688,579.1500244140625,366364
2022-07-21,581.0,595.0,577.2999877929688,592.7000122070312,306742
2022-07-22,594.7999877929688,599.9000244140625,583.0,585.4000244140625,231562
2022-07-25,589.0,602.0,585.5499877929688,593.4000244140625,453116
2022-07-26,596.25,596.25,572.2999877929688,577.8499755859375,183925
2022-07-27,574.0999755859375,585.9500122070312,562.5999755859375,573.25,195461
2022-07-28,576.0,583.7000122070312,567.5999755859375,572.25,134083
2022-07-29,577.0,599.0,575.2999877929688,593.7999877929688,553396
2022-08-01,599.9000244140625,609.9500122070312,570.0499877929688,576.3499755859375,579212
2022-08-02,579.0,585.0,574.2000122070312,583.5999755859375,215005
2022-08-03,586.9000244140625,595.4000244140625,578.0999755859375,587.7000122070312,377133
2022-08-04,593.7000122070312,595.0,562.0999755859375,577.0499877929688,155720
2022-08-05,578.0,584.5,568.0999755859375,571.5,115295
2022-08-08,571.8499755859375,572.0,543.0499877929688,545.6500244140625,236648
2022-08-10,535.0,541.5,522.1500244140625,524.7000122070312,339118
2022-08-11,532.0,568.7000122070312,531.4000244140625,564.4500122070312,759069
2022-08-12,564.0,564.0,547.5499877929688,551.9500122070312,139858
2022-08-16,551.9500122070312,572.0,545.4000244140625,565.2000122070312,238163
2022-08-17,563.9500122070312,574.7999877929688,556.9500122070312,569.0499877929688,137510
2022-08-18,569.7000122070312,579.0,569.2000122070312,575.5499877929688,121646
2022-08-19,575.0,579.25,560.0499877929688,564.5999755859375,98361
2022-08-22,560.9500122070312,588.0999755859375,556.4000244140625,579.4000244140625,429285
2022-08-23,579.4000244140625,592.9000244140625,578.7999877929688,584.25,462294
2022-08-24,584.25,630.0,581.1500244140625,623.2000122070312,1975451
2022-08-25,634.0,648.5,626.0,632.7999877929688,1975918
2022-08-26,637.0,658.4000244140625,624.0,630.9000244140625,1374714
2022-08-29,621.0,643.0,611.0999755859375,634.9500122070312,762179
2022-08-30,642.7000122070312,654.0,633.0999755859375,639.7999877929688,656174
2022-09-01,637.4000244140625,645.9500122070312,631.5,639.4500122070312,463235
2022-09-02,639.4500122070312,673.1500244140625,631.75,644.25,1146080
2022-09-05,648.4000244140625,671.0,645.2999877929688,663.8499755859375,545294
2022-09-06,671.0,671.9500122070312,653.75,661.7999877929688,452581
2022-09-07,660.0,670.0,655.4000244140625,668.5,606449
2022-09-08,673.75,688.7999877929688,658.25,668.4000244140625,644830
2022-09-09,670.0,694.0,670.0,686.5,650475
2022-09-12,690.0,690.0,637.0,642.8499755859375,1009512
2022-09-13,634.0,660.0,630.2000122070312,656.25,820446
2022-09-14,650.1500244140625,664.9500122070312,640.0,644.8499755859375,597977
2022-09-15,651.0,651.0,633.5499877929688,634.75,342229
2022-09-16,637.9500122070312,637.9500122070312,583.5499877929688,605.6500244140625,4731202
2022-09-19,610.0,620.0,601.0999755859375,606.2999877929688,282156
2022-09-20,607.5499877929688,628.1500244140625,595.0499877929688,612.3499755859375,421345
2022-09-21,612.5,623.0499877929688,606.3499755859375,614.2999877929688,165246
2022-09-22,614.0,649.9500122070312,609.6500244140625,639.8499755859375,943473
2022-09-23,639.4500122070312,639.4500122070312,606.4500122070312,610.0999755859375,241909
2022-09-26,596.9000244140625,599.0,565.0499877929688,573.75,460383
2022-09-27,575.0,598.7000122070312,575.0,595.0499877929688,318839
2022-09-28,593.7999877929688,631.0,591.5999755859375,626.7000122070312,577498
2022-09-29,629.9500122070312,638.7999877929688,613.0499877929688,632.25,394787
2022-09-30,628.5999755859375,649.0,621.2000122070312,635.1500244140625,493038
2022-10-03,633.9500122070312,646.0,624.7999877929688,641.5999755859375,160025
2022-10-04,650.0,650.0,641.25,648.75,227114
2022-10-06,653.0,655.9500122070312,629.7000122070312,635.75,416403
2022-10-07,630.5499877929688,655.7999877929688,628.0499877929688,648.6500244140625,133925
2022-10-10,642.0,654.0,638.0,644.4000244140625,127720
2022-10-11,642.0,645.0999755859375,630.0,636.7000122070312,98993
2022-10-12,635.0,636.0,616.0499877929688,625.0,117235
2022-10-13,620.0,634.0,619.9500122070312,622.2999877929688,55338
2022-10-14,625.3499755859375,645.0,606.5999755859375,609.2000122070312,347261
2022-10-17,605.0,629.5999755859375,604.25,611.0999755859375,208585
2022-10-18,614.8499755859375,623.25,608.0,609.8499755859375,102684
2022-10-19,610.9500122070312,615.0,602.0,604.4500122070312,80227
2022-10-20,603.0,620.0499877929688,597.0,617.1500244140625,273503
2022-10-21,617.1500244140625,619.4500122070312,603.0,605.5,49546
2022-10-24,605.0,615.4500122070312,602.5999755859375,612.2999877929688,23492
2022-10-25,612.2999877929688,612.3499755859375,605.1500244140625,607.0999755859375,32213
2022-10-27,609.0,630.5999755859375,584.2999877929688,618.75,170230
2022-10-28,616.7000122070312,622.0999755859375,606.6500244140625,613.3499755859375,59184
2022-10-31,615.1500244140625,620.0999755859375,606.0,615.8499755859375,215100
2022-11-01,618.9500122070312,635.0499877929688,617.0,629.5,268272
2022-11-02,622.5,626.7999877929688,612.5,619.75,96994
2022-11-03,611.0,620.0,611.0,618.8499755859375,78710
2022-11-04,618.0,618.8499755859375,611.0,617.5,50577
2022-11-07,617.5,620.0,602.7000122070312,605.6500244140625,124874
2022-11-09,605.6500244140625,615.8499755859375,605.0,611.5499877929688,67575
2022-11-10,607.2000122070312,615.5,602.0,610.5999755859375,58555
2022-11-11,614.0,634.7000122070312,614.0,629.2000122070312,279938
2022-11-14,630.0,651.9000244140625,629.0,644.1500244140625,515586
2022-11-15,648.0,650.0,622.0,629.4000244140625,195047
2022-11-16,625.9000244140625,630.25,608.0,614.9000244140625,124037
2022-11-17,608.0,643.75,608.0,633.3499755859375,273205
2022-11-18,635.0,635.0,618.1500244140625,628.4500122070312,64360
2022-11-21,628.4500122070312,633.9500122070312,615.9500122070312,622.7999877929688,123016
2022-11-22,623.5,624.0,613.0,618.0,102037
2022-11-23,613.0,635.0,613.0,632.5499877929688,149849
2022-11-24,632.5,634.4000244140625,621.0,625.0499877929688,120264
2022-11-25,628.2000122070312,631.2000122070312,615.0,616.25,76307
2022-11-28,617.2000122070312,622.5499877929688,608.2000122070312,616.0499877929688,89816
2022-11-29,615.4500122070312,620.0,611.0,613.2000122070312,56262
2022-11-30,613.2000122070312,619.9000244140625,604.7999877929688,616.5499877929688,154785
2022-12-01,619.6500244140625,620.0,608.2000122070312,609.8499755859375,69301
2022-12-02,610.0,619.7999877929688,607.5,613.0999755859375,74711
2022-12-05,616.2000122070312,619.0999755859375,612.0499877929688,614.0499877929688,40434
2022-12-06,611.0,614.9000244140625,606.0,606.7999877929688,55714
2022-12-07,606.0,609.8499755859375,586.0,591.0999755859375,134397
2022-12-08,593.9000244140625,612.0,591.0,601.4000244140625,76802
2022-12-09,604.4500122070312,610.0,581.0,583.9500122070312,136529
2022-12-12,581.0,585.0,570.2999877929688,574.75,112506
2022-12-13,577.6500244140625,582.7000122070312,570.5,573.1500244140625,53099
2022-12-14,578.0999755859375,579.5499877929688,572.0,573.9000244140625,54374
2022-12-15,571.5499877929688,579.5499877929688,567.0,571.2000122070312,44982
2022-12-16,567.0,573.8499755859375,555.7999877929688,559.0499877929688,83414
2022-12-19,557.0,564.0,541.9000244140625,557.1500244140625,159190
2022-12-20,553.5999755859375,560.3499755859375,547.2000122070312,556.7999877929688,46818
2022-12-21,556.7999877929688,559.7000122070312,531.0,541.4500122070312,80292
2022-12-22,540.0,545.9000244140625,518.0999755859375,522.7999877929688,90603
2022-12-23,519.0,522.5499877929688,481.04998779296875,486.79998779296875,135445
2022-12-26,486.0,525.0,484.54998779296875,518.5,186457
2022-12-27,518.5,529.4000244140625,514.7000122070312,518.0499877929688,70410
2022-12-28,515.0,527.9500122070312,510.0,525.3499755859375,48975
2022-12-29,520.0,522.7000122070312,515.0499877929688,516.8499755859375,29301
2022-12-30,518.0,538.0,518.0,523.0,147265
2023-01-02,523.0999755859375,531.75,516.0499877929688,521.2000122070312,72931
2023-01-03,522.6500244140625,524.6500244140625,515.1500244140625,517.1500244140625,59947
2023-01-04,518.0,522.8499755859375,515.0,517.2999877929688,55374
2023-01-05,516.0999755859375,522.0,507.29998779296875,509.45001220703125,76448
2023-01-06,508.0,511.6499938964844,503.0,504.70001220703125,36096
2023-01-09,508.25,513.3499755859375,507.1000061035156,508.75,28671
2023-01-10,510.0,519.0,506.75,514.1500244140625,23665
2023-01-11,515.5999755859375,518.5,503.5,506.1499938964844,60683
2023-01-12,506.0,515.4000244140625,504.8500061035156,509.3999938964844,124828
2023-01-13,508.6000061035156,519.25,506.25,516.25,80748
2023-01-16,518.7999877929688,519.5,514.7000122070312,517.6500244140625,35150
2023-01-17,512.4500122070312,520.4500122070312,509.75,511.79998779296875,61892
2023-01-18,512.5,514.75,504.0,508.3500061035156,80820
2023-01-19,508.20001220703125,512.0,501.54998779296875,506.25,43388
2023-01-20,505.04998779296875,519.0,501.54998779296875,510.29998779296875,103089
2023-01-23,510.29998779296875,513.75,503.25,509.54998779296875,55162
2023-01-24,506.0,511.0,493.3500061035156,497.04998779296875,55341
2023-01-25,495.0,509.0,488.0,493.8999938964844,222776
2023-01-27,490.25,495.1499938964844,472.29998779296875,490.45001220703125,136896
2023-01-30,490.0,494.6000061035156,467.0,470.1499938964844,58927
2023-01-31,470.95001220703125,515.0,470.95001220703125,508.0,275864
2023-02-01,505.0,529.7999877929688,499.0,503.29998779296875,171052
2023-02-02,500.0,512.0,495.54998779296875,507.79998779296875,36568
2023-02-03,507.0,513.0,499.54998779296875,509.8999938964844,38053
2023-02-06,509.8999938964844,518.4500122070312,502.8500061035156,506.1499938964844,43340
2023-02-07,506.0,518.0,499.29998779296875,515.0499877929688,65964
2023-02-08,515.0499877929688,517.0,511.95001220703125,514.8499755859375,50681
2023-02-09,508.04998779296875,514.8499755859375,500.0,500.79998779296875,48631
2023-02-10,500.79998779296875,515.0999755859375,500.79998779296875,512.25,134449
2023-02-13,512.25,512.25,503.04998779296875,505.8999938964844,30169
2023-02-14,505.79998779296875,521.0,500.79998779296875,508.20001220703125,112075
2023-02-15,505.0,515.5499877929688,505.0,511.3500061035156,55489
2023-02-16,512.6500244140625,514.4500122070312,509.45001220703125,513.0499877929688,23072
2023-02-17,515.6500244140625,519.7000122070312,512.2000122070312,514.25,29863
2023-02-20,514.25,518.0,510.25,514.25,26576
2023-02-21,513.4500122070312,514.0,496.0,497.8999938964844,39741
2023-02-22,494.20001220703125,499.70001220703125,488.1000061035156,491.8500061035156,30964
2023-02-23,487.0,512.3499755859375,486.3500061035156,499.79998779296875,143373
2023-02-24,499.79998779296875,502.25,486.6499938964844,488.8500061035156,31604
2023-02-27,487.0,488.6499938964844,465.04998779296875,467.8500061035156,140721
2023-02-28,470.1499938964844,489.0,468.1000061035156,481.8500061035156,102076
2023-03-01,481.0,490.0,478.6000061035156,487.70001220703125,24851
2023-03-02,487.70001220703125,487.70001220703125,478.25,482.8999938964844,43670
2023-03-03,482.8999938964844,488.0,480.25,484.3500061035156,34208
2023-03-06,484.3500061035156,498.25,484.04998779296875,493.95001220703125,69278
2023-03-08,489.5,495.75,485.20001220703125,492.5,24951
2023-03-09,488.1000061035156,493.45001220703125,485.45001220703125,488.8500061035156,17502
2023-03-10,486.0,488.29998779296875,478.8999938964844,481.70001220703125,29812
2023-03-13,480.95001220703125,482.0,467.25,469.75,42272
2023-03-14,470.95001220703125,483.95001220703125,470.1000061035156,479.25,42756
2023-03-15,479.25,483.54998779296875,475.70001220703125,480.54998779296875,30662
2023-03-16,476.8999938964844,484.0,463.54998779296875,467.5,116785
2023-03-17,469.8500061035156,473.04998779296875,456.04998779296875,459.8500061035156,64321
2023-03-20,455.0,473.29998779296875,455.0,466.04998779296875,58510
2023-03-21,468.3999938964844,469.45001220703125,459.04998779296875,462.1499938964844,61373
2023-03-22,466.75,475.25,463.54998779296875,473.3500061035156,53950
2023-03-23,472.8500061035156,473.3500061035156,463.3500061035156,468.20001220703125,75115
2023-03-24,468.0,468.0,450.6499938964844,454.29998779296875,47853
2023-03-27,453.75,454.0,439.0,444.1000061035156,68538
2023-03-28,444.1000061035156,445.6000061035156,419.6499938964844,440.0,236517
2023-03-29,440.0,460.3999938964844,439.0,455.29998779296875,106235
2023-03-31,457.6000061035156,469.0,448.0,452.1499938964844,96626
2023-04-03,459.45001220703125,460.6499938964844,455.0,457.1499938964844,41384
2023-04-05,463.0,464.6499938964844,453.5,458.29998779296875,53732
2023-04-06,460.70001220703125,461.6000061035156,455.0,457.3500061035156,26065
2023-04-10,459.79998779296875,464.5,459.0,459.95001220703125,27257
2023-04-11,461.0,466.3500061035156,447.6000061035156,449.8500061035156,230862
2023-04-12,452.04998779296875,475.0,452.0,467.6000061035156,367934
2023-04-13,467.6000061035156,477.6499938964844,467.6000061035156,474.6000061035156,81607
2023-04-17,476.8500061035156,481.0,470.0,471.3500061035156,87683
2023-04-18,473.79998779296875,474.1499938964844,452.6499938964844,456.3999938964844,135584
2023-04-19,460.95001220703125,474.95001220703125,460.95001220703125,472.70001220703125,86565
2023-04-20,473.0,477.70001220703125,462.5,463.20001220703125,94289
2023-04-21,463.0,465.54998779296875,458.3999938964844,460.8999938964844,45153
2023-04-24,462.95001220703125,463.95001220703125,453.79998779296875,454.45001220703125,73839
2023-04-25,454.0,457.0,446.8500061035156,448.75,84240
2023-04-26,449.3999938964844,480.0,449.3999938964844,475.75,319700
2023-04-27,480.0,488.70001220703125,471.1000061035156,473.75,143542
2023-04-28,478.0,483.6000061035156,465.20001220703125,478.20001220703125,148778
2023-05-02,480.0,505.0,480.0,500.45001220703125,153488
2023-05-03,501.6499938964844,506.70001220703125,493.1499938964844,498.75,69440
2023-05-04,502.6000061035156,504.0,493.0,497.95001220703125,62034
2023-05-05,498.70001220703125,503.29998779296875,483.20001220703125,484.8500061035156,62614
2023-05-08,489.70001220703125,497.20001220703125,486.8999938964844,495.8500061035156,42099
2023-05-09,498.5,500.3500061035156,485.0,487.75,53353
2023-05-10,491.6000061035156,505.0,485.0,503.29998779296875,102845
2023-05-11,509.70001220703125,511.5,496.29998779296875,500.1000061035156,133694
2023-05-12,502.5,511.0,496.20001220703125,498.04998779296875,115740
2023-05-15,499.95001220703125,508.0,476.1000061035156,486.1499938964844,327172
2023-05-16,485.0,490.0,470.04998779296875,472.45001220703125,157475
2023-05-17,474.70001220703125,477.70001220703125,462.6000061035156,467.45001220703125,93780
2023-05-18,469.75,473.0,459.29998779296875,461.1000061035156,93642
2023-05-19,463.3999938964844,463.3999938964844,454.70001220703125,455.95001220703125,68550
2023-05-22,457.95001220703125,458.8999938964844,445.45001220703125,451.3999938964844,110901
2023-05-23,452.25,454.70001220703125,447.95001220703125,452.6000061035156,72414
2023-05-24,454.75,462.75,453.79998779296875,457.25,90669
2023-05-25,460.0,465.1000061035156,457.1000061035156,459.70001220703125,54490
2023-05-26,464.0,464.25,454.79998779296875,456.79998779296875,47011
2023-05-29,463.6499938964844,463.6499938964844,455.70001220703125,457.04998779296875,34761
2023-05-30,456.6499938964844,458.1000061035156,451.04998779296875,453.3999938964844,62674
2023-05-31,450.29998779296875,454.79998779296875,446.1499938964844,451.6000061035156,170085
2023-06-01,452.45001220703125,458.79998779296875,448.8500061035156,455.70001220703125,65783
2023-06-02,456.0,459.0,450.8500061035156,452.79998779296875,89050
2023-06-05,456.0,464.3999938964844,453.1000061035156,460.79998779296875,106214
2023-06-06,463.70001220703125,485.0,461.0,470.1000061035156,440833
2023-06-07,473.70001220703125,476.70001220703125,472.20001220703125,474.1000061035156,161486
2023-06-08,475.0,475.3999938964844,468.70001220703125,471.70001220703125,98766
2023-06-09,472.70001220703125,474.95001220703125,465.3999938964844,470.29998779296875,61915
2023-06-12,470.25,474.0,466.6000061035156,469.70001220703125,47509
2023-06-13,471.0,473.3500061035156,464.79998779296875,467.45001220703125,37075
2023-06-14,470.0,485.04998779296875,467.95001220703125,482.75,233054
2023-06-15,485.0,485.75,475.20001220703125,476.54998779296875,88189
2023-06-16,477.5,491.0,476.0,489.1499938964844,209882
2023-06-19,494.0,499.8999938964844,485.1000061035156,488.54998779296875,168875
2023-06-20,490.95001220703125,497.0,488.6000061035156,495.29998779296875,147466
2023-06-21,495.79998779296875,499.79998779296875,486.0,488.8999938964844,103285
2023-06-22,487.95001220703125,494.0,473.45001220703125,483.75,83975
2023-06-23,489.0,503.70001220703125,475.8500061035156,491.20001220703125,464706
2023-06-26,491.20001220703125,498.0,480.1499938964844,482.70001220703125,107467
2023-06-27,489.5,489.5,478.95001220703125,482.3999938964844,109392
2023-06-28,483.0,490.3500061035156,479.0,482.29998779296875,125733
2023-06-30,485.8999938964844,491.20001220703125,480.5,487.3999938964844,67842
2023-07-03,492.3999938964844,525.0,489.0,509.3500061035156,815502
2023-07-04,509.3500061035156,522.2000122070312,509.0,511.54998779296875,304967
2023-07-05,516.6500244140625,543.0,508.0,534.2000122070312,943496
2023-07-06,537.9500122070312,538.9500122070312,527.0999755859375,529.6500244140625,158326
2023-07-07,533.9500122070312,539.5,524.0499877929688,529.4000244140625,240773
2023-07-10,529.5,539.5,527.9500122070312,534.75,123529
2023-07-11,539.0,543.8499755859375,525.0499877929688,528.1500244140625,198314
2023-07-12,533.9500122070312,536.0999755859375,525.0499877929688,534.5999755859375,182979
2023-07-13,538.0,539.7000122070312,523.2000122070312,525.75,106165
2023-07-14,527.75,542.75,520.8499755859375,540.2999877929688,232503
2023-07-17,540.5,549.2000122070312,526.7999877929688,533.2999877929688,200268
2023-07-18,533.0999755859375,536.0,525.1500244140625,527.4500122070312,77210
2023-07-19,529.7999877929688,539.7999877929688,524.7000122070312,536.3499755859375,107916
2023-07-20,533.0,562.0,530.0,558.6500244140625,518293
2023-07-21,562.0,562.9000244140625,549.0,559.5499877929688,199538
2023-07-24,561.9500122070312,566.9500122070312,555.0499877929688,564.9000244140625,196508
2023-07-25,567.0,573.0,550.8499755859375,554.7999877929688,204986
2023-07-26,555.0,568.9000244140625,555.0,564.1500244140625,107881
2023-07-27,563.0,564.8499755859375,551.0,554.5,81149
2023-07-28,555.0,561.1500244140625,550.0999755859375,556.75,73346
2023-07-31,559.4500122070312,580.0,555.1500244140625,573.75,330777
2023-08-01,575.75,580.0,547.0999755859375,556.8499755859375,295297
2023-08-02,557.0,557.0499877929688,529.9000244140625,536.5499877929688,382607
2023-08-03,539.0,544.75,525.5499877929688,527.9500122070312,247960
2023-08-04,530.8499755859375,539.6500244140625,530.7999877929688,533.7999877929688,75521
2023-08-07,534.9500122070312,540.7000122070312,526.25,530.9500122070312,94591
2023-08-08,533.0,533.0,522.4000244140625,524.9000244140625,131937
2023-08-09,529.9000244140625,534.0499877929688,523.0999755859375,532.5999755859375,59238
2023-08-10,532.5499877929688,535.7000122070312,526.5,532.0,41567
2023-08-11,536.0,536.0,530.0,531.2999877929688,25255
2023-08-14,531.2999877929688,534.25,508.0,509.79998779296875,132224
2023-08-16,508.95001220703125,510.0,501.20001220703125,502.95001220703125,66653
2023-08-17,502.95001220703125,506.95001220703125,501.0,503.25,49423
2023-08-18,502.25,511.6000061035156,494.1000061035156,497.25,97773
2023-08-21,496.95001220703125,501.54998779296875,491.6000061035156,493.6000061035156,86650
2023-08-22,494.0,508.70001220703125,493.0,506.8500061035156,96299
2023-08-23,509.8999938964844,510.0,501.04998779296875,502.75,47648
2023-08-24,506.5,517.0,504.79998779296875,510.6000061035156,119631
2023-08-25,509.8999938964844,566.0,509.8500061035156,558.7000122070312,1373745
2023-08-28,571.0,597.0,562.0,592.4500122070312,1094763
2023-08-29,600.0,604.7999877929688,577.7999877929688,594.75,547018
2023-08-30,602.0,606.0,580.0499877929688,583.4500122070312,214588
2023-08-31,585.0,595.6500244140625,580.5999755859375,593.6500244140625,141980
2023-09-01,596.0,596.0,582.0,587.5499877929688,74587
2023-09-04,592.0,592.0,571.9000244140625,573.4500122070312,154793
2023-09-05,580.0,580.0,559.2000122070312,565.9500122070312,161153
2023-09-06,566.0,571.0,549.0,550.9500122070312,194438
2023-09-07,554.9500122070312,606.5999755859375,551.0,595.0499877929688,1560795
2023-09-08,596.5,597.9500122070312,582.1500244140625,584.4000244140625,174192
2023-09-11,585.0,591.0,573.25,575.0999755859375,118882
2023-09-12,579.9500122070312,579.9500122070312,552.0999755859375,564.2000122070312,163357
2023-09-13,565.7999877929688,565.7999877929688,550.0999755859375,554.75,107105
2023-09-14,559.0,579.8499755859375,558.75,576.7000122070312,244811
2023-09-15,576.7000122070312,607.0,570.5,600.5,357990
2023-09-18,604.9500122070312,628.4000244140625,604.9000244140625,623.4000244140625,929816
2023-09-20,630.0,651.0,619.3499755859375,625.2000122070312,1069233
2023-09-21,625.2000122070312,625.2000122070312,605.0,609.8499755859375,202384
2023-09-22,614.0,644.8499755859375,609.8499755859375,616.6500244140625,783177
2023-09-25,611.0999755859375,627.9000244140625,605.0,620.5999755859375,131869
2023-09-26,618.0,620.9500122070312,608.2999877929688,615.0499877929688,152673
2023-09-27,613.9500122070312,623.0499877929688,605.0,607.4000244140625,88749
2023-09-28,609.0,623.7000122070312,609.0,618.1500244140625,150082
2023-09-29,623.8499755859375,632.9500122070312,617.8499755859375,628.0999755859375,239664
2023-10-03,630.0,639.7999877929688,624.0499877929688,627.9500122070312,167208
2023-10-04,627.9500122070312,627.9500122070312,605.2000122070312,610.3499755859375,104266
2023-10-05,617.9500122070312,619.9000244140625,608.0499877929688,617.4500122070312,83798
2023-10-06,617.4500122070312,624.25,612.0,614.2999877929688,55365
2023-10-09,608.0,610.9500122070312,591.5499877929688,599.2000122070312,104751
2023-10-10,604.9500122070312,610.5,602.5,606.1500244140625,87736
2023-10-11,610.0,610.0,599.2000122070312,601.3499755859375,45572
2023-10-12,609.8499755859375,609.8499755859375,594.5,598.2000122070312,55434
2023-10-13,598.2000122070312,605.0,596.2000122070312,600.5499877929688,37103
2023-10-16,604.0,604.0,586.5999755859375,587.75,78178
2023-10-17,594.3499755859375,594.9000244140625,586.8499755859375,592.0,53771
2023-10-18,593.9500122070312,595.9500122070312,563.0,568.2999877929688,143174
2023-10-19,568.2999877929688,584.0,565.0999755859375,582.25,90504
2023-10-20,582.25,594.6500244140625,577.0,579.1500244140625,109870
2023-10-23,579.0999755859375,581.8499755859375,551.3499755859375,555.7999877929688,63097
2023-10-25,558.0,566.0499877929688,541.25,545.7000122070312,52926
2023-10-26,545.7000122070312,550.9500122070312,532.7000122070312,544.0499877929688,59869
2023-10-27,549.0,563.9000244140625,545.1500244140625,561.4500122070312,47591
2023-10-30,563.9000244140625,568.0,550.5,559.2000122070312,35986
2023-10-31,559.2000122070312,567.9500122070312,556.0,559.0999755859375,57633
2023-11-01,560.0,565.0,551.0499877929688,555.4500122070312,34441
2023-11-02,560.2999877929688,575.0499877929688,551.5499877929688,561.5499877929688,131907
2023-11-03,555.0,562.25,550.0999755859375,552.0999755859375,63538
2023-11-06,556.9500122070312,558.1500244140625,550.5,555.0,56090
2023-11-07,555.0,559.8499755859375,547.25,548.8499755859375,53131
2023-11-08,554.5999755859375,568.0,549.3499755859375,560.5,97803
2023-11-09,566.7000122070312,566.7000122070312,555.0999755859375,560.7000122070312,39570
2023-11-10,563.7999877929688,563.7999877929688,553.7999877929688,558.5999755859375,25603
2023-11-13,583.0499877929688,586.6500244140625,572.5,580.5499877929688,65959
2023-11-15,585.9000244140625,587.5499877929688,568.4000244140625,572.7999877929688,64540
2023-11-16,577.0,577.0,565.0,568.25,55097
2023-11-17,568.25,576.0,565.0499877929688,567.75,38722
2023-11-20,568.0,572.8499755859375,558.0499877929688,564.5499877929688,45689
2023-11-21,567.0,571.25,561.7000122070312,569.7000122070312,38587
2023-11-22,570.0,581.4000244140625,570.0,575.2999877929688,60238
2023-11-23,577.0,580.0,572.7000122070312,575.4500122070312,19833
2023-11-24,576.0,589.0999755859375,564.0999755859375,565.5999755859375,137273
2023-11-28,566.0,570.8499755859375,553.0,558.2000122070312,49715
2023-11-29,559.8499755859375,571.4500122070312,556.1500244140625,567.25,77686
2023-11-30,570.0,571.5,557.5999755859375,568.8499755859375,69786
2023-12-01,573.7000122070312,580.9500122070312,566.1500244140625,570.2999877929688,52908
2023-12-04,576.9000244140625,584.9000244140625,569.5,581.7000122070312,107875
2023-12-05,584.0,597.2999877929688,573.0999755859375,579.5999755859375,161602
2023-12-06,583.9500122070312,583.9500122070312,558.0,559.5499877929688,215948
2023-12-07,561.7999877929688,567.0999755859375,556.0499877929688,562.7999877929688,54453
2023-12-08,567.5,567.5,553.0,556.9000244140625,70653
2023-12-11,562.0,562.0,549.0,550.6500244140625,94351
2023-12-12,550.0,558.9000244140625,542.5999755859375,545.5499877929688,360148
2023-12-13,551.0,559.2999877929688,544.2999877929688,557.25,71857
2023-12-14,559.9000244140625,563.0,547.0999755859375,548.75,71740
2023-12-15,554.0,565.0,554.0,563.75,111925
2023-12-18,567.6500244140625,574.25,560.7000122070312,566.8499755859375,117014
2023-12-19,569.9000244140625,573.7000122070312,558.6500244140625,562.3499755859375,110501
2023-12-20,567.8499755859375,572.5,548.5999755859375,553.3499755859375,195074
2023-12-21,550.0,563.0,550.0,561.9500122070312,55167
2023-12-22,563.7999877929688,566.7000122070312,557.0,562.3499755859375,54403
2023-12-26,562.3499755859375,566.5999755859375,550.2000122070312,555.25,73602
2023-12-27,556.0,561.5499877929688,556.0,559.25,52960
2023-12-28,563.0,581.5,561.0499877929688,566.9000244140625,187504
2023-12-29,572.0,580.5,562.9500122070312,576.5999755859375,167233
2024-01-01,578.9500122070312,587.0,567.0999755859375,569.75,167523
2024-01-02,575.0,588.0999755859375,561.0499877929688,582.75,743574
2024-01-03,583.5,587.2000122070312,573.0,580.9500122070312,123174
2024-01-04,580.9500122070312,584.1500244140625,573.0999755859375,575.4000244140625,59734
2024-01-05,580.0,580.0,567.2000122070312,570.0999755859375,166235
2024-01-08,570.0999755859375,572.4500122070312,558.2999877929688,560.5999755859375,79599
2024-01-09,562.7999877929688,566.0999755859375,550.2000122070312,551.8499755859375,176554
2024-01-10,552.9500122070312,559.7999877929688,552.6500244140625,557.9000244140625,67525
2024-01-11,557.9500122070312,571.4500122070312,556.2000122070312,565.1500244140625,190955
2024-01-12,565.1500244140625,571.4500122070312,564.0,569.4500122070312,95896
2024-01-15,574.9000244140625,574.9000244140625,560.0,561.4500122070312,57537
2024-01-16,565.75,565.75,554.1500244140625,556.9500122070312,76271
2024-01-17,561.0,561.0,549.0,552.9500122070312,57010
2024-01-18,552.9500122070312,555.4000244140625,537.2999877929688,552.5499877929688,59838
2024-01-19,556.0,558.8499755859375,545.0,548.4500122070312,48844
2024-01-23,556.0,637.4500122070312,542.0,557.7999877929688,3091887
2024-01-24,559.9500122070312,588.8499755859375,556.5499877929688,580.7000122070312,646959
2024-01-25,580.7000122070312,596.0,559.0,569.5499877929688,467706
2024-01-29,565.0,568.5499877929688,538.0999755859375,539.25,368329
2024-01-30,540.6500244140625,546.5999755859375,521.2000122070312,523.1500244140625,416822
2024-01-31,527.5,537.2999877929688,524.0,524.9500122070312,347792
2024-02-01,530.1500244140625,539.2000122070312,510.0,516.3499755859375,376388
2024-02-02,521.0,536.0,519.0999755859375,523.1500244140625,259376
2024-02-05,527.7999877929688,542.5,520.7999877929688,536.4000244140625,257179
2024-02-06,537.0499877929688,555.9000244140625,537.0499877929688,545.7999877929688,208312
2024-02-07,545.7999877929688,553.75,545.0,547.0,80994
2024-02-08,550.0,559.9500122070312,536.1500244140625,539.0499877929688,215032
2024-02-09,544.8499755859375,549.8499755859375,532.5499877929688,546.6500244140625,142445
2024-02-12,552.9000244140625,553.25,517.2000122070312,520.2999877929688,140897
2024-02-13,528.0,542.75,511.04998779296875,534.2000122070312,199012
2024-02-14,532.0,549.7999877929688,532.0,545.5,118479
2024-02-15,545.5,552.0,537.4000244140625,540.1500244140625,171014
2024-02-16,542.0,549.0,541.5,543.6500244140625,58960
2024-02-19,545.2999877929688,547.4500122070312,535.0,538.7000122070312,54686
2024-02-20,541.9000244140625,541.9000244140625,535.2000122070312,536.8499755859375,44721
2024-02-21,538.7000122070312,539.9500122070312,528.0,531.0499877929688,58811
2024-02-22,532.7000122070312,539.9000244140625,526.7999877929688,535.9500122070312,97678
2024-02-23,539.9500122070312,540.0,531.7999877929688,535.8499755859375,67579
2024-02-26,536.5499877929688,540.2999877929688,529.1500244140625,536.0999755859375,106387
2024-02-27,535.0999755859375,538.9500122070312,532.4500122070312,535.7999877929688,52764
2024-02-28,539.9500122070312,540.0,529.2000122070312,535.25,107247
2024-02-29,529.9000244140625,540.9000244140625,525.0499877929688,535.4000244140625,113184
2024-03-01,541.0499877929688,542.0,528.5,532.5,133523
2024-03-04,535.0499877929688,537.5,528.0,534.4500122070312,52177
2024-03-05,534.4500122070312,537.5,528.2000122070312,534.8499755859375,49586
2024-03-06,534.0499877929688,535.4500122070312,518.0999755859375,520.2999877929688,205467
2024-03-07,524.2999877929688,529.0,518.0,520.9500122070312,66592
2024-03-11,520.9500122070312,527.2999877929688,510.54998779296875,523.0,121579
2024-03-12,522.0,524.6500244140625,516.4000244140625,517.6500244140625,75876
2024-03-13,517.6500244140625,521.9500122070312,507.0,512.5499877929688,159906
2024-03-14,510.0,532.4500122070312,506.0,519.8499755859375,112078
2024-03-15,520.4500122070312,523.1500244140625,505.29998779296875,509.5,58955
2024-03-18,509.0,515.75,505.0,506.5,35536
2024-03-19,506.5,523.4500122070312,501.54998779296875,516.25,445101
2024-03-20,516.25,520.2999877929688,508.6000061035156,511.20001220703125,288941
2024-03-21,513.5499877929688,526.0,513.5499877929688,520.4500122070312,77985
2024-03-22,520.4500122070312,533.9000244140625,515.5,530.7999877929688,61863
2024-03-26,533.0,540.0,524.75,528.7999877929688,100724
2024-03-27,529.4500122070312,540.0,529.4500122070312,533.8499755859375,155368
2024-03-28,533.0,543.4000244140625,531.75,536.3499755859375,96737
2024-04-01,540.0,558.8499755859375,538.0499877929688,553.1500244140625,111869
2024-04-02,550.0,572.7000122070312,550.0,563.0,204697
2024-04-03,564.6500244140625,564.6500244140625,555.0,559.25,57945
2024-04-04,555.0,575.0,555.0,567.5999755859375,199669
2024-04-05,573.0,617.0,572.4500122070312,595.5499877929688,3804993
2024-04-08,599.4000244140625,605.4000244140625,587.5499877929688,599.0,185490
2024-04-09,599.0,611.0999755859375,590.1500244140625,594.4500122070312,155506
2024-04-10,597.5,603.0,589.0,599.5999755859375,129362
2024-04-12,597.8499755859375,601.6500244140625,585.0,587.75,91249
2024-04-15,575.0999755859375,596.5499877929688,566.1500244140625,586.9000244140625,136355
2024-04-16,585.7999877929688,592.0,581.7999877929688,585.0999755859375,73828
2024-04-18,586.8499755859375,590.9000244140625,573.0499877929688,575.3499755859375,61419
2024-04-19,575.3499755859375,580.0,562.7999877929688,575.5,70908
2024-04-22,579.8499755859375,584.8499755859375,571.5,577.6500244140625,52413
2024-04-23,578.9500122070312,614.9500122070312,573.2000122070312,603.8499755859375,249643
2024-04-24,610.9000244140625,618.7000122070312,600.5,603.5,283879
2024-04-25,603.5,606.4000244140625,593.7000122070312,598.25,69976
2024-04-26,603.4500122070312,611.25,594.4500122070312,606.9500122070312,145135
2024-04-29,611.0,617.9500122070312,601.25,604.4500122070312,88203
2024-04-30,604.4500122070312,609.4500122070312,595.0,601.6500244140625,93639
2024-05-02,598.0499877929688,610.0,597.8499755859375,606.0499877929688,71497
2024-05-03,610.0,611.2999877929688,596.9000244140625,603.0,72701
2024-05-06,600.0999755859375,660.0,599.2999877929688,640.2000122070312,2640895
2024-05-07,646.0,647.0999755859375,621.0,623.1500244140625,338340
2024-05-08,621.8499755859375,638.0,613.4000244140625,628.6500244140625,167976
2024-05-09,635.7000122070312,645.0,606.25,614.0,236602
2024-05-10,617.5,618.9500122070312,602.8499755859375,608.1500244140625,193665
2024-05-13,613.7000122070312,613.7000122070312,584.0999755859375,588.5499877929688,179836
2024-05-14,592.0,611.0,590.0,603.1500244140625,143323
2024-05-15,605.0,627.0,594.9500122070312,613.7000122070312,414032
2024-05-16,614.9000244140625,620.0,600.75,606.25,88838
2024-05-17,606.3499755859375,614.0,602.8499755859375,607.7000122070312,68765
2024-05-21,607.0,610.0,596.0999755859375,598.7000122070312,54904
2024-05-22,594.0,602.2999877929688,591.0499877929688,595.0999755859375,43319
2024-05-23,594.0,598.8499755859375,591.1500244140625,592.5,41780
2024-05-24,592.5,621.9000244140625,591.0,604.1500244140625,105365
2024-05-27,604.1500244140625,609.4500122070312,591.0,592.75,68841
2024-05-28,590.0,595.9500122070312,575.9000244140625,582.75,62868
2024-05-29,578.7000122070312,590.2999877929688,576.7000122070312,588.5,39306
2024-05-30,588.5,599.9500122070312,584.5,591.3499755859375,81811
2024-05-31,592.9000244140625,604.2000122070312,582.3499755859375,588.0999755859375,78609
2024-06-03,598.0,598.0,582.0999755859375,594.3499755859375,90832
2024-06-04,594.3499755859375,596.9500122070312,540.0,575.3499755859375,130383
2024-06-05,582.0,585.0,557.9000244140625,580.4500122070312,69204
2024-06-06,582.0,600.9000244140625,582.0,592.4500122070312,73662
2024-06-07,598.0,615.4000244140625,592.5499877929688,601.9500122070312,96172
2024-06-10,605.75,612.4500122070312,602.0999755859375,605.0,54728
2024-06-11,605.0,633.9500122070312,603.0,616.7000122070312,364717
2024-06-12,624.0,624.0499877929688,614.0,617.4000244140625,76358
2024-06-13,619.9000244140625,623.0,609.8499755859375,617.0499877929688,86723
2024-06-14,622.5499877929688,628.2999877929688,615.6500244140625,620.0999755859375,115320
2024-06-18,625.5499877929688,673.4500122070312,620.0,669.5499877929688,1881722
2024-06-19,679.0,690.0,654.0,669.5,817671
2024-06-20,672.0,685.0,660.5499877929688,677.25,252028
2024-06-21,677.0,689.9500122070312,672.9500122070312,677.9000244140625,278017
2024-06-24,680.0,718.0,679.9500122070312,708.8499755859375,1137767
2024-06-25,715.0,722.0,697.0,701.4000244140625,246219
2024-06-26,707.5,708.25,681.5999755859375,684.5499877929688,185036
2024-06-27,691.4000244140625,697.0,672.5,676.5,176211
2024-06-28,670.0999755859375,684.7999877929688,667.6500244140625,671.0,97446
2024-07-01,678.0,699.0499877929688,674.5,687.5,230029
2024-07-02,692.0,692.9000244140625,680.0,682.2000122070312,75652
2024-07-03,688.2000122070312,701.5,679.0999755859375,699.75,287364
2024-07-04,701.0,706.4500122070312,683.0,688.5,127778
2024-07-05,694.0,698.7999877929688,679.9000244140625,690.4500122070312,97620
2024-07-08,694.0,694.0,668.1500244140625,673.0999755859375,99331
2024-07-09,677.9500122070312,694.0,672.0,676.2000122070312,124421
2024-07-10,678.7000122070312,681.4500122070312,654.0,664.25,108221
2024-07-11,670.0,672.3499755859375,659.9500122070312,664.5999755859375,86225
2024-07-12,670.0,670.0,645.5499877929688,653.25,213047
2024-07-15,654.9500122070312,659.7999877929688,648.0499877929688,649.5499877929688,81603
2024-07-16,649.9000244140625,659.4000244140625,645.25,646.75,80080
2024-07-18,647.9500122070312,652.2000122070312,635.0,636.2000122070312,63557
2024-07-19,640.0,640.0,615.0499877929688,617.5,140847
2024-07-22,614.0,661.4000244140625,608.0,643.5,391497
2024-07-23,643.5,704.75,642.9000244140625,695.2000122070312,1999669
2024-07-24,690.1500244140625,704.9500122070312,682.0999755859375,692.2999877929688,347611
2024-07-25,692.0,692.0,672.2000122070312,675.5499877929688,103329
2024-07-26,675.0,698.7999877929688,670.0,682.4500122070312,140037
2024-07-29,694.0,705.0,675.5499877929688,678.4500122070312,132954
2024-07-30,686.0,686.0,670.0,674.2000122070312,77663
2024-07-31,680.5,680.5,651.1500244140625,666.4000244140625,321502
2024-08-01,662.0,678.0,652.9500122070312,656.7999877929688,123695
2024-08-02,648.0499877929688,653.9000244140625,639.4500122070312,641.25,70703
2024-08-05,638.0,638.0,607.0,609.9500122070312,129344
2024-08-06,606.2999877929688,638.0,606.2999877929688,630.25,125530
2024-08-07,631.7000122070312,645.9500122070312,621.5,642.25,106924
2024-08-08,646.0,656.2999877929688,638.0,641.4500122070312,93920
2024-08-09,644.6500244140625,647.9500122070312,635.0,636.6500244140625,30160
2024-08-12,631.0,640.0,630.1500244140625,632.0499877929688,49942
2024-08-13,636.5499877929688,636.5499877929688,615.5999755859375,616.4000244140625,41201
2024-08-14,622.0,622.0,607.9500122070312,613.5499877929688,40623
2024-08-16,621.0,640.9500122070312,616.5,638.4500122070312,69900
2024-08-19,646.0,646.0,634.0,644.5,63527
2024-08-20,644.5,651.0,635.0,645.6500244140625,54805
2024-08-21,650.0,658.4000244140625,645.0,657.0499877929688,63651
2024-08-22,660.0,666.0,654.0,656.5,81228
2024-08-23,655.0,660.0,648.0,652.5999755859375,77308
2024-08-26,657.9500122070312,668.0,653.9500122070312,664.5999755859375,68987
2024-08-27,669.7999877929688,669.7999877929688,652.5,654.9500122070312,66120
2024-08-28,661.4500122070312,661.4500122070312,638.0,640.25,74819
2024-08-29,640.25,648.7999877929688,632.0,641.7999877929688,75335
2024-08-30,646.0,646.0,628.0,634.2999877929688,71358
2024-09-02,635.0,643.9500122070312,625.2999877929688,632.75,86088
2024-09-03,636.0,670.9000244140625,634.75,656.5,251879
2024-09-04,656.5,688.0,652.0,678.2999877929688,597149
2024-09-05,688.0,699.0,680.0,684.25,317963
2024-09-06,684.0,696.0,674.1500244140625,686.2000122070312,126349
2024-09-09,687.9500122070312,707.0,664.75,701.2999877929688,171730
2024-09-10,712.0,721.5999755859375,694.0999755859375,705.4500122070312,430872
2024-09-11,714.0,719.2000122070312,686.0,691.1500244140625,295264
2024-09-12,691.75,693.0,675.0499877929688,678.4500122070312,81455
2024-09-13,680.5999755859375,688.9500122070312,673.2000122070312,684.8499755859375,52383
2024-09-16,691.9000244140625,694.0,678.0,683.3499755859375,56044
2024-09-17,685.3499755859375,686.0999755859375,662.2000122070312,665.9000244140625,78498
2024-09-18,668.2000122070312,686.0499877929688,664.0,673.5999755859375,95209
2024-09-19,675.0,720.4500122070312,671.0499877929688,708.4500122070312,634022
2024-09-20,718.7999877929688,797.4500122070312,712.1500244140625,777.5499877929688,6307629
2024-09-23,777.5499877929688,833.9500122070312,777.5499877929688,820.6500244140625,3462434
2024-09-24,811.0,816.0,794.5,808.5,600032
2024-09-25,804.1500244140625,806.25,788.75,795.7999877929688,255377
2024-09-26,796.0,813.9500122070312,776.0499877929688,782.2999877929688,309703
2024-09-27,786.7000122070312,796.5,753.5999755859375,761.0499877929688,317076
2024-09-30,762.5,796.0,753.5499877929688,789.4500122070312,358345
2024-10-01,795.0,808.7999877929688,768.5,773.5999755859375,385569
2024-10-03,754.5,767.7999877929688,742.5,752.2000122070312,177705
2024-10-04,756.0,794.0,736.0,768.8499755859375,609186
2024-10-07,780.3499755859375,780.3499755859375,720.2999877929688,726.4000244140625,249466
2024-10-08,731.7999877929688,757.8499755859375,726.4000244140625,749.4000244140625,248895
2024-10-09,759.0,761.6500244140625,726.9500122070312,744.7999877929688,132371
2024-10-10,744.0,758.2999877929688,741.5999755859375,744.3499755859375,68780
2024-10-11,744.0,748.2999877929688,723.25,735.5,128007
2024-10-14,740.0,743.2999877929688,721.5999755859375,728.3499755859375,81910
2024-10-15,731.0999755859375,738.5999755859375,725.75,730.4500122070312,107416
2024-10-16,731.2000122070312,754.0,721.4000244140625,739.0999755859375,258047
2024-10-17,745.0,750.5499877929688,705.5499877929688,712.0999755859375,172125
2024-10-18,706.1500244140625,717.3499755859375,690.5999755859375,713.9500122070312,104102
2024-10-21,714.4500122070312,744.75,702.0,705.9000244140625,288089
2024-10-22,709.75,710.0,676.5999755859375,680.25,113712
2024-10-23,682.0,701.75,663.7000122070312,695.2000122070312,112035
2024-10-24,687.0,719.0,683.0999755859375,710.5499877929688,154049
2024-10-25,710.0,711.1500244140625,663.5999755859375,674.7000122070312,153411
2024-10-28,678.0,685.5499877929688,657.6500244140625,681.8499755859375,81629
2024-10-29,678.0,698.0,669.25,694.2999877929688,141727
2024-10-30,686.0,708.7999877929688,686.0,703.8499755859375,51016
2024-10-31,708.0,755.0,700.7000122070312,750.2999877929688,573414
2024-11-01,756.4000244140625,763.7999877929688,735.0999755859375,751.4500122070312,55698
2024-11-04,754.0,754.0,715.9500122070312,721.7999877929688,185874
2024-11-05,717.0,727.2999877929688,707.0,708.8499755859375,105895
2024-11-06,711.7999877929688,718.0,705.0,712.0999755859375,127130
2024-11-07,714.7999877929688,727.9000244140625,702.0,706.9500122070312,107067
2024-11-08,706.9500122070312,716.2000122070312,694.5999755859375,697.0,78348
2024-11-11,694.5999755859375,699.5,688.2000122070312,691.0999755859375,47169
2024-11-12,693.0,708.7000122070312,678.0,680.9500122070312,91510
2024-11-13,680.9500122070312,683.0499877929688,651.2000122070312,657.25,95773
2024-11-14,654.2000122070312,670.9500122070312,654.2000122070312,665.6500244140625,52612
2024-11-18,662.0,663.8499755859375,642.4500122070312,650.9000244140625,109885
2024-11-19,641.7999877929688,663.9500122070312,638.0,656.5,73932
2024-11-21,655.4000244140625,662.0,643.5499877929688,655.25,53935
2024-11-22,650.5,655.7000122070312,636.4000244140625,645.7999877929688,66956
2024-11-25,646.0,668.2000122070312,646.0,661.7000122070312,78248
2024-11-26,658.0,666.3499755859375,657.3499755859375,663.6500244140625,43710
2024-11-27,665.5499877929688,681.25,660.7999877929688,677.7999877929688,69901
2024-11-28,677.7999877929688,688.5999755859375,672.5499877929688,677.4500122070312,91255
2024-11-29,678.0,690.25,678.0,684.5999755859375,72939
2024-12-02,684.25,689.7999877929688,678.0,683.4500122070312,43042
2024-12-03,683.7000122070312,707.4500122070312,675.5499877929688,692.9000244140625,124989
2024-12-04,686.0,721.4000244140625,686.0,713.8499755859375,114530
2024-12-05,718.1500244140625,732.75,715.7000122070312,723.4000244140625,165742
2024-12-06,726.7999877929688,779.9000244140625,721.5499877929688,749.1500244140625,1419750
2024-12-09,742.8499755859375,767.5,740.0,751.0999755859375,233584
2024-12-10,751.0999755859375,797.9000244140625,749.0999755859375,791.2000122070312,442104
2024-12-11,797.0,803.9000244140625,770.0499877929688,773.25,190507
2024-12-12,773.25,781.7999877929688,757.75,765.2000122070312,64312
2024-12-13,759.0,768.9000244140625,745.25,764.0,72473
2024-12-16,752.3499755859375,773.9500122070312,752.3499755859375,763.25,58529
2024-12-17,732.5,763.25,732.5,745.5,124308
2024-12-18,740.0,753.0,736.5499877929688,750.4000244140625,49489
2024-12-19,737.0,764.0,734.2000122070312,760.0999755859375,86408
2024-12-20,764.0,767.4500122070312,751.5499877929688,757.0,108468
2024-12-23,758.9000244140625,762.0,741.2000122070312,752.5499877929688,69035
2024-12-24,753.0999755859375,755.5999755859375,739.0,746.3499755859375,41950
2024-12-26,747.0,752.0,734.2000122070312,747.2000122070312,51348
2024-12-27,750.8499755859375,754.9500122070312,740.0999755859375,747.2000122070312,40406
2024-12-30,750.3499755859375,772.7000122070312,742.3499755859375,758.3499755859375,141486
2024-12-31,756.4000244140625,768.9500122070312,748.4000244140625,762.7000122070312,88526
2025-01-01,764.0499877929688,769.7000122070312,751.2000122070312,754.9500122070312,38714
2025-01-02,754.9500122070312,766.0,750.0499877929688,752.6500244140625,31914
2025-01-03,756.0,797.0,720.4000244140625,730.25,1002566
2025-01-06,734.7999877929688,734.7999877929688,689.9500122070312,692.9000244140625,163342
2025-01-07,695.0,707.7000122070312,690.0499877929688,700.2999877929688,105540
2025-01-08,695.1500244140625,700.3499755859375,682.75,693.8499755859375,42445
2025-01-09,691.0,695.1500244140625,682.0499877929688,692.4500122070312,44473
2025-01-10,695.0,695.0,669.0,673.2999877929688,74821
2025-01-13,666.2999877929688,669.7000122070312,638.0,646.7000122070312,78331
2025-01-14,641.0,658.4500122070312,639.0,642.9500122070312,132368
2025-01-15,642.9500122070312,658.5999755859375,642.0499877929688,655.5499877929688,69275
2025-01-16,655.5,670.3499755859375,650.0999755859375,660.2000122070312,61804
2025-01-17,660.0499877929688,665.5499877929688,646.0,649.9500122070312,42991
2025-01-20,657.0,659.0,646.0,655.0499877929688,37983
2025-01-21,655.0,661.75,635.5499877929688,640.0499877929688,39072
2025-01-22,640.0499877929688,644.6500244140625,630.0999755859375,642.0499877929688,35114
2025-01-23,643.5499877929688,654.0,635.75,652.5999755859375,75779
2025-01-24,652.5999755859375,658.9000244140625,647.2999877929688,650.5,95570
2025-01-27,647.8499755859375,647.8499755859375,614.2000122070312,626.25,103187
2025-01-28,626.2999877929688,632.2000122070312,605.4000244140625,621.1500244140625,80453
2025-01-29,620.0,668.9500122070312,615.25,636.5,362549
2025-01-30,640.0,654.0,631.0999755859375,648.8499755859375,97049
2025-01-31,648.1500244140625,685.0,647.0,676.4000244140625,77691
2025-02-01,680.5999755859375,683.4000244140625,655.0,658.4500122070312,73067
2025-02-03,655.0,686.0,651.0,665.4500122070312,139161
2025-02-04,661.0,673.9000244140625,659.7000122070312,666.6500244140625,49049
2025-02-05,671.0,671.0,660.0499877929688,663.0499877929688,37010
2025-02-06,662.0499877929688,669.8499755859375,658.5,668.0,48497
2025-02-07,670.0,670.0,658.0499877929688,665.5999755859375,25989
2025-02-10,652.0499877929688,671.7000122070312,649.7000122070312,664.9000244140625,103632
2025-02-11,661.0,662.0,636.2999877929688,644.0499877929688,49052
2025-02-12,646.0,648.0,621.0,629.1500244140625,95129
2025-02-13,629.0,651.25,626.0499877929688,641.4000244140625,89900
2025-02-14,641.8499755859375,647.5,622.25,633.8499755859375,106185
2025-02-17,621.0,652.7999877929688,619.0999755859375,649.4000244140625,86646
2025-02-18,650.0,677.0999755859375,631.3499755859375,667.4000244140625,271915
2025-02-19,664.0,685.3499755859375,656.7999877929688,683.6500244140625,134306
2025-02-20,682.0,727.0,674.75,714.0,365803
2025-02-21,717.7999877929688,725.5,652.2000122070312,673.2999877929688,528020
2025-02-24,661.0,696.5,660.0,683.2999877929688,393251
2025-02-25,679.9000244140625,691.9500122070312,674.2000122070312,677.5999755859375,62230
2025-02-27,670.0,676.6500244140625,654.0,657.1500244140625,62282
2025-02-28,650.0,652.5499877929688,608.7999877929688,615.7000122070312,316822
2025-03-03,616.0,622.5,590.0,603.75,103261
2025-03-04,601.0499877929688,615.9500122070312,588.0499877929688,603.4500122070312,73937
2025-03-05,601.7999877929688,620.0999755859375,601.7000122070312,616.75,47156
2025-03-06,620.0999755859375,637.25,619.9500122070312,634.0999755859375,44242
2025-03-07,640.3499755859375,672.2999877929688,626.1500244140625,632.5499877929688,396995
2025-03-10,632.7999877929688,638.9000244140625,602.9000244140625,607.0499877929688,81079
2025-03-11,607.0499877929688,612.4000244140625,598.0499877929688,604.1500244140625,50890
2025-03-12,601.5499877929688,608.4500122070312,585.5499877929688,595.0,69048
2025-03-13,598.9000244140625,598.9500122070312,581.5499877929688,584.7999877929688,35811
2025-03-17,588.0499877929688,589.9500122070312,576.7999877929688,579.3499755859375,46686
2025-03-19,605.9000244140625,614.2000122070312,605.2000122070312,611.1500244140625,50220
2025-03-20,615.0,629.6500244140625,612.2000122070312,621.5,74093
2025-03-21,625.0999755859375,631.7000122070312,618.0,627.7999877929688,82517
2025-03-24,626.1500244140625,638.0,626.1500244140625,634.5999755859375,70975
2025-03-25,638.0,639.5499877929688,620.0499877929688,629.0,100426
2025-03-26,630.0,630.0,610.0499877929688,612.8499755859375,52048
2025-03-27,606.0,614.2999877929688,599.3499755859375,602.1500244140625,118150
2025-03-28,605.0,611.6500244140625,595.7999877929688,602.0499877929688,76384
2025-04-01,598.0,608.0,596.0,604.0999755859375,34587
2025-04-02,609.25,622.9500122070312,600.0,618.2000122070312,57976
2025-04-03,614.0,628.8499755859375,606.0,621.4000244140625,47091
2025-04-04,623.0999755859375,638.0,606.5,614.0499877929688,302468
2025-04-07,597.0,627.0,578.6500244140625,621.4000244140625,184235
2025-04-08,630.0,630.0,615.5999755859375,619.25,29859
2025-04-09,624.5,624.5,610.0,619.75,33467
2025-04-11,622.0,667.0,621.7999877929688,662.75,346310
2025-04-15,666.0,678.0,662.75,672.1500244140625,90555
2025-04-16,672.1500244140625,675.9500122070312,661.2999877929688,667.4500122070312,28516
2025-04-17,662.0999755859375,673.0,656.0499877929688,666.9500122070312,32364
2025-04-21,668.2000122070312,675.0,659.25,671.25,50649
2025-04-22,677.1500244140625,742.4000244140625,669.0,715.2999877929688,4635706
2025-04-23,705.0999755859375,716.9500122070312,700.0,705.5999755859375,248336
2025-04-24,698.0,714.2999877929688,696.5499877929688,701.8499755859375,99599
2025-04-25,708.5999755859375,714.9000244140625,687.7999877929688,704.75,389978
2025-04-28,703.7000122070312,738.4000244140625,698.0499877929688,727.8499755859375,293327
2025-04-29,727.8499755859375,748.7000122070312,720.0,743.6500244140625,208336
2025-04-30,743.6500244140625,748.2999877929688,728.0999755859375,733.9000244140625,158309
2025-05-02,737.0,737.0,718.4500122070312,726.75,87680
2025-05-05,739.8499755859375,740.0,728.7999877929688,736.7000122070312,68085
2025-05-06,736.5999755859375,749.7000122070312,720.0499877929688,726.3499755859375,86819
2025-05-07,703.0999755859375,754.5,703.0999755859375,751.9000244140625,143764
2025-05-08,752.0,754.9000244140625,720.5,723.3499755859375,57649
2025-05-09,705.0,719.8499755859375,702.0499877929688,712.5499877929688,72065
2025-05-12,723.0,748.0499877929688,723.0,742.2000122070312,66726
2025-05-13,742.0,752.4000244140625,736.2999877929688,749.1500244140625,45383
2025-05-14,752.7999877929688,780.5999755859375,743.0499877929688,770.7000122070312,242306
2025-05-15,779.9000244140625,779.9000244140625,756.0999755859375,758.9000244140625,60622
2025-05-16,763.0,763.0,745.0999755859375,750.7999877929688,49680
2025-05-19,750.0,756.7000122070312,725.5999755859375,744.4500122070312,136071
2025-05-20,745.0499877929688,752.6500244140625,734.0,735.0499877929688,31498
2025-05-21,736.0,762.0,722.7999877929688,729.0499877929688,172870
2025-05-22,727.0,735.7999877929688,705.2000122070312,711.0,121426
2025-05-23,703.0,721.0,703.0,712.5499877929688,108031
2025-05-26,718.2999877929688,733.0499877929688,711.25,728.5999755859375,79100
2025-05-27,732.0999755859375,750.9000244140625,717.0,742.7999877929688,149810
2025-05-28,746.4000244140625,747.1500244140625,718.75,721.7999877929688,80346
2025-05-29,722.0,779.0,720.2999877929688,765.4000244140625,1282272
2025-05-30,765.4000244140625,773.5,741.0,748.25,222047
2025-06-02,744.5499877929688,754.7999877929688,742.0,750.9500122070312,42250
2025-06-03,753.0,753.0,726.0499877929688,731.25,105116
2025-06-04,728.0,739.9500122070312,728.0,730.9500122070312,43267
2025-06-05,730.9500122070312,738.3499755859375,729.0,733.4000244140625,35140
2025-06-06,739.0,759.4000244140625,725.0,742.4500122070312,183077
2025-06-09,741.0,747.0,734.0,738.0999755859375,99322
2025-06-10,742.0,752.4000244140625,729.9000244140625,738.9000244140625,139053
2025-06-11,739.7999877929688,771.5499877929688,738.7999877929688,761.4500122070312,365699
2025-06-12,761.4500122070312,770.8499755859375,740.0999755859375,748.9500122070312,139609
2025-06-13,734.0,743.7999877929688,724.0499877929688,740.75,41177
2025-06-16,741.0499877929688,750.4000244140625,725.0,745.5499877929688,102098
2025-06-17,746.0,766.5,740.25,750.25,155000
2025-06-18,753.5499877929688,774.7999877929688,744.9500122070312,771.2999877929688,278995
2025-06-19,776.0,820.0,730.5999755859375,738.4500122070312,7683233
2025-06-20,740.0,752.0,704.2000122070312,711.0,1582856
2025-06-23,701.0,710.5,695.5,699.7999877929688,430397
2025-06-24,702.1500244140625,705.25,688.2999877929688,691.5999755859375,313011
2025-06-25,691.5999755859375,715.7999877929688,690.0,698.75,296197
2025-06-26,700.7000122070312,727.0,700.7000122070312,718.8499755859375,636985
2025-06-27,725.7999877929688,738.2999877929688,720.2000122070312,733.5,267392
2025-06-30,741.0,761.7999877929688,735.0,759.1500244140625,420220
2025-07-01,764.7999877929688,832.0,762.0999755859375,806.2999877929688,9895723
2025-07-02,805.7000122070312,842.0,775.0999755859375,830.5499877929688,3932562
2025-07-03,829.0,851.9500122070312,821.0,835.0999755859375,2198312
2025-07-04,832.0999755859375,854.7999877929688,820.2000122070312,847.8499755859375,1164317
2025-07-07,844.0,845.1500244140625,812.0,815.2000122070312,441758
2025-07-08,811.0,828.5,805.2000122070312,813.7000122070312,203668
2025-07-09,810.0999755859375,817.5999755859375,805.25,810.2999877929688,153842
2025-07-10,812.7999877929688,816.5,801.0499877929688,813.4500122070312,121287
2025-07-11,814.0,864.7000122070312,813.25,851.7000122070312,1632023
2025-07-14,855.0,859.9500122070312,829.3499755859375,835.8499755859375,502765
2025-07-15,840.5,856.2000122070312,836.0999755859375,843.7999877929688,305180
2025-07-16,843.0,859.9000244140625,838.0499877929688,850.7000122070312,228062
2025-07-17,853.7999877929688,876.4000244140625,847.9000244140625,873.0499877929688,851198
2025-07-18,873.0499877929688,873.6500244140625,838.0,842.0,314240
2025-07-21,842.0,847.0,829.4500122070312,833.5499877929688,122252
2025-07-22,840.0,847.0,830.8499755859375,841.2000122070312,139073
2025-07-23,841.2000122070312,856.7999877929688,831.9000244140625,854.0,188262
2025-07-24,854.9000244140625,859.75,839.1500244140625,848.2000122070312,120137
2025-07-25,848.0,848.7000122070312,830.2000122070312,836.2999877929688,127132
2025-07-28,836.9500122070312,843.5,825.0,833.7000122070312,104423
2025-07-29,820.0,835.9000244140625,819.9500122070312,831.7999877929688,92033
2025-07-30,838.0,857.0,811.0,849.0999755859375,770479
2025-07-31,830.0,850.2999877929688,825.0,840.0499877929688,136231
2025-08-01,840.5,848.7999877929688,810.0,814.7999877929688,87435
2025-08-04,814.7000122070312,832.9500122070312,808.5999755859375,830.2000122070312,284277
2025-08-05,832.9500122070312,852.25,820.7000122070312,839.5499877929688,356858
2025-08-06,842.0,847.6500244140625,815.4000244140625,828.0,79013
2025-08-07,828.0,841.0,810.0,835.8499755859375,135012
2025-08-08,830.0,835.25,820.25,826.0,83100
2025-08-11,826.0,836.5999755859375,815.5,820.2999877929688,51402
2025-08-12,818.0,828.9000244140625,814.0999755859375,818.0999755859375,34393
2025-08-13,821.9500122070312,828.0,812.1500244140625,821.7999877929688,83823
2025-08-14,828.0,845.0,810.0,837.0,122266
2025-08-18,845.0,876.4000244140625,840.0,867.9000244140625,365265
2025-08-19,870.0,875.0999755859375,861.7999877929688,872.3499755859375,171090
2025-08-20,871.9500122070312,875.1500244140625,864.0999755859375,873.5499877929688,159745
2025-08-21,870.0,901.0,855.5499877929688,859.9000244140625,764848
2025-08-22,859.0,887.5499877929688,858.9500122070312,882.8499755859375,258286
2025-08-25,888.0,895.5999755859375,873.25,884.4500122070312,200737
2025-08-26,880.0,887.7999877929688,867.1500244140625,873.4500122070312,161688
2025-08-28,862.2999877929688,874.0,847.4500122070312,867.8499755859375,157391
2025-08-29,869.5,872.5499877929688,832.8499755859375,836.2999877929688,228009
2025-09-01,838.4000244140625,870.9500122070312,838.4000244140625,858.9500122070312,560877
2025-09-02,867.8499755859375,867.8499755859375,838.2999877929688,843.6500244140625,88304
2025-09-03,844.0999755859375,853.5999755859375,834.0499877929688,836.2999877929688,83032
2025-09-04,840.9500122070312,849.0999755859375,810.9500122070312,815.4000244140625,108664
2025-09-05,816.8499755859375,820.4000244140625,805.5499877929688,810.25,71476
2025-09-08,812.9000244140625,840.0,806.3499755859375,834.25,107181
2025-09-09,834.0,884.0,826.7999877929688,875.7000122070312,824961
2025-09-10,876.8499755859375,885.0,855.3499755859375,859.0999755859375,339708
2025-09-11,859.9500122070312,866.4500122070312,847.0999755859375,862.1500244140625,97059
2025-09-12,861.8499755859375,865.75,845.1500244140625,846.9000244140625,77193
2025-09-15,865.0,899.0,851.0,893.7999877929688,605645
2025-09-16,904.9000244140625,906.9500122070312,876.0,887.75,354849
2025-09-17,885.0,905.0,883.25,901.3499755859375,282292
2025-09-18,901.0499877929688,922.2999877929688,898.5499877929688,916.75,407030
2025-09-19,916.0499877929688,916.0499877929688,871.0999755859375,878.5999755859375,553300
2025-09-22,882.9500122070312,890.7999877929688,876.5499877929688,885.1500244140625,117339
2025-09-23,884.0999755859375,920.9500122070312,882.6500244140625,916.25,484489
2025-09-24,916.25,932.7999877929688,907.7999877929688,913.5,320075
2025-09-25,909.5,933.0,906.25,909.6500244140625,217562
2025-09-26,913.5,926.5,886.1500244140625,906.7000122070312,398234
2025-09-29,895.5999755859375,904.2000122070312,865.8499755859375,875.2000122070312,369113
2025-09-30,877.7000122070312,895.0,840.0,855.7000122070312,356907
2025-10-01,865.4500122070312,880.0,856.9000244140625,868.5,207586
2025-10-03,876.2000122070312,898.0,870.0,895.5999755859375,173597
2025-10-06,903.7000122070312,905.5,875.0999755859375,878.5999755859375,86980
2025-10-07,885.3499755859375,887.6500244140625,870.0,872.3499755859375,61382
2025-10-08,875.0,877.5999755859375,862.0,867.0499877929688,45155
2025-10-09,871.9000244140625,874.5999755859375,863.0,865.5,44576
2025-10-10,867.9500122070312,910.9500122070312,866.4500122070312,899.9500122070312,379623
2025-10-13,895.0,908.0,879.9500122070312,899.1500244140625,188755
2025-10-14,905.0,907.5999755859375,891.25,899.8499755859375,89500
2025-10-15,899.8499755859375,910.75,879.7999877929688,901.7999877929688,177732
2025-10-16,903.8499755859375,951.0,899.5499877929688,913.7000122070312,1198454
2025-10-17,913.75,947.4000244140625,909.0499877929688,941.2999877929688,441464
2025-10-20,940.0,943.0,923.8499755859375,926.5999755859375,157821
2025-10-21,929.9500122070312,945.0,929.0,938.9000244140625,28365
2025-10-23,934.0,942.9000244140625,924.0,935.1500244140625,91815
2025-10-24,935.1500244140625,950.0,925.0999755859375,944.7000122070312,154922
2025-10-27,950.0,956.0,935.2000122070312,953.4500122070312,210579
2025-10-28,955.0,959.7000122070312,930.0,933.1500244140625,83052
2025-10-29,938.0,948.0,927.5499877929688,944.5,45587
2025-10-30,939.75,944.9000244140625,930.0499877929688,939.7000122070312,101861
2025-10-31,943.9500122070312,950.0,910.0999755859375,922.9000244140625,115812
2025-11-03,927.5,938.0,919.0,929.75,116127
2025-11-04,932.0,960.5,926.4500122070312,956.75,368252
2025-11-06,915.5,928.0,876.5,921.0,788812
2025-11-07,914.9500122070312,943.4500122070312,900.0,934.7999877929688,134790
2025-11-10,925.0,949.0,923.25,946.0999755859375,98879
2025-11-11,941.4000244140625,970.0,939.0,967.8499755859375,219092
2025-11-12,965.0,980.7999877929688,958.5,969.5499877929688,173571
2025-11-13,970.0,985.5999755859375,961.2999877929688,971.1500244140625,143184
2025-11-14,965.0,974.0,965.0,969.3499755859375,83068
2025-11-17,972.7000122070312,1005.0,968.0499877929688,998.5,202100
2025-11-18,1002.0999755859375,1012.5,981.5499877929688,1001.5,116509
2025-11-19,997.0,998.9000244140625,983.6500244140625,987.4000244140625,54856
2025-11-20,993.9000244140625,1002.0,990.0999755859375,997.3499755859375,85031
2025-11-21,997.0,1001.5999755859375,976.7999877929688,983.3499755859375,40995
2025-11-24,984.9000244140625,1074.0,980.0,1052.6500244140625,4789005
2025-11-25,1047.0,1047.0,1020.0999755859375,1029.25,342840
2025-11-26,1027.5999755859375,1036.699951171875,1005.0,1028.300048828125,151901
2025-11-27,1030.949951171875,1034.3499755859375,1019.2000122070312,1024.0999755859375,73037
2025-11-28,1025.0,1033.0,1017.0,1020.7000122070312,69822
2025-12-01,1031.0,1074.0,1025.800048828125,1057.9000244140625,442667
2025-12-02,1060.0999755859375,1073.4000244140625,1050.0,1066.4000244140625,252376
2025-12-03,1066.800048828125,1071.5,1030.0999755859375,1043.300048828125,73620
2025-12-04,1037.5,1055.0,1032.0999755859375,1051.9000244140625,64866
2025-12-05,1052.0,1055.4000244140625,1017.4000244140625,1027.0999755859375,97560
2025-12-08,1032.0,1055.0,1014.0999755859375,1028.300048828125,123766
2025-12-09,1028.300048828125,1031.0,989.7999877929688,1005.4000244140625,187471
2025-12-10,1000.0,1021.5999755859375,986.7999877929688,994.2000122070312,69457
2025-12-11,1000.0,1004.9000244140625,982.5,998.7999877929688,68850
2025-12-12,1000.9000244140625,1017.5,992.0,996.2000122070312,179756
2025-12-15,999.2000122070312,1011.9000244140625,999.2000122070312,1009.7000122070312,60966
2025-12-16,1010.0,1010.0,986.0999755859375,990.5,64813
2025-12-17,991.9000244140625,1009.5999755859375,990.0999755859375,993.7000122070312,67341
2025-12-18,1002.9000244140625,1002.9000244140625,955.5999755859375,982.0999755859375,135261
2025-12-19,983.9000244140625,1017.5999755859375,975.0,1008.7000122070312,760159
2025-12-22,1007.7000122070312,1010.5,992.9000244140625,1007.9000244140625,97033
2025-12-23,1015.7999877929688,1015.7999877929688,978.4000244140625,986.2999877929688,84583
2025-12-24,990.0,990.0999755859375,966.0,969.9000244140625,47997
2025-12-26,973.0,1002.7999877929688,962.7999877929688,995.5,108886
2025-12-29,988.0,988.0,945.0999755859375,963.9000244140625,321334
2025-12-30,967.9000244140625,1069.0,945.0,1037.5999755859375,1175718
2025-12-31,1031.0999755859375,1032.5,992.4000244140625,1015.0,305535
2026-01-01,1008.0,1018.9000244140625,992.5,997.5999755859375,62796
2026-01-02,999.0,1004.9000244140625,988.5999755859375,992.0999755859375,54590
2026-01-05,992.0999755859375,995.7999877929688,968.0,972.0999755859375,84077
2026-01-06,980.0,981.2999877929688,965.7999877929688,969.5,48670
2026-01-07,974.0,1020.0,963.0,1007.7000122070312,268710
2026-01-08,1000.0,1002.7000122070312,967.7000122070312,976.0999755859375,88277
2026-01-09,976.0999755859375,979.9000244140625,940.0,949.0999755859375,55729
2026-01-12,943.9000244140625,943.9000244140625,911.0,921.4000244140625,139861
2026-01-13,930.0,964.0,918.0,959.0999755859375,83575
2026-01-14,958.0,958.0,931.0,951.5,82754
2026-01-16,951.5,957.2999877929688,934.5999755859375,947.2999877929688,51977
2026-01-19,940.0,945.0,913.0999755859375,930.5999755859375,80001
2026-01-20,935.0,937.9000244140625,894.0999755859375,905.5999755859375,77064
2026-01-21,905.5999755859375,945.0,879.5,939.5,120259
2026-01-22,939.9000244140625,966.5,931.2999877929688,961.2999877929688,55865
2026-01-23,961.2999877929688,964.2999877929688,931.2000122070312,942.9000244140625,52985
2026-01-27,941.0,999.2000122070312,911.5,991.9000244140625,168336
2026-01-28,993.0,993.0999755859375,964.0999755859375,970.2999877929688,63203
2026-01-29,968.0,970.7000122070312,947.7999877929688,961.7999877929688,54586
2026-01-30,964.7999877929688,1023.0,946.5,1001.7999877929688,299450
2026-02-02,994.5999755859375,1015.0,962.2999877929688,992.2000122070312,95507
2026-02-03,1004.0,1015.7000122070312,985.5999755859375,992.7999877929688,97908
2026-02-04,992.7999877929688,994.0,959.0,963.2999877929688,77314
2026-02-05,967.9000244140625,980.4000244140625,962.0,968.9000244140625,51090
2026-02-06,961.9000244140625,982.2999877929688,936.9000244140625,976.2000122070312,75413
2026-02-09,970.0,981.7999877929688,963.2000122070312,979.2000122070312,87514
2026-02-10,984.0999755859375,984.4000244140625,968.2999877929688,977.9000244140625,36278
2026-02-11,981.0,990.0,970.0,979.5999755859375,42869
2026-02-12,975.0999755859375,979.5999755859375,965.2000122070312,972.9000244140625,19427
2026-02-13,962.0,964.5,950.0,958.0999755859375,28494
2026-02-16,953.0,955.9000244140625,932.9000244140625,937.4000244140625,33392
2026-02-17,937.4000244140625,961.9000244140625,927.0999755859375,956.2000122070312,51116
2026-02-18,956.2000122070312,958.9000244140625,944.0,950.7000122070312,15745
2026-02-19,950.7000122070312,956.9000244140625,930.0,933.7999877929688,22652
2026-02-20,935.0,954.0,928.4000244140625,948.4000244140625,29024
2026-02-23,948.4000244140625,960.0,930.7000122070312,951.9000244140625,59073
2026-02-24,940.9000244140625,941.0,923.4000244140625,933.5999755859375,38140
2026-02-25,935.9000244140625,939.5999755859375,924.7000122070312,931.4000244140625,46229
2026-02-26,933.0,943.0,926.7999877929688,938.7999877929688,48599
2026-02-27,935.0,939.0,880.5999755859375,900.7000122070312,247826
2026-03-02,865.0,887.5,840.25,850.8499755859375,152110
2026-03-04,840.0,868.7000122070312,815.0,860.2000122070312,188788
2026-03-05,859.0,860.0,826.0499877929688,843.5499877929688,105634
2026-03-06,831.0,843.9500122070312,825.0,828.8499755859375,45217
2026-03-09,800.0,844.9000244140625,785.0999755859375,835.7000122070312,118642
2026-03-10,838.9000244140625,890.0,826.7999877929688,879.25,184828
2026-03-11,880.0,887.5,858.0,864.5499877929688,26535
2026-03-12,864.4500122070312,867.9500122070312,837.4500122070312,856.2000122070312,30626
2026-03-13,852.0,852.0,825.0,830.0,33608
2026-03-16,825.0,844.9000244140625,814.0499877929688,839.7000122070312,44055
2026-03-17,840.0,856.75,832.3499755859375,839.9000244140625,64823
2026-03-18,841.0,955.0,841.0,864.4000244140625,11209621
2026-03-19,859.5,874.3499755859375,832.5,841.4000244140625,566173
2026-03-20,843.0,848.7000122070312,805.0499877929688,810.4500122070312,349611
2026-03-23,807.0999755859375,826.9500122070312,782.0999755859375,801.8499755859375,1034045
2026-03-24,807.9000244140625,822.9500122070312,775.0999755859375,813.0,207653
2026-03-25,817.5,846.5,811.2999877929688,836.75,137758
2026-03-27,835.0,836.4500122070312,805.5499877929688,817.0999755859375,114749
2026-03-30,806.0,818.4000244140625,776.0,784.4000244140625,163988
2026-04-01,814.0,828.4000244140625,800.0999755859375,822.7000122070312,90611
2026-04-02,814.9500122070312,824.0,790.75,821.5999755859375,72258
2026-04-06,815.0,825.0,799.0999755859375,815.9000244140625,286793
2026-04-07,816.0,819.0,801.7000122070312,805.4000244140625,50906
2026-04-08,838.0,860.7999877929688,827.75,854.6500244140625,124887
2026-04-09,860.0499877929688,869.7000122070312,844.8499755859375,858.75,76567
2026-04-10,868.9500122070312,879.9000244140625,864.0499877929688,869.8499755859375,50111
2026-04-13,859.0,859.0,824.5999755859375,828.0,339489
2026-04-15,834.0,859.8499755859375,831.7000122070312,850.2000122070312,447494
2026-04-16,850.2000122070312,860.0,848.0,849.9000244140625,94254
2026-04-17,855.0,858.7999877929688,833.8499755859375,851.25,267906
2026-04-20,851.25,855.7000122070312,838.0499877929688,843.7000122070312,77185
2026-04-21,843.75,861.8499755859375,842.7999877929688,853.9000244140625,123619
2026-04-22,858.8499755859375,864.9500122070312,853.9000244140625,861.1500244140625,63969
2026-04-23,860.0,869.7999877929688,851.0499877929688,854.0499877929688,56802
2026-04-24,854.2000122070312,869.3499755859375,831.0,834.0499877929688,51174
2026-04-27,835.9500122070312,858.0,835.9500122070312,854.9500122070312,88714
2026-04-28,850.0,868.9000244140625,850.0,866.5499877929688,88991
2026-04-29,876.0,887.2000122070312,846.5,850.5999755859375,105102
2026-04-30,852.9000244140625,863.8499755859375,826.0,836.25,165702
2026-05-04,844.5499877929688,852.9500122070312,822.7999877929688,842.8499755859375,140479
2026-05-05,849.9500122070312,856.0,831.5,841.5,70881
2026-05-06,845.0,849.25,833.0499877929688,841.4000244140625,78885
2026-05-07,849.9000244140625,857.3499755859375,842.0,845.4500122070312,99567
2026-05-08,846.0,852.2000122070312,835.0,836.0999755859375,51896
2026-05-11,836.0999755859375,839.0,825.5499877929688,830.5499877929688,93785
2026-05-12,835.0,835.0999755859375,807.4000244140625,813.0499877929688,77068
2026-05-13,808.0,824.0499877929688,798.5999755859375,814.9500122070312,89273
2026-05-14,821.9500122070312,828.7999877929688,803.2999877929688,821.5999755859375,77021
2026-05-15,828.0,828.0,805.5499877929688,819.6500244140625,101510
2026-05-18,815.1500244140625,815.2000122070312,793.9500122070312,802.7000122070312,71702
2026-05-19,800.5,845.9500122070312,796.4000244140625,837.75,136107
2026-05-20,835.4500122070312,835.4500122070312,820.7999877929688,828.9500122070312,26047
2026-05-21,834.5,860.9500122070312,832.1500244140625,852.7000122070312,105953
2026-05-22,854.0,871.4000244140625,850.0999755859375,856.0499877929688,76988
2026-05-25,856.0499877929688,866.0,850.2000122070312,853.0499877929688,43580
2026-05-26,855.0499877929688,896.9000244140625,853.0499877929688,891.5999755859375,277586
2026-05-27,895.7000122070312,950.3499755859375,892.0,918.5499877929688,1075958
2026-05-29,946.25,946.25,885.2000122070312,902.5999755859375,155898
2026-06-01,902.5999755859375,905.4500122070312,876.5499877929688,898.7999877929688,97056
2026-06-02,887.0,904.4500122070312,872.0,899.1500244140625,72297
2026-06-03,906.3499755859375,920.9500122070312,883.0499877929688,903.5,126702
2026-06-04,898.5499877929688,903.4500122070312,882.0,891.4000244140625,56363
2026-06-05,892.0,905.9500122070312,883.3499755859375,901.9000244140625,64779
2026-06-08,890.0,895.0,865.2000122070312,877.4000244140625,56301
2026-06-09,877.0,886.4500122070312,870.75,881.9000244140625,41665
2026-06-10,889.0,889.0499877929688,865.0999755859375,873.2000122070312,46894
2026-06-11,869.0499877929688,871.4500122070312,857.3499755859375,860.5499877929688,30408
2026-06-12,875.0,887.1500244140625,869.5499877929688,883.5999755859375,37938
2026-06-15,897.9000244140625,905.0,888.0499877929688,892.8499755859375,42685
2026-06-16,901.0,901.0,882.0,887.0,33555
2026-06-17,890.0,896.0,878.4000244140625,883.9000244140625,31732
2026-06-18,885.0,886.9500122070312,858.0,861.2999877929688,83802
2026-06-19,861.0,863.5999755859375,840.0,846.3499755859375,98893
2026-06-22,851.2000122070312,864.9500122070312,845.2000122070312,862.25,54533
2026-06-23,870.5,882.0,840.2000122070312,865.7000122070312,86541
2026-06-24,864.9500122070312,869.4000244140625,853.0,857.5499877929688,48842
2026-06-25,858.9500122070312,904.9500122070312,858.9500122070312,898.9000244140625,374570
2026-06-29,908.8499755859375,917.0,830.2000122070312,838.7999877929688,1015543
2026-06-30,844.0,860.1500244140625,841.0,850.2000122070312,123052
2026-07-01,855.2000122070312,864.0,850.5999755859375,855.0499877929688,56424
2026-07-02,859.0,892.9500122070312,855.25,888.8499755859375,204949
2026-07-03,892.0,892.0,871.0499877929688,873.6500244140625,53290
2026-07-06,882.0,882.0,855.2000122070312,872.0499877929688,65889
2026-07-07,872.0,879.7999877929688,866.5,870.7000122070312,26366
2026-07-08,870.0,903.0,866.5,876.4500122070312,160254
2026-07-09,878.9500122070312,897.5,876.0499877929688,891.5499877929688,76389
2026-07-10,900.0,927.1500244140625,899.9500122070312,914.9000244140625,379849
2026-07-13,917.7000122070312,933.0,907.0,924.0,138795
2026-07-14,924.0,927.0999755859375,909.7000122070312,923.0999755859375,100657
2026-07-15,920.0,940.0999755859375,910.7000122070312,917.5,191478
2026-07-16,928.0,928.0,892.0,897.9000244140625,93969
2026-07-17,891.2000122070312,904.5999755859375,876.0,881.2000122070312,91234
2026-07-20,882.0999755859375,895.7000122070312,866.5999755859375,889.8499755859375,54855
2026-07-21,894.25,905.5999755859375,889.0999755859375,893.8499755859375,52846
2026-07-22,893.7999877929688,897.9000244140625,885.0,886.5,21844
2026-07-23,879.0,886.25,866.5999755859375,872.4500122070312,62347
2026-07-24,874.0499877929688,892.0,863.9500122070312,888.2999877929688,43801
2026-07-27,899.0,899.0,872.75,878.1500244140625,119814
2026-07-28,880.0999755859375,882.9500122070312,865.2000122070312,870.5999755859375,47980
2026-07-29,873.0999755859375,880.2000122070312,862.5,878.75,97717
