Date,Open,High,Low,Close,Volume
2011-08-02,306.7850036621094,306.8999938964844,300.1099853515625,305.2149963378906,1771890
2011-08-03,301.5,306.8599853515625,301.0,302.32000732421875,668410
2011-08-04,301.114990234375,311.9949951171875,301.114990234375,309.1650085449219,537830
2011-08-05,309.1650085449219,309.5,301.20001220703125,305.8900146484375,1293720
2011-08-08,301.5050048828125,310.8999938964844,301.0,308.07000732421875,467250
2011-08-09,307.0,316.3999938964844,298.79998779296875,314.79998779296875,887490
2011-08-10,312.5,319.5,312.5,315.4849853515625,527200
2011-08-11,315.5,318.69500732421875,313.0350036621094,314.864990234375,255130
2011-08-12,317.9649963378906,324.4700012207031,315.3599853515625,322.9100036621094,1418620
2011-08-16,324.0,328.8999938964844,320.29998779296875,326.010009765625,699590
2011-08-17,326.5050048828125,328.8949890136719,321.93499755859375,324.45001220703125,1185290
2011-08-18,325.9949951171875,325.9949951171875,319.3949890136719,321.67498779296875,357200
2011-08-19,320.0,322.4949951171875,315.94500732421875,317.5350036621094,527920
2011-08-22,317.31500244140625,331.0,315.5950012207031,329.125,484660
2011-08-23,330.0050048828125,333.29998779296875,325.8999938964844,327.43499755859375,475920
2011-08-24,327.5,329.20001220703125,321.1000061035156,322.8399963378906,515090
2011-08-25,324.0050048828125,328.5,319.1700134277344,326.4800109863281,365180
2011-08-26,324.7950134277344,330.7650146484375,324.7950134277344,326.32000732421875,225950
2011-08-29,326.5799865722656,331.0,323.1000061035156,329.67999267578125,352570
2011-08-30,331.8900146484375,332.489990234375,325.1000061035156,328.6050109863281,388860
2011-09-02,326.0,332.7900085449219,324.5,326.0150146484375,889390
2011-09-05,324.5050048828125,332.18499755859375,324.5,327.1549987792969,1431550
2011-09-06,327.5,328.0,321.010009765625,325.8299865722656,859080
2011-09-07,325.82501220703125,327.8949890136719,321.125,322.125,350070
2011-09-08,322.1000061035156,323.19500732421875,315.6000061035156,318.1700134277344,653830
2011-09-09,319.1000061035156,322.70001220703125,316.2200012207031,318.864990234375,326490
2011-09-12,317.9949951171875,321.70001220703125,315.6050109863281,317.5950012207031,389660
2011-09-13,318.0050048828125,320.0,313.20001220703125,314.68499755859375,493860
2011-09-14,315.7850036621094,315.7850036621094,311.20001220703125,312.8349914550781,318930
2011-09-15,313.739990234375,314.5,310.8550109863281,312.635009765625,276010
2011-09-16,313.0,315.1000061035156,300.1300048828125,303.885009765625,785250
2011-09-19,304.0050048828125,306.79998779296875,302.80999755859375,305.0799865722656,367370
2011-09-20,303.1600036621094,310.5,303.1600036621094,307.7900085449219,385630
2011-09-21,308.7950134277344,310.8949890136719,307.0150146484375,309.3500061035156,228100
2011-09-22,305.0150146484375,313.0,305.0150146484375,310.1400146484375,428710
2011-09-23,309.9949951171875,315.0,307.5,309.0400085449219,731850
2011-09-26,309.0050048828125,312.2850036621094,304.1000061035156,308.1300048828125,268400
2011-09-27,312.5,312.5,307.5,309.69000244140625,254850
2011-09-28,311.9800109863281,314.5,309.1199951171875,313.4100036621094,416720
2011-09-29,312.6050109863281,317.0,310.5,315.42999267578125,1037900
2011-09-30,315.9949951171875,316.5,312.7049865722656,315.7550048828125,805400
2011-10-03,313.3450012207031,315.8999938964844,307.510009765625,312.94000244140625,509000
2011-10-04,311.114990234375,317.3999938964844,306.20001220703125,307.8500061035156,445760
2011-10-05,308.20001220703125,309.8949890136719,299.489990234375,302.8399963378906,690000
2011-10-07,308.4800109863281,315.489990234375,303.0050048828125,312.885009765625,721310
2011-10-10,312.7950134277344,318.79998779296875,311.2250061035156,317.29998779296875,562840
2011-10-11,319.8949890136719,320.989990234375,315.5,317.239990234375,271250
2011-10-12,318.68499755859375,320.0,316.0,317.5249938964844,335010
2011-10-13,319.79998779296875,320.79998779296875,316.5050048828125,317.17498779296875,796350
2011-10-14,310.1099853515625,317.95001220703125,262.68499755859375,314.6400146484375,174110
2011-10-17,317.9949951171875,319.3999938964844,312.5,313.6700134277344,215590
2011-10-18,314.0,314.0,309.70001220703125,310.30499267578125,167130
2011-10-19,311.9849853515625,314.45001220703125,308.8999938964844,312.68499755859375,263340
2011-10-20,311.5050048828125,317.0,311.5050048828125,315.70001220703125,224110
2011-10-21,321.5,321.5,300.0,301.54998779296875,1284980
2011-10-24,302.5050048828125,305.8999938964844,302.0,305.010009765625,443100
2011-10-25,304.5150146484375,309.8999938964844,300.0050048828125,306.55999755859375,470520
2011-10-28,303.0050048828125,319.8999938964844,303.0050048828125,306.1199951171875,2075940
2011-10-31,309.385009765625,317.70001220703125,303.20001220703125,315.9549865722656,1024170
2011-11-01,312.0,316.3999938964844,312.0,313.31500244140625,343500
2011-11-02,310.19000244140625,315.3999938964844,310.18499755859375,314.8999938964844,520090
2011-11-03,314.8999938964844,317.9700012207031,312.1000061035156,315.9549865722656,333770
2011-11-04,314.0249938964844,327.0,314.0249938964844,322.6000061035156,1366000
2011-11-08,321.5050048828125,325.6000061035156,315.20001220703125,316.0199890136719,691400
2011-11-09,317.8800048828125,321.4599914550781,310.04998779296875,311.6499938964844,413030
2011-11-11,311.7900085449219,316.79998779296875,304.6000061035156,305.7149963378906,664540
2011-11-14,309.69500732421875,314.5,307.29998779296875,309.8349914550781,559300
2011-11-15,309.8399963378906,312.3999938964844,301.0,303.6000061035156,235430
2011-11-16,302.1000061035156,312.0,299.20001220703125,309.55499267578125,665880
2011-11-17,310.4700012207031,311.0,302.1400146484375,304.17999267578125,540870
2011-11-18,304.5,309.885009765625,300.5150146484375,304.9150085449219,848100
2011-11-21,304.79998779296875,306.7699890136719,291.0,293.7799987792969,312320
2011-11-22,295.0050048828125,298.0,291.0,295.43499755859375,522600
2011-11-23,291.80999755859375,295.79998779296875,282.625,289.2699890136719,579200
2011-11-24,288.0,289.0,283.3999938964844,287.5350036621094,361640
2011-11-25,288.5,296.9949951171875,287.5,294.2799987792969,334250
2011-11-28,298.5,302.29998779296875,292.30499267578125,294.0,232790
2011-11-29,295.68499755859375,297.3900146484375,290.2049865722656,293.8500061035156,1102210
2011-11-30,292.8999938964844,294.79998779296875,286.1199951171875,287.93499755859375,823270
2011-12-01,290.0350036621094,298.0,275.70001220703125,279.6050109863281,1198300
2011-12-02,281.30499267578125,286.3399963378906,278.5,285.8450012207031,657450
2011-12-05,283.6099853515625,288.8999938964844,283.6099853515625,285.4049987792969,730820
2011-12-07,283.0,288.1000061035156,283.0,285.5950012207031,1069980
2011-12-08,283.0050048828125,287.4949951171875,281.79998779296875,283.2699890136719,1595270
2011-12-09,283.489990234375,285.8550109863281,281.0249938964844,283.0249938964844,543120
2011-12-12,284.3999938964844,285.8599853515625,279.1000061035156,282.82000732421875,624690
2011-12-13,280.7099914550781,285.8500061035156,278.2149963378906,280.3699951171875,1145990
2011-12-14,280.05499267578125,285.0,274.5,278.2950134277344,953480
2011-12-15,277.9750061035156,280.0,275.67999267578125,278.6199951171875,807780
2011-12-16,278.9200134277344,278.9200134277344,269.1099853515625,271.2699890136719,482820
2011-12-19,269.0050048828125,271.2650146484375,263.0050048828125,265.95001220703125,334960
2011-12-20,269.989990234375,274.8999938964844,264.5249938964844,264.95001220703125,531340
2011-12-21,269.9849853515625,271.8949890136719,265.1099853515625,268.75,393670
2011-12-22,272.0,277.5,265.20001220703125,275.82501220703125,240710
2011-12-23,276.0249938964844,276.9200134277344,264.0950012207031,266.32501220703125,540940
2011-12-26,264.7149963378906,269.5,264.1050109863281,266.30499267578125,280860
2011-12-27,265.5050048828125,269.20001220703125,265.5050048828125,267.0950012207031,777460
2011-12-28,267.0,271.80999755859375,255.0,259.9200134277344,891340
2011-12-29,261.4800109863281,264.0,256.0,262.6700134277344,1014870
2011-12-30,260.5,263.4549865722656,257.7099914550781,259.2349853515625,225310
2012-01-02,256.0,261.7950134277344,256.0,259.0299987792969,182450
2012-01-03,260.0199890136719,266.0,260.0150146484375,265.2300109863281,174850
2012-01-04,261.9049987792969,269.989990234375,261.9049987792969,267.4949951171875,341860
2012-01-05,267.3900146484375,269.0950012207031,266.0,267.1700134277344,719580
2012-01-06,264.80499267578125,268.4949951171875,264.510009765625,266.05999755859375,3815540
2012-01-09,266.6650085449219,270.0,266.6549987792969,267.57501220703125,430720
2012-01-10,268.8550109863281,269.5,264.5,265.6549987792969,338040
2012-01-11,268.8550109863281,272.989990234375,264.0,272.0299987792969,1111290
2012-01-12,273.8599853515625,279.8299865722656,272.0299987792969,273.6300048828125,676690
2012-01-13,271.80499267578125,279.7950134277344,271.80499267578125,277.2049865722656,570680
2012-01-16,276.29998779296875,277.8999938964844,273.6199951171875,274.8550109863281,179230
2012-01-17,273.0899963378906,277.5,272.20001220703125,273.55999755859375,528730
2012-01-18,274.95001220703125,275.6000061035156,271.0,272.3800048828125,205430
2012-01-19,276.67498779296875,276.67498779296875,271.5050048828125,273.2900085449219,191140
2012-01-20,273.29998779296875,275.0,271.0,273.2449951171875,660940
2012-01-23,276.0400085449219,283.4750061035156,275.0,281.875,1106890
2012-01-24,283.5,285.79998779296875,277.0,280.42999267578125,1114090
2012-01-25,282.8800048828125,286.30499267578125,279.5350036621094,284.8450012207031,2868410
2012-01-27,287.5,294.8999938964844,287.5,291.635009765625,1870510
2012-01-30,291.9700012207031,301.5050048828125,291.9599914550781,298.80999755859375,1515850
2012-01-31,292.4100036621094,304.0,292.4100036621094,299.5299987792969,638760
2012-02-01,303.0,303.0,291.29998779296875,293.5199890136719,1463970
2012-02-02,297.0,299.3999938964844,294.0,296.79998779296875,898140
2012-02-03,296.9849853515625,297.0,290.0,295.0299987792969,685600
2012-02-06,292.5050048828125,301.54998779296875,292.5,299.3599853515625,1137650
2012-02-07,299.5,300.7300109863281,294.7049865722656,295.8949890136719,668170
2012-02-08,294.0150146484375,301.5,294.0150146484375,297.06500244140625,2582610
2012-02-09,301.0400085449219,306.5,297.2049865722656,305.82000732421875,1357500
2012-02-10,306.5,312.79998779296875,306.5,309.94500732421875,1391900
2012-02-13,304.3999938964844,310.0,303.29998779296875,305.44500732421875,328260
2012-02-14,305.44500732421875,306.9800109863281,302.0050048828125,302.7200012207031,409890
2012-02-15,303.489990234375,310.4949951171875,301.79998779296875,303.1400146484375,466600
2012-02-16,304.0,308.489990234375,302.510009765625,306.82000732421875,991920
2012-02-17,308.0,311.3999938964844,304.5050048828125,305.44500732421875,992440
2012-02-21,303.44500732421875,307.8800048828125,302.7950134277344,304.5400085449219,301830
2012-02-22,304.5400085449219,311.0,304.5,307.42498779296875,986070
2012-02-23,305.239990234375,310.95001220703125,302.0,305.93499755859375,799050
2012-02-24,306.29998779296875,308.70001220703125,304.3550109863281,306.7099914550781,530130
2012-02-27,305.0,311.5,304.239990234375,309.7300109863281,2250620
2012-02-28,312.5,319.1300048828125,309.0,315.864990234375,1623880
2012-02-29,315.0,320.0,314.1000061035156,317.05499267578125,1154250
2012-03-01,317.0,319.0,312.5,314.9649963378906,707510
2012-03-02,316.3900146484375,318.989990234375,312.6099853515625,315.875,1839750
2012-03-05,314.864990234375,324.9800109863281,314.2900085449219,323.4700012207031,1301960
2012-03-06,323.8949890136719,325.0,314.010009765625,316.0450134277344,711040
2012-03-07,313.5199890136719,315.9750061035156,305.6000061035156,309.17498779296875,430770
2012-03-09,312.0,319.8999938964844,310.9599914550781,317.1499938964844,1397870
2012-03-12,312.5050048828125,321.20001220703125,312.5050048828125,316.0249938964844,1380880
2012-03-13,315.0050048828125,320.79998779296875,315.0050048828125,318.6650085449219,145490
2012-03-14,320.5,323.8999938964844,319.1099853515625,320.4200134277344,323340
2012-03-15,322.5,334.0,320.0050048828125,321.4949951171875,611970
2012-03-16,325.0,325.0,317.510009765625,321.010009765625,2442480
2012-03-19,323.0,324.0,305.4100036621094,307.31500244140625,832210
2012-03-20,307.1000061035156,307.1000061035156,300.1000061035156,301.57000732421875,2624650
2012-03-21,302.385009765625,309.8999938964844,302.0,306.2850036621094,994040
2012-03-22,307.0,310.989990234375,306.0,307.125,574010
2012-03-23,307.7099914550781,314.5,306.44500732421875,311.1600036621094,704070
2012-03-26,310.9949951171875,314.0,304.6000061035156,306.07000732421875,316300
2012-03-27,306.07000732421875,312.29998779296875,304.1099853515625,309.6650085449219,811010
2012-03-28,307.5400085449219,319.1000061035156,307.5400085449219,310.44500732421875,865590
2012-03-29,310.0,324.8999938964844,305.0199890136719,318.8500061035156,991760
2012-03-30,320.0199890136719,325.5,319.9949951171875,324.20001220703125,1292640
2012-04-02,324.44000244140625,329.5,320.3999938964844,326.3399963378906,383640
2012-04-03,327.135009765625,337.5,327.0,335.6400146484375,1661100
2012-04-04,330.0,339.989990234375,329.30999755859375,332.3500061035156,761140
2012-04-09,331.9949951171875,332.0,327.0,327.9049987792969,445740
2012-04-10,328.510009765625,329.20001220703125,324.5,325.6549987792969,522050
2012-04-11,324.8949890136719,325.9750061035156,322.2049865722656,323.68499755859375,565060
2012-04-12,323.68499755859375,328.864990234375,322.32000732421875,325.56500244140625,465980
2012-04-13,327.0,331.5,325.4049987792969,330.1099853515625,596740
2012-04-16,332.0,336.7900085449219,330.5,335.4549865722656,505180
2012-04-17,335.3999938964844,337.5,331.0150146484375,332.82501220703125,380400
2012-04-18,334.989990234375,335.0,329.0,331.114990234375,247670
2012-04-19,331.5,335.0,330.0050048828125,332.885009765625,239800
2012-04-20,333.6000061035156,335.5,331.1050109863281,334.05499267578125,577960
2012-04-23,334.5,348.5400085449219,331.2049865722656,347.1000061035156,1561580
2012-04-24,347.1050109863281,349.739990234375,343.0,346.20001220703125,1282660
2012-04-25,346.5,346.70001220703125,340.510009765625,342.2300109863281,609440
2012-04-26,342.0,352.5,341.1549987792969,348.20001220703125,3350750
2012-04-27,345.1000061035156,355.20001220703125,343.0050048828125,352.3299865722656,1037650
2012-04-30,352.6000061035156,354.9649963378906,350.0,352.67999267578125,1109870
2012-05-02,352.70001220703125,354.8999938964844,348.2449951171875,353.0799865722656,572410
2012-05-03,351.29998779296875,362.6000061035156,347.1000061035156,360.3599853515625,947470
2012-05-04,360.29998779296875,365.0,358.0,361.5350036621094,1359200
2012-05-07,359.8999938964844,371.70001220703125,354.55499267578125,364.44000244140625,1432850
2012-05-08,367.3999938964844,369.8999938964844,362.1499938964844,365.55499267578125,1132290
2012-05-09,369.8999938964844,374.5,363.1099853515625,370.875,1961510
2012-05-10,367.1000061035156,374.3999938964844,363.1000061035156,365.385009765625,771880
2012-05-11,363.29998779296875,367.3999938964844,358.3399963378906,362.385009765625,724140
2012-05-14,360.5050048828125,373.489990234375,357.5,369.7250061035156,965470
2012-05-15,369.9949951171875,378.0,367.6300048828125,376.80499267578125,1094620
2012-05-16,374.79998779296875,378.6000061035156,373.0,375.43499755859375,964750
2012-05-17,377.0,378.4949951171875,368.1000061035156,369.5050048828125,824840
2012-05-18,366.79998779296875,372.5,365.0199890136719,370.1050109863281,847440
2012-05-21,371.0,377.0,369.1600036621094,375.42498779296875,481580
2012-05-22,375.3999938964844,375.3999938964844,365.6000061035156,367.70001220703125,563920
2012-05-23,369.4949951171875,369.6600036621094,363.79998779296875,367.75,482750
2012-05-24,367.8949890136719,375.94000244140625,366.6000061035156,374.9750061035156,746560
2012-05-25,374.9949951171875,377.9700012207031,371.5,376.5849914550781,363680
2012-05-28,377.5,384.0,375.5249938964844,382.2749938964844,646970
2012-05-29,383.0,385.20001220703125,380.1000061035156,384.2550048828125,571380
2012-05-30,385.7950134277344,385.7950134277344,380.5,381.6449890136719,716730
2012-05-31,380.0,419.1000061035156,378.1099853515625,402.1549987792969,3861160
2012-06-01,399.8999938964844,400.0,376.4649963378906,377.9800109863281,1599420
2012-06-04,376.7900085449219,377.3999938964844,366.04998779296875,368.4200134277344,1108680
2012-06-05,373.3999938964844,379.8999938964844,369.2250061035156,371.8949890136719,954970
2012-06-06,374.989990234375,384.3699951171875,374.989990234375,382.4049987792969,1268240
2012-06-07,381.0,386.5,380.510009765625,384.7699890136719,993880
2012-06-08,383.0299987792969,384.8900146484375,376.5050048828125,382.5299987792969,436580
2012-06-11,382.6050109863281,389.4700012207031,381.79998779296875,383.6199951171875,578730
2012-06-12,380.79998779296875,389.8999938964844,378.3999938964844,388.3800048828125,551600
2012-06-13,386.364990234375,392.0950012207031,386.20001220703125,387.7650146484375,483950
2012-06-14,386.20001220703125,391.3999938964844,385.7650146484375,387.05999755859375,425710
2012-06-15,389.0,390.0,384.3999938964844,388.614990234375,523980
2012-06-18,390.0,398.0,383.1499938964844,386.3999938964844,508560
2012-06-19,387.3999938964844,390.489990234375,383.8900146484375,388.6099853515625,451290
2012-06-20,389.5,391.989990234375,385.68499755859375,388.5050048828125,485790
2012-06-21,388.9949951171875,390.8500061035156,384.5,389.6700134277344,924560
2012-06-22,388.1000061035156,391.29998779296875,386.3399963378906,389.125,398890
2012-06-25,391.4949951171875,391.4949951171875,378.9549865722656,380.79998779296875,573860
2012-06-26,380.79998779296875,382.67999267578125,372.6000061035156,375.8999938964844,1026500
2012-06-27,376.5,379.70001220703125,376.2049865722656,377.614990234375,514730
2012-06-28,378.0,381.70001220703125,373.79998779296875,374.9049987792969,825040
2012-06-29,377.0050048828125,390.04998779296875,377.0050048828125,388.8550109863281,1040430
2012-07-02,387.79998779296875,394.8999938964844,386.0050048828125,392.114990234375,605310
2012-07-03,392.1000061035156,396.5950012207031,390.2250061035156,394.0249938964844,1355040
2012-07-04,394.0950012207031,396.3949890136719,386.30499267578125,387.2449951171875,1118120
2012-07-05,386.29998779296875,389.4949951171875,377.5,378.114990234375,1452820
2012-07-06,377.1000061035156,377.7099914550781,368.0199890136719,371.44500732421875,1431720
2012-07-09,369.3999938964844,370.8800048828125,366.0,368.3450012207031,747410
2012-07-10,369.8999938964844,374.5,367.45001220703125,369.30999755859375,1188560
2012-07-11,367.5,372.20001220703125,367.5,369.3900146484375,595220
2012-07-12,369.3900146484375,375.70001220703125,368.3299865722656,372.32000732421875,811760
2012-07-13,371.20001220703125,375.19500732421875,369.5,370.82501220703125,348430
2012-07-16,367.20001220703125,373.56500244140625,367.20001220703125,369.2950134277344,339110
2012-07-17,369.70001220703125,371.82000732421875,364.0,366.2699890136719,538510
2012-07-18,367.8999938964844,367.8999938964844,361.0,366.489990234375,598460
2012-07-19,367.20001220703125,369.489990234375,361.489990234375,361.91497802734375,1053770
2012-07-20,362.1050109863281,383.44500732421875,362.1050109863281,371.7250061035156,4206590
2012-07-23,367.7650146484375,368.0,359.0400085449219,360.2550048828125,1637610
2012-07-24,360.0,362.6499938964844,355.1000061035156,356.67999267578125,1129990
2012-07-25,356.4949951171875,358.3999938964844,351.5150146484375,352.83502197265625,641710
2012-07-26,354.9949951171875,355.2650146484375,345.0,346.9100036621094,1221300
2012-07-27,352.8999938964844,354.7900085449219,347.1050109863281,350.6100158691406,633580
2012-07-30,352.0,359.4750061035156,351.0,357.6549987792969,468970
2012-07-31,358.1000061035156,366.8699951171875,356.05999755859375,364.2300109863281,744190
2012-08-01,362.760009765625,367.79998779296875,361.1099853515625,362.69500732421875,324300
2012-08-02,361.5,369.8800048828125,359.5,365.1300048828125,756250
2012-08-03,362.5,376.8949890136719,362.5,375.7250061035156,1126450
2012-08-06,378.5,378.9949951171875,372.4949951171875,374.80999755859375,1003450
2012-08-07,374.0249938964844,376.8299865722656,372.010009765625,374.3800048828125,814570
2012-08-08,373.20001220703125,375.79998779296875,372.0,373.1399841308594,522180
2012-08-09,375.0,376.79998779296875,373.0849914550781,375.0050048828125,926090
2012-08-10,372.5,375.385009765625,369.6199951171875,371.3399963378906,843770
2012-08-13,369.6000061035156,378.5,369.1000061035156,377.2649841308594,290330
2012-08-14,377.0,381.70001220703125,376.20001220703125,378.19500732421875,586760
2012-08-16,376.5150146484375,378.6199951171875,369.5,371.19500732421875,655810
2012-08-17,369.5,373.05999755859375,366.32501220703125,367.8550109863281,1033540
2012-08-21,367.1499938964844,371.3999938964844,364.635009765625,369.4100036621094,895170
2012-08-22,369.0,372.7799987792969,366.8999938964844,369.2049865722656,504670
2012-08-23,370.0,371.989990234375,368.2449951171875,370.0,387880
2012-08-24,369.18499755859375,369.18499755859375,365.1050109863281,367.6549987792969,303450
2012-08-27,368.2749938964844,370.989990234375,365.2049865722656,366.2250061035156,423870
2012-08-28,365.0,374.9849853515625,365.0,372.5950012207031,1165820
2012-08-29,373.0,373.8900146484375,367.114990234375,370.2250061035156,395020
2012-08-30,369.8999938964844,380.6650085449219,365.0,369.635009765625,1127310
2012-08-31,370.1000061035156,375.9549865722656,363.0249938964844,364.07000732421875,770560
2012-09-03,365.0249938964844,368.125,363.0,365.1000061035156,580650
2012-09-04,364.8999938964844,369.9949951171875,363.6499938964844,369.32000732421875,412670
2012-09-05,367.20001220703125,368.0,364.6600036621094,365.135009765625,256670
2012-09-06,364.1099853515625,371.9649963378906,362.5199890136719,370.0249938964844,400490
2012-09-07,372.3349914550781,377.55499267578125,371.1000061035156,377.04998779296875,527240
2012-09-10,377.9949951171875,377.9949951171875,372.1000061035156,373.864990234375,427150
2012-09-11,372.0,378.0,372.0,377.614990234375,283050
2012-09-12,376.5050048828125,385.70001220703125,376.5050048828125,384.53997802734375,625690
2012-09-13,386.19000244140625,387.5,383.1050109863281,384.95001220703125,463350
2012-09-14,389.8999938964844,391.70001220703125,386.2349853515625,390.1399841308594,645200
2012-09-17,392.0,392.5950012207031,386.0,388.4549865722656,418010
2012-09-18,388.5,392.5,387.1700134277344,390.04998779296875,439200
2012-09-20,385.0,393.8299865722656,385.0,389.57501220703125,614350
2012-09-21,390.2200012207031,396.8500061035156,389.1050109863281,394.6600036621094,1257940
2012-09-24,394.70001220703125,399.8999938964844,393.2799987792969,397.989990234375,773590
2012-09-25,397.0,402.0,391.9949951171875,393.6499938964844,836030
2012-09-26,390.25,395.5,387.1000061035156,389.31500244140625,908400
2012-09-27,390.0,392.7149963378906,385.29998779296875,387.0299987792969,1049260
2012-09-28,391.3999938964844,396.6400146484375,390.0,393.4800109863281,822900
2012-10-01,395.79998779296875,396.0,390.0,393.9649963378906,720100
2012-10-03,393.9949951171875,395.5849914550781,387.79998779296875,390.80499267578125,746950
2012-10-04,390.5,395.0,385.1050109863281,387.3999938964844,807190
2012-10-05,389.489990234375,389.8999938964844,343.239990234375,381.125,1765020
2012-10-08,383.45001220703125,390.7900085449219,382.0899963378906,388.9850158691406,655820
2012-10-09,390.0,391.79998779296875,386.1000061035156,389.1600036621094,508650
2012-10-10,386.125,393.4649963378906,386.125,389.6000061035156,866190
2012-10-11,390.1000061035156,392.8999938964844,387.3999938964844,389.5299987792969,512730
2012-10-12,388.6000061035156,392.4599914550781,387.20001220703125,389.8999938964844,463590
2012-10-15,390.0950012207031,391.79998779296875,382.54998779296875,387.385009765625,309520
2012-10-16,388.79998779296875,390.79998779296875,386.25,388.5050048828125,336440
2012-10-17,389.5,394.20001220703125,388.5450134277344,390.8800048828125,505580
2012-10-18,391.3999938964844,394.79998779296875,390.1000061035156,392.3699951171875,300500
2012-10-19,390.0,392.3699951171875,387.5,388.1700134277344,478790
2012-10-22,388.4700012207031,393.9949951171875,384.29998779296875,392.91497802734375,392130
2012-10-23,394.3999938964844,394.3999938964844,389.5,391.0199890136719,385570
2012-10-25,391.0,392.0,387.135009765625,389.614990234375,1313130
2012-10-29,394.70001220703125,394.70001220703125,389.20001220703125,393.1549987792969,241760
2012-10-30,392.1000061035156,394.5,387.260009765625,388.7950134277344,156350
2012-10-31,389.4849853515625,390.989990234375,385.1050109863281,387.1199951171875,247300
2012-11-01,386.5,388.7950134277344,384.135009765625,387.8600158691406,282210
2012-11-02,390.9949951171875,392.0,387.989990234375,390.3299865722656,374440
2012-11-05,389.29998779296875,397.0,388.1199951171875,395.70001220703125,492210
2012-11-06,396.9949951171875,410.8999938964844,395.0050048828125,409.5350036621094,1475370
2012-11-07,410.510009765625,414.5,409.18499755859375,412.0450134277344,799130
2012-11-08,407.3999938964844,419.9849853515625,407.3999938964844,417.80999755859375,871030
2012-11-09,416.125,419.5,410.010009765625,411.42999267578125,415070
2012-11-12,413.0,416.0,408.2699890136719,408.96002197265625,388480
2012-11-15,405.0249938964844,410.7950134277344,399.0249938964844,401.4949951171875,1038430
2012-11-16,402.5,403.885009765625,393.6050109863281,395.1050109863281,440200
2012-11-19,396.0,396.0,385.0,387.67498779296875,684050
2012-11-20,387.0050048828125,392.8949890136719,383.20001220703125,384.9949951171875,514810
2012-11-21,385.3999938964844,393.5,383.6050109863281,391.989990234375,961050
2012-11-22,393.0,398.8999938964844,392.8550109863281,396.80499267578125,686100
2012-11-23,396.79998779296875,406.79998779296875,396.79998779296875,405.4100036621094,758030
2012-11-26,409.4949951171875,412.19000244140625,405.0,408.3399963378906,497240
2012-11-27,407.125,413.3900146484375,407.125,412.3900146484375,510620
2012-11-29,411.5,437.44500732421875,411.5,431.9800109863281,2186930
2012-11-30,430.5050048828125,437.5950012207031,429.0400085449219,433.0350036621094,2510700
2012-12-03,432.0299987792969,438.2950134277344,430.5,434.6650085449219,631600
2012-12-04,437.19000244140625,438.75,432.20001220703125,435.20001220703125,832250
2012-12-05,435.1000061035156,441.44000244140625,435.1000061035156,437.7850036621094,1481090
2012-12-06,437.20001220703125,438.4800109863281,433.5,435.6549987792969,607840
2012-12-07,433.70001220703125,436.70001220703125,430.1000061035156,431.2550048828125,417720
2012-12-10,433.0,434.5450134277344,430.0249938964844,431.58502197265625,366760
2012-12-11,434.3999938964844,434.3999938964844,427.510009765625,430.02001953125,462050
2012-12-12,432.6000061035156,434.0,428.3949890136719,432.04998779296875,1204090
2012-12-13,433.7950134277344,434.2950134277344,429.5,430.96002197265625,638300
2012-12-14,432.69000244140625,432.69000244140625,426.29998779296875,428.0799865722656,671250
2012-12-17,425.0050048828125,427.4150085449219,422.5,424.94000244140625,407780
2012-12-18,426.0,431.8949890136719,425.3599853515625,429.54998779296875,606600
2012-12-19,429.54998779296875,444.7950134277344,429.54998779296875,442.9849853515625,806400
2012-12-20,443.5,449.75,441.0,444.4200134277344,823270
2012-12-21,443.6000061035156,443.6000061035156,434.0400085449219,435.6199951171875,451660
2012-12-24,437.5,438.5,433.5,436.1000061035156,364270
2012-12-26,437.1099853515625,444.3999938964844,437.0249938964844,442.364990234375,382830
2012-12-27,443.6000061035156,444.6000061035156,433.010009765625,434.6400146484375,743630
2012-12-28,435.6000061035156,440.864990234375,435.6000061035156,439.4700012207031,292430
2012-12-31,439.4700012207031,445.989990234375,438.17999267578125,443.2550048828125,379160
2013-01-01,444.5,445.4800109863281,441.0,442.30499267578125,299620
2013-01-02,442.6050109863281,445.70001220703125,436.0,437.19500732421875,614960
2013-01-03,439.760009765625,442.79998779296875,437.0,439.6700134277344,508860
2013-01-04,440.8900146484375,442.0,438.0,440.20001220703125,713090
2013-01-07,443.7950134277344,443.7950134277344,438.0,439.43499755859375,519650
2013-01-08,438.5,440.70001220703125,435.239990234375,439.4100036621094,672700
2013-01-09,439.5,440.8999938964844,435.5,436.41497802734375,393240
2013-01-10,438.010009765625,441.7099914550781,435.0,436.2699890136719,832720
2013-01-11,436.32501220703125,438.8500061035156,428.5,429.94500732421875,530530
2013-01-14,431.0,437.8999938964844,429.510009765625,436.55499267578125,302470
2013-01-15,436.55499267578125,436.55999755859375,428.0050048828125,431.30999755859375,535140
2013-01-16,429.79998779296875,433.79998779296875,426.3500061035156,427.8299865722656,421340
2013-01-17,427.5,434.0,427.5,433.32000732421875,1190180
2013-01-18,434.1000061035156,435.7900085449219,427.5,431.1050109863281,736430
2013-01-21,431.2049865722656,434.8999938964844,427.55999755859375,428.7900085449219,445250
2013-01-22,433.0,445.42999267578125,431.1000061035156,441.30499267578125,1862370
2013-01-23,441.30499267578125,448.9750061035156,441.010009765625,444.25,1239080
2013-01-24,444.3999938964844,447.6000061035156,439.0,440.510009765625,579610
2013-01-25,441.8800048828125,446.9599914550781,437.2699890136719,440.57000732421875,296880
2013-01-28,440.5050048828125,441.79998779296875,434.55999755859375,439.9200134277344,579060
2013-01-29,438.6000061035156,444.25,436.6000061035156,443.1600036621094,609480
2013-01-30,443.9949951171875,449.0,443.1700134277344,447.375,702210
2013-01-31,449.75,456.94000244140625,448.25,450.114990234375,1377750
2013-02-01,453.79998779296875,455.5,450.5050048828125,454.2550048828125,469130
2013-02-04,454.79998779296875,466.70001220703125,454.0,464.2950134277344,1578080
2013-02-05,462.5,467.70001220703125,461.5299987792969,463.8900146484375,581760
2013-02-06,464.45001220703125,466.5,461.2749938964844,462.41497802734375,722520
2013-02-07,461.0050048828125,464.5,459.3450012207031,460.385009765625,410770
2013-02-08,461.79998779296875,463.69500732421875,451.17498779296875,452.3500061035156,555190
2013-02-11,453.0,457.42498779296875,447.510009765625,453.3500061035156,462880
2013-02-12,454.0,454.0,447.69000244140625,450.95001220703125,208800
2013-02-13,452.3999938964844,452.489990234375,446.05499267578125,447.1050109863281,330480
2013-02-14,447.510009765625,454.7799987792969,445.20001220703125,452.6099853515625,1626580
2013-02-15,451.19500732421875,457.5,451.19500732421875,454.239990234375,384090
2013-02-18,451.5,453.7699890136719,448.3450012207031,450.4100036621094,393310
2013-02-19,449.0,459.8999938964844,448.0199890136719,455.8900146484375,407070
2013-02-20,457.989990234375,459.7699890136719,453.3399963378906,455.54998779296875,856240
2013-02-21,454.875,456.0450134277344,448.2149963378906,451.364990234375,548690
2013-02-22,450.2099914550781,455.2699890136719,447.5450134277344,453.7300109863281,684190
2013-02-25,455.79998779296875,455.79998779296875,449.1000061035156,450.2149963378906,477940
2013-02-26,449.70001220703125,449.8999938964844,437.0199890136719,440.010009765625,597970
2013-02-27,438.1099853515625,442.3999938964844,433.5899963378906,435.80499267578125,587380
2013-02-28,438.0,443.4700012207031,422.5,427.2200012207031,1592310
2013-03-01,429.8999938964844,438.5,427.010009765625,435.9100036621094,772430
2013-03-04,433.1000061035156,436.0,427.5,432.989990234375,721440
2013-03-05,434.70001220703125,445.0,429.20001220703125,443.489990234375,785270
2013-03-06,444.2250061035156,448.0,441.79998779296875,446.32000732421875,591600
2013-03-07,442.5050048828125,461.2099914550781,442.5050048828125,458.5450134277344,977840
2013-03-08,459.2149963378906,468.79998779296875,459.2149963378906,466.6600036621094,608210
2013-03-11,466.5,477.5,464.7900085449219,475.67498779296875,1244470
2013-03-12,476.1000061035156,477.0,472.3450012207031,475.239990234375,787720
2013-03-13,472.5,482.9649963378906,472.0150146484375,479.0799865722656,1453120
2013-03-14,478.1300048828125,494.5,478.0,489.6449890136719,1590670
2013-03-15,489.0,502.5,486.0299987792969,500.7300109863281,3093410
2013-03-18,498.0,503.0,494.5,500.25,2528290
2013-03-19,500.4949951171875,500.4949951171875,490.0,490.93499755859375,2170700
2013-03-20,489.8999938964844,501.93499755859375,486.6050109863281,499.260009765625,1901160
2013-03-21,500.010009765625,505.0,488.5,491.2699890136719,1570570
2013-03-22,489.8999938964844,500.0,487.79998779296875,495.3699951171875,1153710
2013-03-25,497.5,500.1300048828125,485.79998779296875,487.9049987792969,1665560
2013-03-26,488.0,492.67498779296875,487.5,490.32501220703125,1162070
2013-03-28,489.4649963378906,492.5,484.7099914550781,491.7250061035156,1029400
2013-04-01,492.20001220703125,498.20001220703125,488.1000061035156,495.4950256347656,688780
2013-04-02,495.4949951171875,496.989990234375,487.5799865722656,489.0350036621094,520130
2013-04-03,489.0,491.3949890136719,484.0849914550781,488.510009765625,758590
2013-04-04,484.29998779296875,489.67999267578125,477.5,478.8599853515625,574890
2013-04-05,478.5,483.0,473.2300109863281,476.7549743652344,734940
2013-04-08,477.0,478.7950134277344,461.1000061035156,462.2449951171875,906040
2013-04-09,463.79998779296875,466.7550048828125,451.1600036621094,453.1600036621094,935710
2013-04-10,458.8599853515625,458.8599853515625,447.6549987792969,453.6199951171875,700260
2013-04-11,458.6000061035156,459.7900085449219,451.114990234375,455.4649963378906,713140
2013-04-12,457.79998779296875,471.885009765625,454.1000061035156,466.20001220703125,963060
2013-04-15,465.20001220703125,470.5050048828125,462.0,464.2099914550781,527360
2013-04-16,463.5,471.8900146484375,463.5,468.7699890136719,855260
2013-04-17,469.0,470.70001220703125,464.0,465.0350036621094,1930760
2013-04-18,465.1000061035156,468.9599914550781,459.4750061035156,464.95001220703125,540750
2013-04-22,466.010009765625,474.0,461.25,464.7149963378906,655860
2013-04-23,469.4750061035156,469.4750061035156,461.5350036621094,464.94500732421875,421830
2013-04-25,466.20001220703125,468.8500061035156,464.0,465.2149963378906,1946230
2013-04-26,470.20001220703125,478.44500732421875,469.2200012207031,470.55499267578125,2005270
2013-04-29,471.0,476.70001220703125,467.70001220703125,471.375,1219140
2013-04-30,471.5899963378906,471.6499938964844,463.1050109863281,468.125,494960
2013-05-02,467.0,474.989990234375,467.0,472.7350158691406,1284490
2013-05-03,472.79998779296875,473.9049987792969,467.8900146484375,469.5249938964844,438070
2013-05-06,470.5249938964844,489.3999938964844,470.5249938964844,485.59503173828125,894460
2013-05-07,489.0,494.8999938964844,486.5050048828125,490.0,1010350
2013-05-08,493.8999938964844,493.8999938964844,484.114990234375,485.3550109863281,686830
2013-05-09,487.0,492.5150146484375,459.0,467.0950012207031,3269420
2013-05-10,466.70001220703125,466.70001220703125,460.3999938964844,463.875,1607860
2013-05-13,472.010009765625,478.8949890136719,468.5199890136719,469.95001220703125,745550
2013-05-14,471.29998779296875,478.5,470.3500061035156,474.8999938964844,908190
2013-05-15,475.29998779296875,484.79998779296875,475.29998779296875,482.44500732421875,895580
2013-05-16,480.0,490.8999938964844,480.0,486.1499938964844,853000
2013-05-17,486.70001220703125,489.8999938964844,478.6000061035156,481.2799987792969,675110
2013-05-20,484.8949890136719,484.8949890136719,476.57000732421875,477.3600158691406,445210
2013-05-21,475.20001220703125,482.5,472.3999938964844,478.4949951171875,523650
2013-05-22,479.5249938964844,485.1499938964844,476.0450134277344,483.56500244140625,403560
2013-05-23,475.5,483.0199890136719,475.5,480.0,597040
2013-05-24,481.0050048828125,482.5,476.2300109863281,480.4949951171875,505090
2013-05-27,480.70001220703125,484.0249938964844,477.1000061035156,482.6050109863281,785040
2013-05-28,483.0,487.5,480.2349853515625,482.1700134277344,663290
2013-05-29,485.3999938964844,486.0,477.989990234375,481.52996826171875,339930
2013-05-30,479.1000061035156,494.8999938964844,479.1000061035156,491.3599853515625,693880
2013-05-31,491.0,492.989990234375,485.0199890136719,486.30999755859375,582840
2013-06-03,484.30999755859375,485.989990234375,465.5,469.42999267578125,928510
2013-06-04,470.0,475.6199951171875,466.0150146484375,468.0299987792969,702350
2013-06-05,469.3999938964844,471.1199951171875,464.20001220703125,467.5249938964844,428150
2013-06-06,464.19000244140625,465.94500732421875,460.5,462.0049743652344,478640
2013-06-07,459.20001220703125,465.80999755859375,456.0,457.67999267578125,514400
2013-06-10,458.5150146484375,461.385009765625,452.5,453.7250061035156,1006600
2013-06-11,453.0,454.5,446.635009765625,448.9700012207031,1084780
2013-06-12,448.5,452.0,444.010009765625,449.6099853515625,726820
2013-06-13,446.55499267578125,452.2349853515625,442.6600036621094,444.4200134277344,585410
2013-06-14,446.5,459.4849853515625,446.3999938964844,455.95001220703125,586880
2013-06-17,454.1000061035156,463.4800109863281,452.5,457.5350036621094,609850
2013-06-18,455.2099914550781,460.70001220703125,453.30999755859375,457.5249938964844,637000
2013-06-19,455.32501220703125,462.0,455.32501220703125,461.05499267578125,538200
2013-06-20,456.6000061035156,459.5,451.5,457.364990234375,957840
2013-06-21,454.0,460.57501220703125,451.2200012207031,455.7699890136719,882670
2013-06-24,452.010009765625,455.95001220703125,437.010009765625,439.32000732421875,869780
2013-06-25,437.30999755859375,442.7200012207031,429.4700012207031,436.1499938964844,1410210
2013-06-26,437.0,452.8999938964844,436.6000061035156,449.29998779296875,934730
2013-06-27,455.8999938964844,469.989990234375,450.7749938964844,453.80999755859375,1677620
2013-06-28,456.20001220703125,465.20001220703125,454.5,463.6499938964844,1249300
2013-07-01,460.6099853515625,474.0249938964844,460.0,471.25,1020000
2013-07-02,468.2099914550781,473.5,466.5,467.760009765625,530990
2013-07-03,466.0,468.25,454.70001220703125,457.1299743652344,630880
2013-07-04,460.3349914550781,462.0,452.7349853515625,456.52001953125,303550
2013-07-05,460.0,468.94500732421875,457.0,466.8799743652344,353290
2013-07-08,466.6300048828125,469.8999938964844,463.0,467.2950134277344,653300
2013-07-09,468.0299987792969,477.3999938964844,468.0299987792969,476.2550048828125,533050
2013-07-10,478.3999938964844,484.8800048828125,477.0050048828125,478.27996826171875,712580
2013-07-11,481.0,488.7650146484375,481.0,487.45001220703125,468740
2013-07-12,489.94500732421875,489.94500732421875,479.1700134277344,482.6700134277344,646070
2013-07-15,480.510009765625,483.79998779296875,478.6050109863281,481.2650146484375,333500
2013-07-16,475.5199890136719,485.8800048828125,475.5199890136719,483.5849914550781,336360
2013-07-17,483.0,503.2349853515625,481.5950012207031,501.1549987792969,1478710
2013-07-18,501.6000061035156,522.9000244140625,500.6099853515625,521.3099975585938,1825930
2013-07-19,522.1099853515625,524.7750244140625,515.0050048828125,516.5399780273438,846650
2013-07-22,518.989990234375,522.4949951171875,496.7250061035156,505.02996826171875,1718900
2013-07-23,502.3999938964844,505.5950012207031,490.1000061035156,494.1050109863281,2053240
2013-07-24,491.0,501.4949951171875,489.5,498.6050109863281,1079600
2013-07-25,500.7799987792969,511.79998779296875,497.69000244140625,508.03997802734375,1638100
2013-07-26,511.5,517.364990234375,503.8999938964844,507.55499267578125,1259820
2013-07-29,507.5,513.75,505.4949951171875,511.82000732421875,420570
2013-07-30,521.5,522.4000244140625,502.6499938964844,510.75,898758
2013-07-31,512.0,513.5499877929688,495.1499938964844,507.6000061035156,800891
2013-08-01,515.0,515.0,486.29998779296875,498.20001220703125,841361
2013-08-02,499.0,504.1499938964844,492.0,497.45001220703125,986501
2013-08-05,498.1000061035156,500.45001220703125,469.0,472.79998779296875,1753463
2013-08-06,470.0,470.0,434.1499938964844,437.3500061035156,1513183
2013-08-07,435.29998779296875,439.45001220703125,412.0,423.20001220703125,2441631
2013-08-08,423.20001220703125,435.0,423.20001220703125,430.79998779296875,1000667
2013-08-12,431.45001220703125,439.79998779296875,418.5,436.8999938964844,1050655
2013-08-13,438.8999938964844,441.79998779296875,431.0,439.95001220703125,576780
2013-08-14,442.1000061035156,443.95001220703125,430.0,434.75,808688
2013-08-16,434.45001220703125,437.0,414.1000061035156,418.70001220703125,1875723
2013-08-19,418.70001220703125,430.8500061035156,398.1499938964844,427.20001220703125,1450144
2013-08-20,420.8999938964844,423.95001220703125,411.0,417.79998779296875,1339308
2013-08-21,423.0,427.6499938964844,411.0,415.1499938964844,1405177
2013-08-22,413.0,424.5,412.0,420.29998779296875,715086
2013-08-23,419.0,425.70001220703125,415.0,420.04998779296875,986872
2013-08-26,421.5,434.45001220703125,421.0,427.8500061035156,813600
2013-08-27,422.70001220703125,430.5,405.0,410.0,1618168
2013-08-28,400.6000061035156,402.8500061035156,373.3999938964844,392.0,2461413
2013-08-29,389.70001220703125,409.5,389.70001220703125,403.20001220703125,1479215
2013-08-30,408.20001220703125,424.95001220703125,393.75,420.95001220703125,1514956
2013-09-02,420.0,427.8999938964844,418.29998779296875,422.3999938964844,533907
2013-09-03,422.0,424.95001220703125,395.0,398.1499938964844,1313672
2013-09-04,403.0,409.5,399.0,403.29998779296875,668024
2013-09-05,410.0,413.1000061035156,402.8500061035156,405.6000061035156,1025465
2013-09-06,406.79998779296875,426.79998779296875,406.5,425.1000061035156,1558392
2013-09-10,429.79998779296875,450.29998779296875,428.04998779296875,445.79998779296875,1598104
2013-09-11,448.70001220703125,448.70001220703125,435.0,444.6000061035156,875515
2013-09-12,446.54998779296875,451.8500061035156,435.5,438.5,1740100
2013-09-13,437.0,445.8999938964844,436.0,442.3500061035156,596005
2013-09-16,450.0,458.70001220703125,436.5,441.3500061035156,1263167
2013-09-17,441.04998779296875,443.8999938964844,437.45001220703125,441.70001220703125,463021
2013-09-18,442.0,448.5,438.5,445.5,618855
2013-09-19,452.0,486.45001220703125,450.0,479.1000061035156,1571260
2013-09-20,480.25,491.29998779296875,469.3999938964844,488.1499938964844,1366454
2013-09-23,485.0,494.95001220703125,479.75,486.1000061035156,1698587
2013-09-24,486.0,504.79998779296875,483.1000061035156,485.29998779296875,1854893
2013-09-25,489.5,489.79998779296875,471.54998779296875,477.8500061035156,1269349
2013-09-26,476.79998779296875,484.29998779296875,476.45001220703125,479.79998779296875,1423622
2013-09-27,484.0,486.29998779296875,468.1000061035156,469.79998779296875,1022869
2013-09-30,470.0,470.20001220703125,456.3999938964844,459.25,1184167
2013-10-01,462.0,464.0,451.0,454.3500061035156,1194903
2013-10-03,457.0,477.20001220703125,457.0,470.79998779296875,1872476
2013-10-04,467.95001220703125,476.1000061035156,466.0,467.1000061035156,1105813
2013-10-07,469.79998779296875,469.79998779296875,456.20001220703125,463.5,1246791
2013-10-08,465.0,471.3500061035156,457.5,459.70001220703125,1062402
2013-10-09,455.0,472.20001220703125,453.6000061035156,469.8999938964844,1219033
2013-10-10,467.0,483.5,467.0,479.6499938964844,1241962
2013-10-11,485.04998779296875,487.8999938964844,476.20001220703125,485.04998779296875,732464
2013-10-14,481.5,481.5,468.54998779296875,470.6000061035156,922169
2013-10-15,473.8999938964844,483.3999938964844,470.6000061035156,480.79998779296875,984845
2013-10-17,484.3999938964844,489.95001220703125,481.70001220703125,486.3999938964844,963435
2013-10-18,484.1000061035156,494.6000061035156,476.29998779296875,486.8999938964844,2524634
2013-10-21,490.0,529.7999877929688,488.25,515.7999877929688,4416370
2013-10-22,530.0,531.2000122070312,510.29998779296875,523.2000122070312,3048277
2013-10-23,526.0,526.4000244140625,515.25,522.1500244140625,978398
2013-10-24,520.25,533.5,518.4500122070312,521.5,1415249
2013-10-25,517.0,522.3499755859375,512.0999755859375,513.7000122070312,702992
2013-10-28,517.9000244140625,519.0,500.0,501.54998779296875,1054082
2013-10-29,502.0,521.0,495.5,519.0,1519476
2013-10-30,521.0,529.4000244140625,517.0999755859375,528.25,1579868
2013-10-31,529.5,541.9500122070312,526.5999755859375,539.4500122070312,1791990
2013-11-01,539.0,544.9500122070312,532.6500244140625,542.7999877929688,1033935
2013-11-05,535.3499755859375,551.3499755859375,535.2999877929688,548.2000122070312,1376974
2013-11-06,550.0,555.75,541.2999877929688,552.3499755859375,1527805
2013-11-07,552.0,558.4500122070312,547.5499877929688,551.4000244140625,880347
2013-11-08,550.0,561.75,546.6500244140625,556.5999755859375,896874
2013-11-11,551.1500244140625,556.5499877929688,545.2000122070312,546.5,942969
2013-11-12,548.0,550.9500122070312,528.0999755859375,530.4500122070312,886182
2013-11-13,523.0999755859375,531.7999877929688,518.2000122070312,522.8499755859375,922754
2013-11-14,525.25,530.25,511.1000061035156,513.1500244140625,1141064
2013-11-18,518.2000122070312,527.9000244140625,515.0499877929688,526.2999877929688,1208180
2013-11-19,528.0,534.2999877929688,528.0,531.2999877929688,840508
2013-11-20,531.9000244140625,537.0,521.4000244140625,524.2999877929688,869675
2013-11-21,520.9000244140625,520.9000244140625,506.20001220703125,509.25,617352
2013-11-22,512.0,514.9000244140625,505.1499938964844,508.1000061035156,654192
2013-11-25,510.1499938964844,519.5,510.1499938964844,516.2999877929688,559626
2013-11-26,513.5,515.8499755859375,505.0,506.70001220703125,889816
2013-11-27,506.8999938964844,506.95001220703125,499.6000061035156,504.75,522030
2013-11-28,509.8999938964844,513.2000122070312,499.45001220703125,504.8500061035156,1494607
2013-11-29,505.04998779296875,508.79998779296875,502.20001220703125,503.6499938964844,1045856
2013-12-02,506.0,508.95001220703125,503.0,505.1000061035156,957110
2013-12-03,504.0,514.4500122070312,502.20001220703125,504.45001220703125,2162803
2013-12-04,506.04998779296875,507.5,501.0,502.3500061035156,740212
2013-12-05,507.8999938964844,508.8999938964844,503.1000061035156,504.8500061035156,966233
2013-12-06,504.95001220703125,510.95001220703125,501.45001220703125,504.75,877218
2013-12-09,516.0,516.25,503.0,504.6499938964844,945168
2013-12-10,505.0,508.0,496.75,504.70001220703125,1079003
2013-12-11,504.1000061035156,506.1499938964844,499.04998779296875,501.75,457572
2013-12-12,498.0,505.5,495.45001220703125,497.79998779296875,460920
2013-12-13,494.1000061035156,499.25,490.04998779296875,494.1000061035156,560652
2013-12-16,492.20001220703125,496.1000061035156,484.04998779296875,485.8500061035156,465539
2013-12-17,486.70001220703125,494.3999938964844,482.0,490.6499938964844,706788
2013-12-18,490.0,498.79998779296875,486.5,497.1499938964844,879699
2013-12-19,498.5,499.70001220703125,485.1000061035156,485.95001220703125,879048
2013-12-20,485.1499938964844,492.1000061035156,482.1000061035156,489.6000061035156,848785
2013-12-23,489.95001220703125,492.0,484.5,486.70001220703125,619218
2013-12-24,488.79998779296875,491.70001220703125,486.0,487.3999938964844,510114
2013-12-26,487.0,491.1499938964844,485.95001220703125,489.8500061035156,1213677
2013-12-27,490.6499938964844,491.25,482.5,485.1000061035156,516613
2013-12-30,486.04998779296875,490.75,483.45001220703125,487.8500061035156,493062
2013-12-31,486.5,492.6000061035156,486.5,490.0,608388
2014-01-01,494.3999938964844,503.8999938964844,492.0,499.75,1866326
2014-01-02,501.3999938964844,505.1000061035156,483.0,485.54998779296875,952911
2014-01-03,483.0,491.5,480.0,489.5,994043
2014-01-06,491.3500061035156,492.5,482.6000061035156,490.6499938964844,833555
2014-01-07,491.0,493.5,484.0,489.95001220703125,708829
2014-01-08,490.54998779296875,493.0,487.5,490.5,703600
2014-01-09,488.3500061035156,491.8999938964844,485.54998779296875,490.1000061035156,639802
2014-01-10,488.0,498.0,488.0,492.0,610335
2014-01-13,488.70001220703125,499.3999938964844,488.0,494.04998779296875,1093710
2014-01-14,492.0,496.5,486.04998779296875,487.3999938964844,448596
2014-01-15,486.0,494.70001220703125,486.0,493.5,597708
2014-01-16,495.0,496.8500061035156,490.70001220703125,495.6000061035156,738459
2014-01-17,497.45001220703125,500.0,488.1000061035156,491.54998779296875,827389
2014-01-20,491.5,492.5,483.75,490.0,1396371
2014-01-21,478.0,482.8999938964844,472.29998779296875,479.25,1628124
2014-01-22,478.8500061035156,478.8500061035156,466.8500061035156,472.6000061035156,2795089
2014-01-23,473.8999938964844,474.5,468.1499938964844,473.0,941667
2014-01-24,469.25,479.54998779296875,465.0,478.1000061035156,1170322
2014-01-27,474.0,478.8999938964844,470.5,476.3999938964844,941676
2014-01-28,475.25,480.70001220703125,471.0,476.79998779296875,902422
2014-01-29,478.1000061035156,484.75,473.75,482.8999938964844,1046075
2014-01-30,478.0,480.0,463.95001220703125,477.5,2915597
2014-01-31,474.1499938964844,478.8999938964844,467.04998779296875,471.70001220703125,1681719
2014-02-03,468.25,479.0,467.54998779296875,469.8999938964844,651775
2014-02-04,465.04998779296875,477.3999938964844,464.04998779296875,476.0,969792
2014-02-05,473.20001220703125,485.1000061035156,470.1000061035156,484.45001220703125,1254256
2014-02-06,485.54998779296875,488.0,478.0,484.04998779296875,978103
2014-02-07,487.0,491.29998779296875,484.04998779296875,490.5,596025
2014-02-10,492.79998779296875,495.0,485.0,487.0,2209585
2014-02-11,489.1000061035156,489.25,480.70001220703125,484.3500061035156,1058522
2014-02-12,479.0,483.0,474.1000061035156,477.3500061035156,856522
2014-02-13,477.3500061035156,479.75,466.6499938964844,468.79998779296875,318431
2014-02-14,469.6499938964844,475.45001220703125,469.25,472.79998779296875,323567
2014-02-17,474.8500061035156,476.20001220703125,470.6000061035156,473.25,274976
2014-02-18,473.5,477.0,463.6499938964844,473.1000061035156,403429
2014-02-19,472.0,473.1000061035156,467.5,468.5,292623
2014-02-20,466.6499938964844,467.5,460.20001220703125,461.6000061035156,694901
2014-02-21,462.25,468.8500061035156,461.29998779296875,464.0,562640
2014-02-24,464.5,471.79998779296875,464.04998779296875,470.79998779296875,303887
2014-02-25,471.5,474.8500061035156,470.1000061035156,472.04998779296875,806751
2014-02-26,470.5,479.8999938964844,470.5,477.1499938964844,604265
2014-02-28,477.75,482.5,470.54998779296875,473.0,673369
2014-03-03,471.5,476.3500061035156,468.5,472.95001220703125,431296
2014-03-04,471.54998779296875,477.5,471.54998779296875,475.6000061035156,1001089
2014-03-05,477.3999938964844,478.8999938964844,472.0,474.6000061035156,436618
2014-03-06,476.5,477.20001220703125,472.54998779296875,474.54998779296875,437306
2014-03-07,475.8999938964844,484.29998779296875,473.5,481.0,930496
2014-03-10,482.0,490.0,480.6000061035156,484.8500061035156,993946
2014-03-11,487.6000061035156,489.5,478.54998779296875,480.70001220703125,535386
2014-03-12,481.0,495.95001220703125,478.6000061035156,494.29998779296875,907392
2014-03-13,498.0,504.20001220703125,491.70001220703125,493.75,772560
2014-03-14,491.0,499.8500061035156,490.95001220703125,495.5,711413
2014-03-18,496.5,504.6000061035156,494.20001220703125,501.6000061035156,621330
2014-03-19,503.0,514.4500122070312,503.0,513.0499877929688,939626
2014-03-20,513.5,519.7000122070312,513.0,515.5999755859375,1196743
2014-03-21,516.1500244140625,518.0,504.95001220703125,510.1000061035156,955311
2014-03-24,507.5,525.0,506.04998779296875,523.9000244140625,985612
2014-03-25,524.5,533.5999755859375,522.0,525.2999877929688,655035
2014-03-26,526.5499877929688,533.25,523.4500122070312,529.0999755859375,577241
2014-03-27,527.4500122070312,544.0,527.4500122070312,539.0499877929688,1514253
2014-03-28,542.0,543.0,533.9000244140625,539.8499755859375,559627
2014-03-31,540.0,550.0,535.0,547.9500122070312,545531
2014-04-01,547.75,547.75,532.0,536.6500244140625,590285
2014-04-02,536.0,542.7999877929688,521.0,522.7999877929688,1296369
2014-04-03,523.5499877929688,542.0,523.5499877929688,538.5999755859375,960789
2014-04-04,543.0,543.0,527.5,530.7000122070312,757681
2014-04-07,531.0,544.8499755859375,526.5,539.5499877929688,1064991
2014-04-09,542.3499755859375,549.5,538.8499755859375,547.7000122070312,620888
2014-04-10,544.2999877929688,550.0,539.4000244140625,541.5,740700
2014-04-11,540.0,546.8499755859375,535.4000244140625,543.7000122070312,513869
2014-04-15,544.0,545.0,530.8499755859375,534.5,403358
2014-04-16,537.6500244140625,538.5,532.5,534.9000244140625,750909
2014-04-17,537.9000244140625,546.5,533.2000122070312,543.75,697395
2014-04-21,547.0,547.0,533.1500244140625,539.2000122070312,1250718
2014-04-22,540.2000122070312,542.0,534.5,536.4000244140625,405176
2014-04-23,532.25,540.0499877929688,528.5499877929688,529.5999755859375,866527
2014-04-25,534.5,534.5,513.0499877929688,514.9500122070312,512656
2014-04-28,515.0,518.6500244140625,498.54998779296875,500.54998779296875,1434257
2014-04-29,502.0,504.95001220703125,494.70001220703125,497.6000061035156,871746
2014-04-30,498.20001220703125,511.95001220703125,498.20001220703125,505.1499938964844,642019
2014-05-02,505.0,518.5,505.0,511.45001220703125,521441
2014-05-05,510.25,519.75,507.45001220703125,518.5999755859375,507852
2014-05-06,521.0,524.4500122070312,513.25,514.75,346381
2014-05-07,510.0,515.0,504.0,505.6499938964844,492771
2014-05-08,504.29998779296875,511.8999938964844,503.0,504.3999938964844,473377
2014-05-09,504.45001220703125,522.5,503.0,521.1500244140625,503574
2014-05-12,520.25,540.0,518.0999755859375,538.2000122070312,896112
2014-05-13,539.2999877929688,551.0,534.9500122070312,540.3499755859375,1114150
2014-05-14,544.9000244140625,560.0,542.0,556.9000244140625,1212854
2014-05-15,563.9000244140625,563.9000244140625,523.5,529.0499877929688,1907311
2014-05-16,540.0,550.0,527.0,536.5,2066679
2014-05-19,542.0,542.0,522.5,527.4500122070312,885764
2014-05-20,535.0,535.7000122070312,515.7000122070312,528.9000244140625,1025384
2014-05-21,528.0,549.5,528.0,546.2999877929688,1843991
2014-05-22,549.5,549.8499755859375,536.75,537.7999877929688,1296696
2014-05-23,538.5,542.25,533.0,540.5499877929688,495348
2014-05-26,532.0,538.75,520.0499877929688,523.5999755859375,687589
2014-05-27,526.0,529.5,515.0,523.75,601376
2014-05-28,522.5999755859375,524.5,506.5,510.20001220703125,959457
2014-05-29,510.0,514.9000244140625,504.0,506.3500061035156,1727396
2014-05-30,507.0,513.1500244140625,501.75,507.6000061035156,1629445
2014-06-02,504.3500061035156,515.0,503.3500061035156,509.8500061035156,887646
2014-06-03,511.0,512.5999755859375,506.1499938964844,509.1000061035156,586753
2014-06-04,507.70001220703125,510.8999938964844,504.3999938964844,509.0,676269
2014-06-05,509.6000061035156,516.0,507.1000061035156,510.1000061035156,1230823
2014-06-06,512.0,512.8499755859375,503.5,505.3500061035156,1632891
2014-06-09,507.8999938964844,530.0,507.1000061035156,528.0999755859375,4290170
2014-06-10,530.0,539.7999877929688,523.0,536.25,2579465
2014-06-11,538.0499877929688,547.7999877929688,536.6500244140625,543.6500244140625,1993349
2014-06-12,541.0,552.4500122070312,539.3499755859375,549.2999877929688,860725
2014-06-13,549.2999877929688,555.0,540.0,542.2000122070312,573503
2014-06-16,535.9000244140625,543.5,533.2999877929688,539.8499755859375,472781
2014-06-17,540.0,565.0,540.0,560.5999755859375,1580095
2014-06-18,560.0,569.0,552.25,557.9000244140625,2003001
2014-06-19,559.5999755859375,570.0,551.2000122070312,568.0,1112449
2014-06-20,570.0,573.75,557.0,568.4500122070312,1086913
2014-06-23,568.4500122070312,577.0,567.2999877929688,574.0999755859375,610166
2014-06-24,574.0999755859375,582.0,571.5999755859375,579.9000244140625,816172
2014-06-25,580.0999755859375,589.0,573.0,586.5,796312
2014-06-26,589.9000244140625,590.0,577.7999877929688,584.7999877929688,838466
2014-06-27,586.2000122070312,594.0,581.5999755859375,584.7000122070312,738734
2014-06-30,585.0,597.9000244140625,584.7000122070312,594.0,785106
2014-07-01,593.2999877929688,598.7999877929688,580.3499755859375,583.8499755859375,696050
2014-07-02,586.5499877929688,596.0,582.0,584.0499877929688,816714
2014-07-03,585.0999755859375,587.75,576.2999877929688,581.7000122070312,511556
2014-07-04,584.9000244140625,592.8499755859375,584.0,588.6500244140625,374126
2014-07-07,588.6500244140625,596.5,584.0499877929688,593.5999755859375,713824
2014-07-08,590.4000244140625,604.0,584.7000122070312,590.0999755859375,809330
2014-07-09,590.0999755859375,602.4000244140625,586.5,594.6500244140625,653792
2014-07-10,595.0,597.7999877929688,580.0,587.0,525220
2014-07-11,581.25,589.5,565.1500244140625,568.8499755859375,811989
2014-07-14,571.1500244140625,597.9000244140625,568.0999755859375,589.5,672433
2014-07-15,594.5,595.7000122070312,577.0,582.5,574018
2014-07-16,580.5,588.5999755859375,577.0,579.8499755859375,675645
2014-07-17,580.0,585.0,577.2999877929688,579.6500244140625,356143
2014-07-18,580.9000244140625,589.9500122070312,578.3499755859375,580.4500122070312,925055
2014-07-21,587.9500122070312,595.0,582.0,593.6500244140625,593459
2014-07-22,597.9000244140625,610.9000244140625,592.7000122070312,603.5999755859375,1929744
2014-07-23,606.0,610.0,595.5999755859375,603.3499755859375,1050820
2014-07-24,602.75,625.0499877929688,599.6500244140625,620.0999755859375,934022
2014-07-25,620.2000122070312,639.9500122070312,617.75,637.4000244140625,1129698
2014-07-28,640.0,644.9000244140625,627.5,636.0,878389
2014-07-30,632.0,649.0,625.0,643.9000244140625,641494
2014-07-31,644.0,644.9500122070312,625.0999755859375,628.6500244140625,1019233
2014-08-01,620.0999755859375,630.9000244140625,620.0999755859375,624.5,508437
2014-08-04,625.0999755859375,633.7000122070312,620.75,629.8499755859375,613756
2014-08-05,629.9000244140625,636.0,624.0,633.4000244140625,509925
2014-08-06,628.25,651.6500244140625,627.6500244140625,640.6500244140625,1057573
2014-08-07,640.0,642.25,630.25,631.9500122070312,467998
2014-08-08,628.0,628.0,614.25,617.9500122070312,732145
2014-08-11,617.0,622.9500122070312,609.1500244140625,613.7999877929688,500617
2014-08-12,618.0,618.0,606.0499877929688,614.2000122070312,757120
2014-08-13,614.0,628.0,610.5499877929688,615.75,1091498
2014-08-14,620.0,625.0,615.2000122070312,617.7999877929688,644135
2014-08-18,622.7999877929688,626.4000244140625,617.5499877929688,619.3499755859375,674655
2014-08-19,620.5,625.6500244140625,613.0,615.2999877929688,640905
2014-08-20,614.0,619.4000244140625,605.0999755859375,612.5,1083389
2014-08-21,614.0,624.5499877929688,611.1500244140625,613.9000244140625,827640
2014-08-22,613.0,619.0,609.0499877929688,610.2000122070312,662770
2014-08-25,615.9000244140625,617.25,602.0,604.5999755859375,873238
2014-08-26,604.0,612.0,603.3499755859375,608.0,780261
2014-08-27,606.5,619.5499877929688,606.5,617.4500122070312,1286406
2014-08-28,620.1500244140625,631.9000244140625,620.0499877929688,624.2000122070312,2298792
2014-09-01,627.0999755859375,634.9000244140625,627.0999755859375,629.7999877929688,744728
2014-09-02,629.75,635.7999877929688,622.0499877929688,624.25,750353
2014-09-03,630.0,631.9500122070312,622.7000122070312,626.3499755859375,1140665
2014-09-04,625.25,636.75,622.0999755859375,632.3499755859375,1322883
2014-09-05,634.9000244140625,649.8499755859375,634.9000244140625,647.0499877929688,1563632
2014-09-08,650.0,680.8499755859375,650.0,676.0,2284209
2014-09-09,674.7999877929688,680.9500122070312,663.0499877929688,665.1500244140625,939947
2014-09-10,663.0,664.4000244140625,652.0999755859375,653.9000244140625,788175
2014-09-11,655.0,664.0,655.0,656.5999755859375,710191
2014-09-12,655.1500244140625,675.7000122070312,655.1500244140625,671.7999877929688,1101264
2014-09-15,667.0,669.9500122070312,658.0999755859375,661.4500122070312,1104474
2014-09-16,662.0,663.9500122070312,643.0,646.7999877929688,896478
2014-09-17,647.2000122070312,653.8499755859375,641.1500244140625,645.9500122070312,1158609
2014-09-18,641.25,663.9000244140625,641.25,659.5499877929688,811042
2014-09-19,662.4000244140625,674.0,662.0,669.5,1293093
2014-09-22,665.7999877929688,667.1500244140625,645.7000122070312,652.75,1317978
2014-09-23,652.5,656.9000244140625,628.2999877929688,634.7999877929688,1416455
2014-09-24,630.0,641.6500244140625,625.0,637.8499755859375,1688958
2014-09-25,641.5,643.0,618.0999755859375,620.6500244140625,1269854
2014-09-26,618.0,630.9500122070312,612.0,627.4000244140625,1411716
2014-09-29,629.0,634.0499877929688,623.3499755859375,625.5,1331626
2014-09-30,625.0,638.7000122070312,622.4000244140625,629.5499877929688,2073763
2014-10-01,630.0,639.5,626.4500122070312,631.7000122070312,580366
2014-10-07,625.5,637.5499877929688,625.2000122070312,629.0999755859375,1431462
2014-10-08,625.0,640.7999877929688,623.4000244140625,635.2999877929688,1066246
2014-10-09,639.9500122070312,657.8499755859375,639.7999877929688,655.1500244140625,1160688
2014-10-10,648.5999755859375,673.2000122070312,643.3499755859375,663.25,1533600
2014-10-13,661.9000244140625,665.0,649.0,655.6500244140625,1041522
2014-10-14,663.9000244140625,663.9000244140625,644.4500122070312,646.0999755859375,784209
2014-10-16,646.0999755859375,647.4500122070312,621.6500244140625,625.9000244140625,1335184
2014-10-17,632.0,644.0,630.0,640.0999755859375,1194425
2014-10-20,646.0,657.0,645.25,647.5999755859375,1135010
2014-10-21,652.0,653.2000122070312,638.5,644.25,1320367
2014-10-22,649.7999877929688,658.2999877929688,633.5499877929688,644.0,3318551
2014-10-27,657.5,658.7999877929688,647.2000122070312,648.75,1828483
2014-10-28,648.8499755859375,653.5999755859375,644.0999755859375,646.7000122070312,974665
2014-10-29,653.9500122070312,653.9500122070312,642.0,646.4000244140625,1472338
2014-10-30,644.6500244140625,647.5,641.0999755859375,644.7000122070312,1961313
2014-10-31,647.0999755859375,658.0,647.0999755859375,657.0,1568966
2014-11-03,660.9000244140625,663.0,650.6500244140625,653.5999755859375,1127612
2014-11-05,660.9000244140625,664.7999877929688,655.0,657.2999877929688,2038028
2014-11-07,660.0,660.0499877929688,637.0,646.0999755859375,1491347
2014-11-10,646.1500244140625,654.0,643.0,648.9000244140625,1507972
2014-11-11,648.25,655.9000244140625,644.5,649.2999877929688,1412600
2014-11-12,649.0,654.7000122070312,642.0,644.0,864869
2014-11-13,646.0,651.0,640.0,644.7999877929688,1113887
2014-11-14,646.9000244140625,674.4000244140625,642.4500122070312,672.2000122070312,5337199
2014-11-17,675.4000244140625,694.9500122070312,675.0,691.9500122070312,2528265
2014-11-18,695.0,703.5999755859375,683.0999755859375,700.9000244140625,1356980
2014-11-19,699.7000122070312,700.5999755859375,675.0999755859375,683.0999755859375,1515771
2014-11-20,684.7999877929688,693.5,680.0,690.5499877929688,647552
2014-11-21,691.7999877929688,696.7999877929688,685.0,692.1500244140625,1211218
2014-11-24,693.7999877929688,694.7999877929688,680.7000122070312,691.0999755859375,1103930
2014-11-25,688.9500122070312,694.7000122070312,682.3499755859375,691.75,1054109
2014-11-26,693.9000244140625,709.5,692.0999755859375,704.75,1470743
2014-11-27,709.4000244140625,718.0,702.7999877929688,705.7000122070312,1821915
2014-11-28,716.0999755859375,749.2000122070312,715.5999755859375,744.7000122070312,3400152
2014-12-01,753.9500122070312,802.2000122070312,753.0999755859375,797.0499877929688,3291847
2014-12-02,796.7999877929688,796.7999877929688,767.2000122070312,770.0499877929688,2476843
2014-12-03,774.7999877929688,794.9500122070312,773.0,789.4000244140625,1711464
2014-12-04,791.9500122070312,798.7999877929688,777.9500122070312,791.7000122070312,1376036
2014-12-05,794.9000244140625,797.5,781.75,784.6500244140625,588459
2014-12-08,794.0,809.5999755859375,786.2000122070312,793.5,1413437
2014-12-09,797.0,801.2999877929688,771.0999755859375,781.7999877929688,1457128
2014-12-10,779.9500122070312,779.9500122070312,764.4500122070312,775.6500244140625,1267394
2014-12-11,782.5999755859375,790.4500122070312,765.0,769.5,1437194
2014-12-12,774.5,785.3499755859375,770.0,774.2999877929688,1232250
2014-12-15,770.0,777.5999755859375,761.6500244140625,767.25,784332
2014-12-16,765.0,767.0,752.0,758.8499755859375,910901
2014-12-17,755.0999755859375,761.6500244140625,719.0,731.2999877929688,2346032
2014-12-18,737.2000122070312,748.7999877929688,735.2000122070312,744.9500122070312,1127699
2014-12-19,756.9500122070312,759.6500244140625,728.0,733.0,1902149
2014-12-22,731.2000122070312,747.7000122070312,731.2000122070312,745.5499877929688,1029222
2014-12-23,747.0,751.0,735.4000244140625,739.25,669484
2014-12-24,740.0999755859375,743.2000122070312,725.1500244140625,728.4500122070312,2337291
2014-12-26,732.0,738.0,722.0,727.0499877929688,525701
2014-12-29,728.8499755859375,759.2999877929688,728.8499755859375,757.5499877929688,865233
2014-12-30,761.0,762.9000244140625,745.0,749.9500122070312,732669
2014-12-31,749.75,757.9500122070312,749.0999755859375,752.2999877929688,648847
2015-01-01,751.0999755859375,754.5,747.0,749.1500244140625,284935
2015-01-02,751.25,781.4500122070312,751.25,775.0499877929688,2080850
2015-01-05,779.9000244140625,787.9000244140625,772.7000122070312,775.0,1326999
2015-01-06,775.0,783.0,750.4000244140625,756.5,1510720
2015-01-07,763.4000244140625,778.3499755859375,759.25,771.7000122070312,1427667
2015-01-08,783.7999877929688,822.9000244140625,778.0999755859375,820.3499755859375,2769416
2015-01-09,828.4500122070312,829.0,804.0499877929688,812.5,1708427
2015-01-12,813.0499877929688,818.4000244140625,800.2000122070312,807.75,1320557
2015-01-13,813.0,842.4500122070312,812.0999755859375,833.8499755859375,3835281
2015-01-14,840.0,850.0,830.2000122070312,842.6500244140625,2320114
2015-01-15,849.0,850.0,833.0,839.3499755859375,1308063
2015-01-16,844.9000244140625,859.0,840.0,843.4500122070312,1568660
2015-01-19,846.0,848.0,829.5499877929688,831.9000244140625,1041563
2015-01-20,835.0,847.0,835.0,839.2000122070312,1314139
2015-01-21,845.0,855.9000244140625,839.2000122070312,851.2999877929688,1663391
2015-01-22,856.5,881.6500244140625,852.8499755859375,867.1500244140625,1995155
2015-01-23,870.7999877929688,879.9500122070312,860.0999755859375,862.0999755859375,1531430
2015-01-27,868.9000244140625,892.7999877929688,865.5,890.5,1831293
2015-01-28,893.0499877929688,921.0,891.0499877929688,910.25,2895714
2015-01-29,913.7999877929688,922.5,867.2000122070312,881.2999877929688,5326269
2015-01-30,888.5,888.5,854.0999755859375,857.75,3291034
2015-02-02,850.0,851.0999755859375,803.5,808.0999755859375,4808585
2015-02-03,809.7999877929688,826.5,802.0,814.7000122070312,3048559
2015-02-04,819.7999877929688,823.2000122070312,800.7999877929688,803.8499755859375,912365
2015-02-05,812.0,826.4000244140625,808.0,810.8499755859375,1668101
2015-02-06,810.0,815.0,788.7999877929688,797.6500244140625,1668283
2015-02-09,790.0,822.0,783.4000244140625,803.6500244140625,1910672
2015-02-10,801.9000244140625,829.9000244140625,799.8499755859375,822.2000122070312,2235687
2015-02-11,830.0,845.0,828.0,840.75,1227804
2015-02-12,847.0,849.9000244140625,819.3499755859375,823.75,1974102
2015-02-13,824.3499755859375,834.9500122070312,815.0499877929688,826.75,1323475
2015-02-16,834.0,842.5,818.0,834.1500244140625,1584956
2015-02-18,839.0999755859375,842.0,819.7000122070312,821.0499877929688,1448399
2015-02-19,826.0,838.0,826.0,834.0999755859375,1216904
2015-02-20,834.25,836.0999755859375,823.2000122070312,825.7000122070312,699111
2015-02-23,829.5,833.0,806.0999755859375,809.5999755859375,1434240
2015-02-24,810.0,813.5,798.0,799.5499877929688,1141027
2015-02-25,805.2000122070312,816.0,805.0,813.8499755859375,1537365
2015-02-26,818.7999877929688,819.9000244140625,787.2000122070312,791.9000244140625,1600594
2015-02-27,799.0999755859375,809.0999755859375,796.0999755859375,807.1500244140625,1272026
2015-03-02,823.7999877929688,830.5999755859375,806.0,825.5999755859375,1383141
2015-03-03,829.8499755859375,842.0,827.2000122070312,838.2999877929688,1617826
2015-03-04,844.5,848.2000122070312,832.4000244140625,836.7999877929688,1600601
2015-03-05,837.0,841.5499877929688,828.0,833.9000244140625,694150
2015-03-09,832.5,832.5,808.8499755859375,812.6500244140625,626456
2015-03-10,813.0,818.0,802.0,807.9500122070312,691298
2015-03-11,818.0,819.9500122070312,806.75,809.0,942306
2015-03-12,814.7999877929688,815.0,805.2000122070312,808.0999755859375,979686
2015-03-13,811.9000244140625,818.7000122070312,805.5999755859375,808.4000244140625,837992
2015-03-16,813.0,835.8499755859375,809.0,831.8499755859375,1287189
2015-03-17,839.3499755859375,841.9500122070312,823.0,831.4000244140625,1384999
2015-03-18,835.8499755859375,835.8499755859375,810.0,814.2000122070312,1172762
2015-03-19,824.0,847.8499755859375,821.7000122070312,834.7999877929688,2037801
2015-03-20,836.0,837.0,805.5999755859375,809.9500122070312,1245311
2015-03-23,816.0,816.0,805.5,811.5999755859375,759196
2015-03-24,809.6500244140625,819.5,807.5999755859375,813.2999877929688,755974
2015-03-25,813.7999877929688,817.3499755859375,802.5,808.5,834390
2015-03-26,803.0,815.9000244140625,788.0,793.0999755859375,1516627
2015-03-27,793.0,793.0,768.0999755859375,778.1500244140625,1557785
2015-03-30,780.0999755859375,809.75,780.0499877929688,807.4500122070312,847421
2015-03-31,807.9000244140625,817.0,802.0499877929688,811.2999877929688,947718
2015-04-01,810.0,825.9000244140625,803.5,821.7000122070312,898480
2015-04-06,829.0,831.4000244140625,819.0,824.5,687263
2015-04-07,824.3499755859375,838.7999877929688,821.0,835.2000122070312,769528
2015-04-08,841.0,854.0,840.0,846.8499755859375,982733
2015-04-09,855.0,856.0,841.0,853.1500244140625,1019655
2015-04-10,853.0,861.7000122070312,843.2000122070312,859.4500122070312,802074
2015-04-13,860.0,865.5499877929688,852.4000244140625,862.0499877929688,805167
2015-04-15,861.6500244140625,863.0,835.0,839.0499877929688,1279621
2015-04-16,835.0,836.8499755859375,810.5999755859375,822.25,1366075
2015-04-17,822.25,829.5999755859375,815.0,816.7999877929688,685338
2015-04-20,818.0,819.2999877929688,800.0,808.9500122070312,920198
2015-04-21,813.4500122070312,816.9000244140625,792.0,796.5,652649
2015-04-22,800.0,806.0,769.2000122070312,785.4500122070312,1779318
2015-04-23,793.0999755859375,810.0,785.0,786.4000244140625,1275295
2015-04-24,792.5,792.5,765.0499877929688,771.3499755859375,1123939
2015-04-27,775.0,775.0,740.5499877929688,744.7999877929688,1625216
2015-04-28,741.9500122070312,768.6500244140625,730.0,765.4500122070312,2052761
2015-04-29,763.0999755859375,763.0999755859375,750.0,754.4000244140625,1445757
2015-04-30,749.2999877929688,770.8499755859375,747.2000122070312,762.4500122070312,2260678
2015-05-04,769.8499755859375,781.5,764.0,779.4000244140625,1071772
2015-05-05,780.0,784.8499755859375,768.6500244140625,781.4000244140625,952716
2015-05-06,779.0,779.0,750.1500244140625,760.8499755859375,1616619
2015-05-07,753.2999877929688,773.4500122070312,734.8499755859375,765.75,1718402
2015-05-08,773.0,774.4000244140625,752.75,759.4000244140625,1127201
2015-05-11,768.0,776.2000122070312,751.9000244140625,771.6500244140625,976348
2015-05-12,772.7999877929688,772.8499755859375,754.0,758.3499755859375,1137027
2015-05-13,759.0499877929688,775.0,759.0,762.5,839420
2015-05-14,762.0,803.0,755.0,796.4500122070312,1975784
2015-05-15,802.0,818.0,785.0,790.2999877929688,1503598
2015-05-18,796.8499755859375,818.0,762.0,766.75,6759860
2015-05-19,758.0,779.2999877929688,750.0,774.75,3903935
2015-05-20,775.6500244140625,777.9500122070312,764.1500244140625,771.2000122070312,1793967
2015-05-21,770.0,779.7999877929688,766.0499877929688,777.2000122070312,1678041
2015-05-22,775.0,779.7999877929688,771.2000122070312,775.4000244140625,1039136
2015-05-25,775.9500122070312,778.75,754.4000244140625,761.9000244140625,1282826
2015-05-26,762.0999755859375,769.0,755.5499877929688,763.5,906103
2015-05-27,762.0,762.0499877929688,754.4000244140625,759.25,792609
2015-05-28,760.1500244140625,771.0,758.5,767.3499755859375,1051538
2015-05-29,768.5,795.0,768.0,787.0499877929688,2583950
2015-06-01,787.7999877929688,794.7000122070312,786.2999877929688,789.75,713447
2015-06-02,789.0999755859375,794.2999877929688,756.0,759.2000122070312,1014316
2015-06-03,763.0,767.0,750.0,762.7000122070312,867736
2015-06-04,763.9000244140625,766.0,751.7999877929688,759.5999755859375,820596
2015-06-05,759.0,765.5999755859375,752.0,758.7999877929688,830300
2015-06-08,759.0,760.0,745.0,748.0,795683
2015-06-09,744.7999877929688,751.2000122070312,730.0,735.7000122070312,998511
2015-06-10,736.0,745.0999755859375,734.5999755859375,739.1500244140625,803748
2015-06-11,739.2000122070312,743.7000122070312,702.5,708.4000244140625,1453089
2015-06-12,709.0,722.7999877929688,702.0,705.6500244140625,1168519
2015-06-15,714.75,719.4000244140625,696.4000244140625,698.5499877929688,1244078
2015-06-16,700.9500122070312,706.0,693.0,704.9500122070312,2765685
2015-06-17,708.0,719.2000122070312,705.0,710.6500244140625,2215497
2015-06-18,718.9500122070312,734.3499755859375,718.9500122070312,728.9500122070312,1908157
2015-06-19,733.7999877929688,744.9000244140625,729.75,740.0,1783890
2015-06-22,744.6500244140625,751.5499877929688,732.5,747.7000122070312,1350579
2015-06-23,750.0,760.0,741.6500244140625,756.5,980083
2015-06-24,751.9000244140625,759.7999877929688,739.2000122070312,753.6500244140625,2982650
2015-06-25,753.0,759.7999877929688,745.0999755859375,750.2000122070312,1858338
2015-06-26,744.0999755859375,754.9000244140625,743.7999877929688,750.25,764357
2015-06-29,743.0,743.0,727.5,736.7000122070312,1100309
2015-06-30,737.0,759.5,737.0,755.3499755859375,1348105
2015-07-01,757.4500122070312,765.5999755859375,755.0999755859375,760.7999877929688,1025215
2015-07-02,763.0999755859375,772.5,761.0999755859375,762.9000244140625,973819
2015-07-03,762.0,778.4000244140625,758.4000244140625,772.7000122070312,1068877
2015-07-06,765.0,786.1500244140625,762.0,783.5499877929688,652931
2015-07-07,793.0,827.9000244140625,790.0499877929688,824.5999755859375,2464459
2015-07-08,819.7999877929688,835.0,797.3499755859375,802.25,1933525
2015-07-09,810.0,814.9000244140625,795.0,796.9500122070312,613555
2015-07-10,806.0,806.0,781.7000122070312,795.2999877929688,1027281
2015-07-13,805.2000122070312,821.2000122070312,803.2999877929688,817.6500244140625,1275702
2015-07-14,823.0,827.7999877929688,810.2999877929688,822.7000122070312,780973
2015-07-15,826.5,840.5,823.25,837.8499755859375,1095558
2015-07-16,853.0,854.2999877929688,843.2999877929688,848.0499877929688,1169553
2015-07-17,851.7999877929688,852.4000244140625,823.75,825.4000244140625,1089597
2015-07-20,830.0,855.9500122070312,827.25,852.2999877929688,1437246
2015-07-21,853.0,869.7000122070312,811.0999755859375,816.0499877929688,4611552
2015-07-22,820.0,845.0,820.0,843.2999877929688,2035530
2015-07-23,846.0,851.7999877929688,836.0999755859375,846.5,1188579
2015-07-24,852.0,856.0,845.0,849.0,1132540
2015-07-27,847.0,859.5999755859375,836.0,853.1500244140625,1153262
2015-07-28,857.0,858.2000122070312,825.0,835.1500244140625,1009835
2015-07-29,834.4000244140625,852.7999877929688,826.25,846.8499755859375,1010065
2015-07-30,848.0,866.4500122070312,847.5,857.5499877929688,1318726
2015-07-31,864.5,885.0,855.1500244140625,882.7999877929688,1842105
2015-08-03,880.0,888.0,875.0,877.5,763822
2015-08-04,884.0,908.8499755859375,878.1500244140625,905.7000122070312,2178289
2015-08-05,905.0,926.7999877929688,885.75,923.2999877929688,2003128
2015-08-06,920.0,924.5,910.0999755859375,916.0999755859375,923303
2015-08-07,911.0,924.4000244140625,895.2000122070312,898.6500244140625,1416068
2015-08-10,903.5,916.25,895.4000244140625,902.1500244140625,732357
2015-08-11,905.0,906.9500122070312,881.0,883.4000244140625,1091087
2015-08-12,890.0,895.5,867.0,871.3499755859375,721554
2015-08-13,872.1500244140625,886.9500122070312,862.3499755859375,874.3499755859375,1251179
2015-08-14,880.0,900.0,879.5499877929688,895.25,880842
2015-08-17,903.5,907.25,895.0,900.0499877929688,577133
2015-08-18,906.9500122070312,914.9000244140625,891.9000244140625,901.3499755859375,622790
2015-08-19,898.5,902.5999755859375,881.5999755859375,899.75,618923
2015-08-20,905.0,914.25,879.5499877929688,883.2000122070312,1404599
2015-08-21,875.0,893.0,864.0,886.75,905933
2015-08-24,858.0,877.2000122070312,825.5,837.5,1176140
2015-08-25,850.0,866.0,811.75,852.1500244140625,1329631
2015-08-26,851.0,868.0999755859375,847.0,851.9000244140625,1265081
2015-08-27,860.0,865.0,850.5,855.0,1335712
2015-08-28,866.8499755859375,874.0999755859375,850.0,858.25,1077558
2015-08-31,857.0,862.75,845.0499877929688,848.5999755859375,1260477
2015-09-01,844.0,844.0999755859375,802.7999877929688,819.0999755859375,1438466
2015-09-02,829.9000244140625,830.0,799.1500244140625,806.0,1500676
2015-09-03,815.0,833.0,806.5,826.5999755859375,887079
2015-09-04,824.0,824.0,792.0,812.8499755859375,1101752
2015-09-07,815.0,819.9500122070312,785.0499877929688,788.0,874378
2015-09-08,791.0999755859375,800.0,778.0,791.5,1489813
2015-09-09,800.0,822.9000244140625,796.0,821.1500244140625,1412900
2015-09-10,817.0,817.0,800.2999877929688,807.9500122070312,887236
2015-09-11,815.0,824.9000244140625,810.5499877929688,816.1500244140625,1034469
2015-09-14,822.0,842.4000244140625,819.0,840.25,1115176
2015-09-15,840.0999755859375,848.0,823.5999755859375,831.0999755859375,832597
2015-09-16,840.0,840.0,818.0999755859375,823.9500122070312,665278
2015-09-18,826.0,849.9000244140625,824.0,841.0499877929688,1139255
2015-09-21,838.2999877929688,838.2999877929688,824.0,829.7000122070312,688544
2015-09-22,831.2000122070312,839.4000244140625,802.0999755859375,804.7000122070312,826254
2015-09-23,795.0999755859375,804.0,786.0999755859375,794.0999755859375,1281278
2015-09-24,794.9000244140625,814.0,785.3499755859375,806.3499755859375,1503108
2015-09-28,810.0,813.0,790.0499877929688,794.4500122070312,739132
2015-09-29,783.0,809.9000244140625,780.0,804.7999877929688,1366194
2015-09-30,808.0,844.9000244140625,807.9000244140625,841.5999755859375,1734244
2015-10-01,845.7999877929688,849.0,836.1500244140625,839.6500244140625,633622
2015-10-05,843.0,856.9500122070312,842.4000244140625,855.4000244140625,882680
2015-10-06,859.9000244140625,864.0999755859375,849.7000122070312,853.7000122070312,779669
2015-10-07,855.0,868.0,852.2000122070312,865.0499877929688,983606
2015-10-08,865.0,879.9500122070312,860.0,874.1500244140625,952597
2015-10-09,876.5,884.2999877929688,846.2000122070312,853.7999877929688,1362132
2015-10-12,857.0,865.0,846.0499877929688,859.25,773525
2015-10-13,862.7000122070312,867.7999877929688,857.25,865.3499755859375,800729
2015-10-14,863.9000244140625,869.5,860.0499877929688,862.25,404366
2015-10-15,866.0,878.25,864.2000122070312,870.0499877929688,623054
2015-10-16,871.9500122070312,885.2000122070312,865.5999755859375,882.5,658119
2015-10-19,882.5,892.4000244140625,867.0,879.25,1247569
2015-10-20,874.0,888.9000244140625,872.5499877929688,875.4500122070312,1806905
2015-10-21,874.0,881.5499877929688,847.9500122070312,856.25,1442218
2015-10-23,863.0,866.0999755859375,850.4000244140625,858.5999755859375,2540806
2015-10-26,830.0499877929688,844.0,811.2000122070312,817.7000122070312,3455887
2015-10-27,818.0,829.9000244140625,818.0,827.0999755859375,1247705
2015-10-28,829.5,838.0,823.5999755859375,828.3499755859375,1108455
2015-10-29,831.0,834.7999877929688,820.4000244140625,829.3499755859375,1500496
2015-10-30,835.5999755859375,840.0,826.4000244140625,830.6500244140625,810491
2015-11-02,831.0,837.0,825.5,830.0999755859375,716702
2015-11-03,832.0,832.7000122070312,812.0499877929688,814.2000122070312,1599110
2015-11-04,814.5,822.5,800.5499877929688,802.2000122070312,1783909
2015-11-05,807.0,811.5,797.1500244140625,805.8499755859375,1016171
2015-11-06,808.5499877929688,816.0,800.0,801.2000122070312,918564
2015-11-09,790.9000244140625,818.4000244140625,784.25,816.4000244140625,1163084
2015-11-10,814.7000122070312,816.0,796.7999877929688,797.7999877929688,751899
2015-11-13,807.0,808.0,792.5,800.4000244140625,765985
2015-11-16,796.0,809.9500122070312,795.2000122070312,800.9500122070312,604535
2015-11-17,807.4500122070312,813.25,800.3499755859375,807.6500244140625,500272
2015-11-18,807.9500122070312,824.5,807.0,821.75,1253226
2015-11-19,827.0,833.7999877929688,819.0999755859375,823.7000122070312,1038035
2015-11-20,821.4000244140625,831.7999877929688,818.5499877929688,829.2000122070312,712339
2015-11-23,838.2000122070312,852.0,835.0,850.2999877929688,1475762
2015-11-24,850.0,861.75,846.2000122070312,856.5999755859375,771337
2015-11-26,861.0,865.9500122070312,851.7999877929688,861.8499755859375,678200
2015-11-27,862.5999755859375,864.0,852.0,859.0999755859375,444323
2015-11-30,859.0,859.0,834.0,838.5,1679737
2015-12-01,843.0,848.0,831.6500244140625,844.5999755859375,720255
2015-12-02,847.9500122070312,867.2000122070312,844.7999877929688,848.5499877929688,980956
2015-12-03,849.0,849.2000122070312,839.0,842.4000244140625,540473
2015-12-04,841.5,841.5,829.4500122070312,834.7000122070312,779530
2015-12-07,842.0,873.8499755859375,841.0,871.4500122070312,1602605
2015-12-08,874.0499877929688,877.4000244140625,857.2000122070312,860.75,1058074
2015-12-09,866.4500122070312,866.4500122070312,836.9500122070312,840.0,751034
2015-12-10,844.5,861.2000122070312,842.2000122070312,859.2000122070312,636140
2015-12-11,860.9500122070312,863.5499877929688,848.75,858.4000244140625,780634
2015-12-14,860.0,878.4000244140625,853.0,875.4500122070312,889790
2015-12-15,878.5,880.0,866.4500122070312,878.5499877929688,861784
2015-12-16,880.0,883.9500122070312,859.0999755859375,866.5,900351
2015-12-17,871.5,878.5,864.0,876.0999755859375,716229
2015-12-18,874.5,885.9000244140625,868.0,879.4500122070312,1098597
2015-12-21,879.0,884.0,866.7000122070312,873.5,896692
2015-12-22,874.0,887.0,873.5499877929688,880.9500122070312,663204
2015-12-23,882.9500122070312,883.9500122070312,874.75,878.9500122070312,350212
2015-12-24,880.5,883.9000244140625,873.5499877929688,881.7999877929688,403140
2015-12-28,882.0,886.25,876.75,881.0499877929688,633270
2015-12-29,883.7000122070312,885.0,878.5999755859375,880.0999755859375,602111
2015-12-30,881.1500244140625,883.0,875.0,878.1500244140625,450359
2015-12-31,879.9500122070312,886.9500122070312,875.0,883.5499877929688,526825
2016-01-01,882.0,885.5999755859375,876.9000244140625,878.75,294006
2016-01-04,876.2000122070312,892.4500122070312,871.7000122070312,880.7999877929688,709103
2016-01-05,881.2999877929688,905.0,881.2999877929688,900.6500244140625,1372748
2016-01-06,904.5,911.9000244140625,884.0,886.4000244140625,1716479
2016-01-07,883.0,891.5499877929688,869.0,872.3499755859375,990333
2016-01-08,879.0,881.9500122070312,866.5999755859375,874.5999755859375,886022
2016-01-11,870.0,884.0,861.5999755859375,873.8499755859375,801102
2016-01-12,882.0,885.5,870.2000122070312,872.9000244140625,998419
2016-01-13,879.9500122070312,883.5,850.0499877929688,868.5499877929688,901426
2016-01-14,863.5,897.0,851.0999755859375,889.4000244140625,2296682
2016-01-15,893.0,894.9500122070312,874.2999877929688,879.25,1301590
2016-01-18,890.0,893.0,841.6500244140625,850.2999877929688,2335330
2016-01-19,867.9000244140625,868.4000244140625,826.0,845.5499877929688,2443365
2016-01-20,834.0,856.0,830.0,840.3499755859375,2247202
2016-01-21,850.0,856.0,841.0,844.4500122070312,1138753
2016-01-22,853.0,873.4000244140625,849.2000122070312,869.9500122070312,1774017
2016-01-25,870.0,882.0,868.1500244140625,878.5999755859375,1794107
2016-01-27,880.0,881.7999877929688,855.1500244140625,858.5499877929688,969509
2016-01-28,854.0,865.0,852.1500244140625,858.9500122070312,1392051
2016-01-29,864.0,875.0,859.0,869.9000244140625,1320575
2016-02-01,874.2000122070312,890.0,871.2999877929688,887.4000244140625,786217
2016-02-02,889.9000244140625,894.75,878.0,882.5,920875
2016-02-03,876.2000122070312,883.9500122070312,859.0499877929688,863.7000122070312,540771
2016-02-04,865.0,895.9500122070312,865.0,889.3499755859375,1658831
2016-02-05,889.0,903.4500122070312,886.4000244140625,899.25,1739178
2016-02-08,903.0,907.5,886.0,888.5999755859375,783143
2016-02-09,884.9000244140625,894.2999877929688,878.5,884.2000122070312,636386
2016-02-10,888.5,889.0,866.5,876.5499877929688,707101
2016-02-11,874.75,874.75,852.0,855.7000122070312,1004015
2016-02-12,860.0,873.25,846.5,854.9000244140625,1089266
2016-02-15,866.0,872.2000122070312,853.0,858.7000122070312,703958
2016-02-16,855.0499877929688,860.1500244140625,836.0999755859375,840.2999877929688,985215
2016-02-17,844.0,858.9500122070312,827.0999755859375,856.0,1171983
2016-02-18,862.0,863.7999877929688,830.5999755859375,835.25,997874
2016-02-19,834.9500122070312,856.9000244140625,829.0,854.7000122070312,799360
2016-02-22,856.0,873.2000122070312,854.0,870.8499755859375,609601
2016-02-23,871.0,879.9000244140625,866.1500244140625,877.0999755859375,1438921
2016-02-24,879.0,885.75,875.0,881.7999877929688,1289097
2016-02-25,880.5,884.9000244140625,858.7000122070312,861.7000122070312,1326303
2016-02-26,868.0,874.0,854.2000122070312,862.5499877929688,536753
2016-02-29,864.0999755859375,868.9500122070312,841.5999755859375,846.0999755859375,890886
2016-03-01,852.5999755859375,874.6500244140625,850.0,871.9500122070312,1161059
2016-03-02,876.0,880.9500122070312,866.5,871.8499755859375,808137
2016-03-03,874.4000244140625,896.5,871.75,880.25,1061326
2016-03-04,886.5999755859375,890.0999755859375,858.4000244140625,865.7999877929688,1039977
2016-03-08,867.9000244140625,881.7999877929688,858.0499877929688,875.7000122070312,1174011
2016-03-09,876.0,888.7999877929688,869.8499755859375,876.2000122070312,1401934
2016-03-10,870.0,896.0,870.0,894.75,810951
2016-03-11,900.0,903.7000122070312,891.5499877929688,898.3499755859375,1043602
2016-03-14,898.0,903.2000122070312,888.5999755859375,899.3499755859375,788258
2016-03-15,903.0,906.5,876.1500244140625,884.5999755859375,954046
2016-03-16,880.2999877929688,882.0,862.0999755859375,864.9000244140625,1456263
2016-03-17,870.0,876.0,865.0999755859375,872.5499877929688,965277
2016-03-18,871.0,877.9000244140625,859.9500122070312,875.3499755859375,1072444
2016-03-21,873.25,875.0,852.4000244140625,859.6500244140625,1484160
2016-03-22,860.0,860.0,846.0499877929688,853.3499755859375,1746522
2016-03-23,853.3499755859375,856.9000244140625,846.25,850.0,917099
2016-03-28,850.0,857.4500122070312,842.7000122070312,845.4000244140625,1722071
2016-03-29,847.4000244140625,860.0,845.0,856.0999755859375,1101097
2016-03-30,864.0,885.0,861.8499755859375,881.8499755859375,1470782
2016-03-31,880.5,884.25,865.0999755859375,868.4000244140625,1682214
2016-04-01,871.0,883.9500122070312,865.0,870.0,853331
2016-04-04,874.0,888.5,865.25,886.1500244140625,662760
2016-04-05,885.4000244140625,885.4000244140625,862.0,869.8499755859375,762479
2016-04-06,869.7000122070312,875.0,860.6500244140625,863.2999877929688,451307
2016-04-07,864.0,869.0,855.0499877929688,858.25,449770
2016-04-08,860.0,861.4500122070312,849.5999755859375,851.5499877929688,448087
2016-04-11,850.0,861.9000244140625,842.75,860.0,651373
2016-04-12,861.7999877929688,870.0,859.5,866.9000244140625,433486
2016-04-13,870.5,876.0,866.0,874.3499755859375,692424
2016-04-18,884.25,886.5499877929688,875.0,885.2000122070312,685762
2016-04-20,885.0,887.75,875.25,885.7999877929688,778272
2016-04-21,890.0,895.0,885.0999755859375,889.1500244140625,702226
2016-04-22,885.7000122070312,893.7000122070312,869.4000244140625,871.5499877929688,692414
2016-04-25,870.4000244140625,870.4000244140625,856.0,861.75,587700
2016-04-26,864.2000122070312,880.0,859.0499877929688,876.9000244140625,694778
2016-04-27,875.7000122070312,891.0,871.0,889.8499755859375,553126
2016-04-28,889.8499755859375,894.5,870.0,873.0999755859375,1013142
2016-04-29,873.0,876.0,861.6500244140625,866.25,955985
2016-05-02,864.0,867.5,860.6500244140625,864.7999877929688,199724
2016-05-03,869.5,886.9000244140625,865.4000244140625,872.0,1073196
2016-05-04,872.0,879.0,864.0,873.5999755859375,469904
2016-05-05,874.0999755859375,875.4500122070312,862.4500122070312,867.0499877929688,402567
2016-05-06,863.9500122070312,890.0,861.5,889.0499877929688,1249025
2016-05-09,894.9500122070312,913.9000244140625,893.6500244140625,906.5999755859375,1355429
2016-05-10,904.9500122070312,908.25,893.4500122070312,898.3499755859375,1034271
2016-05-11,892.0,919.0,887.5,907.8499755859375,2228431
2016-05-12,920.0,933.9000244140625,917.2000122070312,928.7999877929688,2382775
2016-05-13,928.75,948.0,927.5999755859375,943.6500244140625,2285317
2016-05-16,948.9500122070312,957.7999877929688,945.0,952.6500244140625,1913343
2016-05-17,953.5,972.0,947.75,969.6500244140625,1770437
2016-05-18,969.0,971.0,952.4500122070312,963.25,1273835
2016-05-19,968.8499755859375,968.8499755859375,952.0499877929688,956.7999877929688,1251713
2016-05-20,956.0,963.0,950.75,956.0,972841
2016-05-23,959.9000244140625,960.0,943.6500244140625,946.5999755859375,726047
2016-05-24,952.4000244140625,962.4000244140625,941.7000122070312,956.25,490332
2016-05-25,963.1500244140625,985.0,962.7999877929688,982.25,815313
2016-05-26,988.5499877929688,999.5,973.4500122070312,991.8499755859375,1410903
2016-05-27,991.9000244140625,1001.7999877929688,986.4500122070312,998.25,1105534
2016-05-30,994.0,1004.25,978.4500122070312,984.9000244140625,1487177
2016-05-31,988.0,995.5,980.7000122070312,984.8499755859375,1151373
2016-06-01,989.0499877929688,1025.0,989.0499877929688,1021.7000122070312,2068760
2016-06-02,1007.0,1029.0,996.5499877929688,1024.050048828125,2420319
2016-06-03,1023.5,1032.0999755859375,1013.5,1025.300048828125,2045789
2016-06-06,1017.0999755859375,1032.3499755859375,1016.5999755859375,1026.300048828125,1574228
2016-06-07,1025.3499755859375,1037.449951171875,1024.5999755859375,1032.75,755934
2016-06-08,1029.0,1029.0,1011.25,1018.0499877929688,933533
2016-06-09,1018.0,1019.0,995.7000122070312,998.7999877929688,1024252
2016-06-10,994.9500122070312,999.0,989.5999755859375,992.0499877929688,1313970
2016-06-13,987.0,996.5,985.0999755859375,994.9000244140625,808571
2016-06-14,995.0,999.0,978.5999755859375,986.5,699283
2016-06-15,986.0,1002.0,986.0,998.4000244140625,731016
2016-06-16,993.75,1009.0,986.2000122070312,1006.5499877929688,740810
2016-06-17,1010.0,1014.8499755859375,994.0,999.5999755859375,365441
2016-06-20,994.9500122070312,997.0,986.25,991.5,627622
2016-06-21,990.0,991.0,977.2000122070312,982.0499877929688,712870
2016-06-22,980.0,989.4500122070312,978.5,985.4500122070312,507154
2016-06-23,986.0999755859375,990.0,980.2999877929688,984.0999755859375,678141
2016-06-24,974.0999755859375,993.0,963.5999755859375,989.5499877929688,777600
2016-06-27,970.25,992.9500122070312,970.25,974.2999877929688,662651
2016-06-28,981.0,985.0,975.3499755859375,980.2000122070312,822749
2016-06-29,978.25,999.2999877929688,978.25,994.2000122070312,711457
2016-06-30,1004.8499755859375,1009.0,996.0499877929688,1003.2999877929688,1039352
2016-07-01,1002.7999877929688,1011.0999755859375,995.4500122070312,1002.5,1314022
2016-07-04,1008.0,1017.0499877929688,998.2000122070312,1000.4000244140625,884699
2016-07-05,1003.0,1004.8499755859375,983.3499755859375,985.0999755859375,523870
2016-07-07,989.3499755859375,997.0,985.0,987.7000122070312,757053
2016-07-08,992.9000244140625,1013.9000244140625,988.1500244140625,1010.7000122070312,1200518
2016-07-11,1020.0,1033.0,1017.8499755859375,1026.800048828125,1082293
2016-07-12,1028.800048828125,1037.9000244140625,1016.7999877929688,1020.4500122070312,1259777
2016-07-13,1029.0,1029.0,1006.4500122070312,1009.5,1319911
2016-07-14,1010.2000122070312,1025.5,1009.0,1017.5999755859375,754274
2016-07-15,1018.2000122070312,1031.5,1018.2000122070312,1025.9000244140625,671924
2016-07-18,1027.0999755859375,1044.9000244140625,1025.25,1028.5,721547
2016-07-19,1031.0,1037.5,1021.2000122070312,1030.699951171875,541334
2016-07-20,1029.25,1036.4000244140625,1020.0,1028.550048828125,529012
2016-07-21,1029.800048828125,1048.0,1026.550048828125,1042.699951171875,706661
2016-07-22,1047.8499755859375,1054.0,1042.050048828125,1047.050048828125,502766
2016-07-25,1049.300048828125,1074.4000244140625,1047.1500244140625,1070.6500244140625,734354
2016-07-26,1072.0999755859375,1074.949951171875,1055.0,1060.75,562982
2016-07-27,1069.9000244140625,1073.800048828125,1052.199951171875,1061.800048828125,765267
2016-07-28,1074.0,1153.800048828125,1068.0,1128.0,5831636
2016-07-29,1127.5,1137.699951171875,1102.25,1114.1500244140625,1152956
2016-08-01,1119.5999755859375,1134.0,1115.050048828125,1120.9000244140625,864041
2016-08-02,1129.699951171875,1142.5,1118.6500244140625,1123.3499755859375,832931
2016-08-03,1132.449951171875,1147.1500244140625,1124.050048828125,1143.4000244140625,1130691
2016-08-04,1152.050048828125,1154.5999755859375,1116.699951171875,1127.300048828125,1075876
2016-08-05,1131.0,1145.300048828125,1128.75,1143.3499755859375,543090
2016-08-08,1153.0,1153.0,1136.0,1148.3499755859375,407801
2016-08-09,1153.5999755859375,1154.949951171875,1134.0,1146.5,541100
2016-08-10,1142.0999755859375,1148.449951171875,1128.0999755859375,1129.949951171875,788849
2016-08-11,1130.0,1147.5,1118.5999755859375,1145.0999755859375,651399
2016-08-12,1143.0,1161.25,1125.4000244140625,1137.5,795382
2016-08-16,1135.5,1147.800048828125,1126.9000244140625,1129.6500244140625,921462
2016-08-17,1115.0,1127.699951171875,1108.1500244140625,1113.550048828125,742834
2016-08-18,1119.75,1119.75,1102.550048828125,1107.3499755859375,1263890
2016-08-19,1101.3499755859375,1126.9000244140625,1101.3499755859375,1113.5,864966
2016-08-22,1121.0,1121.0,1105.0,1113.9000244140625,827995
2016-08-23,1112.699951171875,1129.6500244140625,1108.1500244140625,1126.25,684493
2016-08-24,1130.0,1130.199951171875,1115.5999755859375,1118.8499755859375,417969
2016-08-25,1120.0999755859375,1126.5,1102.800048828125,1105.9000244140625,554850
2016-08-26,1106.25,1127.550048828125,1091.050048828125,1123.300048828125,869672
2016-08-29,1123.300048828125,1124.6500244140625,1104.1500244140625,1111.8499755859375,452947
2016-08-30,1115.0,1148.0,1110.0,1146.199951171875,674826
2016-08-31,1157.0,1173.9000244140625,1149.0,1157.9000244140625,1668417
2016-09-01,1159.8499755859375,1164.050048828125,1142.0,1156.949951171875,621894
2016-09-02,1158.949951171875,1172.0,1151.300048828125,1167.550048828125,710106
2016-09-06,1175.0,1213.9000244140625,1170.5999755859375,1204.1500244140625,1131704
2016-09-07,1208.0,1209.0,1170.699951171875,1177.199951171875,1092266
2016-09-08,1179.0,1190.0,1171.0,1182.5999755859375,888245
2016-09-09,1181.9000244140625,1181.9000244140625,1168.0,1171.75,575102
2016-09-12,1156.3499755859375,1163.0,1137.0,1154.5999755859375,465079
2016-09-14,1150.0999755859375,1178.949951171875,1150.0999755859375,1163.5999755859375,704633
2016-09-15,1170.0,1175.5,1160.0,1173.550048828125,616127
2016-09-16,1173.5999755859375,1181.25,1152.0,1155.1500244140625,1136226
2016-09-19,1157.199951171875,1172.0,1157.199951171875,1163.5999755859375,550698
2016-09-20,1164.0,1173.699951171875,1162.5999755859375,1165.050048828125,966451
2016-09-21,1165.9000244140625,1176.0,1165.9000244140625,1170.5999755859375,615798
2016-09-22,1182.300048828125,1197.0,1175.0,1192.0,913747
2016-09-23,1201.0,1203.5,1185.0,1191.199951171875,668223
2016-09-26,1195.0,1195.0,1174.9000244140625,1183.0,817715
2016-09-27,1184.199951171875,1203.0,1184.199951171875,1192.550048828125,532323
2016-09-28,1193.0,1201.0,1188.0999755859375,1193.5,566690
2016-09-29,1194.3499755859375,1203.3499755859375,1160.0,1167.3499755859375,1125599
2016-09-30,1167.0,1179.949951171875,1156.0,1160.699951171875,478253
2016-10-03,1170.0,1199.0,1165.4000244140625,1193.0,747111
2016-10-04,1202.0,1203.0,1179.4000244140625,1192.550048828125,503642
2016-10-05,1188.0,1224.0,1185.0,1208.75,1080751
2016-10-06,1210.0999755859375,1222.4000244140625,1201.699951171875,1209.5,746006
2016-10-07,1208.0,1210.0,1180.800048828125,1184.5999755859375,873434
2016-10-10,1189.0,1219.0,1189.0,1212.6500244140625,570180
2016-10-13,1227.0,1227.300048828125,1208.8499755859375,1216.5999755859375,1391322
2016-10-14,1216.0999755859375,1220.0,1202.25,1205.75,354200
2016-10-17,1208.0999755859375,1208.4000244140625,1178.5,1182.300048828125,365921
2016-10-18,1186.4000244140625,1193.3499755859375,1165.550048828125,1174.5,1339044
2016-10-19,1180.0,1184.1500244140625,1163.25,1169.300048828125,1201677
2016-10-20,1175.0,1177.0,1163.25,1165.75,448785
2016-10-21,1172.9000244140625,1172.9000244140625,1144.4000244140625,1153.5,948987
2016-10-24,1161.1500244140625,1162.0,1124.0999755859375,1127.5,1287073
2016-10-25,1131.949951171875,1158.300048828125,1117.0999755859375,1139.75,3014876
2016-10-26,1153.300048828125,1157.0,1113.9000244140625,1123.0999755859375,1323248
2016-10-27,1133.0,1134.4000244140625,1081.0,1085.449951171875,1764517
2016-10-28,1081.0,1096.949951171875,1066.050048828125,1069.9000244140625,1732990
2016-11-01,1077.0999755859375,1088.199951171875,1072.0,1076.699951171875,983171
2016-11-02,1067.9000244140625,1083.3499755859375,1055.3499755859375,1062.75,872573
2016-11-03,1058.300048828125,1075.0,1033.449951171875,1037.1500244140625,1075107
2016-11-04,1039.199951171875,1054.800048828125,1035.0999755859375,1043.050048828125,976222
2016-11-07,1048.0,1059.5999755859375,1027.9000244140625,1037.3499755859375,829767
2016-11-08,1044.75,1060.0,1040.0,1057.0,780312
2016-11-09,999.0,1058.0999755859375,952.0,1050.949951171875,2005884
2016-11-10,1056.0,1060.0,1008.0,1011.2999877929688,1719037
2016-11-11,1000.0,1004.9500122070312,958.0,962.2999877929688,2665967
2016-11-15,970.9500122070312,970.9500122070312,869.0,890.7999877929688,5354021
2016-11-16,917.5,945.9000244140625,903.0,935.7000122070312,3032067
2016-11-17,946.0,947.1500244140625,917.0,918.4500122070312,1310176
2016-11-18,925.9000244140625,928.9500122070312,899.8499755859375,908.2000122070312,1335202
2016-11-21,918.0,918.0,891.75,900.0,1639425
2016-11-22,908.0,912.9500122070312,895.0,907.75,1678288
2016-11-23,915.9000244140625,946.4000244140625,912.0,942.0499877929688,2371811
2016-11-24,938.25,965.75,932.0499877929688,936.0999755859375,2908165
2016-11-25,943.9000244140625,953.2999877929688,938.7999877929688,945.4500122070312,1460489
2016-11-28,950.0,968.6500244140625,933.5,936.0999755859375,1335539
2016-11-29,940.4000244140625,967.0,935.2000122070312,958.5499877929688,2507536
2016-11-30,967.9500122070312,974.9000244140625,952.5499877929688,969.9000244140625,4460941
2016-12-01,967.0,968.0,936.0,939.1500244140625,1517103
2016-12-02,936.0,936.5,902.0,904.8499755859375,2139914
2016-12-05,910.0,941.5999755859375,895.25,937.6500244140625,1881935
2016-12-06,940.9000244140625,944.7000122070312,924.1500244140625,934.1500244140625,889147
2016-12-07,936.0,948.5,928.2000122070312,932.2000122070312,809152
2016-12-08,941.9500122070312,947.5499877929688,929.7999877929688,936.1500244140625,1024529
2016-12-09,942.0,953.9500122070312,935.0499877929688,941.75,1600112
2016-12-12,931.2999877929688,937.1500244140625,909.0,910.25,1531811
2016-12-13,915.0,915.0,895.0,906.75,1572248
2016-12-14,908.0,923.2000122070312,908.0,914.3499755859375,944657
2016-12-15,909.6500244140625,916.75,901.7000122070312,903.0,958978
2016-12-16,911.9500122070312,911.9500122070312,898.0,899.9000244140625,1041676
2016-12-19,901.4000244140625,902.0,875.0999755859375,878.4000244140625,1905631
2016-12-20,875.5,882.0,860.0499877929688,865.7000122070312,1811388
2016-12-21,867.2000122070312,876.5,861.5499877929688,865.5499877929688,1321988
2016-12-22,865.5499877929688,874.2999877929688,851.0999755859375,870.2999877929688,1472349
2016-12-23,875.0,885.0,861.5,874.0,1325637
2016-12-26,874.0,885.0,860.0,867.7999877929688,1313467
2016-12-27,871.9000244140625,877.7999877929688,863.4000244140625,876.0,846898
2016-12-28,876.0,890.0,869.5499877929688,875.7000122070312,1093720
2016-12-29,879.0,887.0,877.0,880.0499877929688,1203203
2016-12-30,884.9500122070312,895.0,882.5,891.0499877929688,935476
2017-01-02,893.0,907.5,882.25,904.6500244140625,1031421
2017-01-03,910.0,910.0,893.4500122070312,896.5999755859375,2068282
2017-01-04,901.9000244140625,914.5,897.0,906.5999755859375,1408241
2017-01-05,913.9000244140625,919.9000244140625,901.5,916.5,2569365
2017-01-06,918.0,932.5,914.5999755859375,929.5,1717545
2017-01-09,932.0,933.0499877929688,906.0,910.0999755859375,1356124
2017-01-10,915.0,929.0,907.9500122070312,923.5999755859375,1735052
2017-01-11,926.5,940.5999755859375,921.5,934.6500244140625,1236472
2017-01-12,935.0,939.3499755859375,926.2999877929688,933.5499877929688,955700
2017-01-13,935.5499877929688,938.2000122070312,927.1500244140625,933.25,770385
2017-01-16,930.0,941.5499877929688,926.9000244140625,935.25,889759
2017-01-17,940.0,963.5,937.0,960.1500244140625,1742445
2017-01-18,960.1500244140625,972.4500122070312,960.0,963.3499755859375,1216887
2017-01-19,965.0999755859375,965.75,954.4000244140625,962.7000122070312,770727
2017-01-20,960.2999877929688,977.8499755859375,954.1500244140625,967.2000122070312,2190366
2017-01-23,967.4000244140625,973.5499877929688,957.75,964.7000122070312,1206139
2017-01-24,963.5,979.8499755859375,953.5999755859375,973.4500122070312,1748158
2017-01-25,979.0,981.3499755859375,971.1500244140625,977.7000122070312,1128224
2017-01-27,979.7999877929688,989.5999755859375,964.0999755859375,969.5999755859375,1043635
2017-01-30,969.0,979.0,963.0,973.2000122070312,572175
2017-01-31,972.7999877929688,977.5,964.0,970.7000122070312,603928
2017-02-01,970.7000122070312,1001.0499877929688,970.2000122070312,991.0,1241463
2017-02-02,989.4500122070312,995.0,981.9500122070312,989.0,1365514
2017-02-03,990.0,993.9000244140625,981.0499877929688,985.9000244140625,465754
2017-02-06,990.0999755859375,1004.9500122070312,985.5,992.5,744278
2017-02-07,992.0,1003.9500122070312,990.2000122070312,999.2999877929688,577723
2017-02-08,999.2999877929688,1009.9000244140625,981.0,997.7000122070312,1192386
2017-02-09,999.0,1005.0,991.0,1002.8499755859375,493191
2017-02-10,1005.9000244140625,1009.0,990.5,993.0499877929688,479738
2017-02-13,995.0,1000.0,981.5,984.75,643641
2017-02-14,988.0,988.0499877929688,970.0,980.7999877929688,604108
2017-02-15,981.2000122070312,986.9500122070312,976.0,981.7000122070312,600970
2017-02-16,985.0,989.5499877929688,967.75,969.9000244140625,932357
2017-02-17,973.0,973.4000244140625,955.5999755859375,960.7999877929688,1142332
2017-02-20,961.0,979.9500122070312,953.8499755859375,975.75,1092302
2017-02-21,977.7000122070312,993.9500122070312,976.2999877929688,991.5,885074
2017-02-22,995.0999755859375,1025.75,993.9000244140625,1020.2999877929688,2809160
2017-02-23,1030.0,1030.0,1005.3499755859375,1009.0,1580357
2017-02-27,1010.0,1018.5499877929688,999.0,1001.9500122070312,738246
2017-02-28,1003.0999755859375,1026.800048828125,998.1500244140625,1024.199951171875,1368244
2017-03-01,1030.0,1040.0,1026.050048828125,1032.75,1124115
2017-03-02,1037.9000244140625,1044.75,1026.4000244140625,1028.75,1037442
2017-03-03,1027.050048828125,1027.050048828125,1006.0,1013.7000122070312,596208
2017-03-06,1020.0,1033.800048828125,1016.0,1029.4000244140625,559268
2017-03-07,1030.550048828125,1032.5999755859375,1020.5,1023.9500122070312,429279
2017-03-08,1024.0,1034.75,1015.0,1022.5499877929688,1164247
2017-03-09,1028.5,1040.800048828125,1025.0,1031.0999755859375,827512
2017-03-10,1024.0999755859375,1037.199951171875,1024.0999755859375,1030.25,579487
2017-03-14,1049.800048828125,1077.800048828125,1040.5999755859375,1071.4000244140625,1640301
2017-03-15,1068.0,1075.5,1061.0999755859375,1064.050048828125,619852
2017-03-16,1071.25,1089.5,1068.25,1087.550048828125,1382416
2017-03-17,1090.25,1092.199951171875,1075.0,1079.449951171875,782439
2017-03-20,1081.800048828125,1083.0,1067.1500244140625,1079.699951171875,423077
2017-03-21,1081.949951171875,1084.949951171875,1063.449951171875,1068.699951171875,1431610
2017-03-22,1058.0,1064.1500244140625,1048.550048828125,1057.8499755859375,661176
2017-03-23,1060.0,1070.0,1054.0,1061.5999755859375,466635
2017-03-24,1062.800048828125,1073.0,1061.050048828125,1064.25,435183
2017-03-27,1068.0,1068.0,1039.949951171875,1042.9000244140625,833514
2017-03-28,1045.0,1061.949951171875,1045.0,1057.8499755859375,452398
2017-03-29,1062.0,1079.0,1057.8499755859375,1068.0999755859375,1345902
2017-03-30,1068.0999755859375,1074.699951171875,1062.0,1070.0999755859375,1171200
2017-03-31,1070.0,1079.5,1065.0,1073.5,937954
2017-04-03,1074.699951171875,1098.449951171875,1068.5,1089.8499755859375,790370
2017-04-05,1094.0,1094.6500244140625,1068.800048828125,1082.550048828125,927397
2017-04-06,1078.4000244140625,1089.0,1071.5,1086.9000244140625,690411
2017-04-07,1077.0,1089.9000244140625,1073.0999755859375,1082.949951171875,837821
2017-04-10,1078.4000244140625,1080.449951171875,1057.050048828125,1059.199951171875,757492
2017-04-11,1063.699951171875,1076.75,1056.550048828125,1072.5,731062
2017-04-12,1075.5,1081.9000244140625,1063.0999755859375,1070.449951171875,719256
2017-04-13,1070.449951171875,1081.4000244140625,1066.1500244140625,1078.300048828125,328677
2017-04-17,1079.550048828125,1080.0,1056.449951171875,1059.3499755859375,506747
2017-04-18,1062.4000244140625,1068.949951171875,1037.300048828125,1040.449951171875,722855
2017-04-19,1044.0,1056.0,1033.699951171875,1048.9000244140625,398732
2017-04-20,1056.0,1062.75,1042.5,1058.800048828125,493562
2017-04-21,1065.9000244140625,1071.5,1054.199951171875,1065.449951171875,701515
2017-04-24,1066.0999755859375,1074.3499755859375,1063.699951171875,1069.949951171875,363436
2017-04-25,1074.699951171875,1101.949951171875,1070.0,1097.9000244140625,1060527
2017-04-26,1104.9000244140625,1122.0,1092.75,1104.6500244140625,1870316
2017-04-27,1104.9000244140625,1109.550048828125,1092.0,1105.3499755859375,666287
2017-04-28,1106.5999755859375,1124.949951171875,1105.3499755859375,1120.449951171875,1012065
2017-05-02,1123.0999755859375,1137.5,1100.0,1112.0999755859375,1031522
2017-05-03,1116.0,1123.949951171875,1113.0,1118.9000244140625,476101
2017-05-04,1118.9000244140625,1135.0,1117.5999755859375,1132.5999755859375,878814
2017-05-05,1135.0,1160.0,1134.0,1146.800048828125,1518367
2017-05-08,1150.0,1173.0,1143.4000244140625,1167.3499755859375,672001
2017-05-09,1172.449951171875,1176.8499755859375,1160.0999755859375,1165.300048828125,734416
2017-05-10,1167.0999755859375,1182.0,1148.1500244140625,1158.300048828125,1004939
2017-05-11,1159.0,1178.9000244140625,1152.300048828125,1166.449951171875,1003768
2017-05-12,1170.199951171875,1179.0,1127.0,1132.949951171875,2500503
2017-05-15,1142.9000244140625,1149.9000244140625,1135.0,1148.050048828125,729473
2017-05-16,1148.9000244140625,1149.699951171875,1129.5999755859375,1142.8499755859375,913600
2017-05-17,1143.0,1159.0,1136.550048828125,1154.949951171875,579709
2017-05-18,1147.1500244140625,1159.800048828125,1140.0,1151.3499755859375,702003
2017-05-19,1139.8499755859375,1144.800048828125,1098.800048828125,1123.1500244140625,1732673
2017-05-22,1124.25,1137.8499755859375,1104.0,1112.550048828125,1058940
2017-05-23,1119.949951171875,1126.550048828125,1091.449951171875,1098.9000244140625,1374392
2017-05-24,1095.0,1107.050048828125,1080.5,1091.199951171875,1551698
2017-05-25,1095.550048828125,1125.0,1090.050048828125,1113.199951171875,1226634
2017-05-26,1124.949951171875,1148.800048828125,1124.0,1132.449951171875,915210
2017-05-29,1125.0,1150.0,1125.0,1146.550048828125,460152
2017-05-30,1150.0,1166.0999755859375,1147.0,1159.449951171875,460978
2017-05-31,1159.0,1165.0,1144.550048828125,1151.199951171875,1488564
2017-06-01,1150.0,1162.0,1133.0999755859375,1160.449951171875,578030
2017-06-02,1161.199951171875,1174.9000244140625,1160.199951171875,1164.300048828125,437401
2017-06-05,1165.0,1176.4000244140625,1159.5,1161.550048828125,425935
2017-06-06,1162.1500244140625,1165.300048828125,1141.050048828125,1153.1500244140625,787798
2017-06-07,1154.0,1168.0,1146.0,1161.5,531046
2017-06-08,1174.800048828125,1174.800048828125,1140.199951171875,1143.300048828125,1202971
2017-06-09,1145.0,1157.5999755859375,1132.1500244140625,1155.75,559008
2017-06-12,1154.4000244140625,1158.6500244140625,1142.5999755859375,1150.699951171875,649908
2017-06-13,1151.199951171875,1154.25,1142.25,1149.699951171875,855507
2017-06-14,1151.0,1152.8499755859375,1126.25,1149.5999755859375,931530
2017-06-15,1148.0,1150.0,1133.3499755859375,1140.300048828125,1003963
2017-06-16,1142.699951171875,1149.800048828125,1128.449951171875,1145.4000244140625,1184164
2017-06-19,1149.0,1158.0,1137.949951171875,1154.1500244140625,808994
2017-06-20,1155.0999755859375,1156.8499755859375,1144.5,1149.449951171875,804319
2017-06-21,1158.0,1160.4000244140625,1149.9000244140625,1155.4000244140625,553929
2017-06-22,1157.0,1171.0,1156.5999755859375,1162.550048828125,651018
2017-06-23,1163.0,1164.5,1146.0999755859375,1153.6500244140625,596082
2017-06-27,1157.0,1168.3499755859375,1130.0,1134.1500244140625,484244
2017-06-28,1125.0,1128.8499755859375,1099.0,1109.1500244140625,930404
2017-06-29,1112.0,1126.949951171875,1100.0,1104.550048828125,460382
2017-06-30,1099.949951171875,1112.0,1083.300048828125,1102.949951171875,617697
2017-07-03,1107.0,1123.449951171875,1104.199951171875,1120.25,512386
2017-07-04,1123.800048828125,1126.449951171875,1106.800048828125,1108.550048828125,549148
2017-07-05,1108.550048828125,1135.0,1108.550048828125,1126.6500244140625,837353
2017-07-06,1135.0,1144.0,1127.8499755859375,1132.1500244140625,532283
2017-07-07,1135.0,1135.4000244140625,1112.050048828125,1115.449951171875,364301
2017-07-10,1120.25,1160.949951171875,1116.050048828125,1127.75,70264
2017-07-11,1125.0,1135.0,1122.5999755859375,1131.75,532133
2017-07-12,1136.0,1137.4000244140625,1124.0999755859375,1133.699951171875,373345
2017-07-13,1139.800048828125,1144.25,1121.25,1125.5,764694
2017-07-14,1128.25,1128.949951171875,1112.050048828125,1117.3499755859375,872831
2017-07-17,1120.5999755859375,1128.699951171875,1115.25,1125.449951171875,1260921
2017-07-18,1118.0,1150.0,1117.0,1146.5999755859375,648737
2017-07-19,1154.949951171875,1158.0,1146.050048828125,1155.8499755859375,964588
2017-07-20,1156.9000244140625,1157.8499755859375,1133.949951171875,1155.550048828125,1287749
2017-07-21,1156.0,1172.5,1148.0,1156.0999755859375,2017663
2017-07-24,1151.5999755859375,1159.5,1140.0,1155.75,2063340
2017-07-25,1160.050048828125,1165.0,1140.0,1150.0999755859375,2963793
2017-07-26,1134.0,1144.800048828125,1126.0,1134.0,1973462
2017-07-27,1136.550048828125,1153.0,1136.050048828125,1148.800048828125,1033335
2017-07-28,1148.0,1156.9000244140625,1139.0,1153.25,616845
2017-07-31,1154.1500244140625,1164.0,1146.0999755859375,1161.699951171875,777721
2017-08-01,1162.0,1163.0,1140.5,1148.199951171875,1176561
2017-08-02,1150.0,1152.0,1135.0,1144.5,848781
2017-08-03,1143.0,1148.9000244140625,1127.0999755859375,1146.0999755859375,997619
2017-08-04,1144.0,1159.949951171875,1140.6500244140625,1157.300048828125,529318
2017-08-07,1160.0,1160.75,1142.4000244140625,1149.6500244140625,576280
2017-08-08,1146.0,1151.5,1139.0999755859375,1147.3499755859375,600256
2017-08-09,1147.800048828125,1158.9000244140625,1140.0999755859375,1155.550048828125,530763
2017-08-10,1154.0,1160.300048828125,1146.0,1151.0999755859375,649594
2017-08-11,1135.6500244140625,1148.75,1121.199951171875,1143.9000244140625,843233
2017-08-14,1149.449951171875,1163.699951171875,1145.0,1154.0,511994
2017-08-16,1154.3499755859375,1155.300048828125,1129.0,1141.300048828125,857454
2017-08-17,1141.300048828125,1142.800048828125,1132.0,1134.949951171875,494638
2017-08-18,1131.949951171875,1142.449951171875,1123.0,1140.0,357491
2017-08-21,1141.800048828125,1141.800048828125,1128.5,1134.449951171875,456594
2017-08-22,1140.0999755859375,1142.5999755859375,1125.949951171875,1129.449951171875,568911
2017-08-23,1131.800048828125,1144.5,1114.0,1141.300048828125,513036
2017-08-24,1140.4000244140625,1145.0,1131.0,1135.5999755859375,483362
2017-08-28,1131.5,1159.75,1126.0999755859375,1155.9000244140625,751938
2017-08-29,1155.0,1155.0,1139.300048828125,1151.699951171875,578071
2017-08-30,1149.9000244140625,1160.3499755859375,1144.300048828125,1153.3499755859375,674280
2017-08-31,1146.3499755859375,1174.0,1144.300048828125,1168.550048828125,1131097
2017-09-01,1174.199951171875,1219.0,1166.0,1215.9000244140625,1523879
2017-09-04,1215.9000244140625,1215.9000244140625,1192.0,1197.050048828125,682612
2017-09-05,1201.25,1223.050048828125,1200.4000244140625,1206.3499755859375,714964
2017-09-06,1198.3499755859375,1213.449951171875,1198.0,1206.050048828125,370400
2017-09-07,1218.0,1218.800048828125,1193.949951171875,1198.6500244140625,832839
2017-09-08,1195.0,1206.0,1190.0,1203.949951171875,477517
2017-09-11,1206.0,1241.0,1199.5999755859375,1238.050048828125,843302
2017-09-12,1242.0,1259.949951171875,1236.050048828125,1256.3499755859375,1461215
2017-09-13,1250.050048828125,1262.0,1249.0,1254.949951171875,913364
2017-09-14,1258.0,1262.0,1241.0,1246.050048828125,754072
2017-09-15,1230.5,1249.6500244140625,1226.199951171875,1245.5,912016
2017-09-18,1250.0,1261.0,1248.800048828125,1255.949951171875,419287
2017-09-19,1262.0,1262.0,1249.199951171875,1253.300048828125,464997
2017-09-20,1256.5,1256.9000244140625,1235.0,1237.300048828125,473176
2017-09-21,1238.0,1247.25,1224.949951171875,1229.0999755859375,772766
2017-09-22,1218.050048828125,1230.199951171875,1204.9000244140625,1213.25,896125
2017-09-25,1205.1500244140625,1213.449951171875,1192.0,1196.949951171875,917093
2017-09-26,1187.0,1189.75,1164.0,1174.0,740276
2017-09-27,1173.0999755859375,1178.550048828125,1152.8499755859375,1160.0,786410
2017-09-28,1155.0,1165.0,1123.0,1130.0,2353175
2017-09-29,1130.0,1144.949951171875,1127.0,1131.699951171875,791548
2017-10-03,1141.300048828125,1160.0,1135.5,1148.800048828125,834092
2017-10-04,1154.0,1167.0999755859375,1147.550048828125,1154.050048828125,626750
2017-10-05,1149.6500244140625,1161.5,1147.5999755859375,1153.25,327057
2017-10-06,1155.0,1169.699951171875,1153.0,1157.300048828125,344962
2017-10-09,1169.800048828125,1169.800048828125,1152.800048828125,1158.5999755859375,363972
2017-10-10,1156.0,1166.949951171875,1154.0,1163.0,316767
2017-10-11,1170.0,1175.75,1155.0,1160.5999755859375,602214
2017-10-12,1156.5,1162.0,1146.050048828125,1158.800048828125,658884
2017-10-13,1158.800048828125,1177.0999755859375,1154.1500244140625,1174.25,417081
2017-10-16,1181.0,1185.0,1166.0,1171.050048828125,689380
2017-10-17,1170.0,1200.0,1170.0,1197.1500244140625,979278
2017-10-18,1197.800048828125,1197.800048828125,1170.0,1179.6500244140625,523048
2017-10-19,1175.0,1183.25,1171.1500244140625,1178.5,77085
2017-10-23,1184.449951171875,1191.8499755859375,1159.0,1174.1500244140625,698954
2017-10-24,1175.0,1234.0,1175.0,1222.9000244140625,2345084
2017-10-25,1222.9000244140625,1232.050048828125,1195.0,1201.699951171875,1015698
2017-10-26,1194.0,1203.6500244140625,1180.699951171875,1191.1500244140625,808543
2017-10-27,1193.9000244140625,1195.0,1178.5999755859375,1184.550048828125,346755
2017-10-30,1185.0,1198.800048828125,1179.550048828125,1182.550048828125,280643
2017-10-31,1182.0,1188.8499755859375,1176.1500244140625,1180.8499755859375,279632
2017-11-01,1185.0,1188.550048828125,1174.0,1175.949951171875,260543
2017-11-02,1176.4000244140625,1181.949951171875,1166.0,1178.4000244140625,245949
2017-11-03,1182.449951171875,1183.0999755859375,1167.300048828125,1172.449951171875,258595
2017-11-06,1168.0,1173.0999755859375,1155.0,1162.3499755859375,314729
2017-11-07,1158.0,1164.6500244140625,1132.5,1141.449951171875,758497
2017-11-08,1147.0999755859375,1179.4000244140625,1145.050048828125,1172.199951171875,691775
2017-11-09,1177.8499755859375,1198.449951171875,1173.5999755859375,1195.5999755859375,884722
2017-11-10,1194.9000244140625,1194.9000244140625,1160.0,1178.5999755859375,1130647
2017-11-13,1184.0,1189.5,1168.8499755859375,1174.949951171875,363501
2017-11-14,1174.949951171875,1176.0,1152.4000244140625,1155.050048828125,547558
2017-11-15,1155.0,1190.0,1151.050048828125,1181.550048828125,829732
2017-11-16,1183.0,1189.0,1175.0,1179.550048828125,429230
2017-11-17,1186.0,1193.9000244140625,1166.0,1171.300048828125,454013
2017-11-20,1173.0,1176.449951171875,1159.6500244140625,1166.3499755859375,255840
2017-11-21,1168.5999755859375,1175.0,1156.0,1160.300048828125,421268
2017-11-22,1162.5,1176.5,1155.0,1174.300048828125,731572
2017-11-23,1175.5,1177.9000244140625,1157.050048828125,1159.5999755859375,482632
2017-11-24,1164.0,1164.0,1148.1500244140625,1159.5999755859375,406704
2017-11-27,1158.0,1160.0,1146.0999755859375,1156.5,373156
2017-11-28,1157.5,1174.9000244140625,1150.1500244140625,1171.0,445227
2017-11-29,1166.0,1176.3499755859375,1148.25,1153.8499755859375,516698
2017-11-30,1150.25,1158.0,1141.3499755859375,1146.75,1433116
2017-12-01,1147.199951171875,1154.0,1130.25,1133.75,397188
2017-12-04,1145.449951171875,1145.449951171875,1117.0,1121.0,455769
2017-12-05,1122.0,1124.1500244140625,1108.050048828125,1115.0,702853
2017-12-06,1114.800048828125,1114.949951171875,1099.0,1104.3499755859375,723473
2017-12-07,1108.0,1151.0,1106.8499755859375,1144.4000244140625,986078
2017-12-08,1144.949951171875,1153.5,1130.0999755859375,1135.5,593327
2017-12-11,1142.0,1142.699951171875,1123.4000244140625,1125.8499755859375,551772
2017-12-12,1131.8499755859375,1131.8499755859375,1101.0,1117.4000244140625,1060836
2017-12-13,1117.9000244140625,1137.5,1110.0,1116.550048828125,646677
2017-12-14,1122.0,1129.550048828125,1115.4000244140625,1123.449951171875,543059
2017-12-15,1129.0,1134.699951171875,1116.0,1118.699951171875,897594
2017-12-18,1120.0,1139.949951171875,1110.0,1137.1500244140625,622558
2017-12-19,1149.0,1149.5,1130.949951171875,1137.699951171875,459494
2017-12-20,1137.5,1141.949951171875,1125.0,1135.5,458160
2017-12-21,1140.949951171875,1144.0,1130.4000244140625,1137.9000244140625,460388
2017-12-22,1137.0,1142.5,1132.5,1138.0,377780
2017-12-26,1142.0,1155.5999755859375,1140.199951171875,1150.75,820589
2017-12-27,1150.0,1157.0,1142.0,1149.050048828125,611258
2017-12-28,1146.0,1154.3499755859375,1138.3499755859375,1144.4000244140625,536350
2017-12-29,1145.0999755859375,1172.5,1142.050048828125,1158.5,965848
2018-01-01,1163.0,1165.0,1138.0999755859375,1143.6500244140625,591349
2018-01-02,1146.0,1150.0,1134.050048828125,1142.75,516171
2018-01-03,1149.0,1149.0,1135.300048828125,1141.9000244140625,593809
2018-01-04,1149.0,1178.0,1145.9000244140625,1172.050048828125,729965
2018-01-05,1178.0,1192.0,1167.449951171875,1185.25,1151320
2018-01-08,1190.0,1190.8499755859375,1173.5,1182.0,928875
2018-01-09,1183.0999755859375,1197.199951171875,1175.0999755859375,1193.050048828125,699621
2018-01-10,1186.0,1189.0999755859375,1171.0999755859375,1177.4000244140625,1102382
2018-01-11,1179.9000244140625,1189.949951171875,1170.0,1188.949951171875,475476
2018-01-12,1187.0,1192.550048828125,1176.0,1189.699951171875,390841
2018-01-15,1189.6500244140625,1208.199951171875,1182.449951171875,1204.050048828125,723833
2018-01-16,1204.050048828125,1204.050048828125,1184.0,1188.75,557253
2018-01-17,1186.800048828125,1196.4000244140625,1178.4000244140625,1193.75,506648
2018-01-18,1195.0,1204.0999755859375,1181.0,1188.25,500762
2018-01-19,1183.0999755859375,1195.0,1177.9000244140625,1189.9000244140625,722692
2018-01-22,1192.0,1193.699951171875,1164.0999755859375,1176.0,942542
2018-01-23,1176.0,1177.8499755859375,1156.199951171875,1169.9000244140625,1841634
2018-01-24,1170.0,1171.6500244140625,1145.050048828125,1151.050048828125,1122469
2018-01-25,1148.0,1161.4000244140625,1143.449951171875,1150.449951171875,1563047
2018-01-29,1154.0,1164.25,1147.5999755859375,1152.050048828125,1538762
2018-01-30,1151.0,1152.0,1123.449951171875,1126.699951171875,1404578
2018-01-31,1128.0,1139.800048828125,1124.0,1128.300048828125,961596
2018-02-01,1126.0,1157.3499755859375,1126.0,1153.0,1103162
2018-02-02,1148.0,1148.0,1123.949951171875,1137.9000244140625,872105
2018-02-05,1121.199951171875,1140.0,1114.300048828125,1134.0999755859375,1263378
2018-02-06,1110.0,1127.0,1090.0999755859375,1110.25,1055719
2018-02-07,1115.0,1125.199951171875,1106.550048828125,1121.0999755859375,854461
2018-02-08,1128.0,1131.300048828125,1110.0,1124.050048828125,1185917
2018-02-09,1101.0,1142.25,1101.0,1130.75,666922
2018-02-12,1138.0,1150.0,1135.9000244140625,1144.4000244140625,646362
2018-02-14,1144.0,1144.0,1127.0,1139.1500244140625,691596
2018-02-15,1135.0,1139.9000244140625,1123.0,1135.449951171875,471072
2018-02-16,1136.5,1147.0,1130.0,1143.8499755859375,734476
2018-02-19,1145.0,1145.800048828125,1111.550048828125,1120.3499755859375,443677
2018-02-20,1123.949951171875,1136.0,1112.75,1126.4000244140625,662281
2018-02-21,1132.3499755859375,1133.25,1115.0,1127.199951171875,720563
2018-02-22,1122.699951171875,1126.4000244140625,1101.0,1118.0999755859375,1559398
2018-02-23,1117.050048828125,1117.050048828125,1098.9000244140625,1101.800048828125,1140118
2018-02-26,1110.0,1110.0,1095.4000244140625,1104.800048828125,1170283
2018-02-27,1104.800048828125,1113.0,1098.949951171875,1110.3499755859375,610498
2018-02-28,1104.0,1124.0,1099.25,1117.75,1006756
2018-03-01,1120.0,1124.199951171875,1108.0,1118.9000244140625,736217
2018-03-05,1110.25,1114.8499755859375,1100.0,1105.949951171875,529677
2018-03-06,1112.5999755859375,1112.5999755859375,1100.0,1101.5999755859375,702294
2018-03-07,1105.699951171875,1109.949951171875,1095.25,1107.25,669686
2018-03-08,1114.800048828125,1130.0,1107.5999755859375,1127.5999755859375,751329
2018-03-09,1133.0,1140.0,1124.4000244140625,1129.0999755859375,1158526
2018-03-12,1131.0999755859375,1134.0,1120.0,1131.5,527293
2018-03-13,1125.199951171875,1143.0,1125.199951171875,1140.300048828125,711550
2018-03-14,1139.949951171875,1144.449951171875,1131.0999755859375,1137.0,1360578
2018-03-15,1132.1500244140625,1163.75,1132.1500244140625,1160.800048828125,1146702
2018-03-16,1159.9000244140625,1159.9000244140625,1118.4000244140625,1122.75,1946844
2018-03-19,1121.1500244140625,1124.0,1097.9000244140625,1102.550048828125,855444
2018-03-20,1102.0,1117.0,1092.1500244140625,1106.5,720303
2018-03-21,1106.5,1116.0,1100.0,1103.550048828125,612237
2018-03-22,1102.5,1110.0,1100.0,1107.0999755859375,478426
2018-03-23,1094.8499755859375,1120.0,1093.050048828125,1112.6500244140625,828523
2018-03-26,1112.0,1119.0,1101.0,1117.550048828125,479675
2018-03-27,1119.0,1138.0,1116.4000244140625,1131.0999755859375,672158
2018-03-28,1130.8499755859375,1130.8499755859375,1115.0,1120.4000244140625,699839
2018-04-02,1120.4000244140625,1153.949951171875,1111.5,1150.1500244140625,428944
2018-04-03,1145.050048828125,1156.699951171875,1138.949951171875,1152.0999755859375,561118
2018-04-04,1156.9000244140625,1157.699951171875,1126.0,1136.0,607619
2018-04-05,1151.800048828125,1156.800048828125,1137.550048828125,1142.9000244140625,549137
2018-04-06,1142.9000244140625,1152.800048828125,1135.0,1143.5,395626
2018-04-09,1145.0,1171.5,1139.949951171875,1157.449951171875,837112
2018-04-10,1159.0,1167.699951171875,1152.9000244140625,1156.75,546269
2018-04-11,1157.0,1158.5999755859375,1141.199951171875,1155.8499755859375,419140
2018-04-12,1149.5,1169.9000244140625,1144.9000244140625,1165.199951171875,360744
2018-04-13,1170.0,1176.8499755859375,1157.8499755859375,1162.199951171875,639579
2018-04-16,1160.0,1188.5,1155.0,1178.8499755859375,550645
2018-04-17,1180.0,1187.4000244140625,1169.0,1176.0,432543
2018-04-18,1179.0,1185.0,1168.0,1172.300048828125,465763
2018-04-19,1172.0,1187.0,1162.5999755859375,1165.0,620949
2018-04-20,1165.0,1165.949951171875,1142.25,1159.3499755859375,727517
2018-04-23,1160.9000244140625,1181.4000244140625,1145.4000244140625,1178.699951171875,554353
2018-04-24,1177.5,1182.449951171875,1161.9000244140625,1170.0999755859375,484112
2018-04-25,1167.0,1168.800048828125,1156.050048828125,1163.050048828125,280574
2018-04-26,1164.0,1177.050048828125,1149.550048828125,1155.699951171875,1638937
2018-04-27,1165.25,1199.0999755859375,1164.25,1181.5999755859375,803227
2018-04-30,1189.699951171875,1207.0,1182.4000244140625,1201.699951171875,505974
2018-05-02,1200.25,1230.5999755859375,1197.4000244140625,1222.300048828125,2011978
2018-05-03,1220.300048828125,1230.0,1201.0,1206.75,641515
2018-05-04,1212.0,1212.0,1178.0999755859375,1190.449951171875,743905
2018-05-07,1192.0,1220.800048828125,1180.0,1215.25,728801
2018-05-08,1219.0,1224.0,1205.0,1209.9000244140625,627060
2018-05-09,1197.5999755859375,1229.0999755859375,1197.5999755859375,1222.550048828125,729538
2018-05-10,1232.0,1238.0,1207.5,1217.699951171875,1904962
2018-05-11,1237.0,1291.9000244140625,1229.8499755859375,1286.449951171875,4723019
2018-05-14,1285.0,1305.0,1268.5999755859375,1297.3499755859375,1553283
2018-05-15,1291.0,1323.449951171875,1288.800048828125,1314.6500244140625,1368261
2018-05-16,1305.1500244140625,1332.0,1300.8499755859375,1323.699951171875,736281
2018-05-17,1313.1500244140625,1330.0,1303.550048828125,1309.449951171875,751423
2018-05-18,1305.0,1316.4000244140625,1287.5999755859375,1308.3499755859375,939743
2018-05-21,1305.0,1314.699951171875,1290.8499755859375,1301.699951171875,692442
2018-05-22,1298.0,1302.0,1279.0,1286.8499755859375,708573
2018-05-23,1281.0,1292.1500244140625,1269.5999755859375,1278.5999755859375,509522
2018-05-24,1277.0999755859375,1302.9000244140625,1263.0,1293.5999755859375,774173
2018-05-25,1300.0,1310.0,1280.0,1292.3499755859375,773652
2018-05-28,1294.5,1331.9000244140625,1291.550048828125,1321.8499755859375,657272
2018-05-29,1326.0,1330.0,1289.0,1299.5,769331
2018-05-30,1290.0,1300.949951171875,1283.3499755859375,1293.8499755859375,478025
2018-05-31,1300.199951171875,1311.699951171875,1287.0,1304.6500244140625,1400776
2018-06-01,1307.0,1310.0,1290.800048828125,1293.050048828125,368820
2018-06-04,1295.0,1297.5,1265.0,1284.449951171875,939794
2018-06-05,1276.25,1293.300048828125,1270.550048828125,1273.5999755859375,524237
2018-06-06,1270.9000244140625,1270.9000244140625,1245.050048828125,1262.800048828125,1211557
2018-06-07,1270.1500244140625,1297.0,1256.0,1290.800048828125,701247
2018-06-08,1275.0,1288.550048828125,1272.0,1278.8499755859375,442333
2018-06-11,1279.0,1295.9000244140625,1275.199951171875,1283.300048828125,373098
2018-06-12,1278.550048828125,1292.0,1275.199951171875,1287.699951171875,401090
2018-06-13,1290.0,1292.75,1281.949951171875,1286.4000244140625,566241
2018-06-14,1280.449951171875,1289.6500244140625,1270.0,1286.0999755859375,507824
2018-06-15,1284.9000244140625,1286.6500244140625,1268.0999755859375,1282.199951171875,1048699
2018-06-18,1289.4000244140625,1289.6500244140625,1271.0,1282.050048828125,512049
2018-06-19,1273.0,1287.6500244140625,1265.0,1269.199951171875,572488
2018-06-20,1275.0,1275.0,1260.0,1271.300048828125,484907
2018-06-21,1272.0,1279.9000244140625,1246.0,1253.0,1179247
2018-06-22,1261.5,1273.550048828125,1240.199951171875,1267.699951171875,646452
2018-06-25,1268.0,1272.0999755859375,1249.300048828125,1253.449951171875,936253
2018-06-26,1255.0,1279.8499755859375,1253.0,1274.5999755859375,1262632
2018-06-27,1279.1500244140625,1285.0,1263.0,1267.1500244140625,857951
2018-06-28,1267.1500244140625,1273.449951171875,1250.0,1268.4000244140625,729637
2018-06-29,1268.25,1271.0999755859375,1252.1500244140625,1264.449951171875,622680
2018-07-02,1266.5,1297.949951171875,1261.0,1293.050048828125,1437438
2018-07-03,1298.5999755859375,1308.5999755859375,1288.0999755859375,1291.8499755859375,1399979
2018-07-04,1296.0,1299.949951171875,1282.75,1289.800048828125,619316
2018-07-05,1294.800048828125,1330.0,1278.300048828125,1321.4000244140625,1733903
2018-07-06,1325.0,1335.4000244140625,1309.050048828125,1323.1500244140625,1662920
2018-07-09,1330.0,1367.9000244140625,1325.25,1363.0999755859375,1391869
2018-07-10,1362.800048828125,1375.5,1355.0,1370.449951171875,796987
2018-07-11,1360.0,1384.75,1357.3499755859375,1359.800048828125,784238
2018-07-12,1370.0,1379.0,1346.0,1357.9000244140625,953054
2018-07-13,1359.5,1374.4000244140625,1358.699951171875,1367.800048828125,655594
2018-07-16,1370.0,1394.9000244140625,1351.0999755859375,1359.550048828125,1234066
2018-07-17,1365.4000244140625,1383.5,1353.0999755859375,1376.25,1166581
2018-07-18,1386.0,1399.949951171875,1377.550048828125,1393.0,1085504
2018-07-19,1395.0,1408.5,1393.949951171875,1403.0,848175
2018-07-20,1403.0,1404.75,1381.5,1396.449951171875,575194
2018-07-23,1425.0999755859375,1464.4000244140625,1396.5999755859375,1433.199951171875,1975242
2018-07-24,1443.0,1476.199951171875,1425.5,1467.75,2171087
2018-07-25,1453.0,1490.5999755859375,1421.3499755859375,1450.1500244140625,4310816
2018-07-26,1448.0999755859375,1457.8499755859375,1422.25,1433.8499755859375,1732715
2018-07-27,1437.0,1454.0,1425.3499755859375,1434.8499755859375,630981
2018-07-30,1434.25,1451.8499755859375,1427.0,1430.199951171875,750392
2018-07-31,1430.0,1456.5999755859375,1426.0,1451.4000244140625,1221636
2018-08-01,1458.0,1459.949951171875,1430.800048828125,1437.199951171875,1121286
2018-08-02,1437.199951171875,1443.9000244140625,1414.8499755859375,1418.4000244140625,836564
2018-08-03,1424.0,1426.25,1407.0,1411.8499755859375,1002287
2018-08-06,1420.0,1420.9000244140625,1394.699951171875,1397.4000244140625,795996
2018-08-07,1399.0,1438.0,1399.0,1424.25,1915936
2018-08-08,1430.949951171875,1447.6500244140625,1417.0,1425.75,1063862
2018-08-09,1431.9000244140625,1433.949951171875,1414.0999755859375,1417.3499755859375,903734
2018-08-10,1420.0,1439.9000244140625,1409.25,1418.5999755859375,997053
2018-08-13,1414.0,1421.5999755859375,1397.0,1399.25,875198
2018-08-14,1407.9000244140625,1416.699951171875,1391.550048828125,1395.0999755859375,729379
2018-08-16,1401.0,1410.0,1387.0,1394.800048828125,1050412
2018-08-17,1403.0,1405.1500244140625,1390.0,1400.6500244140625,537229
2018-08-20,1406.0,1431.0,1398.0,1409.0999755859375,1259905
2018-08-21,1416.449951171875,1425.949951171875,1395.4000244140625,1403.300048828125,1520772
2018-08-23,1410.0,1412.0,1390.699951171875,1394.75,859955
2018-08-24,1395.0,1411.0,1385.050048828125,1393.5,919355
2018-08-27,1397.5,1407.0,1396.5,1399.800048828125,785772
2018-08-28,1402.0,1419.6500244140625,1401.0,1407.5,1290318
2018-08-29,1413.75,1413.75,1391.0,1394.0,743529
2018-08-30,1394.0999755859375,1398.699951171875,1373.550048828125,1378.699951171875,1062266
2018-08-31,1383.0,1392.0,1364.199951171875,1372.449951171875,1006329
2018-09-03,1384.0,1387.5,1355.0,1361.5999755859375,817733
2018-09-04,1360.0,1364.5999755859375,1302.5,1311.300048828125,1789240
2018-09-05,1314.5,1330.0,1302.449951171875,1321.300048828125,1222703
2018-09-06,1327.949951171875,1331.949951171875,1308.0,1314.5,726455
2018-09-07,1322.800048828125,1322.800048828125,1310.0,1316.0,912914
2018-09-10,1314.5999755859375,1318.0,1280.5,1293.0999755859375,1121083
2018-09-11,1295.0,1313.300048828125,1286.699951171875,1297.8499755859375,1676544
2018-09-12,1303.5,1303.5,1280.0,1291.0,1111171
2018-09-14,1298.800048828125,1336.550048828125,1297.550048828125,1333.9000244140625,1498792
2018-09-17,1329.949951171875,1329.949951171875,1302.0,1308.6500244140625,965321
2018-09-18,1306.0,1331.75,1285.0,1292.0999755859375,1088372
2018-09-19,1304.199951171875,1319.199951171875,1287.0,1291.3499755859375,929673
2018-09-21,1292.0999755859375,1324.8499755859375,1211.9000244140625,1304.75,1867297
2018-09-24,1300.0,1316.6500244140625,1256.0,1271.949951171875,1691456
2018-09-25,1271.800048828125,1304.8499755859375,1257.1500244140625,1289.9000244140625,1262738
2018-09-26,1300.0,1303.5,1274.0,1282.0,1338324
2018-09-27,1294.800048828125,1314.0,1276.449951171875,1287.5,1901166
2018-09-28,1293.0,1315.0,1286.0,1293.300048828125,1549540
2018-10-01,1299.0,1307.9000244140625,1269.0,1279.800048828125,1143818
2018-10-03,1264.9000244140625,1269.0,1246.1500244140625,1251.75,1236645
2018-10-04,1228.0,1239.199951171875,1214.0,1224.699951171875,1557441
2018-10-05,1221.449951171875,1240.0,1191.8499755859375,1209.5,1344685
2018-10-08,1210.0,1254.0,1201.0999755859375,1247.800048828125,1050759
2018-10-09,1254.0,1255.9000244140625,1191.0,1201.4000244140625,1088738
2018-10-10,1205.9000244140625,1240.8499755859375,1180.9000244140625,1225.949951171875,803576
2018-10-11,1201.0,1221.5,1190.449951171875,1219.050048828125,781348
2018-10-12,1233.9000244140625,1265.949951171875,1233.9000244140625,1261.199951171875,1000950
2018-10-15,1255.0,1257.199951171875,1241.5,1250.300048828125,728514
2018-10-16,1257.0,1282.9000244140625,1252.550048828125,1267.5999755859375,908616
2018-10-17,1282.199951171875,1282.25,1255.0,1259.0,698043
2018-10-19,1264.0,1287.0,1220.449951171875,1235.4000244140625,1449043
2018-10-22,1245.0,1247.1500244140625,1191.0,1200.4000244140625,1949683
2018-10-23,1135.199951171875,1190.0,1118.0,1138.449951171875,8272850
2018-10-24,1160.0,1199.0,1150.1500244140625,1186.9000244140625,2370198
2018-10-25,1180.5,1208.949951171875,1175.0,1200.050048828125,1995349
2018-10-26,1200.0,1202.0,1168.3499755859375,1190.300048828125,1440249
2018-10-29,1194.800048828125,1213.699951171875,1186.5,1196.050048828125,1186190
2018-10-30,1194.800048828125,1208.0,1175.550048828125,1196.300048828125,1075337
2018-10-31,1205.5999755859375,1234.949951171875,1183.8499755859375,1230.4000244140625,1561884
2018-11-01,1233.0,1244.800048828125,1213.800048828125,1217.800048828125,1200280
2018-11-02,1242.0,1291.550048828125,1241.25,1247.0,2235848
2018-11-05,1252.0,1260.6500244140625,1232.5,1244.050048828125,756887
2018-11-06,1242.199951171875,1255.0,1235.0,1238.5,815046
2018-11-07,1250.0,1254.0,1239.199951171875,1250.949951171875,100134
2018-11-09,1259.800048828125,1308.9000244140625,1256.8499755859375,1295.5999755859375,2026920
2018-11-12,1295.0,1314.9000244140625,1275.1500244140625,1278.800048828125,1100286
2018-11-13,1277.449951171875,1295.5999755859375,1277.449951171875,1284.9000244140625,1632176
2018-11-14,1312.0,1337.949951171875,1302.0,1320.550048828125,1631802
2018-11-15,1320.0,1331.8499755859375,1313.4000244140625,1318.300048828125,1065640
2018-11-16,1320.0,1329.800048828125,1313.199951171875,1321.300048828125,1113304
2018-11-19,1329.0,1329.8499755859375,1305.0,1312.1500244140625,784645
2018-11-20,1317.0,1331.050048828125,1304.699951171875,1306.8499755859375,867729
2018-11-21,1329.0,1342.5,1313.75,1324.199951171875,1374789
2018-11-22,1330.0,1330.699951171875,1308.75,1314.4000244140625,691593
2018-11-26,1329.949951171875,1357.550048828125,1323.5999755859375,1349.5,2149117
2018-11-27,1346.800048828125,1346.800048828125,1326.050048828125,1339.5999755859375,1130756
2018-11-28,1352.9000244140625,1354.550048828125,1319.1500244140625,1324.25,1205630
2018-11-29,1336.0,1355.0,1330.699951171875,1350.300048828125,3556169
2018-11-30,1352.800048828125,1361.75,1342.1500244140625,1345.949951171875,1030541
2018-12-03,1345.0,1359.0,1335.050048828125,1338.699951171875,710748
2018-12-04,1336.550048828125,1354.699951171875,1326.449951171875,1329.449951171875,830261
2018-12-05,1328.5,1343.0,1323.5999755859375,1329.5,864628
2018-12-06,1324.0,1324.949951171875,1286.5999755859375,1295.0999755859375,896350
2018-12-07,1306.5,1324.0,1298.4000244140625,1318.6500244140625,1037026
2018-12-10,1280.0,1306.25,1262.300048828125,1274.199951171875,1074399
2018-12-11,1268.0,1336.449951171875,1252.1500244140625,1323.5999755859375,1746513
2018-12-12,1323.0,1337.199951171875,1311.8499755859375,1330.9000244140625,986580
2018-12-13,1338.449951171875,1343.199951171875,1316.0,1320.199951171875,1175211
2018-12-14,1332.800048828125,1351.0,1320.0,1340.949951171875,1869410
2018-12-17,1340.0,1344.949951171875,1330.0,1335.8499755859375,665295
2018-12-18,1338.449951171875,1361.0,1327.550048828125,1355.699951171875,1581385
2018-12-19,1370.0,1406.800048828125,1370.0,1400.25,3334213
2018-12-20,1389.9000244140625,1431.550048828125,1389.050048828125,1425.800048828125,2578234
2018-12-21,1433.9000244140625,1433.9000244140625,1382.300048828125,1388.199951171875,2098064
2018-12-24,1388.0,1388.949951171875,1351.0999755859375,1357.050048828125,1649577
2018-12-26,1367.949951171875,1374.9000244140625,1347.4000244140625,1363.0,1790087
2018-12-27,1360.050048828125,1384.75,1354.300048828125,1372.5,2174090
2018-12-28,1383.0,1383.0,1359.0,1366.0,1705033
2018-12-31,1375.0,1378.0,1367.300048828125,1373.050048828125,698593
2019-01-01,1373.199951171875,1379.699951171875,1358.5999755859375,1371.550048828125,664707
2019-01-02,1367.0,1386.8499755859375,1361.5999755859375,1383.300048828125,1233780
2019-01-03,1381.800048828125,1393.8499755859375,1378.0,1388.300048828125,1636293
2019-01-04,1388.0,1401.4000244140625,1381.4000244140625,1385.8499755859375,1202397
2019-01-07,1386.0,1405.4000244140625,1383.75,1396.0,1074373
2019-01-08,1401.0,1412.699951171875,1395.5,1401.25,1232440
2019-01-09,1402.5,1414.0,1397.1500244140625,1402.0,973687
2019-01-10,1390.0,1400.0,1388.6500244140625,1396.3499755859375,1004783
2019-01-11,1399.75,1406.199951171875,1392.4000244140625,1403.6500244140625,473391
2019-01-14,1404.0,1410.5999755859375,1385.449951171875,1388.5999755859375,1360800
2019-01-15,1388.5999755859375,1414.449951171875,1388.5999755859375,1405.949951171875,1355920
2019-01-16,1410.0,1412.949951171875,1387.699951171875,1389.75,1189597
2019-01-17,1390.0,1398.5,1383.800048828125,1389.5999755859375,853829
2019-01-18,1391.0,1404.75,1383.0,1400.449951171875,1092189
2019-01-21,1395.199951171875,1424.800048828125,1395.199951171875,1422.0999755859375,2513582
2019-01-22,1423.9000244140625,1432.050048828125,1375.25,1406.949951171875,5483768
2019-01-23,1429.0,1429.449951171875,1390.0,1396.550048828125,2702265
2019-01-24,1400.0,1413.5,1396.5,1401.8499755859375,1562800
2019-01-25,1408.4000244140625,1413.699951171875,1353.300048828125,1372.1500244140625,1613548
2019-01-28,1375.0,1391.0,1366.8499755859375,1379.5,1590764
2019-01-29,1377.0,1400.0,1373.199951171875,1393.300048828125,1061762
2019-01-30,1394.0,1416.800048828125,1372.0999755859375,1390.4000244140625,1313152
2019-01-31,1400.0,1415.0,1391.050048828125,1412.5999755859375,1256050
2019-02-01,1412.4000244140625,1469.6500244140625,1408.199951171875,1457.199951171875,2077539
2019-02-04,1444.0,1452.800048828125,1434.0,1446.3499755859375,735159
2019-02-05,1444.949951171875,1466.9000244140625,1443.0999755859375,1450.3499755859375,786962
2019-02-06,1457.8499755859375,1476.199951171875,1452.300048828125,1469.4000244140625,1088914
2019-02-07,1467.050048828125,1476.800048828125,1457.0,1472.449951171875,697412
2019-02-08,1468.0,1480.0,1445.0,1448.800048828125,1018518
2019-02-11,1447.9000244140625,1457.300048828125,1427.0,1437.0999755859375,728051
2019-02-12,1438.5,1456.9000244140625,1435.25,1452.0999755859375,947583
2019-02-14,1417.6500244140625,1423.1500244140625,1396.5,1399.199951171875,915441
2019-02-15,1400.800048828125,1404.949951171875,1372.0999755859375,1393.5999755859375,1113223
2019-02-18,1401.699951171875,1401.699951171875,1345.0,1380.050048828125,1460282
2019-02-19,1372.050048828125,1396.949951171875,1371.0,1377.8499755859375,697530
2019-02-20,1380.0,1398.800048828125,1376.0,1396.9000244140625,843469
2019-02-21,1399.0,1407.8499755859375,1390.300048828125,1397.800048828125,677142
2019-02-22,1399.0,1407.75,1384.199951171875,1397.800048828125,801380
2019-02-25,1399.949951171875,1405.800048828125,1391.3499755859375,1398.25,711217
2019-02-26,1396.9000244140625,1407.0,1378.5999755859375,1402.0,1147218
2019-02-27,1404.0,1430.8499755859375,1395.0,1405.699951171875,1462017
2019-02-28,1414.800048828125,1415.0,1401.449951171875,1405.199951171875,1230935
2019-03-01,1409.0,1417.949951171875,1388.0999755859375,1392.3499755859375,783876
2019-03-05,1393.5,1409.75,1382.699951171875,1403.8499755859375,1214257
2019-03-06,1408.0,1410.0,1386.550048828125,1393.699951171875,720335
2019-03-07,1398.5999755859375,1405.5,1392.0,1395.449951171875,746742
2019-03-08,1393.75,1394.6500244140625,1380.0,1382.3499755859375,524331
2019-03-11,1389.199951171875,1423.0,1385.0,1419.800048828125,1342007
2019-03-12,1422.0,1445.3499755859375,1421.199951171875,1428.0999755859375,1333909
2019-03-13,1439.4000244140625,1439.4000244140625,1417.0,1428.300048828125,708227
2019-03-14,1437.5999755859375,1446.949951171875,1420.0,1434.75,1113700
2019-03-15,1434.0,1457.0,1428.6500244140625,1432.550048828125,1667627
2019-03-18,1446.0,1460.5999755859375,1436.5999755859375,1445.5999755859375,1148000
2019-03-19,1442.0,1459.8499755859375,1440.0,1453.9000244140625,886660
2019-03-20,1462.0,1466.0,1448.5,1456.1500244140625,764625
2019-03-22,1459.0,1479.9000244140625,1452.5999755859375,1471.25,1380404
2019-03-25,1465.0999755859375,1475.5999755859375,1451.5,1457.550048828125,848078
2019-03-26,1460.5,1492.25,1460.5,1485.050048828125,1630147
2019-03-27,1494.0,1496.949951171875,1463.5,1472.050048828125,1387002
2019-03-28,1473.5,1508.949951171875,1473.5,1497.0,1353947
2019-04-01,1496.75,1504.0,1490.0,1492.75,707570
2019-04-02,1493.0,1523.449951171875,1484.550048828125,1519.300048828125,1326634
2019-04-03,1521.25,1529.8499755859375,1493.0,1497.5999755859375,1606692
2019-04-04,1504.800048828125,1525.0,1503.0,1519.0,1409222
2019-04-05,1520.0,1523.6500244140625,1503.0,1514.449951171875,1129222
2019-04-08,1514.0,1514.0,1486.0,1496.3499755859375,925518
2019-04-09,1464.699951171875,1474.9000244140625,1437.199951171875,1444.8499755859375,2642226
2019-04-10,1449.800048828125,1451.0,1405.3499755859375,1409.8499755859375,2608319
2019-04-11,1409.699951171875,1431.949951171875,1408.0,1423.1500244140625,1494450
2019-04-12,1432.75,1444.800048828125,1425.800048828125,1438.6500244140625,1510649
2019-04-15,1447.949951171875,1451.449951171875,1427.0,1431.550048828125,791389
2019-04-16,1442.75,1464.9000244140625,1440.25,1459.0,1463057
2019-04-18,1464.0,1479.9000244140625,1460.300048828125,1469.5999755859375,1425676
2019-04-22,1459.949951171875,1459.949951171875,1435.0,1443.3499755859375,737603
2019-04-23,1449.0,1454.9000244140625,1425.9000244140625,1431.0,601653
2019-04-24,1436.0,1459.4000244140625,1431.0,1450.050048828125,1154712
2019-04-25,1450.0,1460.0,1438.0999755859375,1447.949951171875,1161847
2019-04-26,1450.0,1459.3499755859375,1436.0,1448.75,704193
2019-04-30,1456.0,1477.0,1455.300048828125,1463.1500244140625,1525776
2019-05-02,1465.0,1472.9000244140625,1430.0999755859375,1436.5999755859375,774788
2019-05-03,1443.800048828125,1456.0,1432.199951171875,1438.550048828125,1020007
2019-05-06,1434.949951171875,1448.5999755859375,1408.550048828125,1412.800048828125,1161960
2019-05-07,1426.800048828125,1426.800048828125,1376.3499755859375,1387.800048828125,2863939
2019-05-08,1382.0,1395.0,1362.5999755859375,1385.699951171875,1414591
2019-05-09,1384.949951171875,1393.6500244140625,1346.550048828125,1354.199951171875,2628463
2019-05-10,1314.0999755859375,1350.0,1314.0999755859375,1341.050048828125,3476379
2019-05-13,1341.050048828125,1345.25,1323.6500244140625,1332.5,862130
2019-05-14,1330.0,1334.75,1302.0999755859375,1320.25,2167873
2019-05-15,1326.0,1329.0,1301.699951171875,1305.949951171875,996276
2019-05-16,1312.0,1314.0,1295.8499755859375,1304.4000244140625,726485
2019-05-17,1305.0,1330.75,1301.0,1320.0,860934
2019-05-20,1340.0,1378.4000244140625,1335.0,1373.949951171875,976630
2019-05-21,1384.0,1384.0,1352.699951171875,1357.75,1166297
2019-05-22,1360.5,1373.75,1348.050048828125,1368.449951171875,840075
2019-05-23,1389.0,1389.0,1357.699951171875,1367.75,1527569
2019-05-24,1392.0,1400.449951171875,1376.1500244140625,1384.5,980933
2019-05-27,1386.9000244140625,1390.699951171875,1362.699951171875,1366.8499755859375,782730
2019-05-28,1369.949951171875,1388.8499755859375,1360.0,1364.3499755859375,1562891
2019-05-29,1360.800048828125,1366.949951171875,1347.0999755859375,1358.25,582768
2019-05-30,1365.0,1392.0,1353.9000244140625,1374.5999755859375,1032259
2019-05-31,1381.0,1428.0,1381.0,1407.300048828125,2559888
2019-06-03,1431.949951171875,1464.949951171875,1430.0,1459.25,2867897
2019-06-04,1455.0,1455.0,1417.050048828125,1421.5,1493226
2019-06-06,1434.949951171875,1461.8499755859375,1424.9000244140625,1428.550048828125,1985857
2019-06-07,1429.0,1439.8499755859375,1413.050048828125,1418.3499755859375,878470
2019-06-10,1429.0,1442.0,1418.5,1422.5999755859375,800967
2019-06-11,1428.0,1433.3499755859375,1409.5,1425.5,743047
2019-06-12,1429.949951171875,1439.9000244140625,1421.0,1425.449951171875,874293
2019-06-13,1429.0,1438.9000244140625,1422.199951171875,1429.449951171875,1572720
2019-06-14,1430.0,1431.75,1411.0,1412.75,546091
2019-06-17,1417.0,1425.0,1398.9000244140625,1401.949951171875,962166
2019-06-18,1405.0,1410.4000244140625,1376.050048828125,1380.050048828125,1177437
2019-06-19,1382.0,1396.4000244140625,1372.0,1381.1500244140625,692212
2019-06-20,1365.550048828125,1404.9000244140625,1360.699951171875,1392.050048828125,991210
2019-06-21,1379.949951171875,1394.6500244140625,1372.0,1383.0,1242165
2019-06-24,1386.0,1398.0,1368.25,1376.1500244140625,757055
2019-06-25,1371.0,1372.449951171875,1360.3499755859375,1363.0999755859375,1388994
2019-06-26,1360.0,1369.550048828125,1352.0,1359.949951171875,960174
2019-06-27,1361.0999755859375,1369.6500244140625,1358.1500244140625,1361.4000244140625,2113899
2019-06-28,1365.0,1371.9000244140625,1350.0999755859375,1358.1500244140625,1131371
2019-07-01,1368.0,1374.5,1351.050048828125,1353.8499755859375,739182
2019-07-02,1356.0,1360.0,1340.699951171875,1345.75,1171118
2019-07-03,1356.050048828125,1371.0,1349.5,1352.0,1378288
2019-07-04,1356.0,1366.3499755859375,1351.1500244140625,1359.699951171875,902077
2019-07-05,1363.9000244140625,1373.449951171875,1351.449951171875,1358.699951171875,966162
2019-07-08,1358.0,1358.4000244140625,1332.699951171875,1340.25,866416
2019-07-09,1344.9000244140625,1344.9000244140625,1291.25,1321.0,2037332
2019-07-10,1317.800048828125,1340.3499755859375,1312.050048828125,1322.949951171875,1115080
2019-07-11,1317.0,1337.0,1311.050048828125,1332.449951171875,757323
2019-07-12,1332.449951171875,1369.550048828125,1325.449951171875,1361.949951171875,1050985
2019-07-15,1362.8499755859375,1367.0,1347.050048828125,1353.1500244140625,666533
2019-07-16,1352.0,1375.0,1345.0,1372.300048828125,782642
2019-07-17,1377.0,1404.8499755859375,1375.5,1395.9000244140625,1599926
2019-07-18,1395.0,1395.3499755859375,1377.199951171875,1384.949951171875,802222
2019-07-19,1390.0999755859375,1399.4000244140625,1365.0,1369.0999755859375,842552
2019-07-22,1367.800048828125,1410.0,1359.050048828125,1404.199951171875,1279369
2019-07-23,1409.0,1443.949951171875,1401.8499755859375,1429.3499755859375,2262423
2019-07-24,1430.5,1493.5,1395.1500244140625,1483.4000244140625,7400250
2019-07-25,1481.300048828125,1503.8499755859375,1459.050048828125,1495.8499755859375,4194809
2019-07-26,1488.0999755859375,1530.800048828125,1485.5999755859375,1526.449951171875,2420636
2019-07-29,1524.9000244140625,1538.25,1506.5999755859375,1513.25,1634196
2019-07-30,1511.0999755859375,1527.0,1502.699951171875,1508.75,1436383
2019-07-31,1507.0,1525.0,1495.1500244140625,1521.0999755859375,1249734
2019-08-01,1515.0,1531.449951171875,1493.6500244140625,1504.699951171875,2263295
2019-08-02,1509.0,1550.0,1504.5,1545.199951171875,3044783
2019-08-05,1533.199951171875,1551.0,1521.699951171875,1525.4000244140625,1443728
2019-08-06,1530.0,1569.8499755859375,1524.050048828125,1565.8499755859375,2056715
2019-08-07,1563.300048828125,1575.0,1551.9000244140625,1559.199951171875,1583322
2019-08-08,1565.75,1569.699951171875,1540.300048828125,1565.9000244140625,1579565
2019-08-09,1569.199951171875,1581.9000244140625,1561.0,1575.5,1154542
2019-08-13,1573.5,1594.0,1568.0,1573.3499755859375,1612748
2019-08-14,1574.5,1575.5,1552.5,1569.699951171875,1113095
2019-08-16,1571.0,1600.8499755859375,1561.0,1597.449951171875,1682359
2019-08-19,1599.0,1609.550048828125,1582.199951171875,1586.449951171875,1322246
2019-08-20,1585.0,1599.5,1582.699951171875,1595.1500244140625,1024331
2019-08-21,1585.25,1595.0,1578.550048828125,1589.1500244140625,704009
2019-08-22,1585.199951171875,1593.9000244140625,1566.300048828125,1570.199951171875,985590
2019-08-23,1569.9000244140625,1583.3499755859375,1555.6500244140625,1580.4000244140625,984637
2019-08-26,1590.0,1600.0,1577.1500244140625,1597.550048828125,1153556
2019-08-27,1600.0,1607.449951171875,1585.5,1599.449951171875,1581449
2019-08-28,1599.199951171875,1606.75,1590.5999755859375,1603.1500244140625,565676
2019-08-29,1602.8499755859375,1619.9000244140625,1589.0,1615.25,861692
2019-08-30,1616.0,1622.5,1595.0999755859375,1616.199951171875,1181516
2019-09-03,1608.0,1609.5999755859375,1573.550048828125,1576.75,1289263
2019-09-04,1579.0,1582.5999755859375,1527.800048828125,1535.1500244140625,2381389
2019-09-05,1537.0,1545.9000244140625,1515.25,1519.75,1506173
2019-09-06,1524.0,1539.449951171875,1519.75,1532.4000244140625,801338
2019-09-09,1530.550048828125,1545.0,1524.199951171875,1540.5999755859375,812836
2019-09-11,1545.0,1565.0,1542.6500244140625,1561.449951171875,1541300
2019-09-12,1570.0,1570.0,1537.1500244140625,1540.300048828125,753116
2019-09-13,1540.0,1553.1500244140625,1528.0,1548.199951171875,547381
2019-09-16,1510.0,1526.949951171875,1502.0999755859375,1521.300048828125,1811073
2019-09-17,1527.4000244140625,1543.300048828125,1518.5999755859375,1530.9000244140625,1353034
2019-09-18,1542.1500244140625,1560.949951171875,1535.0,1547.75,1057300
2019-09-19,1553.9000244140625,1563.5,1545.0,1553.9000244140625,879908
2019-09-20,1559.0,1725.25,1542.0999755859375,1671.0,3962166
2019-09-23,1697.8499755859375,1820.0,1697.8499755859375,1802.75,4253004
2019-09-24,1802.800048828125,1802.949951171875,1752.0,1765.9000244140625,2028042
2019-09-25,1784.0,1784.0,1728.25,1751.800048828125,1794074
2019-09-26,1761.800048828125,1780.0,1751.9000244140625,1770.949951171875,1674004
2019-09-27,1770.0,1781.4000244140625,1735.3499755859375,1776.300048828125,1115289
2019-09-30,1768.0,1770.0,1737.050048828125,1762.1500244140625,1041807
2019-10-01,1768.949951171875,1799.9000244140625,1757.0,1766.0999755859375,1317945
2019-10-03,1765.0,1768.25,1732.199951171875,1748.949951171875,1010826
2019-10-04,1753.9000244140625,1761.699951171875,1717.0999755859375,1724.4000244140625,1231811
2019-10-07,1724.949951171875,1742.949951171875,1717.8499755859375,1725.1500244140625,562559
2019-10-09,1725.699951171875,1778.0,1725.699951171875,1773.449951171875,1777552
2019-10-10,1765.0,1793.0,1756.5,1778.5999755859375,1599166
2019-10-11,1787.5999755859375,1801.800048828125,1764.050048828125,1790.25,1442236
2019-10-14,1790.0,1806.300048828125,1784.699951171875,1798.699951171875,881724
2019-10-15,1807.699951171875,1825.0,1796.0,1803.0999755859375,1204392
2019-10-16,1808.5,1814.0,1756.550048828125,1765.699951171875,1403020
2019-10-17,1772.0,1816.6500244140625,1756.0,1812.300048828125,1722055
2019-10-18,1815.0,1824.449951171875,1786.699951171875,1816.75,1682488
2019-10-22,1822.699951171875,1825.0,1775.0,1780.199951171875,2135313
2019-10-23,1762.4000244140625,1800.0,1762.0,1767.4000244140625,3369253
2019-10-24,1778.0,1794.949951171875,1753.050048828125,1790.5,1497854
2019-10-25,1797.0,1808.4000244140625,1785.050048828125,1796.300048828125,1202154
2019-10-27,1802.0,1807.550048828125,1788.0999755859375,1792.5999755859375,124919
2019-10-29,1792.0999755859375,1820.0,1772.550048828125,1814.25,1050123
2019-10-30,1830.0,1830.0,1804.0,1821.300048828125,1133258
2019-10-31,1826.300048828125,1834.800048828125,1803.5,1809.5999755859375,1297114
2019-11-01,1816.0,1821.0,1762.0,1766.3499755859375,1527660
2019-11-04,1775.0,1790.0,1766.199951171875,1785.9000244140625,821893
2019-11-05,1780.0,1797.800048828125,1767.5999755859375,1793.8499755859375,1251974
2019-11-06,1789.0,1815.0,1780.5999755859375,1797.5999755859375,1136777
2019-11-07,1810.0,1830.9000244140625,1798.199951171875,1826.949951171875,1380635
2019-11-08,1826.0,1826.800048828125,1790.800048828125,1794.8499755859375,1077136
2019-11-11,1789.949951171875,1793.949951171875,1768.0,1773.949951171875,860384
2019-11-13,1773.75,1787.0,1756.699951171875,1770.449951171875,983760
2019-11-14,1778.0,1800.0,1766.449951171875,1771.8499755859375,1116800
2019-11-15,1780.8499755859375,1784.0,1756.300048828125,1760.699951171875,729613
2019-11-18,1760.699951171875,1765.449951171875,1734.5,1739.0,1273055
2019-11-19,1747.949951171875,1748.0,1718.5,1721.3499755859375,1187377
2019-11-20,1729.9000244140625,1748.8499755859375,1715.449951171875,1723.5,1374382
2019-11-21,1727.9000244140625,1734.8499755859375,1711.0,1720.3499755859375,913095
2019-11-22,1710.0,1713.949951171875,1676.0,1682.75,1275334
2019-11-25,1684.0,1718.0,1666.1500244140625,1710.699951171875,1320689
2019-11-26,1718.0,1728.8499755859375,1687.5999755859375,1710.300048828125,2714721
2019-11-27,1714.0,1731.0,1704.5999755859375,1715.3499755859375,883771
2019-11-28,1718.25,1727.550048828125,1701.75,1714.5999755859375,691147
2019-11-29,1715.0,1720.4000244140625,1677.3499755859375,1706.1500244140625,1890290
2019-12-02,1706.199951171875,1742.5,1698.3499755859375,1738.25,1476972
2019-12-03,1740.0,1750.949951171875,1725.0,1736.449951171875,1374317
2019-12-04,1731.199951171875,1734.4000244140625,1710.25,1720.300048828125,853421
2019-12-05,1717.4000244140625,1738.1500244140625,1707.0,1715.8499755859375,971984
2019-12-06,1722.9000244140625,1747.5999755859375,1712.8499755859375,1716.6500244140625,1031777
2019-12-09,1725.0,1732.9000244140625,1711.0,1726.3499755859375,751290
2019-12-10,1726.0,1732.0,1709.0,1713.1500244140625,686580
2019-12-11,1718.0,1741.5999755859375,1713.25,1738.199951171875,827804
2019-12-12,1740.3499755859375,1754.0,1728.0999755859375,1750.6500244140625,802332
2019-12-13,1751.0,1757.699951171875,1735.550048828125,1743.949951171875,960033
2019-12-16,1744.0,1752.0,1728.050048828125,1731.449951171875,707437
2019-12-17,1735.199951171875,1748.949951171875,1730.25,1745.4000244140625,873024
2019-12-18,1749.25,1782.0,1733.6500244140625,1778.449951171875,1476506
2019-12-19,1778.800048828125,1807.800048828125,1775.5999755859375,1803.0999755859375,2554245
2019-12-20,1804.949951171875,1809.0,1795.0,1799.25,1419128
2019-12-23,1795.800048828125,1814.5999755859375,1786.199951171875,1807.550048828125,659899
2019-12-24,1812.0,1826.0,1799.050048828125,1803.449951171875,896574
2019-12-26,1799.4000244140625,1819.699951171875,1797.050048828125,1809.5999755859375,1161570
2019-12-27,1811.0,1826.0,1800.5999755859375,1812.25,930468
2019-12-30,1810.0,1818.449951171875,1798.699951171875,1802.300048828125,562492
2019-12-31,1805.0,1805.0,1781.0999755859375,1784.949951171875,928396
2020-01-01,1790.199951171875,1802.550048828125,1783.199951171875,1793.199951171875,397285
2020-01-02,1791.0,1799.9000244140625,1783.4000244140625,1790.6500244140625,411266
2020-01-03,1779.800048828125,1779.800048828125,1747.050048828125,1751.4000244140625,1318628
2020-01-06,1737.949951171875,1738.0,1694.0,1707.1500244140625,1871804
2020-01-07,1711.0,1740.5,1711.0,1724.4000244140625,1033650
2020-01-08,1696.0,1736.0,1695.0,1728.800048828125,1006057
2020-01-09,1763.0,1775.0,1741.0,1772.550048828125,1781733
2020-01-10,1772.0,1797.300048828125,1760.0,1792.550048828125,1256612
2020-01-13,1799.0,1807.949951171875,1794.3499755859375,1804.9000244140625,823821
2020-01-14,1805.0,1821.6500244140625,1804.800048828125,1819.1500244140625,775629
2020-01-15,1817.5,1845.0,1810.0999755859375,1842.25,1252925
2020-01-16,1835.949951171875,1848.0,1828.75,1835.1500244140625,1031569
2020-01-17,1835.5999755859375,1838.9000244140625,1815.0,1830.050048828125,862204
2020-01-20,1838.0,1862.25,1833.5999755859375,1848.75,1091453
2020-01-21,1839.949951171875,1842.550048828125,1793.8499755859375,1810.75,2101561
2020-01-22,1815.0,1818.699951171875,1766.8499755859375,1779.25,3415306
2020-01-23,1779.0,1789.0,1757.0999755859375,1776.0999755859375,1885275
2020-01-24,1783.6500244140625,1799.9000244140625,1780.25,1786.800048828125,1195596
2020-01-27,1787.0,1805.75,1780.0,1788.3499755859375,969054
2020-01-28,1794.0,1794.0,1773.0,1779.0999755859375,873291
2020-01-29,1787.0,1803.8499755859375,1781.0,1796.949951171875,873805
2020-01-30,1800.0,1808.9000244140625,1786.0,1805.0,1005975
2020-01-31,1810.0,1824.0,1788.699951171875,1795.6500244140625,1169614
2020-02-03,1768.800048828125,1872.9000244140625,1765.0,1867.6500244140625,2854532
2020-02-04,1870.0,1896.75,1855.050048828125,1891.300048828125,1830049
2020-02-05,1889.0,1890.0,1866.1500244140625,1873.5,1344016
2020-02-06,1878.0,1882.4000244140625,1845.0,1856.800048828125,995386
2020-02-07,1856.800048828125,1876.5,1850.5999755859375,1858.699951171875,632858
2020-02-10,1867.0,1872.75,1837.199951171875,1869.5,747711
2020-02-11,1880.0,1894.5,1872.75,1878.0999755859375,1093021
2020-02-12,1880.0,1916.699951171875,1878.199951171875,1893.699951171875,1616826
2020-02-13,1889.0,1901.949951171875,1868.050048828125,1874.050048828125,638878
2020-02-14,1876.5,1899.6500244140625,1870.0,1877.050048828125,771464
2020-02-17,1879.9000244140625,1893.5,1870.5999755859375,1881.4000244140625,676579
2020-02-18,1879.9000244140625,1879.9000244140625,1861.0,1863.6500244140625,683421
2020-02-19,1870.0999755859375,1892.75,1851.3499755859375,1884.9000244140625,723351
2020-02-20,1883.0,1886.0,1839.050048828125,1842.25,1401879
2020-02-24,1845.25,1853.0,1814.0,1818.949951171875,1310832
2020-02-25,1838.4000244140625,1843.550048828125,1820.199951171875,1826.0999755859375,897257
2020-02-26,1826.0,1845.0,1820.0,1826.6500244140625,1909619
2020-02-27,1829.8499755859375,1852.0,1810.449951171875,1843.800048828125,1643273
2020-02-28,1820.0,1842.0999755859375,1783.1500244140625,1797.949951171875,2964119
2020-03-02,1815.0999755859375,1837.449951171875,1769.25,1786.800048828125,1219296
2020-03-03,1780.050048828125,1818.0,1767.0,1800.550048828125,1392463
2020-03-04,1804.050048828125,1857.449951171875,1804.050048828125,1847.949951171875,3050469
2020-03-05,1854.0,1882.0,1852.0999755859375,1874.449951171875,2062439
2020-03-06,1840.0,1884.4000244140625,1835.0,1877.449951171875,1393659
2020-03-09,1888.0,1915.9000244140625,1848.0,1867.1500244140625,3420741
2020-03-11,1874.949951171875,1905.0,1851.5,1882.8499755859375,3194186
2020-03-12,1864.949951171875,1874.800048828125,1815.0,1843.3499755859375,6254349
2020-03-13,1785.0,1843.75,1669.8499755859375,1797.699951171875,3878300
2020-03-16,1777.0,1777.0,1678.1500244140625,1683.4000244140625,2867336
2020-03-17,1699.0,1779.800048828125,1670.0,1731.5999755859375,2643189
2020-03-18,1732.0,1758.550048828125,1608.0,1618.199951171875,3676437
2020-03-19,1540.0,1653.949951171875,1431.199951171875,1601.199951171875,4906644
2020-03-20,1610.0,1757.4000244140625,1570.550048828125,1742.949951171875,3128629
2020-03-23,1578.5999755859375,1650.0,1490.75,1498.449951171875,2155326
2020-03-24,1556.550048828125,1598.0,1453.25,1524.8499755859375,3910566
2020-03-25,1446.550048828125,1605.3499755859375,1446.0,1593.1500244140625,2196415
2020-03-26,1605.0,1650.0,1574.0,1616.949951171875,2622118
2020-03-27,1664.800048828125,1665.25,1550.199951171875,1604.1500244140625,2102479
2020-03-30,1591.1500244140625,1619.5,1559.050048828125,1594.949951171875,1844011
2020-03-31,1625.0,1690.0,1601.800048828125,1666.5,2789174
2020-04-01,1650.050048828125,1655.0,1584.25,1603.199951171875,1559455
2020-04-03,1615.0999755859375,1616.0,1517.25,1520.9000244140625,2925847
2020-04-07,1540.0,1635.0,1538.0,1623.800048828125,2733586
2020-04-08,1623.800048828125,1687.800048828125,1600.0,1608.949951171875,2382213
2020-04-09,1640.0,1678.9000244140625,1618.949951171875,1651.3499755859375,1489539
2020-04-13,1646.0,1703.6500244140625,1602.8499755859375,1680.8499755859375,2586159
2020-04-15,1703.6500244140625,1736.75,1683.800048828125,1718.199951171875,2508270
2020-04-16,1691.0,1752.300048828125,1684.75,1743.0999755859375,1821296
2020-04-17,1763.0,1783.699951171875,1727.0999755859375,1756.25,1398686
2020-04-20,1758.25,1758.6500244140625,1705.6500244140625,1730.449951171875,1431055
2020-04-21,1710.0,1753.949951171875,1700.0,1726.0,1594930
2020-04-22,1717.0999755859375,1822.0,1712.25,1813.0,3727805
2020-04-23,1807.0,1845.4000244140625,1801.050048828125,1821.6500244140625,2573552
2020-04-24,1815.050048828125,1842.800048828125,1814.0,1827.550048828125,2744768
2020-04-27,1840.0,1859.800048828125,1818.0999755859375,1851.3499755859375,1770889
2020-04-28,1847.199951171875,1864.0,1806.300048828125,1824.4000244140625,1934910
2020-04-29,1846.9000244140625,1847.0,1755.9000244140625,1767.5,2931120
2020-04-30,1795.0,1797.0,1741.0,1758.699951171875,2926333
2020-05-04,1718.0,1751.0,1671.5,1676.800048828125,2942397
2020-05-05,1681.0,1692.9000244140625,1578.25,1619.1500244140625,5867890
2020-05-06,1615.0,1638.699951171875,1577.0,1610.6500244140625,3937921
2020-05-07,1609.949951171875,1628.699951171875,1545.199951171875,1594.300048828125,5256213
2020-05-08,1611.800048828125,1638.0,1570.0,1578.4000244140625,5644426
2020-05-11,1583.0,1599.0,1555.0,1569.5999755859375,3767646
2020-05-12,1539.0,1543.75,1512.0,1523.3499755859375,4504073
2020-05-13,1579.800048828125,1579.800048828125,1533.3499755859375,1563.300048828125,2940514
2020-05-14,1553.300048828125,1557.5999755859375,1517.0,1522.4000244140625,2592264
2020-05-15,1529.0,1560.0,1510.0,1552.949951171875,2860493
2020-05-18,1558.0,1558.550048828125,1498.0999755859375,1501.0999755859375,2871905
2020-05-19,1510.0,1516.949951171875,1482.949951171875,1503.949951171875,3164137
2020-05-20,1503.949951171875,1514.0,1492.6500244140625,1500.050048828125,2057402
2020-05-21,1503.0,1583.5,1501.0,1574.300048828125,3845743
2020-05-22,1568.800048828125,1625.0,1555.4000244140625,1617.9000244140625,5203736
2020-05-26,1625.0,1656.949951171875,1620.0,1629.8499755859375,3552636
2020-05-27,1631.0,1636.8499755859375,1595.949951171875,1619.449951171875,2260057
2020-05-28,1622.0,1656.949951171875,1615.25,1643.5999755859375,3138915
2020-05-29,1639.0,1699.0,1633.0999755859375,1683.0999755859375,3532977
2020-06-01,1706.5,1711.9000244140625,1681.5,1693.25,2529255
2020-06-02,1693.25,1733.0,1680.0,1709.300048828125,2440552
2020-06-03,1724.0,1744.0,1705.8499755859375,1716.550048828125,3088817
2020-06-04,1716.449951171875,1719.5999755859375,1627.0,1633.75,4388930
2020-06-05,1650.0,1659.3499755859375,1621.0,1638.550048828125,2884206
2020-06-08,1657.0,1666.0,1629.0,1634.25,2046505
2020-06-09,1640.0,1695.0,1636.75,1642.050048828125,3671930
2020-06-10,1648.0,1675.0999755859375,1627.9000244140625,1635.949951171875,2069280
2020-06-11,1635.949951171875,1646.0,1607.0,1610.5999755859375,1888420
2020-06-12,1580.0,1642.949951171875,1577.5,1637.3499755859375,2391556
2020-06-15,1629.0,1650.6500244140625,1602.0999755859375,1618.199951171875,1681166
2020-06-16,1639.0,1640.25,1607.6500244140625,1621.699951171875,1497691
2020-06-17,1607.550048828125,1622.6500244140625,1590.4000244140625,1595.4000244140625,1812788
2020-06-18,1595.4000244140625,1612.199951171875,1587.300048828125,1597.800048828125,1417273
2020-06-19,1597.800048828125,1630.0,1591.050048828125,1622.5,2714342
2020-06-22,1633.0,1673.5,1624.0,1652.1500244140625,2034739
2020-06-23,1659.8499755859375,1689.0,1641.0,1683.9000244140625,2334863
2020-06-24,1684.0,1813.75,1684.0,1747.25,11545923
2020-06-25,1740.0,1747.0,1683.1500244140625,1689.0,4054785
2020-06-26,1710.0,1710.3499755859375,1670.699951171875,1686.75,2129986
2020-06-29,1687.0,1708.449951171875,1674.050048828125,1691.949951171875,2753482
2020-06-30,1708.9000244140625,1718.0,1681.6500244140625,1687.449951171875,1960731
2020-07-01,1698.0,1698.0,1680.050048828125,1688.0,1661296
2020-07-02,1700.0,1704.0,1660.0999755859375,1686.449951171875,2038399
2020-07-03,1695.4000244140625,1720.0,1690.0,1695.6500244140625,1988941
2020-07-06,1708.949951171875,1712.0,1692.1500244140625,1708.8499755859375,1236670
2020-07-07,1708.949951171875,1749.9000244140625,1705.8499755859375,1745.75,2983260
2020-07-08,1750.0,1761.800048828125,1680.050048828125,1686.25,2725937
2020-07-09,1694.0,1722.0,1692.0999755859375,1717.25,1904661
2020-07-10,1707.949951171875,1711.0,1695.199951171875,1703.5,1156043
2020-07-13,1708.0,1732.9000244140625,1700.0,1705.6500244140625,1289791
2020-07-14,1705.6500244140625,1718.0,1682.0999755859375,1688.4000244140625,1347120
2020-07-15,1700.0,1713.5999755859375,1663.300048828125,1671.6500244140625,1611341
2020-07-16,1679.800048828125,1697.0999755859375,1645.0999755859375,1693.199951171875,1442725
2020-07-17,1695.0,1742.5,1689.75,1717.9000244140625,2308792
2020-07-20,1727.0,1757.3499755859375,1720.25,1751.5999755859375,1848600
2020-07-21,1761.0,1771.75,1719.0,1724.25,2088461
2020-07-22,1724.25,1736.4000244140625,1691.0,1695.75,1300409
2020-07-23,1690.0,1740.0,1687.0,1727.800048828125,2375218
2020-07-24,1724.0,1727.0,1682.0,1712.050048828125,3971563
2020-07-27,1717.199951171875,1788.0,1717.199951171875,1778.1500244140625,6470525
2020-07-28,1779.0,1792.6500244140625,1751.050048828125,1759.6500244140625,2534092
2020-07-29,1770.0,1779.9000244140625,1730.0,1740.1500244140625,1530981
2020-07-30,1752.0,1778.0,1728.0999755859375,1743.3499755859375,2113975
2020-07-31,1754.0,1770.9000244140625,1710.4000244140625,1715.5,1678643
2020-08-03,1729.0,1735.0,1697.5,1705.5,1437425
2020-08-04,1719.0,1735.0,1708.550048828125,1713.949951171875,1815396
2020-08-05,1718.0,1741.949951171875,1712.5,1716.300048828125,1416803
2020-08-06,1732.050048828125,1752.0999755859375,1720.0999755859375,1727.550048828125,1914507
2020-08-07,1727.550048828125,1816.9000244140625,1725.699951171875,1806.25,5166075
2020-08-10,1810.0,1824.300048828125,1777.0,1782.3499755859375,1892614
2020-08-11,1800.0,1837.800048828125,1780.0,1789.550048828125,3039662
2020-08-12,1789.949951171875,1806.0,1772.0,1797.25,1679096
2020-08-13,1806.4000244140625,1815.0,1788.0,1802.550048828125,1192375
2020-08-14,1818.699951171875,1830.0,1795.5,1802.550048828125,1868376
2020-08-17,1820.0,1842.5,1801.8499755859375,1836.699951171875,1634180
2020-08-18,1831.0,1884.0,1831.0,1874.0999755859375,2586298
2020-08-19,1890.0,1902.4000244140625,1872.550048828125,1885.699951171875,1947114
2020-08-20,1867.949951171875,1880.0,1857.050048828125,1874.9000244140625,1538879
2020-08-21,1887.9000244140625,1973.25,1880.75,1958.0,5688228
2020-08-24,1958.0,1996.0,1940.0,1962.1500244140625,3996329
2020-08-25,1964.25,2016.8499755859375,1964.0,2000.5999755859375,3544399
2020-08-26,2000.949951171875,2009.0,1955.5,1971.4000244140625,2245810
2020-08-27,1980.9000244140625,2009.0,1970.050048828125,1982.5,3116305
2020-08-28,1994.0,1997.0,1953.300048828125,1958.0999755859375,1842536
2020-08-31,1977.0,1983.9000244140625,1881.25,1899.0999755859375,2738522
2020-09-01,1925.0,1988.0,1907.75,1979.300048828125,3068285
2020-09-02,1977.949951171875,1997.0,1925.0,1943.949951171875,2569603
2020-09-03,1950.199951171875,1987.8499755859375,1945.0,1978.0,1931667
2020-09-04,1958.0,1993.699951171875,1951.0,1956.3499755859375,1930422
2020-09-07,1965.0,2003.6500244140625,1948.0999755859375,1982.0999755859375,2855392
2020-09-08,1987.5,2001.949951171875,1952.0,1960.3499755859375,2401034
2020-09-09,1960.3499755859375,1993.9000244140625,1958.0,1979.050048828125,2776804
2020-09-10,1985.050048828125,2069.699951171875,1981.0,2056.550048828125,5081252
2020-09-11,2063.0,2069.949951171875,2022.0,2035.949951171875,2599475
2020-09-14,2050.0,2054.0,2005.0,2031.199951171875,2142458
2020-09-15,2045.0,2049.550048828125,2009.050048828125,2017.550048828125,1997383
2020-09-16,2027.0,2027.0,1994.1500244140625,2012.0999755859375,1717740
2020-09-17,2000.0,2045.0,2000.0,2007.949951171875,2416918
2020-09-18,2026.300048828125,2044.3499755859375,2015.0,2028.4000244140625,3021436
2020-09-21,2036.4000244140625,2057.0,1962.300048828125,1972.550048828125,2518361
2020-09-22,1990.199951171875,1995.699951171875,1926.3499755859375,1937.5,1974860
2020-09-23,1940.0,1990.0,1928.300048828125,1946.550048828125,2732912
2020-09-24,1941.550048828125,1945.0,1907.75,1918.3499755859375,1906183
2020-09-25,1925.25,1955.0,1908.0,1925.5999755859375,1939316
2020-09-28,1938.0,1958.0,1930.0,1945.5999755859375,1137313
2020-09-29,1960.0,1989.949951171875,1954.0,1959.949951171875,1965383
2020-09-30,1966.0999755859375,2004.0,1958.1500244140625,1986.4000244140625,2518982
2020-10-01,2007.0,2049.35009765625,1992.050048828125,2040.449951171875,2014003
2020-10-05,2040.449951171875,2042.699951171875,2011.0,2028.0,1554873
2020-10-06,2050.0,2097.89990234375,2045.0999755859375,2090.0,3152378
2020-10-07,2080.0,2118.800048828125,2073.949951171875,2105.0,2429595
2020-10-08,2104.5,2107.949951171875,2072.050048828125,2088.64990234375,1427493
2020-10-09,2094.0,2108.89990234375,2045.1500244140625,2050.60009765625,1636939
2020-10-12,2067.89990234375,2086.449951171875,2041.25,2077.85009765625,2182836
2020-10-13,2077.0,2114.0,2054.050048828125,2064.64990234375,2619233
2020-10-14,2070.0,2085.5,2055.0,2071.35009765625,1530471
2020-10-15,2070.0,2124.0,2066.050048828125,2090.449951171875,4001883
2020-10-16,2089.949951171875,2090.0,2055.550048828125,2061.199951171875,2017706
2020-10-19,2079.949951171875,2079.949951171875,2056.5,2070.10009765625,1338404
2020-10-20,2077.89990234375,2131.800048828125,2067.35009765625,2118.5,2377713
2020-10-21,2130.0,2143.85009765625,2081.25,2114.300048828125,2895432
2020-10-22,2114.199951171875,2116.85009765625,2076.800048828125,2099.89990234375,2755686
2020-10-23,2113.5,2129.39990234375,2096.0,2120.25,3070714
2020-10-26,2116.35009765625,2116.35009765625,2070.050048828125,2080.449951171875,1278139
2020-10-27,2085.0,2207.35009765625,2085.0,2197.800048828125,4964874
2020-10-28,2199.800048828125,2218.550048828125,2150.14990234375,2159.550048828125,3166047
2020-10-29,2162.0,2233.25,2161.10009765625,2225.449951171875,4795796
2020-10-30,2210.10009765625,2242.85009765625,2195.5,2211.5,3006197
2020-11-02,2198.0,2225.89990234375,2166.10009765625,2172.85009765625,1772571
2020-11-03,2193.89990234375,2193.89990234375,2146.75,2154.64990234375,1781465
2020-11-04,2160.0,2213.85009765625,2156.0,2169.449951171875,2189957
2020-11-05,2190.0,2245.699951171875,2183.64990234375,2238.300048828125,2671841
2020-11-06,2233.949951171875,2248.0,2202.5,2209.050048828125,2395965
2020-11-09,2249.0,2249.0,2214.14990234375,2225.199951171875,1691773
2020-11-10,2225.199951171875,2238.550048828125,2189.0,2199.75,1879561
2020-11-11,2205.0,2223.0,2157.300048828125,2181.699951171875,2387398
2020-11-12,2172.0,2201.75,2162.0,2171.800048828125,1626054
2020-11-13,2180.5,2206.550048828125,2172.0,2179.949951171875,1560060
2020-11-14,2192.0,2193.39990234375,2180.35009765625,2184.60009765625,146991
2020-11-17,2206.39990234375,2221.89990234375,2182.0,2187.64990234375,1699293
2020-11-18,2185.0,2210.0,2166.10009765625,2195.75,1817170
2020-11-19,2175.0,2195.0,2156.699951171875,2161.699951171875,2669522
2020-11-20,2163.35009765625,2190.050048828125,2160.550048828125,2166.550048828125,2196113
2020-11-23,2160.550048828125,2196.949951171875,2138.800048828125,2186.25,4002609
2020-11-24,2192.89990234375,2231.0,2191.0,2207.89990234375,2954306
2020-11-25,2197.25,2208.699951171875,2150.0,2154.300048828125,1682365
2020-11-26,2160.0,2177.449951171875,2117.14990234375,2155.300048828125,2247478
2020-11-27,2170.0,2244.60009765625,2165.0,2215.300048828125,10036402
2020-12-01,2275.0,2275.0,2206.199951171875,2230.050048828125,2235498
2020-12-02,2241.0,2325.949951171875,2236.0,2315.85009765625,3305952
2020-12-03,2340.0,2421.85009765625,2316.25,2411.39990234375,4334658
2020-12-04,2400.0,2445.0,2375.0,2438.75,2789953
2020-12-07,2440.0,2478.800048828125,2437.0,2472.550048828125,1762501
2020-12-08,2470.550048828125,2484.199951171875,2427.949951171875,2438.89990234375,2090950
2020-12-09,2450.0,2532.10009765625,2447.0,2522.300048828125,2022370
2020-12-10,2515.949951171875,2552.0,2501.0,2526.050048828125,2372909
2020-12-11,2516.0,2536.89990234375,2495.0,2520.949951171875,2171653
2020-12-14,2530.0,2553.89990234375,2521.0,2548.14990234375,1280339
2020-12-15,2535.0,2538.60009765625,2502.5,2527.449951171875,1283286
2020-12-16,2540.0,2587.89990234375,2537.60009765625,2582.449951171875,1920875
2020-12-17,2569.0,2603.35009765625,2557.0,2575.050048828125,1750663
2020-12-18,2577.0,2636.0,2575.550048828125,2601.5,4402604
2020-12-21,2595.449951171875,2602.300048828125,2539.10009765625,2554.64990234375,1383048
2020-12-22,2541.0,2613.60009765625,2496.199951171875,2600.800048828125,1993090
2020-12-23,2604.0,2650.0,2604.0,2642.550048828125,1339307
2020-12-24,2658.0,2658.0,2613.0,2648.25,1143202
2020-12-28,2654.25,2689.5,2629.550048828125,2683.89990234375,1226254
2020-12-29,2685.0,2712.449951171875,2673.0,2696.800048828125,1562853
2020-12-30,2694.0,2742.85009765625,2680.35009765625,2734.39990234375,1614643
2020-12-31,2734.39990234375,2772.0,2725.050048828125,2764.5,1526325
2021-01-01,2759.0,2792.0,2750.0,2775.550048828125,1246698
2021-01-04,2781.10009765625,2791.10009765625,2745.0,2753.699951171875,1360486
2021-01-05,2753.699951171875,2804.60009765625,2732.0,2793.85009765625,1299589
2021-01-06,2801.300048828125,2822.449951171875,2780.0,2805.35009765625,1697884
2021-01-07,2801.0,2831.85009765625,2781.5,2792.25,1142806
2021-01-08,2818.0,2849.800048828125,2789.050048828125,2844.699951171875,1660967
2021-01-11,2845.0,2873.449951171875,2824.60009765625,2849.300048828125,1517995
2021-01-12,2849.60009765625,2850.0,2712.14990234375,2720.550048828125,6674890
2021-01-13,2760.0,2763.0,2678.0,2703.699951171875,2862676
2021-01-14,2713.0,2736.64990234375,2648.0,2663.89990234375,2124950
2021-01-15,2660.89990234375,2661.85009765625,2580.550048828125,2590.89990234375,2570436
2021-01-18,2592.0,2619.85009765625,2555.39990234375,2588.199951171875,2395168
2021-01-19,2615.0,2676.60009765625,2590.0,2645.050048828125,2558693
2021-01-20,2654.0,2707.14990234375,2645.050048828125,2697.25,2065439
2021-01-21,2726.949951171875,2816.949951171875,2695.0,2716.35009765625,5015712
2021-01-22,2750.0,2768.85009765625,2590.0,2596.64990234375,4945564
2021-01-25,2612.85009765625,2631.5,2501.0,2513.949951171875,3520087
2021-01-27,2525.0,2525.0,2430.550048828125,2436.60009765625,2700415
2021-01-28,2420.0,2453.949951171875,2401.050048828125,2441.699951171875,3035457
2021-01-29,2456.0,2484.0,2400.0,2407.35009765625,2768673
2021-02-01,2426.60009765625,2467.75,2376.89990234375,2447.800048828125,1797359
2021-02-02,2460.0,2520.0,2425.10009765625,2463.64990234375,2679428
2021-02-03,2503.85009765625,2503.85009765625,2438.35009765625,2453.64990234375,2409356
2021-02-04,2456.0,2456.0,2398.0,2401.800048828125,3478562
2021-02-05,2420.0,2423.89990234375,2370.800048828125,2376.75,3303319
2021-02-08,2394.0,2434.89990234375,2373.39990234375,2416.85009765625,3666313
2021-02-09,2432.5,2532.449951171875,2423.64990234375,2506.85009765625,7178572
2021-02-10,2529.0,2555.0,2475.0,2510.60009765625,4473123
2021-02-11,2524.949951171875,2540.0,2495.10009765625,2505.5,1446286
2021-02-12,2518.0,2523.0,2464.199951171875,2486.10009765625,1376085
2021-02-15,2495.0,2517.5,2448.550048828125,2456.75,1634576
2021-02-16,2472.0,2475.10009765625,2422.0,2450.25,1615849
2021-02-17,2436.0,2455.050048828125,2382.0,2388.14990234375,3178784
2021-02-18,2424.0,2479.60009765625,2395.25,2470.75,4253843
2021-02-19,2470.89990234375,2470.89990234375,2400.0,2416.449951171875,2244567
2021-02-22,2428.75,2448.0,2380.0,2387.050048828125,2002642
2021-02-23,2375.0,2400.0,2315.0,2372.199951171875,3267268
2021-02-24,2373.0,2409.35009765625,2347.199951171875,2361.35009765625,1708526
2021-02-25,2375.0,2386.25,2336.199951171875,2373.75,2839515
2021-02-26,2338.050048828125,2360.0,2260.0,2277.199951171875,3933813
2021-03-01,2300.0,2369.89990234375,2300.0,2362.300048828125,2545806
2021-03-02,2386.0,2402.550048828125,2359.0,2390.39990234375,2033586
2021-03-03,2406.0,2417.699951171875,2375.800048828125,2402.10009765625,1591567
2021-03-04,2380.0,2435.0,2350.0,2417.10009765625,2149984
2021-03-05,2399.0,2423.89990234375,2377.10009765625,2387.10009765625,1953642
2021-03-08,2383.0,2413.5,2360.050048828125,2382.699951171875,1593838
2021-03-09,2400.0,2444.0,2396.14990234375,2422.699951171875,1800442
2021-03-10,2446.0,2446.0,2415.550048828125,2431.949951171875,1056102
2021-03-12,2442.800048828125,2464.64990234375,2397.0,2401.35009765625,1279203
2021-03-15,2402.550048828125,2427.550048828125,2343.050048828125,2355.0,1524449
2021-03-16,2379.199951171875,2480.0,2375.35009765625,2468.60009765625,4230564
2021-03-17,2460.0,2460.0,2411.10009765625,2422.949951171875,1623187
2021-03-18,2468.85009765625,2468.85009765625,2390.0,2404.550048828125,1851739
2021-03-19,2393.0,2434.0,2355.35009765625,2411.25,3738079
2021-03-22,2390.0,2438.10009765625,2390.0,2425.699951171875,1489853
2021-03-23,2430.0,2433.949951171875,2398.199951171875,2410.300048828125,1745466
2021-03-24,2410.300048828125,2470.0,2410.0,2443.550048828125,4132092
2021-03-25,2450.949951171875,2469.0,2392.0,2402.199951171875,2272545
2021-03-26,2425.0,2513.949951171875,2409.10009765625,2505.14990234375,3084607
2021-03-30,2539.10009765625,2583.449951171875,2521.5,2578.050048828125,2332884
2021-03-31,2578.050048828125,2582.949951171875,2531.0,2537.39990234375,1616044
2021-04-01,2532.0,2564.550048828125,2532.0,2551.75,1219588
2021-04-05,2558.0,2558.0,2484.5,2510.64990234375,1268939
2021-04-06,2526.0,2620.0,2504.5,2611.60009765625,3372846
2021-04-07,2605.0,2668.050048828125,2600.10009765625,2628.60009765625,1937977
2021-04-08,2630.0,2658.39990234375,2628.0,2650.64990234375,897483
2021-04-09,2635.0,2655.0,2610.14990234375,2630.800048828125,1185017
2021-04-12,2578.199951171875,2610.0,2555.0,2602.199951171875,1427691
2021-04-13,2600.0,2626.0,2564.300048828125,2570.699951171875,1200230
2021-04-15,2590.0,2593.550048828125,2537.0,2587.699951171875,1209829
2021-04-16,2587.60009765625,2693.5,2581.699951171875,2663.699951171875,2760777
2021-04-19,2650.0,2650.0,2566.85009765625,2571.89990234375,1552036
2021-04-20,2600.0,2604.699951171875,2528.800048828125,2553.64990234375,1489287
2021-04-22,2555.64990234375,2557.0,2488.0,2511.25,1690758
2021-04-23,2527.10009765625,2565.0,2496.199951171875,2517.949951171875,1614593
2021-04-26,2530.0,2575.0,2530.0,2557.89990234375,1103980
2021-04-27,2545.0,2579.89990234375,2534.0,2574.35009765625,866331
2021-04-28,2588.0,2620.25,2575.0,2614.550048828125,1065561
2021-04-29,2630.0,2642.0,2570.0,2613.449951171875,1295346
2021-04-30,2595.0,2605.800048828125,2524.050048828125,2536.39990234375,1384907
2021-05-03,2510.0,2595.10009765625,2505.60009765625,2582.14990234375,1034774
2021-05-04,2605.0,2617.949951171875,2571.550048828125,2587.14990234375,1058140
2021-05-05,2617.0,2617.0,2546.10009765625,2567.64990234375,1220186
2021-05-06,2579.85009765625,2581.85009765625,2528.0,2549.050048828125,1518119
2021-05-07,2555.0,2590.0,2541.5,2551.64990234375,1416102
2021-05-10,2589.0,2589.0,2542.14990234375,2556.949951171875,1526814
2021-05-11,2533.0,2562.0,2521.300048828125,2556.25,1168363
2021-05-12,2577.0,2588.949951171875,2530.0,2556.199951171875,2085630
2021-05-14,2620.0,2835.25,2601.550048828125,2774.5,10543708
2021-05-17,2782.0,2824.199951171875,2747.550048828125,2782.75,2134352
2021-05-18,2797.0,2845.0,2789.0,2821.800048828125,1328605
2021-05-19,2805.14990234375,2849.0,2798.64990234375,2815.85009765625,1219067
2021-05-20,2814.0,2845.0,2778.5,2794.10009765625,1211975
2021-05-21,2807.0,2854.0,2795.0,2832.5,1328308
2021-05-24,2846.0,2849.0,2808.199951171875,2819.199951171875,813091
2021-05-25,2836.89990234375,2922.64990234375,2822.75,2914.39990234375,2730112
2021-05-26,2939.85009765625,2947.89990234375,2910.39990234375,2941.60009765625,1250531
2021-05-27,2950.0,2965.0,2902.25,2949.35009765625,2415085
2021-05-28,2958.14990234375,2963.800048828125,2931.14990234375,2940.699951171875,711383
2021-05-31,2938.0,2989.949951171875,2936.10009765625,2977.5,2093635
2021-06-01,2965.0,2982.60009765625,2915.10009765625,2931.0,1194073
2021-06-02,2918.85009765625,2933.75,2877.14990234375,2903.699951171875,2067842
2021-06-03,2919.60009765625,2942.0,2904.050048828125,2935.35009765625,1404434
2021-06-04,2953.0,2990.0,2908.0,2924.89990234375,1509084
2021-06-07,2930.0,2941.0,2903.949951171875,2933.10009765625,802415
2021-06-08,2928.0,2944.25,2907.5,2926.25,762931
2021-06-09,2930.800048828125,2965.0,2919.60009765625,2943.550048828125,1340352
2021-06-10,2945.0,2959.300048828125,2920.64990234375,2950.60009765625,1344559
2021-06-11,2960.0,2971.60009765625,2938.60009765625,2956.25,878445
2021-06-14,2955.10009765625,2970.0,2916.5,2949.89990234375,746823
2021-06-15,2970.0,3050.0,2960.949951171875,3042.199951171875,2262031
2021-06-16,3029.0,3042.199951171875,3005.5,3018.699951171875,859505
2021-06-17,3017.949951171875,3073.949951171875,3000.5,3060.300048828125,1533864
2021-06-18,3061.550048828125,3077.800048828125,3016.050048828125,3047.199951171875,2293860
2021-06-21,3024.199951171875,3079.14990234375,3021.050048828125,3068.550048828125,720491
2021-06-22,3085.0,3092.85009765625,3004.199951171875,3010.800048828125,1199238
2021-06-23,3030.0,3030.0,2983.5,2987.35009765625,1009007
2021-06-24,2987.35009765625,3049.699951171875,2975.449951171875,3043.25,985596
2021-06-25,3030.199951171875,3053.5,2985.0,3003.89990234375,786964
2021-06-28,3024.0,3038.85009765625,2976.25,2982.949951171875,891695
2021-06-29,2989.0,3023.85009765625,2973.050048828125,3001.5,1242734
2021-06-30,2999.0,3030.0,2985.64990234375,2992.699951171875,924522
2021-07-01,3008.0,3026.89990234375,2997.0,3021.60009765625,848235
2021-07-02,3032.949951171875,3038.800048828125,2999.75,3005.0,805542
2021-07-05,3020.0,3050.0,3007.10009765625,3014.800048828125,863343
2021-07-06,3003.0,3029.5,2996.0,3002.5,762630
2021-07-07,3065.0,3069.0,3011.25,3040.10009765625,1234865
2021-07-08,3050.0,3059.0,3018.800048828125,3028.300048828125,907391
2021-07-09,3022.0,3039.14990234375,3007.0,3010.60009765625,547082
2021-07-12,3034.89990234375,3042.85009765625,2991.050048828125,2999.39990234375,765566
2021-07-13,3020.0,3021.10009765625,2985.35009765625,2993.85009765625,703484
2021-07-14,3003.0,3007.75,2984.199951171875,3001.949951171875,470744
2021-07-15,3010.0,3011.0,2971.10009765625,2983.60009765625,635535
2021-07-16,2994.0,3006.0,2965.0,2989.300048828125,1062548
2021-07-19,2989.300048828125,2999.699951171875,2965.0,2981.949951171875,837836
2021-07-20,2996.0,3179.5,2979.550048828125,3159.050048828125,6755922
2021-07-22,3130.0,3165.0,3090.0,3106.75,1982572
2021-07-23,3106.0,3129.60009765625,3078.050048828125,3083.75,815329
2021-07-26,3079.949951171875,3119.0,3051.199951171875,3061.199951171875,1136884
2021-07-27,3079.39990234375,3081.5,3021.300048828125,3028.64990234375,904289
2021-07-28,3030.35009765625,3033.0,2984.0,3004.10009765625,996594
2021-07-29,3004.10009765625,3039.949951171875,2990.300048828125,2997.449951171875,762683
2021-07-30,3008.0,3008.64990234375,2951.89990234375,2958.449951171875,1067423
2021-08-02,2985.60009765625,2986.800048828125,2960.64990234375,2974.050048828125,832285
2021-08-03,3020.0,3065.0,2994.199951171875,3027.0,2433031
2021-08-04,3040.60009765625,3053.300048828125,3012.0,3018.60009765625,659295
2021-08-05,3034.0,3040.0,2980.050048828125,2988.39990234375,693694
2021-08-06,2995.0,3001.0,2961.449951171875,2966.449951171875,744159
2021-08-09,2994.64990234375,3015.0,2973.050048828125,2992.550048828125,825462
2021-08-10,2998.0,3008.300048828125,2960.550048828125,2977.14990234375,724335
2021-08-11,2987.39990234375,3001.449951171875,2952.550048828125,2972.60009765625,987941
2021-08-12,2974.0,2985.25,2958.0,2975.5,438552
2021-08-13,2980.89990234375,3002.0,2973.10009765625,2988.699951171875,572250
2021-08-16,2980.0,2984.14990234375,2960.0,2971.39990234375,461742
2021-08-17,2974.0,3044.0,2973.10009765625,3015.300048828125,2036757
2021-08-18,3048.0,3048.0,2992.550048828125,3001.550048828125,1375320
2021-08-20,3001.5,3124.050048828125,3001.5,3112.949951171875,3931334
2021-08-23,3159.050048828125,3163.85009765625,3051.0,3077.449951171875,1578949
2021-08-24,3092.800048828125,3092.800048828125,3034.550048828125,3045.949951171875,763704
2021-08-25,3026.0,3070.0,3012.60009765625,3038.050048828125,797870
2021-08-26,3064.0,3084.5,3026.199951171875,3039.64990234375,1319516
2021-08-27,3040.449951171875,3057.949951171875,3020.5,3036.800048828125,634375
2021-08-30,3056.699951171875,3114.25,3048.050048828125,3108.75,1051747
2021-08-31,3108.75,3210.0,3103.050048828125,3201.35009765625,2283290
2021-09-01,3230.050048828125,3333.0,3215.0,3302.75,2423168
2021-09-02,3312.949951171875,3319.0,3266.64990234375,3301.60009765625,847517
2021-09-03,3301.60009765625,3344.949951171875,3286.5,3338.800048828125,832039
2021-09-06,3342.0,3347.699951171875,3305.89990234375,3315.550048828125,664394
2021-09-07,3333.5,3394.60009765625,3323.85009765625,3336.25,1285818
2021-09-08,3345.0,3361.550048828125,3297.0,3336.60009765625,702598
2021-09-09,3305.0,3359.0,3305.0,3346.35009765625,591745
2021-09-13,3346.60009765625,3374.0,3330.35009765625,3367.050048828125,610920
2021-09-14,3384.89990234375,3388.60009765625,3356.85009765625,3362.5,569412
2021-09-15,3361.85009765625,3383.949951171875,3346.949951171875,3352.300048828125,587855
2021-09-16,3350.0,3371.0,3335.0,3342.10009765625,516746
2021-09-17,3352.0,3382.0,3285.050048828125,3303.050048828125,1545695
2021-09-20,3299.949951171875,3315.0,3265.0,3271.550048828125,689288
2021-09-21,3271.550048828125,3335.0,3271.0,3309.199951171875,922057
2021-09-22,3328.5,3329.949951171875,3288.25,3317.5,825945
2021-09-23,3340.0,3340.0,3315.0,3320.64990234375,694716
2021-09-24,3330.0,3505.0,3320.85009765625,3448.60009765625,2775975
2021-09-27,3461.60009765625,3470.0,3417.64990234375,3430.64990234375,902449
2021-09-28,3424.89990234375,3429.699951171875,3350.0,3379.699951171875,961271
2021-09-29,3365.0,3381.699951171875,3310.0,3323.050048828125,973387
2021-09-30,3329.89990234375,3347.699951171875,3220.0,3244.64990234375,2077896
2021-10-01,3248.0,3252.949951171875,3170.0,3177.85009765625,1512332
2021-10-04,3202.800048828125,3230.5,3178.0,3201.60009765625,921241
2021-10-05,3208.550048828125,3260.0,3191.64990234375,3254.75,909337
2021-10-06,3262.0,3280.0,3200.64990234375,3212.25,786378
2021-10-07,3220.0,3318.0,3220.0,3290.85009765625,1177283
2021-10-08,3307.0,3329.0,3264.10009765625,3306.89990234375,882436
2021-10-11,3326.39990234375,3344.35009765625,3297.75,3306.050048828125,460197
2021-10-12,3280.0,3335.0,3280.0,3323.25,564524
2021-10-13,3343.0,3358.89990234375,3291.39990234375,3323.5,770144
2021-10-14,3342.0,3352.949951171875,3290.0,3297.800048828125,648597
2021-10-18,3252.5,3283.949951171875,3232.0,3241.5,1576121
2021-10-19,3260.89990234375,3269.10009765625,3176.10009765625,3183.75,1042069
2021-10-20,3190.0,3219.949951171875,3136.64990234375,3169.60009765625,1205540
2021-10-21,3194.0,3195.449951171875,2920.449951171875,3002.0,5103543
2021-10-22,2975.0,3002.949951171875,2912.14990234375,2982.39990234375,2855592
2021-10-25,2950.0,2950.0,2857.25,2918.050048828125,2161537
2021-10-26,2918.050048828125,3024.0,2898.0,2969.800048828125,1988263
2021-10-27,3029.199951171875,3145.0,3029.199951171875,3094.64990234375,4609951
2021-10-28,3103.0,3147.60009765625,3062.0,3116.300048828125,1791065
2021-10-29,3125.0,3144.699951171875,3083.300048828125,3100.10009765625,1118903
2021-11-01,3128.0,3142.25,3091.64990234375,3121.800048828125,750393
2021-11-02,3120.0,3139.800048828125,3080.0,3103.35009765625,881916
2021-11-03,3102.10009765625,3182.89990234375,3095.0,3170.64990234375,879227
2021-11-04,3179.0,3190.0,3145.0,3159.25,263595
2021-11-08,3165.0,3181.0,3095.14990234375,3138.0,787824
2021-11-09,3140.0,3155.0,3120.0,3145.14990234375,668840
2021-11-10,3132.0,3136.64990234375,3080.5,3108.300048828125,872975
2021-11-11,3090.0,3106.64990234375,3052.0,3063.5,958143
2021-11-12,3089.0,3128.0,3075.800048828125,3122.89990234375,682344
2021-11-15,3126.0,3180.0,3126.0,3168.699951171875,696377
2021-11-16,3165.0,3209.0,3120.10009765625,3151.699951171875,1400107
2021-11-17,3170.0,3239.89990234375,3165.050048828125,3230.25,1616452
2021-11-18,3249.85009765625,3260.0,3214.0,3226.85009765625,1609821
2021-11-22,3241.0,3308.35009765625,3215.050048828125,3261.25,2146970
2021-11-23,3261.25,3288.300048828125,3171.550048828125,3185.550048828125,1482618
2021-11-24,3186.050048828125,3208.89990234375,3150.0,3157.0,1056213
2021-11-25,3156.5,3173.35009765625,3113.0,3144.25,728825
2021-11-26,3101.0,3167.35009765625,3091.0,3143.10009765625,1029110
2021-11-29,3131.0,3178.89990234375,3071.89990234375,3144.300048828125,876651
2021-11-30,3116.14990234375,3189.0,3116.14990234375,3143.64990234375,2340489
2021-12-01,3155.89990234375,3199.75,3124.10009765625,3138.14990234375,1741820
2021-12-02,3160.0,3194.0,3152.25,3180.60009765625,939320
2021-12-03,3185.0,3187.449951171875,3106.0,3110.449951171875,1216263
2021-12-06,3115.0,3115.0,3028.25,3038.300048828125,1107363
2021-12-07,3040.0,3069.0,3016.449951171875,3030.35009765625,2056459
2021-12-08,3031.89990234375,3123.0,3031.0,3108.5,1171484
2021-12-09,3152.39990234375,3183.050048828125,3111.0,3178.699951171875,1287243
2021-12-10,3184.0,3292.0,3178.699951171875,3283.14990234375,2554394
2021-12-13,3285.10009765625,3341.0,3270.949951171875,3279.85009765625,1265832
2021-12-14,3274.0,3305.0,3249.0,3297.5,863179
2021-12-15,3278.14990234375,3313.949951171875,3266.5,3301.949951171875,811946
2021-12-16,3325.0,3325.0,3270.60009765625,3298.60009765625,502930
2021-12-17,3275.0,3293.300048828125,3227.699951171875,3243.699951171875,1019403
2021-12-20,3227.0,3275.0,3181.0,3239.449951171875,948872
2021-12-21,3247.0,3296.0,3240.0,3271.35009765625,712026
2021-12-22,3275.699951171875,3285.64990234375,3241.0,3280.10009765625,619865
2021-12-23,3290.0,3307.89990234375,3250.0,3267.89990234375,1051596
2021-12-24,3280.0,3300.0,3261.0,3284.800048828125,651404
2021-12-27,3280.10009765625,3284.75,3226.199951171875,3272.39990234375,640701
2021-12-28,3275.949951171875,3375.0,3273.0,3368.199951171875,1211648
2021-12-29,3372.199951171875,3386.0,3346.199951171875,3367.449951171875,598421
2021-12-30,3363.25,3390.0,3350.300048828125,3365.699951171875,691223
2021-12-31,3390.0,3405.0,3361.39990234375,3382.949951171875,570671
2022-01-03,3383.0,3440.89990234375,3383.0,3422.39990234375,696276
2022-01-04,3434.0,3472.449951171875,3415.050048828125,3459.300048828125,790886
2022-01-05,3470.0,3540.0,3452.050048828125,3526.800048828125,1024506
2022-01-06,3491.14990234375,3537.550048828125,3452.14990234375,3514.64990234375,1312743
2022-01-07,3514.64990234375,3582.0,3496.550048828125,3576.300048828125,964364
2022-01-10,3580.0,3590.0,3527.0,3553.5,657511
2022-01-11,3550.60009765625,3564.0,3495.050048828125,3538.75,734344
2022-01-12,3556.89990234375,3582.449951171875,3534.0,3543.800048828125,594543
2022-01-13,3560.0,3560.0,3450.0,3456.25,1153984
2022-01-14,3462.0,3462.0,3346.0,3364.39990234375,1558978
2022-01-17,3364.39990234375,3399.0,3321.0,3378.64990234375,1103159
2022-01-18,3379.050048828125,3396.449951171875,3351.0,3373.699951171875,558543
2022-01-19,3370.0,3370.0,3267.75,3280.39990234375,1495218
2022-01-20,3282.0,3364.89990234375,3222.0,3306.39990234375,3075678
2022-01-21,3300.050048828125,3324.949951171875,3241.75,3274.85009765625,1441694
2022-01-24,3268.0,3270.0,3135.0,3155.14990234375,1575665
2022-01-25,3100.0,3156.949951171875,3010.75,3147.10009765625,2699779
2022-01-27,3140.10009765625,3143.0,3071.25,3116.949951171875,1834684
2022-01-28,3130.0,3170.0,3103.0,3110.85009765625,892060
2022-01-31,3140.0,3193.449951171875,3136.39990234375,3152.25,944530
2022-02-01,3194.0,3212.35009765625,3141.60009765625,3196.25,1008915
2022-02-02,3204.800048828125,3244.14990234375,3192.14990234375,3197.699951171875,667265
2022-02-03,3212.85009765625,3241.60009765625,3190.199951171875,3203.0,899753
2022-02-04,3188.0,3248.800048828125,3176.050048828125,3236.64990234375,705765
2022-02-07,3234.0,3251.199951171875,3143.10009765625,3174.699951171875,860393
2022-02-08,3179.0,3223.5,3166.199951171875,3216.35009765625,799206
2022-02-09,3230.0,3259.0,3222.75,3228.35009765625,472725
2022-02-10,3220.0,3248.0,3176.0,3238.75,728666
2022-02-11,3229.949951171875,3229.949951171875,3182.5,3216.300048828125,587840
2022-02-14,3140.0,3182.699951171875,3120.0,3143.449951171875,681236
2022-02-15,3140.0,3270.0,3132.85009765625,3264.60009765625,676844
2022-02-16,3280.0,3285.10009765625,3223.0,3252.85009765625,624320
2022-02-17,3273.0,3294.949951171875,3236.39990234375,3265.85009765625,636735
2022-02-18,3236.14990234375,3272.0,3230.050048828125,3258.449951171875,423801
2022-02-21,3235.0,3278.449951171875,3204.14990234375,3251.64990234375,547472
2022-02-22,3120.0,3236.800048828125,3120.0,3227.14990234375,1147209
2022-02-23,3236.89990234375,3296.89990234375,3230.0,3237.199951171875,935896
2022-02-24,3130.0,3197.800048828125,3051.5,3069.050048828125,1823450
2022-02-25,3105.0,3141.449951171875,3083.050048828125,3119.199951171875,1239456
2022-02-28,3090.0,3190.5,3015.0,3174.64990234375,1678348
2022-03-02,3107.0,3111.199951171875,2991.10009765625,3028.949951171875,3014206
2022-03-03,3029.0,3051.0,2862.0,2871.89990234375,4406840
2022-03-04,2863.800048828125,2863.800048828125,2662.050048828125,2738.14990234375,6979253
2022-03-07,2649.89990234375,2727.949951171875,2599.35009765625,2708.449951171875,3233760
2022-03-08,2690.0,2736.949951171875,2638.0,2723.39990234375,2611102
2022-03-09,2750.0,2890.0,2665.050048828125,2874.949951171875,4076068
2022-03-10,3000.0,3040.0,2891.199951171875,2912.800048828125,3971987
2022-03-11,2917.0,2939.949951171875,2882.35009765625,2932.0,1265493
2022-03-14,2950.0,2972.35009765625,2917.300048828125,2962.800048828125,1214217
2022-03-15,2998.0,3032.0,2966.0,2987.14990234375,1857685
2022-03-16,3043.0,3050.0,3010.75,3042.0,1287234
2022-03-17,3113.5,3163.300048828125,3076.5,3136.60009765625,2867519
2022-03-21,3117.300048828125,3117.300048828125,3030.10009765625,3045.75,1259015
2022-03-22,3024.0,3062.699951171875,2975.0,3051.14990234375,1515772
2022-03-23,3060.0,3079.89990234375,3005.0,3016.800048828125,948403
2022-03-24,2969.5,3038.949951171875,2950.550048828125,3025.35009765625,1243917
2022-03-25,3025.35009765625,3064.550048828125,2991.0,3046.949951171875,1083275
2022-03-28,3046.949951171875,3058.60009765625,2995.64990234375,3027.449951171875,680332
2022-03-29,3069.0,3087.699951171875,3012.699951171875,3042.60009765625,1120936
2022-03-30,3078.0,3094.35009765625,3055.89990234375,3081.550048828125,849545
2022-03-31,3115.0,3129.25,3066.10009765625,3079.949951171875,1464862
2022-04-01,3110.0,3121.0,3087.64990234375,3114.14990234375,637392
2022-04-04,3124.949951171875,3143.0,3093.5,3118.0,873264
2022-04-05,3110.0,3157.0,3080.0,3140.800048828125,805874
2022-04-06,3137.0,3165.0,3113.0,3154.0,736379
2022-04-07,3154.0,3208.949951171875,3145.5,3155.0,1025244
2022-04-08,3168.0,3220.0,3151.199951171875,3206.25,678898
2022-04-11,3184.0,3222.0,3150.0,3157.449951171875,672652
2022-04-12,3154.699951171875,3162.10009765625,3114.14990234375,3128.64990234375,794265
2022-04-13,3117.199951171875,3121.89990234375,3066.10009765625,3080.64990234375,1121350
2022-04-18,3056.0,3058.0,3013.0,3021.550048828125,1032504
2022-04-19,3030.0,3059.199951171875,2970.0,2991.199951171875,749782
2022-04-20,2991.300048828125,3089.5,2980.0,3083.0,838182
2022-04-21,3089.800048828125,3174.39990234375,3086.050048828125,3158.25,1069035
2022-04-22,3121.5,3173.300048828125,3113.25,3164.39990234375,681191
2022-04-25,3134.0,3155.10009765625,3095.10009765625,3130.60009765625,1096774
2022-04-26,3130.0,3148.699951171875,3105.800048828125,3125.64990234375,1703441
2022-04-27,3096.0,3164.0,3085.949951171875,3148.35009765625,963536
2022-04-28,3190.0,3268.0,3170.0,3247.699951171875,2001838
2022-04-29,3249.0,3278.0,3221.300048828125,3237.199951171875,1088970
2022-05-02,3195.0,3211.5,3154.050048828125,3200.0,595522
2022-05-04,3178.0,3194.699951171875,3081.449951171875,3100.85009765625,1120002
2022-05-05,3104.75,3126.949951171875,3070.0,3076.550048828125,724601
2022-05-06,3020.0,3052.39990234375,3003.89990234375,3016.25,923941
2022-05-09,3000.85009765625,3038.800048828125,2975.0,3005.25,998324
2022-05-10,3051.0,3138.75,3036.0,3086.35009765625,2460016
2022-05-11,3090.39990234375,3109.550048828125,2979.0,3053.64990234375,1883969
2022-05-12,3042.0,3078.0,2988.0,3039.949951171875,1254245
2022-05-13,3074.39990234375,3116.25,3035.300048828125,3064.0,1121729
2022-05-16,3089.89990234375,3089.89990234375,2985.199951171875,2999.89990234375,733044
2022-05-17,2998.89990234375,3056.60009765625,2951.0,3050.0,1179081
2022-05-18,3030.0,3128.800048828125,3026.0,3100.10009765625,1379763
2022-05-19,3000.5,3071.699951171875,3000.449951171875,3046.89990234375,772390
2022-05-20,3080.0,3125.0,3070.0,3109.949951171875,778957
2022-05-23,3143.949951171875,3188.0,3130.050048828125,3174.199951171875,813294
2022-05-24,3174.75,3183.64990234375,3070.0,3086.85009765625,691307
2022-05-25,3039.0,3039.0,2826.300048828125,2838.050048828125,3381427
2022-05-26,2850.0,2860.0,2718.550048828125,2840.14990234375,3212196
2022-05-27,2868.0,2869.0,2781.0,2834.85009765625,1879534
2022-05-30,2880.0,2884.0,2817.0,2844.0,2525482
2022-05-31,2844.0,2878.0,2811.0,2859.64990234375,2408221
2022-06-01,2859.64990234375,2939.89990234375,2832.050048828125,2852.5,1770795
2022-06-02,2870.199951171875,2919.0,2848.0,2908.550048828125,1164197
2022-06-03,2905.0,2919.449951171875,2856.0,2886.89990234375,1228489
2022-06-06,2871.10009765625,2872.0,2807.699951171875,2817.449951171875,1193698
2022-06-07,2800.0,2804.0,2731.0,2744.699951171875,1403598
2022-06-08,2771.89990234375,2775.0,2700.0,2705.199951171875,1743575
2022-06-09,2680.0,2697.60009765625,2633.75,2686.800048828125,1857501
2022-06-10,2665.0,2736.0,2652.0,2708.75,1592920
2022-06-13,2669.949951171875,2683.0,2642.5,2660.75,1674206
2022-06-14,2617.0,2666.35009765625,2585.0,2635.39990234375,2296040
2022-06-15,2650.0,2683.60009765625,2627.10009765625,2661.14990234375,928842
2022-06-16,2694.949951171875,2725.449951171875,2640.0,2657.449951171875,1280628
2022-06-17,2650.10009765625,2657.0,2560.0,2580.199951171875,2043251
2022-06-20,2600.0,2673.35009765625,2588.35009765625,2660.699951171875,1595360
2022-06-21,2674.949951171875,2710.0,2640.0,2678.35009765625,1042074
2022-06-22,2688.0,2707.949951171875,2626.35009765625,2666.35009765625,1871760
2022-06-23,2674.949951171875,2767.949951171875,2674.949951171875,2758.199951171875,1612872
2022-06-24,2775.0,2784.800048828125,2726.0,2760.89990234375,2215583
2022-06-27,2779.89990234375,2827.64990234375,2765.0,2820.949951171875,1295734
2022-06-28,2780.0,2784.800048828125,2704.300048828125,2726.5,1838358
2022-06-29,2706.5,2719.0,2678.0,2697.800048828125,1066354
2022-06-30,2714.85009765625,2726.949951171875,2680.0,2695.199951171875,1291447
2022-07-01,2704.89990234375,2780.0,2685.0,2773.14990234375,1477191
2022-07-04,2775.14990234375,2798.0,2744.800048828125,2790.300048828125,653147
2022-07-05,2785.0,2812.300048828125,2760.0,2766.60009765625,1073043
2022-07-06,2830.550048828125,2869.0,2805.14990234375,2861.39990234375,2085735
2022-07-07,2901.39990234375,2932.0,2876.800048828125,2891.39990234375,1469087
2022-07-08,2880.0,2888.0,2840.5,2879.800048828125,1274148
2022-07-11,2874.0,2940.550048828125,2851.35009765625,2933.050048828125,1081885
2022-07-12,2920.0,2923.25,2885.39990234375,2893.199951171875,1115524
2022-07-13,2949.0,2968.949951171875,2926.050048828125,2941.199951171875,2153712
2022-07-14,2952.10009765625,2954.85009765625,2912.39990234375,2939.14990234375,882479
2022-07-15,2949.949951171875,2985.0,2940.449951171875,2978.14990234375,1668006
2022-07-18,2994.75,3025.0,2988.39990234375,3017.85009765625,823390
2022-07-19,2983.449951171875,3023.0,2978.14990234375,3019.10009765625,638171
2022-07-20,3033.0,3044.699951171875,3000.0,3006.449951171875,867436
2022-07-21,2981.0,3084.949951171875,2981.0,3066.10009765625,1184060
2022-07-22,3066.10009765625,3092.75,3048.0,3067.39990234375,1268141
2022-07-25,3069.5,3117.199951171875,3051.64990234375,3104.949951171875,985844
2022-07-26,3096.0,3149.800048828125,3053.0,3108.5,2876310
2022-07-27,3118.949951171875,3193.0,3096.0,3186.050048828125,1976407
2022-07-28,3198.0,3280.0,3182.0,3272.39990234375,1332572
2022-07-29,3285.39990234375,3354.35009765625,3275.0,3333.75,1836550
2022-08-01,3340.050048828125,3355.0,3314.5,3324.550048828125,1076122
2022-08-02,3331.0,3404.75,3325.60009765625,3396.14990234375,1650536
2022-08-03,3404.0,3448.0,3371.25,3439.64990234375,1169005
2022-08-04,3455.0,3476.949951171875,3410.89990234375,3460.5,981434
2022-08-05,3475.0,3491.949951171875,3451.550048828125,3473.89990234375,792478
2022-08-08,3465.0,3476.949951171875,3436.550048828125,3458.449951171875,724644
2022-08-10,3441.0,3449.85009765625,3396.0,3411.64990234375,1089295
2022-08-11,3450.0,3477.949951171875,3390.0,3405.199951171875,1410533
2022-08-12,3399.0,3434.800048828125,3383.0,3427.85009765625,548472
2022-08-16,3470.0,3509.449951171875,3455.300048828125,3501.0,911189
2022-08-17,3517.949951171875,3545.64990234375,3504.60009765625,3523.699951171875,817912
2022-08-18,3525.0,3542.699951171875,3515.550048828125,3535.35009765625,599877
2022-08-19,3520.0,3538.5,3464.0,3482.550048828125,581829
2022-08-22,3462.10009765625,3485.550048828125,3333.199951171875,3349.75,2336567
2022-08-23,3333.0,3383.949951171875,3316.85009765625,3356.60009765625,831446
2022-08-24,3339.60009765625,3385.0,3302.0,3378.85009765625,1182154
2022-08-25,3375.0,3405.14990234375,3351.199951171875,3362.5,615392
2022-08-26,3379.35009765625,3384.5,3305.64990234375,3323.550048828125,1384783
2022-08-29,3247.0,3348.35009765625,3236.699951171875,3343.25,1031166
2022-08-30,3331.0,3409.75,3331.0,3391.60009765625,1426459
2022-09-01,3315.0,3474.39990234375,3315.0,3446.550048828125,1417762
2022-09-02,3489.0,3489.0,3425.0,3431.050048828125,740821
2022-09-05,3425.050048828125,3450.0,3405.550048828125,3424.800048828125,518438
2022-09-06,3420.0,3434.550048828125,3384.0,3395.25,540937
2022-09-07,3392.0,3435.0,3385.949951171875,3400.35009765625,682921
2022-09-08,3450.0,3484.64990234375,3427.39990234375,3450.14990234375,1143090
2022-09-09,3483.699951171875,3483.699951171875,3433.449951171875,3441.85009765625,702805
2022-09-12,3441.85009765625,3453.64990234375,3423.0,3432.199951171875,641280
2022-09-13,3432.0,3459.0,3414.64990234375,3422.199951171875,776044
2022-09-14,3380.0,3448.5,3380.0,3438.949951171875,816678
2022-09-15,3440.0,3458.75,3389.10009765625,3395.39990234375,590182
2022-09-16,3412.39990234375,3420.0,3309.550048828125,3322.550048828125,1598265
2022-09-19,3320.64990234375,3342.10009765625,3231.300048828125,3316.25,1013563
2022-09-20,3335.60009765625,3410.0,3334.0,3393.199951171875,708184
2022-09-21,3405.0,3424.89990234375,3348.0,3356.050048828125,605378
2022-09-22,3356.050048828125,3440.0,3315.64990234375,3436.0,829396
2022-09-23,3435.0,3437.949951171875,3382.699951171875,3395.25,513370
2022-09-26,3370.0,3468.0,3354.0,3438.050048828125,1429914
2022-09-27,3454.85009765625,3500.0,3431.050048828125,3470.64990234375,1455383
2022-09-28,3451.0,3582.89990234375,3420.0,3570.64990234375,1843428
2022-09-29,3563.449951171875,3563.449951171875,3372.39990234375,3384.800048828125,2624894
2022-09-30,3402.0,3411.89990234375,3285.25,3342.449951171875,2159720
2022-10-03,3348.0,3352.5,3285.75,3302.89990234375,934543
2022-10-04,3330.0,3368.35009765625,3312.050048828125,3337.75,994382
2022-10-06,3337.75,3366.75,3311.699951171875,3328.949951171875,922770
2022-10-07,3318.0,3359.60009765625,3287.25,3343.699951171875,774544
2022-10-10,3280.0,3299.0,3260.199951171875,3277.949951171875,734377
2022-10-11,3290.5,3360.0,3274.0,3298.699951171875,1411316
2022-10-12,3335.0,3339.5,3206.0,3248.199951171875,1812549
2022-10-13,3230.10009765625,3258.199951171875,3193.89990234375,3209.0,779890
2022-10-14,3235.0,3246.0,3180.0,3185.5,845765
2022-10-17,3185.5,3218.0,3170.10009765625,3197.60009765625,1067773
2022-10-18,3218.0,3250.0,3212.0,3225.85009765625,1015424
2022-10-19,3242.0,3245.699951171875,3196.35009765625,3212.75,943543
2022-10-20,3198.0,3241.85009765625,3101.800048828125,3140.89990234375,2284352
2022-10-21,3140.0,3164.75,3072.64990234375,3092.39990234375,1738731
2022-10-24,3150.0,3159.0,3116.0,3121.64990234375,178709
2022-10-25,3134.0,3135.0,3079.89990234375,3084.89990234375,1016316
2022-10-27,3123.0,3123.0,3033.0,3043.449951171875,2005709
2022-10-28,3058.699951171875,3071.60009765625,3040.0,3053.39990234375,715736
2022-10-31,3082.0,3113.0,3061.050048828125,3107.699951171875,814364
2022-11-01,3110.5,3164.39990234375,3110.5,3159.39990234375,939335
2022-11-02,3158.0,3159.949951171875,3122.10009765625,3131.89990234375,787012
2022-11-03,3105.0,3148.75,3105.0,3141.300048828125,563798
2022-11-04,3148.0,3185.0,3125.89990234375,3181.35009765625,609757
2022-11-07,3186.0,3198.0,3097.449951171875,3103.550048828125,1669943
2022-11-09,3146.0,3146.0,3080.0,3086.5,1391333
2022-11-10,3086.0,3086.0,3033.5,3045.14990234375,1375007
2022-11-11,3090.699951171875,3098.0,3048.0,3055.39990234375,810288
2022-11-14,3056.0,3077.949951171875,3041.050048828125,3053.199951171875,811702
2022-11-15,3068.5,3095.0,3042.0,3079.300048828125,873840
2022-11-16,3079.300048828125,3093.0,3051.0,3083.050048828125,770953
2022-11-17,3092.0,3096.550048828125,3060.0,3071.60009765625,706271
2022-11-18,3095.0,3114.85009765625,3055.75,3095.5,1258576
2022-11-21,3105.0,3110.35009765625,3066.199951171875,3095.300048828125,612194
2022-11-22,3104.0,3119.5,3072.300048828125,3103.85009765625,764079
2022-11-23,3111.0,3114.800048828125,3090.0,3100.800048828125,488341
2022-11-24,3117.949951171875,3120.25,3092.0,3115.300048828125,571872
2022-11-25,3115.300048828125,3119.800048828125,3075.25,3108.14990234375,898769
2022-11-28,3108.14990234375,3159.0,3096.699951171875,3151.199951171875,914689
2022-11-29,3157.0,3169.0,3127.14990234375,3135.050048828125,877720
2022-11-30,3139.89990234375,3199.949951171875,3133.300048828125,3175.14990234375,2547283
2022-12-01,3191.0,3197.0,3161.25,3179.35009765625,761717
2022-12-02,3173.14990234375,3174.300048828125,3134.0,3143.449951171875,932259
2022-12-05,3130.0,3168.699951171875,3112.5,3156.89990234375,926122
2022-12-06,3125.0,3169.0,3125.0,3161.699951171875,958365
2022-12-07,3180.0,3234.699951171875,3176.39990234375,3226.5,1832282
2022-12-08,3230.0,3240.89990234375,3202.64990234375,3221.449951171875,851312
2022-12-09,3235.0,3242.35009765625,3206.0,3226.949951171875,847879
2022-12-12,3227.0,3230.0,3141.89990234375,3166.35009765625,1323816
2022-12-13,3185.0,3185.0,3142.64990234375,3178.5,886601
2022-12-14,3179.0,3195.0,3125.0,3145.949951171875,1103870
2022-12-15,3142.0,3161.199951171875,3116.699951171875,3130.60009765625,799124
2022-12-16,3115.0,3117.0,3050.300048828125,3055.89990234375,1192821
2022-12-19,3062.0,3088.0,3041.0,3080.949951171875,655594
2022-12-20,3075.050048828125,3088.64990234375,3018.0,3082.14990234375,739257
2022-12-21,3085.0,3112.449951171875,3050.050048828125,3069.64990234375,616324
2022-12-22,3074.0,3093.5,3038.050048828125,3088.550048828125,663202
2022-12-23,3078.949951171875,3086.85009765625,3036.0,3057.89990234375,1230858
2022-12-26,3057.89990234375,3071.89990234375,3028.800048828125,3056.050048828125,536884
2022-12-27,3060.0,3129.0,3056.300048828125,3112.60009765625,729041
2022-12-28,3109.949951171875,3143.800048828125,3105.0,3123.699951171875,972274
2022-12-29,3101.0,3125.0,3092.550048828125,3115.14990234375,596265
2022-12-30,3130.75,3130.75,3071.300048828125,3087.89990234375,836220
2023-01-02,3087.89990234375,3087.89990234375,3021.0,3047.25,1015990
2023-01-03,3047.0,3059.949951171875,3025.0,3028.25,860367
2023-01-04,3035.0,3050.0,3001.550048828125,3016.85009765625,836382
2023-01-05,3039.550048828125,3046.60009765625,2995.39990234375,3004.35009765625,1113920
2023-01-06,3010.0,3023.5,2952.0,2978.39990234375,1045526
2023-01-09,2993.300048828125,3017.64990234375,2951.0,2984.14990234375,808263
2023-01-10,2984.14990234375,2985.0,2952.199951171875,2960.35009765625,864325
2023-01-11,2974.89990234375,2974.89990234375,2935.0,2940.39990234375,890426
2023-01-12,2939.0,2939.85009765625,2896.0,2915.949951171875,1558620
2023-01-13,2925.0,2925.0,2871.75,2909.14990234375,1507864
2023-01-16,2925.0,2929.60009765625,2896.0,2916.050048828125,644073
2023-01-17,2925.0,2944.85009765625,2911.14990234375,2940.89990234375,716489
2023-01-18,2947.949951171875,2960.0,2929.35009765625,2945.25,893808
2023-01-19,2954.89990234375,2973.60009765625,2843.60009765625,2866.14990234375,2379947
2023-01-20,2848.0,2848.0,2781.0,2787.800048828125,3171005
2023-01-23,2800.0,2800.0,2767.85009765625,2784.449951171875,1402260
2023-01-24,2795.0,2827.10009765625,2784.449951171875,2810.60009765625,1061471
2023-01-25,2810.89990234375,2811.0,2767.10009765625,2775.0,857953
2023-01-27,2766.60009765625,2772.85009765625,2685.85009765625,2722.64990234375,1801498
2023-01-30,2724.0,2776.0,2696.25,2766.199951171875,1171912
2023-01-31,2760.0,2779.949951171875,2718.050048828125,2725.85009765625,1961805
2023-02-01,2749.800048828125,2778.0,2704.800048828125,2743.75,1176872
2023-02-02,2741.0,2741.0,2694.0,2705.64990234375,1308570
2023-02-03,2705.64990234375,2763.89990234375,2700.0,2760.39990234375,1278409
2023-02-06,2760.39990234375,2765.0,2718.0,2754.199951171875,1120284
2023-02-07,2762.0,2774.5,2748.14990234375,2758.050048828125,732250
2023-02-08,2768.0,2784.0,2744.300048828125,2765.60009765625,811956
2023-02-09,2781.949951171875,2820.35009765625,2766.14990234375,2814.60009765625,946372
2023-02-10,2830.0,2830.949951171875,2793.0,2804.60009765625,700072
2023-02-13,2814.5,2829.0,2780.0,2790.75,467228
2023-02-14,2804.75,2804.75,2765.0,2777.0,524746
2023-02-15,2777.0,2798.300048828125,2754.0,2786.14990234375,817717
2023-02-16,2797.0,2834.35009765625,2790.10009765625,2805.949951171875,788964
2023-02-17,2802.949951171875,2845.85009765625,2785.5,2833.60009765625,840526
2023-02-20,2845.0,2852.0,2812.10009765625,2825.550048828125,646218
2023-02-21,2837.0,2838.699951171875,2805.0,2817.10009765625,631934
2023-02-22,2809.949951171875,2813.949951171875,2780.0,2795.949951171875,580270
2023-02-23,2805.0,2805.550048828125,2700.10009765625,2705.949951171875,1790570
2023-02-24,2712.10009765625,2762.0,2710.0,2738.5,1429040
2023-02-27,2740.39990234375,2758.64990234375,2725.050048828125,2749.89990234375,561317
2023-02-28,2750.0,2839.0,2727.449951171875,2828.800048828125,1815923
2023-03-01,2828.0,2853.300048828125,2816.050048828125,2840.89990234375,816598
2023-03-02,2831.0,2849.0,2811.0,2833.89990234375,604523
2023-03-03,2837.050048828125,2852.0,2810.64990234375,2828.85009765625,679295
2023-03-06,2843.0,2884.0,2830.25,2864.550048828125,1050267
2023-03-08,2870.0,2870.0,2827.0,2859.550048828125,580250
2023-03-09,2862.0,2872.449951171875,2836.85009765625,2853.550048828125,774224
2023-03-10,2844.0,2844.0,2807.0,2830.199951171875,489978
2023-03-13,2823.5,2849.449951171875,2772.199951171875,2784.199951171875,813217
2023-03-14,2782.949951171875,2786.949951171875,2740.050048828125,2745.60009765625,1060450
2023-03-15,2772.199951171875,2866.35009765625,2765.199951171875,2827.39990234375,2170346
2023-03-16,2850.0,2900.0,2828.699951171875,2893.25,1755487
2023-03-17,2923.949951171875,2923.949951171875,2855.050048828125,2862.64990234375,1848073
2023-03-20,2915.0,2915.0,2831.050048828125,2855.14990234375,1074367
2023-03-21,2858.14990234375,2887.0,2835.0,2839.10009765625,691891
2023-03-22,2825.0,2853.14990234375,2814.85009765625,2839.85009765625,731807
2023-03-23,2817.10009765625,2823.0,2767.75,2797.800048828125,1016581
2023-03-24,2797.800048828125,2815.64990234375,2772.85009765625,2798.5,784111
2023-03-27,2798.5,2820.0,2786.5,2803.75,791560
2023-03-28,2791.0,2810.60009765625,2765.0,2784.449951171875,558581
2023-03-29,2784.449951171875,2793.75,2755.0,2770.5,1087648
2023-03-31,2756.050048828125,2775.0,2747.5,2761.64990234375,1967803
2023-04-03,2746.949951171875,2781.64990234375,2708.64990234375,2777.0,1035295
2023-04-05,2760.0,2811.550048828125,2752.25,2808.5,668643
2023-04-06,2807.449951171875,2825.0,2786.800048828125,2809.85009765625,627554
2023-04-10,2810.0,2810.0,2755.10009765625,2776.35009765625,1215461
2023-04-11,2790.0,2790.0,2750.050048828125,2753.800048828125,1246379
2023-04-12,2755.550048828125,2806.199951171875,2751.0,2786.75,2235399
2023-04-13,2786.699951171875,2813.300048828125,2782.0,2809.75,602597
2023-04-17,2825.0,2845.60009765625,2806.0,2843.10009765625,754555
2023-04-18,2848.0,2858.449951171875,2830.10009765625,2854.60009765625,717724
2023-04-19,2836.35009765625,2852.699951171875,2800.64990234375,2809.699951171875,799624
2023-04-20,2820.0,2851.0,2813.14990234375,2843.85009765625,761101
2023-04-21,2847.10009765625,2887.0,2847.10009765625,2882.10009765625,894930
2023-04-24,2882.10009765625,2898.0,2852.0,2891.10009765625,782967
2023-04-25,2891.050048828125,2901.75,2864.14990234375,2898.0,636120
2023-04-26,2896.949951171875,2916.449951171875,2888.050048828125,2910.0,569221
2023-04-27,2915.5,2920.0,2893.85009765625,2899.949951171875,599461
2023-04-28,2919.949951171875,2919.949951171875,2846.60009765625,2902.35009765625,1080665
2023-05-02,2910.949951171875,2933.699951171875,2893.0,2899.550048828125,663800
2023-05-03,2918.0,2962.39990234375,2897.0,2929.699951171875,1237193
2023-05-04,2948.0,2986.14990234375,2922.14990234375,2982.85009765625,1008540
2023-05-05,2971.0,3025.0,2951.050048828125,3012.949951171875,1326561
2023-05-08,3015.0,3035.699951171875,2993.0,3019.449951171875,941879
2023-05-09,3016.050048828125,3074.800048828125,3010.75,3034.800048828125,1025850
2023-05-10,3042.949951171875,3057.0,3018.89990234375,3041.39990234375,751851
2023-05-11,3052.050048828125,3156.14990234375,3031.5,3139.75,3229605
2023-05-12,3139.0,3179.75,3086.0,3131.10009765625,1998170
2023-05-15,3134.199951171875,3168.0,3121.050048828125,3132.0,810281
2023-05-16,3132.0,3165.699951171875,3122.35009765625,3138.10009765625,822404
2023-05-17,3136.0,3147.949951171875,3075.550048828125,3092.449951171875,835371
2023-05-18,3105.64990234375,3125.0,3093.25,3109.050048828125,498067
2023-05-19,3124.0,3127.949951171875,3068.050048828125,3084.449951171875,633262
2023-05-22,3070.0,3105.60009765625,3046.0,3084.89990234375,659425
2023-05-23,3087.0,3127.949951171875,3085.0,3120.60009765625,581204
2023-05-24,3115.0,3133.14990234375,3098.0,3101.5,439465
2023-05-25,3101.5,3129.0,3086.0,3123.550048828125,500313
2023-05-26,3123.0,3136.949951171875,3111.75,3128.39990234375,568249
2023-05-29,3147.199951171875,3155.0,3116.050048828125,3137.39990234375,535712
2023-05-30,3146.89990234375,3155.0,3127.550048828125,3144.39990234375,506026
2023-05-31,3151.949951171875,3219.35009765625,3136.449951171875,3192.949951171875,2349066
2023-06-01,3235.35009765625,3249.89990234375,3207.0,3240.699951171875,1104861
2023-06-02,3239.39990234375,3249.949951171875,3219.0,3237.25,781973
2023-06-05,3239.949951171875,3239.949951171875,3195.0,3199.75,492565
2023-06-06,3207.75,3238.89990234375,3195.0,3212.75,577698
2023-06-07,3217.0,3229.25,3206.25,3224.800048828125,470038
2023-06-08,3220.0,3247.0,3193.0,3212.25,561161
2023-06-09,3209.800048828125,3238.89990234375,3168.550048828125,3180.550048828125,1239045
2023-06-12,3185.199951171875,3202.35009765625,3151.14990234375,3194.75,1029156
2023-06-13,3210.0,3272.0,3205.14990234375,3262.85009765625,1598821
2023-06-14,3265.0,3289.89990234375,3253.0,3270.199951171875,741615
2023-06-15,3276.0,3304.0,3273.35009765625,3294.35009765625,806994
2023-06-16,3291.75,3322.0,3286.550048828125,3316.85009765625,984671
2023-06-19,3318.85009765625,3344.949951171875,3303.25,3309.699951171875,516915
2023-06-20,3315.0,3326.85009765625,3277.10009765625,3318.699951171875,866290
2023-06-21,3318.699951171875,3333.0,3300.0,3316.10009765625,742456
2023-06-22,3325.0,3326.85009765625,3242.449951171875,3248.050048828125,871640
2023-06-23,3265.0,3304.14990234375,3253.050048828125,3297.699951171875,1260659
2023-06-26,3295.0,3315.35009765625,3271.39990234375,3308.14990234375,592801
2023-06-27,3275.0,3344.5,3273.35009765625,3326.0,914141
2023-06-28,3331.0,3355.25,3323.5,3348.25,713110
2023-06-30,3353.0,3449.60009765625,3343.75,3362.050048828125,1436363
2023-07-03,3365.0,3379.949951171875,3337.199951171875,3358.699951171875,474224
2023-07-04,3358.699951171875,3387.0,3331.0,3347.699951171875,473663
2023-07-05,3351.35009765625,3400.0,3340.75,3374.39990234375,632406
2023-07-06,3410.0,3410.0,3367.800048828125,3399.39990234375,693995
2023-07-07,3385.0,3414.0,3337.14990234375,3343.699951171875,620761
2023-07-10,3345.0,3372.050048828125,3293.949951171875,3343.14990234375,548838
2023-07-11,3349.949951171875,3399.949951171875,3345.0,3392.550048828125,772158
2023-07-12,3408.0,3414.39990234375,3362.25,3406.75,1025127
2023-07-13,3425.0,3425.0,3384.35009765625,3398.550048828125,750126
2023-07-14,3398.550048828125,3439.0,3387.0,3429.75,832843
2023-07-17,3429.75,3473.0,3425.0,3460.39990234375,817694
2023-07-18,3460.0,3523.0,3455.60009765625,3513.449951171875,962485
2023-07-19,3520.0,3530.0,3482.5,3514.64990234375,620289
2023-07-20,3510.050048828125,3535.0,3494.949951171875,3526.0,589848
2023-07-21,3535.949951171875,3537.949951171875,3505.0,3517.699951171875,857975
2023-07-24,3506.0,3568.0,3498.5,3543.699951171875,680246
2023-07-25,3547.89990234375,3547.89990234375,3350.0,3400.39990234375,2555630
2023-07-26,3399.85009765625,3413.0,3365.0,3373.0,959076
2023-07-27,3390.0,3414.0,3351.0,3369.39990234375,874078
2023-07-28,3375.0,3399.0,3364.5,3390.699951171875,553750
2023-07-31,3323.199951171875,3388.0,3323.14990234375,3377.35009765625,933890
2023-08-01,3372.0,3385.0,3338.0,3342.949951171875,698667
2023-08-02,3341.199951171875,3371.949951171875,3330.64990234375,3362.89990234375,857218
2023-08-03,3370.0,3379.949951171875,3317.949951171875,3336.35009765625,711067
2023-08-04,3338.14990234375,3373.300048828125,3323.0,3339.64990234375,519248
2023-08-07,3316.050048828125,3350.0,3316.0,3343.0,360358
2023-08-08,3343.0,3359.949951171875,3332.64990234375,3348.050048828125,500258
2023-08-09,3332.550048828125,3356.949951171875,3303.0,3331.0,643222
2023-08-10,3310.0,3320.0,3230.0,3237.89990234375,1253219
2023-08-11,3237.89990234375,3248.949951171875,3180.0,3185.35009765625,919023
2023-08-14,3185.35009765625,3209.89990234375,3152.25,3202.60009765625,815534
2023-08-16,3194.89990234375,3208.85009765625,3176.89990234375,3194.050048828125,597686
2023-08-17,3223.89990234375,3224.0,3162.0,3183.25,873392
2023-08-18,3174.89990234375,3185.5,3155.0,3163.550048828125,592652
2023-08-21,3159.89990234375,3187.5,3152.14990234375,3182.300048828125,353330
2023-08-22,3198.60009765625,3198.60009765625,3171.0,3179.699951171875,377068
2023-08-23,3186.0,3196.0,3165.25,3168.800048828125,370811
2023-08-24,3185.0,3232.89990234375,3170.89990234375,3225.60009765625,1167742
2023-08-25,3224.89990234375,3265.0,3216.199951171875,3259.300048828125,1363431
2023-08-28,3264.949951171875,3272.0,3231.050048828125,3259.699951171875,707315
2023-08-29,3261.0,3289.0,3255.050048828125,3285.699951171875,533163
2023-08-30,3301.300048828125,3302.85009765625,3276.39990234375,3294.699951171875,599080
2023-08-31,3300.050048828125,3302.0,3220.0,3256.10009765625,1601967
2023-09-01,3241.10009765625,3264.199951171875,3217.10009765625,3259.550048828125,650131
2023-09-04,3259.550048828125,3266.25,3216.10009765625,3235.550048828125,696213
2023-09-05,3245.0,3248.85009765625,3220.0,3223.300048828125,597022
2023-09-06,3209.0,3230.0,3195.0,3225.300048828125,754106
2023-09-07,3225.300048828125,3253.75,3201.25,3246.35009765625,923108
2023-09-08,3250.550048828125,3263.050048828125,3232.0,3238.050048828125,395918
2023-09-11,3242.0,3265.0,3242.0,3259.39990234375,359345
2023-09-12,3260.0,3279.800048828125,3243.0,3256.85009765625,554905
2023-09-13,3245.0,3284.64990234375,3225.300048828125,3277.75,880907
2023-09-14,3282.0,3294.199951171875,3223.25,3240.25,1102554
2023-09-15,3235.0,3240.0,3185.0,3196.64990234375,1568607
2023-09-18,3200.0,3229.89990234375,3190.0,3206.300048828125,673602
2023-09-20,3206.300048828125,3228.0,3195.0,3214.35009765625,901084
2023-09-21,3210.0,3261.199951171875,3180.550048828125,3244.199951171875,845739
2023-09-22,3234.949951171875,3283.60009765625,3221.14990234375,3274.85009765625,896521
2023-09-25,3272.300048828125,3334.800048828125,3271.14990234375,3323.25,1422084
2023-09-26,3323.0,3324.89990234375,3260.35009765625,3292.800048828125,834560
2023-09-27,3288.0,3309.0,3271.699951171875,3301.800048828125,516326
2023-09-28,3281.800048828125,3289.0,3155.0,3170.35009765625,2104381
2023-09-29,3195.0,3195.0,3134.0,3161.050048828125,1550585
2023-10-03,3166.10009765625,3227.800048828125,3162.0,3166.85009765625,1219145
2023-10-04,3164.949951171875,3189.0,3151.35009765625,3169.89990234375,892584
2023-10-05,3210.0,3232.10009765625,3174.300048828125,3206.25,1002610
2023-10-06,3214.75,3217.0,3190.0,3195.75,814257
2023-10-09,3140.050048828125,3163.0,3132.699951171875,3152.800048828125,700012
2023-10-10,3150.0,3164.89990234375,3140.050048828125,3151.5,847367
2023-10-11,3169.0,3185.0,3152.050048828125,3163.89990234375,1025317
2023-10-12,3186.0,3188.5,3150.050048828125,3159.10009765625,992531
2023-10-13,3150.0,3172.0,3128.25,3148.800048828125,854688
2023-10-16,3124.0,3128.0,3096.10009765625,3112.050048828125,853011
2023-10-17,3137.0,3137.0,3091.800048828125,3113.550048828125,792640
2023-10-18,3110.0,3115.199951171875,3090.0,3096.449951171875,481985
2023-10-19,3087.699951171875,3110.89990234375,3076.10009765625,3101.800048828125,568124
2023-10-20,3092.5,3115.10009765625,3064.550048828125,3105.85009765625,711434
2023-10-23,3096.050048828125,3108.89990234375,3064.0,3072.0,374476
2023-10-25,3093.39990234375,3108.0,3052.0,3060.800048828125,669290
2023-10-26,3051.10009765625,3055.0,2940.0,2960.300048828125,1834111
2023-10-27,2932.800048828125,2974.64990234375,2931.0,2955.14990234375,1708185
2023-10-30,2974.0,2991.949951171875,2939.10009765625,2967.10009765625,878885
2023-10-31,2969.0,3012.75,2966.0,2995.699951171875,1152306
2023-11-01,2997.949951171875,3008.89990234375,2930.0,2934.550048828125,1029990
2023-11-02,2961.050048828125,2962.0,2934.0,2955.39990234375,900125
2023-11-03,2957.0,2982.89990234375,2942.0,2977.85009765625,715997
2023-11-06,2998.0,3034.050048828125,2983.85009765625,3029.300048828125,620959
2023-11-07,3029.300048828125,3038.949951171875,3002.199951171875,3033.35009765625,757998
2023-11-08,3058.0,3098.949951171875,3046.199951171875,3095.25,783400
2023-11-09,3100.0,3111.39990234375,3074.050048828125,3080.199951171875,849702
2023-11-10,3070.0,3085.0,3040.10009765625,3076.449951171875,364232
2023-11-13,3098.0,3098.0,3065.0,3085.60009765625,405941
2023-11-15,3085.699951171875,3118.85009765625,3078.699951171875,3116.199951171875,700017
2023-11-16,3119.0,3140.89990234375,3097.60009765625,3130.300048828125,675454
2023-11-17,3150.0,3228.25,3145.64990234375,3168.89990234375,1430175
2023-11-20,3168.89990234375,3171.89990234375,3132.0,3140.35009765625,406431
2023-11-21,3156.89990234375,3156.89990234375,3127.0,3133.25,409069
2023-11-22,3140.0,3157.0,3121.199951171875,3133.0,489889
2023-11-23,3148.0,3171.39990234375,3115.14990234375,3122.949951171875,792460
2023-11-24,3118.0,3139.800048828125,3111.0,3136.14990234375,756329
2023-11-28,3141.14990234375,3160.0,3136.14990234375,3148.35009765625,647883
2023-11-29,3148.35009765625,3170.0,3142.0,3148.35009765625,620725
2023-11-30,3148.35009765625,3153.949951171875,3108.35009765625,3119.89990234375,1793116
2023-12-01,3146.949951171875,3190.60009765625,3140.25,3173.39990234375,960196
2023-12-04,3190.0,3204.449951171875,3166.5,3194.550048828125,1018189
2023-12-05,3197.0,3247.64990234375,3180.0,3226.25,1005550
2023-12-06,3265.0,3289.0,3232.949951171875,3252.550048828125,1229158
2023-12-07,3284.0,3299.949951171875,3246.85009765625,3251.800048828125,1071725
2023-12-08,3255.0,3269.800048828125,3227.800048828125,3232.0,895852
2023-12-11,3230.0,3245.0,3185.5,3233.0,910426
2023-12-12,3228.0,3257.050048828125,3210.0,3224.75,1019030
2023-12-13,3240.0,3254.949951171875,3190.300048828125,3243.64990234375,1052079
2023-12-14,3255.0,3258.60009765625,3218.0,3241.35009765625,923107
2023-12-15,3250.0,3326.35009765625,3242.0,3313.89990234375,1631687
2023-12-18,3313.0,3335.800048828125,3296.0,3332.050048828125,911936
2023-12-19,3335.949951171875,3353.89990234375,3300.14990234375,3336.050048828125,780448
2023-12-20,3336.050048828125,3359.949951171875,3282.64990234375,3297.14990234375,979762
2023-12-21,3280.0,3320.0,3271.85009765625,3302.949951171875,1585879
2023-12-22,3309.89990234375,3350.800048828125,3287.0,3341.300048828125,930563
2023-12-26,3349.949951171875,3391.89990234375,3345.199951171875,3383.35009765625,600190
2023-12-27,3381.050048828125,3409.949951171875,3354.0,3404.449951171875,837182
2023-12-28,3405.0,3419.949951171875,3373.050048828125,3397.25,779250
2023-12-29,3410.0,3422.949951171875,3383.89990234375,3402.39990234375,615676
2024-01-01,3403.0,3411.800048828125,3389.14990234375,3396.10009765625,283951
2024-01-02,3396.0,3398.89990234375,3345.0,3391.35009765625,552394
2024-01-03,3391.35009765625,3399.0,3365.0,3373.60009765625,379131
2024-01-04,3372.0,3401.25,3363.800048828125,3379.949951171875,777127
2024-01-05,3379.949951171875,3380.39990234375,3348.0,3355.550048828125,416956
2024-01-08,3355.0,3376.5,3294.85009765625,3298.39990234375,545884
2024-01-09,3310.0,3315.0,3262.25,3267.5,670704
2024-01-10,3292.0,3293.0,3258.199951171875,3286.85009765625,691087
2024-01-11,3286.85009765625,3309.199951171875,3270.699951171875,3288.199951171875,537469
2024-01-12,3294.949951171875,3294.949951171875,3244.0,3277.800048828125,673004
2024-01-15,3282.199951171875,3287.199951171875,3258.60009765625,3273.89990234375,728116
2024-01-16,3274.949951171875,3320.0,3273.89990234375,3296.89990234375,748215
2024-01-17,3294.10009765625,3304.35009765625,3193.050048828125,3242.300048828125,2239241
2024-01-18,3257.949951171875,3257.949951171875,3048.60009765625,3163.85009765625,1979174
2024-01-19,3177.800048828125,3201.550048828125,3148.60009765625,3165.85009765625,936201
2024-01-23,3087.550048828125,3109.0,3021.550048828125,3054.699951171875,2365225
2024-01-24,3055.0,3055.0,2976.10009765625,2999.449951171875,2665932
2024-01-25,3010.050048828125,3016.0,2942.300048828125,2949.199951171875,2001961
2024-01-29,2940.050048828125,2988.449951171875,2940.050048828125,2976.050048828125,1862723
2024-01-30,2990.0,3005.0,2951.050048828125,2954.10009765625,1273188
2024-01-31,2966.0,2971.89990234375,2948.050048828125,2957.85009765625,1771244
2024-02-01,2961.0,2972.85009765625,2919.949951171875,2929.35009765625,3006472
2024-02-02,2950.0,2962.35009765625,2924.050048828125,2936.300048828125,1881911
2024-02-05,2950.0,2965.0,2912.0,2917.35009765625,923435
2024-02-06,2931.0,2947.0,2902.64990234375,2930.949951171875,1471312
2024-02-07,2957.0,3002.949951171875,2936.050048828125,2981.14990234375,1134012
2024-02-08,2999.75,2999.75,2919.800048828125,2929.60009765625,1633654
2024-02-09,2930.0,2959.0,2910.550048828125,2951.64990234375,1144765
2024-02-12,2951.64990234375,2964.949951171875,2920.050048828125,2953.800048828125,614469
2024-02-13,2964.949951171875,2981.25,2945.699951171875,2971.60009765625,717118
2024-02-14,2969.89990234375,2980.800048828125,2936.050048828125,2976.39990234375,750339
2024-02-15,2980.0,3024.5,2967.449951171875,3016.550048828125,1068730
2024-02-16,3035.0,3035.0,3000.0,3007.89990234375,1179473
2024-02-19,3007.89990234375,3018.699951171875,2987.5,2998.10009765625,560700
2024-02-20,2998.10009765625,3017.10009765625,2972.10009765625,3011.64990234375,729371
2024-02-21,3012.050048828125,3026.75,2983.5,3001.800048828125,927130
2024-02-22,2983.0,3027.199951171875,2932.10009765625,3017.39990234375,2615821
2024-02-23,2999.0,3005.0,2966.199951171875,2985.949951171875,1650523
2024-02-26,2920.0,2930.0,2847.800048828125,2868.449951171875,3524491
2024-02-27,2855.0,2870.0,2850.10009765625,2859.550048828125,1296180
2024-02-28,2850.14990234375,2859.39990234375,2785.5,2794.35009765625,2472196
2024-02-29,2785.0,2838.0,2776.75,2821.89990234375,2284424
2024-03-01,2832.89990234375,2845.949951171875,2815.050048828125,2831.75,978174
2024-03-04,2860.0,2860.949951171875,2828.0,2831.75,971299
2024-03-05,2834.0,2834.85009765625,2805.0,2820.39990234375,736381
2024-03-06,2827.949951171875,2839.0,2777.75,2827.300048828125,1723066
2024-03-07,2825.0,2894.0,2825.0,2870.550048828125,1564364
2024-03-11,2895.550048828125,2896.550048828125,2853.10009765625,2876.85009765625,866546
2024-03-12,2880.0,2899.89990234375,2865.449951171875,2876.14990234375,663186
2024-03-13,2878.60009765625,2887.25,2835.0,2860.14990234375,955841
2024-03-14,2860.0,2898.050048828125,2841.0,2892.25,1381741
2024-03-15,2895.0,2896.949951171875,2850.0,2867.550048828125,1356226
2024-03-18,2866.0,2866.0,2817.25,2846.5,940424
2024-03-19,2840.0,2840.0,2801.0,2815.10009765625,1199135
2024-03-20,2815.10009765625,2837.050048828125,2797.550048828125,2824.89990234375,818910
2024-03-21,2845.0,2845.39990234375,2806.0,2821.14990234375,1167680
2024-03-22,2821.14990234375,2855.14990234375,2808.0,2841.5,1652689
2024-03-26,2820.0,2844.14990234375,2810.0,2814.64990234375,1372390
2024-03-27,2817.949951171875,2842.85009765625,2817.699951171875,2830.5,1156231
2024-03-28,2835.050048828125,2868.0,2819.0,2846.75,1864623
2024-04-01,2860.949951171875,2886.449951171875,2852.35009765625,2871.0,558086
2024-04-02,2874.050048828125,2892.39990234375,2856.0,2874.199951171875,562473
2024-04-03,2845.0,2884.550048828125,2845.0,2869.35009765625,816676
2024-04-04,2870.0,2943.25,2851.25,2918.300048828125,1831347
2024-04-05,2924.0,2927.75,2880.0,2883.449951171875,1155672
2024-04-08,2908.0,2908.949951171875,2873.800048828125,2892.0,570695
2024-04-09,2893.0,2916.449951171875,2845.0,2857.14990234375,1017670
2024-04-10,2883.300048828125,2899.10009765625,2858.0,2896.75,740495
2024-04-12,2890.0,2893.0,2845.0,2854.5,1766311
2024-04-15,2830.199951171875,2853.5,2812.35009765625,2844.39990234375,884519
2024-04-16,2827.64990234375,2841.449951171875,2820.0,2830.0,911249
2024-04-18,2855.0,2859.199951171875,2800.10009765625,2807.699951171875,1732434
2024-04-19,2790.0,2822.10009765625,2766.14990234375,2808.550048828125,1337807
2024-04-22,2846.60009765625,2846.60009765625,2814.050048828125,2841.85009765625,676040
2024-04-23,2852.0,2877.949951171875,2844.0,2874.89990234375,929062
2024-04-24,2882.949951171875,2883.10009765625,2860.0,2867.75,718441
2024-04-25,2865.0,2869.89990234375,2829.050048828125,2861.449951171875,1594152
2024-04-26,2870.0,2878.199951171875,2837.050048828125,2844.14990234375,625507
2024-04-29,2844.14990234375,2873.949951171875,2839.0,2868.199951171875,566219
2024-04-30,2855.0,2912.0,2855.0,2875.89990234375,1290649
2024-05-02,2875.10009765625,2988.0,2875.10009765625,2975.39990234375,2493406
2024-05-03,2983.050048828125,2997.0,2909.25,2929.75,1594445
2024-05-06,2950.0,2959.0,2911.199951171875,2932.14990234375,768806
2024-05-07,2947.0,2967.949951171875,2904.0,2913.0,629534
2024-05-08,2900.0,2905.0,2821.0,2843.300048828125,1652877
2024-05-09,2828.0,2853.949951171875,2703.800048828125,2710.10009765625,3547959
2024-05-10,2699.0,2792.60009765625,2670.10009765625,2771.25,2478584
2024-05-13,2771.25,2895.0,2754.10009765625,2879.25,2748823
2024-05-14,2879.0,2888.0,2842.0,2866.14990234375,999330
2024-05-15,2866.14990234375,2874.25,2806.14990234375,2813.699951171875,1230520
2024-05-16,2821.050048828125,2837.60009765625,2786.550048828125,2814.050048828125,1534319
2024-05-17,2814.60009765625,2838.199951171875,2786.10009765625,2809.89990234375,1325150
2024-05-21,2815.0,2866.949951171875,2801.0,2851.800048828125,921822
2024-05-22,2851.800048828125,2895.0,2836.60009765625,2885.75,933846
2024-05-23,2885.0,2921.25,2877.300048828125,2903.75,1181894
2024-05-24,2910.199951171875,2910.199951171875,2867.0,2874.75,755822
2024-05-27,2887.89990234375,2898.300048828125,2855.550048828125,2872.300048828125,817091
2024-05-28,2875.85009765625,2921.0,2864.0,2911.199951171875,1084544
2024-05-29,2896.0,2921.699951171875,2881.10009765625,2900.14990234375,1758297
2024-05-30,2875.25,2910.85009765625,2875.0,2883.699951171875,1344426
2024-05-31,2883.699951171875,2906.0,2855.60009765625,2881.199951171875,2520363
2024-06-03,2950.0,2950.0,2860.050048828125,2866.449951171875,952701
2024-06-04,2880.0,2897.0,2775.75,2857.64990234375,2683847
2024-06-05,2864.5,3027.300048828125,2864.5,2961.75,2410576
2024-06-06,2960.0,2961.75,2882.25,2904.800048828125,1689408
2024-06-07,2904.800048828125,2943.10009765625,2888.85009765625,2927.699951171875,1600180
2024-06-10,2928.0,2951.89990234375,2915.0,2937.550048828125,876867
2024-06-11,2915.0,2920.35009765625,2895.0,2902.449951171875,855430
2024-06-12,2909.0,2918.0,2865.64990234375,2905.800048828125,1701770
2024-06-13,2929.0,2929.0,2905.0,2910.0,726380
2024-06-14,2910.0,2931.35009765625,2905.10009765625,2921.60009765625,982815
2024-06-18,2921.60009765625,2928.0,2905.0,2918.5,741098
2024-06-19,2918.0,2920.0,2882.64990234375,2891.699951171875,1018294
2024-06-20,2885.0,2924.5,2872.39990234375,2915.5,1129752
2024-06-21,2925.0,2928.0,2880.10009765625,2890.85009765625,1722379
2024-06-24,2883.0,2899.949951171875,2871.39990234375,2896.050048828125,892125
2024-06-25,2876.0,2894.949951171875,2856.0,2858.449951171875,1217792
2024-06-26,2860.199951171875,2873.85009765625,2844.050048828125,2863.35009765625,960622
2024-06-27,2860.75,2903.0,2845.0,2880.85009765625,1628022
2024-06-28,2865.0,2932.0,2862.199951171875,2917.050048828125,1206712
2024-07-01,2889.300048828125,2939.0,2888.0,2927.800048828125,1104110
2024-07-02,2927.800048828125,2936.0,2912.0,2925.60009765625,1064295
2024-07-03,2929.699951171875,2948.949951171875,2916.0,2925.550048828125,925189
2024-07-04,2940.0,2968.449951171875,2923.0,2934.89990234375,968666
2024-07-05,2937.14990234375,2946.89990234375,2913.10009765625,2935.89990234375,817429
2024-07-08,2935.89990234375,2935.89990234375,2890.699951171875,2898.14990234375,828260
2024-07-09,2908.949951171875,2913.199951171875,2890.0,2905.0,685431
2024-07-10,2900.050048828125,3014.5,2894.35009765625,2996.449951171875,2299950
2024-07-11,2999.0,3030.0,2973.0,3022.050048828125,1968980
2024-07-12,3025.0,3052.0,2970.89990234375,2999.14990234375,1879930
2024-07-15,2999.0,2999.0,2932.550048828125,2956.5,2425341
2024-07-16,2959.0,3015.949951171875,2941.5,2974.449951171875,2085611
2024-07-18,2875.0,2957.89990234375,2842.0,2931.550048828125,5384611
2024-07-19,2925.0,2980.0,2917.25,2946.050048828125,2164746
2024-07-22,2937.0,2973.35009765625,2917.14990234375,2934.300048828125,1616347
2024-07-23,2934.300048828125,2947.300048828125,2886.0,2897.10009765625,1906312
2024-07-24,2901.0,2927.0,2886.199951171875,2912.800048828125,1476148
2024-07-25,2892.050048828125,2908.699951171875,2885.25,2901.39990234375,1239922
2024-07-26,2902.199951171875,2964.449951171875,2900.699951171875,2950.14990234375,1359780
2024-07-29,2953.050048828125,2965.10009765625,2936.0,2954.699951171875,854408
2024-07-30,2973.5,3032.800048828125,2970.0,3005.050048828125,2144591
2024-07-31,3005.050048828125,3098.0,3005.050048828125,3084.449951171875,3549501
2024-08-01,3088.0,3128.949951171875,3062.800048828125,3099.35009765625,1675122
2024-08-02,3070.0,3129.050048828125,3060.0,3106.699951171875,1348780
2024-08-05,3069.949951171875,3145.0,3055.300048828125,3093.39990234375,2019141
2024-08-06,3101.699951171875,3135.0,3086.050048828125,3101.75,885743
2024-08-07,3101.75,3118.5,3060.050048828125,3101.449951171875,1907105
2024-08-08,3080.0,3089.699951171875,2990.39990234375,3005.39990234375,1280109
2024-08-09,3039.0,3052.75,2966.0,3040.60009765625,1665414
2024-08-12,3020.0,3084.0,3003.699951171875,3053.199951171875,1736881
2024-08-13,3054.89990234375,3059.800048828125,3013.0,3023.550048828125,502260
2024-08-14,3034.800048828125,3034.800048828125,2994.050048828125,3025.85009765625,454671
2024-08-16,3054.0,3054.0,3003.0,3048.14990234375,514229
2024-08-19,3053.949951171875,3087.85009765625,3038.35009765625,3076.300048828125,542858
2024-08-20,3096.0,3106.35009765625,3078.0,3103.199951171875,668282
2024-08-21,3101.0,3170.60009765625,3084.050048828125,3151.550048828125,1186536
2024-08-22,3167.0,3198.64990234375,3156.050048828125,3186.60009765625,1540888
2024-08-23,3190.0,3198.60009765625,3148.75,3154.64990234375,779284
2024-08-26,3155.0,3177.449951171875,3141.5,3171.35009765625,472874
2024-08-27,3154.0,3203.64990234375,3150.0,3166.199951171875,1003501
2024-08-28,3152.949951171875,3165.5,3118.800048828125,3125.5,538366
2024-08-29,3125.5,3143.949951171875,3092.699951171875,3115.85009765625,849866
2024-08-30,3130.050048828125,3166.75,3110.699951171875,3126.800048828125,1567031
2024-09-02,3148.0,3184.0,3139.60009765625,3150.949951171875,702358
2024-09-03,3164.949951171875,3174.550048828125,3147.5,3154.85009765625,577471
2024-09-04,3155.5,3252.0,3155.5,3231.64990234375,2379110
2024-09-05,3240.0,3257.0,3217.0,3238.25,1482119
2024-09-06,3238.0,3285.89990234375,3225.35009765625,3273.699951171875,2131256
2024-09-09,3273.699951171875,3314.0,3258.0,3280.75,1272289
2024-09-10,3290.0,3310.0,3270.89990234375,3295.050048828125,928920
2024-09-11,3315.0,3382.949951171875,3315.0,3367.449951171875,2561892
2024-09-12,3370.0,3393.0,3340.300048828125,3383.25,1643536
2024-09-13,3355.550048828125,3369.699951171875,3320.89990234375,3358.050048828125,1029400
2024-09-16,3360.0,3394.89990234375,3330.60009765625,3335.800048828125,1019280
2024-09-17,3335.800048828125,3349.89990234375,3301.800048828125,3312.800048828125,586834
2024-09-18,3312.800048828125,3324.85009765625,3251.550048828125,3274.64990234375,410510
2024-09-19,3294.0,3320.0,3275.0,3293.85009765625,963456
2024-09-20,3304.0,3324.800048828125,3266.050048828125,3306.949951171875,1504277
2024-09-23,3316.949951171875,3324.89990234375,3273.199951171875,3277.449951171875,522775
2024-09-24,3277.449951171875,3297.75,3241.10009765625,3248.39990234375,1057933
2024-09-25,3252.0,3252.0,3206.75,3244.75,740636
2024-09-26,3250.0,3285.85009765625,3227.10009765625,3277.050048828125,951080
2024-09-27,3290.949951171875,3337.949951171875,3277.050048828125,3310.75,1315996
2024-09-30,3310.75,3358.0,3305.14990234375,3329.10009765625,1088162
2024-10-01,3317.0,3328.949951171875,3244.050048828125,3277.35009765625,968660
2024-10-03,3192.300048828125,3225.89990234375,3126.5,3149.300048828125,1741363
2024-10-04,3135.0,3156.75,3054.550048828125,3072.5,1551818
2024-10-07,3075.0,3098.550048828125,3038.0,3062.25,909812
2024-10-08,3058.0,3099.0,3045.64990234375,3088.050048828125,817718
2024-10-09,3095.550048828125,3146.699951171875,3071.75,3078.85009765625,1225598
2024-10-10,3090.050048828125,3095.0,3043.0,3059.10009765625,1161933
2024-10-11,3059.199951171875,3064.0,3026.0,3037.199951171875,976017
2024-10-14,3037.0,3055.0,3017.199951171875,3039.14990234375,716011
2024-10-15,3075.0,3096.800048828125,3047.64990234375,3067.10009765625,1242322
2024-10-16,3088.0,3103.550048828125,3066.10009765625,3082.10009765625,764001
2024-10-17,3082.89990234375,3085.0,3037.0,3055.85009765625,674481
2024-10-18,3057.0,3069.0,2980.60009765625,2992.14990234375,899318
2024-10-21,3007.050048828125,3057.0,3000.550048828125,3049.199951171875,806970
2024-10-22,3054.0,3057.949951171875,2995.25,3006.85009765625,541838
2024-10-23,2999.949951171875,3026.5,2972.050048828125,2989.699951171875,624689
2024-10-24,2989.699951171875,3002.300048828125,2951.0,2972.0,571259
2024-10-25,2975.5,3015.550048828125,2952.0,2958.0,1047769
2024-10-28,2987.89990234375,3021.699951171875,2963.050048828125,3001.85009765625,504961
2024-10-29,3020.0,3028.0,2941.10009765625,2992.85009765625,613459
2024-10-30,3006.0,3006.0,2963.550048828125,2996.64990234375,812725
2024-10-31,2994.199951171875,2996.5,2919.0,2935.64990234375,1031171
2024-11-01,2958.0,2965.75,2930.0,2939.85009765625,112249
2024-11-04,2962.14990234375,2962.14990234375,2885.5,2915.300048828125,1146008
2024-11-05,2895.0,2918.800048828125,2872.699951171875,2887.300048828125,935417
2024-11-06,2890.5,2907.85009765625,2860.0,2897.300048828125,1817087
2024-11-07,2900.0,2904.949951171875,2825.0,2842.85009765625,1112489
2024-11-08,2842.85009765625,2847.0,2762.39990234375,2769.449951171875,2060410
2024-11-11,2565.050048828125,2598.75,2506.0,2543.10009765625,8854840
2024-11-12,2535.0,2535.0,2470.0,2474.85009765625,3445898
2024-11-13,2470.0,2498.0,2451.10009765625,2470.5,1803766
2024-11-14,2482.800048828125,2501.75,2466.199951171875,2483.14990234375,1206967
2024-11-18,2520.0,2520.0,2470.800048828125,2483.699951171875,945471
2024-11-19,2488.0,2503.199951171875,2472.35009765625,2483.699951171875,941508
2024-11-21,2454.699951171875,2465.949951171875,2425.0,2428.14990234375,1377572
2024-11-22,2430.0,2493.949951171875,2422.949951171875,2472.199951171875,3805843
2024-11-25,2505.0,2507.949951171875,2450.050048828125,2459.699951171875,1857124
2024-11-26,2459.89990234375,2518.0,2457.60009765625,2505.0,1152258
2024-11-27,2517.5,2517.64990234375,2480.0,2491.89990234375,864653
2024-11-28,2500.0,2506.0,2453.300048828125,2458.050048828125,1506133
2024-11-29,2458.050048828125,2491.5,2455.050048828125,2479.60009765625,1030854
2024-12-02,2479.60009765625,2486.0,2461.35009765625,2479.050048828125,914624
2024-12-03,2494.0,2494.0,2463.5,2469.39990234375,1341985
2024-12-04,2478.89990234375,2479.10009765625,2453.199951171875,2459.449951171875,1005012
2024-12-05,2465.0,2466.89990234375,2423.89990234375,2452.199951171875,3190834
2024-12-06,2468.0,2468.0,2427.0,2429.699951171875,1735948
2024-12-09,2438.14990234375,2439.0,2387.0,2391.85009765625,2301281
2024-12-10,2399.89990234375,2404.64990234375,2385.050048828125,2388.89990234375,1657888
2024-12-11,2399.75,2428.0,2392.64990234375,2417.300048828125,1337700
2024-12-12,2413.0,2415.0,2380.699951171875,2389.550048828125,1089028
2024-12-13,2389.550048828125,2412.0,2354.0,2407.64990234375,1150861
2024-12-16,2419.949951171875,2419.949951171875,2386.14990234375,2402.25,987775
2024-12-17,2388.0,2399.89990234375,2350.5,2356.0,1258218
2024-12-18,2356.800048828125,2372.699951171875,2341.0,2345.449951171875,855682
2024-12-19,2325.0,2325.0,2265.35009765625,2291.85009765625,2784409
2024-12-20,2297.0,2318.0,2276.0,2282.35009765625,1719502
2024-12-23,2300.0,2302.550048828125,2266.050048828125,2279.199951171875,855647
2024-12-24,2282.10009765625,2295.0,2277.14990234375,2284.0,601558
2024-12-26,2284.0,2287.449951171875,2256.5,2262.39990234375,1267334
2024-12-27,2270.25,2290.800048828125,2260.050048828125,2271.39990234375,821790
2024-12-30,2280.25,2298.800048828125,2256.800048828125,2288.25,1076940
2024-12-31,2280.0,2297.64990234375,2273.0,2281.35009765625,685486
2025-01-01,2280.0,2323.199951171875,2280.0,2304.64990234375,1067328
2025-01-02,2314.0,2347.949951171875,2294.0,2343.25,1342922
2025-01-03,2344.0,2348.949951171875,2322.14990234375,2335.949951171875,1355319
2025-01-06,2335.949951171875,2340.0,2256.699951171875,2267.14990234375,1190987
2025-01-07,2272.0,2316.0,2272.0,2292.60009765625,740798
2025-01-08,2287.050048828125,2338.0,2272.699951171875,2334.35009765625,1439632
2025-01-09,2341.89990234375,2361.39990234375,2321.300048828125,2350.199951171875,1362304
2025-01-10,2335.60009765625,2348.89990234375,2316.0,2320.75,1214334
2025-01-13,2291.75,2301.89990234375,2246.39990234375,2252.64990234375,1181928
2025-01-14,2269.0,2286.35009765625,2237.0,2239.949951171875,1316807
2025-01-15,2249.0,2253.75,2220.0,2229.699951171875,1308999
2025-01-16,2239.0,2239.85009765625,2207.800048828125,2215.60009765625,1936087
2025-01-17,2225.64990234375,2269.050048828125,2212.5,2261.0,878848
2025-01-20,2272.25,2286.89990234375,2251.0,2280.550048828125,555716
2025-01-21,2280.550048828125,2315.0,2255.0,2260.35009765625,1410294
2025-01-22,2270.0,2270.0,2244.89990234375,2262.10009765625,835523
2025-01-23,2262.10009765625,2301.800048828125,2246.199951171875,2276.35009765625,1142465
2025-01-24,2283.0,2296.550048828125,2255.050048828125,2262.39990234375,543202
2025-01-27,2255.300048828125,2277.75,2246.199951171875,2251.5,1097939
2025-01-28,2260.0,2267.050048828125,2234.10009765625,2241.800048828125,897501
2025-01-29,2241.800048828125,2246.800048828125,2212.050048828125,2223.14990234375,1281088
2025-01-30,2223.14990234375,2259.25,2215.0,2249.85009765625,1155718
2025-01-31,2255.0,2305.0,2234.85009765625,2300.800048828125,1292909
2025-02-01,2312.0,2389.0,2285.300048828125,2351.14990234375,1318619
2025-02-03,2351.14990234375,2364.449951171875,2277.699951171875,2292.25,1070382
2025-02-04,2304.64990234375,2418.60009765625,2263.75,2354.35009765625,5373733
2025-02-05,2269.0,2295.550048828125,2237.25,2275.199951171875,3474642
2025-02-06,2287.199951171875,2298.89990234375,2260.25,2263.39990234375,1285954
2025-02-07,2266.0,2276.300048828125,2243.199951171875,2271.0,1336756
2025-02-10,2271.050048828125,2278.0,2254.0,2270.14990234375,1181565
2025-02-11,2279.0,2282.89990234375,2226.0,2240.85009765625,1607942
2025-02-12,2241.85009765625,2247.949951171875,2185.699951171875,2228.25,1181706
2025-02-13,2228.25,2249.949951171875,2220.0,2236.39990234375,921923
2025-02-14,2236.39990234375,2250.550048828125,2203.0,2231.300048828125,1380052
2025-02-17,2231.300048828125,2260.0,2226.050048828125,2250.85009765625,923900
2025-02-18,2248.0,2251.949951171875,2218.75,2237.60009765625,735853
2025-02-19,2237.60009765625,2249.800048828125,2226.10009765625,2239.10009765625,645234
2025-02-20,2239.10009765625,2257.10009765625,2231.050048828125,2249.050048828125,637442
2025-02-21,2249.050048828125,2265.800048828125,2237.0,2257.60009765625,755585
2025-02-24,2245.89990234375,2259.0,2241.0,2246.199951171875,765042
2025-02-25,2246.199951171875,2257.10009765625,2217.699951171875,2224.75,947702
2025-02-27,2214.0,2228.39990234375,2198.0,2213.64990234375,1027196
2025-02-28,2210.0,2211.35009765625,2175.800048828125,2179.75,1701193
2025-03-03,2179.75,2193.35009765625,2129.0,2166.39990234375,959068
2025-03-04,2154.050048828125,2159.85009765625,2124.75,2132.10009765625,2180989
2025-03-05,2132.0,2182.800048828125,2124.75,2164.14990234375,1535212
2025-03-06,2189.85009765625,2275.0,2183.10009765625,2267.699951171875,1985096
2025-03-07,2267.699951171875,2277.949951171875,2248.0,2270.0,921429
2025-03-10,2270.0,2293.0,2261.85009765625,2278.60009765625,1072395
2025-03-11,2274.0,2290.89990234375,2257.89990234375,2287.39990234375,601228
2025-03-12,2287.39990234375,2295.949951171875,2247.0,2251.300048828125,749216
2025-03-13,2255.25,2257.199951171875,2222.5,2231.300048828125,747470
2025-03-17,2205.0,2239.25,2196.050048828125,2219.550048828125,838015
2025-03-19,2274.0,2287.949951171875,2267.85009765625,2280.699951171875,663292
2025-03-20,2290.0,2307.0,2268.75,2287.199951171875,1166849
2025-03-21,2291.64990234375,2314.5,2277.85009765625,2300.39990234375,1624115
2025-03-24,2302.39990234375,2330.25,2302.10009765625,2322.5,1100353
2025-03-25,2325.0,2344.5,2308.0,2330.75,1828005
2025-03-26,2340.0,2340.949951171875,2304.0,2323.14990234375,1934287
2025-03-27,2315.0,2350.10009765625,2290.5,2338.10009765625,1497861
2025-03-28,2343.949951171875,2364.0,2325.0,2340.64990234375,1281871
2025-04-01,2342.0,2361.699951171875,2305.75,2316.0,970583
2025-04-02,2328.0,2328.39990234375,2292.14990234375,2306.64990234375,792693
2025-04-03,2295.0,2354.89990234375,2289.800048828125,2349.39990234375,608846
2025-04-04,2349.39990234375,2363.949951171875,2302.800048828125,2356.050048828125,1163188
2025-04-07,2190.0,2354.0,2190.0,2341.35009765625,1745817
2025-04-08,2356.0,2420.0,2356.0,2394.199951171875,1876867
2025-04-09,2400.0,2429.449951171875,2390.89990234375,2411.14990234375,1186937
2025-04-11,2439.5,2448.0,2380.25,2393.60009765625,968152
2025-04-15,2414.89990234375,2425.0,2385.0,2415.699951171875,1141122
2025-04-16,2405.10009765625,2468.5,2403.699951171875,2459.89990234375,1166695
2025-04-17,2459.89990234375,2476.39990234375,2431.0,2467.89990234375,885840
2025-04-21,2465.89990234375,2470.89990234375,2441.0,2445.0,541913
2025-04-22,2445.0,2450.0,2413.5,2432.0,543647
2025-04-23,2437.0,2456.60009765625,2425.60009765625,2453.10009765625,744684
2025-04-24,2450.0,2491.0,2435.89990234375,2464.39990234375,1203452
2025-04-25,2464.300048828125,2468.699951171875,2413.699951171875,2431.60009765625,702217
2025-04-28,2419.89990234375,2459.800048828125,2405.0,2452.199951171875,554920
2025-04-29,2460.0,2472.0,2441.60009765625,2451.10009765625,1235066
2025-04-30,2450.0,2462.199951171875,2401.5,2425.699951171875,1479669
2025-05-02,2425.0,2444.89990234375,2398.0,2410.0,744673
2025-05-05,2423.10009765625,2475.0,2423.10009765625,2436.89990234375,1229588
2025-05-06,2442.0,2449.89990234375,2391.10009765625,2418.0,702802
2025-05-07,2388.0,2405.699951171875,2318.5,2334.10009765625,1711738
2025-05-08,2322.0,2349.10009765625,2293.5,2302.60009765625,2292261
2025-05-09,2246.60009765625,2331.800048828125,2245.0,2299.60009765625,1503010
2025-05-12,2330.0,2378.5,2321.0,2356.39990234375,940135
2025-05-13,2354.0,2358.0,2315.10009765625,2324.60009765625,1220489
2025-05-14,2319.0,2319.0,2277.10009765625,2282.300048828125,1549845
2025-05-15,2285.0,2335.5,2268.0,2329.89990234375,1675015
2025-05-16,2333.89990234375,2355.0,2315.0,2353.60009765625,785113
2025-05-19,2353.60009765625,2378.89990234375,2326.60009765625,2331.39990234375,552961
2025-05-20,2347.5,2347.699951171875,2291.39990234375,2295.60009765625,1095824
2025-05-21,2296.0,2316.199951171875,2290.0,2312.39990234375,469330
2025-05-22,2309.199951171875,2310.0,2283.10009765625,2299.199951171875,916504
2025-05-23,2301.800048828125,2329.0,2295.0,2315.5,458035
2025-05-26,2316.0,2338.0,2302.800048828125,2327.199951171875,1258062
2025-05-27,2313.10009765625,2351.60009765625,2301.10009765625,2327.60009765625,2485428
2025-05-28,2327.60009765625,2333.0,2300.300048828125,2303.199951171875,774808
2025-05-29,2303.199951171875,2309.0,2286.5,2294.300048828125,1414643
2025-05-30,2296.5,2304.0,2255.0,2259.10009765625,3610431
2025-06-02,2259.10009765625,2272.300048828125,2257.89990234375,2266.699951171875,702789
2025-06-03,2272.60009765625,2287.300048828125,2246.699951171875,2255.699951171875,792587
2025-06-04,2249.5,2261.0,2240.89990234375,2249.0,768079
2025-06-05,2251.10009765625,2261.0,2233.0,2243.5,996614
2025-06-06,2249.10009765625,2252.60009765625,2239.0,2245.199951171875,822087
2025-06-09,2240.0,2255.800048828125,2236.0,2247.89990234375,1041851
2025-06-10,2240.0,2240.0,2215.199951171875,2218.89990234375,1809051
2025-06-11,2209.0,2225.89990234375,2207.199951171875,2208.800048828125,1430888
2025-06-12,2224.0,2263.0,2208.10009765625,2219.39990234375,3417373
2025-06-13,2175.0,2217.10009765625,2174.800048828125,2214.199951171875,1786807
2025-06-16,2214.199951171875,2250.0,2209.300048828125,2244.800048828125,1301826
2025-06-17,2231.0,2281.0,2227.0,2264.800048828125,1540986
2025-06-18,2257.0,2284.0,2255.0,2281.39990234375,1131156
2025-06-19,2270.0,2285.0,2264.0,2268.0,524926
2025-06-20,2267.0,2289.89990234375,2263.0,2285.699951171875,1945026
2025-06-23,2261.199951171875,2272.800048828125,2253.89990234375,2264.10009765625,596186
2025-06-24,2305.0,2309.699951171875,2268.89990234375,2275.300048828125,1044179
2025-06-25,2276.10009765625,2294.300048828125,2275.39990234375,2279.89990234375,807368
2025-06-26,2287.0,2292.60009765625,2280.199951171875,2289.800048828125,921519
2025-06-27,2283.0,2364.5,2277.10009765625,2358.699951171875,1555059
2025-06-30,2362.0,2369.89990234375,2326.10009765625,2341.10009765625,785414
2025-07-01,2380.5,2400.0,2350.199951171875,2369.5,1232160
2025-07-02,2340.0,2430.0,2327.0,2419.39990234375,1936030
2025-07-03,2428.89990234375,2464.39990234375,2425.0,2430.89990234375,1547480
2025-07-04,2430.89990234375,2443.0,2412.0,2424.199951171875,602309
2025-07-07,2423.300048828125,2465.10009765625,2421.0,2442.800048828125,869054
2025-07-08,2440.5,2488.0,2437.300048828125,2484.60009765625,1136367
2025-07-09,2520.5,2535.0,2492.89990234375,2498.89990234375,2328636
2025-07-10,2507.300048828125,2512.0,2445.10009765625,2451.199951171875,932859
2025-07-11,2447.5,2484.800048828125,2435.5,2439.199951171875,1050411
2025-07-14,2431.10009765625,2448.60009765625,2391.0,2401.60009765625,891618
2025-07-15,2409.89990234375,2415.0,2386.300048828125,2393.5,610228
2025-07-16,2381.0,2422.39990234375,2371.0,2410.5,1200909
2025-07-17,2404.10009765625,2414.0,2394.0,2398.89990234375,526163
2025-07-18,2400.60009765625,2405.0,2372.300048828125,2382.39990234375,599552
2025-07-21,2382.39990234375,2408.0,2360.800048828125,2375.39990234375,390931
2025-07-22,2375.39990234375,2380.800048828125,2361.300048828125,2365.199951171875,411317
2025-07-23,2363.0,2384.699951171875,2352.60009765625,2375.39990234375,368999
2025-07-24,2375.39990234375,2380.0,2341.0,2352.10009765625,506960
2025-07-25,2340.0,2350.5,2325.800048828125,2336.199951171875,383636
2025-07-28,2336.199951171875,2366.39990234375,2320.0,2359.60009765625,650364
2025-07-29,2359.0,2418.300048828125,2325.0,2401.5,1742815
2025-07-30,2409.0,2443.800048828125,2366.5,2415.800048828125,1685818
2025-07-31,2401.39990234375,2417.199951171875,2373.5,2396.10009765625,1274735
2025-08-01,2378.0,2472.0,2378.0,2431.0,2225293
2025-08-04,2443.199951171875,2467.0,2439.60009765625,2449.800048828125,1165898
2025-08-05,2461.89990234375,2463.699951171875,2409.10009765625,2436.800048828125,659094
2025-08-06,2440.0,2505.60009765625,2440.0,2491.199951171875,2019109
2025-08-07,2484.10009765625,2510.0,2466.89990234375,2506.5,1502806
2025-08-08,2506.5,2511.699951171875,2468.5,2475.60009765625,1178226
2025-08-11,2463.89990234375,2504.199951171875,2452.0,2489.10009765625,721135
2025-08-12,2489.10009765625,2502.800048828125,2474.0,2478.300048828125,608984
2025-08-13,2479.800048828125,2504.39990234375,2461.199951171875,2500.199951171875,350844
2025-08-14,2505.0,2534.89990234375,2497.699951171875,2528.699951171875,1088550
2025-08-18,2550.0,2595.0,2536.60009765625,2587.39990234375,1755615
2025-08-19,2587.39990234375,2595.0,2561.199951171875,2579.39990234375,698587
2025-08-20,2578.0,2579.300048828125,2563.39990234375,2570.10009765625,308028
2025-08-21,2574.89990234375,2576.0,2559.300048828125,2566.60009765625,781082
2025-08-22,2562.800048828125,2569.300048828125,2501.10009765625,2504.5,523774
2025-08-25,2516.0,2522.5,2476.0,2492.89990234375,766497
2025-08-26,2481.10009765625,2523.300048828125,2468.0,2481.39990234375,7106393
2025-08-28,2465.0,2528.0,2465.0,2489.0,1485769
2025-08-29,2491.0,2531.60009765625,2490.0,2518.60009765625,1798653
2025-09-01,2518.0,2577.800048828125,2515.10009765625,2570.199951171875,1314833
2025-09-02,2569.0,2571.89990234375,2531.0,2540.0,1024054
2025-09-03,2530.0,2565.10009765625,2527.300048828125,2553.89990234375,925847
2025-09-04,2553.89990234375,2583.0,2553.0,2568.60009765625,933071
2025-09-05,2565.0,2602.0,2565.0,2579.89990234375,1153436
2025-09-08,2579.89990234375,2589.60009765625,2526.39990234375,2530.800048828125,742880
2025-09-09,2540.0,2551.60009765625,2524.800048828125,2537.300048828125,702450
2025-09-10,2537.300048828125,2555.0,2525.10009765625,2543.300048828125,520584
2025-09-11,2541.0,2559.5,2535.699951171875,2555.89990234375,423961
2025-09-12,2560.0,2568.300048828125,2537.199951171875,2546.300048828125,547539
2025-09-15,2535.10009765625,2543.5,2498.0,2502.60009765625,583051
2025-09-16,2495.0,2509.89990234375,2474.5,2480.89990234375,760790
2025-09-17,2482.0,2496.89990234375,2480.800048828125,2493.60009765625,359627
2025-09-18,2497.89990234375,2506.199951171875,2469.300048828125,2478.699951171875,400796
2025-09-19,2475.0,2509.5,2468.5,2481.699951171875,3731525
2025-09-22,2494.10009765625,2503.0,2474.10009765625,2482.699951171875,872806
2025-09-23,2472.10009765625,2483.800048828125,2428.0,2446.89990234375,1332111
2025-09-24,2446.0,2475.0,2443.199951171875,2457.199951171875,637749
2025-09-25,2458.5,2462.699951171875,2388.0,2404.0,1518215
2025-09-26,2397.5,2400.0,2339.0,2342.800048828125,1089446
2025-09-29,2342.89990234375,2363.699951171875,2329.199951171875,2342.60009765625,950369
2025-09-30,2352.0,2388.800048828125,2340.0,2350.0,778874
2025-10-01,2353.39990234375,2357.0,2321.199951171875,2335.800048828125,648279
2025-10-03,2342.199951171875,2362.699951171875,2336.10009765625,2357.800048828125,659872
2025-10-06,2355.0,2359.199951171875,2334.10009765625,2354.800048828125,362107
2025-10-07,2355.0,2371.39990234375,2346.0,2352.800048828125,498524
2025-10-08,2360.0,2369.39990234375,2320.0,2328.5,701799
2025-10-09,2328.5,2341.0,2323.800048828125,2336.39990234375,587567
2025-10-10,2338.89990234375,2357.800048828125,2336.60009765625,2340.199951171875,1117236
2025-10-13,2340.199951171875,2366.60009765625,2337.0,2342.5,667732
2025-10-14,2342.39990234375,2355.0,2308.0,2318.10009765625,353345
2025-10-15,2330.0,2384.0,2325.0,2375.10009765625,753640
2025-10-16,2377.0,2420.800048828125,2366.89990234375,2409.699951171875,715890
2025-10-17,2421.0,2544.0,2421.0,2507.800048828125,3719960
2025-10-20,2507.800048828125,2537.10009765625,2500.699951171875,2516.0,714986
2025-10-21,2513.0,2519.199951171875,2484.0,2504.60009765625,107942
2025-10-23,2518.89990234375,2546.0,2496.800048828125,2502.39990234375,811738
2025-10-24,2495.0,2506.699951171875,2486.300048828125,2501.60009765625,327596
2025-10-27,2501.60009765625,2530.0,2499.60009765625,2518.800048828125,550089
2025-10-28,2515.0,2528.60009765625,2492.0,2509.300048828125,1103957
2025-10-29,2520.0,2550.800048828125,2512.5,2538.699951171875,615292
2025-10-30,2535.5,2538.699951171875,2513.300048828125,2523.5,736486
2025-10-31,2523.39990234375,2530.0,2505.300048828125,2510.800048828125,609128
2025-11-03,2496.199951171875,2515.300048828125,2495.0,2512.199951171875,425210
2025-11-04,2510.0,2521.0,2479.699951171875,2486.699951171875,527087
2025-11-06,2560.10009765625,2631.0,2560.10009765625,2602.89990234375,4448622
2025-11-07,2602.89990234375,2618.89990234375,2585.0,2613.800048828125,791663
2025-11-10,2613.800048828125,2666.800048828125,2611.10009765625,2650.39990234375,1706880
2025-11-11,2650.39990234375,2664.89990234375,2633.39990234375,2657.199951171875,776404
2025-11-12,2660.0,2838.699951171875,2642.10009765625,2769.800048828125,2859196
2025-11-13,2858.89990234375,2897.10009765625,2840.0,2879.39990234375,5933630
2025-11-14,2865.10009765625,2909.89990234375,2862.0,2906.39990234375,2494076
2025-11-17,2906.39990234375,2926.89990234375,2880.0,2887.89990234375,1230683
2025-11-18,2886.0,2916.0,2862.10009765625,2906.0,1819066
2025-11-19,2914.0,2916.0,2887.199951171875,2893.699951171875,1387906
2025-11-20,2897.39990234375,2906.10009765625,2852.5,2859.800048828125,1062883
2025-11-21,2869.0,2895.60009765625,2854.10009765625,2876.60009765625,857340
2025-11-24,2876.0,2896.5,2864.5,2879.199951171875,5404326
2025-11-25,2899.89990234375,2908.5,2869.0,2875.800048828125,972417
2025-11-26,2880.0,2896.199951171875,2857.60009765625,2874.0,570376
2025-11-27,2880.0,2914.5,2871.39990234375,2879.10009765625,1158685
2025-11-28,2880.0,2889.89990234375,2855.800048828125,2874.39990234375,748446
2025-12-01,2877.699951171875,2887.5,2848.0,2867.60009765625,499153
2025-12-02,2867.0,2962.0,2861.199951171875,2954.39990234375,2102147
2025-12-03,2969.0,2969.199951171875,2932.60009765625,2953.5,1252456
2025-12-04,2950.0,2985.699951171875,2934.0,2957.199951171875,1466098
2025-12-05,2955.0,2973.5,2941.0,2968.5,944978
2025-12-08,2970.0,2974.5,2914.800048828125,2928.300048828125,983544
2025-12-09,2910.0,2913.5,2788.5,2796.0,1839391
2025-12-10,2810.0,2824.0,2796.699951171875,2804.5,845073
2025-12-11,2800.0,2811.60009765625,2763.199951171875,2779.39990234375,777422
2025-12-12,2795.0,2797.0,2746.0,2764.800048828125,977696
2025-12-15,2773.10009765625,2802.0,2758.699951171875,2780.199951171875,1029674
2025-12-16,2793.0,2808.0,2776.10009765625,2790.89990234375,916244
2025-12-17,2800.0,2806.5,2772.0,2785.699951171875,636499
2025-12-18,2780.0,2793.800048828125,2755.300048828125,2759.699951171875,417994
2025-12-19,2766.39990234375,2812.39990234375,2759.699951171875,2799.89990234375,3895542
2025-12-22,2785.800048828125,2823.10009765625,2780.300048828125,2807.60009765625,463953
2025-12-23,2798.0,2819.0,2783.10009765625,2807.800048828125,431068
2025-12-24,2807.800048828125,2824.699951171875,2782.0,2785.5,512144
2025-12-26,2785.0,2794.39990234375,2743.0,2746.5,532078
2025-12-29,2746.5,2793.800048828125,2735.0,2775.39990234375,815529
2025-12-30,2770.300048828125,2792.39990234375,2741.0,2758.300048828125,4833527
2025-12-31,2755.0,2796.800048828125,2754.89990234375,2769.5,1274705
2026-01-01,2775.89990234375,2782.699951171875,2746.10009765625,2752.0,327945
2026-01-02,2755.800048828125,2799.0,2755.800048828125,2772.60009765625,508884
2026-01-05,2770.0,2828.0,2769.0,2815.60009765625,866733
2026-01-06,2820.0,2848.39990234375,2811.60009765625,2845.800048828125,875891
2026-01-07,2845.800048828125,2854.699951171875,2801.10009765625,2809.39990234375,636748
2026-01-08,2795.0,2804.699951171875,2770.10009765625,2786.5,620031
2026-01-09,2789.89990234375,2856.699951171875,2786.199951171875,2825.5,1657381
2026-01-12,2826.0,2900.0,2808.0,2896.39990234375,1743901
2026-01-13,2900.0,2914.5,2870.800048828125,2886.300048828125,1051986
2026-01-14,2884.0,2884.0,2807.300048828125,2813.89990234375,958254
2026-01-16,2787.89990234375,2826.5,2750.5,2756.89990234375,1143463
2026-01-19,2756.89990234375,2786.300048828125,2724.699951171875,2754.0,1342048
2026-01-20,2740.0,2740.10009765625,2669.300048828125,2675.60009765625,911151
2026-01-21,2670.0,2688.0,2648.0,2661.10009765625,914318
2026-01-22,2665.300048828125,2729.89990234375,2665.300048828125,2703.800048828125,1290346
2026-01-23,2703.800048828125,2782.89990234375,2690.800048828125,2703.699951171875,1786635
2026-01-27,2719.89990234375,2734.699951171875,2546.0,2622.800048828125,3818761
2026-01-28,2535.0,2548.5,2451.0,2511.800048828125,3430002
2026-01-29,2511.800048828125,2514.89990234375,2410.0,2416.0,3488159
2026-01-30,2417.0,2445.0,2400.5,2428.300048828125,2048843
2026-02-02,2374.89990234375,2429.5,2372.0,2402.0,1183482
2026-02-03,2525.0,2525.0,2391.0,2426.0,2233860
2026-02-04,2430.0,2463.800048828125,2417.10009765625,2452.699951171875,970973
2026-02-05,2445.0,2455.800048828125,2402.60009765625,2432.10009765625,1047405
2026-02-06,2432.0,2444.0,2386.10009765625,2401.10009765625,1043982
2026-02-09,2404.0,2426.199951171875,2396.800048828125,2417.39990234375,669839
2026-02-10,2419.0,2420.0,2386.89990234375,2393.60009765625,1513620
2026-02-11,2399.0,2405.699951171875,2376.300048828125,2392.5,3177710
2026-02-12,2398.0,2413.89990234375,2377.0,2410.5,607767
2026-02-13,2408.89990234375,2411.800048828125,2360.10009765625,2366.39990234375,675635
2026-02-16,2360.0,2405.10009765625,2356.800048828125,2397.199951171875,683108
2026-02-17,2399.5,2452.39990234375,2399.5,2437.39990234375,1004356
2026-02-18,2440.0,2448.199951171875,2416.5,2432.10009765625,551809
2026-02-19,2420.0,2428.0,2391.10009765625,2400.800048828125,971600
2026-02-20,2378.199951171875,2435.699951171875,2376.10009765625,2428.10009765625,790329
2026-02-23,2424.699951171875,2446.60009765625,2411.5,2429.699951171875,634365
2026-02-24,2413.0,2441.5,2403.699951171875,2413.10009765625,499660
2026-02-25,2416.0,2427.89990234375,2400.0,2416.39990234375,526764
2026-02-26,2416.10009765625,2422.199951171875,2382.0,2394.89990234375,588742
2026-02-27,2385.0,2397.60009765625,2359.0,2376.199951171875,2531619
2026-03-02,2300.0,2337.89990234375,2283.5,2307.10009765625,2528308
2026-03-04,2260.699951171875,2290.89990234375,2216.300048828125,2285.199951171875,1610358
2026-03-05,2285.199951171875,2313.0,2253.699951171875,2287.800048828125,925040
2026-03-06,2261.699951171875,2307.89990234375,2253.699951171875,2279.5,979742
2026-03-09,2200.0,2230.0,2162.60009765625,2220.800048828125,2198153
2026-03-10,2251.60009765625,2305.10009765625,2251.60009765625,2280.39990234375,1192174
2026-03-11,2290.0,2302.0,2226.0,2232.0,687786
2026-03-12,2208.0,2249.89990234375,2201.0,2221.199951171875,1384055
2026-03-13,2204.699951171875,2219.699951171875,2190.0,2196.800048828125,949233
2026-03-16,2185.39990234375,2227.800048828125,2175.10009765625,2217.699951171875,1111587
2026-03-17,2217.699951171875,2261.5,2217.199951171875,2238.199951171875,875461
2026-03-18,2235.10009765625,2270.39990234375,2228.60009765625,2262.10009765625,844912
2026-03-19,2220.0,2239.0,2180.60009765625,2186.0,889334
2026-03-20,2210.89990234375,2224.5,2185.0,2195.39990234375,875920
2026-03-23,2180.0,2180.0,2115.0,2121.300048828125,978398
2026-03-24,2184.0,2224.5,2153.300048828125,2217.300048828125,1561016
2026-03-25,2225.10009765625,2289.699951171875,2222.0,2270.199951171875,1270855
2026-03-27,2246.300048828125,2269.0,2201.10009765625,2207.39990234375,1089010
2026-03-30,2185.300048828125,2202.89990234375,2151.0,2165.199951171875,1513565
2026-04-01,2224.800048828125,2246.60009765625,2198.39990234375,2225.800048828125,1209900
2026-04-02,2185.0,2185.10009765625,2142.39990234375,2169.0,1854061
2026-04-06,2169.0,2193.199951171875,2145.89990234375,2184.300048828125,2048228
2026-04-07,2167.699951171875,2198.699951171875,2145.0,2186.199951171875,1793007
2026-04-08,2284.5,2336.89990234375,2245.199951171875,2282.39990234375,2914767
2026-04-09,2275.0,2289.60009765625,2252.0,2269.60009765625,1980060
2026-04-10,2267.699951171875,2376.89990234375,2267.699951171875,2360.699951171875,3018178
2026-04-13,2279.89990234375,2362.5,2262.0,2352.39990234375,1734562
2026-04-15,2400.5,2426.0,2381.0,2423.10009765625,1182431
2026-04-16,2435.0,2446.60009765625,2411.60009765625,2440.300048828125,1496210
2026-04-17,2425.0,2486.10009765625,2417.5,2464.0,1286575
2026-04-20,2470.0,2523.800048828125,2456.5,2516.800048828125,1203157
2026-04-21,2516.300048828125,2582.0,2513.699951171875,2543.60009765625,1681872
2026-04-22,2500.0,2572.0,2500.0,2562.89990234375,1126584
2026-04-23,2530.0,2541.699951171875,2510.0,2521.39990234375,1378614
2026-04-24,2521.39990234375,2538.89990234375,2470.699951171875,2485.10009765625,436871
2026-04-27,2503.0,2519.800048828125,2475.5,2485.199951171875,452134
2026-04-28,2475.0,2499.0,2456.10009765625,2462.60009765625,556571
2026-04-29,2469.89990234375,2477.89990234375,2438.60009765625,2447.300048828125,603585
2026-04-30,2426.699951171875,2455.89990234375,2385.5,2444.5,823684
2026-05-04,2460.0,2507.0,2442.300048828125,2448.10009765625,581159
2026-05-05,2430.0,2454.89990234375,2415.0,2430.0,327682
2026-05-06,2460.0,2529.0,2440.39990234375,2519.0,1395987
2026-05-07,2534.60009765625,2555.800048828125,2511.300048828125,2530.60009765625,1053513
2026-05-08,2540.0,2607.39990234375,2515.39990234375,2599.89990234375,2327900
2026-05-11,2578.89990234375,2607.89990234375,2555.0,2566.10009765625,1271257
2026-05-12,2546.199951171875,2555.699951171875,2500.0,2505.5,628802
2026-05-13,2554.0,2642.39990234375,2554.0,2617.60009765625,3515018
2026-05-14,2620.0,2665.699951171875,2610.0,2622.199951171875,1040916
2026-05-15,2622.199951171875,2640.0,2592.800048828125,2605.60009765625,796240
2026-05-18,2580.10009765625,2619.39990234375,2556.0,2614.0,898479
2026-05-19,2629.0,2646.0,2595.10009765625,2600.699951171875,688639
2026-05-20,2562.0,2614.0,2562.0,2598.60009765625,586190
2026-05-21,2625.0,2648.300048828125,2590.800048828125,2598.800048828125,1031843
2026-05-22,2606.10009765625,2664.699951171875,2600.199951171875,2639.800048828125,1556434
2026-05-25,2672.0,2684.10009765625,2653.199951171875,2657.800048828125,815621
2026-05-26,2650.0,2664.300048828125,2635.89990234375,2647.0,486267
2026-05-27,2644.800048828125,2689.60009765625,2642.0,2671.89990234375,858457
2026-05-29,2676.10009765625,2748.199951171875,2631.60009765625,2671.60009765625,5062328
2026-06-01,2732.60009765625,2778.800048828125,2626.699951171875,2632.39990234375,2224344
2026-06-02,2626.10009765625,2672.10009765625,2607.89990234375,2660.699951171875,1026319
2026-06-03,2652.10009765625,2676.0,2624.699951171875,2662.39990234375,958774
2026-06-04,2663.89990234375,2698.800048828125,2644.89990234375,2661.60009765625,1840743
2026-06-05,2666.0,2699.800048828125,2665.0,2686.699951171875,1615011
2026-06-08,2643.300048828125,2675.0,2630.10009765625,2659.199951171875,1262904
2026-06-09,2666.199951171875,2719.0,2661.5,2708.10009765625,1416560
2026-06-10,2711.10009765625,2744.0,2700.0,2715.10009765625,1395772
2026-06-11,2693.89990234375,2706.699951171875,2671.0,2690.89990234375,771558
2026-06-12,2725.699951171875,2753.0,2709.39990234375,2747.39990234375,1078025
2026-06-15,2820.300048828125,2832.699951171875,2730.0,2739.300048828125,2752021
2026-06-16,2741.0,2771.0,2735.0,2748.10009765625,962931
2026-06-17,2764.0,2768.89990234375,2732.5,2738.0,557209
2026-06-18,2745.0,2765.0,2728.199951171875,2755.0,600888
2026-06-19,2752.89990234375,2752.89990234375,2718.800048828125,2732.89990234375,838991
2026-06-22,2742.699951171875,2756.5,2670.0,2674.0,1033475
2026-06-23,2669.0,2695.39990234375,2650.10009765625,2661.199951171875,1182151
2026-06-24,2662.0,2687.60009765625,2653.60009765625,2667.5,1264476
2026-06-25,2690.0,2690.699951171875,2637.10009765625,2645.199951171875,2050810
2026-06-29,2631.300048828125,2687.800048828125,2630.0,2656.89990234375,4752587
2026-06-30,2658.0,2672.10009765625,2630.300048828125,2635.699951171875,1821479
2026-07-01,2648.0,2723.0,2624.0,2716.39990234375,1097512
2026-07-02,2720.0,2759.89990234375,2711.0,2744.5,1629567
2026-07-03,2744.0,2762.39990234375,2730.0,2737.800048828125,472124
2026-07-06,2724.0,2758.0,2722.0,2754.89990234375,504943
2026-07-07,2750.0,2751.800048828125,2726.39990234375,2731.39990234375,489066
2026-07-08,2676.60009765625,2713.10009765625,2653.300048828125,2665.89990234375,1481672
2026-07-09,2658.0,2722.800048828125,2656.0,2673.800048828125,918568
2026-07-10,2695.0,2728.199951171875,2672.89990234375,2677.800048828125,982095
2026-07-13,2650.5,2664.39990234375,2630.10009765625,2652.10009765625,1107802
2026-07-14,2604.0,2655.89990234375,2579.89990234375,2641.0,975301
2026-07-15,2644.89990234375,2684.0,2644.89990234375,2670.0,809114
2026-07-16,2688.0,2693.10009765625,2660.10009765625,2674.699951171875,455037
2026-07-17,2665.0,2700.0,2665.0,2689.0,452284
2026-07-20,2689.0,2708.5,2666.699951171875,2691.39990234375,571087
2026-07-21,2695.0,2720.0,2680.5,2692.39990234375,1000078
2026-07-22,2683.0,2700.0,2665.60009765625,2692.800048828125,528096
2026-07-23,2671.10009765625,2693.39990234375,2656.0,2668.800048828125,584245
2026-07-24,2620.10009765625,2657.10009765625,2620.10009765625,2637.89990234375,645563
2026-07-27,2665.800048828125,2723.89990234375,2664.300048828125,2710.199951171875,715239
2026-07-28,2712.0,2749.800048828125,2706.300048828125,2736.199951171875,1282146
2026-07-29,2746.199951171875,2864.0,2718.5,2758.39990234375,3802724
