Date,Open,High,Low,Close,Volume
2011-08-02,41.0,46.400001525878906,40.400001525878906,45.0,486239
2011-08-03,44.900001525878906,47.70000076293945,43.0,47.0,437901
2011-08-04,47.70000076293945,47.70000076293945,44.04999923706055,44.599998474121094,93790
2011-08-05,41.25,44.20000076293945,41.0,42.04999923706055,179515
2011-08-08,42.70000076293945,44.45000076293945,40.150001525878906,41.099998474121094,148233
2011-08-09,39.0,40.099998474121094,38.0,38.70000076293945,64847
2011-08-10,39.5,44.20000076293945,39.5,42.650001525878906,463078
2011-08-11,42.900001525878906,44.849998474121094,41.400001525878906,42.20000076293945,337679
2011-08-12,42.5,42.95000076293945,40.29999923706055,40.70000076293945,144426
2011-08-16,41.0,41.5,38.79999923706055,39.20000076293945,59848
2011-08-17,40.0,40.20000076293945,38.04999923706055,38.79999923706055,47103
2011-08-18,38.5,39.29999923706055,36.5,36.650001525878906,39953
2011-08-19,36.0,37.20000076293945,35.099998474121094,36.20000076293945,65959
2011-08-22,36.20000076293945,36.95000076293945,35.75,36.54999923706055,20662
2011-08-23,36.95000076293945,40.349998474121094,36.5,39.70000076293945,153536
2011-08-24,39.70000076293945,40.650001525878906,38.150001525878906,38.599998474121094,79561
2011-08-25,40.599998474121094,40.599998474121094,38.5,38.849998474121094,62294
2011-08-26,38.5,39.45000076293945,36.75,36.95000076293945,30594
2011-08-29,37.20000076293945,38.400001525878906,37.20000076293945,38.0,40725
2011-08-30,38.70000076293945,39.400001525878906,38.400001525878906,38.650001525878906,52888
2011-09-02,38.650001525878906,39.849998474121094,38.599998474121094,38.79999923706055,76570
2011-09-05,38.5,39.5,38.25,38.70000076293945,36817
2011-09-06,39.0,40.099998474121094,38.650001525878906,38.900001525878906,61886
2011-09-07,39.95000076293945,40.400001525878906,39.099998474121094,39.25,56771
2011-09-08,39.79999923706055,40.5,39.29999923706055,39.95000076293945,64385
2011-09-09,40.20000076293945,40.79999923706055,38.25,38.400001525878906,59469
2011-09-12,39.0,39.0,37.25,38.099998474121094,23052
2011-09-13,38.25,38.70000076293945,37.5,37.650001525878906,21513
2011-09-14,37.599998474121094,38.5,37.099998474121094,37.849998474121094,46020
2011-09-15,38.29999923706055,38.349998474121094,37.400001525878906,37.54999923706055,21041
2011-09-16,38.0,38.0,37.349998474121094,37.650001525878906,14111
2011-09-19,37.54999923706055,37.849998474121094,36.900001525878906,37.099998474121094,35226
2011-09-20,37.20000076293945,37.650001525878906,37.0,37.349998474121094,16909
2011-09-21,37.29999923706055,37.849998474121094,36.25,37.150001525878906,34971
2011-09-22,36.45000076293945,37.0,36.349998474121094,36.400001525878906,15221
2011-09-23,36.5,36.5,35.25,35.599998474121094,16204
2011-09-26,35.599998474121094,35.95000076293945,34.099998474121094,34.45000076293945,17989
2011-09-27,35.400001525878906,35.400001525878906,34.0,34.25,24004
2011-09-28,34.599998474121094,34.75,33.900001525878906,33.95000076293945,10448
2011-09-29,33.95000076293945,34.5,33.599998474121094,34.099998474121094,6471
2011-09-30,34.20000076293945,34.70000076293945,33.5,33.650001525878906,16477
2011-10-03,33.75,33.75,32.79999923706055,32.95000076293945,8548
2011-10-04,33.349998474121094,33.849998474121094,32.5,32.599998474121094,16537
2011-10-05,33.400001525878906,33.400001525878906,32.29999923706055,32.54999923706055,9603
2011-10-07,33.29999923706055,33.5,32.599998474121094,32.849998474121094,7236
2011-10-10,32.75,33.400001525878906,32.75,33.099998474121094,5453
2011-10-11,33.29999923706055,34.849998474121094,33.29999923706055,34.25,33897
2011-10-12,34.400001525878906,34.650001525878906,33.400001525878906,33.849998474121094,29325
2011-10-13,33.849998474121094,35.150001525878906,33.849998474121094,34.599998474121094,53612
2011-10-14,34.54999923706055,34.599998474121094,33.79999923706055,34.0,13599
2011-10-17,34.20000076293945,35.400001525878906,33.349998474121094,34.150001525878906,36923
2011-10-18,33.900001525878906,34.0,33.25,33.5,14135
2011-10-19,33.900001525878906,35.599998474121094,33.70000076293945,33.79999923706055,39577
2011-10-20,33.95000076293945,34.0,33.650001525878906,33.75,6658
2011-10-21,34.0,34.150001525878906,32.900001525878906,33.099998474121094,12446
2011-10-24,33.95000076293945,33.95000076293945,32.150001525878906,32.45000076293945,17429
2011-10-25,32.45000076293945,33.0,32.150001525878906,32.400001525878906,9936
2011-10-28,34.099998474121094,35.900001525878906,33.79999923706055,34.95000076293945,27680
2011-10-31,35.5,35.5,34.25,34.349998474121094,7714
2011-11-01,34.5,34.70000076293945,33.900001525878906,34.04999923706055,13169
2011-11-02,33.75,35.29999923706055,33.75,34.349998474121094,36146
2011-11-03,34.79999923706055,34.79999923706055,34.0,34.150001525878906,8769
2011-11-04,34.5,34.599998474121094,34.0,34.099998474121094,14061
2011-11-08,34.29999923706055,34.650001525878906,33.95000076293945,34.20000076293945,17777
2011-11-09,34.20000076293945,34.599998474121094,33.599998474121094,33.650001525878906,9969
2011-11-11,33.849998474121094,33.849998474121094,32.29999923706055,32.5,19125
2011-11-14,32.25,33.0,31.0,31.649999618530273,14828
2011-11-15,31.399999618530273,31.850000381469727,29.0,29.600000381469727,28990
2011-11-16,30.0,30.399999618530273,28.100000381469727,28.299999237060547,37001
2011-11-17,28.149999618530273,28.799999237060547,26.299999237060547,26.700000762939453,42265
2011-11-18,26.799999237060547,26.899999618530273,24.200000762939453,24.600000381469727,45134
2011-11-21,25.0,25.0,23.5,23.649999618530273,21756
2011-11-22,23.25,24.700000762939453,23.0,23.950000762939453,28098
2011-11-23,24.0,24.0,22.799999237060547,22.899999618530273,14625
2011-11-24,23.100000381469727,24.399999618530273,22.049999237060547,23.75,40087
2011-11-25,23.549999237060547,24.600000381469727,23.549999237060547,24.200000762939453,20046
2011-11-28,24.799999237060547,25.399999618530273,24.100000381469727,24.700000762939453,9568
2011-11-29,24.700000762939453,25.149999618530273,24.100000381469727,24.450000762939453,13580
2011-11-30,24.5,24.75,24.100000381469727,24.149999618530273,4658
2011-12-01,26.700000762939453,26.700000762939453,24.149999618530273,24.350000381469727,14411
2011-12-02,24.200000762939453,24.700000762939453,24.049999237060547,24.200000762939453,17107
2011-12-05,24.0,24.899999618530273,24.0,24.5,6196
2011-12-07,24.5,25.649999618530273,24.100000381469727,24.350000381469727,6894
2011-12-08,24.799999237060547,24.799999237060547,22.75,23.100000381469727,36724
2011-12-09,23.299999237060547,23.700000762939453,22.149999618530273,22.75,20067
2011-12-12,23.5,23.5,22.0,22.350000381469727,13047
2011-12-13,22.0,23.0,21.700000762939453,22.899999618530273,28470
2011-12-14,23.0,23.0,21.25,21.5,28202
2011-12-15,21.549999237060547,23.0,20.5,21.0,33567
2011-12-16,20.700000762939453,21.25,20.100000381469727,20.450000762939453,21840
2011-12-19,20.25,20.399999618530273,19.5,20.100000381469727,16385
2011-12-20,20.5,20.700000762939453,19.899999618530273,20.049999237060547,7615
2011-12-21,20.799999237060547,21.25,20.25,20.950000762939453,10720
2011-12-22,20.799999237060547,21.600000381469727,20.0,21.049999237060547,24326
2011-12-23,21.0,23.200000762939453,21.0,22.450000762939453,61292
2011-12-26,22.5,23.100000381469727,22.100000381469727,22.350000381469727,7216
2011-12-27,25.5,25.5,22.549999237060547,22.850000381469727,11125
2011-12-28,22.350000381469727,22.600000381469727,22.0,22.25,2741
2011-12-29,22.0,23.5,21.649999618530273,23.0,11911
2011-12-30,24.200000762939453,24.200000762939453,22.299999237060547,22.899999618530273,50438
2012-01-02,22.899999618530273,23.549999237060547,22.5,22.549999237060547,5466
2012-01-03,25.899999618530273,25.899999618530273,22.549999237060547,23.600000381469727,37965
2012-01-04,24.049999237060547,26.700000762939453,23.399999618530273,26.25,184834
2012-01-05,26.25,27.350000381469727,26.0,26.600000381469727,87453
2012-01-06,26.549999237060547,27.600000381469727,26.299999237060547,26.75,86206
2012-01-09,32.900001525878906,36.150001525878906,29.299999237060547,34.75,727468
2012-01-10,34.5,35.349998474121094,32.349998474121094,33.25,220440
2012-01-11,33.900001525878906,34.45000076293945,31.299999237060547,32.70000076293945,157386
2012-01-12,32.20000076293945,33.95000076293945,32.20000076293945,32.849998474121094,84923
2012-01-13,33.5,34.150001525878906,32.20000076293945,32.70000076293945,76667
2012-01-16,33.70000076293945,34.95000076293945,33.5,33.650001525878906,121780
2012-01-17,33.0,33.900001525878906,32.29999923706055,32.900001525878906,27759
2012-01-18,33.5,33.5,31.299999237060547,31.549999237060547,21408
2012-01-19,31.799999237060547,32.79999923706055,31.549999237060547,32.04999923706055,34313
2012-01-20,33.900001525878906,33.900001525878906,31.299999237060547,32.04999923706055,29735
2012-01-23,31.549999237060547,32.79999923706055,31.549999237060547,31.899999618530273,17554
2012-01-24,32.04999923706055,32.95000076293945,31.799999237060547,32.349998474121094,17762
2012-01-25,33.900001525878906,33.900001525878906,32.0,32.45000076293945,21738
2012-01-27,32.54999923706055,33.45000076293945,32.400001525878906,32.849998474121094,30980
2012-01-30,33.400001525878906,34.29999923706055,33.20000076293945,33.70000076293945,82990
2012-01-31,33.45000076293945,34.45000076293945,33.20000076293945,33.45000076293945,35489
2012-02-01,33.75,35.900001525878906,33.20000076293945,34.70000076293945,158781
2012-02-02,35.849998474121094,35.900001525878906,34.25,34.79999923706055,38925
2012-02-03,35.400001525878906,35.400001525878906,33.79999923706055,34.099998474121094,15592
2012-02-06,34.599998474121094,34.849998474121094,33.0,33.70000076293945,14978
2012-02-07,33.79999923706055,34.0,32.75,32.95000076293945,16843
2012-02-08,33.29999923706055,35.25,30.450000762939453,33.95000076293945,90192
2012-02-09,34.099998474121094,37.29999923706055,34.0,35.099998474121094,211114
2012-02-10,35.25,35.54999923706055,33.5,33.75,54700
2012-02-13,34.0,37.099998474121094,33.70000076293945,36.849998474121094,233451
2012-02-14,37.400001525878906,38.900001525878906,34.349998474121094,36.45000076293945,225622
2012-02-15,36.5,37.400001525878906,35.54999923706055,36.150001525878906,96165
2012-02-16,36.5,37.400001525878906,36.0,36.45000076293945,42902
2012-02-17,37.0,37.150001525878906,35.0,35.29999923706055,37642
2012-02-21,35.29999923706055,36.349998474121094,35.29999923706055,35.5,20711
2012-02-22,35.849998474121094,36.0,34.099998474121094,34.400001525878906,24489
2012-02-23,34.400001525878906,35.25,33.79999923706055,34.25,32669
2012-02-24,34.29999923706055,35.0,34.04999923706055,34.25,22633
2012-02-27,33.79999923706055,34.95000076293945,32.45000076293945,33.0,69330
2012-02-28,33.900001525878906,36.0,33.0,35.45000076293945,133705
2012-02-29,36.0,36.5,34.400001525878906,34.849998474121094,57761
2012-03-01,34.75,36.70000076293945,34.599998474121094,35.400001525878906,92376
2012-03-02,35.5,35.900001525878906,34.5,35.04999923706055,29060
2012-03-05,35.54999923706055,35.54999923706055,34.25,34.54999923706055,14624
2012-03-06,34.79999923706055,35.5,33.5,33.599998474121094,30319
2012-03-07,33.25,34.25,31.549999237060547,32.849998474121094,23659
2012-03-09,33.849998474121094,34.5,32.900001525878906,33.5,34133
2012-03-12,33.75,35.25,33.75,34.20000076293945,47322
2012-03-13,33.75,34.849998474121094,33.54999923706055,34.04999923706055,27096
2012-03-14,34.599998474121094,34.900001525878906,34.0,34.29999923706055,14002
2012-03-15,34.0,34.650001525878906,33.04999923706055,33.25,26499
2012-03-16,33.599998474121094,34.849998474121094,32.79999923706055,33.099998474121094,79578
2012-03-19,33.20000076293945,33.79999923706055,32.099998474121094,32.95000076293945,15761
2012-03-20,32.5,33.29999923706055,31.75,32.20000076293945,22052
2012-03-21,32.5,33.150001525878906,30.649999618530273,32.70000076293945,31310
2012-03-22,32.349998474121094,34.5,32.20000076293945,32.54999923706055,47530
2012-03-23,32.20000076293945,32.849998474121094,31.649999618530273,31.850000381469727,10225
2012-03-26,31.75,32.099998474121094,30.5,30.649999618530273,9917
2012-03-27,31.100000381469727,31.700000762939453,30.5,31.049999237060547,4438
2012-03-28,30.700000762939453,31.0,30.100000381469727,30.5,27249
2012-03-29,29.950000762939453,30.649999618530273,29.149999618530273,29.850000381469727,12879
2012-03-30,30.5,30.75,29.850000381469727,30.200000762939453,19273
2012-04-02,30.700000762939453,31.0,30.25,30.700000762939453,6906
2012-04-03,30.700000762939453,32.400001525878906,30.700000762939453,32.20000076293945,27362
2012-04-04,32.70000076293945,32.70000076293945,31.5,31.850000381469727,16809
2012-04-09,32.20000076293945,32.20000076293945,31.25,31.5,13128
2012-04-10,31.850000381469727,32.5,31.299999237060547,31.700000762939453,10687
2012-04-11,31.75,32.25,30.149999618530273,30.549999237060547,8365
2012-04-12,31.700000762939453,32.0,30.75,31.049999237060547,10090
2012-04-13,31.25,31.700000762939453,30.5,30.850000381469727,11654
2012-04-16,30.950000762939453,31.350000381469727,30.450000762939453,30.700000762939453,2103
2012-04-17,30.5,31.100000381469727,30.5,30.700000762939453,4104
2012-04-18,30.899999618530273,32.25,30.899999618530273,31.350000381469727,18914
2012-04-19,30.75,33.79999923706055,30.75,32.349998474121094,34775
2012-04-20,31.799999237060547,32.95000076293945,31.25,31.450000762939453,18396
2012-04-23,32.099998474121094,32.29999923706055,30.75,31.0,18658
2012-04-24,30.75,31.75,30.75,30.950000762939453,3665
2012-04-25,31.950000762939453,31.950000762939453,30.5,30.799999237060547,3695
2012-04-26,30.100000381469727,32.400001525878906,30.100000381469727,30.850000381469727,10736
2012-04-27,30.799999237060547,31.799999237060547,29.5,30.149999618530273,10497
2012-04-30,32.20000076293945,32.95000076293945,31.149999618530273,31.450000762939453,22585
2012-05-02,31.299999237060547,32.349998474121094,31.049999237060547,31.149999618530273,27475
2012-05-03,31.149999618530273,31.549999237060547,30.25,30.299999237060547,25139
2012-05-04,30.0,30.850000381469727,29.0,29.549999237060547,16862
2012-05-07,29.0,29.100000381469727,28.100000381469727,28.799999237060547,12447
2012-05-08,28.5,30.600000381469727,28.25,29.350000381469727,28042
2012-05-09,28.549999237060547,29.600000381469727,28.5,28.600000381469727,7002
2012-05-10,28.899999618530273,29.350000381469727,28.5,28.649999618530273,15730
2012-05-11,28.5,28.649999618530273,28.200000762939453,28.5,10279
2012-05-14,29.200000762939453,29.350000381469727,27.149999618530273,28.0,9978
2012-05-15,28.0,32.400001525878906,27.549999237060547,30.5,264869
2012-05-16,30.75,31.600000381469727,29.149999618530273,30.0,66961
2012-05-17,29.850000381469727,30.5,29.049999237060547,29.5,22305
2012-05-18,29.0,29.0,28.25,28.5,15634
2012-05-21,28.700000762939453,29.5,28.450000762939453,28.600000381469727,18555
2012-05-22,29.299999237060547,29.5,27.200000762939453,28.600000381469727,42910
2012-05-23,28.200000762939453,28.950000762939453,28.0,28.149999618530273,13786
2012-05-24,29.0,29.149999618530273,27.75,28.450000762939453,39806
2012-05-25,28.299999237060547,29.0,28.299999237060547,28.549999237060547,26371
2012-05-28,28.399999618530273,29.700000762939453,28.25,28.899999618530273,57984
2012-05-29,30.5,30.700000762939453,28.5,28.75,31013
2012-05-30,29.100000381469727,29.649999618530273,28.600000381469727,28.75,36132
2012-05-31,28.600000381469727,28.75,27.5,27.700000762939453,26919
2012-06-01,27.950000762939453,28.100000381469727,27.100000381469727,27.299999237060547,13342
2012-06-04,27.0,29.0,26.450000762939453,27.899999618530273,48197
2012-06-05,28.549999237060547,29.5,28.100000381469727,28.25,68564
2012-06-06,28.950000762939453,29.100000381469727,28.299999237060547,28.399999618530273,50233
2012-06-07,28.149999618530273,29.200000762939453,27.850000381469727,28.450000762939453,79950
2012-06-08,27.899999618530273,28.700000762939453,27.899999618530273,28.049999237060547,21241
2012-06-11,28.600000381469727,28.850000381469727,27.75,27.899999618530273,69794
2012-06-12,27.75,28.200000762939453,27.5,27.700000762939453,29855
2012-06-13,27.5,28.25,27.5,27.700000762939453,28925
2012-06-14,28.049999237060547,29.200000762939453,27.649999618530273,27.850000381469727,130891
2012-06-15,28.100000381469727,28.5,27.549999237060547,27.799999237060547,23009
2012-06-18,28.549999237060547,28.75,27.600000381469727,27.75,23574
2012-06-19,27.450000762939453,28.200000762939453,27.049999237060547,27.5,16455
2012-06-20,27.5,27.899999618530273,27.450000762939453,27.5,21863
2012-06-21,27.299999237060547,27.799999237060547,27.299999237060547,27.399999618530273,23881
2012-06-22,27.0,28.200000762939453,27.0,28.0,49605
2012-06-25,28.549999237060547,28.549999237060547,27.350000381469727,27.600000381469727,8566
2012-06-26,27.700000762939453,28.149999618530273,27.200000762939453,27.799999237060547,25729
2012-06-27,28.75,28.899999618530273,27.799999237060547,27.950000762939453,64879
2012-06-28,28.399999618530273,28.75,27.75,27.850000381469727,38420
2012-06-29,28.299999237060547,28.600000381469727,27.700000762939453,27.899999618530273,43046
2012-07-02,28.200000762939453,28.75,28.100000381469727,28.299999237060547,36401
2012-07-03,28.649999618530273,29.0,28.0,28.200000762939453,35949
2012-07-04,28.649999618530273,29.0,28.25,28.700000762939453,65070
2012-07-05,28.799999237060547,29.950000762939453,28.75,29.5,114045
2012-07-06,29.899999618530273,31.450000762939453,29.75,30.850000381469727,159817
2012-07-09,31.049999237060547,31.049999237060547,29.149999618530273,29.399999618530273,49073
2012-07-10,29.75,33.400001525878906,29.350000381469727,32.849998474121094,329045
2012-07-11,32.70000076293945,33.900001525878906,30.299999237060547,31.350000381469727,245026
2012-07-12,31.0,31.200000762939453,30.100000381469727,30.549999237060547,32046
2012-07-13,30.549999237060547,31.399999618530273,30.100000381469727,30.200000762939453,83515
2012-07-16,30.600000381469727,30.799999237060547,29.649999618530273,29.850000381469727,34749
2012-07-17,30.350000381469727,31.799999237060547,29.899999618530273,30.549999237060547,115737
2012-07-18,30.0,30.649999618530273,29.799999237060547,30.100000381469727,32864
2012-07-19,30.649999618530273,30.649999618530273,29.600000381469727,29.850000381469727,31541
2012-07-20,30.200000762939453,30.649999618530273,28.799999237060547,29.0,51797
2012-07-23,29.0,29.600000381469727,28.5,28.700000762939453,22994
2012-07-24,28.75,29.149999618530273,27.850000381469727,28.649999618530273,59060
2012-07-25,28.399999618530273,28.399999618530273,27.450000762939453,27.600000381469727,55068
2012-07-26,27.450000762939453,27.75,26.799999237060547,26.899999618530273,21658
2012-07-27,27.600000381469727,27.649999618530273,25.75,25.950000762939453,35145
2012-07-30,26.049999237060547,27.5,25.5,26.950000762939453,43268
2012-07-31,27.149999618530273,27.149999618530273,26.299999237060547,26.799999237060547,4952
2012-08-01,26.950000762939453,27.5,26.799999237060547,26.950000762939453,19892
2012-08-02,27.25,27.799999237060547,26.799999237060547,27.149999618530273,33908
2012-08-03,26.649999618530273,27.5,26.350000381469727,26.75,22334
2012-08-06,26.549999237060547,27.299999237060547,26.549999237060547,26.799999237060547,33602
2012-08-07,26.850000381469727,27.700000762939453,26.600000381469727,27.100000381469727,26531
2012-08-08,27.5,29.5,27.200000762939453,27.850000381469727,231384
2012-08-09,28.0,28.450000762939453,26.899999618530273,27.149999618530273,45968
2012-08-10,26.950000762939453,27.799999237060547,26.549999237060547,27.149999618530273,27638
2012-08-13,26.950000762939453,27.299999237060547,26.600000381469727,27.149999618530273,20485
2012-08-14,27.0,27.450000762939453,26.799999237060547,27.0,14258
2012-08-16,26.950000762939453,27.25,26.700000762939453,26.799999237060547,8090
2012-08-17,26.700000762939453,27.200000762939453,26.600000381469727,26.75,21723
2012-08-21,27.200000762939453,27.200000762939453,26.299999237060547,26.5,9553
2012-08-22,26.100000381469727,27.5,26.100000381469727,26.899999618530273,31339
2012-08-23,27.0,27.350000381469727,26.5,26.649999618530273,29433
2012-08-24,26.850000381469727,26.850000381469727,26.350000381469727,26.649999618530273,8168
2012-08-27,26.950000762939453,27.600000381469727,26.149999618530273,26.399999618530273,54940
2012-08-28,26.399999618530273,26.450000762939453,25.700000762939453,25.799999237060547,8724
2012-08-29,25.799999237060547,26.700000762939453,25.5,25.899999618530273,27861
2012-08-30,25.600000381469727,26.200000762939453,25.600000381469727,25.899999618530273,11400
2012-08-31,26.700000762939453,26.700000762939453,25.700000762939453,26.0,38655
2012-09-03,26.0,26.75,25.5,26.399999618530273,52182
2012-09-04,26.700000762939453,27.350000381469727,25.649999618530273,26.25,45282
2012-09-05,26.049999237060547,26.450000762939453,25.5,25.600000381469727,14155
2012-09-06,25.549999237060547,26.200000762939453,25.399999618530273,25.5,42293
2012-09-07,25.700000762939453,26.549999237060547,25.399999618530273,26.450000762939453,56014
2012-09-10,26.75,26.75,25.649999618530273,26.0,22148
2012-09-11,26.0,29.299999237060547,26.0,28.799999237060547,258488
2012-09-12,29.799999237060547,31.25,29.549999237060547,29.799999237060547,657665
2012-09-13,29.950000762939453,29.950000762939453,27.600000381469727,27.850000381469727,59745
2012-09-14,29.450000762939453,29.450000762939453,27.149999618530273,27.299999237060547,48267
2012-09-17,27.5,27.799999237060547,27.0,27.5,62805
2012-09-18,27.700000762939453,29.399999618530273,27.700000762939453,28.799999237060547,128621
2012-09-20,28.5,29.899999618530273,27.75,28.649999618530273,109217
2012-09-21,29.299999237060547,30.0,28.600000381469727,29.299999237060547,134357
2012-09-24,30.0,30.700000762939453,29.149999618530273,29.649999618530273,130758
2012-09-25,29.299999237060547,30.25,28.799999237060547,29.75,90138
2012-09-26,29.950000762939453,30.100000381469727,29.100000381469727,29.299999237060547,61372
2012-09-27,30.0,31.350000381469727,29.799999237060547,30.5,305003
2012-09-28,31.0,31.5,30.049999237060547,30.200000762939453,100422
2012-10-01,30.200000762939453,30.899999618530273,29.5,30.149999618530273,71229
2012-10-03,30.350000381469727,31.899999618530273,30.25,30.700000762939453,173016
2012-10-04,31.0,31.049999237060547,30.25,30.299999237060547,68858
2012-10-05,30.399999618530273,30.399999618530273,28.799999237060547,29.299999237060547,50767
2012-10-08,29.299999237060547,30.149999618530273,29.299999237060547,29.350000381469727,20611
2012-10-09,29.799999237060547,29.850000381469727,28.200000762939453,29.0,46066
2012-10-10,28.799999237060547,28.799999237060547,27.899999618530273,28.450000762939453,80442
2012-10-11,29.149999618530273,30.799999237060547,29.0,29.899999618530273,324734
2012-10-12,30.100000381469727,30.200000762939453,28.75,28.899999618530273,40847
2012-10-15,28.75,29.25,28.75,28.950000762939453,23313
2012-10-16,29.100000381469727,29.399999618530273,28.600000381469727,28.75,27454
2012-10-17,29.049999237060547,29.049999237060547,28.350000381469727,28.450000762939453,12601
2012-10-18,28.950000762939453,29.350000381469727,28.600000381469727,28.75,22589
2012-10-19,29.049999237060547,29.049999237060547,28.350000381469727,28.450000762939453,10611
2012-10-22,28.450000762939453,28.600000381469727,28.049999237060547,28.200000762939453,10642
2012-10-23,28.700000762939453,28.850000381469727,28.149999618530273,28.200000762939453,33879
2012-10-25,28.149999618530273,28.75,28.100000381469727,28.450000762939453,12683
2012-10-29,28.149999618530273,28.799999237060547,27.799999237060547,27.899999618530273,24442
2012-10-30,28.0,28.0,27.450000762939453,27.549999237060547,9900
2012-10-31,27.5,27.799999237060547,27.049999237060547,27.649999618530273,3585
2012-11-01,28.600000381469727,28.600000381469727,27.25,27.850000381469727,5250
2012-11-02,28.0,28.549999237060547,28.0,28.350000381469727,22796
2012-11-05,28.350000381469727,28.649999618530273,27.950000762939453,28.049999237060547,12002
2012-11-06,28.25,28.350000381469727,27.899999618530273,28.049999237060547,5068
2012-11-07,28.0,28.149999618530273,27.850000381469727,27.899999618530273,8966
2012-11-08,27.100000381469727,27.850000381469727,26.649999618530273,27.700000762939453,16710
2012-11-09,27.950000762939453,28.149999618530273,27.350000381469727,27.399999618530273,10355
2012-11-12,27.450000762939453,27.600000381469727,27.149999618530273,27.299999237060547,16792
2012-11-15,27.149999618530273,27.350000381469727,27.100000381469727,27.299999237060547,7994
2012-11-16,27.549999237060547,27.700000762939453,27.25,27.549999237060547,7716
2012-11-19,27.149999618530273,27.200000762939453,26.649999618530273,27.0,7338
2012-11-20,26.899999618530273,27.350000381469727,26.549999237060547,26.649999618530273,14453
2012-11-21,26.600000381469727,27.200000762939453,26.350000381469727,27.0,5842
2012-11-22,27.100000381469727,27.950000762939453,27.100000381469727,27.25,32932
2012-11-23,27.600000381469727,27.600000381469727,26.649999618530273,26.799999237060547,11167
2012-11-26,26.5,27.700000762939453,26.5,26.950000762939453,29758
2012-11-27,27.25,27.399999618530273,26.75,26.799999237060547,20079
2012-11-29,27.700000762939453,27.700000762939453,26.600000381469727,27.049999237060547,14451
2012-11-30,27.75,27.75,26.549999237060547,27.350000381469727,16915
2012-12-03,26.600000381469727,27.5,26.600000381469727,27.049999237060547,5326
2012-12-04,27.200000762939453,28.5,27.049999237060547,27.75,40169
2012-12-05,27.950000762939453,28.350000381469727,27.649999618530273,27.75,45252
2012-12-06,28.25,29.25,28.100000381469727,29.100000381469727,129760
2012-12-07,28.75,29.5,28.399999618530273,28.600000381469727,48978
2012-12-10,28.5,28.700000762939453,28.0,28.100000381469727,17805
2012-12-11,28.100000381469727,28.299999237060547,27.299999237060547,27.549999237060547,32280
2012-12-12,27.899999618530273,28.25,27.5,27.799999237060547,9696
2012-12-13,27.700000762939453,28.350000381469727,27.5,27.700000762939453,47213
2012-12-14,29.0,33.20000076293945,29.0,32.150001525878906,948791
2012-12-17,32.0,32.5,30.5,30.649999618530273,109935
2012-12-18,31.0,31.0,29.899999618530273,29.950000762939453,55300
2012-12-19,30.600000381469727,30.649999618530273,29.850000381469727,29.850000381469727,49524
2012-12-20,29.700000762939453,30.5,29.600000381469727,29.75,50763
2012-12-21,29.399999618530273,29.5,28.799999237060547,29.100000381469727,33687
2012-12-24,28.700000762939453,29.5,28.5,28.649999618530273,15810
2012-12-26,28.549999237060547,29.75,28.549999237060547,28.899999618530273,31338
2012-12-27,29.0,29.100000381469727,28.700000762939453,28.75,15321
2012-12-28,28.899999618530273,29.100000381469727,28.5,28.649999618530273,26694
2012-12-31,28.399999618530273,29.0,28.399999618530273,28.600000381469727,12151
2013-01-01,29.25,31.399999618530273,28.25,30.149999618530273,92859
2013-01-02,30.899999618530273,30.899999618530273,29.299999237060547,29.649999618530273,10792
2013-01-03,29.700000762939453,30.200000762939453,29.5,29.799999237060547,13165
2013-01-04,29.600000381469727,30.25,29.549999237060547,29.850000381469727,40121
2013-01-07,30.0,30.600000381469727,29.5,29.950000762939453,18921
2013-01-08,30.0,30.25,29.600000381469727,29.850000381469727,10089
2013-01-09,30.5,30.700000762939453,29.75,29.950000762939453,25040
2013-01-10,30.5,31.5,30.049999237060547,30.299999237060547,91650
2013-01-11,31.399999618530273,31.399999618530273,29.25,29.399999618530273,16491
2013-01-14,30.549999237060547,30.549999237060547,29.549999237060547,29.649999618530273,1931
2013-01-15,29.75,30.0,29.350000381469727,29.399999618530273,6171
2013-01-16,29.899999618530273,29.899999618530273,29.200000762939453,29.25,10570
2013-01-17,29.5,29.5,29.0,29.049999237060547,10130
2013-01-18,29.0,31.5,28.299999237060547,31.0,93879
2013-01-21,31.799999237060547,34.0,31.649999618530273,31.950000762939453,576279
2013-01-22,31.549999237060547,32.349998474121094,30.299999237060547,30.399999618530273,40616
2013-01-23,30.899999618530273,31.200000762939453,29.5,29.549999237060547,25853
2013-01-24,29.299999237060547,30.0,28.649999618530273,28.850000381469727,25595
2013-01-25,28.850000381469727,29.799999237060547,28.5,29.450000762939453,20767
2013-01-28,29.0,30.0,28.200000762939453,29.850000381469727,22361
2013-01-29,29.600000381469727,29.600000381469727,29.0,29.049999237060547,14123
2013-01-30,29.0,29.5,28.649999618530273,29.049999237060547,15324
2013-01-31,28.700000762939453,29.25,28.299999237060547,28.549999237060547,18267
2013-02-01,28.350000381469727,29.0,28.299999237060547,28.5,18090
2013-02-04,28.649999618530273,28.899999618530273,28.25,28.399999618530273,12422
2013-02-05,28.299999237060547,28.649999618530273,28.299999237060547,28.399999618530273,8643
2013-02-06,29.25,29.25,28.25,28.399999618530273,11117
2013-02-07,28.350000381469727,28.450000762939453,27.899999618530273,27.950000762939453,17276
2013-02-08,28.25,28.25,27.399999618530273,27.649999618530273,10570
2013-02-11,27.850000381469727,29.5,27.5,28.700000762939453,61102
2013-02-12,28.649999618530273,28.799999237060547,27.549999237060547,27.850000381469727,28046
2013-02-13,28.0,28.399999618530273,27.899999618530273,28.0,12160
2013-02-14,27.899999618530273,28.0,27.299999237060547,27.350000381469727,8067
2013-02-15,27.399999618530273,27.399999618530273,26.5,27.149999618530273,36361
2013-02-18,27.049999237060547,28.5,27.049999237060547,27.549999237060547,16010
2013-02-19,27.600000381469727,28.0,27.350000381469727,27.600000381469727,9824
2013-02-20,27.549999237060547,28.100000381469727,27.549999237060547,27.799999237060547,22202
2013-02-21,28.5,28.5,27.299999237060547,27.549999237060547,10963
2013-02-22,27.5,27.5,27.149999618530273,27.25,17449
2013-02-25,27.799999237060547,27.899999618530273,26.850000381469727,27.049999237060547,23505
2013-02-26,27.350000381469727,27.399999618530273,26.5,26.799999237060547,9684
2013-02-27,27.5,28.399999618530273,27.0,28.049999237060547,28456
2013-02-28,28.399999618530273,29.700000762939453,26.649999618530273,27.0,53717
2013-03-01,27.200000762939453,27.649999618530273,26.700000762939453,26.950000762939453,10097
2013-03-04,26.799999237060547,26.799999237060547,25.5,25.799999237060547,10139
2013-03-05,25.100000381469727,25.850000381469727,25.100000381469727,25.549999237060547,11102
2013-03-06,26.350000381469727,26.399999618530273,25.5,25.700000762939453,24281
2013-03-07,26.25,26.25,25.200000762939453,25.649999618530273,5151
2013-03-08,25.850000381469727,26.350000381469727,25.600000381469727,25.950000762939453,13953
2013-03-11,26.299999237060547,26.299999237060547,25.700000762939453,25.799999237060547,4453
2013-03-12,25.600000381469727,26.450000762939453,25.049999237060547,25.25,18766
2013-03-13,25.5,25.5,25.149999618530273,25.25,5772
2013-03-14,25.399999618530273,26.0,24.899999618530273,25.299999237060547,12058
2013-03-15,25.899999618530273,25.899999618530273,24.899999618530273,25.100000381469727,8844
2013-03-18,24.799999237060547,24.950000762939453,24.200000762939453,24.350000381469727,9891
2013-03-19,24.600000381469727,24.799999237060547,23.299999237060547,23.399999618530273,11453
2013-03-20,23.100000381469727,24.100000381469727,23.049999237060547,23.25,13715
2013-03-21,23.200000762939453,23.600000381469727,22.100000381469727,23.0,18661
2013-03-22,22.549999237060547,23.399999618530273,21.600000381469727,22.0,12467
2013-03-25,22.450000762939453,23.0,20.149999618530273,21.0,14472
2013-03-26,20.549999237060547,21.5,20.049999237060547,21.299999237060547,7493
2013-03-28,21.0,22.299999237060547,20.649999618530273,22.100000381469727,8617
2013-04-01,21.450000762939453,23.100000381469727,20.149999618530273,22.299999237060547,16626
2013-04-02,22.75,23.5,22.149999618530273,23.299999237060547,10766
2013-04-03,23.950000762939453,24.0,23.25,23.299999237060547,11561
2013-04-04,22.350000381469727,23.399999618530273,22.350000381469727,22.649999618530273,2744
2013-04-05,22.25,24.450000762939453,22.200000762939453,22.899999618530273,8838
2013-04-08,23.899999618530273,23.899999618530273,22.350000381469727,22.75,1851
2013-04-09,22.549999237060547,22.799999237060547,22.200000762939453,22.25,2060
2013-04-10,22.600000381469727,23.049999237060547,22.350000381469727,22.950000762939453,2480
2013-04-11,23.399999618530273,23.399999618530273,22.399999618530273,22.649999618530273,3904
2013-04-12,21.700000762939453,22.799999237060547,21.700000762939453,22.600000381469727,3375
2013-04-15,22.450000762939453,23.649999618530273,22.149999618530273,22.200000762939453,6002
2013-04-16,22.350000381469727,22.850000381469727,22.25,22.350000381469727,3964
2013-04-17,22.200000762939453,23.200000762939453,22.200000762939453,22.75,10235
2013-04-18,22.75,23.25,22.600000381469727,22.75,6218
2013-04-22,22.700000762939453,22.899999618530273,22.299999237060547,22.600000381469727,6806
2013-04-23,22.5,24.25,22.5,23.799999237060547,33817
2013-04-25,24.0,24.399999618530273,23.299999237060547,23.5,8836
2013-04-26,23.350000381469727,23.799999237060547,22.600000381469727,22.950000762939453,9297
2013-04-29,22.700000762939453,23.299999237060547,22.700000762939453,23.0,1784
2013-04-30,23.600000381469727,23.600000381469727,22.5,22.649999618530273,11068
2013-05-02,23.0,23.0,22.049999237060547,22.350000381469727,18748
2013-05-03,22.299999237060547,22.75,22.200000762939453,22.600000381469727,3831
2013-05-06,22.850000381469727,22.850000381469727,22.25,22.399999618530273,5644
2013-05-07,22.399999618530273,23.350000381469727,22.350000381469727,22.950000762939453,16247
2013-05-08,22.899999618530273,23.600000381469727,22.899999618530273,23.0,18099
2013-05-09,23.100000381469727,23.5,22.799999237060547,22.950000762939453,22419
2013-05-10,23.25,24.200000762939453,23.049999237060547,23.700000762939453,38418
2013-05-13,25.299999237060547,25.299999237060547,23.350000381469727,23.5,26794
2013-05-14,23.700000762939453,24.0,23.399999618530273,23.600000381469727,8212
2013-05-15,23.5,24.450000762939453,23.100000381469727,23.549999237060547,18442
2013-05-16,23.350000381469727,23.850000381469727,23.25,23.5,13262
2013-05-17,24.0,24.0,23.149999618530273,23.299999237060547,6279
2013-05-20,23.399999618530273,24.100000381469727,23.100000381469727,23.200000762939453,28336
2013-05-21,23.600000381469727,23.600000381469727,23.049999237060547,23.049999237060547,3795
2013-05-22,23.450000762939453,23.75,22.799999237060547,22.850000381469727,11077
2013-05-23,23.299999237060547,23.299999237060547,21.649999618530273,22.450000762939453,6727
2013-05-24,23.299999237060547,23.299999237060547,22.149999618530273,22.700000762939453,15184
2013-05-27,23.899999618530273,23.899999618530273,22.299999237060547,22.350000381469727,4688
2013-05-28,23.299999237060547,23.600000381469727,22.5,22.549999237060547,19176
2013-05-29,22.600000381469727,22.850000381469727,22.5,22.700000762939453,4024
2013-05-30,23.299999237060547,23.299999237060547,22.350000381469727,22.600000381469727,4001
2013-05-31,22.649999618530273,22.950000762939453,22.25,22.299999237060547,6241
2013-06-03,22.899999618530273,23.25,22.600000381469727,23.200000762939453,10741
2013-06-04,23.100000381469727,23.899999618530273,23.0,23.25,15253
2013-06-05,23.649999618530273,24.200000762939453,23.5,23.850000381469727,57172
2013-06-06,23.649999618530273,23.649999618530273,22.850000381469727,23.049999237060547,13843
2013-06-07,22.850000381469727,23.399999618530273,22.649999618530273,22.75,8152
2013-06-10,23.799999237060547,23.850000381469727,22.850000381469727,23.25,89658
2013-06-11,23.0,23.0,22.5,22.600000381469727,10590
2013-06-12,22.549999237060547,22.950000762939453,22.399999618530273,22.700000762939453,4863
2013-06-13,22.700000762939453,22.899999618530273,22.100000381469727,22.149999618530273,12731
2013-06-14,22.5,22.5,22.100000381469727,22.149999618530273,11355
2013-06-17,22.200000762939453,22.450000762939453,21.649999618530273,21.899999618530273,5415
2013-06-18,21.700000762939453,22.450000762939453,21.149999618530273,21.350000381469727,8270
2013-06-19,22.0,22.0,21.350000381469727,21.600000381469727,6271
2013-06-20,21.200000762939453,21.450000762939453,20.049999237060547,20.850000381469727,9705
2013-06-21,20.5,21.25,20.149999618530273,20.350000381469727,11073
2013-06-24,21.399999618530273,21.399999618530273,19.850000381469727,20.25,5357
2013-06-25,20.299999237060547,20.450000762939453,19.200000762939453,19.5,10403
2013-06-26,19.399999618530273,19.950000762939453,19.299999237060547,19.350000381469727,6986
2013-06-27,19.5,19.75,19.200000762939453,19.299999237060547,7698
2013-06-28,19.5,20.25,19.25,19.950000762939453,21143
2013-07-01,20.0,23.799999237060547,19.799999237060547,22.649999618530273,117573
2013-07-02,22.299999237060547,22.299999237060547,21.5,21.75,17230
2013-07-03,21.850000381469727,21.850000381469727,20.25,20.850000381469727,4542
2013-07-04,21.600000381469727,22.700000762939453,21.200000762939453,21.350000381469727,20555
2013-07-05,21.149999618530273,21.450000762939453,20.549999237060547,21.100000381469727,4942
2013-07-08,21.0,21.75,20.299999237060547,20.950000762939453,17857
2013-07-09,22.950000762939453,22.950000762939453,20.75,20.950000762939453,2163
2013-07-10,21.25,21.850000381469727,20.700000762939453,20.75,12489
2013-07-11,21.450000762939453,21.450000762939453,20.75,20.799999237060547,8504
2013-07-12,21.399999618530273,21.450000762939453,20.549999237060547,20.600000381469727,7287
2013-07-15,20.100000381469727,20.75,19.899999618530273,20.049999237060547,40811
2013-07-16,20.049999237060547,20.5,19.649999618530273,19.899999618530273,10494
2013-07-17,20.0,20.100000381469727,19.0,19.149999618530273,27010
2013-07-18,19.75,19.899999618530273,19.0,19.549999237060547,18522
2013-07-19,19.350000381469727,19.899999618530273,19.299999237060547,19.5,8932
2013-07-22,19.600000381469727,19.600000381469727,19.0,19.149999618530273,15765
2013-07-23,19.350000381469727,19.350000381469727,18.75,19.049999237060547,5991
2013-07-24,19.0,19.350000381469727,18.899999618530273,19.049999237060547,16293
2013-07-25,19.0,19.100000381469727,18.649999618530273,19.100000381469727,10604
2013-07-26,19.0,19.299999237060547,18.799999237060547,18.850000381469727,3123
2013-07-29,19.0,19.0,18.799999237060547,18.799999237060547,6161
2013-07-30,19.200000762939453,19.200000762939453,17.549999237060547,17.75,8758
2013-07-31,17.549999237060547,18.649999618530273,17.200000762939453,18.25,35116
2013-08-01,18.200000762939453,20.299999237060547,18.200000762939453,20.0,51523
2013-08-02,19.799999237060547,19.799999237060547,18.100000381469727,18.350000381469727,13281
2013-08-05,18.100000381469727,18.600000381469727,17.850000381469727,17.899999618530273,7590
2013-08-06,17.75,18.399999618530273,17.700000762939453,18.100000381469727,6040
2013-08-07,18.100000381469727,18.5,17.799999237060547,17.950000762939453,7114
2013-08-08,17.850000381469727,20.25,17.649999618530273,18.149999618530273,51040
2013-08-12,18.450000762939453,18.75,18.100000381469727,18.350000381469727,5575
2013-08-13,18.350000381469727,18.950000762939453,18.350000381469727,18.5,13087
2013-08-14,18.450000762939453,19.600000381469727,18.200000762939453,19.049999237060547,42585
2013-08-16,18.899999618530273,18.899999618530273,18.0,18.200000762939453,7261
2013-08-19,18.0,18.0,17.649999618530273,17.950000762939453,6136
2013-08-20,17.75,19.0,17.049999237060547,18.649999618530273,27816
2013-08-21,18.600000381469727,19.799999237060547,18.200000762939453,18.299999237060547,10692
2013-08-22,18.0,18.5,17.649999618530273,17.899999618530273,15737
2013-08-23,18.0,18.299999237060547,17.950000762939453,18.149999618530273,7720
2013-08-26,18.850000381469727,21.75,18.200000762939453,21.350000381469727,123382
2013-08-27,21.799999237060547,22.799999237060547,21.200000762939453,21.950000762939453,90510
2013-08-28,21.950000762939453,21.950000762939453,19.549999237060547,20.700000762939453,21075
2013-08-29,20.799999237060547,21.450000762939453,20.700000762939453,21.149999618530273,16567
2013-08-30,21.5,21.899999618530273,21.149999618530273,21.649999618530273,16641
2013-09-02,21.399999618530273,21.5,20.600000381469727,20.75,7914
2013-09-03,20.600000381469727,20.600000381469727,19.5,19.549999237060547,11602
2013-09-04,19.200000762939453,22.399999618530273,19.0,21.25,25193
2013-09-05,23.0,23.5,21.75,22.149999618530273,196105
2013-09-06,22.049999237060547,23.0,19.0,21.450000762939453,150289
2013-09-10,22.25,22.399999618530273,20.399999618530273,20.850000381469727,27195
2013-09-11,23.0,23.0,20.899999618530273,21.0,11701
2013-09-12,21.0,21.700000762939453,20.950000762939453,21.0,13275
2013-09-13,21.350000381469727,21.700000762939453,20.700000762939453,21.299999237060547,20123
2013-09-16,21.200000762939453,21.75,20.850000381469727,21.350000381469727,3027
2013-09-17,21.0,21.100000381469727,20.600000381469727,20.799999237060547,3960
2013-09-18,20.700000762939453,20.700000762939453,20.200000762939453,20.399999618530273,8828
2013-09-19,20.649999618530273,20.950000762939453,20.200000762939453,20.75,13230
2013-09-20,21.0,21.299999237060547,20.200000762939453,20.25,24467
2013-09-23,20.649999618530273,20.649999618530273,20.200000762939453,20.299999237060547,3651
2013-09-24,21.0,21.0,19.950000762939453,20.0,5118
2013-09-25,20.049999237060547,20.350000381469727,20.0,20.149999618530273,3117
2013-09-26,20.899999618530273,21.450000762939453,20.0,20.649999618530273,18841
2013-09-27,20.5,20.850000381469727,20.299999237060547,20.399999618530273,6488
2013-09-30,20.399999618530273,20.799999237060547,20.0,20.100000381469727,7830
2013-10-01,20.049999237060547,20.450000762939453,19.899999618530273,20.0,5577
2013-10-03,19.850000381469727,20.549999237060547,19.850000381469727,20.450000762939453,17906
2013-10-04,20.350000381469727,21.049999237060547,20.350000381469727,20.450000762939453,11494
2013-10-07,20.799999237060547,20.799999237060547,20.299999237060547,20.549999237060547,3858
2013-10-08,20.549999237060547,20.700000762939453,20.049999237060547,20.100000381469727,7893
2013-10-09,20.100000381469727,20.25,19.799999237060547,19.850000381469727,13496
2013-10-10,19.899999618530273,20.200000762939453,19.799999237060547,19.899999618530273,16857
2013-10-11,20.0,20.350000381469727,20.0,20.0,10487
2013-10-14,19.850000381469727,20.299999237060547,19.799999237060547,20.0,10450
2013-10-15,20.25,20.899999618530273,19.799999237060547,20.149999618530273,25593
2013-10-17,20.049999237060547,20.299999237060547,20.0,20.100000381469727,6597
2013-10-18,20.0,20.200000762939453,19.649999618530273,20.0,12938
2013-10-21,20.049999237060547,20.100000381469727,19.799999237060547,19.899999618530273,11477
2013-10-22,20.200000762939453,20.200000762939453,19.799999237060547,19.950000762939453,11092
2013-10-23,20.0,21.25,20.0,21.100000381469727,33623
2013-10-24,20.799999237060547,21.200000762939453,20.100000381469727,20.200000762939453,13984
2013-10-25,20.100000381469727,20.549999237060547,19.899999618530273,20.049999237060547,9435
2013-10-28,20.049999237060547,20.399999618530273,19.899999618530273,20.0,7433
2013-10-29,19.899999618530273,20.100000381469727,19.700000762939453,19.899999618530273,10214
2013-10-30,20.0,20.25,19.700000762939453,19.850000381469727,20976
2013-10-31,19.850000381469727,20.0,19.700000762939453,19.700000762939453,16215
2013-11-01,19.700000762939453,20.25,19.649999618530273,19.899999618530273,17280
2013-11-05,20.0,21.149999618530273,19.899999618530273,20.399999618530273,45761
2013-11-06,20.5,21.100000381469727,20.5,20.649999618530273,31325
2013-11-07,21.0,21.0,20.299999237060547,20.399999618530273,8151
2013-11-08,20.899999618530273,21.600000381469727,20.399999618530273,20.600000381469727,28112
2013-11-11,20.299999237060547,21.0,20.25,20.5,5115
2013-11-12,20.299999237060547,20.899999618530273,20.0,20.049999237060547,6692
2013-11-13,19.799999237060547,20.75,19.600000381469727,19.75,10978
2013-11-14,19.75,20.25,19.649999618530273,19.899999618530273,7316
2013-11-18,19.799999237060547,20.200000762939453,19.700000762939453,19.950000762939453,6544
2013-11-19,20.0,21.75,19.799999237060547,20.5,59611
2013-11-20,20.799999237060547,21.399999618530273,20.549999237060547,20.850000381469727,47673
2013-11-21,21.350000381469727,21.850000381469727,20.549999237060547,20.649999618530273,43704
2013-11-22,21.350000381469727,21.350000381469727,20.149999618530273,20.299999237060547,14350
2013-11-25,20.700000762939453,20.700000762939453,20.100000381469727,20.299999237060547,3187
2013-11-26,20.25,20.649999618530273,19.649999618530273,20.100000381469727,12775
2013-11-27,20.700000762939453,21.5,20.299999237060547,20.950000762939453,118063
2013-11-28,20.950000762939453,21.799999237060547,20.25,20.450000762939453,16900
2013-11-29,21.75,21.899999618530273,20.850000381469727,21.25,79159
2013-12-02,21.200000762939453,21.700000762939453,21.149999618530273,21.450000762939453,13592
2013-12-03,21.399999618530273,21.399999618530273,20.799999237060547,20.899999618530273,10386
2013-12-04,21.200000762939453,21.5,20.75,20.850000381469727,8646
2013-12-05,21.049999237060547,21.649999618530273,21.0,21.049999237060547,18419
2013-12-06,21.5,21.549999237060547,21.149999618530273,21.350000381469727,8121
2013-12-09,21.649999618530273,21.700000762939453,21.0,21.100000381469727,11809
2013-12-10,21.0,21.899999618530273,21.0,21.149999618530273,33674
2013-12-11,21.850000381469727,22.75,21.600000381469727,22.299999237060547,236239
2013-12-12,22.899999618530273,23.0,21.0,21.5,54355
2013-12-13,22.0,22.399999618530273,21.149999618530273,21.25,19648
2013-12-16,21.25,21.399999618530273,20.5,20.600000381469727,13846
2013-12-17,20.5,20.950000762939453,20.450000762939453,20.649999618530273,14726
2013-12-18,20.399999618530273,21.649999618530273,20.399999618530273,20.850000381469727,17310
2013-12-19,21.100000381469727,21.100000381469727,20.200000762939453,20.350000381469727,14633
2013-12-20,20.350000381469727,20.799999237060547,20.299999237060547,20.649999618530273,11127
2013-12-23,20.450000762939453,21.200000762939453,20.299999237060547,20.600000381469727,21733
2013-12-24,21.0,21.899999618530273,21.0,21.100000381469727,18388
2013-12-26,21.25,21.950000762939453,21.200000762939453,21.649999618530273,21728
2013-12-27,21.799999237060547,22.100000381469727,21.350000381469727,21.75,37165
2013-12-30,22.0,22.450000762939453,21.600000381469727,21.899999618530273,8802
2013-12-31,21.700000762939453,21.950000762939453,21.549999237060547,21.649999618530273,3784
2014-01-01,21.299999237060547,22.600000381469727,21.299999237060547,22.149999618530273,28523
2014-01-02,22.0,22.450000762939453,21.600000381469727,21.700000762939453,15665
2014-01-03,25.0,25.0,21.399999618530273,21.799999237060547,13529
2014-01-06,21.649999618530273,21.850000381469727,20.850000381469727,21.049999237060547,31674
2014-01-07,21.200000762939453,22.649999618530273,21.0,21.75,58502
2014-01-08,21.600000381469727,21.799999237060547,21.0,21.649999618530273,14625
2014-01-09,21.700000762939453,23.100000381469727,21.25,22.649999618530273,117399
2014-01-10,22.899999618530273,23.799999237060547,22.200000762939453,22.549999237060547,104410
2014-01-13,22.600000381469727,23.0,21.75,22.0,21388
2014-01-14,22.399999618530273,22.399999618530273,21.399999618530273,21.549999237060547,14110
2014-01-15,21.299999237060547,21.850000381469727,21.100000381469727,21.200000762939453,23283
2014-01-16,21.5,21.5,21.149999618530273,21.149999618530273,18956
2014-01-17,21.049999237060547,21.399999618530273,20.25,20.549999237060547,32127
2014-01-20,20.600000381469727,21.0,20.600000381469727,20.799999237060547,14497
2014-01-21,20.899999618530273,21.100000381469727,20.649999618530273,20.799999237060547,5623
2014-01-22,20.149999618530273,23.549999237060547,20.149999618530273,22.850000381469727,206359
2014-01-23,22.899999618530273,22.899999618530273,21.049999237060547,21.299999237060547,49128
2014-01-24,21.299999237060547,21.700000762939453,20.649999618530273,20.850000381469727,30372
2014-01-27,21.450000762939453,22.600000381469727,20.149999618530273,21.049999237060547,105396
2014-01-28,21.049999237060547,21.200000762939453,20.450000762939453,20.600000381469727,11675
2014-01-29,20.850000381469727,21.200000762939453,20.450000762939453,20.549999237060547,26579
2014-01-30,20.700000762939453,21.450000762939453,20.149999618530273,20.350000381469727,56125
2014-01-31,20.700000762939453,20.799999237060547,20.350000381469727,20.350000381469727,9436
2014-02-03,20.350000381469727,20.75,19.25,19.549999237060547,31116
2014-02-04,19.649999618530273,19.649999618530273,18.850000381469727,19.149999618530273,24371
2014-02-05,19.25,19.799999237060547,19.100000381469727,19.600000381469727,20977
2014-02-06,19.75,20.5,19.700000762939453,19.799999237060547,17483
2014-02-07,20.25,20.700000762939453,20.0,20.149999618530273,10688
2014-02-10,20.100000381469727,20.149999618530273,19.799999237060547,19.799999237060547,5801
2014-02-11,20.100000381469727,20.100000381469727,19.5,19.700000762939453,4233
2014-02-12,20.0,20.149999618530273,19.549999237060547,19.700000762939453,21334
2014-02-13,19.600000381469727,19.799999237060547,19.100000381469727,19.25,16775
2014-02-14,18.600000381469727,19.600000381469727,18.600000381469727,19.25,6060
2014-02-17,19.75,20.100000381469727,19.399999618530273,19.549999237060547,18195
2014-02-18,19.299999237060547,19.850000381469727,19.299999237060547,19.649999618530273,6649
2014-02-19,20.25,21.100000381469727,20.0,20.450000762939453,33699
2014-02-20,20.200000762939453,20.700000762939453,20.0,20.200000762939453,8818
2014-02-21,20.049999237060547,20.399999618530273,19.700000762939453,19.850000381469727,8465
2014-02-24,19.850000381469727,20.25,19.75,19.899999618530273,10433
2014-02-25,19.899999618530273,19.950000762939453,19.5,19.75,4685
2014-02-26,19.899999618530273,22.149999618530273,19.899999618530273,21.549999237060547,72867
2014-02-28,22.200000762939453,22.600000381469727,20.149999618530273,21.399999618530273,317691
2014-03-03,21.75,21.75,20.75,20.850000381469727,10956
2014-03-04,21.0,21.600000381469727,20.700000762939453,20.799999237060547,25721
2014-03-05,20.75,21.0,20.5,20.549999237060547,11115
2014-03-06,20.549999237060547,20.75,20.350000381469727,20.5,28884
2014-03-07,20.5,21.200000762939453,20.350000381469727,20.649999618530273,31270
2014-03-10,21.0,21.0,20.399999618530273,20.600000381469727,10064
2014-03-11,20.399999618530273,20.5,20.0,20.299999237060547,21996
2014-03-12,20.399999618530273,20.75,20.350000381469727,20.600000381469727,14239
2014-03-13,20.799999237060547,21.299999237060547,20.549999237060547,20.649999618530273,31381
2014-03-14,20.5,20.75,20.299999237060547,20.399999618530273,18105
2014-03-18,20.5,20.799999237060547,20.149999618530273,20.200000762939453,17540
2014-03-19,20.950000762939453,22.100000381469727,20.700000762939453,21.350000381469727,111709
2014-03-20,21.399999618530273,21.649999618530273,21.149999618530273,21.25,17077
2014-03-21,21.100000381469727,21.600000381469727,20.950000762939453,21.100000381469727,35656
2014-03-24,20.799999237060547,21.25,20.700000762939453,20.850000381469727,23180
2014-03-25,21.100000381469727,21.450000762939453,20.5,20.649999618530273,23015
2014-03-26,21.149999618530273,21.149999618530273,20.100000381469727,20.350000381469727,40576
2014-03-27,20.75,20.75,20.299999237060547,20.399999618530273,16345
2014-03-28,20.799999237060547,20.799999237060547,20.5,20.600000381469727,6673
2014-03-31,20.799999237060547,21.200000762939453,20.549999237060547,20.649999618530273,33086
2014-04-01,20.799999237060547,21.299999237060547,20.649999618530273,20.899999618530273,44503
2014-04-02,21.200000762939453,21.299999237060547,20.850000381469727,20.899999618530273,20389
2014-04-03,20.799999237060547,21.049999237060547,20.5,20.649999618530273,8867
2014-04-04,20.549999237060547,21.600000381469727,20.5,20.850000381469727,84231
2014-04-07,21.100000381469727,21.299999237060547,20.75,21.0,28885
2014-04-09,21.049999237060547,21.799999237060547,21.0,21.5,46852
2014-04-10,21.75,21.950000762939453,21.25,21.450000762939453,22433
2014-04-11,21.399999618530273,22.600000381469727,21.100000381469727,22.350000381469727,98575
2014-04-15,22.0,23.0,21.5,21.850000381469727,22677
2014-04-16,22.0,22.200000762939453,21.399999618530273,21.450000762939453,12358
2014-04-17,21.899999618530273,21.899999618530273,21.450000762939453,21.549999237060547,6274
2014-04-21,22.350000381469727,22.399999618530273,21.850000381469727,22.0,10535
2014-04-22,22.299999237060547,22.299999237060547,21.399999618530273,21.600000381469727,10723
2014-04-23,22.0,22.700000762939453,21.600000381469727,21.75,30006
2014-04-25,21.5,22.100000381469727,21.5,21.649999618530273,6454
2014-04-28,21.5,21.899999618530273,21.0,21.549999237060547,5500
2014-04-29,21.950000762939453,21.950000762939453,21.100000381469727,21.200000762939453,22800
2014-04-30,21.200000762939453,21.600000381469727,20.149999618530273,20.549999237060547,22328
2014-05-02,20.549999237060547,21.0,20.399999618530273,20.75,11311
2014-05-05,20.5,20.950000762939453,20.5,20.600000381469727,8573
2014-05-06,20.600000381469727,21.0,20.5,20.850000381469727,6253
2014-05-07,20.75,20.799999237060547,20.5,20.600000381469727,8048
2014-05-08,20.799999237060547,20.799999237060547,20.5,20.649999618530273,8452
2014-05-09,20.799999237060547,20.899999618530273,20.5,20.700000762939453,29111
2014-05-12,20.799999237060547,21.799999237060547,20.799999237060547,21.299999237060547,63250
2014-05-13,21.5,21.950000762939453,21.350000381469727,21.850000381469727,30976
2014-05-14,21.799999237060547,23.350000381469727,21.5,22.850000381469727,136305
2014-05-15,22.899999618530273,23.25,22.049999237060547,22.399999618530273,61449
2014-05-16,22.049999237060547,22.950000762939453,21.5,22.549999237060547,52215
2014-05-19,23.200000762939453,24.850000381469727,23.049999237060547,24.399999618530273,174935
2014-05-20,25.0,27.0,23.5,25.5,243977
2014-05-21,25.600000381469727,30.600000381469727,25.100000381469727,30.549999237060547,811166
2014-05-22,31.200000762939453,31.25,28.299999237060547,29.149999618530273,394171
2014-05-23,29.350000381469727,31.75,29.049999237060547,30.399999618530273,242458
2014-05-26,31.5,32.75,25.600000381469727,28.899999618530273,172349
2014-05-27,28.899999618530273,31.450000762939453,27.049999237060547,30.399999618530273,106840
2014-05-28,30.100000381469727,34.900001525878906,29.5,33.650001525878906,410800
2014-05-29,33.95000076293945,35.599998474121094,32.54999923706055,33.25,238325
2014-05-30,33.0,34.45000076293945,30.799999237060547,31.100000381469727,151651
2014-06-02,33.79999923706055,33.79999923706055,31.25,31.5,64799
2014-06-03,31.5,34.599998474121094,30.299999237060547,33.45000076293945,224126
2014-06-04,37.45000076293945,40.099998474121094,36.150001525878906,39.95000076293945,1970367
2014-06-05,40.70000076293945,41.849998474121094,38.45000076293945,39.099998474121094,611219
2014-06-06,39.099998474121094,39.70000076293945,37.45000076293945,37.75,174971
2014-06-09,37.79999923706055,40.400001525878906,36.900001525878906,39.400001525878906,461538
2014-06-10,40.900001525878906,41.0,39.04999923706055,39.400001525878906,230793
2014-06-11,39.650001525878906,40.79999923706055,38.0,38.75,178203
2014-06-12,38.79999923706055,40.099998474121094,37.20000076293945,37.75,201122
2014-06-13,37.650001525878906,38.5,34.0,34.25,110649
2014-06-16,34.25,35.5,32.599998474121094,34.75,131836
2014-06-17,35.5,38.20000076293945,34.5,38.20000076293945,291174
2014-06-18,38.900001525878906,39.25,35.650001525878906,36.54999923706055,277781
2014-06-19,36.599998474121094,38.0,36.0,36.95000076293945,115057
2014-06-20,37.099998474121094,40.599998474121094,36.29999923706055,40.45000076293945,388968
2014-06-23,43.79999923706055,44.45000076293945,42.349998474121094,43.29999923706055,1217389
2014-06-24,43.5,43.5,39.0,40.20000076293945,412851
2014-06-25,40.0,42.54999923706055,40.0,40.54999923706055,339606
2014-06-26,41.900001525878906,42.150001525878906,40.599998474121094,41.099998474121094,229598
2014-06-27,41.099998474121094,41.099998474121094,39.400001525878906,39.95000076293945,92895
2014-06-30,39.599998474121094,40.29999923706055,38.900001525878906,39.099998474121094,182397
2014-07-01,39.599998474121094,40.349998474121094,39.5,39.75,101309
2014-07-02,40.099998474121094,40.75,39.54999923706055,39.849998474121094,104374
2014-07-03,40.099998474121094,40.599998474121094,39.29999923706055,40.150001525878906,148200
2014-07-04,41.25,43.400001525878906,41.25,42.54999923706055,595124
2014-07-07,43.20000076293945,45.25,43.0,45.0,416725
2014-07-08,45.400001525878906,48.5,41.0,41.900001525878906,1195216
2014-07-09,42.849998474121094,43.400001525878906,40.54999923706055,41.29999923706055,211564
2014-07-10,42.599998474121094,43.70000076293945,39.20000076293945,40.349998474121094,315894
2014-07-11,40.45000076293945,41.70000076293945,34.099998474121094,35.150001525878906,197953
2014-07-14,35.54999923706055,35.900001525878906,32.20000076293945,33.349998474121094,95184
2014-07-15,34.45000076293945,35.5,33.0,35.099998474121094,142473
2014-07-16,35.650001525878906,36.5,34.79999923706055,35.54999923706055,137965
2014-07-17,35.54999923706055,37.20000076293945,35.54999923706055,36.5,119993
2014-07-18,35.599998474121094,36.5,35.150001525878906,35.599998474121094,72630
2014-07-21,36.0,36.599998474121094,35.79999923706055,36.20000076293945,71079
2014-07-22,36.0,37.150001525878906,35.5,35.54999923706055,85706
2014-07-23,35.400001525878906,36.400001525878906,35.0,35.150001525878906,41935
2014-07-24,35.0,35.75,34.599998474121094,35.04999923706055,19398
2014-07-25,37.0,37.95000076293945,36.0,36.20000076293945,149699
2014-07-28,36.5,36.54999923706055,34.900001525878906,35.04999923706055,43872
2014-07-30,35.29999923706055,35.400001525878906,34.150001525878906,34.45000076293945,53567
2014-07-31,34.79999923706055,34.849998474121094,34.29999923706055,34.400001525878906,35986
2014-08-01,34.099998474121094,34.70000076293945,33.54999923706055,34.04999923706055,26476
2014-08-04,34.099998474121094,34.400001525878906,33.75,33.79999923706055,23562
2014-08-05,34.150001525878906,34.400001525878906,33.0,33.70000076293945,48722
2014-08-06,34.20000076293945,34.900001525878906,34.04999923706055,34.29999923706055,34873
2014-08-07,34.79999923706055,34.79999923706055,33.29999923706055,33.5,18303
2014-08-08,33.150001525878906,33.400001525878906,31.549999237060547,32.099998474121094,34088
2014-08-11,34.400001525878906,34.5,32.5,32.70000076293945,11315
2014-08-12,33.900001525878906,33.900001525878906,32.0,32.599998474121094,16062
2014-08-13,33.150001525878906,33.400001525878906,30.0,30.950000762939453,40412
2014-08-14,31.850000381469727,32.5,30.950000762939453,31.700000762939453,45530
2014-08-18,31.25,36.29999923706055,31.25,35.79999923706055,228929
2014-08-19,36.599998474121094,36.900001525878906,35.099998474121094,35.45000076293945,115163
2014-08-20,35.599998474121094,35.599998474121094,34.0,34.349998474121094,42109
2014-08-21,34.70000076293945,35.349998474121094,33.5,34.25,25548
2014-08-22,34.5,34.5,33.5,33.70000076293945,28364
2014-08-25,33.95000076293945,34.099998474121094,32.54999923706055,32.650001525878906,30993
2014-08-26,33.79999923706055,33.79999923706055,31.100000381469727,31.399999618530273,21229
2014-08-27,31.200000762939453,32.29999923706055,31.200000762939453,31.350000381469727,32706
2014-08-28,31.200000762939453,32.0,31.200000762939453,31.450000762939453,19406
2014-09-01,31.049999237060547,31.600000381469727,30.350000381469727,30.950000762939453,42456
2014-09-02,31.399999618530273,31.75,30.399999618530273,31.25,28314
2014-09-03,30.850000381469727,31.5,30.600000381469727,31.200000762939453,19215
2014-09-04,31.450000762939453,31.450000762939453,29.700000762939453,30.25,29909
2014-09-05,30.5,31.700000762939453,30.25,30.649999618530273,62264
2014-09-08,31.25,32.29999923706055,30.100000381469727,31.950000762939453,58763
2014-09-09,32.099998474121094,33.20000076293945,30.799999237060547,32.20000076293945,52058
2014-09-10,32.79999923706055,32.79999923706055,31.399999618530273,31.649999618530273,20137
2014-09-11,32.20000076293945,35.75,32.0,34.20000076293945,174126
2014-09-12,34.79999923706055,35.29999923706055,33.20000076293945,33.45000076293945,189840
2014-09-15,33.0,34.900001525878906,32.400001525878906,33.95000076293945,77428
2014-09-16,35.0,35.29999923706055,31.0,31.5,97113
2014-09-17,32.5,32.599998474121094,31.5,32.0,32007
2014-09-18,32.5,33.25,32.0,32.400001525878906,55360
2014-09-19,32.400001525878906,32.75,31.5,31.649999618530273,36633
2014-09-22,31.700000762939453,32.5,31.700000762939453,32.25,20579
2014-09-23,32.400001525878906,32.5,31.100000381469727,31.299999237060547,23977
2014-09-24,31.950000762939453,32.0,29.399999618530273,29.75,22515
2014-09-25,29.399999618530273,30.399999618530273,28.100000381469727,28.450000762939453,26833
2014-09-26,29.0,29.5,27.799999237060547,29.0,37780
2014-09-29,29.5,34.45000076293945,29.0,32.099998474121094,140130
2014-09-30,32.400001525878906,32.45000076293945,30.149999618530273,30.299999237060547,42323
2014-10-01,30.200000762939453,31.399999618530273,30.200000762939453,30.549999237060547,35773
2014-10-07,30.700000762939453,31.350000381469727,29.799999237060547,30.100000381469727,29859
2014-10-08,31.149999618530273,33.0,31.149999618530273,31.649999618530273,119710
2014-10-09,31.399999618530273,32.0,31.100000381469727,31.25,41598
2014-10-10,31.0,31.100000381469727,30.0,30.200000762939453,33541
2014-10-13,31.5,31.5,29.950000762939453,30.200000762939453,13473
2014-10-14,30.700000762939453,30.700000762939453,30.100000381469727,30.149999618530273,9806
2014-10-16,30.0,30.649999618530273,28.5,28.799999237060547,35367
2014-10-17,29.799999237060547,29.799999237060547,27.5,28.100000381469727,35672
2014-10-20,29.950000762939453,30.25,28.600000381469727,28.700000762939453,24349
2014-10-21,28.700000762939453,29.600000381469727,28.149999618530273,28.350000381469727,28810
2014-10-22,28.549999237060547,29.0,28.100000381469727,28.399999618530273,39808
2014-10-27,28.149999618530273,31.399999618530273,28.149999618530273,28.950000762939453,139266
2014-10-28,29.200000762939453,29.5,28.5,28.899999618530273,22334
2014-10-29,28.700000762939453,30.399999618530273,28.700000762939453,29.649999618530273,31012
2014-10-30,29.700000762939453,30.200000762939453,29.200000762939453,29.450000762939453,30076
2014-10-31,29.649999618530273,30.399999618530273,29.549999237060547,29.700000762939453,27095
2014-11-03,29.700000762939453,30.399999618530273,29.700000762939453,29.950000762939453,34318
2014-11-05,30.700000762939453,35.900001525878906,30.5,35.849998474121094,668438
2014-11-07,36.20000076293945,36.70000076293945,32.45000076293945,33.5,253461
2014-11-10,33.5,34.099998474121094,32.849998474121094,32.900001525878906,45696
2014-11-11,32.95000076293945,35.79999923706055,32.70000076293945,34.099998474121094,78592
2014-11-12,34.25,34.400001525878906,32.79999923706055,32.900001525878906,42034
2014-11-13,33.95000076293945,33.95000076293945,32.099998474121094,32.25,21906
2014-11-14,33.70000076293945,35.400001525878906,33.04999923706055,33.25,161245
2014-11-17,33.45000076293945,34.5,33.29999923706055,33.79999923706055,74168
2014-11-18,34.5,34.75,33.20000076293945,33.25,37330
2014-11-19,33.5,34.70000076293945,32.75,32.900001525878906,54416
2014-11-20,33.20000076293945,34.0,33.099998474121094,33.599998474121094,43054
2014-11-21,33.29999923706055,33.70000076293945,32.599998474121094,32.79999923706055,18990
2014-11-24,33.099998474121094,33.650001525878906,32.29999923706055,32.54999923706055,19885
2014-11-25,33.25,33.25,30.549999237060547,30.850000381469727,20267
2014-11-26,31.100000381469727,33.349998474121094,30.75,31.850000381469727,28101
2014-11-27,32.0,36.79999923706055,31.549999237060547,33.849998474121094,434122
2014-11-28,35.0,36.900001525878906,34.099998474121094,35.29999923706055,562304
2014-12-01,35.849998474121094,35.900001525878906,33.79999923706055,34.04999923706055,69534
2014-12-02,33.70000076293945,34.349998474121094,33.150001525878906,33.349998474121094,28747
2014-12-03,33.54999923706055,34.900001525878906,33.349998474121094,34.0,45237
2014-12-04,34.150001525878906,34.29999923706055,33.29999923706055,33.45000076293945,32490
2014-12-05,33.29999923706055,35.150001525878906,33.150001525878906,33.79999923706055,102129
2014-12-08,35.099998474121094,35.650001525878906,33.70000076293945,34.54999923706055,197422
2014-12-09,35.29999923706055,35.75,32.900001525878906,33.150001525878906,67560
2014-12-10,33.0,33.75,32.900001525878906,33.04999923706055,30168
2014-12-11,33.099998474121094,33.650001525878906,31.899999618530273,32.5,41329
2014-12-12,32.650001525878906,33.29999923706055,32.0,32.04999923706055,32662
2014-12-15,31.700000762939453,32.099998474121094,31.299999237060547,31.399999618530273,35566
2014-12-16,32.0,32.0,29.299999237060547,29.649999618530273,31498
2014-12-17,30.299999237060547,30.299999237060547,28.649999618530273,29.950000762939453,26811
2014-12-18,30.899999618530273,31.799999237060547,30.600000381469727,31.200000762939453,24395
2014-12-19,32.0,34.5,30.799999237060547,31.399999618530273,87874
2014-12-22,31.799999237060547,33.099998474121094,31.799999237060547,32.79999923706055,43799
2014-12-23,34.0,34.900001525878906,33.5,33.849998474121094,121129
2014-12-24,34.29999923706055,35.5,33.95000076293945,34.70000076293945,74413
2014-12-26,35.25,35.650001525878906,34.20000076293945,34.400001525878906,63747
2014-12-29,35.0,35.0,33.79999923706055,34.0,46454
2014-12-30,34.349998474121094,35.0,33.5,34.54999923706055,91149
2014-12-31,34.650001525878906,35.79999923706055,33.79999923706055,34.150001525878906,66204
2015-01-01,34.5,35.0,33.099998474121094,34.25,63428
2015-01-02,34.5,34.95000076293945,33.75,33.900001525878906,47640
2015-01-05,34.20000076293945,34.5,33.150001525878906,33.25,33201
2015-01-06,33.0,33.5,31.899999618530273,32.099998474121094,62822
2015-01-07,32.5,34.54999923706055,32.0,33.20000076293945,134318
2015-01-08,34.400001525878906,34.400001525878906,33.04999923706055,33.25,65744
2015-01-09,33.5,33.79999923706055,32.79999923706055,33.099998474121094,28398
2015-01-12,33.0,33.150001525878906,32.54999923706055,32.849998474121094,10692
2015-01-13,32.79999923706055,33.400001525878906,32.349998474121094,32.45000076293945,56617
2015-01-14,32.70000076293945,33.650001525878906,32.5,32.70000076293945,45286
2015-01-15,33.099998474121094,33.5,32.5,32.599998474121094,18796
2015-01-16,33.0,33.0,32.25,32.400001525878906,17511
2015-01-19,32.54999923706055,34.20000076293945,32.54999923706055,33.54999923706055,134852
2015-01-20,33.79999923706055,34.25,32.650001525878906,32.79999923706055,74332
2015-01-21,33.04999923706055,33.04999923706055,32.29999923706055,32.45000076293945,16147
2015-01-22,32.95000076293945,33.29999923706055,32.29999923706055,32.900001525878906,48384
2015-01-23,33.400001525878906,33.79999923706055,32.650001525878906,32.75,52435
2015-01-27,32.54999923706055,32.900001525878906,32.20000076293945,32.349998474121094,18223
2015-01-28,32.599998474121094,32.650001525878906,31.700000762939453,31.899999618530273,22313
2015-01-29,32.0,32.400001525878906,31.100000381469727,31.75,10110
2015-01-30,32.0,32.5,31.600000381469727,32.04999923706055,23669
2015-02-02,31.5,35.75,31.5,34.0,109174
2015-02-03,35.5,35.900001525878906,34.0,34.45000076293945,101476
2015-02-04,34.29999923706055,34.29999923706055,33.349998474121094,33.5,29827
2015-02-05,33.54999923706055,34.29999923706055,32.70000076293945,33.0,38595
2015-02-06,33.099998474121094,33.900001525878906,32.70000076293945,32.95000076293945,36787
2015-02-09,32.79999923706055,33.0,31.549999237060547,31.700000762939453,33797
2015-02-10,31.700000762939453,32.400001525878906,31.450000762939453,31.700000762939453,24524
2015-02-11,32.400001525878906,32.599998474121094,32.0,32.25,18470
2015-02-12,33.20000076293945,33.20000076293945,32.0,32.150001525878906,26822
2015-02-13,32.75,32.79999923706055,31.899999618530273,32.04999923706055,45787
2015-02-16,32.25,32.5,31.700000762939453,31.950000762939453,12829
2015-02-18,32.20000076293945,34.5,30.899999618530273,33.650001525878906,134524
2015-02-19,34.900001525878906,35.650001525878906,34.099998474121094,34.25,162992
2015-02-20,34.25,34.25,32.79999923706055,33.0,48554
2015-02-23,33.29999923706055,33.79999923706055,32.70000076293945,32.75,30215
2015-02-24,32.75,32.95000076293945,31.950000762939453,32.099998474121094,47266
2015-02-25,35.0,35.75,33.70000076293945,34.400001525878906,608335
2015-02-26,35.349998474121094,35.349998474121094,33.0,33.54999923706055,64769
2015-02-27,33.54999923706055,34.25,33.150001525878906,33.599998474121094,65417
2015-03-02,31.850000381469727,31.899999618530273,30.549999237060547,30.799999237060547,60004
2015-03-03,30.799999237060547,31.5,30.299999237060547,31.049999237060547,37991
2015-03-04,32.25,32.25,30.649999618530273,31.149999618530273,54664
2015-03-05,31.0,31.700000762939453,30.700000762939453,31.350000381469727,23786
2015-03-09,30.799999237060547,31.25,30.149999618530273,30.549999237060547,29406
2015-03-10,30.549999237060547,31.200000762939453,30.350000381469727,30.600000381469727,16033
2015-03-11,30.5,30.799999237060547,30.100000381469727,30.149999618530273,16258
2015-03-12,30.75,30.799999237060547,29.700000762939453,30.049999237060547,21994
2015-03-13,30.25,30.350000381469727,29.049999237060547,29.200000762939453,17180
2015-03-16,29.049999237060547,29.100000381469727,28.0,28.100000381469727,13234
2015-03-17,28.25,33.70000076293945,27.149999618530273,33.70000076293945,1214596
2015-03-18,33.95000076293945,35.400001525878906,31.5,32.04999923706055,536391
2015-03-19,32.20000076293945,33.900001525878906,31.100000381469727,31.600000381469727,100731
2015-03-20,31.899999618530273,31.899999618530273,29.399999618530273,29.75,46024
2015-03-23,29.149999618530273,30.049999237060547,28.5,29.100000381469727,37700
2015-03-24,29.25,29.25,27.25,27.950000762939453,79531
2015-03-25,27.950000762939453,29.299999237060547,27.950000762939453,28.5,28728
2015-03-26,28.299999237060547,28.649999618530273,26.0,26.950000762939453,51928
2015-03-27,27.200000762939453,27.399999618530273,26.0,26.450000762939453,29473
2015-03-30,26.450000762939453,27.700000762939453,26.450000762939453,27.149999618530273,25011
2015-03-31,26.899999618530273,28.799999237060547,26.899999618530273,28.100000381469727,56709
2015-04-01,29.049999237060547,30.899999618530273,29.049999237060547,30.149999618530273,247892
2015-04-06,29.450000762939453,29.899999618530273,28.5,29.25,26110
2015-04-07,29.799999237060547,34.29999923706055,28.899999618530273,33.79999923706055,354712
2015-04-08,34.20000076293945,34.20000076293945,31.350000381469727,31.700000762939453,185177
2015-04-09,32.0,32.849998474121094,31.200000762939453,31.450000762939453,112851
2015-04-10,31.450000762939453,35.400001525878906,31.0,33.5,404321
2015-04-13,33.79999923706055,33.79999923706055,32.20000076293945,32.900001525878906,51729
2015-04-15,33.45000076293945,33.45000076293945,31.700000762939453,31.950000762939453,39449
2015-04-16,32.79999923706055,32.79999923706055,30.700000762939453,31.600000381469727,64890
2015-04-17,31.600000381469727,31.799999237060547,31.0,31.049999237060547,30571
2015-04-20,31.049999237060547,31.25,30.25,30.450000762939453,22405
2015-04-21,30.200000762939453,30.75,29.25,29.600000381469727,35639
2015-04-22,29.450000762939453,30.600000381469727,29.25,29.549999237060547,23863
2015-04-23,30.350000381469727,30.350000381469727,29.200000762939453,29.450000762939453,18277
2015-04-24,29.850000381469727,30.0,28.100000381469727,28.649999618530273,40553
2015-04-27,28.399999618530273,28.850000381469727,28.0,28.100000381469727,19505
2015-04-28,28.700000762939453,28.799999237060547,28.149999618530273,28.5,15400
2015-04-29,28.149999618530273,28.799999237060547,27.700000762939453,27.950000762939453,24822
2015-04-30,28.149999618530273,28.549999237060547,27.350000381469727,27.700000762939453,20438
2015-05-04,29.200000762939453,29.200000762939453,27.700000762939453,28.299999237060547,13161
2015-05-05,28.549999237060547,28.700000762939453,28.200000762939453,28.549999237060547,16783
2015-05-06,28.149999618530273,29.450000762939453,27.100000381469727,27.549999237060547,32636
2015-05-07,27.350000381469727,27.850000381469727,26.200000762939453,26.700000762939453,12607
2015-05-08,27.350000381469727,28.399999618530273,27.049999237060547,27.5,20906
2015-05-11,27.549999237060547,28.200000762939453,27.299999237060547,27.549999237060547,8126
2015-05-12,27.549999237060547,27.899999618530273,25.850000381469727,26.350000381469727,52143
2015-05-13,26.700000762939453,28.600000381469727,26.5,27.049999237060547,139324
2015-05-14,27.5,27.5,25.899999618530273,26.25,63016
2015-05-15,26.25,27.0,26.0,26.25,83675
2015-05-18,26.200000762939453,26.75,25.899999618530273,26.100000381469727,67494
2015-05-19,26.200000762939453,26.600000381469727,25.850000381469727,25.899999618530273,59233
2015-05-20,26.0,26.700000762939453,25.950000762939453,26.350000381469727,86748
2015-05-21,26.25,26.600000381469727,25.899999618530273,26.200000762939453,59058
2015-05-22,26.200000762939453,26.75,26.100000381469727,26.399999618530273,70708
2015-05-25,26.299999237060547,26.600000381469727,25.899999618530273,26.049999237060547,29545
2015-05-26,26.399999618530273,26.700000762939453,25.899999618530273,26.100000381469727,56105
2015-05-27,26.200000762939453,26.399999618530273,25.549999237060547,25.600000381469727,28703
2015-05-28,25.700000762939453,25.75,25.0,25.600000381469727,12699
2015-05-29,26.299999237060547,26.899999618530273,25.75,26.200000762939453,72534
2015-06-01,26.5,26.5,25.450000762939453,25.549999237060547,26642
2015-06-02,25.399999618530273,25.850000381469727,24.5,24.899999618530273,24789
2015-06-03,24.899999618530273,24.899999618530273,22.75,23.25,76786
2015-06-04,23.950000762939453,23.950000762939453,22.75,23.0,35549
2015-06-05,23.5,23.5,22.799999237060547,22.950000762939453,45271
2015-06-08,23.100000381469727,23.149999618530273,21.649999618530273,21.850000381469727,27233
2015-06-09,21.700000762939453,22.799999237060547,21.399999618530273,22.600000381469727,86412
2015-06-10,23.200000762939453,25.0,22.549999237060547,23.0,133580
2015-06-11,23.25,23.25,21.5,21.950000762939453,45369
2015-06-12,22.0,22.100000381469727,21.399999618530273,21.600000381469727,16208
2015-06-15,21.700000762939453,22.100000381469727,21.200000762939453,21.350000381469727,26464
2015-06-16,21.700000762939453,22.450000762939453,21.299999237060547,21.700000762939453,33976
2015-06-17,22.100000381469727,22.25,21.600000381469727,21.75,67655
2015-06-18,22.299999237060547,22.299999237060547,21.299999237060547,21.450000762939453,62441
2015-06-19,21.700000762939453,22.350000381469727,21.5,22.0,94773
2015-06-22,22.149999618530273,22.399999618530273,21.700000762939453,21.950000762939453,71354
2015-06-23,21.850000381469727,23.75,21.850000381469727,22.5,146706
2015-06-24,22.299999237060547,22.700000762939453,22.049999237060547,22.25,58810
2015-06-25,22.549999237060547,23.100000381469727,21.950000762939453,22.399999618530273,105207
2015-06-26,22.25,22.600000381469727,21.899999618530273,22.149999618530273,64138
2015-06-29,21.5,21.899999618530273,21.0,21.549999237060547,28161
2015-06-30,21.5,22.200000762939453,21.5,21.799999237060547,53868
2015-07-01,22.0,22.649999618530273,21.799999237060547,22.0,88477
2015-07-02,22.5,23.25,22.149999618530273,22.700000762939453,220391
2015-07-03,23.200000762939453,23.399999618530273,22.0,22.450000762939453,105867
2015-07-06,22.299999237060547,22.700000762939453,21.700000762939453,22.200000762939453,72317
2015-07-07,22.549999237060547,22.549999237060547,21.950000762939453,22.049999237060547,103518
2015-07-08,22.100000381469727,22.549999237060547,21.399999618530273,21.5,100472
2015-07-09,21.600000381469727,22.0,21.350000381469727,21.700000762939453,81899
2015-07-10,22.100000381469727,22.200000762939453,21.399999618530273,21.5,61712
2015-07-13,21.600000381469727,22.549999237060547,21.5,22.149999618530273,108687
2015-07-14,22.700000762939453,23.0,22.25,22.299999237060547,45869
2015-07-15,22.5,22.649999618530273,22.049999237060547,22.100000381469727,48605
2015-07-16,22.149999618530273,23.450000762939453,22.100000381469727,22.799999237060547,156707
2015-07-17,22.850000381469727,24.149999618530273,22.600000381469727,23.149999618530273,133214
2015-07-20,23.200000762939453,25.350000381469727,22.899999618530273,24.399999618530273,475454
2015-07-21,24.700000762939453,24.899999618530273,22.899999618530273,23.149999618530273,110481
2015-07-22,23.649999618530273,23.649999618530273,23.100000381469727,23.200000762939453,28759
2015-07-23,23.399999618530273,24.5,23.25,23.350000381469727,66965
2015-07-24,22.799999237060547,23.450000762939453,22.200000762939453,22.5,39251
2015-07-27,23.5,23.5,22.100000381469727,22.149999618530273,35464
2015-07-28,22.25,22.5,21.799999237060547,21.850000381469727,17890
2015-07-29,22.100000381469727,22.450000762939453,22.049999237060547,22.100000381469727,30964
2015-07-30,22.5,22.700000762939453,22.149999618530273,22.299999237060547,38432
2015-07-31,22.549999237060547,23.149999618530273,22.350000381469727,22.75,56414
2015-08-03,22.549999237060547,23.100000381469727,22.549999237060547,23.0,27497
2015-08-04,23.0,23.5,22.649999618530273,22.950000762939453,46560
2015-08-05,23.450000762939453,23.600000381469727,23.100000381469727,23.200000762939453,49366
2015-08-06,23.450000762939453,24.799999237060547,23.100000381469727,23.799999237060547,134121
2015-08-07,23.649999618530273,23.75,23.149999618530273,23.200000762939453,16346
2015-08-10,23.100000381469727,24.450000762939453,22.5,23.399999618530273,117610
2015-08-11,23.450000762939453,23.450000762939453,22.549999237060547,22.600000381469727,32376
2015-08-12,22.850000381469727,22.850000381469727,22.0,22.100000381469727,43658
2015-08-13,22.25,22.600000381469727,21.700000762939453,21.950000762939453,32301
2015-08-14,21.799999237060547,22.5,21.799999237060547,22.450000762939453,17241
2015-08-17,22.75,22.75,21.700000762939453,22.100000381469727,40421
2015-08-18,22.649999618530273,22.799999237060547,22.049999237060547,22.100000381469727,30287
2015-08-19,22.100000381469727,22.299999237060547,21.700000762939453,21.799999237060547,67190
2015-08-20,21.950000762939453,21.950000762939453,21.25,21.299999237060547,34914
2015-08-21,21.100000381469727,21.200000762939453,20.700000762939453,20.850000381469727,35838
2015-08-24,20.299999237060547,20.299999237060547,18.799999237060547,19.049999237060547,35177
2015-08-25,19.100000381469727,19.799999237060547,15.75,17.600000381469727,121143
2015-08-26,17.600000381469727,18.899999618530273,17.100000381469727,18.049999237060547,53711
2015-08-27,18.5,19.0,18.399999618530273,18.5,17661
2015-08-28,18.899999618530273,19.5,18.200000762939453,19.049999237060547,38457
2015-08-31,19.0,19.5,18.100000381469727,18.850000381469727,18807
2015-09-01,18.75,18.75,17.5,17.700000762939453,22741
2015-09-02,18.0,18.25,17.299999237060547,17.649999618530273,13340
2015-09-03,18.049999237060547,18.450000762939453,17.799999237060547,18.049999237060547,19537
2015-09-04,18.0,18.450000762939453,17.299999237060547,17.850000381469727,24506
2015-09-07,17.700000762939453,18.200000762939453,17.649999618530273,17.700000762939453,9063
2015-09-08,18.100000381469727,18.100000381469727,17.399999618530273,17.649999618530273,17472
2015-09-09,17.75,18.299999237060547,17.75,18.100000381469727,23064
2015-09-10,18.399999618530273,18.399999618530273,17.5,17.899999618530273,15687
2015-09-11,18.399999618530273,18.450000762939453,18.0,18.149999618530273,28624
2015-09-14,17.899999618530273,18.450000762939453,17.899999618530273,18.149999618530273,10768
2015-09-15,18.049999237060547,18.100000381469727,17.799999237060547,17.950000762939453,9144
2015-09-16,18.700000762939453,18.700000762939453,17.75,17.850000381469727,21006
2015-09-18,18.850000381469727,18.850000381469727,17.850000381469727,18.0,27183
2015-09-21,17.450000762939453,18.5,17.450000762939453,18.200000762939453,19057
2015-09-22,18.5,18.5,17.700000762939453,17.950000762939453,22120
2015-09-23,17.799999237060547,18.399999618530273,17.5,17.899999618530273,30578
2015-09-24,18.049999237060547,18.049999237060547,17.649999618530273,17.799999237060547,37735
2015-09-28,18.149999618530273,20.950000762939453,18.100000381469727,19.049999237060547,226914
2015-09-29,18.700000762939453,20.399999618530273,18.399999618530273,19.649999618530273,76852
2015-09-30,20.149999618530273,20.299999237060547,19.5,19.600000381469727,59653
2015-10-01,19.899999618530273,20.299999237060547,19.350000381469727,19.5,70241
2015-10-05,20.200000762939453,20.200000762939453,19.399999618530273,19.549999237060547,27663
2015-10-06,19.899999618530273,19.899999618530273,19.5,19.700000762939453,29963
2015-10-07,19.549999237060547,21.600000381469727,19.5,20.450000762939453,104103
2015-10-08,20.549999237060547,20.799999237060547,19.700000762939453,19.799999237060547,43011
2015-10-09,20.450000762939453,20.649999618530273,19.799999237060547,20.0,29176
2015-10-12,20.75,20.75,19.75,19.899999618530273,17210
2015-10-13,20.0,20.75,19.549999237060547,20.450000762939453,64415
2015-10-14,20.549999237060547,22.350000381469727,20.299999237060547,21.649999618530273,222871
2015-10-15,22.0,22.0,21.049999237060547,21.399999618530273,29430
2015-10-16,21.799999237060547,21.799999237060547,20.649999618530273,21.0,28575
2015-10-19,21.0,21.399999618530273,20.0,20.399999618530273,38595
2015-10-20,21.200000762939453,21.200000762939453,20.450000762939453,20.5,20807
2015-10-21,20.5,20.899999618530273,20.5,20.600000381469727,18808
2015-10-23,21.299999237060547,21.299999237060547,20.100000381469727,20.25,42154
2015-10-26,20.200000762939453,20.75,20.0,20.049999237060547,43228
2015-10-27,20.649999618530273,20.649999618530273,20.0,20.200000762939453,14227
2015-10-28,20.299999237060547,20.350000381469727,19.850000381469727,19.899999618530273,2405
2015-10-29,20.0,20.149999618530273,19.700000762939453,19.799999237060547,7471
2015-10-30,19.700000762939453,19.950000762939453,19.549999237060547,19.600000381469727,10609
2015-11-02,19.5,19.899999618530273,19.200000762939453,19.299999237060547,11831
2015-11-03,19.75,19.799999237060547,19.399999618530273,19.5,7274
2015-11-04,19.700000762939453,19.850000381469727,19.299999237060547,19.399999618530273,9873
2015-11-05,19.600000381469727,19.950000762939453,19.25,19.350000381469727,9399
2015-11-06,19.399999618530273,19.649999618530273,19.100000381469727,19.149999618530273,7812
2015-11-09,19.049999237060547,19.350000381469727,18.600000381469727,19.25,6818
2015-11-10,19.299999237060547,19.5,18.799999237060547,19.0,14437
2015-11-13,19.0,19.600000381469727,18.950000762939453,19.350000381469727,11746
2015-11-16,19.549999237060547,19.75,18.950000762939453,19.450000762939453,36404
2015-11-17,19.5,19.700000762939453,19.299999237060547,19.450000762939453,10001
2015-11-18,19.25,21.899999618530273,19.25,19.649999618530273,27806
2015-11-19,20.399999618530273,20.399999618530273,19.700000762939453,19.799999237060547,10346
2015-11-20,19.799999237060547,20.299999237060547,19.75,20.0,32026
2015-11-23,20.399999618530273,20.950000762939453,19.700000762939453,20.600000381469727,30754
2015-11-24,20.75,21.600000381469727,20.5,20.700000762939453,57849
2015-11-26,21.850000381469727,22.350000381469727,20.049999237060547,21.450000762939453,51615
2015-11-27,21.25,21.850000381469727,21.100000381469727,21.350000381469727,35714
2015-11-30,21.899999618530273,21.899999618530273,21.049999237060547,21.25,7912
2015-12-01,21.600000381469727,25.5,21.25,25.5,963633
2015-12-02,26.450000762939453,26.450000762939453,23.299999237060547,23.5,331593
2015-12-03,23.5,24.5,23.049999237060547,23.549999237060547,139832
2015-12-04,23.149999618530273,23.950000762939453,22.799999237060547,23.200000762939453,50482
2015-12-07,23.399999618530273,23.450000762939453,22.649999618530273,22.700000762939453,18365
2015-12-08,22.549999237060547,23.899999618530273,21.950000762939453,22.149999618530273,112120
2015-12-09,22.049999237060547,22.100000381469727,21.049999237060547,21.25,40803
2015-12-10,21.899999618530273,24.850000381469727,21.899999618530273,24.299999237060547,405924
2015-12-11,25.0,27.899999618530273,24.899999618530273,25.299999237060547,539092
2015-12-14,26.0,27.149999618530273,24.5,26.450000762939453,307949
2015-12-15,26.700000762939453,26.799999237060547,25.600000381469727,26.399999618530273,139195
2015-12-16,27.200000762939453,27.899999618530273,25.149999618530273,26.200000762939453,511687
2015-12-17,27.149999618530273,27.149999618530273,25.75,26.350000381469727,89386
2015-12-18,26.799999237060547,26.799999237060547,25.049999237060547,25.649999618530273,102057
2015-12-21,25.200000762939453,26.299999237060547,25.200000762939453,25.399999618530273,65374
2015-12-22,25.549999237060547,25.649999618530273,24.5,24.649999618530273,64394
2015-12-23,24.799999237060547,25.299999237060547,23.600000381469727,24.100000381469727,96950
2015-12-24,24.299999237060547,24.75,23.75,24.049999237060547,43583
2015-12-28,24.0,24.399999618530273,23.799999237060547,24.25,25062
2015-12-29,24.25,25.0,23.850000381469727,24.0,77390
2015-12-30,24.0,25.200000762939453,24.0,24.399999618530273,56644
2015-12-31,24.5,25.5,24.350000381469727,24.899999618530273,77030
2016-01-01,25.100000381469727,25.700000762939453,24.75,25.25,44675
2016-01-04,25.5,25.899999618530273,24.5,24.700000762939453,61796
2016-01-05,24.899999618530273,25.25,24.299999237060547,24.75,55020
2016-01-06,24.700000762939453,26.25,24.600000381469727,25.049999237060547,90584
2016-01-07,24.850000381469727,24.850000381469727,23.75,24.0,49252
2016-01-08,24.75,24.75,23.649999618530273,24.0,67019
2016-01-11,23.950000762939453,24.600000381469727,23.350000381469727,23.75,63891
2016-01-12,24.200000762939453,25.25,23.799999237060547,23.950000762939453,82442
2016-01-13,25.100000381469727,25.5,23.299999237060547,24.0,190262
2016-01-14,23.5,23.549999237060547,22.75,22.950000762939453,51661
2016-01-15,23.299999237060547,23.299999237060547,21.600000381469727,22.0,35638
2016-01-18,22.0,22.0,19.850000381469727,20.049999237060547,67735
2016-01-19,20.899999618530273,21.0,20.0,20.399999618530273,39527
2016-01-20,20.600000381469727,21.25,20.049999237060547,20.299999237060547,100528
2016-01-21,20.549999237060547,21.200000762939453,20.5,20.75,49227
2016-01-22,21.799999237060547,22.0,21.200000762939453,21.350000381469727,33804
2016-01-25,21.350000381469727,22.149999618530273,21.350000381469727,21.600000381469727,28469
2016-01-27,21.799999237060547,21.799999237060547,20.899999618530273,21.049999237060547,29617
2016-01-28,21.399999618530273,21.600000381469727,20.799999237060547,21.0,28766
2016-01-29,21.450000762939453,21.649999618530273,21.0,21.299999237060547,27807
2016-02-01,21.75,21.75,21.149999618530273,21.649999618530273,17256
2016-02-02,21.75,21.799999237060547,21.049999237060547,21.350000381469727,14634
2016-02-03,21.299999237060547,21.5,20.100000381469727,20.25,23217
2016-02-04,20.5,21.0,20.5,20.549999237060547,14535
2016-02-05,21.0,21.399999618530273,20.149999618530273,20.850000381469727,20978
2016-02-08,21.450000762939453,21.899999618530273,20.649999618530273,21.649999618530273,21310
2016-02-09,21.200000762939453,21.75,20.75,21.100000381469727,17535
2016-02-10,21.100000381469727,21.399999618530273,20.549999237060547,20.799999237060547,5797
2016-02-11,21.100000381469727,21.25,19.399999618530273,19.600000381469727,20236
2016-02-12,20.399999618530273,20.5,18.600000381469727,19.100000381469727,39534
2016-02-15,18.950000762939453,20.299999237060547,18.950000762939453,19.850000381469727,13366
2016-02-16,19.950000762939453,20.350000381469727,19.399999618530273,19.549999237060547,18042
2016-02-17,19.5,19.75,18.799999237060547,19.049999237060547,13803
2016-02-18,19.799999237060547,19.950000762939453,19.25,19.450000762939453,7084
2016-02-19,19.899999618530273,20.850000381469727,19.600000381469727,20.450000762939453,105267
2016-02-22,21.0,24.450000762939453,20.850000381469727,24.049999237060547,357921
2016-02-23,23.549999237060547,24.5,22.200000762939453,22.399999618530273,162801
2016-02-24,22.399999618530273,22.399999618530273,21.049999237060547,21.299999237060547,40283
2016-02-25,22.0,22.0,20.5,20.850000381469727,36251
2016-02-26,21.399999618530273,22.700000762939453,21.049999237060547,21.549999237060547,77404
2016-02-29,21.799999237060547,22.450000762939453,19.100000381469727,19.649999618530273,187838
2016-03-01,19.799999237060547,20.450000762939453,19.700000762939453,19.899999618530273,120105
2016-03-02,20.75,21.200000762939453,20.25,20.5,91362
2016-03-03,21.799999237060547,24.600000381469727,20.700000762939453,24.25,1222365
2016-03-04,24.700000762939453,25.350000381469727,23.25,24.049999237060547,618707
2016-03-08,24.049999237060547,24.350000381469727,22.799999237060547,23.100000381469727,97344
2016-03-09,23.100000381469727,23.100000381469727,22.0,22.149999618530273,115942
2016-03-10,22.299999237060547,22.399999618530273,21.450000762939453,21.5,120428
2016-03-11,21.5,21.649999618530273,20.799999237060547,21.049999237060547,111407
2016-03-14,21.649999618530273,22.450000762939453,21.049999237060547,21.850000381469727,257369
2016-03-15,22.5,22.5,21.049999237060547,21.200000762939453,76851
2016-03-16,21.100000381469727,21.5,21.0,21.200000762939453,53758
2016-03-17,21.25,21.899999618530273,20.700000762939453,20.950000762939453,56971
2016-03-18,21.0,21.350000381469727,20.549999237060547,20.850000381469727,51982
2016-03-21,20.799999237060547,22.200000762939453,20.549999237060547,21.350000381469727,75560
2016-03-22,21.799999237060547,22.0,21.299999237060547,21.600000381469727,58725
2016-03-23,21.450000762939453,21.649999618530273,21.200000762939453,21.399999618530273,29646
2016-03-28,21.600000381469727,21.700000762939453,21.100000381469727,21.25,19370
2016-03-29,21.299999237060547,21.399999618530273,20.399999618530273,20.600000381469727,66968
2016-03-30,21.149999618530273,21.700000762939453,20.850000381469727,21.149999618530273,110040
2016-03-31,21.299999237060547,21.799999237060547,21.100000381469727,21.299999237060547,35387
2016-04-01,21.5,21.899999618530273,21.299999237060547,21.75,89966
2016-04-04,21.200000762939453,22.549999237060547,21.200000762939453,21.75,112000
2016-04-05,21.700000762939453,21.850000381469727,20.899999618530273,21.0,51426
2016-04-06,21.100000381469727,21.700000762939453,20.850000381469727,21.399999618530273,33529
2016-04-07,21.600000381469727,22.299999237060547,21.200000762939453,21.600000381469727,85601
2016-04-08,21.700000762939453,21.950000762939453,21.299999237060547,21.600000381469727,80137
2016-04-11,21.649999618530273,22.350000381469727,21.399999618530273,21.75,119455
2016-04-12,22.25,22.649999618530273,22.100000381469727,22.299999237060547,144875
2016-04-13,22.450000762939453,23.899999618530273,22.450000762939453,23.350000381469727,253116
2016-04-18,23.299999237060547,23.5,22.75,22.899999618530273,59327
2016-04-20,23.0,24.0,22.649999618530273,23.350000381469727,101393
2016-04-21,23.399999618530273,23.549999237060547,22.549999237060547,22.649999618530273,39178
2016-04-22,22.549999237060547,23.25,22.399999618530273,22.700000762939453,62687
2016-04-25,22.799999237060547,23.850000381469727,22.200000762939453,23.149999618530273,93775
2016-04-26,23.399999618530273,24.5,23.0,23.75,407273
2016-04-27,24.0,25.799999237060547,23.899999618530273,25.049999237060547,423922
2016-04-28,24.899999618530273,25.0,23.950000762939453,24.149999618530273,70401
2016-04-29,24.149999618530273,24.399999618530273,23.549999237060547,23.899999618530273,35048
2016-05-02,24.200000762939453,24.799999237060547,23.0,24.25,114797
2016-05-03,24.899999618530273,25.0,23.899999618530273,24.0,85721
2016-05-04,24.0,24.350000381469727,23.200000762939453,23.5,37547
2016-05-05,23.899999618530273,23.899999618530273,22.75,22.899999618530273,81984
2016-05-06,23.350000381469727,23.899999618530273,22.75,23.399999618530273,124956
2016-05-09,23.75,23.75,23.200000762939453,23.399999618530273,21040
2016-05-10,23.799999237060547,23.799999237060547,23.200000762939453,23.350000381469727,43051
2016-05-11,23.25,23.649999618530273,23.049999237060547,23.100000381469727,58939
2016-05-12,23.299999237060547,24.899999618530273,23.200000762939453,24.649999618530273,165447
2016-05-13,25.850000381469727,27.700000762939453,25.75,26.600000381469727,1128931
2016-05-16,26.600000381469727,27.399999618530273,25.549999237060547,26.299999237060547,319821
2016-05-17,26.5,26.549999237060547,25.850000381469727,25.850000381469727,102927
2016-05-18,26.100000381469727,26.149999618530273,25.600000381469727,25.700000762939453,67742
2016-05-19,25.799999237060547,26.25,24.75,24.950000762939453,49192
2016-05-20,25.149999618530273,25.149999618530273,23.100000381469727,23.600000381469727,58190
2016-05-23,24.049999237060547,24.25,23.049999237060547,23.350000381469727,76840
2016-05-24,24.25,24.899999618530273,23.149999618530273,24.399999618530273,275916
2016-05-25,24.950000762939453,24.950000762939453,24.0,24.200000762939453,79524
2016-05-26,24.100000381469727,24.5,23.549999237060547,23.700000762939453,36649
2016-05-27,24.0,24.0,23.600000381469727,23.700000762939453,20858
2016-05-30,23.899999618530273,24.25,23.0,23.299999237060547,83758
2016-05-31,23.299999237060547,23.5,23.049999237060547,23.149999618530273,36044
2016-06-01,23.450000762939453,23.899999618530273,23.399999618530273,23.549999237060547,40210
2016-06-02,23.799999237060547,23.850000381469727,23.299999237060547,23.549999237060547,30196
2016-06-03,23.799999237060547,24.450000762939453,23.649999618530273,23.799999237060547,62781
2016-06-06,23.600000381469727,24.100000381469727,23.25,23.549999237060547,38302
2016-06-07,23.75,23.850000381469727,23.350000381469727,23.5,30567
2016-06-08,23.5,24.799999237060547,23.5,24.200000762939453,92192
2016-06-09,24.25,25.100000381469727,24.100000381469727,24.200000762939453,146380
2016-06-10,24.600000381469727,24.75,23.899999618530273,24.049999237060547,56641
2016-06-13,24.0,24.5,23.600000381469727,24.200000762939453,59611
2016-06-14,24.450000762939453,25.100000381469727,24.399999618530273,24.75,117933
2016-06-15,25.5,26.100000381469727,24.5,24.899999618530273,149927
2016-06-16,25.399999618530273,26.0,24.600000381469727,24.75,97036
2016-06-17,25.0,25.200000762939453,24.100000381469727,24.5,36964
2016-06-20,24.700000762939453,25.799999237060547,24.399999618530273,25.049999237060547,163368
2016-06-21,25.350000381469727,25.350000381469727,24.549999237060547,24.700000762939453,53858
2016-06-22,24.899999618530273,24.899999618530273,23.799999237060547,24.0,47848
2016-06-23,24.100000381469727,24.25,23.549999237060547,23.649999618530273,29895
2016-06-24,23.200000762939453,23.450000762939453,22.100000381469727,23.200000762939453,53550
2016-06-27,23.5,24.5,23.25,24.0,79574
2016-06-28,24.200000762939453,24.5,24.0,24.049999237060547,37207
2016-06-29,23.850000381469727,24.899999618530273,23.850000381469727,24.5,116620
2016-06-30,24.600000381469727,28.700000762939453,24.399999618530273,26.399999618530273,819848
2016-07-01,26.899999618530273,27.299999237060547,25.850000381469727,26.100000381469727,265453
2016-07-04,26.399999618530273,26.649999618530273,25.5,25.649999618530273,66893
2016-07-05,25.5,25.799999237060547,25.100000381469727,25.25,87525
2016-07-07,25.450000762939453,26.200000762939453,25.100000381469727,25.450000762939453,294602
2016-07-08,25.649999618530273,25.700000762939453,24.899999618530273,25.049999237060547,47587
2016-07-11,25.399999618530273,25.600000381469727,25.049999237060547,25.149999618530273,45697
2016-07-12,25.200000762939453,25.450000762939453,24.75,25.100000381469727,60380
2016-07-13,25.0,25.350000381469727,24.549999237060547,24.850000381469727,58866
2016-07-14,24.950000762939453,25.299999237060547,24.75,24.799999237060547,39726
2016-07-15,24.700000762939453,24.950000762939453,24.049999237060547,24.200000762939453,61752
2016-07-18,24.100000381469727,24.5,23.899999618530273,24.0,48031
2016-07-19,24.299999237060547,24.299999237060547,23.25,23.75,16348
2016-07-20,23.350000381469727,24.350000381469727,23.350000381469727,23.600000381469727,31112
2016-07-21,23.850000381469727,25.299999237060547,23.700000762939453,24.600000381469727,154870
2016-07-22,25.149999618530273,25.600000381469727,25.0,25.299999237060547,201623
2016-07-25,25.399999618530273,25.75,25.100000381469727,25.149999618530273,42463
2016-07-26,25.0,25.100000381469727,24.549999237060547,24.600000381469727,84202
2016-07-27,24.649999618530273,24.899999618530273,24.25,24.399999618530273,30465
2016-07-28,24.350000381469727,25.0,24.100000381469727,24.25,44412
2016-07-29,24.5,24.5,23.799999237060547,23.950000762939453,45680
2016-08-01,24.200000762939453,24.350000381469727,23.5,23.600000381469727,39886
2016-08-02,23.950000762939453,23.950000762939453,23.25,23.450000762939453,33996
2016-08-03,23.450000762939453,23.600000381469727,23.100000381469727,23.149999618530273,15075
2016-08-04,23.549999237060547,23.549999237060547,23.049999237060547,23.149999618530273,18105
2016-08-05,23.5,23.549999237060547,23.049999237060547,23.25,56271
2016-08-08,23.450000762939453,23.799999237060547,23.25,23.600000381469727,26875
2016-08-09,23.700000762939453,23.950000762939453,23.149999618530273,23.399999618530273,18798
2016-08-10,23.850000381469727,23.850000381469727,23.299999237060547,23.350000381469727,22149
2016-08-11,23.600000381469727,23.600000381469727,22.649999618530273,22.850000381469727,32897
2016-08-12,23.149999618530273,23.200000762939453,22.850000381469727,23.049999237060547,21920
2016-08-16,22.799999237060547,23.149999618530273,22.5,22.649999618530273,31298
2016-08-17,23.25,23.25,22.5,22.649999618530273,37013
2016-08-18,22.649999618530273,23.200000762939453,22.549999237060547,22.950000762939453,19513
2016-08-19,23.0,23.700000762939453,22.75,23.5,91209
2016-08-22,23.5,24.25,23.399999618530273,23.899999618530273,62940
2016-08-23,24.0,24.25,23.5,23.549999237060547,57037
2016-08-24,23.600000381469727,24.700000762939453,23.600000381469727,23.950000762939453,192120
2016-08-25,24.100000381469727,24.25,23.5,23.600000381469727,29469
2016-08-26,23.799999237060547,23.799999237060547,23.100000381469727,23.700000762939453,39000
2016-08-29,23.5,23.799999237060547,22.950000762939453,23.299999237060547,43086
2016-08-30,23.299999237060547,23.399999618530273,22.899999618530273,23.100000381469727,25015
2016-08-31,23.0,23.5,22.950000762939453,23.0,41441
2016-09-01,22.899999618530273,23.200000762939453,22.5,22.75,34737
2016-09-02,22.950000762939453,23.200000762939453,22.549999237060547,22.75,19485
2016-09-06,22.75,23.5,22.75,23.0,28936
2016-09-07,23.0,23.299999237060547,22.700000762939453,22.950000762939453,12024
2016-09-08,23.200000762939453,23.450000762939453,23.0,23.200000762939453,79582
2016-09-09,23.399999618530273,23.75,23.149999618530273,23.200000762939453,38250
2016-09-12,23.049999237060547,23.149999618530273,22.049999237060547,22.850000381469727,32817
2016-09-14,23.200000762939453,23.799999237060547,22.899999618530273,23.350000381469727,26098
2016-09-15,23.5,23.549999237060547,23.0,23.049999237060547,61454
2016-09-16,23.299999237060547,23.450000762939453,22.649999618530273,22.700000762939453,36553
2016-09-19,22.850000381469727,23.350000381469727,22.850000381469727,23.299999237060547,28357
2016-09-20,23.450000762939453,23.450000762939453,23.049999237060547,23.200000762939453,8014
2016-09-21,23.299999237060547,23.600000381469727,23.049999237060547,23.049999237060547,21052
2016-09-22,23.450000762939453,23.450000762939453,23.049999237060547,23.149999618530273,32173
2016-09-23,23.049999237060547,23.350000381469727,22.850000381469727,23.149999618530273,24432
2016-09-26,23.450000762939453,23.450000762939453,22.600000381469727,22.799999237060547,22375
2016-09-27,23.0,23.600000381469727,22.799999237060547,23.049999237060547,58724
2016-09-28,23.399999618530273,23.600000381469727,23.100000381469727,23.399999618530273,41663
2016-09-29,23.600000381469727,24.149999618530273,21.799999237060547,22.100000381469727,144191
2016-09-30,22.100000381469727,23.600000381469727,22.100000381469727,22.75,42855
2016-10-03,23.200000762939453,23.25,22.799999237060547,23.049999237060547,72742
2016-10-04,23.200000762939453,23.25,22.850000381469727,23.049999237060547,27678
2016-10-05,23.549999237060547,23.549999237060547,23.100000381469727,23.200000762939453,64701
2016-10-06,23.350000381469727,23.399999618530273,22.899999618530273,22.950000762939453,39052
2016-10-07,23.399999618530273,23.850000381469727,23.25,23.549999237060547,160882
2016-10-10,23.299999237060547,23.799999237060547,23.299999237060547,23.600000381469727,23324
2016-10-13,23.649999618530273,23.700000762939453,23.0,23.350000381469727,26564
2016-10-14,23.600000381469727,23.649999618530273,23.25,23.450000762939453,29073
2016-10-17,23.549999237060547,24.450000762939453,23.200000762939453,23.700000762939453,82862
2016-10-18,23.950000762939453,24.399999618530273,23.700000762939453,23.850000381469727,68378
2016-10-19,24.200000762939453,25.899999618530273,23.5,25.049999237060547,532156
2016-10-20,25.100000381469727,25.25,24.100000381469727,24.299999237060547,165424
2016-10-21,24.5,24.5,23.700000762939453,23.799999237060547,84524
2016-10-24,23.450000762939453,24.799999237060547,23.0,24.25,142817
2016-10-25,23.75,24.899999618530273,23.75,24.350000381469727,98448
2016-10-26,24.5,24.75,24.0,24.149999618530273,77894
2016-10-27,24.350000381469727,24.700000762939453,23.799999237060547,24.149999618530273,39186
2016-10-28,24.100000381469727,25.0,23.850000381469727,24.25,37829
2016-11-01,24.350000381469727,26.350000381469727,24.350000381469727,25.049999237060547,329849
2016-11-02,24.600000381469727,24.950000762939453,24.25,24.549999237060547,40860
2016-11-03,24.899999618530273,25.299999237060547,23.799999237060547,24.049999237060547,58361
2016-11-04,24.899999618530273,25.399999618530273,24.0,24.549999237060547,425433
2016-11-07,24.75,24.75,24.0,24.049999237060547,45510
2016-11-08,24.399999618530273,24.399999618530273,23.299999237060547,23.600000381469727,51609
2016-11-09,19.649999618530273,22.950000762939453,19.299999237060547,22.850000381469727,58929
2016-11-10,22.299999237060547,24.0,22.299999237060547,23.700000762939453,24961
2016-11-11,23.649999618530273,23.649999618530273,22.5,22.649999618530273,23460
2016-11-15,22.600000381469727,23.350000381469727,21.399999618530273,21.549999237060547,63414
2016-11-16,22.399999618530273,22.399999618530273,21.200000762939453,21.649999618530273,19173
2016-11-17,21.950000762939453,21.950000762939453,21.25,21.5,17327
2016-11-18,21.899999618530273,21.899999618530273,21.149999618530273,21.25,43005
2016-11-21,21.5,21.5,20.75,20.799999237060547,25773
2016-11-22,21.350000381469727,21.350000381469727,20.700000762939453,20.899999618530273,20075
2016-11-23,21.399999618530273,21.399999618530273,20.850000381469727,21.149999618530273,25493
2016-11-24,20.649999618530273,21.950000762939453,20.649999618530273,21.5,32213
2016-11-25,21.799999237060547,22.5,21.399999618530273,21.899999618530273,22687
2016-11-28,22.200000762939453,22.649999618530273,22.0,22.200000762939453,20555
2016-11-29,22.799999237060547,22.950000762939453,22.299999237060547,22.600000381469727,32591
2016-11-30,22.899999618530273,23.5,22.700000762939453,23.049999237060547,28519
2016-12-01,23.200000762939453,24.200000762939453,22.799999237060547,23.25,35043
2016-12-02,23.450000762939453,23.450000762939453,22.5,22.600000381469727,42186
2016-12-05,22.5,23.399999618530273,22.399999618530273,22.75,29342
2016-12-06,23.299999237060547,23.299999237060547,22.700000762939453,22.899999618530273,18887
2016-12-07,23.100000381469727,23.75,22.850000381469727,23.5,57153
2016-12-08,25.399999618530273,26.149999618530273,24.600000381469727,25.0,451201
2016-12-09,25.100000381469727,25.100000381469727,23.799999237060547,24.0,84784
2016-12-12,23.5,24.450000762939453,23.299999237060547,23.5,46574
2016-12-13,23.549999237060547,25.0,23.5,24.299999237060547,94209
2016-12-14,24.700000762939453,24.700000762939453,23.600000381469727,23.75,26583
2016-12-15,24.0,24.200000762939453,23.25,23.399999618530273,27233
2016-12-16,23.899999618530273,23.899999618530273,22.649999618530273,22.950000762939453,24215
2016-12-19,23.200000762939453,25.799999237060547,23.049999237060547,24.049999237060547,223493
2016-12-20,24.649999618530273,24.649999618530273,23.5,23.549999237060547,18864
2016-12-21,23.399999618530273,24.25,23.399999618530273,23.649999618530273,28121
2016-12-22,23.899999618530273,23.899999618530273,23.049999237060547,23.149999618530273,18102
2016-12-23,23.399999618530273,23.399999618530273,22.649999618530273,22.799999237060547,32340
2016-12-26,22.950000762939453,22.950000762939453,22.399999618530273,22.549999237060547,21405
2016-12-27,23.0,23.850000381469727,22.600000381469727,23.0,25806
2016-12-28,23.450000762939453,23.75,23.0,23.0,25409
2016-12-29,23.350000381469727,24.450000762939453,22.850000381469727,23.75,72186
2016-12-30,24.25,24.850000381469727,23.75,23.899999618530273,72647
2017-01-02,25.0,25.5,24.149999618530273,24.649999618530273,216117
2017-01-03,24.850000381469727,25.0,24.149999618530273,24.299999237060547,65229
2017-01-04,24.700000762939453,26.899999618530273,24.0,26.200000762939453,586741
2017-01-05,26.450000762939453,27.200000762939453,26.0,26.75,591721
2017-01-06,26.75,27.399999618530273,25.549999237060547,27.0,550523
2017-01-09,27.200000762939453,28.0,26.649999618530273,27.5,570633
2017-01-10,27.600000381469727,27.950000762939453,27.100000381469727,27.350000381469727,339401
2017-01-11,27.399999618530273,27.649999618530273,26.75,26.899999618530273,128656
2017-01-12,26.950000762939453,27.25,26.25,26.450000762939453,92327
2017-01-13,27.25,28.899999618530273,26.549999237060547,28.0,972291
2017-01-16,28.0,28.5,27.700000762939453,28.100000381469727,379577
2017-01-17,28.450000762939453,33.70000076293945,27.600000381469727,33.70000076293945,3430830
2017-01-18,33.29999923706055,37.70000076293945,32.04999923706055,36.849998474121094,5150171
2017-01-19,36.900001525878906,38.54999923706055,35.25,37.45000076293945,2345603
2017-01-20,36.900001525878906,38.25,35.900001525878906,36.70000076293945,1025459
2017-01-23,36.79999923706055,38.0,36.54999923706055,36.75,552008
2017-01-24,37.099998474121094,37.849998474121094,37.0,37.20000076293945,641511
2017-01-25,37.29999923706055,37.75,36.25,36.599998474121094,270155
2017-01-27,36.29999923706055,36.95000076293945,32.95000076293945,33.54999923706055,657177
2017-01-30,33.5,35.349998474121094,30.200000762939453,30.350000381469727,1387720
2017-01-31,29.950000762939453,30.799999237060547,28.049999237060547,29.700000762939453,943923
2017-02-01,30.700000762939453,31.850000381469727,29.75,31.350000381469727,1254162
2017-02-02,31.5,31.899999618530273,30.25,30.899999618530273,311616
2017-02-03,30.799999237060547,33.95000076293945,30.700000762939453,33.849998474121094,1088178
2017-02-06,34.70000076293945,35.400001525878906,34.04999923706055,34.349998474121094,622032
2017-02-07,35.5,35.79999923706055,34.349998474121094,34.5,620280
2017-02-08,34.650001525878906,36.75,34.54999923706055,35.95000076293945,827448
2017-02-09,36.349998474121094,37.099998474121094,35.150001525878906,36.849998474121094,1041591
2017-02-10,37.04999923706055,37.849998474121094,37.0,37.25,580731
2017-02-13,37.849998474121094,37.849998474121094,36.599998474121094,37.150001525878906,497377
2017-02-14,37.45000076293945,37.45000076293945,36.650001525878906,36.95000076293945,229915
2017-02-15,37.900001525878906,38.45000076293945,36.29999923706055,37.0,315605
2017-02-16,37.45000076293945,38.099998474121094,36.79999923706055,37.599998474121094,351419
2017-02-17,37.70000076293945,38.0,37.150001525878906,37.349998474121094,339957
2017-02-20,37.599998474121094,38.20000076293945,37.0,37.599998474121094,336282
2017-02-21,37.900001525878906,38.400001525878906,37.04999923706055,37.400001525878906,243226
2017-02-22,37.5,37.650001525878906,36.849998474121094,36.95000076293945,252072
2017-02-23,37.29999923706055,37.29999923706055,36.04999923706055,36.25,81212
2017-02-27,36.349998474121094,37.0,35.099998474121094,35.29999923706055,112961
2017-02-28,35.5,35.900001525878906,32.849998474121094,33.5,262807
2017-03-01,33.849998474121094,33.900001525878906,33.0,33.150001525878906,146998
2017-03-02,33.400001525878906,34.79999923706055,33.29999923706055,33.79999923706055,161961
2017-03-03,35.20000076293945,35.400001525878906,34.25,34.849998474121094,330942
2017-03-06,35.150001525878906,35.349998474121094,34.099998474121094,34.25,108109
2017-03-07,34.29999923706055,35.099998474121094,33.70000076293945,33.95000076293945,101242
2017-03-08,34.099998474121094,34.25,33.29999923706055,33.54999923706055,91351
2017-03-09,35.0,35.099998474121094,33.5,33.79999923706055,213762
2017-03-10,34.349998474121094,34.400001525878906,33.150001525878906,33.54999923706055,100440
2017-03-14,33.900001525878906,35.95000076293945,33.79999923706055,35.75,337754
2017-03-15,35.79999923706055,35.900001525878906,33.79999923706055,34.0,326011
2017-03-16,34.0,34.400001525878906,33.45000076293945,33.5,163609
2017-03-17,33.75,33.900001525878906,33.150001525878906,33.25,112991
2017-03-20,33.599998474121094,34.0,32.900001525878906,33.099998474121094,811680
2017-03-21,34.25,34.70000076293945,33.29999923706055,34.0,778239
2017-03-22,33.79999923706055,34.54999923706055,33.0,33.599998474121094,241478
2017-03-23,34.45000076293945,35.04999923706055,33.5,33.75,415677
2017-03-24,33.900001525878906,34.650001525878906,33.45000076293945,33.75,216154
2017-03-27,33.599998474121094,34.29999923706055,33.5,33.849998474121094,148834
2017-03-28,34.0,35.75,33.75,34.599998474121094,335273
2017-03-29,35.70000076293945,35.95000076293945,34.900001525878906,35.45000076293945,467215
2017-03-30,35.25,37.0,35.25,36.54999923706055,390908
2017-03-31,39.29999923706055,43.349998474121094,38.45000076293945,41.599998474121094,5436645
2017-04-03,41.849998474121094,41.849998474121094,37.900001525878906,38.75,1130769
2017-04-05,38.95000076293945,39.5,38.349998474121094,38.5,774310
2017-04-06,38.5,38.5,37.20000076293945,37.29999923706055,313721
2017-04-07,36.900001525878906,40.650001525878906,36.5,38.45000076293945,1005674
2017-04-10,38.849998474121094,40.0,38.599998474121094,38.849998474121094,418959
2017-04-11,39.0,39.79999923706055,38.400001525878906,38.54999923706055,209614
2017-04-12,39.599998474121094,39.849998474121094,38.45000076293945,39.04999923706055,438599
2017-04-13,38.75,39.900001525878906,38.29999923706055,38.45000076293945,155011
2017-04-17,39.04999923706055,44.70000076293945,38.650001525878906,41.099998474121094,2071741
2017-04-18,41.349998474121094,42.650001525878906,39.25,39.54999923706055,508787
2017-04-19,39.650001525878906,42.29999923706055,39.04999923706055,40.349998474121094,664948
2017-04-20,40.25,42.400001525878906,40.25,41.400001525878906,610876
2017-04-21,41.849998474121094,42.20000076293945,40.54999923706055,40.900001525878906,410053
2017-04-24,41.95000076293945,43.70000076293945,41.95000076293945,42.70000076293945,644982
2017-04-25,43.099998474121094,43.20000076293945,41.75,41.849998474121094,250608
2017-04-26,42.099998474121094,42.150001525878906,40.0,40.70000076293945,269621
2017-04-27,40.900001525878906,48.79999923706055,39.900001525878906,47.75,6189485
2017-04-28,47.599998474121094,54.400001525878906,46.0,52.79999923706055,5266220
2017-05-02,53.099998474121094,62.5,53.099998474121094,61.650001525878906,6299321
2017-05-03,61.0,63.79999923706055,58.349998474121094,60.45000076293945,3043682
2017-05-04,60.45000076293945,62.70000076293945,57.0,61.29999923706055,2353250
2017-05-05,60.599998474121094,62.150001525878906,58.5,59.650001525878906,1263445
2017-05-08,60.0,61.75,58.29999923706055,60.099998474121094,1084702
2017-05-09,60.400001525878906,60.75,58.29999923706055,58.79999923706055,683586
2017-05-10,61.0,63.5,60.70000076293945,61.20000076293945,2160362
2017-05-11,61.400001525878906,62.20000076293945,59.75,60.150001525878906,560627
2017-05-12,60.5,60.650001525878906,59.099998474121094,59.45000076293945,387679
2017-05-15,62.349998474121094,62.45000076293945,60.54999923706055,61.349998474121094,732392
2017-05-16,61.5,61.900001525878906,60.20000076293945,60.5,299354
2017-05-17,60.75,61.20000076293945,59.099998474121094,59.400001525878906,248333
2017-05-18,58.79999923706055,60.599998474121094,55.0,56.400001525878906,442035
2017-05-19,56.25,57.650001525878906,53.5,54.349998474121094,374030
2017-05-22,54.599998474121094,55.5,50.20000076293945,51.400001525878906,248291
2017-05-23,51.54999923706055,51.75,46.349998474121094,46.849998474121094,536804
2017-05-24,46.75,48.25,44.599998474121094,44.849998474121094,472338
2017-05-25,45.099998474121094,47.04999923706055,45.0,46.95000076293945,375477
2017-05-26,47.599998474121094,49.25,47.5,49.25,204862
2017-05-29,49.70000076293945,51.70000076293945,48.599998474121094,49.25,322799
2017-05-30,50.0,51.70000076293945,46.900001525878906,51.25,116962
2017-05-31,52.400001525878906,52.900001525878906,49.20000076293945,50.599998474121094,89327
2017-06-01,51.400001525878906,51.400001525878906,49.099998474121094,49.5,44691
2017-06-02,49.0,50.599998474121094,48.599998474121094,48.849998474121094,35695
2017-06-05,49.04999923706055,49.70000076293945,47.099998474121094,48.75,46884
2017-06-06,49.95000076293945,50.5,49.0,49.20000076293945,59372
2017-06-07,49.75,49.75,48.0,48.599998474121094,20810
2017-06-08,49.099998474121094,49.099998474121094,46.349998474121094,47.0,50256
2017-06-09,47.0,47.5,45.20000076293945,46.25,76136
2017-06-12,48.45000076293945,48.45000076293945,45.150001525878906,45.400001525878906,27272
2017-06-13,45.400001525878906,46.29999923706055,44.25,44.599998474121094,27885
2017-06-14,46.79999923706055,46.79999923706055,45.599998474121094,46.79999923706055,95792
2017-06-15,48.0,48.0,45.150001525878906,45.54999923706055,40777
2017-06-16,45.650001525878906,46.0,44.5,45.349998474121094,25910
2017-06-19,44.349998474121094,46.0,44.0,44.54999923706055,31386
2017-06-20,45.20000076293945,46.75,44.54999923706055,45.0,33523
2017-06-21,45.0,45.70000076293945,44.150001525878906,45.0,18240
2017-06-22,45.0,45.650001525878906,43.900001525878906,44.099998474121094,25869
2017-06-23,42.20000076293945,45.400001525878906,42.20000076293945,42.79999923706055,25664
2017-06-27,43.95000076293945,43.95000076293945,41.0,41.150001525878906,19540
2017-06-28,41.5,41.900001525878906,40.54999923706055,40.79999923706055,17491
2017-06-29,40.900001525878906,42.349998474121094,40.75,41.099998474121094,21067
2017-06-30,42.650001525878906,43.150001525878906,42.0,42.849998474121094,59536
2017-07-03,44.95000076293945,44.95000076293945,43.70000076293945,44.95000076293945,50414
2017-07-04,46.5,46.5,43.599998474121094,44.599998474121094,17420
2017-07-05,44.599998474121094,45.599998474121094,44.0,44.79999923706055,42280
2017-07-06,44.599998474121094,44.900001525878906,42.75,43.5,36516
2017-07-07,43.0,44.400001525878906,43.0,43.0,22872
2017-07-10,43.79999923706055,45.150001525878906,42.54999923706055,43.5,3054
2017-07-11,43.5,44.29999923706055,42.25,42.79999923706055,19686
2017-07-12,42.150001525878906,43.20000076293945,41.650001525878906,42.79999923706055,30981
2017-07-13,43.0,43.95000076293945,43.0,43.04999923706055,29727
2017-07-14,44.0,44.0,43.0,43.0,35768
2017-07-17,43.0,43.79999923706055,43.0,43.099998474121094,7042
2017-07-18,43.5,43.5,42.150001525878906,42.54999923706055,22130
2017-07-19,44.650001525878906,44.650001525878906,41.79999923706055,42.29999923706055,32569
2017-07-20,42.29999923706055,44.20000076293945,41.0,42.0,26137
2017-07-21,42.29999923706055,43.45000076293945,41.25,41.349998474121094,24651
2017-07-24,41.5,42.70000076293945,41.20000076293945,42.0,26187
2017-07-25,41.79999923706055,42.45000076293945,41.0,41.75,15201
2017-07-26,41.75,42.54999923706055,41.29999923706055,41.54999923706055,25783
2017-07-27,42.0,42.5,41.0,41.20000076293945,16759
2017-07-28,41.900001525878906,41.900001525878906,40.0,40.04999923706055,29329
2017-07-31,40.900001525878906,40.900001525878906,39.25,39.45000076293945,25658
2017-08-01,40.0,40.0,38.599998474121094,39.150001525878906,19312
2017-08-02,39.79999923706055,41.0,39.099998474121094,39.599998474121094,45353
2017-08-03,39.70000076293945,39.900001525878906,38.150001525878906,38.5,24705
2017-08-04,38.5,39.79999923706055,37.5,39.20000076293945,27239
2017-08-07,39.0,39.0,38.20000076293945,38.79999923706055,12065
2017-08-08,40.70000076293945,40.70000076293945,38.20000076293945,38.25,19799
2017-08-09,38.0,38.900001525878906,37.400001525878906,37.900001525878906,22097
2017-08-10,37.849998474121094,38.099998474121094,36.04999923706055,36.04999923706055,32646
2017-08-11,35.0,35.0,34.25,34.25,52752
2017-08-14,34.0,35.900001525878906,34.0,34.70000076293945,13811
2017-08-16,34.25,34.400001525878906,33.5,34.150001525878906,30890
2017-08-17,35.400001525878906,35.849998474121094,34.04999923706055,35.849998474121094,15490
2017-08-18,35.650001525878906,36.0,34.099998474121094,35.25,26281
2017-08-21,35.70000076293945,37.0,35.70000076293945,37.0,30719
2017-08-22,37.5,37.5,35.75,36.25,19047
2017-08-23,34.75,37.400001525878906,34.599998474121094,36.900001525878906,44219
2017-08-24,36.099998474121094,38.70000076293945,36.099998474121094,38.70000076293945,49498
2017-08-28,40.0,40.599998474121094,38.70000076293945,40.599998474121094,51137
2017-08-29,42.0,42.599998474121094,40.900001525878906,42.45000076293945,398313
2017-08-30,43.0,44.400001525878906,41.400001525878906,41.849998474121094,139293
2017-08-31,43.0,43.0,41.29999923706055,41.5,58053
2017-09-01,41.349998474121094,43.0,41.349998474121094,42.150001525878906,96954
2017-09-04,42.04999923706055,44.25,41.5,42.04999923706055,206384
2017-09-05,42.95000076293945,44.150001525878906,42.150001525878906,44.150001525878906,252853
2017-09-06,46.0,46.150001525878906,43.599998474121094,45.29999923706055,221687
2017-09-07,45.54999923706055,46.900001525878906,45.0,46.5,214696
2017-09-08,46.70000076293945,47.25,44.650001525878906,44.95000076293945,75855
2017-09-11,46.75,47.150001525878906,46.0,47.0,264482
2017-09-12,48.29999923706055,48.849998474121094,47.75,48.04999923706055,199231
2017-09-13,48.650001525878906,48.75,46.400001525878906,46.650001525878906,141058
2017-09-14,47.0,47.25,44.79999923706055,45.0,100519
2017-09-15,44.5,47.0,43.70000076293945,46.099998474121094,131229
2017-09-18,46.54999923706055,47.29999923706055,45.0,45.650001525878906,147359
2017-09-19,47.20000076293945,47.5,45.29999923706055,45.599998474121094,233621
2017-09-20,46.25,46.25,44.0,44.20000076293945,90919
2017-09-21,45.0,45.5,43.0,44.04999923706055,76007
2017-09-22,44.20000076293945,44.20000076293945,42.099998474121094,42.349998474121094,51052
2017-09-25,42.25,42.25,40.25,40.25,72998
2017-09-26,40.25,41.0,39.0,40.25,73762
2017-09-27,41.75,42.0,38.5,38.650001525878906,304186
2017-09-28,39.650001525878906,39.650001525878906,38.599998474121094,39.099998474121094,44619
2017-09-29,39.900001525878906,39.900001525878906,39.0,39.099998474121094,54685
2017-10-03,39.29999923706055,40.70000076293945,38.150001525878906,38.54999923706055,25627
2017-10-04,38.70000076293945,39.400001525878906,38.5,38.650001525878906,46177
2017-10-05,38.70000076293945,39.099998474121094,38.099998474121094,38.25,40664
2017-10-06,39.20000076293945,40.150001525878906,38.349998474121094,39.29999923706055,89398
2017-10-09,39.150001525878906,40.0,38.5,38.70000076293945,85331
2017-10-10,38.79999923706055,39.75,38.70000076293945,39.400001525878906,44981
2017-10-11,41.0,41.349998474121094,39.75,40.29999923706055,161708
2017-10-12,41.5,42.29999923706055,41.349998474121094,42.29999923706055,262497
2017-10-13,43.29999923706055,44.400001525878906,42.5,43.54999923706055,480363
2017-10-16,44.0,44.75,42.5,42.75,58915
2017-10-17,42.0,43.25,41.400001525878906,41.75,38192
2017-10-18,41.54999923706055,41.79999923706055,40.599998474121094,41.04999923706055,37789
2017-10-19,42.0,42.400001525878906,41.04999923706055,41.29999923706055,7794
2017-10-23,41.650001525878906,41.650001525878906,40.04999923706055,40.400001525878906,29997
2017-10-24,41.79999923706055,42.400001525878906,40.599998474121094,41.79999923706055,157135
2017-10-25,42.0,42.400001525878906,41.25,41.5,66165
2017-10-26,42.75,43.54999923706055,42.599998474121094,43.099998474121094,599902
2017-10-27,43.45000076293945,43.900001525878906,41.20000076293945,41.45000076293945,144932
2017-10-30,42.25,42.25,41.29999923706055,41.54999923706055,38225
2017-10-31,41.349998474121094,41.75,40.5,41.150001525878906,57275
2017-11-01,41.75,43.20000076293945,41.0,43.20000076293945,277493
2017-11-02,43.79999923706055,44.900001525878906,42.5,42.599998474121094,233261
2017-11-03,43.099998474121094,43.400001525878906,42.0,42.099998474121094,64198
2017-11-06,42.099998474121094,42.900001525878906,41.79999923706055,42.54999923706055,54509
2017-11-07,44.400001525878906,44.5,42.599998474121094,42.79999923706055,191890
2017-11-08,43.5,43.5,40.849998474121094,40.95000076293945,77911
2017-11-09,41.099998474121094,41.849998474121094,40.5,40.70000076293945,75892
2017-11-10,41.20000076293945,41.599998474121094,40.45000076293945,40.849998474121094,67643
2017-11-13,40.75,41.0,40.0,40.099998474121094,31262
2017-11-14,40.25,40.650001525878906,39.25,39.349998474121094,46137
2017-11-15,39.5,39.5,38.400001525878906,38.599998474121094,41035
2017-11-16,38.79999923706055,40.29999923706055,38.79999923706055,39.70000076293945,71130
2017-11-17,40.75,41.650001525878906,40.0,41.650001525878906,86350
2017-11-20,43.70000076293945,43.70000076293945,42.70000076293945,43.70000076293945,151659
2017-11-21,45.849998474121094,45.849998474121094,42.0,42.349998474121094,173762
2017-11-22,42.70000076293945,42.79999923706055,41.29999923706055,41.650001525878906,67928
2017-11-23,41.349998474121094,42.79999923706055,41.150001525878906,41.79999923706055,60981
2017-11-24,41.849998474121094,43.29999923706055,41.849998474121094,42.04999923706055,25954
2017-11-27,41.5,43.20000076293945,41.349998474121094,42.5,33007
2017-11-28,43.849998474121094,44.599998474121094,43.04999923706055,43.45000076293945,353637
2017-11-29,43.0,44.70000076293945,42.70000076293945,42.95000076293945,93602
2017-11-30,43.79999923706055,44.29999923706055,43.099998474121094,43.29999923706055,113249
2017-12-01,43.79999923706055,44.400001525878906,42.5,42.849998474121094,106539
2017-12-04,42.95000076293945,43.45000076293945,41.349998474121094,41.54999923706055,68854
2017-12-05,41.0,41.70000076293945,40.54999923706055,40.79999923706055,27925
2017-12-06,42.79999923706055,42.79999923706055,42.099998474121094,42.79999923706055,75622
2017-12-07,43.70000076293945,47.04999923706055,43.150001525878906,47.04999923706055,540147
2017-12-08,47.95000076293945,51.29999923706055,47.95000076293945,49.75,590957
2017-12-11,53.0,53.29999923706055,50.54999923706055,51.5,502577
2017-12-12,51.54999923706055,52.0,48.20000076293945,49.099998474121094,130048
2017-12-13,49.45000076293945,49.650001525878906,46.0,46.75,114593
2017-12-14,46.95000076293945,46.95000076293945,44.29999923706055,45.650001525878906,87649
2017-12-15,47.0,48.0,46.099998474121094,46.599998474121094,102624
2017-12-18,46.70000076293945,49.400001525878906,43.0,47.849998474121094,236333
2017-12-19,49.5,51.0,49.0,50.150001525878906,622342
2017-12-20,50.5,52.79999923706055,49.150001525878906,50.599998474121094,354105
2017-12-21,51.04999923706055,52.25,50.5,50.95000076293945,154813
2017-12-22,51.45000076293945,52.5,50.650001525878906,51.25,140234
2017-12-26,52.20000076293945,53.5,52.04999923706055,52.849998474121094,211282
2017-12-27,53.349998474121094,55.95000076293945,52.5,52.75,591412
2017-12-28,53.900001525878906,54.79999923706055,52.099998474121094,52.95000076293945,283766
2017-12-29,53.150001525878906,54.04999923706055,52.25,52.650001525878906,220381
2018-01-01,52.900001525878906,53.900001525878906,51.54999923706055,52.25,243939
2018-01-02,53.75,54.900001525878906,52.79999923706055,53.599998474121094,279690
2018-01-03,56.5,58.95000076293945,55.0,58.95000076293945,1030224
2018-01-04,62.0,62.0,57.75,58.45000076293945,814792
2018-01-05,58.900001525878906,59.29999923706055,57.5,57.95000076293945,181595
2018-01-08,58.04999923706055,58.70000076293945,56.70000076293945,57.150001525878906,217495
2018-01-09,57.099998474121094,57.54999923706055,55.5,55.650001525878906,116928
2018-01-10,55.75,56.400001525878906,54.099998474121094,54.29999923706055,92265
2018-01-11,54.099998474121094,56.900001525878906,53.599998474121094,56.150001525878906,221543
2018-01-12,56.650001525878906,57.5,54.54999923706055,55.29999923706055,125067
2018-01-15,55.70000076293945,60.79999923706055,55.650001525878906,60.79999923706055,1212465
2018-01-16,61.70000076293945,61.79999923706055,56.20000076293945,57.150001525878906,529708
2018-01-17,57.150001525878906,58.0,53.54999923706055,56.900001525878906,188329
2018-01-18,57.45000076293945,57.70000076293945,54.0,54.75,124638
2018-01-19,56.900001525878906,59.0,55.150001525878906,57.95000076293945,391016
2018-01-22,56.54999923706055,57.45000076293945,56.29999923706055,56.79999923706055,138239
2018-01-23,57.25,57.25,55.5,55.70000076293945,127308
2018-01-24,55.349998474121094,55.349998474121094,54.0,54.349998474121094,105357
2018-01-25,54.5,59.75,53.150001525878906,58.70000076293945,1779772
2018-01-29,63.79999923706055,63.79999923706055,61.04999923706055,61.45000076293945,1000634
2018-01-30,61.45000076293945,64.19999694824219,58.150001525878906,61.95000076293945,727091
2018-01-31,61.400001525878906,64.0,60.20000076293945,63.349998474121094,521527
2018-02-01,63.79999923706055,65.69999694824219,57.04999923706055,57.5,1336280
2018-02-02,57.25,57.25,51.75,51.75,502674
2018-02-05,49.0,49.900001525878906,46.599998474121094,48.400001525878906,340851
2018-02-06,43.70000076293945,46.400001525878906,43.650001525878906,44.75,244333
2018-02-07,46.599998474121094,46.95000076293945,45.650001525878906,46.849998474121094,166137
2018-02-08,47.54999923706055,49.150001525878906,47.099998474121094,48.95000076293945,158885
2018-02-09,48.5,49.900001525878906,47.099998474121094,48.70000076293945,122834
2018-02-12,49.900001525878906,50.849998474121094,49.04999923706055,50.0,93794
2018-02-14,51.099998474121094,51.70000076293945,49.29999923706055,49.849998474121094,92370
2018-02-15,50.25,50.45000076293945,47.849998474121094,48.25,58842
2018-02-16,48.20000076293945,49.900001525878906,45.849998474121094,46.099998474121094,145227
2018-02-19,46.5,46.5,44.650001525878906,45.900001525878906,54894
2018-02-20,45.599998474121094,46.400001525878906,45.349998474121094,46.099998474121094,46901
2018-02-21,46.95000076293945,47.0,44.5,44.900001525878906,40940
2018-02-22,44.599998474121094,45.0,44.0,44.25,38315
2018-02-23,44.75,46.45000076293945,44.400001525878906,46.29999923706055,82307
2018-02-26,46.29999923706055,47.5,46.20000076293945,46.75,44317
2018-02-27,48.150001525878906,48.79999923706055,46.849998474121094,47.099998474121094,79355
2018-02-28,46.70000076293945,46.95000076293945,45.5,46.0,35113
2018-03-01,47.45000076293945,47.45000076293945,45.75,45.849998474121094,44093
2018-03-05,46.900001525878906,48.099998474121094,46.400001525878906,48.099998474121094,252149
2018-03-06,49.599998474121094,50.5,48.599998474121094,49.54999923706055,185456
2018-03-07,52.0,52.0,52.0,52.0,117469
2018-03-08,54.599998474121094,54.599998474121094,54.599998474121094,54.599998474121094,599216
2018-03-09,57.29999923706055,57.29999923706055,57.29999923706055,57.29999923706055,132562
2018-03-12,60.150001525878906,60.150001525878906,57.5,60.150001525878906,923267
2018-03-13,62.79999923706055,62.79999923706055,60.150001525878906,61.400001525878906,525687
2018-03-14,60.25,62.0,58.349998474121094,61.099998474121094,506266
2018-03-15,64.1500015258789,64.1500015258789,63.20000076293945,64.0,1231075
2018-03-16,64.5,64.5,60.79999923706055,61.150001525878906,389799
2018-03-19,61.0,61.04999923706055,58.099998474121094,58.099998474121094,145871
2018-03-20,55.20000076293945,55.20000076293945,55.20000076293945,55.20000076293945,39171
2018-03-21,53.400001525878906,56.45000076293945,52.45000076293945,52.45000076293945,282110
2018-03-22,53.45000076293945,54.849998474121094,52.5,52.75,148708
2018-03-23,51.0,51.099998474121094,50.150001525878906,50.150001525878906,52584
2018-03-26,50.900001525878906,52.650001525878906,47.650001525878906,52.650001525878906,271226
2018-03-27,55.25,55.25,52.5,53.099998474121094,123473
2018-03-28,52.45000076293945,52.45000076293945,50.650001525878906,51.0,97668
2018-04-02,52.849998474121094,53.54999923706055,51.5,53.29999923706055,203160
2018-04-03,52.20000076293945,53.45000076293945,51.5,52.75,140020
2018-04-04,53.5,53.900001525878906,51.400001525878906,51.70000076293945,162753
2018-04-05,52.95000076293945,52.95000076293945,52.25,52.599998474121094,89800
2018-04-06,52.599998474121094,53.70000076293945,51.900001525878906,53.099998474121094,109259
2018-04-09,55.20000076293945,57.900001525878906,54.25,55.29999923706055,354952
2018-04-10,56.400001525878906,56.599998474121094,54.5,54.70000076293945,105519
2018-04-11,55.099998474121094,55.79999923706055,54.5,54.650001525878906,85602
2018-04-12,54.29999923706055,55.650001525878906,53.0,53.70000076293945,94208
2018-04-13,56.5,58.70000076293945,55.29999923706055,57.70000076293945,950836
2018-04-16,56.70000076293945,57.79999923706055,56.5,57.599998474121094,192406
2018-04-17,57.79999923706055,57.79999923706055,56.0,56.150001525878906,170830
2018-04-18,56.099998474121094,56.70000076293945,54.79999923706055,54.900001525878906,96157
2018-04-19,55.45000076293945,57.04999923706055,54.29999923706055,56.150001525878906,304361
2018-04-20,55.70000076293945,57.45000076293945,55.0,55.900001525878906,267925
2018-04-23,55.70000076293945,56.650001525878906,55.29999923706055,55.79999923706055,86097
2018-04-24,56.5,57.20000076293945,55.400001525878906,55.650001525878906,115674
2018-04-25,55.95000076293945,56.0,54.150001525878906,54.400001525878906,63931
2018-04-26,54.04999923706055,56.45000076293945,54.0,55.349998474121094,282748
2018-04-27,56.0,56.0,54.5,54.650001525878906,42744
2018-04-30,54.70000076293945,55.099998474121094,54.0,54.099998474121094,60381
2018-05-02,54.0,54.650001525878906,52.900001525878906,53.400001525878906,62343
2018-05-03,53.099998474121094,53.099998474121094,51.400001525878906,51.79999923706055,44353
2018-05-04,51.150001525878906,52.45000076293945,50.04999923706055,50.400001525878906,50064
2018-05-07,51.400001525878906,51.400001525878906,50.54999923706055,50.95000076293945,42066
2018-05-08,51.45000076293945,51.45000076293945,50.099998474121094,50.5,31147
2018-05-09,50.5,51.0,49.5,49.900001525878906,61005
2018-05-10,50.0,50.29999923706055,46.900001525878906,47.849998474121094,81431
2018-05-11,47.849998474121094,48.400001525878906,46.099998474121094,46.25,65300
2018-05-14,48.0,49.349998474121094,47.0,48.400001525878906,160562
2018-05-15,48.900001525878906,49.79999923706055,47.150001525878906,47.95000076293945,43013
2018-05-16,47.5,47.5,46.04999923706055,46.25,35715
2018-05-17,47.0,47.45000076293945,46.099998474121094,46.54999923706055,49468
2018-05-18,46.150001525878906,47.599998474121094,45.54999923706055,45.79999923706055,41829
2018-05-21,46.29999923706055,46.29999923706055,43.70000076293945,44.0,45649
2018-05-22,43.25,44.54999923706055,43.25,43.95000076293945,23134
2018-05-23,44.29999923706055,45.20000076293945,44.0,44.29999923706055,49003
2018-05-24,44.54999923706055,45.5,43.0,43.349998474121094,33973
2018-05-25,43.70000076293945,44.79999923706055,43.04999923706055,44.04999923706055,42578
2018-05-28,46.04999923706055,48.45000076293945,46.0,48.04999923706055,130436
2018-05-29,48.70000076293945,51.0,47.04999923706055,48.900001525878906,138292
2018-05-30,48.79999923706055,49.70000076293945,46.0,48.20000076293945,97717
2018-05-31,48.04999923706055,48.5,47.150001525878906,47.20000076293945,58810
2018-06-01,48.04999923706055,48.95000076293945,47.45000076293945,47.70000076293945,89569
2018-06-04,48.0,48.0,44.650001525878906,45.04999923706055,49622
2018-06-05,46.0,46.0,42.150001525878906,43.599998474121094,74149
2018-06-06,43.0,47.20000076293945,42.150001525878906,46.650001525878906,292129
2018-06-07,52.04999923706055,54.0,51.29999923706055,53.150001525878906,1493350
2018-06-08,52.45000076293945,52.79999923706055,51.099998474121094,51.79999923706055,241868
2018-06-11,51.5,51.95000076293945,49.79999923706055,49.95000076293945,156180
2018-06-12,50.0,53.20000076293945,49.20000076293945,51.54999923706055,330793
2018-06-13,51.45000076293945,51.70000076293945,48.79999923706055,49.04999923706055,139559
2018-06-14,49.25,49.349998474121094,48.150001525878906,48.29999923706055,92258
2018-06-15,48.5,50.5,48.20000076293945,49.5,283223
2018-06-18,49.099998474121094,49.400001525878906,48.0,48.29999923706055,49834
2018-06-19,48.20000076293945,48.5,46.5,46.79999923706055,50973
2018-06-20,47.0,47.79999923706055,46.79999923706055,47.5,40091
2018-06-21,47.79999923706055,48.400001525878906,46.0,46.25,31957
2018-06-22,46.650001525878906,46.95000076293945,45.5,45.900001525878906,56465
2018-06-25,46.150001525878906,47.849998474121094,45.599998474121094,46.04999923706055,68637
2018-06-26,46.0,46.45000076293945,45.29999923706055,45.45000076293945,35804
2018-06-27,45.650001525878906,46.20000076293945,43.29999923706055,43.900001525878906,64081
2018-06-28,44.099998474121094,45.150001525878906,43.25,44.150001525878906,63966
2018-06-29,44.900001525878906,45.70000076293945,44.20000076293945,44.400001525878906,40109
2018-07-02,45.0,45.0,43.29999923706055,43.599998474121094,35704
2018-07-03,43.5,46.25,43.25,45.54999923706055,128405
2018-07-04,46.5,46.79999923706055,45.5,45.75,149590
2018-07-05,45.29999923706055,45.400001525878906,44.04999923706055,44.349998474121094,58339
2018-07-06,44.5,44.849998474121094,43.79999923706055,44.150001525878906,50768
2018-07-09,44.400001525878906,45.29999923706055,44.400001525878906,44.95000076293945,26509
2018-07-10,45.70000076293945,46.29999923706055,45.5,45.79999923706055,108456
2018-07-11,46.04999923706055,46.04999923706055,44.650001525878906,45.04999923706055,82790
2018-07-12,45.20000076293945,45.650001525878906,44.099998474121094,44.29999923706055,42861
2018-07-13,44.650001525878906,44.650001525878906,43.099998474121094,43.20000076293945,43999
2018-07-16,43.0,43.0,41.0,41.099998474121094,54319
2018-07-17,43.5,43.5,40.54999923706055,41.54999923706055,27175
2018-07-18,41.95000076293945,42.70000076293945,40.79999923706055,41.0,37518
2018-07-19,41.79999923706055,41.79999923706055,39.29999923706055,39.79999923706055,49250
2018-07-20,39.95000076293945,40.150001525878906,38.5,38.599998474121094,64417
2018-07-23,38.5,39.650001525878906,38.5,39.29999923706055,40435
2018-07-24,39.0,42.400001525878906,39.0,42.099998474121094,139004
2018-07-25,41.099998474121094,42.099998474121094,41.04999923706055,41.349998474121094,36971
2018-07-26,41.0,41.150001525878906,40.04999923706055,40.45000076293945,33295
2018-07-27,40.099998474121094,42.400001525878906,40.04999923706055,41.400001525878906,114714
2018-07-30,41.75,42.400001525878906,41.20000076293945,41.45000076293945,78279
2018-07-31,41.400001525878906,41.900001525878906,41.20000076293945,41.54999923706055,59631
2018-08-01,41.95000076293945,42.400001525878906,40.20000076293945,40.900001525878906,105402
2018-08-02,41.04999923706055,41.599998474121094,40.650001525878906,40.79999923706055,62910
2018-08-03,41.95000076293945,42.79999923706055,40.650001525878906,42.29999923706055,255398
2018-08-06,42.54999923706055,42.70000076293945,41.400001525878906,41.70000076293945,43987
2018-08-07,41.70000076293945,42.29999923706055,40.20000076293945,40.400001525878906,55485
2018-08-08,41.0,41.150001525878906,40.29999923706055,40.75,36277
2018-08-09,40.5,41.400001525878906,40.29999923706055,40.5,37645
2018-08-10,42.25,43.70000076293945,41.04999923706055,41.400001525878906,153062
2018-08-13,41.400001525878906,41.400001525878906,40.150001525878906,40.54999923706055,33095
2018-08-14,40.5,41.150001525878906,40.20000076293945,40.29999923706055,34573
2018-08-16,40.04999923706055,40.400001525878906,39.5,39.599998474121094,31129
2018-08-17,40.099998474121094,40.95000076293945,39.900001525878906,40.349998474121094,54946
2018-08-20,40.20000076293945,40.650001525878906,39.650001525878906,39.849998474121094,56272
2018-08-21,39.70000076293945,40.0,39.0,39.29999923706055,34158
2018-08-23,40.29999923706055,41.5,40.099998474121094,40.29999923706055,84126
2018-08-24,42.5,42.5,40.95000076293945,41.349998474121094,276796
2018-08-27,41.04999923706055,42.900001525878906,40.70000076293945,42.29999923706055,143976
2018-08-28,46.95000076293945,50.5,46.5,47.349998474121094,1178505
2018-08-29,46.95000076293945,46.95000076293945,44.75,45.04999923706055,158495
2018-08-30,45.45000076293945,45.95000076293945,44.099998474121094,44.75,116535
2018-08-31,44.95000076293945,44.95000076293945,43.79999923706055,44.04999923706055,73548
2018-09-03,44.5,44.849998474121094,43.099998474121094,43.70000076293945,70255
2018-09-04,43.599998474121094,43.599998474121094,42.25,42.70000076293945,53733
2018-09-05,42.20000076293945,43.0,42.04999923706055,42.5,51333
2018-09-06,43.04999923706055,43.20000076293945,42.099998474121094,42.20000076293945,18765
2018-09-07,42.25,43.29999923706055,42.04999923706055,42.25,43329
2018-09-10,42.0,42.0,41.25,41.400001525878906,17263
2018-09-11,44.900001525878906,44.900001525878906,42.0,42.849998474121094,245138
2018-09-12,43.599998474121094,43.599998474121094,42.0,42.650001525878906,92602
2018-09-14,44.0,50.79999923706055,44.0,47.400001525878906,1085372
2018-09-17,47.400001525878906,47.400001525878906,45.150001525878906,45.400001525878906,94954
2018-09-18,46.04999923706055,46.400001525878906,43.900001525878906,44.099998474121094,74688
2018-09-19,44.45000076293945,45.0,42.5,42.75,70389
2018-09-21,42.75,43.45000076293945,39.900001525878906,41.599998474121094,82335
2018-09-24,41.599998474121094,42.0,39.400001525878906,39.95000076293945,61518
2018-09-25,41.650001525878906,41.900001525878906,40.20000076293945,40.849998474121094,108633
2018-09-26,41.20000076293945,41.20000076293945,39.79999923706055,40.0,85567
2018-09-27,40.25,40.25,39.150001525878906,39.349998474121094,51433
2018-09-28,39.349998474121094,39.95000076293945,37.849998474121094,38.75,66517
2018-10-01,37.25,38.70000076293945,36.650001525878906,37.599998474121094,48468
2018-10-03,38.45000076293945,40.0,38.400001525878906,39.25,88617
2018-10-04,38.5,39.0,38.0,38.29999923706055,35978
2018-10-05,38.29999923706055,39.29999923706055,36.099998474121094,36.54999923706055,82494
2018-10-08,37.04999923706055,37.04999923706055,33.70000076293945,34.75,44408
2018-10-09,35.0,35.099998474121094,33.54999923706055,33.79999923706055,38697
2018-10-10,33.849998474121094,35.849998474121094,33.70000076293945,35.400001525878906,70088
2018-10-11,33.099998474121094,35.25,33.0,34.45000076293945,33261
2018-10-12,34.95000076293945,36.95000076293945,34.79999923706055,36.599998474121094,42710
2018-10-15,37.0,40.349998474121094,36.20000076293945,39.45000076293945,224696
2018-10-16,40.400001525878906,40.79999923706055,38.099998474121094,39.20000076293945,104375
2018-10-17,39.5,39.75,36.599998474121094,36.95000076293945,43076
2018-10-19,36.5,37.79999923706055,36.0,36.150001525878906,35147
2018-10-22,37.20000076293945,37.20000076293945,36.0,36.20000076293945,17545
2018-10-23,36.04999923706055,36.04999923706055,34.5,35.04999923706055,23273
2018-10-24,35.54999923706055,35.849998474121094,34.599998474121094,34.79999923706055,24366
2018-10-25,34.54999923706055,35.20000076293945,34.0,34.75,25255
2018-10-26,34.75,35.150001525878906,34.20000076293945,34.349998474121094,23927
2018-10-29,34.349998474121094,36.400001525878906,33.79999923706055,35.349998474121094,31624
2018-10-30,35.400001525878906,36.599998474121094,34.70000076293945,36.04999923706055,41432
2018-10-31,36.54999923706055,37.349998474121094,36.0,36.75,46371
2018-11-01,37.25,38.45000076293945,36.349998474121094,37.45000076293945,44801
2018-11-02,37.95000076293945,39.75,37.95000076293945,38.5,98674
2018-11-05,38.650001525878906,39.45000076293945,38.04999923706055,38.849998474121094,23647
2018-11-06,38.5,43.099998474121094,38.150001525878906,42.0,501083
2018-11-07,41.650001525878906,41.79999923706055,40.099998474121094,40.45000076293945,39412
2018-11-09,40.79999923706055,40.79999923706055,39.20000076293945,39.900001525878906,67569
2018-11-12,39.5,39.79999923706055,37.70000076293945,38.599998474121094,108021
2018-11-13,38.29999923706055,38.79999923706055,37.349998474121094,38.150001525878906,36242
2018-11-14,38.45000076293945,38.599998474121094,37.79999923706055,37.95000076293945,32272
2018-11-15,37.29999923706055,37.900001525878906,37.29999923706055,37.5,31078
2018-11-16,37.45000076293945,38.0,37.0,37.599998474121094,27454
2018-11-19,37.54999923706055,38.25,37.25,37.45000076293945,13630
2018-11-20,37.75,37.75,36.54999923706055,36.650001525878906,19028
2018-11-21,36.95000076293945,37.45000076293945,36.04999923706055,36.25,30157
2018-11-22,36.25,39.599998474121094,36.25,37.54999923706055,168537
2018-11-26,38.25,38.25,37.04999923706055,37.20000076293945,28708
2018-11-27,37.25,38.5,37.20000076293945,37.349998474121094,30286
2018-11-28,37.0,37.75,36.349998474121094,36.54999923706055,25189
2018-11-29,36.29999923706055,37.04999923706055,36.150001525878906,36.29999923706055,21530
2018-11-30,36.349998474121094,38.20000076293945,34.650001525878906,36.45000076293945,61493
2018-12-03,37.20000076293945,38.5,36.650001525878906,37.650001525878906,58044
2018-12-04,41.099998474121094,41.95000076293945,39.79999923706055,40.400001525878906,591662
2018-12-05,39.54999923706055,39.900001525878906,38.400001525878906,38.75,67022
2018-12-06,38.79999923706055,38.79999923706055,37.5,37.75,38937
2018-12-07,38.95000076293945,38.95000076293945,37.099998474121094,37.25,47201
2018-12-10,36.400001525878906,37.099998474121094,35.75,36.54999923706055,30962
2018-12-11,36.0,38.0,36.0,37.400001525878906,39387
2018-12-12,38.29999923706055,40.5,37.400001525878906,39.95000076293945,100138
2018-12-13,40.45000076293945,43.95000076293945,40.150001525878906,42.650001525878906,1051773
2018-12-14,42.349998474121094,42.349998474121094,40.0,40.599998474121094,73253
2018-12-17,40.900001525878906,41.95000076293945,40.79999923706055,41.099998474121094,66033
2018-12-18,41.20000076293945,42.5,40.599998474121094,41.349998474121094,94747
2018-12-19,41.70000076293945,42.099998474121094,40.79999923706055,41.150001525878906,57821
2018-12-20,42.5,43.95000076293945,42.25,42.54999923706055,496325
2018-12-21,42.150001525878906,42.849998474121094,41.099998474121094,41.25,114624
2018-12-24,41.25,41.25,39.650001525878906,39.900001525878906,51377
2018-12-26,40.29999923706055,40.75,39.29999923706055,39.75,60220
2018-12-27,40.25,40.54999923706055,39.400001525878906,39.849998474121094,55673
2018-12-28,41.0,41.0,40.400001525878906,40.70000076293945,89193
2018-12-31,41.099998474121094,41.20000076293945,40.5,40.75,38739
2019-01-01,41.25,41.5,40.400001525878906,40.95000076293945,56820
2019-01-02,40.95000076293945,42.0,40.79999923706055,41.04999923706055,98445
2019-01-03,41.849998474121094,42.20000076293945,41.04999923706055,41.54999923706055,97678
2019-01-04,41.849998474121094,49.400001525878906,40.599998474121094,45.150001525878906,330019
2019-01-07,45.04999923706055,45.04999923706055,42.599998474121094,42.95000076293945,146766
2019-01-08,42.95000076293945,43.25,42.349998474121094,42.45000076293945,43085
2019-01-09,44.20000076293945,44.400001525878906,43.04999923706055,43.650001525878906,303083
2019-01-10,43.95000076293945,48.650001525878906,43.25,45.79999923706055,1168489
2019-01-11,46.099998474121094,46.70000076293945,44.150001525878906,44.400001525878906,170716
2019-01-14,44.0,44.04999923706055,42.849998474121094,43.099998474121094,85403
2019-01-15,45.70000076293945,46.5,44.54999923706055,44.900001525878906,415710
2019-01-16,44.5,44.599998474121094,44.04999923706055,44.150001525878906,72858
2019-01-17,44.099998474121094,44.150001525878906,43.150001525878906,43.29999923706055,126711
2019-01-18,43.75,43.75,42.599998474121094,42.70000076293945,50373
2019-01-21,42.54999923706055,42.849998474121094,42.150001525878906,42.29999923706055,55149
2019-01-22,42.400001525878906,42.650001525878906,41.150001525878906,41.79999923706055,76191
2019-01-23,41.5,42.150001525878906,41.0,41.099998474121094,62285
2019-01-24,41.5,41.5,40.150001525878906,40.349998474121094,47769
2019-01-25,41.0,41.79999923706055,40.45000076293945,40.75,121237
2019-01-28,41.0,41.04999923706055,40.0,40.25,71482
2019-01-29,40.349998474121094,41.79999923706055,34.099998474121094,38.400001525878906,2352681
2019-01-30,38.95000076293945,39.75,38.400001525878906,39.20000076293945,103158
2019-01-31,39.79999923706055,40.150001525878906,39.0,39.70000076293945,82710
2019-02-01,41.0,41.70000076293945,37.599998474121094,38.79999923706055,525463
2019-02-04,38.5,39.5,36.900001525878906,37.400001525878906,55228
2019-02-05,37.150001525878906,37.54999923706055,35.79999923706055,36.150001525878906,63284
2019-02-06,36.20000076293945,36.20000076293945,34.79999923706055,35.150001525878906,62079
2019-02-07,35.04999923706055,35.900001525878906,34.95000076293945,35.45000076293945,45270
2019-02-08,35.45000076293945,35.45000076293945,34.900001525878906,35.0,35692
2019-02-11,35.0,35.29999923706055,33.70000076293945,34.04999923706055,34205
2019-02-12,33.79999923706055,34.599998474121094,33.650001525878906,33.849998474121094,22088
2019-02-14,33.0,33.70000076293945,33.0,33.54999923706055,19650
2019-02-15,33.54999923706055,33.599998474121094,32.0,32.400001525878906,32860
2019-02-18,32.400001525878906,33.0,31.049999237060547,31.25,41401
2019-02-19,31.25,31.25,30.399999618530273,30.600000381469727,37326
2019-02-20,29.700000762939453,31.5,29.700000762939453,31.200000762939453,39376
2019-02-21,31.700000762939453,31.75,31.0,31.5,25766
2019-02-22,31.549999237060547,32.900001525878906,31.100000381469727,31.649999618530273,109941
2019-02-25,31.799999237060547,31.899999618530273,31.149999618530273,31.649999618530273,26726
2019-02-26,30.25,31.399999618530273,30.200000762939453,31.0,38575
2019-02-27,31.5,33.0,30.299999237060547,31.75,93151
2019-02-28,32.0,32.150001525878906,31.149999618530273,31.649999618530273,43571
2019-03-01,32.349998474121094,33.650001525878906,31.799999237060547,33.150001525878906,99676
2019-03-05,33.25,34.75,32.75,34.599998474121094,124802
2019-03-06,36.04999923706055,38.0,36.0,36.79999923706055,335016
2019-03-07,37.70000076293945,38.20000076293945,36.29999923706055,36.45000076293945,67553
2019-03-08,37.20000076293945,37.5,36.599998474121094,36.849998474121094,111320
2019-03-11,37.20000076293945,37.75,36.54999923706055,36.95000076293945,134355
2019-03-12,38.25,38.349998474121094,37.400001525878906,37.599998474121094,152092
2019-03-13,37.599998474121094,37.650001525878906,36.20000076293945,36.75,39648
2019-03-14,36.95000076293945,36.95000076293945,35.79999923706055,36.099998474121094,40393
2019-03-15,36.099998474121094,37.45000076293945,35.25,36.5,47686
2019-03-18,36.70000076293945,37.099998474121094,35.400001525878906,35.849998474121094,41305
2019-03-19,36.04999923706055,36.599998474121094,35.150001525878906,36.29999923706055,75454
2019-03-20,36.349998474121094,36.349998474121094,35.400001525878906,35.54999923706055,25625
2019-03-22,35.849998474121094,36.04999923706055,35.20000076293945,35.400001525878906,30604
2019-03-25,35.0,35.099998474121094,34.599998474121094,34.79999923706055,9645
2019-03-26,36.400001525878906,36.5,35.5,36.099998474121094,58768
2019-03-27,36.04999923706055,36.5,35.5,35.849998474121094,34901
2019-03-28,37.0,37.75,36.79999923706055,37.20000076293945,160708
2019-04-01,36.70000076293945,37.29999923706055,36.45000076293945,36.849998474121094,36033
2019-04-02,36.849998474121094,37.29999923706055,36.20000076293945,36.75,50718
2019-04-03,37.900001525878906,38.95000076293945,37.150001525878906,37.45000076293945,333141
2019-04-04,37.45000076293945,38.0,36.5,36.849998474121094,50025
2019-04-05,36.849998474121094,37.0,36.04999923706055,36.650001525878906,22299
2019-04-08,36.5,37.349998474121094,36.04999923706055,36.900001525878906,65983
2019-04-09,36.900001525878906,36.900001525878906,36.25,36.54999923706055,27363
2019-04-10,37.0,37.900001525878906,36.599998474121094,36.95000076293945,127530
2019-04-11,38.04999923706055,38.849998474121094,37.79999923706055,38.20000076293945,305854
2019-04-12,38.20000076293945,38.20000076293945,37.20000076293945,37.650001525878906,26891
2019-04-15,38.75,39.0,38.29999923706055,38.54999923706055,141953
2019-04-16,38.70000076293945,38.70000076293945,37.29999923706055,37.349998474121094,73013
2019-04-18,37.45000076293945,37.45000076293945,36.45000076293945,36.75,30876
2019-04-22,36.900001525878906,36.900001525878906,35.04999923706055,35.75,37861
2019-04-23,35.29999923706055,36.099998474121094,35.29999923706055,35.45000076293945,39602
2019-04-24,37.5,37.5,36.20000076293945,36.400001525878906,94502
2019-04-25,36.349998474121094,36.349998474121094,35.54999923706055,35.70000076293945,37742
2019-04-26,35.54999923706055,35.70000076293945,35.29999923706055,35.400001525878906,22884
2019-04-30,35.25,35.25,33.5,33.79999923706055,52307
2019-05-02,33.70000076293945,33.75,32.900001525878906,33.099998474121094,35365
2019-05-03,33.29999923706055,33.599998474121094,32.79999923706055,32.900001525878906,35301
2019-05-06,32.45000076293945,33.5,32.45000076293945,33.400001525878906,25103
2019-05-07,33.79999923706055,33.79999923706055,33.0,33.099998474121094,18782
2019-05-08,32.70000076293945,33.099998474121094,32.54999923706055,32.599998474121094,14701
2019-05-09,32.70000076293945,33.900001525878906,32.099998474121094,32.849998474121094,34426
2019-05-10,32.5,33.400001525878906,32.400001525878906,33.0,16680
2019-05-13,33.04999923706055,33.20000076293945,32.25,32.400001525878906,20278
2019-05-14,32.0,32.70000076293945,31.399999618530273,32.5,19169
2019-05-15,33.04999923706055,33.650001525878906,32.5,32.900001525878906,59266
2019-05-16,34.400001525878906,34.70000076293945,33.349998474121094,33.650001525878906,97118
2019-05-17,33.5,34.95000076293945,33.0,33.75,56710
2019-05-20,35.20000076293945,35.400001525878906,34.0,34.650001525878906,68477
2019-05-21,34.650001525878906,34.75,34.0,34.25,34809
2019-05-22,34.650001525878906,34.650001525878906,33.599998474121094,34.099998474121094,23331
2019-05-23,34.45000076293945,35.70000076293945,34.349998474121094,34.54999923706055,50602
2019-05-24,34.650001525878906,36.900001525878906,34.349998474121094,36.75,145158
2019-05-27,37.29999923706055,42.150001525878906,37.29999923706055,39.900001525878906,869575
2019-05-28,40.0,40.599998474121094,39.349998474121094,39.900001525878906,128829
2019-05-29,39.900001525878906,42.0,38.900001525878906,41.650001525878906,352423
2019-05-30,45.54999923706055,46.04999923706055,43.29999923706055,44.29999923706055,1190210
2019-05-31,44.25,44.79999923706055,41.75,42.150001525878906,199148
2019-06-03,43.79999923706055,43.79999923706055,42.599998474121094,43.0,129061
2019-06-04,43.5,43.5,42.0,42.150001525878906,70300
2019-06-06,43.099998474121094,43.54999923706055,42.45000076293945,42.900001525878906,135984
2019-06-07,44.400001525878906,44.400001525878906,43.349998474121094,44.0,266044
2019-06-10,44.400001525878906,44.5,42.400001525878906,42.650001525878906,104049
2019-06-11,43.54999923706055,43.849998474121094,43.04999923706055,43.29999923706055,146178
2019-06-12,42.70000076293945,43.0,42.099998474121094,42.29999923706055,45091
2019-06-13,41.95000076293945,42.0,41.0,41.45000076293945,52997
2019-06-14,42.5,42.5,40.79999923706055,41.099998474121094,44277
2019-06-17,40.650001525878906,40.70000076293945,39.5,39.70000076293945,56133
2019-06-18,39.599998474121094,39.900001525878906,34.25,35.099998474121094,203232
2019-06-19,35.5,35.70000076293945,34.099998474121094,35.04999923706055,69268
2019-06-20,35.45000076293945,36.349998474121094,34.099998474121094,35.75,64514
2019-06-21,35.400001525878906,36.95000076293945,34.95000076293945,36.54999923706055,55239
2019-06-24,36.75,37.95000076293945,36.599998474121094,37.5,42554
2019-06-25,37.599998474121094,38.5,36.650001525878906,38.04999923706055,47333
2019-06-26,38.900001525878906,39.900001525878906,38.0,39.45000076293945,72725
2019-06-27,39.849998474121094,40.599998474121094,39.20000076293945,39.849998474121094,75865
2019-06-28,40.400001525878906,40.400001525878906,39.04999923706055,39.150001525878906,42651
2019-07-01,39.54999923706055,40.79999923706055,39.400001525878906,40.349998474121094,80283
2019-07-02,41.900001525878906,42.95000076293945,41.599998474121094,42.5,309275
2019-07-03,48.95000076293945,50.0,46.400001525878906,49.099998474121094,2368764
2019-07-04,48.95000076293945,48.95000076293945,45.25,45.54999923706055,710733
2019-07-05,45.849998474121094,47.5,41.150001525878906,41.75,683857
2019-07-08,40.0,41.20000076293945,37.150001525878906,37.70000076293945,216598
2019-07-09,36.599998474121094,38.79999923706055,36.599998474121094,38.45000076293945,117646
2019-07-10,38.25,39.900001525878906,38.04999923706055,38.400001525878906,140582
2019-07-11,38.5,38.849998474121094,38.0,38.04999923706055,69033
2019-07-12,38.0,38.04999923706055,37.150001525878906,37.400001525878906,104647
2019-07-15,37.20000076293945,37.29999923706055,35.5,35.70000076293945,74790
2019-07-16,35.0,35.5,34.54999923706055,34.70000076293945,91450
2019-07-17,35.54999923706055,39.900001525878906,35.54999923706055,39.20000076293945,906937
2019-07-18,38.599998474121094,38.599998474121094,37.099998474121094,37.54999923706055,254586
2019-07-19,37.54999923706055,39.04999923706055,36.54999923706055,37.54999923706055,188375
2019-07-22,37.400001525878906,37.400001525878906,36.099998474121094,36.45000076293945,67006
2019-07-23,36.20000076293945,37.20000076293945,36.20000076293945,36.75,46238
2019-07-24,37.70000076293945,39.5,37.54999923706055,38.70000076293945,203594
2019-07-25,41.20000076293945,44.25,41.20000076293945,42.54999923706055,1835474
2019-07-26,42.599998474121094,42.900001525878906,39.900001525878906,40.099998474121094,253456
2019-07-29,40.099998474121094,41.25,38.0,38.20000076293945,112945
2019-07-30,38.5,39.0,35.20000076293945,35.95000076293945,132645
2019-07-31,35.150001525878906,39.79999923706055,35.0,38.5,244940
2019-08-01,37.75,38.25,36.599998474121094,37.099998474121094,117259
2019-08-02,36.599998474121094,37.79999923706055,36.400001525878906,36.79999923706055,117922
2019-08-05,36.29999923706055,36.900001525878906,36.0,36.599998474121094,67622
2019-08-06,36.0,37.54999923706055,35.54999923706055,36.79999923706055,100944
2019-08-07,36.95000076293945,37.29999923706055,36.04999923706055,36.400001525878906,56575
2019-08-08,36.29999923706055,36.849998474121094,35.04999923706055,36.04999923706055,63419
2019-08-09,36.25,36.79999923706055,36.0,36.099998474121094,45226
2019-08-13,35.5,36.29999923706055,35.04999923706055,35.349998474121094,35459
2019-08-14,35.75,36.25,35.5,35.75,26786
2019-08-16,35.849998474121094,36.849998474121094,34.900001525878906,35.900001525878906,53254
2019-08-19,35.95000076293945,36.25,35.599998474121094,35.650001525878906,21197
2019-08-20,35.900001525878906,35.900001525878906,35.0,35.0,25111
2019-08-21,35.45000076293945,35.45000076293945,33.599998474121094,33.75,43846
2019-08-22,34.349998474121094,34.400001525878906,31.799999237060547,32.0,33021
2019-08-23,31.799999237060547,32.45000076293945,30.049999237060547,31.850000381469727,84097
2019-08-26,32.849998474121094,32.849998474121094,31.25,32.29999923706055,42519
2019-08-27,32.599998474121094,35.400001525878906,32.04999923706055,34.900001525878906,99048
2019-08-28,35.20000076293945,35.25,33.349998474121094,33.70000076293945,30719
2019-08-29,35.54999923706055,36.900001525878906,34.599998474121094,34.849998474121094,218945
2019-08-30,35.099998474121094,36.20000076293945,34.45000076293945,35.0,56484
2019-09-03,35.0,35.0,33.5,33.75,30537
2019-09-04,33.599998474121094,34.25,33.25,34.0,46914
2019-09-05,34.54999923706055,35.349998474121094,34.099998474121094,34.650001525878906,39229
2019-09-06,35.04999923706055,35.25,34.54999923706055,35.0,35816
2019-09-09,34.45000076293945,35.79999923706055,34.29999923706055,35.349998474121094,48145
2019-09-11,35.650001525878906,40.0,35.150001525878906,37.75,509536
2019-09-12,37.900001525878906,38.20000076293945,36.25,36.54999923706055,88910
2019-09-13,36.54999923706055,39.79999923706055,36.04999923706055,39.400001525878906,324378
2019-09-16,39.5,46.0,39.400001525878906,42.45000076293945,1462227
2019-09-17,41.650001525878906,43.150001525878906,38.54999923706055,38.849998474121094,186970
2019-09-18,39.5,39.849998474121094,39.0,39.25,75641
2019-09-19,39.95000076293945,39.95000076293945,38.150001525878906,38.79999923706055,41709
2019-09-20,39.20000076293945,41.5,38.95000076293945,40.900001525878906,207248
2019-09-23,44.54999923706055,44.79999923706055,41.20000076293945,41.599998474121094,265175
2019-09-24,41.79999923706055,43.0,38.650001525878906,42.04999923706055,410797
2019-09-25,42.099998474121094,42.45000076293945,40.04999923706055,40.5,217782
2019-09-26,40.54999923706055,43.5,40.29999923706055,43.0,329235
2019-09-27,43.54999923706055,43.849998474121094,41.0,41.29999923706055,310596
2019-09-30,41.599998474121094,41.650001525878906,39.349998474121094,39.5,90336
2019-10-01,41.650001525878906,42.0,39.400001525878906,39.650001525878906,225857
2019-10-03,39.5,39.95000076293945,39.099998474121094,39.54999923706055,47252
2019-10-04,40.95000076293945,41.349998474121094,38.70000076293945,39.0,129434
2019-10-07,39.099998474121094,39.400001525878906,38.25,38.599998474121094,46448
2019-10-09,39.29999923706055,39.5,37.599998474121094,39.099998474121094,78516
2019-10-10,38.95000076293945,39.70000076293945,38.099998474121094,38.29999923706055,96525
2019-10-11,38.599998474121094,39.29999923706055,37.79999923706055,38.20000076293945,76312
2019-10-14,38.20000076293945,38.95000076293945,38.0,38.54999923706055,63459
2019-10-15,38.849998474121094,39.29999923706055,38.20000076293945,38.400001525878906,100347
2019-10-16,38.400001525878906,38.95000076293945,37.79999923706055,38.0,97698
2019-10-17,38.25,38.79999923706055,38.04999923706055,38.349998474121094,54137
2019-10-18,38.54999923706055,40.70000076293945,38.349998474121094,39.70000076293945,131878
2019-10-22,41.0,42.75,40.5,40.79999923706055,292323
2019-10-23,41.25,41.5,40.20000076293945,40.599998474121094,109034
2019-10-24,40.5,41.29999923706055,39.29999923706055,40.54999923706055,164585
2019-10-25,40.599998474121094,40.70000076293945,39.54999923706055,39.650001525878906,46400
2019-10-27,39.70000076293945,39.900001525878906,39.400001525878906,39.599998474121094,13286
2019-10-29,39.900001525878906,40.75,39.150001525878906,39.95000076293945,98660
2019-10-30,42.900001525878906,43.04999923706055,40.900001525878906,41.150001525878906,360980
2019-10-31,41.400001525878906,42.0,40.599998474121094,40.95000076293945,150274
2019-11-01,41.099998474121094,41.599998474121094,40.349998474121094,40.54999923706055,60052
2019-11-04,40.849998474121094,40.900001525878906,40.0,40.099998474121094,69952
2019-11-05,40.29999923706055,40.849998474121094,39.29999923706055,40.150001525878906,73513
2019-11-06,40.150001525878906,40.29999923706055,39.45000076293945,39.54999923706055,75612
2019-11-07,39.650001525878906,40.099998474121094,39.29999923706055,39.75,60627
2019-11-08,39.5,40.400001525878906,38.70000076293945,38.900001525878906,107850
2019-11-11,38.900001525878906,40.0,38.54999923706055,39.400001525878906,78908
2019-11-13,39.75,39.75,38.349998474121094,38.650001525878906,44398
2019-11-14,38.04999923706055,42.900001525878906,37.900001525878906,40.650001525878906,1486937
2019-11-15,41.0,41.0,39.5,39.599998474121094,124519
2019-11-18,41.54999923706055,42.0,39.75,40.349998474121094,387853
2019-11-19,40.29999923706055,40.349998474121094,39.5,39.70000076293945,56013
2019-11-20,40.0,40.599998474121094,39.599998474121094,40.0,102474
2019-11-21,39.79999923706055,39.900001525878906,39.099998474121094,39.29999923706055,47680
2019-11-22,39.54999923706055,39.599998474121094,39.04999923706055,39.150001525878906,37844
2019-11-25,39.04999923706055,39.400001525878906,38.70000076293945,38.95000076293945,56666
2019-11-26,39.04999923706055,39.599998474121094,38.25,38.5,97321
2019-11-27,38.54999923706055,39.04999923706055,38.29999923706055,38.599998474121094,45561
2019-11-28,38.349998474121094,38.95000076293945,38.04999923706055,38.400001525878906,92766
2019-11-29,39.400001525878906,39.900001525878906,38.70000076293945,39.150001525878906,232791
2019-12-02,39.20000076293945,39.20000076293945,38.29999923706055,38.599998474121094,36630
2019-12-03,38.599998474121094,38.75,37.79999923706055,38.150001525878906,48538
2019-12-04,37.75,38.70000076293945,37.75,38.20000076293945,38051
2019-12-05,38.45000076293945,38.45000076293945,37.900001525878906,37.95000076293945,38294
2019-12-06,38.0,38.0,36.849998474121094,37.25,47398
2019-12-09,37.5,37.70000076293945,36.25,36.5,45109
2019-12-10,37.45000076293945,39.0,36.599998474121094,37.599998474121094,342041
2019-12-11,39.70000076293945,41.5,38.20000076293945,38.70000076293945,731803
2019-12-12,38.45000076293945,41.349998474121094,37.349998474121094,39.150001525878906,405188
2019-12-13,39.54999923706055,39.54999923706055,38.599998474121094,38.849998474121094,77577
2019-12-16,39.0,39.25,38.20000076293945,38.349998474121094,39407
2019-12-17,38.400001525878906,39.849998474121094,38.29999923706055,39.5,75365
2019-12-18,39.5,39.5,38.599998474121094,38.79999923706055,60875
2019-12-19,38.599998474121094,38.70000076293945,38.29999923706055,38.5,53676
2019-12-20,38.349998474121094,38.70000076293945,38.29999923706055,38.45000076293945,27297
2019-12-23,38.150001525878906,38.70000076293945,38.150001525878906,38.29999923706055,14023
2019-12-24,38.04999923706055,38.54999923706055,37.79999923706055,37.900001525878906,23165
2019-12-26,38.349998474121094,40.650001525878906,37.849998474121094,40.29999923706055,440338
2019-12-27,41.0,41.849998474121094,40.150001525878906,40.650001525878906,974908
2019-12-30,40.20000076293945,41.0,39.599998474121094,40.75,147442
2019-12-31,40.75,40.75,39.25,39.650001525878906,120027
2020-01-01,39.599998474121094,39.650001525878906,39.04999923706055,39.20000076293945,78655
2020-01-02,39.20000076293945,42.5,39.150001525878906,42.04999923706055,564101
2020-01-03,41.400001525878906,42.5,40.54999923706055,42.099998474121094,437716
2020-01-06,44.0,49.400001525878906,44.0,46.04999923706055,3958709
2020-01-07,48.900001525878906,49.0,46.349998474121094,47.099998474121094,810742
2020-01-08,46.25,46.45000076293945,44.099998474121094,45.20000076293945,302275
2020-01-09,45.900001525878906,50.20000076293945,45.900001525878906,47.70000076293945,1603770
2020-01-10,48.349998474121094,48.349998474121094,46.150001525878906,46.45000076293945,253155
2020-01-13,47.849998474121094,48.400001525878906,46.5,47.900001525878906,390882
2020-01-14,48.400001525878906,48.45000076293945,47.0,47.099998474121094,252723
2020-01-15,47.25,51.349998474121094,46.20000076293945,48.04999923706055,1160544
2020-01-16,48.150001525878906,48.45000076293945,47.150001525878906,47.25,266013
2020-01-17,47.5,48.5,46.95000076293945,47.25,237377
2020-01-20,47.599998474121094,47.599998474121094,45.29999923706055,45.349998474121094,247545
2020-01-21,44.849998474121094,46.150001525878906,44.20000076293945,45.099998474121094,286667
2020-01-22,45.650001525878906,46.349998474121094,45.20000076293945,45.70000076293945,254091
2020-01-23,45.45000076293945,48.75,45.150001525878906,47.79999923706055,720339
2020-01-24,46.900001525878906,50.900001525878906,46.5,49.900001525878906,1019525
2020-01-27,53.04999923706055,54.900001525878906,51.599998474121094,52.349998474121094,1990772
2020-01-28,52.75,53.150001525878906,50.0,50.349998474121094,303895
2020-01-29,50.650001525878906,51.29999923706055,48.599998474121094,49.099998474121094,200616
2020-01-30,49.599998474121094,49.599998474121094,47.650001525878906,48.20000076293945,141937
2020-01-31,48.20000076293945,48.900001525878906,47.900001525878906,48.20000076293945,148430
2020-02-03,40.54999923706055,40.95000076293945,38.20000076293945,38.650001525878906,304576
2020-02-04,39.099998474121094,40.29999923706055,39.0,39.29999923706055,211651
2020-02-05,39.400001525878906,40.29999923706055,38.650001525878906,39.5,183545
2020-02-06,39.599998474121094,40.599998474121094,39.29999923706055,39.650001525878906,179953
2020-02-07,39.79999923706055,39.79999923706055,38.70000076293945,39.04999923706055,132873
2020-02-10,38.75,40.400001525878906,38.75,39.70000076293945,181539
2020-02-11,39.54999923706055,40.0,38.849998474121094,38.95000076293945,97817
2020-02-12,38.599998474121094,39.29999923706055,38.0,38.25,102698
2020-02-13,38.0,38.150001525878906,37.099998474121094,37.29999923706055,84113
2020-02-14,37.45000076293945,37.900001525878906,36.349998474121094,36.54999923706055,103936
2020-02-17,36.75,36.75,35.5,35.900001525878906,62824
2020-02-18,36.0,36.0,34.25,35.29999923706055,118401
2020-02-19,35.29999923706055,36.900001525878906,35.20000076293945,36.349998474121094,116872
2020-02-20,36.349998474121094,37.70000076293945,36.099998474121094,36.599998474121094,80557
2020-02-24,37.04999923706055,37.70000076293945,36.25,36.5,123705
2020-02-25,36.20000076293945,37.29999923706055,35.599998474121094,36.5,105833
2020-02-26,35.79999923706055,36.5,35.0,35.150001525878906,73714
2020-02-27,35.099998474121094,35.20000076293945,33.79999923706055,34.099998474121094,64304
2020-02-28,33.79999923706055,33.95000076293945,32.0,32.29999923706055,90759
2020-03-02,33.5,33.79999923706055,31.100000381469727,31.5,63196
2020-03-03,32.150001525878906,32.25,30.399999618530273,31.0,63603
2020-03-04,31.450000762939453,32.400001525878906,30.5,30.799999237060547,76293
2020-03-05,31.0,31.649999618530273,30.700000762939453,31.25,42126
2020-03-06,30.0,30.850000381469727,29.350000381469727,29.700000762939453,80422
2020-03-09,28.200000762939453,28.75,26.649999618530273,27.149999618530273,96454
2020-03-11,28.299999237060547,28.899999618530273,27.549999237060547,28.25,57063
2020-03-12,26.0,26.700000762939453,25.0,25.100000381469727,92849
2020-03-13,22.25,30.100000381469727,20.5,30.100000381469727,239390
2020-03-16,27.799999237060547,30.350000381469727,26.5,28.850000381469727,117596
2020-03-17,28.799999237060547,30.299999237060547,28.0,28.299999237060547,66844
2020-03-18,29.299999237060547,29.299999237060547,26.299999237060547,26.75,56742
2020-03-19,25.0,26.600000381469727,23.649999618530273,25.149999618530273,74170
2020-03-20,26.299999237060547,27.5,25.850000381469727,26.899999618530273,108572
2020-03-23,22.649999618530273,26.0,22.649999618530273,24.25,67146
2020-03-24,26.0,26.899999618530273,23.75,24.25,52912
2020-03-25,24.600000381469727,26.950000762939453,23.049999237060547,24.0,72962
2020-03-26,24.25,28.799999237060547,23.5,27.950000762939453,207005
2020-03-27,29.899999618530273,30.799999237060547,26.649999618530273,27.200000762939453,300605
2020-03-30,26.700000762939453,29.0,25.5,28.100000381469727,144405
2020-03-31,28.049999237060547,32.900001525878906,27.5,32.400001525878906,855702
2020-04-01,32.0,32.0,29.5,30.149999618530273,106025
2020-04-03,30.450000762939453,30.799999237060547,28.549999237060547,29.25,186063
2020-04-07,29.850000381469727,32.5,29.850000381469727,30.399999618530273,154656
2020-04-08,29.200000762939453,35.650001525878906,29.200000762939453,34.599998474121094,696938
2020-04-09,40.400001525878906,41.25,39.0,40.20000076293945,1298915
2020-04-13,40.0,40.0,36.599998474121094,37.849998474121094,225992
2020-04-15,40.0,45.400001525878906,40.0,44.25,2240259
2020-04-16,44.79999923706055,44.79999923706055,40.79999923706055,42.45000076293945,454930
2020-04-17,43.29999923706055,43.29999923706055,39.79999923706055,40.95000076293945,289731
2020-04-20,41.0,41.0,39.400001525878906,40.25,144941
2020-04-21,41.400001525878906,41.75,39.0,39.54999923706055,244285
2020-04-22,39.79999923706055,42.29999923706055,37.5,41.099998474121094,290669
2020-04-23,41.349998474121094,41.349998474121094,39.599998474121094,39.95000076293945,179919
2020-04-24,39.0,43.599998474121094,38.79999923706055,42.650001525878906,938458
2020-04-27,43.0,43.20000076293945,41.0,41.04999923706055,181678
2020-04-28,41.20000076293945,43.150001525878906,40.400001525878906,42.5,265254
2020-04-29,43.5,44.0,41.400001525878906,41.95000076293945,470601
2020-04-30,41.75,42.29999923706055,41.04999923706055,41.20000076293945,100784
2020-05-04,40.099998474121094,42.75,39.45000076293945,40.95000076293945,295209
2020-05-05,41.400001525878906,43.900001525878906,41.20000076293945,42.54999923706055,1472269
2020-05-06,44.099998474121094,44.5,42.0,42.25,459468
2020-05-07,41.75,42.599998474121094,41.29999923706055,41.349998474121094,57809
2020-05-08,41.5,41.849998474121094,40.25,40.400001525878906,71296
2020-05-11,40.849998474121094,41.099998474121094,39.5,39.79999923706055,54394
2020-05-12,39.79999923706055,41.79999923706055,38.79999923706055,41.400001525878906,265513
2020-05-13,41.5,43.45000076293945,41.400001525878906,42.75,458168
2020-05-14,42.25,44.849998474121094,41.70000076293945,44.0,958978
2020-05-15,43.0,43.04999923706055,40.849998474121094,41.849998474121094,279998
2020-05-18,41.79999923706055,41.79999923706055,39.0,39.349998474121094,134250
2020-05-19,39.5,41.04999923706055,39.0,39.5,187232
2020-05-20,39.54999923706055,40.599998474121094,39.099998474121094,40.20000076293945,89175
2020-05-21,40.0,40.900001525878906,39.79999923706055,40.0,63556
2020-05-22,40.20000076293945,40.849998474121094,39.5,39.75,89970
2020-05-26,39.75,40.20000076293945,39.400001525878906,39.5,53724
2020-05-27,39.54999923706055,40.099998474121094,39.54999923706055,39.70000076293945,71408
2020-05-28,40.0,40.849998474121094,39.79999923706055,40.150001525878906,126311
2020-05-29,39.849998474121094,43.70000076293945,39.70000076293945,42.95000076293945,881937
2020-06-01,44.70000076293945,45.0,43.5,43.95000076293945,863145
2020-06-02,45.45000076293945,46.20000076293945,44.20000076293945,44.75,606674
2020-06-03,44.150001525878906,45.0,43.25,43.45000076293945,194855
2020-06-04,43.25,43.25,41.5,41.849998474121094,148972
2020-06-05,42.400001525878906,45.20000076293945,42.25,43.400001525878906,491589
2020-06-08,43.70000076293945,44.099998474121094,43.0,43.150001525878906,144319
2020-06-09,43.400001525878906,43.900001525878906,41.79999923706055,42.70000076293945,246398
2020-06-10,42.70000076293945,43.400001525878906,42.29999923706055,43.099998474121094,108779
2020-06-11,43.29999923706055,47.29999923706055,42.099998474121094,46.04999923706055,914803
2020-06-12,45.75,45.75,43.95000076293945,44.29999923706055,833799
2020-06-15,44.0,45.79999923706055,43.349998474121094,44.5,699574
2020-06-16,45.900001525878906,46.5,43.150001525878906,44.45000076293945,516013
2020-06-17,43.79999923706055,45.0,43.79999923706055,43.95000076293945,168571
2020-06-18,44.0,45.54999923706055,43.95000076293945,44.849998474121094,295419
2020-06-19,44.900001525878906,45.900001525878906,44.25,44.349998474121094,300035
2020-06-22,44.349998474121094,44.95000076293945,44.25,44.400001525878906,167109
2020-06-23,45.70000076293945,46.5,45.20000076293945,45.54999923706055,484623
2020-06-24,45.75,46.79999923706055,45.099998474121094,45.400001525878906,296416
2020-06-25,45.04999923706055,54.45000076293945,45.04999923706055,51.79999923706055,2087873
2020-06-26,54.79999923706055,54.79999923706055,50.0,50.5,2436888
2020-06-29,50.0,52.79999923706055,47.5,49.650001525878906,1140702
2020-06-30,49.25,50.79999923706055,48.04999923706055,48.349998474121094,286964
2020-07-01,50.0,50.75,49.150001525878906,49.349998474121094,337202
2020-07-02,49.45000076293945,49.95000076293945,48.5,48.70000076293945,187253
2020-07-03,49.0,49.20000076293945,47.75,47.900001525878906,150600
2020-07-06,50.0,50.900001525878906,48.75,50.29999923706055,693219
2020-07-07,50.20000076293945,52.599998474121094,49.04999923706055,50.599998474121094,1109476
2020-07-08,50.900001525878906,51.849998474121094,49.599998474121094,49.849998474121094,441782
2020-07-09,50.150001525878906,51.04999923706055,49.599998474121094,50.45000076293945,251050
2020-07-10,50.099998474121094,51.20000076293945,48.29999923706055,49.150001525878906,432033
2020-07-13,49.45000076293945,49.54999923706055,48.04999923706055,48.150001525878906,198552
2020-07-14,47.95000076293945,47.95000076293945,46.0,46.349998474121094,131108
2020-07-15,46.849998474121094,47.5,46.099998474121094,46.400001525878906,74664
2020-07-16,46.79999923706055,47.0,45.29999923706055,45.75,84170
2020-07-17,46.04999923706055,48.349998474121094,45.79999923706055,47.45000076293945,175521
2020-07-20,47.599998474121094,48.150001525878906,46.54999923706055,47.0,186412
2020-07-21,47.150001525878906,48.5,45.5,48.150001525878906,394119
2020-07-22,48.150001525878906,48.400001525878906,46.599998474121094,47.0,294298
2020-07-23,48.0,52.400001525878906,47.75,50.400001525878906,1411490
2020-07-24,49.599998474121094,51.150001525878906,48.20000076293945,48.95000076293945,905850
2020-07-27,48.75,48.79999923706055,47.20000076293945,47.5,188414
2020-07-28,47.29999923706055,48.400001525878906,47.20000076293945,47.54999923706055,225246
2020-07-29,47.5,48.95000076293945,47.29999923706055,47.79999923706055,273405
2020-07-30,48.75,49.599998474121094,47.650001525878906,48.150001525878906,669267
2020-07-31,47.29999923706055,47.79999923706055,46.75,47.099998474121094,162679
2020-08-03,46.95000076293945,47.29999923706055,46.099998474121094,46.45000076293945,86969
2020-08-04,46.79999923706055,47.79999923706055,46.29999923706055,47.150001525878906,126585
2020-08-05,47.5,47.70000076293945,46.650001525878906,46.900001525878906,113874
2020-08-06,47.45000076293945,49.900001525878906,47.0,47.45000076293945,255646
2020-08-07,47.25,52.29999923706055,47.25,50.95000076293945,2449311
2020-08-10,51.0,51.20000076293945,49.04999923706055,49.349998474121094,342368
2020-08-11,49.5,50.70000076293945,49.0,49.79999923706055,362312
2020-08-12,49.04999923706055,49.29999923706055,47.900001525878906,48.45000076293945,164844
2020-08-13,48.95000076293945,49.70000076293945,48.75,49.0,197950
2020-08-14,49.29999923706055,49.45000076293945,48.29999923706055,48.5,128288
2020-08-17,48.29999923706055,49.5,48.29999923706055,49.20000076293945,147525
2020-08-18,49.599998474121094,52.45000076293945,49.04999923706055,49.599998474121094,1679992
2020-08-19,50.70000076293945,50.70000076293945,50.0,50.04999923706055,307160
2020-08-20,49.5,50.400001525878906,49.099998474121094,49.650001525878906,169050
2020-08-21,51.0,51.20000076293945,49.650001525878906,49.95000076293945,383744
2020-08-24,50.45000076293945,50.79999923706055,49.650001525878906,50.20000076293945,230624
2020-08-25,50.5,50.79999923706055,49.5,49.79999923706055,158422
2020-08-26,49.70000076293945,50.75,49.25,49.849998474121094,196370
2020-08-27,50.25,50.25,49.25,49.349998474121094,54148
2020-08-28,49.75,49.75,48.29999923706055,48.599998474121094,98784
2020-08-31,48.70000076293945,49.5,46.099998474121094,46.849998474121094,132697
2020-09-01,47.0,47.54999923706055,46.04999923706055,46.5,65871
2020-09-02,46.95000076293945,49.150001525878906,46.150001525878906,48.20000076293945,99005
2020-09-03,48.5,48.54999923706055,47.25,47.5,127325
2020-09-04,46.849998474121094,47.5,46.45000076293945,46.599998474121094,141339
2020-09-07,46.599998474121094,46.95000076293945,45.79999923706055,45.900001525878906,127325
2020-09-08,45.900001525878906,46.79999923706055,44.70000076293945,45.04999923706055,186833
2020-09-09,44.150001525878906,45.5,44.150001525878906,45.0,103088
2020-09-10,45.54999923706055,46.349998474121094,45.20000076293945,45.95000076293945,130797
2020-09-11,46.150001525878906,46.400001525878906,45.400001525878906,46.25,60169
2020-09-14,46.54999923706055,47.0,46.0,46.45000076293945,52921
2020-09-15,46.45000076293945,46.599998474121094,45.900001525878906,46.0,36325
2020-09-16,46.45000076293945,47.400001525878906,46.25,46.45000076293945,44360
2020-09-17,46.349998474121094,48.0,46.099998474121094,46.400001525878906,94011
2020-09-18,46.25,47.349998474121094,45.75,46.0,52782
2020-09-21,46.0,46.599998474121094,44.150001525878906,44.599998474121094,38418
2020-09-22,46.0,46.0,41.95000076293945,42.900001525878906,49225
2020-09-23,44.25,44.400001525878906,43.20000076293945,43.650001525878906,31794
2020-09-24,43.0,43.0,41.20000076293945,41.79999923706055,33792
2020-09-25,43.5,43.5,42.0,43.099998474121094,35153
2020-09-28,48.400001525878906,48.400001525878906,45.0,47.349998474121094,716083
2020-09-29,46.5,47.79999923706055,45.54999923706055,46.0,101375
2020-09-30,46.599998474121094,46.599998474121094,44.75,45.04999923706055,40231
2020-10-01,46.5,46.900001525878906,45.5,46.150001525878906,148501
2020-10-05,45.599998474121094,46.400001525878906,45.150001525878906,45.25,37409
2020-10-06,45.150001525878906,46.0,45.0,45.5,67658
2020-10-07,46.29999923706055,46.5,45.29999923706055,45.79999923706055,174871
2020-10-08,46.0,46.099998474121094,44.5,44.849998474121094,103084
2020-10-09,45.0,45.20000076293945,44.25,44.349998474121094,50710
2020-10-12,44.25,44.95000076293945,43.400001525878906,43.5,73746
2020-10-13,43.45000076293945,43.849998474121094,42.599998474121094,43.04999923706055,46701
2020-10-14,43.70000076293945,43.70000076293945,42.400001525878906,43.20000076293945,57869
2020-10-15,43.0,43.900001525878906,41.5,41.900001525878906,46248
2020-10-16,42.099998474121094,42.70000076293945,41.75,42.45000076293945,32783
2020-10-19,43.45000076293945,44.0,42.79999923706055,43.70000076293945,122726
2020-10-20,44.099998474121094,48.79999923706055,43.349998474121094,47.650001525878906,684242
2020-10-21,50.599998474121094,55.70000076293945,50.599998474121094,52.650001525878906,4549732
2020-10-22,52.150001525878906,52.150001525878906,49.5,49.95000076293945,410335
2020-10-23,49.54999923706055,49.79999923706055,47.75,48.04999923706055,240520
2020-10-26,47.54999923706055,48.45000076293945,46.5,46.70000076293945,121314
2020-10-27,46.650001525878906,46.650001525878906,45.54999923706055,45.79999923706055,80872
2020-10-28,46.29999923706055,49.849998474121094,45.70000076293945,49.29999923706055,540034
2020-10-29,48.349998474121094,48.400001525878906,45.900001525878906,46.20000076293945,289567
2020-10-30,46.25,47.79999923706055,45.650001525878906,45.95000076293945,120533
2020-11-02,46.45000076293945,46.45000076293945,45.79999923706055,45.900001525878906,44032
2020-11-03,46.70000076293945,55.04999923706055,46.349998474121094,48.599998474121094,1135899
2020-11-04,47.900001525878906,48.349998474121094,46.75,47.099998474121094,83114
2020-11-05,47.29999923706055,48.400001525878906,46.150001525878906,47.599998474121094,241278
2020-11-06,47.599998474121094,51.95000076293945,47.29999923706055,49.349998474121094,1210626
2020-11-09,49.849998474121094,49.849998474121094,47.599998474121094,47.849998474121094,268886
2020-11-10,47.849998474121094,48.650001525878906,46.75,46.900001525878906,150399
2020-11-11,47.29999923706055,47.400001525878906,46.04999923706055,46.70000076293945,144936
2020-11-12,47.0,51.099998474121094,46.54999923706055,48.5,666606
2020-11-13,48.45000076293945,49.75,47.75,48.20000076293945,245250
2020-11-14,48.29999923706055,52.20000076293945,48.25,51.04999923706055,931531
2020-11-17,51.650001525878906,52.45000076293945,49.70000076293945,50.20000076293945,394800
2020-11-18,50.599998474121094,50.599998474121094,49.400001525878906,49.5,119374
2020-11-19,50.5,50.70000076293945,49.0,49.25,199041
2020-11-20,49.150001525878906,50.400001525878906,48.400001525878906,49.0,339407
2020-11-23,50.20000076293945,52.599998474121094,49.400001525878906,50.849998474121094,904039
2020-11-24,50.95000076293945,50.95000076293945,50.099998474121094,50.400001525878906,104995
2020-11-25,50.150001525878906,50.650001525878906,49.099998474121094,49.29999923706055,121634
2020-11-26,49.849998474121094,52.0,48.70000076293945,50.849998474121094,445602
2020-11-27,51.04999923706055,52.0,50.099998474121094,51.25,240316
2020-12-01,54.900001525878906,56.0,53.79999923706055,54.54999923706055,2073808
2020-12-02,56.0,56.0,53.0,53.54999923706055,268162
2020-12-03,53.54999923706055,54.25,53.099998474121094,53.349998474121094,172572
2020-12-04,53.54999923706055,54.650001525878906,52.0,52.45000076293945,373000
2020-12-07,52.95000076293945,54.54999923706055,52.54999923706055,53.79999923706055,444752
2020-12-08,54.0,54.20000076293945,52.20000076293945,52.95000076293945,148914
2020-12-09,53.29999923706055,54.5,52.54999923706055,53.20000076293945,228179
2020-12-10,57.900001525878906,58.5,55.099998474121094,55.75,1666936
2020-12-11,55.29999923706055,56.04999923706055,54.900001525878906,55.5,257879
2020-12-14,55.25,57.349998474121094,54.54999923706055,55.599998474121094,473614
2020-12-15,55.400001525878906,55.95000076293945,54.54999923706055,55.20000076293945,225513
2020-12-16,56.95000076293945,58.04999923706055,55.04999923706055,55.29999923706055,439932
2020-12-17,55.349998474121094,55.599998474121094,54.70000076293945,54.900001525878906,128184
2020-12-18,55.79999923706055,56.900001525878906,54.599998474121094,55.150001525878906,293258
2020-12-21,55.04999923706055,55.349998474121094,48.650001525878906,50.25,190527
2020-12-22,51.099998474121094,51.900001525878906,48.04999923706055,49.849998474121094,205424
2020-12-23,50.29999923706055,53.79999923706055,49.79999923706055,52.79999923706055,209873
2020-12-24,54.349998474121094,54.900001525878906,53.349998474121094,53.95000076293945,569332
2020-12-28,54.0,54.70000076293945,54.0,54.349998474121094,102154
2020-12-29,54.25,65.19999694824219,52.5,64.30000305175781,6471375
2020-12-30,65.0,65.0,60.75,61.29999923706055,1458739
2020-12-31,60.0,62.79999923706055,59.95000076293945,61.400001525878906,651459
2021-01-01,61.400001525878906,62.599998474121094,60.349998474121094,60.650001525878906,385353
2021-01-04,61.25,62.70000076293945,60.650001525878906,61.349998474121094,461403
2021-01-05,62.5,67.3499984741211,62.099998474121094,63.75,2303017
2021-01-06,62.650001525878906,64.25,61.099998474121094,62.0,393556
2021-01-07,62.150001525878906,65.25,62.150001525878906,63.349998474121094,403821
2021-01-08,66.0,76.0,65.3499984741211,76.0,6716816
2021-01-11,85.0,91.19999694824219,82.05000305175781,90.6500015258789,8673963
2021-01-12,93.0,93.0,85.3499984741211,86.4000015258789,3808073
2021-01-13,85.8499984741211,85.8499984741211,80.3499984741211,81.69999694824219,1120327
2021-01-14,83.30000305175781,87.80000305175781,82.3499984741211,85.55000305175781,1417560
2021-01-15,85.0,85.80000305175781,82.0,83.80000305175781,416910
2021-01-18,85.0,89.9000015258789,84.55000305175781,86.44999694824219,1032399
2021-01-19,87.0,88.44999694824219,85.25,86.19999694824219,363011
2021-01-20,86.69999694824219,86.69999694824219,84.0,84.55000305175781,222688
2021-01-21,85.0,87.69999694824219,84.25,85.30000305175781,741472
2021-01-22,85.44999694824219,85.5999984741211,81.5,82.5999984741211,244753
2021-01-25,86.5,86.5,77.5999984741211,78.3499984741211,299409
2021-01-27,77.19999694824219,77.75,75.25,75.5,236242
2021-01-28,74.75,83.05000305175781,73.0999984741211,82.5999984741211,1147162
2021-01-29,83.9000015258789,86.94999694824219,77.0,83.5999984741211,1030522
2021-02-01,84.0,86.69999694824219,80.5,82.30000305175781,915011
2021-02-02,86.5,87.0,82.5,84.0,583757
2021-02-03,84.4000015258789,84.75,82.0,82.5,227517
2021-02-04,82.5999984741211,84.30000305175781,81.1500015258789,82.25,246085
2021-02-05,83.0,87.69999694824219,80.30000305175781,85.0999984741211,862650
2021-02-08,86.5,87.0,83.05000305175781,83.6500015258789,390595
2021-02-09,83.75,83.9000015258789,81.69999694824219,82.25,174417
2021-02-10,82.9000015258789,84.80000305175781,81.3499984741211,83.8499984741211,1735377
2021-02-11,83.0,83.80000305175781,81.05000305175781,81.5999984741211,441090
2021-02-12,81.9000015258789,81.94999694824219,78.80000305175781,79.30000305175781,456909
2021-02-15,79.44999694824219,79.9000015258789,75.69999694824219,76.25,324597
2021-02-16,76.8499984741211,77.80000305175781,76.0999984741211,76.4000015258789,326374
2021-02-17,76.5999984741211,76.69999694824219,75.0,75.3499984741211,370396
2021-02-18,75.94999694824219,82.8499984741211,75.94999694824219,80.30000305175781,748906
2021-02-19,79.6500015258789,80.69999694824219,76.69999694824219,77.5,697893
2021-02-22,77.80000305175781,77.80000305175781,75.19999694824219,75.55000305175781,221362
2021-02-23,75.55000305175781,77.69999694824219,75.55000305175781,76.69999694824219,276068
2021-02-24,76.9000015258789,80.19999694824219,76.69999694824219,77.55000305175781,267513
2021-02-25,78.3499984741211,93.05000305175781,78.05000305175781,88.6500015258789,5622983
2021-02-26,86.80000305175781,95.8499984741211,85.1500015258789,87.8499984741211,5740402
2021-03-01,88.9000015258789,105.4000015258789,87.8499984741211,104.55000305175781,9474284
2021-03-02,107.1500015258789,114.80000305175781,97.30000305175781,100.05000305175781,5594275
2021-03-03,100.0,102.69999694824219,97.3499984741211,98.80000305175781,873713
2021-03-04,97.0,107.9000015258789,96.0,105.80000305175781,2147339
2021-03-05,119.44999694824219,126.94999694824219,117.75,126.94999694824219,4425016
2021-03-08,135.3000030517578,139.1999969482422,123.55000305175781,125.25,3969045
2021-03-09,125.69999694824219,126.69999694824219,112.75,115.19999694824219,1751747
2021-03-10,116.94999694824219,123.30000305175781,113.0999984741211,118.5,1585198
2021-03-12,117.19999694824219,125.94999694824219,115.3499984741211,118.30000305175781,1720176
2021-03-15,117.3499984741211,123.0,115.4000015258789,118.0,764649
2021-03-16,118.5,121.80000305175781,115.0999984741211,117.19999694824219,561184
2021-03-17,116.44999694824219,118.0,106.0,107.55000305175781,446652
2021-03-18,108.6500015258789,115.0,102.0,105.30000305175781,446289
2021-03-19,104.30000305175781,106.5,97.9000015258789,104.05000305175781,704514
2021-03-22,107.0,114.44999694824219,102.0,114.44999694824219,949441
2021-03-23,115.0999984741211,119.0,111.0,112.94999694824219,1144950
2021-03-24,111.9000015258789,114.80000305175781,108.0999984741211,109.30000305175781,292385
2021-03-25,110.9000015258789,110.9000015258789,103.0999984741211,104.05000305175781,323795
2021-03-26,106.0,114.0,106.0,112.94999694824219,734058
2021-03-30,113.94999694824219,116.0,109.0,112.30000305175781,488256
2021-03-31,112.0,113.0,108.5999984741211,109.6500015258789,232940
2021-04-01,109.75,114.4000015258789,109.75,112.25,229234
2021-04-05,111.9000015258789,111.9000015258789,105.5999984741211,107.4000015258789,251947
2021-04-06,107.05000305175781,111.6500015258789,106.5999984741211,107.75,297535
2021-04-07,108.0,111.94999694824219,107.8499984741211,110.19999694824219,428389
2021-04-08,116.0,126.0,114.0,117.94999694824219,2518229
2021-04-09,120.0,120.0999984741211,111.55000305175781,114.6500015258789,551336
2021-04-12,110.0,110.0,101.25,104.8499984741211,495020
2021-04-13,106.0,115.0,105.9000015258789,110.55000305175781,1075611
2021-04-15,107.69999694824219,110.44999694824219,106.3499984741211,107.8499984741211,312704
2021-04-16,109.0,113.94999694824219,108.0,110.19999694824219,695791
2021-04-19,104.0,105.8499984741211,100.6500015258789,104.30000305175781,346570
2021-04-20,107.0,109.5999984741211,103.55000305175781,105.0,303972
2021-04-22,104.0,110.5,103.9000015258789,107.55000305175781,339555
2021-04-23,108.5,109.44999694824219,105.1500015258789,105.8499984741211,263155
2021-04-26,107.5,108.0,105.19999694824219,105.8499984741211,157071
2021-04-27,105.8499984741211,117.0999984741211,105.5,112.94999694824219,1895049
2021-04-28,113.80000305175781,114.19999694824219,110.75,111.3499984741211,411485
2021-04-29,111.9000015258789,116.5,110.5,113.5,834029
2021-04-30,112.0,115.44999694824219,107.8499984741211,109.25,485123
2021-05-03,108.3499984741211,115.5,106.0,113.25,468656
2021-05-04,114.1500015258789,122.75,113.4000015258789,115.5,1847818
2021-05-05,116.5,121.0,116.0,117.8499984741211,731054
2021-05-06,118.80000305175781,124.3499984741211,116.4000015258789,121.9000015258789,1282936
2021-05-07,122.69999694824219,123.55000305175781,117.0,117.9000015258789,516034
2021-05-10,119.05000305175781,122.8499984741211,117.94999694824219,119.0999984741211,694891
2021-05-11,117.5999984741211,124.19999694824219,117.0,120.94999694824219,850189
2021-05-12,121.9000015258789,133.5,120.75,126.4000015258789,2964397
2021-05-14,128.75,133.8000030517578,127.25,130.85000610351562,1386591
2021-05-17,134.5,134.64999389648438,128.39999389648438,129.75,776662
2021-05-18,130.8000030517578,133.6999969482422,127.25,128.35000610351562,649708
2021-05-19,127.80000305175781,130.6999969482422,125.0,125.5999984741211,439419
2021-05-20,134.0,139.0,129.5,131.5500030517578,2617195
2021-05-21,132.0,132.10000610351562,127.75,128.3000030517578,440063
2021-05-24,129.0,130.0500030517578,125.5,126.25,381992
2021-05-25,127.69999694824219,128.0,122.0,126.19999694824219,567241
2021-05-26,126.0999984741211,131.39999389648438,125.19999694824219,127.5999984741211,1159859
2021-05-27,127.5999984741211,128.5,125.4000015258789,125.9000015258789,265516
2021-05-28,126.5999984741211,126.80000305175781,124.0,124.55000305175781,185653
2021-05-31,126.0,126.5,124.0999984741211,124.55000305175781,187901
2021-06-01,125.0,126.1500015258789,120.5,121.19999694824219,200442
2021-06-02,122.0,124.4000015258789,121.3499984741211,122.9000015258789,221657
2021-06-03,122.5,125.44999694824219,122.5,123.3499984741211,207547
2021-06-04,123.9000015258789,127.75,121.3499984741211,122.0,420066
2021-06-07,122.8499984741211,124.75,122.55000305175781,124.19999694824219,321922
2021-06-08,123.5,124.80000305175781,122.55000305175781,124.0999984741211,190533
2021-06-09,124.9000015258789,127.19999694824219,121.80000305175781,123.3499984741211,413884
2021-06-10,124.0,129.0500030517578,123.55000305175781,127.8499984741211,945511
2021-06-11,128.5,129.89999389648438,125.69999694824219,126.8499984741211,342382
2021-06-14,125.5999984741211,127.55000305175781,121.0999984741211,124.9000015258789,363269
2021-06-15,125.9000015258789,128.60000610351562,125.1500015258789,127.0999984741211,390435
2021-06-16,127.5,148.39999389648438,125.80000305175781,144.39999389648438,7398397
2021-06-17,144.1999969482422,150.89999389648438,140.10000610351562,144.0500030517578,5283737
2021-06-18,144.1999969482422,148.39999389648438,127.80000305175781,144.0500030517578,4491738
2021-06-21,139.3000030517578,148.0,139.3000030517578,143.89999389648438,1409437
2021-06-22,145.0,152.5,144.14999389648438,147.10000610351562,1920019
2021-06-23,149.0,153.0,137.10000610351562,140.64999389648438,1684663
2021-06-24,138.89999389648438,143.35000610351562,135.10000610351562,137.3000030517578,1041404
2021-06-25,138.1999969482422,139.64999389648438,133.5500030517578,134.35000610351562,504411
2021-06-28,135.39999389648438,137.64999389648438,131.10000610351562,131.85000610351562,624237
2021-06-29,133.0,141.60000610351562,133.0,139.75,1227434
2021-06-30,141.25,141.8000030517578,137.0,138.0500030517578,712940
2021-07-01,137.9499969482422,141.0,136.0,139.89999389648438,461624
2021-07-02,141.0,142.0,135.10000610351562,137.10000610351562,426181
2021-07-05,138.0,138.75,134.85000610351562,135.89999389648438,353964
2021-07-06,136.89999389648438,139.89999389648438,135.0,136.85000610351562,359259
2021-07-07,136.85000610351562,144.64999389648438,135.0,142.9499969482422,795444
2021-07-08,143.85000610351562,145.60000610351562,138.89999389648438,140.5,633726
2021-07-09,140.25,141.0,138.10000610351562,138.89999389648438,214867
2021-07-12,139.5,142.39999389648438,135.0,135.9499969482422,543325
2021-07-13,137.0,142.64999389648438,136.9499969482422,140.39999389648438,664828
2021-07-14,140.0,141.6999969482422,138.1999969482422,139.14999389648438,292060
2021-07-15,140.1999969482422,141.14999389648438,136.10000610351562,137.5500030517578,307835
2021-07-16,138.85000610351562,142.0,137.10000610351562,138.35000610351562,361617
2021-07-19,137.3000030517578,139.5,136.9499969482422,137.85000610351562,157850
2021-07-20,138.1999969482422,140.8000030517578,132.14999389648438,135.89999389648438,300504
2021-07-22,137.0,139.25,135.64999389648438,136.85000610351562,274482
2021-07-23,138.0,138.25,133.75,134.85000610351562,355401
2021-07-26,136.8000030517578,139.8000030517578,135.0500030517578,137.0,368879
2021-07-27,137.9499969482422,138.39999389648438,134.35000610351562,135.5,191333
2021-07-28,136.39999389648438,136.39999389648438,130.0500030517578,132.39999389648438,277787
2021-07-29,132.5500030517578,135.3000030517578,132.5500030517578,133.14999389648438,144498
2021-07-30,132.9499969482422,146.64999389648438,132.39999389648438,141.0500030517578,3249276
2021-08-02,142.14999389648438,142.39999389648438,137.5,138.14999389648438,403161
2021-08-03,138.75,139.8000030517578,136.1999969482422,137.10000610351562,212573
2021-08-04,137.0,139.10000610351562,133.5,134.64999389648438,234160
2021-08-05,135.0,135.4499969482422,130.85000610351562,132.4499969482422,179883
2021-08-06,132.9499969482422,138.0,132.5,134.75,316189
2021-08-09,134.85000610351562,135.39999389648438,131.35000610351562,132.35000610351562,146459
2021-08-10,132.8000030517578,133.64999389648438,119.19999694824219,123.8499984741211,286948
2021-08-11,124.4000015258789,127.80000305175781,118.0,124.05000305175781,353045
2021-08-12,126.5999984741211,133.0,123.5,131.14999389648438,1616520
2021-08-13,131.0,131.8000030517578,127.5999984741211,128.60000610351562,266270
2021-08-16,128.5,133.9499969482422,125.75,128.9499969482422,404064
2021-08-17,128.9499969482422,128.9499969482422,125.0999984741211,125.94999694824219,87794
2021-08-18,126.5,128.14999389648438,124.3499984741211,125.80000305175781,87965
2021-08-20,125.5,125.5,116.8499984741211,119.44999694824219,177150
2021-08-23,120.0999984741211,121.19999694824219,109.0,110.4000015258789,300959
2021-08-24,112.0,117.5,111.1500015258789,116.19999694824219,354439
2021-08-25,116.80000305175781,119.80000305175781,114.0999984741211,118.55000305175781,149642
2021-08-26,119.1500015258789,120.05000305175781,117.5999984741211,118.4000015258789,91486
2021-08-27,118.80000305175781,120.9000015258789,117.0999984741211,118.94999694824219,113351
2021-08-30,120.4000015258789,122.94999694824219,119.80000305175781,121.69999694824219,95839
2021-08-31,122.5999984741211,122.5999984741211,120.0999984741211,120.4000015258789,97871
2021-09-01,120.80000305175781,123.5999984741211,119.3499984741211,121.30000305175781,151779
2021-09-02,121.05000305175781,129.0,120.5,127.69999694824219,673343
2021-09-03,128.25,128.35000610351562,124.30000305175781,125.19999694824219,127209
2021-09-06,125.19999694824219,126.1500015258789,122.4000015258789,123.69999694824219,77051
2021-09-07,124.6500015258789,127.5999984741211,121.30000305175781,125.05000305175781,174735
2021-09-08,126.0999984741211,131.0,125.6500015258789,126.8499984741211,297946
2021-09-09,126.30000305175781,128.0,124.0999984741211,126.94999694824219,112031
2021-09-13,126.94999694824219,127.0,124.94999694824219,125.3499984741211,130059
2021-09-14,126.25,128.0,125.19999694824219,126.05000305175781,107445
2021-09-15,126.5,128.35000610351562,125.55000305175781,125.9000015258789,107394
2021-09-16,126.0999984741211,129.35000610351562,125.0999984741211,126.0999984741211,193184
2021-09-17,126.4000015258789,127.0999984741211,120.75,122.80000305175781,170420
2021-09-20,121.0999984741211,125.19999694824219,119.19999694824219,120.1500015258789,222756
2021-09-21,120.30000305175781,122.0,117.30000305175781,119.80000305175781,140299
2021-09-22,119.80000305175781,124.8499984741211,119.80000305175781,122.8499984741211,170956
2021-09-23,124.9000015258789,126.8499984741211,122.1500015258789,123.6500015258789,151936
2021-09-24,124.19999694824219,138.8000030517578,123.5999984741211,132.25,3367517
2021-09-27,132.89999389648438,135.1999969482422,128.14999389648438,130.1999969482422,889916
2021-09-28,131.6999969482422,134.0,126.55000305175781,127.8499984741211,350130
2021-09-29,126.8499984741211,130.39999389648438,125.30000305175781,128.5,339606
2021-09-30,128.89999389648438,130.10000610351562,127.0,127.8499984741211,144306
2021-10-01,125.1500015258789,129.25,125.1500015258789,126.05000305175781,186309
2021-10-04,126.5999984741211,129.89999389648438,125.55000305175781,126.3499984741211,208968
2021-10-05,127.0,129.8000030517578,126.5999984741211,127.69999694824219,218108
2021-10-06,128.1999969482422,129.14999389648438,125.0,126.19999694824219,152667
2021-10-07,127.0999984741211,128.89999389648438,126.75,127.25,133086
2021-10-08,129.0,138.0,124.69999694824219,132.10000610351562,700166
2021-10-11,129.9499969482422,129.9499969482422,128.0,128.39999389648438,143953
2021-10-12,128.3000030517578,132.9499969482422,125.55000305175781,128.39999389648438,463086
2021-10-13,129.5500030517578,130.8000030517578,126.5,127.05000305175781,175083
2021-10-14,128.0,130.9499969482422,126.5,127.19999694824219,191655
2021-10-18,127.5,128.0,126.0999984741211,126.44999694824219,100495
2021-10-19,127.30000305175781,128.5500030517578,122.0,123.30000305175781,155510
2021-10-20,124.0,125.0999984741211,119.55000305175781,122.30000305175781,144269
2021-10-21,121.80000305175781,124.1500015258789,120.5999984741211,122.6500015258789,126400
2021-10-22,121.30000305175781,123.5,118.05000305175781,120.5999984741211,88126
2021-10-25,121.5999984741211,121.5999984741211,117.05000305175781,117.80000305175781,85550
2021-10-26,118.5,119.9000015258789,118.0999984741211,118.5999984741211,76291
2021-10-27,119.30000305175781,119.9000015258789,118.1500015258789,119.1500015258789,49898
2021-10-28,119.80000305175781,119.80000305175781,114.94999694824219,115.94999694824219,88533
2021-10-29,115.0,116.6500015258789,111.9000015258789,115.0999984741211,65862
2021-11-01,116.5999984741211,120.0,116.0999984741211,118.80000305175781,76457
2021-11-02,119.5999984741211,128.0,119.5999984741211,122.80000305175781,332444
2021-11-03,122.0,122.05000305175781,119.05000305175781,120.0,74868
2021-11-04,120.5999984741211,121.0,119.0,120.4000015258789,18179
2021-11-08,121.30000305175781,122.8499984741211,118.19999694824219,120.19999694824219,96607
2021-11-09,120.75,122.5,119.30000305175781,121.05000305175781,62664
2021-11-10,121.5999984741211,125.1500015258789,115.5999984741211,118.9000015258789,899996
2021-11-11,120.69999694824219,120.80000305175781,117.0,117.9000015258789,69632
2021-11-12,118.8499984741211,119.6500015258789,117.30000305175781,118.05000305175781,67909
2021-11-15,118.94999694824219,118.94999694824219,116.0,117.0,37591
2021-11-16,116.0,118.5,116.0,117.0999984741211,82603
2021-11-17,118.0,118.19999694824219,116.0,116.5999984741211,36773
2021-11-18,116.5999984741211,120.44999694824219,112.19999694824219,114.1500015258789,107726
2021-11-22,115.80000305175781,115.80000305175781,108.5,109.0,82217
2021-11-23,110.0,114.0,109.0,113.1500015258789,69921
2021-11-24,113.1500015258789,116.0,113.1500015258789,113.55000305175781,36179
2021-11-25,114.5,117.0,113.19999694824219,115.3499984741211,64883
2021-11-26,115.69999694824219,115.69999694824219,110.30000305175781,111.5,47233
2021-11-29,108.0,111.0,102.25,106.4000015258789,90551
2021-11-30,109.5,117.0,107.0999984741211,109.9000015258789,379227
2021-12-01,114.0,117.0,112.5,113.80000305175781,206598
2021-12-02,114.9000015258789,114.9000015258789,111.75,113.1500015258789,50720
2021-12-03,113.69999694824219,116.44999694824219,112.25,113.80000305175781,108770
2021-12-06,110.8499984741211,115.05000305175781,110.5,110.9000015258789,68217
2021-12-07,111.0999984741211,113.0999984741211,111.0,111.5,59977
2021-12-08,113.25,117.75,112.80000305175781,114.1500015258789,253723
2021-12-09,114.69999694824219,115.4000015258789,113.4000015258789,113.6500015258789,70164
2021-12-10,113.9000015258789,116.44999694824219,112.3499984741211,115.0,92588
2021-12-13,115.1500015258789,119.69999694824219,115.1500015258789,117.9000015258789,169972
2021-12-14,117.9000015258789,118.75,116.05000305175781,117.4000015258789,81551
2021-12-15,116.55000305175781,120.8499984741211,116.44999694824219,117.94999694824219,283636
2021-12-16,119.0,122.80000305175781,116.5,118.30000305175781,492664
2021-12-17,118.80000305175781,121.5,114.0,114.94999694824219,310657
2021-12-20,113.94999694824219,113.94999694824219,107.0999984741211,107.55000305175781,134553
2021-12-21,107.9000015258789,111.69999694824219,107.9000015258789,110.0,104720
2021-12-22,110.80000305175781,112.8499984741211,110.6500015258789,112.0,26703
2021-12-23,112.25,120.4000015258789,111.9000015258789,118.0999984741211,198563
2021-12-24,120.0,121.80000305175781,115.3499984741211,116.1500015258789,388341
2021-12-27,116.1500015258789,116.19999694824219,114.19999694824219,115.1500015258789,61518
2021-12-28,115.75,121.9000015258789,115.44999694824219,120.80000305175781,209283
2021-12-29,119.8499984741211,124.0999984741211,119.0999984741211,122.75,229453
2021-12-30,123.5999984741211,139.8000030517578,121.55000305175781,134.0500030517578,4266199
2021-12-31,133.0,136.39999389648438,130.35000610351562,131.85000610351562,645031
2022-01-03,132.8000030517578,133.5500030517578,129.9499969482422,130.6999969482422,368612
2022-01-04,131.35000610351562,142.85000610351562,127.55000305175781,136.5,2377337
2022-01-05,136.3000030517578,142.64999389648438,133.85000610351562,135.10000610351562,766970
2022-01-06,132.8000030517578,138.60000610351562,131.6999969482422,135.4499969482422,362935
2022-01-07,136.39999389648438,136.5,130.5500030517578,132.14999389648438,241695
2022-01-10,132.3000030517578,138.75,132.3000030517578,135.9499969482422,380346
2022-01-11,136.0,138.39999389648438,133.64999389648438,134.10000610351562,286425
2022-01-12,134.89999389648438,137.6999969482422,132.89999389648438,134.0500030517578,349613
2022-01-13,134.89999389648438,138.0,133.10000610351562,134.85000610351562,400064
2022-01-14,135.89999389648438,143.0,134.60000610351562,141.3000030517578,1155187
2022-01-17,141.3000030517578,150.0,141.0,146.5500030517578,2157679
2022-01-18,147.39999389648438,159.89999389648438,142.5,147.39999389648438,5624731
2022-01-19,148.25,153.9499969482422,146.0,151.8000030517578,1665505
2022-01-20,152.4499969482422,153.8000030517578,148.5,150.0500030517578,535702
2022-01-21,149.35000610351562,149.8000030517578,141.0,142.89999389648438,494407
2022-01-24,142.85000610351562,143.35000610351562,129.4499969482422,130.60000610351562,546400
2022-01-25,128.0,144.64999389648438,123.3499984741211,142.1999969482422,1386467
2022-01-27,140.5,148.8000030517578,138.25,144.3000030517578,885875
2022-01-28,145.6999969482422,148.9499969482422,140.8000030517578,141.64999389648438,490428
2022-01-31,143.10000610351562,146.3000030517578,140.25,141.64999389648438,453168
2022-02-01,143.3000030517578,144.60000610351562,134.6999969482422,138.14999389648438,752776
2022-02-02,139.0,139.0,135.5,136.6999969482422,285574
2022-02-03,137.64999389648438,140.8000030517578,136.5,137.8000030517578,384869
2022-02-04,140.0,141.14999389648438,129.5,134.25,1069845
2022-02-07,136.0,136.5500030517578,130.1999969482422,131.5500030517578,272346
2022-02-08,131.75,133.1999969482422,127.30000305175781,131.39999389648438,563942
2022-02-09,131.39999389648438,132.89999389648438,129.0,131.14999389648438,211791
2022-02-10,131.39999389648438,132.0,129.0,129.9499969482422,179158
2022-02-11,127.19999694824219,131.85000610351562,126.5999984741211,127.3499984741211,282545
2022-02-14,126.5,126.5,113.8499984741211,116.19999694824219,307983
2022-02-15,117.0,121.55000305175781,117.0,119.69999694824219,371161
2022-02-16,123.1500015258789,123.5,120.19999694824219,121.9000015258789,179685
2022-02-17,123.0,123.0,118.94999694824219,119.6500015258789,100532
2022-02-18,119.19999694824219,121.5,119.19999694824219,119.75,111238
2022-02-21,120.0,120.0,113.5999984741211,114.4000015258789,149215
2022-02-22,114.4000015258789,115.44999694824219,107.6500015258789,112.25,203607
2022-02-23,113.05000305175781,117.30000305175781,112.30000305175781,113.30000305175781,236626
2022-02-24,108.0,111.0,97.55000305175781,99.9000015258789,357208
2022-02-25,103.9000015258789,119.8499984741211,103.69999694824219,115.30000305175781,1354399
2022-02-28,114.9000015258789,114.94999694824219,110.25,112.8499984741211,272214
2022-03-02,112.8499984741211,116.80000305175781,112.0999984741211,114.25,258031
2022-03-03,116.6500015258789,116.8499984741211,113.0999984741211,114.05000305175781,119739
2022-03-04,111.0,113.9000015258789,110.94999694824219,111.8499984741211,116200
2022-03-07,111.5999984741211,111.5999984741211,106.19999694824219,109.19999694824219,131982
2022-03-08,110.9000015258789,113.4000015258789,109.19999694824219,112.1500015258789,149031
2022-03-09,112.25,117.5999984741211,112.25,115.05000305175781,241553
2022-03-10,116.55000305175781,117.94999694824219,115.4000015258789,115.94999694824219,130109
2022-03-11,116.0,129.5500030517578,115.5999984741211,127.0999984741211,3185302
2022-03-14,125.9000015258789,137.60000610351562,124.5999984741211,133.3000030517578,1847073
2022-03-15,132.0,133.1999969482422,124.19999694824219,125.69999694824219,499008
2022-03-16,126.5999984741211,133.5,126.5999984741211,130.60000610351562,586075
2022-03-17,131.64999389648438,134.85000610351562,128.35000610351562,131.5500030517578,479821
2022-03-21,131.9499969482422,134.89999389648438,126.69999694824219,131.10000610351562,589052
2022-03-22,131.14999389648438,139.5,130.5,136.60000610351562,1395026
2022-03-23,136.8000030517578,137.25,129.64999389648438,130.85000610351562,485491
2022-03-24,132.4499969482422,135.89999389648438,130.1999969482422,131.64999389648438,413995
2022-03-25,133.39999389648438,133.4499969482422,128.10000610351562,129.10000610351562,191640
2022-03-28,130.14999389648438,134.0500030517578,126.80000305175781,129.89999389648438,428734
2022-03-29,130.25,140.89999389648438,130.10000610351562,135.85000610351562,2321360
2022-03-30,136.5500030517578,137.39999389648438,131.8000030517578,132.8000030517578,433597
2022-03-31,133.39999389648438,134.5,130.0500030517578,130.89999389648438,208798
2022-04-01,130.14999389648438,137.75,130.14999389648438,134.1999969482422,643476
2022-04-04,135.0,143.6999969482422,135.0,139.6999969482422,1238074
2022-04-05,139.85000610351562,142.5,137.39999389648438,138.3000030517578,529645
2022-04-06,137.4499969482422,141.3000030517578,136.35000610351562,139.8000030517578,517904
2022-04-07,139.9499969482422,144.5,136.10000610351562,136.75,949670
2022-04-08,137.4499969482422,140.0,137.0500030517578,137.4499969482422,265514
2022-04-11,138.0,141.6999969482422,136.8000030517578,137.35000610351562,272082
2022-04-12,138.25,138.25,134.14999389648438,135.75,172313
2022-04-13,139.0500030517578,140.85000610351562,136.0,136.8000030517578,498891
2022-04-18,135.75,141.4499969482422,132.1999969482422,138.64999389648438,684805
2022-04-19,139.89999389648438,141.4499969482422,131.10000610351562,133.6999969482422,383844
2022-04-20,134.0,136.3000030517578,130.0500030517578,132.4499969482422,184465
2022-04-21,133.8000030517578,139.0500030517578,133.3000030517578,137.5,327934
2022-04-22,136.0,138.5500030517578,134.39999389648438,135.10000610351562,202564
2022-04-25,134.5,134.89999389648438,129.5,130.25,229169
2022-04-26,132.0,133.60000610351562,129.0500030517578,130.14999389648438,165799
2022-04-27,127.5999984741211,132.35000610351562,127.3499984741211,130.64999389648438,434599
2022-04-28,131.4499969482422,133.5,129.4499969482422,130.0,192096
2022-04-29,130.10000610351562,131.5500030517578,125.0,125.5999984741211,148800
2022-05-02,125.80000305175781,125.8499984741211,121.80000305175781,123.80000305175781,140395
2022-05-04,124.9000015258789,126.75,119.0999984741211,120.44999694824219,155665
2022-05-05,122.0,123.6500015258789,120.5999984741211,121.3499984741211,83509
2022-05-06,119.0,136.0,116.5,129.5500030517578,2571496
2022-05-09,131.0,131.0,121.25,122.5,487822
2022-05-10,122.5,128.39999389648438,122.30000305175781,124.44999694824219,377160
2022-05-11,124.8499984741211,125.69999694824219,114.19999694824219,116.9000015258789,240424
2022-05-12,117.44999694824219,117.5,110.80000305175781,112.80000305175781,179216
2022-05-13,113.5,117.94999694824219,111.0,112.9000015258789,134433
2022-05-16,113.19999694824219,117.69999694824219,112.05000305175781,115.5,173783
2022-05-17,116.0999984741211,122.4000015258789,115.0,121.25,178779
2022-05-18,121.9000015258789,128.64999389648438,118.80000305175781,126.4000015258789,275472
2022-05-19,122.0999984741211,128.10000610351562,121.0999984741211,122.30000305175781,423764
2022-05-20,124.9000015258789,127.0,123.1500015258789,125.80000305175781,189644
2022-05-23,126.9000015258789,134.14999389648438,123.0,128.5,648830
2022-05-24,130.0,131.60000610351562,127.0999984741211,129.60000610351562,270758
2022-05-25,128.0,129.5500030517578,120.0,121.3499984741211,141675
2022-05-26,121.3499984741211,123.69999694824219,115.19999694824219,120.5999984741211,236152
2022-05-27,122.0,123.44999694824219,120.44999694824219,121.3499984741211,115216
2022-05-30,122.25,126.30000305175781,122.1500015258789,123.0,207618
2022-05-31,124.9000015258789,126.4000015258789,122.5999984741211,124.4000015258789,133837
2022-06-01,124.4000015258789,130.0,124.4000015258789,128.14999389648438,299830
2022-06-02,127.94999694824219,130.75,126.44999694824219,127.9000015258789,159455
2022-06-03,128.6999969482422,129.4499969482422,124.5999984741211,125.30000305175781,61874
2022-06-06,125.0,129.35000610351562,123.55000305175781,127.55000305175781,302911
2022-06-07,127.3499984741211,129.89999389648438,124.25,125.9000015258789,207466
2022-06-08,126.19999694824219,126.69999694824219,123.9000015258789,124.75,108488
2022-06-09,125.0,125.19999694824219,123.0,123.69999694824219,56675
2022-06-10,122.1500015258789,122.5999984741211,120.0,120.44999694824219,99680
2022-06-13,118.5999984741211,118.5999984741211,113.5,113.8499984741211,102257
2022-06-14,110.0,115.69999694824219,110.0,113.1500015258789,80226
2022-06-15,113.75,114.69999694824219,112.0,112.4000015258789,64148
2022-06-16,114.0,116.69999694824219,109.9000015258789,110.4000015258789,102046
2022-06-17,110.94999694824219,110.94999694824219,99.69999694824219,101.1500015258789,326246
2022-06-20,101.19999694824219,101.19999694824219,82.3499984741211,87.1500015258789,1373421
2022-06-21,89.9000015258789,102.5,89.05000305175781,97.1500015258789,2831209
2022-06-22,97.94999694824219,98.6500015258789,94.25,96.44999694824219,488783
2022-06-23,97.55000305175781,97.9000015258789,94.5999984741211,95.94999694824219,262867
2022-06-24,96.44999694824219,97.69999694824219,95.5999984741211,96.5,150808
2022-06-27,97.94999694824219,99.8499984741211,97.5,98.4000015258789,193800
2022-06-28,98.0,98.30000305175781,96.0999984741211,97.1500015258789,104880
2022-06-29,97.0,98.6500015258789,95.75,96.94999694824219,75984
2022-06-30,97.0,102.0,95.25,96.4000015258789,516034
2022-07-01,96.4000015258789,96.4000015258789,93.4000015258789,94.6500015258789,227181
2022-07-04,95.44999694824219,99.80000305175781,95.30000305175781,97.5999984741211,320866
2022-07-05,98.0999984741211,98.4000015258789,95.0,95.8499984741211,183417
2022-07-06,96.30000305175781,96.80000305175781,94.6500015258789,95.5,118896
2022-07-07,96.05000305175781,97.9000015258789,96.05000305175781,96.80000305175781,141979
2022-07-08,97.5,98.69999694824219,96.55000305175781,97.4000015258789,116529
2022-07-11,96.80000305175781,102.0,96.69999694824219,99.80000305175781,442618
2022-07-12,99.80000305175781,101.4000015258789,99.0999984741211,99.80000305175781,168673
2022-07-13,100.25,101.69999694824219,97.5999984741211,99.55000305175781,168449
2022-07-14,99.5999984741211,100.8499984741211,97.5,98.6500015258789,129563
2022-07-15,99.0,99.75,97.0,98.69999694824219,105617
2022-07-18,99.19999694824219,105.05000305175781,99.1500015258789,101.55000305175781,325144
2022-07-19,100.0,103.0,100.0,102.0,161690
2022-07-20,102.55000305175781,104.4000015258789,102.0,102.55000305175781,204870
2022-07-21,103.1500015258789,104.5,102.1500015258789,103.5,82365
2022-07-22,104.0,108.4000015258789,104.0,105.55000305175781,535866
2022-07-25,105.69999694824219,105.9000015258789,102.69999694824219,104.1500015258789,98875
2022-07-26,104.30000305175781,104.30000305175781,101.1500015258789,102.0999984741211,51821
2022-07-27,102.94999694824219,103.5,101.5999984741211,102.94999694824219,95841
2022-07-28,103.9000015258789,104.5,102.80000305175781,103.1500015258789,61927
2022-07-29,103.5,117.44999694824219,103.5,113.55000305175781,2873806
2022-08-01,112.94999694824219,116.0,110.19999694824219,114.05000305175781,520998
2022-08-02,113.9000015258789,114.0,111.5999984741211,112.75,173889
2022-08-03,113.5,113.5999984741211,109.55000305175781,110.44999694824219,126656
2022-08-04,114.0,121.4000015258789,112.1500015258789,116.69999694824219,1842260
2022-08-05,117.55000305175781,126.75,115.0,122.80000305175781,2414442
2022-08-08,123.25,123.25,118.0,119.25,308439
2022-08-10,119.9000015258789,119.9000015258789,115.3499984741211,116.25,255273
2022-08-11,118.5999984741211,118.75,114.6500015258789,117.19999694824219,219872
2022-08-12,119.0,119.0,115.75,116.44999694824219,200897
2022-08-16,116.19999694824219,120.94999694824219,115.75,119.44999694824219,262740
2022-08-17,119.0,120.9000015258789,116.69999694824219,118.1500015258789,161138
2022-08-18,116.9000015258789,127.5999984741211,116.9000015258789,121.4000015258789,564964
2022-08-19,119.94999694824219,122.5,117.19999694824219,121.5999984741211,237592
2022-08-22,118.80000305175781,119.94999694824219,117.80000305175781,118.05000305175781,110264
2022-08-23,115.69999694824219,118.75,115.69999694824219,117.8499984741211,160634
2022-08-24,120.0,124.5999984741211,118.30000305175781,123.0999984741211,718427
2022-08-25,123.44999694824219,128.39999389648438,123.1500015258789,124.5,764266
2022-08-26,125.44999694824219,129.25,124.5999984741211,125.1500015258789,317940
2022-08-29,121.0,123.5,120.80000305175781,121.5999984741211,124843
2022-08-30,122.0,124.0,121.8499984741211,122.1500015258789,127102
2022-09-01,121.69999694824219,124.80000305175781,121.69999694824219,122.94999694824219,178883
2022-09-02,124.30000305175781,124.30000305175781,121.80000305175781,122.0999984741211,92874
2022-09-05,121.5,124.5,121.0,122.55000305175781,149727
2022-09-06,122.0,129.75,122.0,125.80000305175781,874367
2022-09-07,126.5,132.0,126.5,128.0,913656
2022-09-08,129.1999969482422,129.9499969482422,127.05000305175781,128.3000030517578,192139
2022-09-09,129.5500030517578,130.5,124.4000015258789,125.0,132681
2022-09-12,125.8499984741211,128.6999969482422,125.5999984741211,126.9000015258789,188041
2022-09-13,127.4000015258789,128.0,125.80000305175781,126.69999694824219,146139
2022-09-14,124.19999694824219,127.0,124.19999694824219,125.1500015258789,109405
2022-09-15,125.80000305175781,127.9000015258789,121.3499984741211,122.94999694824219,153411
2022-09-16,122.5999984741211,127.55000305175781,121.4000015258789,122.9000015258789,442168
2022-09-19,123.30000305175781,124.8499984741211,120.0,120.5999984741211,146049
2022-09-20,121.25,123.80000305175781,119.0999984741211,119.80000305175781,112519
2022-09-21,120.0,121.4000015258789,117.1500015258789,117.69999694824219,129242
2022-09-22,117.0999984741211,119.6500015258789,116.30000305175781,117.4000015258789,93410
2022-09-23,118.0,118.80000305175781,113.25,114.4000015258789,86939
2022-09-26,114.4000015258789,114.4000015258789,107.3499984741211,108.19999694824219,133636
2022-09-27,108.9000015258789,110.80000305175781,106.19999694824219,108.44999694824219,186282
2022-09-28,107.30000305175781,109.75,104.0,105.05000305175781,173116
2022-09-29,107.0,108.8499984741211,104.69999694824219,106.55000305175781,129531
2022-09-30,106.6500015258789,111.25,104.44999694824219,108.8499984741211,151663
2022-10-03,111.5,111.5,107.3499984741211,108.8499984741211,237860
2022-10-04,109.4000015258789,112.4000015258789,108.69999694824219,109.5999984741211,153255
2022-10-06,110.05000305175781,115.0,110.0,114.30000305175781,324647
2022-10-07,114.30000305175781,124.9000015258789,113.05000305175781,123.0999984741211,1641195
2022-10-10,121.0,122.5999984741211,120.4000015258789,120.8499984741211,156854
2022-10-11,120.5,121.1500015258789,115.1500015258789,117.69999694824219,202176
2022-10-12,117.9000015258789,118.30000305175781,116.19999694824219,117.44999694824219,51755
2022-10-13,116.8499984741211,118.9000015258789,114.05000305175781,114.75,74058
2022-10-14,115.3499984741211,117.9000015258789,114.0,115.3499984741211,165468
2022-10-17,115.9000015258789,116.19999694824219,113.75,114.55000305175781,66943
2022-10-18,115.1500015258789,116.9000015258789,114.19999694824219,115.69999694824219,88942
2022-10-19,115.69999694824219,122.0,115.0999984741211,119.05000305175781,410127
2022-10-20,116.5999984741211,119.0999984741211,116.5999984741211,118.1500015258789,69873
2022-10-21,118.5,118.75,112.75,114.80000305175781,111882
2022-10-24,115.5999984741211,119.0,115.19999694824219,117.6500015258789,36710
2022-10-25,117.9000015258789,118.3499984741211,115.5999984741211,116.75,68553
2022-10-27,116.94999694824219,119.05000305175781,116.69999694824219,118.5,85314
2022-10-28,118.5,119.5,116.0,116.8499984741211,64568
2022-10-31,117.0,119.0,115.94999694824219,117.80000305175781,91760
2022-11-01,117.8499984741211,119.75,112.5,118.0999984741211,71477
2022-11-02,118.1500015258789,124.80000305175781,116.5999984741211,121.80000305175781,573677
2022-11-03,122.44999694824219,123.0,119.44999694824219,121.0999984741211,88365
2022-11-04,121.5,126.5,119.5999984741211,125.19999694824219,222726
2022-11-07,125.8499984741211,132.89999389648438,123.3499984741211,131.85000610351562,595917
2022-11-09,132.89999389648438,133.35000610351562,127.0999984741211,128.14999389648438,308488
2022-11-10,128.0,128.8000030517578,123.0,123.4000015258789,108361
2022-11-11,124.0,136.0500030517578,124.0,129.10000610351562,1453475
2022-11-14,129.0,133.39999389648438,128.35000610351562,131.9499969482422,409823
2022-11-15,132.64999389648438,133.9499969482422,128.5,130.85000610351562,199957
2022-11-16,131.3000030517578,131.3000030517578,126.44999694824219,127.0,110905
2022-11-17,126.94999694824219,131.39999389648438,126.0,127.25,133270
2022-11-18,127.5999984741211,128.14999389648438,124.1500015258789,125.05000305175781,92387
2022-11-21,124.5,130.89999389648438,124.0,129.0500030517578,251228
2022-11-22,129.10000610351562,130.6999969482422,125.69999694824219,128.39999389648438,159971
2022-11-23,129.0500030517578,146.9499969482422,128.0,142.25,5751304
2022-11-24,144.0,149.25,140.10000610351562,146.5,2874365
2022-11-25,146.9499969482422,147.5,142.10000610351562,142.5,713484
2022-11-28,142.85000610351562,154.60000610351562,142.5,150.75,3244671
2022-11-29,150.75,150.75,146.6999969482422,148.0,586027
2022-11-30,148.0,150.39999389648438,144.10000610351562,145.9499969482422,297217
2022-12-01,146.64999389648438,148.0,144.4499969482422,145.1999969482422,299779
2022-12-02,145.0500030517578,152.0,144.0,146.25,700738
2022-12-05,147.85000610351562,150.8000030517578,145.5500030517578,146.5500030517578,450612
2022-12-06,146.5,150.35000610351562,141.5500030517578,147.4499969482422,1132914
2022-12-07,147.60000610351562,165.75,145.5500030517578,162.4499969482422,8034728
2022-12-08,170.0500030517578,173.9499969482422,168.25,170.89999389648438,7259167
2022-12-09,170.0,170.0,155.64999389648438,157.9499969482422,1859175
2022-12-12,157.6999969482422,182.8000030517578,154.60000610351562,177.5,7025342
2022-12-13,182.0,195.0,178.0500030517578,193.10000610351562,10388780
2022-12-14,189.0,192.35000610351562,182.5500030517578,186.60000610351562,4060523
2022-12-15,186.14999389648438,223.89999389648438,184.0,223.8000030517578,20725266
2022-12-16,228.10000610351562,268.54998779296875,226.25,268.54998779296875,36991384
2022-12-19,278.70001220703125,295.3999938964844,257.3500061035156,266.1000061035156,24739998
2022-12-20,260.0,292.70001220703125,256.5,292.70001220703125,8926626
2022-12-21,305.1000061035156,316.0,283.5,295.8500061035156,16311626
2022-12-22,303.0,303.0,266.29998779296875,267.6499938964844,5084076
2022-12-23,264.0,278.0,240.89999389648438,243.0,4333059
2022-12-26,249.0,267.29998779296875,245.0500030517578,267.29998779296875,2998637
2022-12-27,277.0,294.0,275.3500061035156,294.0,4295975
2022-12-28,300.0,323.3999938964844,298.0,323.3999938964844,10648564
2022-12-29,326.0,355.70001220703125,313.04998779296875,355.6000061035156,10369805
2022-12-30,366.0,373.3500061035156,361.29998779296875,373.3500061035156,4042990
2023-01-02,383.3999938964844,390.0,354.70001220703125,354.70001220703125,4934758
2023-01-03,340.0,349.8500061035156,337.0,337.0,1333766
2023-01-04,327.04998779296875,353.8500061035156,322.29998779296875,353.8500061035156,5569470
2023-01-05,361.0,371.5,360.0,371.5,2809836
2023-01-06,382.3999938964844,384.0,352.95001220703125,352.95001220703125,2811044
2023-01-09,353.1000061035156,364.79998779296875,337.6499938964844,340.54998779296875,2075278
2023-01-10,345.0,353.8999938964844,335.04998779296875,343.5,1959229
2023-01-11,349.8999938964844,351.79998779296875,338.5,340.1000061035156,730540
2023-01-12,342.0,345.70001220703125,330.04998779296875,333.20001220703125,756177
2023-01-13,334.79998779296875,336.70001220703125,319.1499938964844,321.29998779296875,1129672
2023-01-16,321.8500061035156,329.3500061035156,305.25,305.25,1240096
2023-01-17,305.0,320.5,294.0,320.5,2385361
2023-01-18,328.0,336.5,323.29998779296875,336.5,1578862
2023-01-19,337.0,351.3500061035156,323.6000061035156,329.20001220703125,2867245
2023-01-20,327.5,329.0,315.0,318.6000061035156,898009
2023-01-23,321.95001220703125,334.5,320.3500061035156,329.3500061035156,1163533
2023-01-24,331.3999938964844,333.3999938964844,320.1000061035156,322.29998779296875,501489
2023-01-25,323.3999938964844,327.5,309.0,312.04998779296875,522770
2023-01-27,314.0,322.0,296.45001220703125,296.54998779296875,524795
2023-01-30,294.95001220703125,305.0,282.1000061035156,283.45001220703125,615205
2023-01-31,290.0,297.6000061035156,284.79998779296875,297.6000061035156,477012
2023-02-01,308.8999938964844,312.45001220703125,282.75,286.45001220703125,1408557
2023-02-02,283.75,295.6000061035156,274.0,278.04998779296875,537675
2023-02-03,283.0,290.70001220703125,265.0,274.25,1605989
2023-02-06,276.8999938964844,286.0,269.04998779296875,276.1000061035156,572313
2023-02-07,276.70001220703125,278.75,263.0,264.8500061035156,520082
2023-02-08,266.75,269.0,255.5500030517578,257.5,550367
2023-02-09,260.0,270.3500061035156,257.1499938964844,270.3500061035156,506486
2023-02-10,273.70001220703125,283.8500061035156,265.54998779296875,272.75,933240
2023-02-13,274.79998779296875,279.3999938964844,259.1499938964844,259.8999938964844,591996
2023-02-14,260.0,272.8500061035156,251.0,255.9499969482422,1786217
2023-02-15,257.79998779296875,261.8500061035156,252.0,253.8000030517578,681766
2023-02-16,256.25,259.29998779296875,251.64999389648438,252.64999389648438,505978
2023-02-17,252.64999389648438,254.60000610351562,246.25,247.6999969482422,342092
2023-02-20,248.5,249.39999389648438,240.0,240.9499969482422,404370
2023-02-21,241.35000610351562,243.0,231.8000030517578,234.10000610351562,372417
2023-02-22,230.10000610351562,233.6999969482422,225.0,225.9499969482422,321730
2023-02-23,225.89999389648438,237.1999969482422,222.5500030517578,237.1999969482422,614444
2023-02-24,249.0500030517578,249.0500030517578,228.10000610351562,231.0500030517578,697375
2023-02-27,231.0,233.0,221.4499969482422,223.0,297646
2023-02-28,226.6999969482422,234.14999389648438,226.0,234.14999389648438,312158
2023-03-01,235.0,242.8000030517578,230.0,232.75,524501
2023-03-02,233.9499969482422,237.0,227.64999389648438,228.5500030517578,232290
2023-03-03,232.0,239.9499969482422,231.5,239.0500030517578,541323
2023-03-06,239.85000610351562,251.0,239.0500030517578,251.0,330251
2023-03-08,254.9499969482422,258.3999938964844,245.0500030517578,246.5,577677
2023-03-09,246.8000030517578,249.0,234.1999969482422,235.1999969482422,422498
2023-03-10,233.8000030517578,237.39999389648438,229.0,231.1999969482422,397122
2023-03-13,229.9499969482422,232.89999389648438,219.64999389648438,219.64999389648438,228054
2023-03-14,220.0,226.0,210.3000030517578,216.8000030517578,263073
2023-03-15,221.6999969482422,225.0,210.39999389648438,212.5,287146
2023-03-16,215.5,215.5,206.14999389648438,210.0,241671
2023-03-17,214.75,220.4499969482422,212.10000610351562,214.14999389648438,244660
2023-03-20,214.14999389648438,216.5500030517578,206.9499969482422,210.25,192285
2023-03-21,214.6999969482422,219.60000610351562,211.6999969482422,215.39999389648438,204680
2023-03-22,216.0,226.14999389648438,216.0,226.14999389648438,245249
2023-03-23,232.0,237.4499969482422,219.39999389648438,221.14999389648438,677182
2023-03-24,223.0,223.0,210.10000610351562,210.10000610351562,222083
2023-03-27,211.1999969482422,211.4499969482422,199.60000610351562,199.9499969482422,236373
2023-03-28,200.0,205.6999969482422,192.0,197.0500030517578,273596
2023-03-29,198.8000030517578,206.89999389648438,196.25,206.89999389648438,240199
2023-03-31,212.0,214.3000030517578,199.14999389648438,205.39999389648438,355220
2023-04-03,208.0,215.64999389648438,201.8000030517578,215.64999389648438,326645
2023-04-05,221.8000030517578,226.39999389648438,217.10000610351562,226.39999389648438,558183
2023-04-06,226.39999389648438,229.4499969482422,218.1999969482422,220.1999969482422,506334
2023-04-10,223.6999969482422,231.1999969482422,221.0,231.0,492650
2023-04-11,237.60000610351562,241.4499969482422,227.6999969482422,237.85000610351562,1500989
2023-04-12,238.89999389648438,285.3999938964844,234.75,285.3999938964844,5188039
2023-04-13,294.0,336.5,293.70001220703125,320.79998779296875,13752053
2023-04-17,314.95001220703125,351.79998779296875,309.1499938964844,334.1000061035156,6914999
2023-04-18,338.0,351.45001220703125,326.1499938964844,330.54998779296875,2530451
2023-04-19,333.0,341.8999938964844,320.3999938964844,328.95001220703125,2383746
2023-04-20,330.8999938964844,334.95001220703125,321.6000061035156,325.0,1049812
2023-04-21,326.0,344.75,320.5,331.75,3892287
2023-04-24,331.75,336.70001220703125,326.0,330.70001220703125,1200746
2023-04-25,332.95001220703125,351.0,326.8999938964844,346.45001220703125,3089718
2023-04-26,347.3999938964844,364.6499938964844,344.04998779296875,351.54998779296875,3588600
2023-04-27,353.5,353.5,338.3500061035156,341.3999938964844,978576
2023-04-28,343.0,349.0,341.1000061035156,343.1000061035156,906770
2023-05-02,344.95001220703125,361.6499938964844,341.0,350.45001220703125,1903213
2023-05-03,349.70001220703125,356.3999938964844,345.6499938964844,348.5,1020500
2023-05-04,348.0,360.0,346.54998779296875,350.3500061035156,1461422
2023-05-05,351.29998779296875,352.3999938964844,320.0,323.20001220703125,1791702
2023-05-08,322.95001220703125,322.95001220703125,301.8500061035156,307.6499938964844,852392
2023-05-09,309.79998779296875,325.6000061035156,309.20001220703125,318.04998779296875,757852
2023-05-10,321.20001220703125,321.5,310.04998779296875,313.5,352163
2023-05-11,315.0,319.20001220703125,312.0,313.70001220703125,319151
2023-05-12,313.0,314.20001220703125,306.0,307.45001220703125,217552
2023-05-15,309.3999938964844,310.8999938964844,303.04998779296875,307.8500061035156,282007
2023-05-16,309.25,317.0,308.1499938964844,310.45001220703125,439544
2023-05-17,312.0,322.95001220703125,311.25,316.6000061035156,978352
2023-05-18,319.3999938964844,320.95001220703125,312.5,315.70001220703125,465803
2023-05-19,317.3500061035156,318.8999938964844,301.70001220703125,307.1000061035156,331382
2023-05-22,307.3999938964844,308.8500061035156,301.6000061035156,303.70001220703125,271734
2023-05-23,303.70001220703125,314.3999938964844,303.6499938964844,305.29998779296875,410136
2023-05-24,306.0,308.1499938964844,302.29998779296875,303.3500061035156,183366
2023-05-25,304.95001220703125,304.95001220703125,294.0,296.3999938964844,262415
2023-05-26,298.0,304.75,297.1499938964844,298.29998779296875,224208
2023-05-29,299.95001220703125,311.0,295.0,303.25,526043
2023-05-30,304.8500061035156,305.8999938964844,299.04998779296875,301.20001220703125,134394
2023-05-31,300.0,303.8500061035156,296.5,300.54998779296875,223050
2023-06-01,300.04998779296875,305.75,300.04998779296875,302.04998779296875,145158
2023-06-02,304.3999938964844,309.3999938964844,302.0,307.3500061035156,281199
2023-06-05,309.70001220703125,316.6000061035156,308.6499938964844,312.0,535436
2023-06-06,314.0,336.79998779296875,310.75,332.20001220703125,2117425
2023-06-07,336.79998779296875,341.95001220703125,330.45001220703125,333.79998779296875,1773813
2023-06-08,335.0,338.25,325.79998779296875,327.45001220703125,696070
2023-06-09,329.0,329.1000061035156,317.75,319.20001220703125,296008
2023-06-12,320.04998779296875,326.95001220703125,315.8999938964844,320.70001220703125,404520
2023-06-13,320.75,333.8500061035156,320.75,328.70001220703125,1024068
2023-06-14,331.75,389.3999938964844,326.0,376.75,17741954
2023-06-15,378.5,409.75,377.1499938964844,389.25,14633982
2023-06-16,391.79998779296875,393.8999938964844,372.0,373.75,2171909
2023-06-19,376.04998779296875,390.0,374.0,380.45001220703125,1931871
2023-06-20,381.8999938964844,433.70001220703125,375.5,416.75,14385856
2023-06-21,420.0,437.70001220703125,407.3999938964844,413.70001220703125,6047625
2023-06-22,415.8999938964844,431.5,406.0,423.8999938964844,4018415
2023-06-23,426.8999938964844,429.0,411.8500061035156,415.6499938964844,1623691
2023-06-26,415.04998779296875,426.79998779296875,410.0,418.5,1598844
2023-06-27,420.45001220703125,471.8500061035156,419.1499938964844,462.3500061035156,13066819
2023-06-28,472.04998779296875,478.0,453.3999938964844,460.70001220703125,5398372
2023-06-30,460.0,462.79998779296875,430.29998779296875,434.3999938964844,2704106
2023-07-03,436.6000061035156,478.79998779296875,426.95001220703125,470.0,8939467
2023-07-04,463.0,476.8999938964844,455.3500061035156,471.79998779296875,3468250
2023-07-05,468.0,491.20001220703125,463.0,481.5,5379952
2023-07-06,479.0,486.75,472.29998779296875,476.04998779296875,2332325
2023-07-07,475.0,480.25,465.6000061035156,469.1499938964844,1288228
2023-07-10,471.5,471.5,435.20001220703125,455.6499938964844,2148070
2023-07-11,458.70001220703125,487.79998779296875,455.70001220703125,475.70001220703125,4278259
2023-07-12,475.0,478.75,466.29998779296875,470.25,966725
2023-07-13,472.70001220703125,510.75,471.75,489.3500061035156,6758265
2023-07-14,491.45001220703125,505.6499938964844,486.04998779296875,494.0,2043456
2023-07-17,496.54998779296875,505.79998779296875,488.5,490.95001220703125,1151493
2023-07-18,493.45001220703125,501.6499938964844,475.29998779296875,483.70001220703125,1114577
2023-07-19,487.0,503.79998779296875,476.45001220703125,490.54998779296875,2428909
2023-07-20,493.0,501.0,485.0,491.54998779296875,1252801
2023-07-21,490.0,494.70001220703125,485.0,486.6499938964844,684690
2023-07-24,489.0,495.0,482.5,485.0,741391
2023-07-25,487.6000061035156,488.70001220703125,475.1499938964844,477.70001220703125,431382
2023-07-26,479.8999938964844,481.45001220703125,463.25,466.8500061035156,1108801
2023-07-27,469.04998779296875,488.25,468.5,478.45001220703125,1190106
2023-07-28,480.29998779296875,485.6499938964844,473.3500061035156,476.95001220703125,646765
2023-07-31,476.95001220703125,480.79998779296875,472.25,474.45001220703125,425702
2023-08-01,476.8500061035156,503.8999938964844,475.20001220703125,495.45001220703125,2828374
2023-08-02,487.0,501.0,467.1499938964844,478.79998779296875,1159215
2023-08-03,479.8999938964844,480.1499938964844,460.1000061035156,472.70001220703125,963686
2023-08-04,475.1000061035156,482.70001220703125,469.3500061035156,476.1499938964844,495128
2023-08-07,478.25,483.0,470.0,471.54998779296875,538705
2023-08-08,474.04998779296875,481.6000061035156,471.0,473.79998779296875,654271
2023-08-09,475.8500061035156,475.8500061035156,463.8999938964844,466.75,490307
2023-08-10,468.25,469.25,442.29998779296875,453.45001220703125,886699
2023-08-11,451.0,456.8999938964844,441.25,444.25,426124
2023-08-14,438.1000061035156,441.25,416.29998779296875,418.6000061035156,758789
2023-08-16,416.5,460.5,413.1499938964844,455.20001220703125,1989075
2023-08-17,460.0,468.6499938964844,457.70001220703125,461.8500061035156,1063167
2023-08-18,463.95001220703125,465.95001220703125,446.5,452.54998779296875,461037
2023-08-21,453.0,454.20001220703125,443.0,444.29998779296875,267098
2023-08-22,446.70001220703125,466.0,446.6000061035156,453.8500061035156,793771
2023-08-23,455.8999938964844,480.75,453.6499938964844,469.6499938964844,2054691
2023-08-24,473.5,477.3500061035156,465.04998779296875,467.54998779296875,936472
2023-08-25,466.3999938964844,466.3999938964844,455.0,458.79998779296875,434231
2023-08-28,457.04998779296875,467.25,457.0,460.1499938964844,337762
2023-08-29,462.3999938964844,470.1499938964844,452.29998779296875,463.0,817421
2023-08-30,465.5,467.20001220703125,460.8500061035156,463.54998779296875,308177
2023-08-31,464.70001220703125,468.8500061035156,460.20001220703125,463.6499938964844,256230
2023-09-01,465.6000061035156,482.95001220703125,464.0,467.20001220703125,872100
2023-09-04,469.79998779296875,474.8999938964844,466.45001220703125,468.8999938964844,358063
2023-09-05,471.25,481.8999938964844,439.8999938964844,459.79998779296875,781926
2023-09-06,461.95001220703125,551.75,461.20001220703125,546.25,13406011
2023-09-07,555.0,564.0,508.8500061035156,514.0999755859375,7670697
2023-09-08,519.6500244140625,541.0,513.5999755859375,518.0999755859375,2475230
2023-09-11,520.7000122070312,552.5,508.29998779296875,540.2000122070312,3977484
2023-09-12,543.8499755859375,543.9000244140625,481.5,498.70001220703125,2010038
2023-09-13,501.0,524.9000244140625,490.25,515.7999877929688,1726010
2023-09-14,520.0,526.7000122070312,512.4000244140625,516.25,860915
2023-09-15,519.2000122070312,575.0,517.25,566.7999877929688,8178230
2023-09-18,564.0,576.7000122070312,541.75,545.7999877929688,2630471
2023-09-20,545.0,545.0,521.0,528.5,1046547
2023-09-21,529.7000122070312,540.9500122070312,516.0,525.3499755859375,1401404
2023-09-22,527.7999877929688,543.9500122070312,513.5499877929688,537.9000244140625,1811504
2023-09-25,540.0999755859375,544.7999877929688,531.2000122070312,537.7999877929688,962412
2023-09-26,539.7000122070312,551.0,533.9000244140625,537.25,884553
2023-09-27,539.6500244140625,539.6500244140625,528.0499877929688,531.7999877929688,448319
2023-09-28,534.25,562.0,534.0,543.9500122070312,1765021
2023-09-29,545.0,547.9000244140625,533.0499877929688,538.5,517569
2023-10-03,540.0,541.25,523.0999755859375,532.2000122070312,620846
2023-10-04,530.0499877929688,539.0,520.75,527.2999877929688,653336
2023-10-05,530.0,543.4500122070312,527.0,534.6500244140625,765582
2023-10-06,537.0999755859375,538.5499877929688,530.6500244140625,533.2000122070312,285541
2023-10-09,528.0,528.0,506.0,512.5499877929688,549430
2023-10-10,515.9500122070312,541.5999755859375,515.0,531.6500244140625,1583254
2023-10-11,535.3499755859375,544.5499877929688,533.2000122070312,537.25,618364
2023-10-12,539.75,548.0,534.0,536.6500244140625,751767
2023-10-13,533.3499755859375,574.4500122070312,532.25,548.2000122070312,3284159
2023-10-16,547.0,657.7999877929688,544.5499877929688,657.7999877929688,12044550
2023-10-17,667.5,772.5999755859375,646.25,748.75,17142689
2023-10-18,735.9500122070312,774.9500122070312,692.3499755859375,725.7999877929688,6236798
2023-10-19,718.8499755859375,748.0,711.0499877929688,727.6500244140625,2479669
2023-10-20,727.75,733.4000244140625,701.75,712.0999755859375,1079187
2023-10-23,713.8499755859375,756.9000244140625,650.0,656.6500244140625,2154295
2023-10-25,665.0,706.9000244140625,643.2000122070312,670.5999755859375,2522948
2023-10-26,663.7999877929688,671.9500122070312,636.3499755859375,655.9000244140625,1297473
2023-10-27,661.1500244140625,686.9500122070312,660.0499877929688,674.9500122070312,1258185
2023-10-30,677.75,696.4500122070312,663.7999877929688,687.3499755859375,1235740
2023-10-31,690.3499755859375,756.0499877929688,686.25,756.0499877929688,4108341
2023-11-01,775.0,805.0,737.2000122070312,744.6500244140625,3458633
2023-11-02,755.0,789.5,721.0,726.4500122070312,2883801
2023-11-03,737.5999755859375,747.7999877929688,721.3499755859375,727.25,1396353
2023-11-06,733.75,741.9500122070312,713.0,718.6500244140625,564332
2023-11-07,716.7999877929688,726.7000122070312,702.8499755859375,710.0499877929688,722038
2023-11-08,715.9500122070312,751.1500244140625,713.0,743.75,1936736
2023-11-09,747.5,747.5,723.0,725.9500122070312,521140
2023-11-10,725.5499877929688,731.25,713.0,721.6500244140625,440598
2023-11-13,725.0,740.0,720.2999877929688,728.7000122070312,331163
2023-11-15,738.0,763.0,727.6500244140625,733.6500244140625,1146748
2023-11-16,735.0999755859375,742.4000244140625,726.0,730.5499877929688,600639
2023-11-17,731.7000122070312,745.1500244140625,715.3499755859375,718.8499755859375,636458
2023-11-20,723.8499755859375,726.0,711.0,714.7999877929688,309140
2023-11-21,718.0,723.0,705.0,707.75,287828
2023-11-22,710.0,714.0,688.0,701.5999755859375,361217
2023-11-23,702.0,728.0,702.0,705.5999755859375,623469
2023-11-24,708.0,711.0,698.0,700.9000244140625,306396
2023-11-28,704.4500122070312,725.7000122070312,704.0,716.5,784605
2023-11-29,721.1500244140625,728.0,714.75,716.4500122070312,390592
2023-11-30,717.4500122070312,720.4500122070312,706.75,709.0499877929688,244607
2023-12-01,712.5999755859375,747.7000122070312,710.0,730.25,1778872
2023-12-04,737.9000244140625,761.9000244140625,730.25,749.25,1937559
2023-12-05,752.75,764.2000122070312,731.0999755859375,739.2000122070312,724170
2023-12-06,744.4500122070312,813.0999755859375,739.0,813.0999755859375,4348930
2023-12-07,830.0,855.0,773.0,781.9000244140625,2894568
2023-12-08,785.2000122070312,798.8499755859375,744.0499877929688,758.2000122070312,1320954
2023-12-11,760.5,808.3499755859375,760.5,786.0499877929688,2410709
2023-12-12,790.0,827.3499755859375,766.0,800.75,3284110
2023-12-13,803.0,811.7000122070312,790.0,793.0499877929688,1335088
2023-12-14,798.3499755859375,798.3499755859375,776.2000122070312,779.0999755859375,618541
2023-12-15,783.7000122070312,861.1500244140625,780.0999755859375,801.0499877929688,6504001
2023-12-18,804.1500244140625,822.0,789.9000244140625,807.4500122070312,1354993
2023-12-19,810.9000244140625,818.0,801.8499755859375,807.5999755859375,395128
2023-12-20,811.6500244140625,817.4500122070312,735.0,752.7000122070312,771652
2023-12-21,745.0,792.2999877929688,736.0499877929688,787.25,990784
2023-12-22,791.0,813.5999755859375,790.5,794.6500244140625,811734
2023-12-26,794.6500244140625,815.9000244140625,790.25,800.7999877929688,796785
2023-12-27,804.8499755859375,818.4500122070312,797.2000122070312,803.75,479752
2023-12-28,807.7000122070312,843.7999877929688,793.7999877929688,808.6500244140625,2184728
2023-12-29,812.8499755859375,820.5,802.0,805.7999877929688,554922
2024-01-01,805.7999877929688,844.9000244140625,802.3499755859375,821.5,2516139
2024-01-02,827.0,849.7999877929688,810.5,820.8499755859375,1829334
2024-01-03,825.0,832.9500122070312,815.0999755859375,819.8499755859375,600545
2024-01-04,823.9500122070312,837.0499877929688,818.0999755859375,821.75,560963
2024-01-05,825.7000122070312,827.0,804.0,810.9500122070312,501555
2024-01-08,813.5499877929688,823.0,802.0,806.5499877929688,490944
2024-01-09,810.7000122070312,827.9000244140625,809.0499877929688,811.75,741946
2024-01-10,816.0,819.0,805.0,806.9500122070312,249130
2024-01-11,812.4500122070312,821.25,807.3499755859375,812.1500244140625,486349
2024-01-12,816.7000122070312,819.0,808.0,809.7999877929688,210649
2024-01-15,810.0,819.7000122070312,790.0,799.2000122070312,739873
2024-01-16,799.1500244140625,821.0999755859375,793.25,805.8499755859375,862674
2024-01-17,799.0,819.5,790.9500122070312,805.7000122070312,783382
2024-01-18,807.0,843.5999755859375,806.4000244140625,810.4000244140625,3109843
2024-01-19,817.0,838.7999877929688,812.75,814.8499755859375,1010119
2024-01-23,840.5,855.0,805.2000122070312,812.0999755859375,1176421
2024-01-24,815.0,828.7000122070312,801.2999877929688,822.5999755859375,588086
2024-01-25,826.0,908.0,825.0499877929688,886.8499755859375,4922603
2024-01-29,894.9000244140625,895.7000122070312,848.2000122070312,861.6500244140625,1346066
2024-01-30,867.9000244140625,874.7000122070312,836.5,846.1500244140625,590893
2024-01-31,851.0,867.0,840.1500244140625,862.5499877929688,497016
2024-02-01,867.1500244140625,879.8499755859375,826.0499877929688,836.5499877929688,1044133
2024-02-02,841.5,846.0,813.1500244140625,820.75,530606
2024-02-05,820.0,820.0,777.3499755859375,785.7999877929688,634597
2024-02-06,786.4500122070312,813.5499877929688,783.9000244140625,806.9000244140625,429885
2024-02-07,810.9500122070312,817.7999877929688,781.3499755859375,786.75,408920
2024-02-08,786.75,801.8499755859375,776.0,781.3499755859375,300506
2024-02-09,782.0,788.6500244140625,752.2000122070312,763.1500244140625,280927
2024-02-12,763.1500244140625,805.4500122070312,747.0499877929688,773.9000244140625,985642
2024-02-13,774.9500122070312,783.5999755859375,761.0,763.2999877929688,316869
2024-02-14,758.0,762.7000122070312,717.9500122070312,744.5999755859375,616998
2024-02-15,744.0,793.25,737.6500244140625,778.0999755859375,817014
2024-02-16,784.0,791.5,771.2000122070312,782.9000244140625,236530
2024-02-19,791.0,842.9000244140625,785.4000244140625,831.1500244140625,1533443
2024-02-20,836.0999755859375,842.5,827.0499877929688,833.2999877929688,354742
2024-02-21,835.0,873.9000244140625,831.2000122070312,839.75,1217453
2024-02-22,845.4000244140625,845.4000244140625,818.1500244140625,828.5999755859375,274437
2024-02-23,831.5999755859375,832.9000244140625,788.4500122070312,792.2999877929688,925244
2024-02-26,794.7000122070312,795.0999755859375,770.0999755859375,773.0499877929688,369162
2024-02-27,780.0999755859375,786.4500122070312,767.0,772.25,271659
2024-02-28,777.0,777.5999755859375,737.0,740.5499877929688,321134
2024-02-29,740.5499877929688,748.0,710.0999755859375,715.9500122070312,578469
2024-03-01,721.7000122070312,729.7999877929688,708.0,723.2999877929688,466486
2024-03-04,735.0,735.0,712.0499877929688,720.1500244140625,360418
2024-03-05,720.2999877929688,729.1500244140625,715.0,716.9500122070312,216173
2024-03-06,714.9500122070312,718.0999755859375,690.7999877929688,692.7999877929688,202823
2024-03-07,692.7999877929688,728.9000244140625,692.7999877929688,711.0999755859375,672284
2024-03-11,711.0,711.0,680.0499877929688,684.0499877929688,235063
2024-03-12,684.0499877929688,686.7999877929688,648.0,653.4000244140625,247179
2024-03-13,654.1500244140625,658.5,582.25,593.4000244140625,540990
2024-03-14,591.8499755859375,686.0,572.5999755859375,674.5999755859375,1031883
2024-03-15,675.9500122070312,708.0,643.0,652.0999755859375,971443
2024-03-18,658.0,662.9500122070312,620.3499755859375,641.2999877929688,523628
2024-03-19,643.0,660.7999877929688,635.0,639.9500122070312,357373
2024-03-20,644.9500122070312,647.9000244140625,621.9000244140625,632.2999877929688,364669
2024-03-21,642.0,654.4500122070312,633.8499755859375,643.8499755859375,275221
2024-03-22,644.5499877929688,669.7000122070312,640.8499755859375,657.0,559705
2024-03-26,660.5,667.0,635.0,639.5,397899
2024-03-27,648.9000244140625,652.9000244140625,635.7000122070312,642.3499755859375,444341
2024-03-28,647.9500122070312,648.9000244140625,625.0,627.9500122070312,290205
2024-04-01,627.9500122070312,670.9000244140625,627.5499877929688,666.25,805870
2024-04-02,667.0,682.3499755859375,655.0999755859375,675.1500244140625,675566
2024-04-03,670.0,715.0,667.0,695.7000122070312,1343758
2024-04-04,701.0,709.4000244140625,695.0,698.2999877929688,397518
2024-04-05,698.2999877929688,707.0,688.0,699.0999755859375,354776
2024-04-08,704.0,706.2999877929688,683.2000122070312,686.7000122070312,185869
2024-04-09,686.7000122070312,711.7000122070312,682.4000244140625,687.5999755859375,377956
2024-04-10,690.9500122070312,703.7999877929688,680.25,692.9000244140625,387960
2024-04-12,690.0,692.0,665.7000122070312,676.9500122070312,234141
2024-04-15,637.0,663.2000122070312,637.0,652.6500244140625,253030
2024-04-16,654.0,676.4000244140625,648.0999755859375,667.5499877929688,363900
2024-04-18,671.75,673.0999755859375,647.4000244140625,652.7000122070312,178776
2024-04-19,647.9500122070312,650.9500122070312,630.0,641.75,205796
2024-04-22,646.0499877929688,673.9000244140625,646.0,665.1500244140625,486678
2024-04-23,669.9500122070312,684.5,663.4000244140625,673.4000244140625,307749
2024-04-24,678.0,731.7999877929688,676.9500122070312,711.1500244140625,3399661
2024-04-25,715.0,726.0,710.75,716.8499755859375,633105
2024-04-26,721.2999877929688,734.9500122070312,711.0499877929688,721.6500244140625,983352
2024-04-29,725.0,746.0,715.0,720.4000244140625,702967
2024-04-30,724.0999755859375,726.4000244140625,711.5,715.2000122070312,205767
2024-05-02,718.2999877929688,730.0,708.0499877929688,714.7000122070312,265265
2024-05-03,718.25,727.0,708.4000244140625,710.75,235909
2024-05-06,714.0,715.0,685.5999755859375,691.5499877929688,192618
2024-05-07,691.5,691.5499877929688,670.0,681.9000244140625,166330
2024-05-08,682.6500244140625,693.2000122070312,674.9000244140625,677.2000122070312,158133
2024-05-09,680.5,689.1500244140625,647.0,651.7000122070312,187522
2024-05-10,660.0,664.2999877929688,639.0999755859375,659.9000244140625,140432
2024-05-13,663.75,663.9000244140625,632.0499877929688,644.0,206031
2024-05-14,649.0,662.2999877929688,645.5999755859375,660.2999877929688,166330
2024-05-15,664.4500122070312,709.0,663.0,694.5499877929688,976383
2024-05-16,700.25,701.4000244140625,652.7999877929688,675.8499755859375,580338
2024-05-17,675.9000244140625,696.5,670.0999755859375,691.75,240081
2024-05-21,696.2999877929688,715.0,687.0,701.4500122070312,381407
2024-05-22,705.0,711.9000244140625,693.6500244140625,699.2999877929688,188316
2024-05-23,702.7999877929688,706.5,690.0,692.7000122070312,115002
2024-05-24,688.7000122070312,747.7999877929688,687.5499877929688,717.0499877929688,2839980
2024-05-27,719.0,734.5999755859375,705.9000244140625,710.6500244140625,517043
2024-05-28,716.2999877929688,716.7000122070312,694.0499877929688,698.9000244140625,296167
2024-05-29,699.9000244140625,708.0,686.5499877929688,693.4000244140625,265910
2024-05-30,691.7000122070312,700.0,680.2000122070312,683.1500244140625,157753
2024-05-31,686.9500122070312,696.0,671.0,674.4500122070312,182298
2024-06-03,699.0,712.0,682.0999755859375,701.75,440417
2024-06-04,701.0,702.0,579.7999877929688,638.25,300298
2024-06-05,644.5999755859375,665.5,625.2999877929688,656.0499877929688,267688
2024-06-06,670.0,705.4000244140625,669.9500122070312,695.4500122070312,399641
2024-06-07,695.9500122070312,707.25,690.0,700.0499877929688,229651
2024-06-10,705.0,810.0,700.0499877929688,802.7000122070312,10801714
2024-06-11,805.0,805.0,771.0,776.0,1809814
2024-06-12,778.5,801.5,769.1500244140625,772.3499755859375,1368136
2024-06-13,777.4500122070312,788.3499755859375,765.5,772.4000244140625,890729
2024-06-14,776.75,803.0499877929688,768.0,779.9000244140625,1108189
2024-06-18,784.4000244140625,885.0,772.0,866.7999877929688,9810914
2024-06-19,884.0,942.5,882.0,908.6500244140625,9758371
2024-06-20,908.25,1090.3499755859375,892.5499877929688,1090.3499755859375,15399792
2024-06-21,1130.0,1187.0,1062.0999755859375,1134.449951171875,11102873
2024-06-24,1071.0,1104.0,1021.0,1021.0,3229907
2024-06-25,1014.75,1042.4000244140625,984.0,999.0499877929688,1993322
2024-06-26,1008.0,1054.0,990.6500244140625,1008.0499877929688,2497634
2024-06-27,1015.0,1018.0999755859375,950.0,960.0499877929688,928994
2024-06-28,973.9500122070312,994.9500122070312,957.0499877929688,986.75,1662740
2024-07-01,993.9000244140625,1045.0,981.0,1021.75,1594994
2024-07-02,1028.0,1028.0,992.0,1002.9000244140625,512634
2024-07-03,1009.7999877929688,1036.6500244140625,1005.0,1014.4500122070312,951076
2024-07-04,1020.0,1065.4000244140625,1007.0499877929688,1012.9000244140625,2015054
2024-07-05,1013.0,1032.3499755859375,1008.0,1017.25,530792
2024-07-08,1025.050048828125,1118.949951171875,1020.0,1111.0999755859375,4386234
2024-07-09,1133.3499755859375,1171.0,1049.0,1105.3499755859375,3629841
2024-07-10,1093.75,1094.0,1022.9000244140625,1047.1500244140625,1123778
2024-07-11,1060.0,1072.9000244140625,1045.0,1049.449951171875,638054
2024-07-12,1056.800048828125,1126.0,1051.1500244140625,1089.75,1800518
2024-07-15,1094.0,1123.0,1050.25,1083.8499755859375,1632103
2024-07-16,1088.4000244140625,1151.949951171875,1078.75,1113.4000244140625,1861530
2024-07-18,1113.4000244140625,1113.4000244140625,1063.6500244140625,1074.050048828125,734482
2024-07-19,1075.0,1076.5999755859375,1008.0,1015.4000244140625,745100
2024-07-22,1007.0,1104.0,996.2000122070312,1082.5999755859375,2411013
2024-07-23,1076.4000244140625,1115.0,981.0,1014.5999755859375,2315161
2024-07-24,1020.0,1040.0,1010.0499877929688,1026.4000244140625,567805
2024-07-25,1010.0499877929688,1024.9000244140625,1001.5999755859375,1007.8499755859375,263301
2024-07-26,1019.0,1037.8499755859375,1005.0999755859375,1013.0999755859375,423752
2024-07-29,1021.4000244140625,1039.800048828125,1015.0,1017.7999877929688,252991
2024-07-30,1023.0,1053.0,1015.0,1035.300048828125,669727
2024-07-31,1042.0,1059.75,1024.25,1027.5999755859375,500666
2024-08-01,1027.5999755859375,1034.0,1006.0,1011.9500122070312,445678
2024-08-02,1004.2999877929688,1013.0,980.0,996.8499755859375,273573
2024-08-05,950.0,977.4500122070312,927.0,934.6500244140625,392533
2024-08-06,943.9500122070312,973.9500122070312,926.5999755859375,936.5999755859375,282489
2024-08-07,948.0,970.0,932.9500122070312,966.2000122070312,283063
2024-08-08,970.0,986.0,955.0,959.4500122070312,293169
2024-08-09,1039.0,1039.0,972.0499877929688,981.9500122070312,464644
2024-08-12,970.0,1023.7999877929688,963.0999755859375,993.2000122070312,437561
2024-08-13,985.0,1004.0,920.2999877929688,960.9500122070312,1061200
2024-08-14,946.5499877929688,959.9000244140625,916.5999755859375,925.3499755859375,367941
2024-08-16,926.7000122070312,942.75,922.3499755859375,927.0,195737
2024-08-19,934.8499755859375,940.0,922.6500244140625,926.5,109964
2024-08-20,926.7999877929688,947.5999755859375,925.0,938.5,195329
2024-08-21,938.0,968.7999877929688,935.0,952.7000122070312,244461
2024-08-22,957.0,1064.1500244140625,957.0,1012.5999755859375,7413151
2024-08-23,1015.0,1019.25,990.0499877929688,993.7000122070312,420929
2024-08-26,998.4000244140625,999.0,971.0,972.8499755859375,300149
2024-08-27,959.0499877929688,1023.0,959.0499877929688,984.7999877929688,960021
2024-08-28,985.0,991.7999877929688,976.0999755859375,979.2999877929688,266522
2024-08-29,984.4500122070312,984.4500122070312,960.0,965.5499877929688,198244
2024-08-30,967.0,1014.7999877929688,967.0,981.0999755859375,1438637
2024-09-02,982.0,1004.9500122070312,972.4000244140625,983.7000122070312,451218
2024-09-03,983.7000122070312,1009.0,980.5,997.5499877929688,324741
2024-09-04,994.0,1035.0,980.0,999.75,1240112
2024-09-05,1003.25,1018.25,999.0499877929688,1008.0,276122
2024-09-06,1013.0,1016.3499755859375,972.0,974.0499877929688,309165
2024-09-09,975.0499877929688,989.0,946.7999877929688,974.2000122070312,217530
2024-09-10,977.0,1008.0,977.0,998.6500244140625,291991
2024-09-11,1007.0,1028.199951171875,969.0,973.5,714524
2024-09-12,984.9000244140625,1008.0,981.9000244140625,994.25,265317
2024-09-13,1002.7999877929688,1014.0,990.0,996.0999755859375,259502
2024-09-16,996.0999755859375,996.0999755859375,980.0,987.5999755859375,192059
2024-09-17,989.5999755859375,997.0,975.0,977.1500244140625,163561
2024-09-18,981.9500122070312,1029.949951171875,974.0499877929688,1012.7999877929688,942923
2024-09-19,1020.0,1024.0,956.4500122070312,975.5999755859375,540432
2024-09-20,979.0,984.9000244140625,968.2999877929688,976.5499877929688,239399
2024-09-23,980.4000244140625,996.0,976.5499877929688,983.2000122070312,217891
2024-09-24,983.2000122070312,999.4500122070312,980.0,984.5999755859375,214980
2024-09-25,984.5999755859375,988.0499877929688,973.0,978.5,115894
2024-09-26,980.0999755859375,983.2000122070312,962.2000122070312,967.5,113620
2024-09-27,969.4000244140625,990.0,956.0999755859375,960.7999877929688,166695
2024-09-30,960.0,970.9500122070312,940.0,963.9500122070312,191102
2024-10-01,968.7000122070312,997.0499877929688,964.5999755859375,973.0,625152
2024-10-03,959.8499755859375,970.0,942.0499877929688,950.6500244140625,151060
2024-10-04,950.0,956.0,906.8499755859375,911.1500244140625,282166
2024-10-07,896.0,910.7000122070312,842.0499877929688,850.2000122070312,328815
2024-10-08,850.2000122070312,885.0,838.4000244140625,875.4500122070312,212279
2024-10-09,884.0,901.6500244140625,880.0,885.2000122070312,168021
2024-10-10,886.75,947.6500244140625,884.8499755859375,932.3499755859375,2032206
2024-10-11,923.7999877929688,928.9000244140625,903.0499877929688,917.5,217792
2024-10-14,926.6500244140625,941.8499755859375,915.0,918.75,175275
2024-10-15,919.2000122070312,933.0,916.0499877929688,919.7999877929688,121866
2024-10-16,918.2999877929688,945.0,917.7000122070312,922.8499755859375,267081
2024-10-17,931.2000122070312,939.4000244140625,908.0,913.2000122070312,182310
2024-10-18,913.2000122070312,915.0,886.5499877929688,903.0,103916
2024-10-21,912.75,913.7000122070312,879.2999877929688,881.0999755859375,123910
2024-10-22,885.9500122070312,886.7999877929688,839.3499755859375,843.2999877929688,175263
2024-10-23,840.0,865.5,814.0499877929688,850.7999877929688,269269
2024-10-24,855.0,861.5499877929688,832.2999877929688,836.6500244140625,156487
2024-10-25,837.2999877929688,845.2000122070312,785.0,791.75,155152
2024-10-28,791.75,835.0,786.5499877929688,825.0,258480
2024-10-29,826.0,842.7000122070312,811.3499755859375,829.1500244140625,174557
2024-10-30,829.7999877929688,868.9500122070312,820.1500244140625,863.25,227299
2024-10-31,863.25,875.0,854.0,861.5,105496
2024-11-01,866.4000244140625,872.0,860.0,863.3499755859375,22119
2024-11-04,866.0,867.3499755859375,835.0,837.4500122070312,88297
2024-11-05,837.4500122070312,865.5,834.5999755859375,854.6500244140625,173705
2024-11-06,855.0,895.0,853.5499877929688,892.5,254244
2024-11-07,894.0,937.9500122070312,886.1500244140625,894.25,719021
2024-11-08,910.0,912.5,855.5999755859375,885.7999877929688,397711
2024-11-11,883.0499877929688,883.0499877929688,859.0499877929688,865.7999877929688,139689
2024-11-12,869.0999755859375,887.0,854.9000244140625,858.8499755859375,108270
2024-11-13,856.7999877929688,856.7999877929688,812.9000244140625,816.5,145715
2024-11-14,810.0,838.0,810.0,818.7000122070312,144117
2024-11-18,820.2999877929688,825.9000244140625,805.7999877929688,813.9000244140625,126054
2024-11-19,813.0499877929688,837.0,810.0,818.1500244140625,102356
2024-11-21,817.0,821.9500122070312,800.25,808.4000244140625,105849
2024-11-22,811.0,833.0,806.5499877929688,828.7999877929688,133389
2024-11-25,839.4000244140625,858.0,830.0,834.0499877929688,157870
2024-11-26,837.7999877929688,867.5,837.0,854.0,198305
2024-11-27,856.0,872.0,855.0,867.8499755859375,123355
2024-11-28,870.2999877929688,918.9000244140625,865.9000244140625,894.9500122070312,752892
2024-11-29,894.9500122070312,1027.0,887.1500244140625,1003.0999755859375,9462619
2024-12-02,984.5,1015.0,974.0,989.9500122070312,1572021
2024-12-03,985.0999755859375,1030.949951171875,983.0999755859375,1012.6500244140625,1604062
2024-12-04,1012.0,1024.25,992.2000122070312,1002.2999877929688,461529
2024-12-05,1002.2999877929688,1053.4000244140625,993.0999755859375,1027.300048828125,1872556
2024-12-06,1030.0,1044.8499755859375,1022.0,1029.5,559871
2024-12-09,1029.0,1031.949951171875,988.5,997.2999877929688,408014
2024-12-10,999.0,1069.0,993.5,1023.3499755859375,2333429
2024-12-11,1027.4000244140625,1039.0,1018.5,1027.75,440774
2024-12-12,1029.199951171875,1029.8499755859375,995.0499877929688,1001.5,392378
2024-12-13,1003.0,1008.7000122070312,972.6500244140625,992.4000244140625,497725
2024-12-16,993.0,1016.9500122070312,992.5,1009.7000122070312,266447
2024-12-17,1018.0499877929688,1084.0,1010.0,1014.7999877929688,3380396
2024-12-18,1021.3499755859375,1034.949951171875,990.0,1001.4000244140625,629956
2024-12-19,983.9000244140625,1019.9500122070312,976.7000122070312,1003.1500244140625,470365
2024-12-20,1010.0,1015.7000122070312,945.0,948.0,457688
2024-12-23,945.0499877929688,960.5,917.1500244140625,928.4500122070312,338203
2024-12-24,930.0,978.0,926.5,968.25,661085
2024-12-26,961.0999755859375,966.7000122070312,943.0,946.0999755859375,189101
2024-12-27,946.0,964.9500122070312,941.9500122070312,961.2999877929688,173041
2024-12-30,952.0,977.0,946.7999877929688,958.2999877929688,249526
2024-12-31,958.7999877929688,1001.0,953.0,980.9000244140625,858731
2025-01-01,987.9000244140625,1002.7000122070312,971.0,989.9500122070312,508232
2025-01-02,991.9500122070312,1021.0,990.5499877929688,1005.7999877929688,656216
2025-01-03,1005.7999877929688,1008.2000122070312,970.0499877929688,973.3499755859375,438960
2025-01-06,977.2999877929688,977.4500122070312,921.0999755859375,927.5999755859375,289929
2025-01-07,935.0,1007.0,927.0,975.1500244140625,2686727
2025-01-08,970.0499877929688,973.5,951.0499877929688,964.0999755859375,228584
2025-01-09,953.0,1019.9500122070312,953.0,962.4500122070312,1601261
2025-01-10,962.5,963.0,928.0,935.1500244140625,283927
2025-01-13,933.75,937.75,862.7999877929688,868.0,470101
2025-01-14,869.75,902.0,868.4500122070312,896.4500122070312,244248
2025-01-15,897.8499755859375,919.0,890.0,897.75,189514
2025-01-16,903.75,923.8499755859375,900.2000122070312,907.7000122070312,179701
2025-01-17,913.75,991.9000244140625,905.5,951.0999755859375,5306683
2025-01-20,959.9000244140625,963.2000122070312,943.25,947.0999755859375,382503
2025-01-21,950.0499877929688,993.9500122070312,942.0,953.4000244140625,1888351
2025-01-22,955.4500122070312,956.9000244140625,917.4000244140625,940.5,385233
2025-01-23,938.1500244140625,987.2000122070312,937.0999755859375,969.25,907086
2025-01-24,974.7000122070312,980.0,947.0,952.9000244140625,340818
2025-01-27,944.9500122070312,949.7000122070312,893.7999877929688,899.0999755859375,299547
2025-01-28,902.4500122070312,916.4500122070312,832.0,871.0,601209
2025-01-29,873.9500122070312,915.0,873.9500122070312,904.0999755859375,362822
2025-01-30,911.0,931.0,885.1500244140625,891.0,362630
2025-01-31,895.9500122070312,938.7999877929688,890.0,920.9500122070312,550783
2025-02-01,925.0,985.0,896.0,922.5,1940905
2025-02-03,903.9000244140625,911.9500122070312,893.0,897.75,236804
2025-02-04,901.4500122070312,914.9500122070312,892.2000122070312,898.4500122070312,163474
2025-02-05,904.75,914.25,900.0,905.7999877929688,129818
2025-02-06,905.7999877929688,924.0,895.0999755859375,904.9500122070312,260006
2025-02-07,900.0,913.5999755859375,888.0,899.4000244140625,168965
2025-02-10,892.0,899.0,863.0,868.4500122070312,144098
2025-02-11,868.4500122070312,871.1500244140625,815.0,822.0,233042
2025-02-12,828.5999755859375,829.9000244140625,768.5,811.9500122070312,344589
2025-02-13,820.6500244140625,841.2999877929688,801.0,805.9500122070312,185575
2025-02-14,806.0,815.9500122070312,730.5499877929688,754.5,691858
2025-02-17,730.0,762.9500122070312,716.9500122070312,748.7999877929688,443470
2025-02-18,754.7000122070312,754.7000122070312,701.0,709.0499877929688,430306
2025-02-19,708.0,740.25,695.25,726.7000122070312,377628
2025-02-20,704.9000244140625,722.5,688.0,716.4000244140625,952597
2025-02-21,715.75,739.2999877929688,701.7000122070312,706.4000244140625,390935
2025-02-24,695.0,722.5,683.0999755859375,715.2000122070312,525884
2025-02-25,722.4000244140625,747.0,706.0,713.7999877929688,726731
2025-02-27,718.9000244140625,754.8499755859375,703.9500122070312,747.7999877929688,723554
2025-02-28,740.8499755859375,740.8499755859375,685.0,691.7000122070312,517027
2025-03-03,689.7999877929688,694.9500122070312,586.0,637.1500244140625,4724852
2025-03-04,624.4000244140625,666.0,616.5499877929688,653.9000244140625,1009092
2025-03-05,655.0,673.9500122070312,648.0499877929688,657.6500244140625,426233
2025-03-06,660.0,673.9500122070312,655.0,658.9500122070312,345250
2025-03-07,660.0,680.25,652.0,659.2000122070312,468282
2025-03-10,664.0,672.0,625.0999755859375,632.0999755859375,375887
2025-03-11,616.8499755859375,628.9500122070312,605.2999877929688,624.9000244140625,343256
2025-03-12,630.0,638.9000244140625,610.0999755859375,613.5,232899
2025-03-13,614.0,622.1500244140625,596.7999877929688,598.7999877929688,205298
2025-03-17,596.0,609.0499877929688,591.5,596.6500244140625,195643
2025-03-19,633.7000122070312,649.0,633.0,642.7999877929688,471240
2025-03-20,652.7000122070312,668.6500244140625,630.4500122070312,644.7999877929688,656761
2025-03-21,645.4000244140625,682.7999877929688,643.6500244140625,672.0999755859375,887347
2025-03-24,677.4500122070312,688.9500122070312,672.4000244140625,676.7000122070312,364230
2025-03-25,684.5,688.9000244140625,653.25,656.5499877929688,269680
2025-03-26,656.8499755859375,659.9500122070312,638.0,641.3499755859375,210737
2025-03-27,640.2000122070312,660.4000244140625,633.5999755859375,648.25,848072
2025-03-28,648.7000122070312,680.5999755859375,636.0,639.5999755859375,835138
2025-04-01,636.0,655.7000122070312,628.6500244140625,645.2000122070312,243950
2025-04-02,645.2999877929688,655.2000122070312,628.0,651.7000122070312,221413
2025-04-03,640.0,670.5,637.9000244140625,657.5499877929688,464063
2025-04-04,655.0,656.0499877929688,613.0,621.9500122070312,318431
2025-04-07,572.0,595.0,565.0,585.0499877929688,296373
2025-04-08,604.6500244140625,617.9500122070312,593.75,612.6500244140625,266681
2025-04-09,610.0,612.1500244140625,592.0,596.8499755859375,160980
2025-04-11,608.0,636.25,604.6500244140625,624.6500244140625,566862
2025-04-15,638.7000122070312,675.7999877929688,630.0999755859375,672.4500122070312,702686
2025-04-16,674.9500122070312,679.7000122070312,660.0,668.4500122070312,435909
2025-04-17,667.0,767.5,662.3499755859375,760.8499755859375,17251121
2025-04-21,759.9000244140625,783.8499755859375,745.7000122070312,774.75,3223296
2025-04-22,774.0499877929688,774.0499877929688,753.2000122070312,762.0499877929688,822063
2025-04-23,765.5999755859375,798.8499755859375,738.4000244140625,757.5999755859375,1369070
2025-04-24,757.7000122070312,779.0999755859375,750.5999755859375,761.5,894532
2025-04-25,763.0,764.9500122070312,716.2999877929688,739.0499877929688,571770
2025-04-28,730.0,751.25,724.7999877929688,743.4500122070312,327912
2025-04-29,741.0,763.1500244140625,741.0,757.4500122070312,490590
2025-04-30,764.9000244140625,782.2999877929688,743.0,765.9500122070312,1133974
2025-05-02,769.4000244140625,796.0,759.0,770.5999755859375,943891
2025-05-05,776.3499755859375,805.0,761.0999755859375,796.5,1254055
2025-05-06,804.9000244140625,825.9000244140625,768.0,775.3499755859375,1692161
2025-05-07,761.9500122070312,800.0,749.0,794.0499877929688,703235
2025-05-08,800.0499877929688,824.0,783.0499877929688,788.25,1032781
2025-05-09,768.5999755859375,788.25,757.25,781.0999755859375,394838
2025-05-12,810.0,828.5,802.0,817.25,809031
2025-05-13,818.5,835.6500244140625,805.7999877929688,822.5999755859375,623819
2025-05-14,828.0,843.0499877929688,821.9000244140625,837.75,529683
2025-05-15,840.0,902.5,836.5,871.0499877929688,2471500
2025-05-16,875.4000244140625,888.0,857.75,881.5999755859375,698264
2025-05-19,885.4500122070312,895.0,862.7000122070312,877.0499877929688,563348
2025-05-20,877.9000244140625,919.7999877929688,864.9500122070312,890.75,1366806
2025-05-21,888.5,900.4500122070312,877.0999755859375,893.5999755859375,345865
2025-05-22,890.0,914.0,890.0,897.3499755859375,548942
2025-05-23,904.9000244140625,915.4000244140625,890.0499877929688,899.9500122070312,448322
2025-05-26,906.9000244140625,942.9500122070312,900.0,925.7000122070312,1093900
2025-05-27,918.7999877929688,940.0,912.5499877929688,920.0,1065172
2025-05-28,918.0,925.0,908.25,912.7000122070312,323662
2025-05-29,912.7000122070312,918.9000244140625,906.5499877929688,910.4500122070312,207691
2025-05-30,912.8499755859375,918.0,877.0499877929688,882.9500122070312,220361
2025-06-02,879.7000122070312,898.0,873.4500122070312,888.3499755859375,229036
2025-06-03,890.7000122070312,1066.0,890.7000122070312,1046.800048828125,17019110
2025-06-04,1031.75,1042.800048828125,1008.5999755859375,1031.050048828125,2192001
2025-06-05,1027.0,1112.0,1005.9000244140625,1015.3499755859375,6061090
2025-06-06,1023.5,1070.0,1019.0499877929688,1037.3499755859375,1980913
2025-06-09,1041.0,1056.8499755859375,1028.25,1049.1500244140625,898292
2025-06-10,1057.4000244140625,1074.0,1037.4000244140625,1063.050048828125,786480
2025-06-11,1065.699951171875,1085.0,1045.6500244140625,1056.699951171875,1021815
2025-06-12,1059.9000244140625,1083.0,1020.0999755859375,1030.449951171875,694086
2025-06-13,1021.0,1039.949951171875,1001.0,1015.4000244140625,426688
2025-06-16,1017.0,1055.0,983.0499877929688,1037.8499755859375,859628
2025-06-17,1043.050048828125,1056.949951171875,1022.5999755859375,1031.050048828125,419163
2025-06-18,1030.0,1042.5999755859375,1015.0,1021.7000122070312,276718
2025-06-19,1019.0,1034.9000244140625,986.0499877929688,992.7999877929688,387969
2025-06-20,992.0,1027.0999755859375,985.0499877929688,1021.5,672074
2025-06-23,1012.5999755859375,1033.9000244140625,1009.0,1028.0,304857
2025-06-24,1039.699951171875,1051.0,1016.7999877929688,1023.5499877929688,571744
2025-06-25,1029.5999755859375,1053.5,1024.1500244140625,1037.949951171875,442827
2025-06-26,1046.25,1049.4000244140625,961.0,965.8499755859375,1461405
2025-06-27,970.0,982.1500244140625,964.5999755859375,970.7999877929688,516729
2025-06-30,978.0,982.0,967.0,974.5499877929688,234354
2025-07-01,976.0499877929688,992.0,962.4500122070312,968.25,254894
2025-07-02,968.9500122070312,975.0,948.6500244140625,952.2999877929688,263551
2025-07-03,957.5,964.7000122070312,942.2000122070312,947.2999877929688,182835
2025-07-04,951.9500122070312,953.9000244140625,935.0999755859375,940.5499877929688,177008
2025-07-07,938.0,943.5999755859375,926.9500122070312,929.1500244140625,110154
2025-07-08,929.1500244140625,955.0,921.1500244140625,926.5,248588
2025-07-09,929.9000244140625,953.0,926.0,935.0999755859375,224829
2025-07-10,939.0,939.7000122070312,925.0,927.9000244140625,97826
2025-07-11,926.0,932.5499877929688,910.7999877929688,915.75,108224
2025-07-14,915.0499877929688,920.3499755859375,900.5499877929688,904.25,147640
2025-07-15,913.2999877929688,989.0,912.0499877929688,976.4500122070312,8523654
2025-07-16,970.0,980.8499755859375,952.5999755859375,970.5999755859375,594086
2025-07-17,972.5,983.4500122070312,960.2000122070312,967.4500122070312,262786
2025-07-18,969.4500122070312,973.6500244140625,951.0,953.9000244140625,205231
2025-07-21,953.9500122070312,968.5999755859375,943.7999877929688,960.0999755859375,204822
2025-07-22,963.9500122070312,966.7000122070312,946.3499755859375,949.75,82775
2025-07-23,954.5,958.0,940.0999755859375,943.0,137693
2025-07-24,944.9500122070312,987.4500122070312,943.6500244140625,976.7000122070312,1436102
2025-07-25,978.8499755859375,997.0,951.4000244140625,958.0499877929688,591567
2025-07-28,956.0,959.2000122070312,926.0499877929688,931.75,189077
2025-07-29,929.0,950.7000122070312,920.2000122070312,943.25,286351
2025-07-30,944.0,976.0,944.0,963.0,606561
2025-07-31,953.0,956.9500122070312,934.0999755859375,940.5499877929688,168316
2025-08-01,940.5499877929688,963.0,925.2000122070312,933.4000244140625,225533
2025-08-04,935.0,948.0,926.7000122070312,936.2999877929688,158713
2025-08-05,938.0499877929688,983.0,938.0499877929688,968.5999755859375,1389813
2025-08-06,974.0,993.7999877929688,930.0,941.3499755859375,842103
2025-08-07,940.9000244140625,943.4000244140625,917.0999755859375,932.5999755859375,191324
2025-08-08,933.5,948.0,921.0999755859375,926.0499877929688,181249
2025-08-11,923.0999755859375,929.8499755859375,905.0,914.75,144289
2025-08-12,916.4000244140625,959.8499755859375,914.75,947.5,634028
2025-08-13,953.0,1006.5999755859375,933.2999877929688,987.5,2195111
2025-08-14,989.0,992.75,957.7999877929688,963.7000122070312,407231
2025-08-18,967.5499877929688,976.3499755859375,957.1500244140625,964.75,182322
2025-08-19,964.0,1005.7999877929688,955.0,979.5999755859375,1139691
2025-08-20,982.7999877929688,1023.25,976.0,1014.4500122070312,1349834
2025-08-21,1019.5,1031.0,1001.8499755859375,1011.0,676313
2025-08-22,1011.0499877929688,1033.0,1000.0,1010.5499877929688,787368
2025-08-25,1012.2000122070312,1029.0,1009.3499755859375,1015.9000244140625,368301
2025-08-26,1002.0499877929688,1011.6500244140625,962.0999755859375,965.7000122070312,340028
2025-08-28,964.0499877929688,964.0499877929688,922.0,925.3499755859375,301155
2025-08-29,928.0,942.0,920.0999755859375,924.9000244140625,239918
2025-09-01,926.7999877929688,956.25,926.7999877929688,952.25,338595
2025-09-02,955.0,1021.2999877929688,947.0,989.3499755859375,1357985
2025-09-03,989.0,1013.8499755859375,982.0,1007.1500244140625,569193
2025-09-04,1017.0,1028.800048828125,995.7000122070312,1000.0,357644
2025-09-05,1000.0,1025.0,985.0499877929688,990.5,420562
2025-09-08,989.3499755859375,997.9500122070312,974.8499755859375,976.9500122070312,153076
2025-09-09,978.2999877929688,986.4000244140625,965.0999755859375,969.0,150356
2025-09-10,975.0,988.0,965.0499877929688,968.8499755859375,137950
2025-09-11,972.9500122070312,1010.0,967.4000244140625,981.4500122070312,528388
2025-09-12,987.0,994.4500122070312,976.2000122070312,981.7999877929688,160279
2025-09-15,983.6500244140625,1016.0,981.9500122070312,996.8499755859375,412230
2025-09-16,999.0,1014.7999877929688,994.0,1005.5,294734
2025-09-17,1005.5,1026.9000244140625,1001.0,1004.0,275691
2025-09-18,1006.9500122070312,1011.5999755859375,985.0499877929688,988.9500122070312,143558
2025-09-19,991.0,1007.0499877929688,985.0,1000.1500244140625,177896
2025-09-22,1002.0,1009.9000244140625,986.0499877929688,990.4500122070312,130111
2025-09-23,990.0,990.2999877929688,962.2999877929688,973.6500244140625,205374
2025-09-24,972.0,993.0,965.0,972.2000122070312,223515
2025-09-25,972.0,982.9000244140625,964.0,966.4500122070312,110601
2025-09-26,966.5,968.4500122070312,936.7999877929688,942.6500244140625,149955
2025-09-29,945.9500122070312,952.8499755859375,894.0999755859375,911.2000122070312,709119
2025-09-30,909.0,918.0499877929688,887.5,892.9000244140625,209432
2025-10-01,894.9000244140625,896.7000122070312,875.25,886.4500122070312,184450
2025-10-03,890.0,904.0999755859375,887.0999755859375,900.7000122070312,229603
2025-10-06,901.0,908.0,895.0499877929688,898.9500122070312,114749
2025-10-07,902.0,906.4500122070312,891.5,895.25,89008
2025-10-08,897.0,911.6500244140625,890.0,893.75,125048
2025-10-09,893.5999755859375,895.7000122070312,885.9000244140625,889.2999877929688,86898
2025-10-10,888.9000244140625,898.4000244140625,882.25,892.25,74661
2025-10-13,891.7999877929688,891.7999877929688,880.0,882.7000122070312,73007
2025-10-14,887.2000122070312,888.3499755859375,868.7999877929688,871.9000244140625,67992
2025-10-15,874.0999755859375,886.0,865.0,880.5999755859375,110879
2025-10-16,885.0,924.0,883.0,906.0,792242
2025-10-17,905.0,908.9500122070312,884.2999877929688,892.9500122070312,125520
2025-10-20,893.0,894.5,880.0999755859375,887.9500122070312,60515
2025-10-21,892.0,897.2999877929688,890.1500244140625,893.5,20059
2025-10-23,896.0,899.9000244140625,882.7999877929688,886.0,52592
2025-10-24,887.3499755859375,899.0,882.1500244140625,887.6500244140625,78488
2025-10-27,888.2000122070312,893.2000122070312,883.0,885.0999755859375,43776
2025-10-28,890.4000244140625,923.0,887.7000122070312,898.9500122070312,571418
2025-10-29,901.6500244140625,916.5999755859375,901.6500244140625,907.0,179156
2025-10-30,908.7999877929688,910.4000244140625,900.0,902.3499755859375,83320
2025-10-31,905.0,930.4000244140625,895.0,903.3499755859375,445414
2025-11-03,905.9000244140625,918.7999877929688,903.8499755859375,908.1500244140625,181037
2025-11-04,908.0,913.5,895.0,897.0999755859375,75241
2025-11-06,896.2000122070312,898.0499877929688,880.9000244140625,885.0999755859375,73021
2025-11-07,879.9500122070312,898.0,870.5,882.9500122070312,131480
2025-11-10,885.7999877929688,890.9000244140625,882.0,883.4000244140625,38521
2025-11-11,878.7000122070312,884.7000122070312,875.0,877.0499877929688,37536
2025-11-12,875.0,908.0,875.0,894.5499877929688,189324
2025-11-13,894.5499877929688,909.9500122070312,887.5499877929688,905.0,146841
2025-11-14,906.4000244140625,919.7999877929688,898.0499877929688,914.5499877929688,272341
2025-11-17,921.0,921.0,907.0,909.4000244140625,98526
2025-11-18,912.0,926.0,906.9500122070312,908.4500122070312,148525
2025-11-19,908.2999877929688,911.2000122070312,898.0999755859375,903.25,43151
2025-11-20,905.6500244140625,909.6500244140625,901.5499877929688,903.9000244140625,35602
2025-11-21,902.0,902.0499877929688,882.2000122070312,882.8499755859375,54127
2025-11-24,882.8499755859375,887.5999755859375,856.4500122070312,866.75,44558
2025-11-25,866.0499877929688,876.2999877929688,861.3499755859375,866.5,61558
2025-11-26,866.5,878.0,865.7999877929688,874.9000244140625,28484
2025-11-27,878.0,889.9500122070312,878.0,883.5999755859375,71650
2025-11-28,884.5,885.3499755859375,873.0,876.4000244140625,34155
2025-12-01,878.9500122070312,886.9000244140625,869.0,873.7999877929688,49425
2025-12-02,870.7000122070312,873.0,848.0999755859375,858.4500122070312,55203
2025-12-03,860.0,865.75,841.0499877929688,843.9000244140625,51632
2025-12-04,840.0,847.9000244140625,833.2999877929688,838.2999877929688,40975
2025-12-05,838.1500244140625,864.7999877929688,825.0,847.0,180404
2025-12-08,847.5999755859375,850.0,790.0,795.5499877929688,100065
2025-12-09,795.4000244140625,817.0,775.0,811.7999877929688,97096
2025-12-10,810.0,836.9000244140625,805.0,813.75,115561
2025-12-11,810.0,816.0,803.0,809.5999755859375,52077
2025-12-12,815.0499877929688,831.0,811.0499877929688,827.0999755859375,101318
2025-12-15,826.0,863.7999877929688,823.5,857.4000244140625,249330
2025-12-16,852.0,922.7999877929688,850.0,896.5999755859375,5465207
2025-12-17,887.7000122070312,891.5999755859375,858.0,861.7000122070312,273032
2025-12-18,861.7000122070312,861.75,840.1500244140625,850.2000122070312,162244
2025-12-19,851.5999755859375,870.0,844.0,863.0499877929688,132379
2025-12-22,868.5999755859375,876.5499877929688,865.0499877929688,871.5999755859375,100872
2025-12-23,873.0,903.9500122070312,871.5999755859375,888.1500244140625,408526
2025-12-24,886.0,892.0,872.4000244140625,875.2000122070312,104011
2025-12-26,876.9500122070312,908.5,871.4500122070312,888.6500244140625,258841
2025-12-29,888.9500122070312,921.5999755859375,885.0999755859375,899.9500122070312,619468
2025-12-30,899.9500122070312,932.5,887.0,912.7000122070312,828649
2025-12-31,915.0,924.9000244140625,906.7999877929688,912.4500122070312,267547
2026-01-01,912.4500122070312,918.0,900.2000122070312,903.5999755859375,93047
2026-01-02,909.9500122070312,919.8499755859375,904.0,908.0499877929688,222419
2026-01-05,906.25,912.4500122070312,886.6500244140625,892.7999877929688,132130
2026-01-06,895.9000244140625,897.0,875.0,878.4000244140625,128911
2026-01-07,877.0,879.2000122070312,866.4500122070312,874.1500244140625,71817
2026-01-08,874.1500244140625,905.9500122070312,873.9000244140625,891.1500244140625,373637
2026-01-09,890.0,890.0,864.0,867.75,144860
2026-01-12,867.75,867.7999877929688,840.0,863.7999877929688,113839
2026-01-13,870.5499877929688,881.7000122070312,864.0,868.0499877929688,63850
2026-01-14,864.0,877.0,850.5,852.8499755859375,139493
2026-01-16,853.7000122070312,862.0,830.0,833.7000122070312,97032
2026-01-19,830.0499877929688,839.8499755859375,823.2999877929688,827.3499755859375,77607
2026-01-20,825.0999755859375,827.25,786.6500244140625,793.0999755859375,106663
2026-01-21,817.0,817.0,777.6500244140625,792.0999755859375,196363
2026-01-22,800.0,811.5499877929688,798.2999877929688,805.4000244140625,97563
2026-01-23,810.0,818.3499755859375,778.9000244140625,781.9500122070312,86330
2026-01-27,782.0,799.0,765.75,793.25,103213
2026-01-28,794.5,828.4000244140625,776.1500244140625,819.4000244140625,727349
2026-01-29,810.0,816.75,798.2000122070312,808.6500244140625,178489
2026-01-30,802.0,828.0,790.0,816.75,145258
2026-02-02,775.2999877929688,788.0,748.2999877929688,779.2000122070312,115319
2026-02-03,800.0,815.0,788.6500244140625,797.25,108734
2026-02-04,795.0999755859375,813.0,792.5999755859375,801.3499755859375,70456
2026-02-05,796.0,804.9500122070312,776.2000122070312,780.0,61722
2026-02-06,779.7999877929688,819.9000244140625,779.75,792.7999877929688,350871
2026-02-09,793.5999755859375,824.9500122070312,790.5999755859375,816.7000122070312,135038
2026-02-10,815.5,825.9000244140625,811.9500122070312,814.25,54736
2026-02-11,818.5999755859375,819.0,800.25,808.9000244140625,44731
2026-02-12,804.0,807.0999755859375,795.2999877929688,801.1500244140625,40287
2026-02-13,800.0,800.0999755859375,775.1500244140625,781.2000122070312,64600
2026-02-16,780.0,808.2999877929688,775.2000122070312,787.2000122070312,114721
2026-02-17,790.2000122070312,812.75,784.8499755859375,810.2999877929688,125630
2026-02-18,809.7999877929688,818.8499755859375,800.0,801.5499877929688,75735
2026-02-19,800.0,807.9500122070312,780.0499877929688,783.4000244140625,45705
2026-02-20,780.0499877929688,788.9000244140625,777.0,781.0499877929688,55874
2026-02-23,781.8499755859375,794.1500244140625,771.0,773.7000122070312,56010
2026-02-24,774.4500122070312,778.7999877929688,751.5999755859375,757.25,68339
2026-02-25,762.9500122070312,774.3499755859375,753.2999877929688,756.7999877929688,48563
2026-02-26,762.0999755859375,773.5,734.75,738.2999877929688,85757
2026-02-27,743.0,754.6500244140625,726.9000244140625,743.4500122070312,122873
2026-03-02,698.0,735.0,698.0,710.75,109081
2026-03-04,694.0,700.0,666.9500122070312,669.75,165737
2026-03-05,674.7000122070312,697.5999755859375,661.9000244140625,678.0499877929688,153150
2026-03-06,678.0499877929688,706.5999755859375,673.0999755859375,680.6500244140625,155349
2026-03-09,660.25,668.9000244140625,652.0999755859375,662.0999755859375,99433
2026-03-10,669.0,794.5,667.0499877929688,794.5,8171712
2026-03-11,837.0,928.7999877929688,796.1500244140625,884.9000244140625,25190904
2026-03-12,840.0499877929688,877.0,830.0,845.0999755859375,3551351
2026-03-13,830.0,916.5,825.0999755859375,851.5,10763899
2026-03-16,858.0,858.0,796.0,805.5499877929688,1512439
2026-03-17,812.4000244140625,850.0,785.0,812.2999877929688,1837159
2026-03-18,815.0,837.7000122070312,804.5,814.0999755859375,636191
2026-03-19,805.0,814.0999755859375,784.2999877929688,787.9500122070312,349422
2026-03-20,796.4500122070312,817.9500122070312,785.0,791.4500122070312,388774
2026-03-23,783.0,784.0,748.0,760.4500122070312,368196
2026-03-24,797.2999877929688,801.0,763.2000122070312,794.2000122070312,492949
2026-03-25,801.0,815.0,785.5499877929688,790.25,397478
2026-03-27,790.25,823.4000244140625,770.0,788.5,1370278
2026-03-30,780.7999877929688,780.7999877929688,738.0,749.1500244140625,263370
2026-04-01,765.3499755859375,796.9500122070312,765.0,785.6500244140625,410217
2026-04-02,771.0,779.3499755859375,750.0,773.75,242931
2026-04-06,785.0,799.7000122070312,762.0499877929688,790.5999755859375,393375
2026-04-07,793.75,805.6500244140625,781.0499877929688,790.75,291890
2026-04-08,819.9500122070312,842.5,804.0,817.7999877929688,918724
2026-04-09,829.0,888.4000244140625,827.0,860.9500122070312,4208925
2026-04-10,861.0,868.0,851.25,857.5999755859375,395633
2026-04-13,833.0,856.75,822.2000122070312,852.3499755859375,259102
2026-04-15,868.0,879.9500122070312,857.0,866.1500244140625,367436
2026-04-16,874.0,885.0,868.0,871.9000244140625,370138
2026-04-17,865.0,946.0,862.2000122070312,902.75,4208121
2026-04-20,909.9000244140625,914.8499755859375,885.5499877929688,891.0499877929688,363548
2026-04-21,894.0,934.9500122070312,891.0499877929688,911.5,810511
2026-04-22,905.0,947.3499755859375,905.0,932.2000122070312,864668
2026-04-23,933.9000244140625,951.7000122070312,915.0499877929688,921.5499877929688,464687
2026-04-24,928.5,929.9000244140625,885.0,889.5999755859375,236182
2026-04-27,900.0,914.4500122070312,897.1500244140625,907.4000244140625,207891
2026-04-28,904.0,923.7999877929688,902.0999755859375,906.0,173794
2026-04-29,914.4000244140625,926.9500122070312,903.7999877929688,908.8499755859375,316276
2026-04-30,907.0,908.5999755859375,888.25,899.2000122070312,132778
2026-05-04,906.9500122070312,918.7000122070312,896.5,905.75,143375
2026-05-05,900.0,917.9500122070312,898.0,903.7000122070312,119885
2026-05-06,908.2000122070312,922.4500122070312,900.5,915.0,232049
2026-05-07,920.0,926.8499755859375,909.0,917.0499877929688,196793
2026-05-08,923.4000244140625,933.9000244140625,902.0999755859375,904.5999755859375,220830
2026-05-11,899.0,899.0,874.0,883.5,139801
2026-05-12,887.0,887.9500122070312,858.1500244140625,862.4000244140625,131875
2026-05-13,866.4000244140625,880.0,855.25,874.4500122070312,133009
2026-05-14,883.0,894.0,869.2000122070312,879.5999755859375,104334
2026-05-15,884.0499877929688,910.9500122070312,878.0499877929688,882.7000122070312,230208
2026-05-18,881.0,881.0,846.0,865.6500244140625,99430
2026-05-19,865.9500122070312,889.7999877929688,865.9500122070312,870.4000244140625,126188
2026-05-20,864.0,870.7999877929688,853.5499877929688,867.2999877929688,71356
2026-05-21,872.2000122070312,895.4000244140625,861.4000244140625,868.0499877929688,147421
2026-05-22,868.0499877929688,898.4500122070312,868.0499877929688,879.25,312974
2026-05-25,881.0,895.0,876.25,883.0499877929688,127711
2026-05-26,882.0,914.0,882.0,903.4000244140625,432913
2026-05-27,910.5999755859375,938.4000244140625,904.5,923.4000244140625,742331
2026-05-29,927.9500122070312,927.9500122070312,850.0499877929688,875.6500244140625,768163
2026-06-01,880.0,886.3499755859375,855.0,868.6500244140625,139448
2026-06-02,860.0,876.4000244140625,853.1500244140625,871.3499755859375,86475
2026-06-03,879.0,882.5,858.4000244140625,871.4000244140625,117635
2026-06-04,868.0999755859375,892.0,863.2000122070312,865.5,156460
2026-06-05,870.0,886.4500122070312,865.0,866.8499755859375,101797
2026-06-08,864.0,876.9500122070312,852.0,866.3499755859375,111467
2026-06-09,870.0,879.9000244140625,867.0,876.0499877929688,77478
2026-06-10,888.25,929.0,888.25,901.3499755859375,1968434
2026-06-11,900.0999755859375,900.7999877929688,881.0999755859375,889.2000122070312,158020
2026-06-12,902.0,914.9500122070312,886.7000122070312,902.3499755859375,248746
2026-06-15,923.9500122070312,923.9500122070312,903.0,906.0499877929688,193515
2026-06-16,906.75,1058.5999755859375,906.3499755859375,997.7999877929688,13126383
2026-06-17,990.7999877929688,994.9500122070312,964.0,967.5999755859375,934315
2026-06-18,967.0,977.2999877929688,948.9500122070312,953.4500122070312,386522
2026-06-19,950.0499877929688,975.0,878.0,884.8499755859375,1631576
2026-06-22,891.9000244140625,932.0,868.0,906.25,1474214
2026-06-23,907.0,915.0,888.0,892.8499755859375,311684
2026-06-24,898.0,906.7999877929688,884.0,900.4500122070312,241588
2026-06-25,900.4500122070312,903.7000122070312,885.9000244140625,890.0,153916
2026-06-29,890.0,890.8499755859375,851.0,869.5999755859375,232929
2026-06-30,875.0,877.75,853.2000122070312,872.7999877929688,253815
2026-07-01,875.0,888.5,871.0,878.4500122070312,173569
2026-07-02,880.5499877929688,890.9000244140625,872.7999877929688,877.1500244140625,145865
2026-07-03,878.9000244140625,897.0,878.9000244140625,883.2999877929688,205396
2026-07-06,887.8499755859375,887.8499755859375,875.9000244140625,878.0499877929688,85335
2026-07-07,878.0499877929688,882.1500244140625,860.5999755859375,864.0,116488
2026-07-08,864.0,879.2999877929688,840.5,845.9500122070312,237254
2026-07-09,849.9500122070312,859.9500122070312,843.7000122070312,850.0999755859375,84892
2026-07-10,850.2000122070312,869.7999877929688,850.2000122070312,855.5499877929688,101735
2026-07-13,852.0499877929688,863.3499755859375,842.75,855.8499755859375,84645
2026-07-14,852.0,855.8499755859375,841.0,844.3499755859375,55501
2026-07-15,848.7999877929688,865.25,840.0,848.5999755859375,265334
2026-07-16,845.0,864.25,843.0,845.7000122070312,163526
2026-07-17,847.0,847.0,830.0999755859375,833.5999755859375,116321
2026-07-20,838.0,838.3499755859375,825.5499877929688,831.2000122070312,65805
2026-07-21,823.2000122070312,845.0,823.2000122070312,833.4000244140625,67696
2026-07-22,833.4000244140625,835.0999755859375,812.0,814.0499877929688,87882
2026-07-23,812.0,824.9000244140625,801.9500122070312,805.75,81279
2026-07-24,805.0,814.7999877929688,789.0999755859375,809.2999877929688,109204
2026-07-27,819.9000244140625,825.0,812.4500122070312,819.5499877929688,75961
2026-07-28,819.5499877929688,833.3499755859375,814.0999755859375,817.0,108132
2026-07-29,816.0,835.0999755859375,816.0,826.5,97785
