Date,Open,High,Low,Close,Volume
2014-07-31,239.0,250.9499969482422,230.0,250.9499969482422,205652
2014-08-01,255.0,263.45001220703125,250.0,263.45001220703125,183076
2014-08-04,273.70001220703125,276.6000061035156,255.0,268.6499938964844,214985
2014-08-05,269.70001220703125,272.0,255.25,265.1499938964844,116355
2014-08-06,264.8500061035156,276.0,260.5,266.75,492769
2014-08-07,266.0,268.95001220703125,261.0,264.0,205650
2014-08-08,261.0,261.0,250.8000030517578,253.89999389648438,569447
2014-08-11,261.95001220703125,263.8500061035156,256.95001220703125,258.45001220703125,296412
2014-08-12,258.5,260.0,250.60000610351562,254.5500030517578,413139
2014-08-13,253.0500030517578,267.25,251.5,266.29998779296875,402711
2014-08-14,268.0,275.0,266.0,270.3500061035156,313901
2014-08-18,274.8999938964844,287.0,267.0,279.0,335554
2014-08-19,280.0,299.75,275.0,293.70001220703125,596621
2014-08-20,294.5,297.0,284.25,290.6000061035156,350867
2014-08-21,293.0,297.29998779296875,285.0,287.25,147218
2014-08-22,287.54998779296875,288.45001220703125,271.1499938964844,276.95001220703125,43768
2014-08-25,279.6499938964844,284.0,276.0,276.8999938964844,59621
2014-08-26,272.04998779296875,279.79998779296875,261.6000061035156,267.20001220703125,42963
2014-08-27,267.0,282.0,266.29998779296875,278.54998779296875,87679
2014-08-28,286.95001220703125,293.0,280.0,288.45001220703125,93125
2014-09-01,290.95001220703125,293.0,280.1000061035156,283.6499938964844,39508
2014-09-02,284.0,294.0,280.20001220703125,286.1000061035156,133047
2014-09-03,289.3500061035156,329.0,288.3999938964844,313.79998779296875,843741
2014-09-04,315.0,316.3999938964844,301.1499938964844,308.0,202371
2014-09-05,310.29998779296875,314.0,302.79998779296875,308.75,124175
2014-09-08,310.8500061035156,320.0,308.0,312.1499938964844,116929
2014-09-09,310.75,314.54998779296875,304.25,307.95001220703125,67364
2014-09-10,307.1000061035156,316.5,305.1000061035156,309.25,54186
2014-09-11,311.70001220703125,315.8999938964844,308.0,308.95001220703125,53296
2014-09-12,308.5,318.0,307.25,315.1000061035156,105913
2014-09-15,310.04998779296875,338.0,310.04998779296875,331.8999938964844,229196
2014-09-16,333.45001220703125,341.3999938964844,309.0,311.0,170685
2014-09-17,311.5,319.0,305.1000061035156,308.04998779296875,68476
2014-09-18,309.0,319.20001220703125,308.54998779296875,312.1000061035156,56803
2014-09-19,316.0,326.0,313.29998779296875,317.3999938964844,91810
2014-09-22,317.0,321.3999938964844,310.20001220703125,316.95001220703125,22167
2014-09-23,319.1000061035156,324.04998779296875,291.1000061035156,307.1000061035156,157678
2014-09-24,306.5,306.5,291.1000061035156,296.75,93744
2014-09-25,300.0,308.0,290.1000061035156,292.79998779296875,77090
2014-09-26,291.0,296.0,284.5,293.04998779296875,33439
2014-09-29,296.8500061035156,297.0,287.79998779296875,295.0,34071
2014-09-30,292.1000061035156,303.29998779296875,292.1000061035156,297.3999938964844,38218
2014-10-01,295.0,303.75,295.0,296.25,23312
2014-10-07,300.0,303.0,291.1000061035156,293.29998779296875,20975
2014-10-08,294.0,300.0,294.0,298.79998779296875,19024
2014-10-09,300.0,312.75,296.5,309.8999938964844,66961
2014-10-10,309.8999938964844,333.29998779296875,303.04998779296875,319.45001220703125,127717
2014-10-13,315.0,322.95001220703125,311.1000061035156,314.20001220703125,26488
2014-10-14,324.0,324.0,311.1000061035156,320.3999938964844,65210
2014-10-16,320.0,320.0,306.8999938964844,309.25,47303
2014-10-17,307.0,313.0,303.0,307.1000061035156,20865
2014-10-20,305.04998779296875,315.1499938964844,305.04998779296875,308.20001220703125,60424
2014-10-21,308.79998779296875,322.3999938964844,302.04998779296875,318.8999938964844,41473
2014-10-22,327.0,327.0,318.0,325.1499938964844,38363
2014-10-27,323.0,323.29998779296875,311.20001220703125,312.6499938964844,12696
2014-10-28,303.1000061035156,320.0,303.1000061035156,314.95001220703125,9839
2014-10-29,318.5,328.8999938964844,313.1000061035156,324.45001220703125,38132
2014-10-30,321.0,335.75,316.29998779296875,326.1000061035156,320973
2014-10-31,333.70001220703125,333.70001220703125,325.5,330.6499938964844,22651
2014-11-03,328.0,335.5,323.04998779296875,329.20001220703125,26236
2014-11-05,323.29998779296875,334.0,323.29998779296875,328.0,43700
2014-11-07,329.0,332.79998779296875,321.04998779296875,326.04998779296875,45915
2014-11-10,324.0,338.8999938964844,324.0,332.25,35851
2014-11-11,332.79998779296875,342.04998779296875,331.95001220703125,339.29998779296875,49991
2014-11-12,336.25,344.70001220703125,327.20001220703125,339.54998779296875,62580
2014-11-13,343.79998779296875,355.6000061035156,338.6499938964844,353.6499938964844,224511
2014-11-14,354.0,388.8500061035156,354.0,371.5,201710
2014-11-17,372.25,396.6499938964844,372.25,383.54998779296875,104208
2014-11-18,384.0,389.95001220703125,374.6000061035156,382.8500061035156,55954
2014-11-19,380.0,392.0,372.0,378.3999938964844,64625
2014-11-20,380.04998779296875,383.8500061035156,366.0,379.8999938964844,45091
2014-11-21,377.0,384.5,370.8500061035156,380.1000061035156,32343
2014-11-24,387.95001220703125,394.0,375.0,378.8500061035156,73062
2014-11-25,379.79998779296875,379.79998779296875,367.70001220703125,376.6499938964844,37427
2014-11-26,373.04998779296875,385.3999938964844,372.6499938964844,382.3500061035156,61266
2014-11-27,390.0,416.8999938964844,383.6499938964844,411.25,161455
2014-11-28,420.0,473.70001220703125,420.0,460.04998779296875,800369
2014-12-01,469.45001220703125,500.0,458.1000061035156,495.1000061035156,627043
2014-12-02,498.0,515.0,477.6499938964844,504.95001220703125,519030
2014-12-03,506.5,506.5,484.0,487.8500061035156,145542
2014-12-04,490.04998779296875,492.75,465.5,471.3500061035156,96836
2014-12-05,477.95001220703125,488.0,468.6000061035156,477.3999938964844,53380
2014-12-08,490.0,490.0,468.29998779296875,479.20001220703125,51355
2014-12-09,485.0,519.0,485.0,491.45001220703125,226246
2014-12-10,492.0,530.0,464.70001220703125,523.25,333245
2014-12-11,533.0,548.2999877929688,516.4500122070312,521.0499877929688,304281
2014-12-12,518.0999755859375,533.5,505.0,508.20001220703125,77949
2014-12-15,508.20001220703125,549.7999877929688,505.75,531.7999877929688,248830
2014-12-16,532.7000122070312,565.5,526.0499877929688,545.5999755859375,330582
2014-12-17,542.0,546.9500122070312,471.6000061035156,509.45001220703125,232049
2014-12-18,512.2000122070312,550.0,510.04998779296875,542.75,192353
2014-12-19,547.5,548.0,515.0,518.0999755859375,50180
2014-12-22,525.9000244140625,525.9000244140625,504.3500061035156,506.54998779296875,57229
2014-12-23,510.0,518.7000122070312,478.95001220703125,499.3999938964844,36041
2014-12-24,502.95001220703125,504.8999938964844,495.0,500.0,16132
2014-12-26,497.0,504.3999938964844,491.1499938964844,496.0,15304
2014-12-29,493.0,517.9500122070312,493.0,510.04998779296875,45153
2014-12-30,508.20001220703125,516.4000244140625,504.0,511.25,28411
2014-12-31,506.1499938964844,525.0,505.0,518.7000122070312,47842
2015-01-01,515.0,530.0,510.95001220703125,515.8499755859375,29579
2015-01-02,521.9500122070312,530.0,517.25,519.75,34039
2015-01-05,522.9500122070312,524.9500122070312,510.25,513.1500244140625,10130
2015-01-06,526.7999877929688,535.0,500.6000061035156,505.3999938964844,71951
2015-01-07,502.0,522.5,502.0,511.6000061035156,28710
2015-01-08,518.0,518.6500244140625,505.20001220703125,512.0499877929688,22521
2015-01-09,513.25,518.0,507.5,514.0999755859375,19249
2015-01-12,512.5499877929688,552.9000244140625,509.0,538.6500244140625,133013
2015-01-13,547.0,563.7999877929688,538.0,547.7000122070312,154312
2015-01-14,550.0,551.4000244140625,534.0999755859375,536.3499755859375,27431
2015-01-15,533.7000122070312,552.9000244140625,531.0499877929688,535.25,24499
2015-01-16,532.5999755859375,554.0,525.0,541.8499755859375,52680
2015-01-19,545.25,553.0,535.0,536.6500244140625,22320
2015-01-20,536.0,547.0,534.9500122070312,537.2999877929688,24193
2015-01-21,535.5,540.7000122070312,512.5499877929688,524.1500244140625,68765
2015-01-22,521.5,534.4000244140625,521.5,530.1500244140625,18465
2015-01-23,528.0,529.0,518.5,525.2999877929688,29840
2015-01-27,530.0,533.0,519.0,528.1500244140625,14673
2015-01-28,530.0,533.0,515.0,526.5999755859375,13622
2015-01-29,535.0,551.0,526.2000122070312,542.0499877929688,30163
2015-01-30,549.8499755859375,549.9000244140625,515.4500122070312,535.2999877929688,26402
2015-02-02,535.0,535.0,521.0,530.7000122070312,12770
2015-02-03,528.2999877929688,534.0,518.0,526.0,28449
2015-02-04,538.7999877929688,538.7999877929688,519.0,522.1500244140625,14096
2015-02-05,521.9500122070312,544.7999877929688,521.5,530.4500122070312,45756
2015-02-06,526.0499877929688,534.7999877929688,505.0,510.45001220703125,44698
2015-02-09,506.04998779296875,512.5999755859375,490.04998779296875,500.75,28097
2015-02-10,491.0,504.0,485.29998779296875,492.3999938964844,25689
2015-02-11,488.0,494.8999938964844,485.5,489.95001220703125,10930
2015-02-12,489.0,495.1000061035156,484.0,489.1499938964844,19193
2015-02-13,493.0,493.0,480.04998779296875,483.20001220703125,196557
2015-02-16,483.0,494.70001220703125,451.1000061035156,485.6000061035156,33829
2015-02-18,492.54998779296875,494.5,468.29998779296875,477.95001220703125,30445
2015-02-19,480.0,486.95001220703125,469.5,473.54998779296875,29915
2015-02-20,478.75,487.0,469.04998779296875,483.3500061035156,11998
2015-02-23,487.0,488.0,479.0,487.1000061035156,26849
2015-02-24,486.5,486.70001220703125,470.0,478.8999938964844,9681
2015-02-25,479.3500061035156,485.95001220703125,471.0,474.6499938964844,13142
2015-02-26,472.0,473.45001220703125,456.1499938964844,466.6499938964844,24925
2015-02-27,467.8999938964844,479.0,464.95001220703125,471.54998779296875,22683
2015-03-02,458.0,480.0,450.0,467.6000061035156,53186
2015-03-03,479.3999938964844,479.3999938964844,470.0,473.3500061035156,20439
2015-03-04,480.0,480.0,456.54998779296875,465.70001220703125,28669
2015-03-05,457.1000061035156,478.0,457.1000061035156,475.3999938964844,19208
2015-03-09,475.3999938964844,482.0,468.0,479.5,21494
2015-03-10,480.0,480.0,470.29998779296875,477.3500061035156,16707
2015-03-11,488.8999938964844,488.8999938964844,475.70001220703125,485.79998779296875,11296
2015-03-12,486.0,495.0,481.0,487.29998779296875,11869
2015-03-13,495.95001220703125,495.95001220703125,475.04998779296875,483.29998779296875,11974
2015-03-16,482.95001220703125,490.20001220703125,472.29998779296875,477.6000061035156,13902
2015-03-17,477.0,494.95001220703125,461.04998779296875,477.79998779296875,39164
2015-03-18,489.79998779296875,489.79998779296875,467.5,471.54998779296875,18462
2015-03-19,466.1000061035156,478.0,465.54998779296875,470.3500061035156,9446
2015-03-20,469.54998779296875,475.04998779296875,460.1499938964844,469.70001220703125,10934
2015-03-23,465.0,473.70001220703125,460.20001220703125,468.75,12130
2015-03-24,465.0,471.5,461.0,468.8999938964844,10238
2015-03-25,469.04998779296875,471.0,464.0,467.79998779296875,7871
2015-03-26,467.3999938964844,475.0,462.95001220703125,469.0,13136
2015-03-27,467.0,477.0,465.0,471.0,21491
2015-03-30,471.0,482.0,467.0,477.0,24480
2015-03-31,479.0,522.0,470.70001220703125,510.1499938964844,144863
2015-04-01,520.0,520.0,491.3999938964844,506.75,25539
2015-04-06,504.04998779296875,504.04998779296875,483.0,494.29998779296875,13669
2015-04-07,495.0,500.0,484.5,495.8999938964844,7214
2015-04-08,493.04998779296875,505.3999938964844,488.0,495.0,12672
2015-04-09,492.0,504.5,490.25,498.25,21439
2015-04-10,504.8500061035156,505.0,479.0,487.1499938964844,20210
2015-04-13,486.70001220703125,499.0,483.0,485.04998779296875,6663
2015-04-15,485.75,503.8500061035156,485.0,491.1499938964844,30396
2015-04-16,498.5,498.5,475.0,477.04998779296875,9714
2015-04-17,477.04998779296875,485.04998779296875,471.54998779296875,473.5,8965
2015-04-20,471.0,471.45001220703125,459.04998779296875,464.45001220703125,16995
2015-04-21,463.04998779296875,472.0,459.0,463.1499938964844,5386
2015-04-22,460.0,469.45001220703125,450.0,456.1000061035156,4414
2015-04-23,458.29998779296875,463.8500061035156,453.1000061035156,460.0,154209
2015-04-24,460.0,460.0,450.1499938964844,454.70001220703125,11404
2015-04-27,454.70001220703125,456.70001220703125,444.1000061035156,450.20001220703125,10195
2015-04-28,449.04998779296875,472.0,449.0,464.3500061035156,11828
2015-04-29,465.1000061035156,471.8999938964844,455.0,460.75,7976
2015-04-30,473.95001220703125,473.95001220703125,445.6000061035156,451.04998779296875,61885
2015-05-04,469.45001220703125,469.45001220703125,446.1000061035156,448.1000061035156,8483
2015-05-05,449.04998779296875,463.95001220703125,449.04998779296875,459.29998779296875,14397
2015-05-06,458.45001220703125,458.5,438.20001220703125,450.3500061035156,7564
2015-05-07,449.0,455.0,441.1000061035156,446.75,8930
2015-05-08,448.1499938964844,455.70001220703125,436.1000061035156,444.95001220703125,35557
2015-05-11,448.0,452.0,443.0,446.8999938964844,5263
2015-05-12,447.0,462.70001220703125,444.8999938964844,456.25,24077
2015-05-13,455.0,455.0,448.04998779296875,450.1000061035156,13214
2015-05-14,452.0,475.0,449.25,470.3500061035156,8721
2015-05-15,467.5,474.0,460.5,462.29998779296875,2397
2015-05-18,458.6000061035156,472.0,452.0,462.3999938964844,5030
2015-05-19,461.0,477.75,456.0,475.8999938964844,7580
2015-05-20,475.0,479.0,470.0,476.04998779296875,10133
2015-05-21,472.5,477.6499938964844,464.5,470.0,2744
2015-05-22,471.04998779296875,483.0,470.0,481.70001220703125,9105
2015-05-25,486.6499938964844,488.6000061035156,481.0,486.25,15208
2015-05-26,490.0,490.04998779296875,481.0,482.0,15813
2015-05-27,472.79998779296875,484.0,456.70001220703125,480.0,31561
2015-05-28,475.04998779296875,479.8999938964844,459.95001220703125,461.20001220703125,7645
2015-05-29,469.70001220703125,469.70001220703125,461.0,464.54998779296875,6243
2015-06-01,450.0,480.0,450.0,470.45001220703125,9139
2015-06-02,475.0,478.5,452.5,458.75,8908
2015-06-03,462.0,462.0,448.0,452.70001220703125,9558
2015-06-04,453.1000061035156,456.6000061035156,450.0,452.8999938964844,5629
2015-06-05,456.3999938964844,457.8999938964844,451.0,455.3500061035156,3650
2015-06-08,468.0,468.0,440.95001220703125,443.1499938964844,8838
2015-06-09,445.1499938964844,445.95001220703125,428.0,436.1000061035156,6471
2015-06-10,425.0,442.6000061035156,425.0,433.8500061035156,11527
2015-06-11,437.5,437.5,417.5,420.3500061035156,15638
2015-06-12,419.0,424.0,388.95001220703125,409.79998779296875,19076
2015-06-15,410.0,476.3999938964844,399.1000061035156,461.6499938964844,68895
2015-06-16,450.0,450.0,415.1000061035156,425.3999938964844,21010
2015-06-17,425.04998779296875,459.79998779296875,423.04998779296875,441.29998779296875,43177
2015-06-18,447.6499938964844,450.0,435.1000061035156,447.1499938964844,9222
2015-06-19,444.04998779296875,452.0,426.0,430.6499938964844,5817
2015-06-22,442.25,442.6000061035156,428.0,434.75,6747
2015-06-23,438.75,444.0,428.0,435.0,8730
2015-06-24,435.54998779296875,443.79998779296875,434.0,436.1000061035156,4473
2015-06-25,436.8999938964844,440.6499938964844,422.70001220703125,425.04998779296875,4813
2015-06-26,428.54998779296875,451.0,428.5,444.75,12737
2015-06-29,441.0,448.0,434.95001220703125,437.70001220703125,4791
2015-06-30,443.45001220703125,459.79998779296875,436.04998779296875,456.04998779296875,5958
2015-07-01,459.0,461.8999938964844,446.8999938964844,458.20001220703125,11032
2015-07-02,457.04998779296875,458.70001220703125,444.5,453.3500061035156,3798
2015-07-03,448.95001220703125,461.8999938964844,432.54998779296875,455.70001220703125,11487
2015-07-06,463.6000061035156,484.95001220703125,460.0,477.95001220703125,70002
2015-07-07,481.70001220703125,488.0,477.70001220703125,481.20001220703125,24029
2015-07-08,483.70001220703125,499.20001220703125,476.0,485.04998779296875,56066
2015-07-09,486.8500061035156,487.04998779296875,470.1000061035156,472.1000061035156,13365
2015-07-10,477.20001220703125,484.3999938964844,466.20001220703125,471.20001220703125,7847
2015-07-13,475.0,477.75,468.6000061035156,475.8500061035156,7020
2015-07-14,480.0,496.5,475.0,485.75,16778
2015-07-15,486.54998779296875,490.0,475.0,476.45001220703125,8515
2015-07-16,480.1499938964844,493.8999938964844,470.0,490.29998779296875,46686
2015-07-17,485.45001220703125,491.0,480.0,484.8500061035156,11297
2015-07-20,495.0,497.0,485.1000061035156,492.04998779296875,13673
2015-07-21,495.45001220703125,498.20001220703125,471.25,480.29998779296875,10727
2015-07-22,480.6499938964844,489.8999938964844,478.1499938964844,480.95001220703125,7161
2015-07-23,482.3999938964844,519.7000122070312,481.20001220703125,506.79998779296875,52933
2015-07-24,510.54998779296875,517.7999877929688,505.0,510.6499938964844,34857
2015-07-27,511.95001220703125,515.8499755859375,495.1499938964844,504.3500061035156,11775
2015-07-28,497.0,556.0,497.0,548.75,172331
2015-07-29,539.0499877929688,546.9000244140625,462.5,488.45001220703125,93613
2015-07-30,489.1000061035156,501.95001220703125,476.75,480.6499938964844,23394
2015-07-31,478.0,497.0,476.0,480.70001220703125,10630
2015-08-03,495.0,495.0,470.45001220703125,476.3500061035156,8020
2015-08-04,476.54998779296875,479.25,466.1000061035156,472.0,18881
2015-08-05,478.0,490.0,469.95001220703125,479.70001220703125,15352
2015-08-06,480.54998779296875,482.0,472.0,476.1000061035156,16588
2015-08-07,479.1499938964844,485.0,475.0,475.1000061035156,8535
2015-08-10,463.0,486.0,463.0,480.95001220703125,14329
2015-08-11,475.95001220703125,484.0,465.04998779296875,472.04998779296875,6289
2015-08-12,481.45001220703125,481.45001220703125,464.0,474.5,19113
2015-08-13,479.95001220703125,480.0,471.45001220703125,473.20001220703125,11133
2015-08-14,468.5,479.8999938964844,466.3500061035156,475.1499938964844,12559
2015-08-17,471.95001220703125,478.45001220703125,465.0,474.1499938964844,4710
2015-08-18,472.8500061035156,475.0,467.1000061035156,469.3999938964844,7801
2015-08-19,469.75,484.25,467.0,479.8500061035156,38899
2015-08-20,492.0,493.0,472.25,480.70001220703125,31228
2015-08-21,475.45001220703125,530.9000244140625,465.0,508.70001220703125,64048
2015-08-24,498.79998779296875,498.79998779296875,466.0,471.8999938964844,38078
2015-08-25,472.5,489.8999938964844,441.0,470.6000061035156,33832
2015-08-26,466.29998779296875,475.1000061035156,464.54998779296875,469.20001220703125,23315
2015-08-27,469.95001220703125,514.0,466.1499938964844,510.5,61222
2015-08-28,504.04998779296875,512.0,485.0,498.1000061035156,28040
2015-08-31,505.0,505.0,491.1000061035156,498.95001220703125,16022
2015-09-01,498.95001220703125,509.95001220703125,481.0,500.95001220703125,12125
2015-09-02,494.04998779296875,507.0,484.1000061035156,501.70001220703125,15403
2015-09-03,501.79998779296875,511.0,491.29998779296875,503.3999938964844,19867
2015-09-04,498.1499938964844,501.95001220703125,479.95001220703125,492.6499938964844,8355
2015-09-07,497.1499938964844,497.1499938964844,475.0,481.6499938964844,7651
2015-09-08,480.95001220703125,490.0,465.0,484.45001220703125,13558
2015-09-09,487.04998779296875,508.0,470.1000061035156,496.5,10486
2015-09-10,490.0,500.0,478.79998779296875,496.54998779296875,9246
2015-09-11,490.04998779296875,505.0,486.1000061035156,491.54998779296875,4438
2015-09-14,493.0,499.04998779296875,483.0,490.20001220703125,11327
2015-09-15,490.1499938964844,498.95001220703125,481.0,487.0,4258
2015-09-16,495.04998779296875,510.0,488.20001220703125,508.45001220703125,12749
2015-09-18,499.04998779296875,508.0,495.70001220703125,498.8999938964844,2457
2015-09-21,494.5,502.0,483.29998779296875,484.79998779296875,13524
2015-09-22,484.95001220703125,493.5,475.0,476.54998779296875,6263
2015-09-23,476.04998779296875,489.0,470.29998779296875,484.5,5568
2015-09-24,496.8999938964844,496.8999938964844,478.6000061035156,484.79998779296875,2863
2015-09-28,491.95001220703125,491.95001220703125,476.1499938964844,483.79998779296875,3283
2015-09-29,481.0,490.8999938964844,472.54998779296875,484.29998779296875,3366
2015-09-30,484.0,484.0,473.5,477.1000061035156,8604
2015-10-01,478.04998779296875,488.0,475.0,477.8999938964844,4933
2015-10-05,464.20001220703125,490.8999938964844,464.20001220703125,488.3999938964844,8578
2015-10-06,489.95001220703125,502.0,481.0,481.70001220703125,13763
2015-10-07,487.95001220703125,490.95001220703125,480.04998779296875,484.29998779296875,3687
2015-10-08,500.8999938964844,505.0,486.0,491.1000061035156,10749
2015-10-09,491.1499938964844,496.5,484.0,487.04998779296875,9545
2015-10-12,487.0,504.0,481.1000061035156,484.8500061035156,7499
2015-10-13,482.3500061035156,493.1000061035156,482.29998779296875,484.04998779296875,3142
2015-10-14,480.1499938964844,487.5,480.1499938964844,482.20001220703125,2184
2015-10-15,487.0,493.6499938964844,481.0,485.54998779296875,3043
2015-10-16,484.95001220703125,489.04998779296875,480.0,481.1000061035156,3395
2015-10-19,484.95001220703125,490.0,476.29998779296875,486.8500061035156,7308
2015-10-20,481.0,495.0,480.0,493.95001220703125,5713
2015-10-21,495.0,496.0,486.0,491.79998779296875,9971
2015-10-23,495.0,495.0,486.1000061035156,490.29998779296875,4110
2015-10-26,492.5,494.3999938964844,485.0,490.8999938964844,2184
2015-10-27,485.20001220703125,490.1000061035156,482.20001220703125,486.8999938964844,2948
2015-10-28,487.0,495.0,483.95001220703125,491.20001220703125,6258
2015-10-29,488.20001220703125,489.95001220703125,484.1000061035156,486.0,7560
2015-10-30,485.04998779296875,495.0,484.5,488.75,8010
2015-11-02,496.0,496.0,486.0,489.95001220703125,19793
2015-11-03,489.1000061035156,505.0,486.75,490.29998779296875,9756
2015-11-04,490.25,502.0,490.0,493.3500061035156,17445
2015-11-05,490.0,493.5,480.0,482.70001220703125,11815
2015-11-06,483.45001220703125,489.70001220703125,482.04998779296875,485.25,33420
2015-11-09,482.0,485.0,476.8999938964844,479.95001220703125,12601
2015-11-10,484.6000061035156,484.8999938964844,477.04998779296875,484.04998779296875,2812
2015-11-13,484.0,490.0,477.54998779296875,483.95001220703125,4523
2015-11-16,483.0,488.8999938964844,478.0,478.79998779296875,4193
2015-11-17,474.0,490.0,472.0,482.0,8219
2015-11-18,482.0,484.1499938964844,467.8500061035156,471.8999938964844,5242
2015-11-19,479.95001220703125,480.0,466.04998779296875,468.54998779296875,5760
2015-11-20,468.0,478.0,467.5,475.75,7001
2015-11-23,475.5,484.5,468.0,481.25,6728
2015-11-24,473.1000061035156,488.0,473.1000061035156,484.70001220703125,9670
2015-11-26,484.0,485.0,472.0,480.45001220703125,12969
2015-11-27,480.0,480.0,473.8500061035156,475.25,3783
2015-11-30,475.20001220703125,479.0,465.0,475.0,7502
2015-12-01,476.0,480.0,466.1000061035156,479.04998779296875,5189
2015-12-02,479.0,492.0,475.1000061035156,484.79998779296875,7578
2015-12-03,491.95001220703125,491.95001220703125,480.1000061035156,489.95001220703125,7512
2015-12-04,499.8999938964844,502.8999938964844,487.04998779296875,493.54998779296875,5744
2015-12-07,493.54998779296875,500.0,485.0,487.8500061035156,13600
2015-12-08,489.0,490.0,480.0,481.8999938964844,5558
2015-12-09,482.3999938964844,487.0,463.0,465.5,6694
2015-12-10,466.0,493.0,466.0,484.3500061035156,9146
2015-12-11,481.04998779296875,485.0,469.5,476.5,3996
2015-12-14,471.1499938964844,483.0,468.0,476.70001220703125,7582
2015-12-15,481.79998779296875,494.0,473.0,488.1000061035156,8728
2015-12-16,480.3500061035156,503.0,477.3500061035156,483.3999938964844,10975
2015-12-17,484.0,487.0,470.0,478.75,4664
2015-12-18,476.25,491.95001220703125,472.04998779296875,483.5,8005
2015-12-21,476.04998779296875,490.0,476.0,485.79998779296875,6392
2015-12-22,483.0,488.0,478.54998779296875,481.54998779296875,3613
2015-12-23,481.95001220703125,499.95001220703125,481.1499938964844,495.70001220703125,14069
2015-12-24,500.0,505.8999938964844,492.1000061035156,499.3999938964844,10778
2015-12-28,494.95001220703125,495.0,484.04998779296875,486.75,6203
2015-12-29,490.0,491.8999938964844,483.5,487.8500061035156,4347
2015-12-30,487.0,523.1500244140625,475.5,516.1500244140625,67032
2015-12-31,524.5,532.0,512.5499877929688,522.5999755859375,38185
2016-01-01,523.0,539.0,518.0,532.7999877929688,23335
2016-01-04,532.7999877929688,535.3499755859375,507.29998779296875,513.4000244140625,14286
2016-01-05,507.20001220703125,533.0,507.20001220703125,528.1500244140625,7740
2016-01-06,527.9500122070312,533.0,526.0,529.9000244140625,19696
2016-01-07,530.0,530.0,500.0,514.1500244140625,13384
2016-01-08,516.4000244140625,526.0,516.0999755859375,522.0,7646
2016-01-11,520.0,536.0,515.5,531.5499877929688,9457
2016-01-12,523.0,538.0999755859375,520.0,521.7999877929688,8864
2016-01-13,516.0,530.0,489.0,521.2999877929688,19565
2016-01-14,515.0,525.0,490.04998779296875,523.8499755859375,5786
2016-01-15,533.2999877929688,533.2999877929688,499.1000061035156,504.54998779296875,10103
2016-01-18,517.0,517.0,485.0,502.0,4143
2016-01-19,498.5,504.0,487.04998779296875,489.3999938964844,13557
2016-01-20,485.0,489.0,457.70001220703125,472.04998779296875,23269
2016-01-21,470.0,490.0,468.0,484.95001220703125,6478
2016-01-22,488.79998779296875,500.0,482.0,495.3999938964844,12379
2016-01-25,490.0,510.0,485.04998779296875,499.1000061035156,5337
2016-01-27,500.0,515.6500244140625,490.0,511.29998779296875,6504
2016-01-28,505.0,519.7000122070312,495.6499938964844,513.0499877929688,7592
2016-01-29,507.0,530.0,501.0,521.75,8742
2016-02-01,526.0,529.9500122070312,508.29998779296875,516.2999877929688,9986
2016-02-02,522.0,552.5,512.2000122070312,518.4500122070312,14098
2016-02-03,512.0,537.9500122070312,497.0,526.0999755859375,5633
2016-02-04,518.0,527.9000244140625,455.79998779296875,503.8999938964844,27443
2016-02-05,506.95001220703125,510.5,496.0,506.45001220703125,3359
2016-02-08,506.0,529.0,502.6000061035156,513.7000122070312,4344
2016-02-09,514.9500122070312,514.9500122070312,486.70001220703125,502.45001220703125,6563
2016-02-10,515.0,538.0,493.0,505.45001220703125,8920
2016-02-11,505.1000061035156,505.1000061035156,475.04998779296875,479.3500061035156,14616
2016-02-12,485.0,485.0,460.0,475.45001220703125,13583
2016-02-15,485.04998779296875,505.75,482.5,493.3999938964844,255537
2016-02-16,493.0,507.0,486.0,497.45001220703125,6804
2016-02-17,496.0,496.0,471.0,482.5,4719
2016-02-18,494.5,505.0,476.5,495.8500061035156,6365
2016-02-19,509.0,509.8999938964844,486.04998779296875,500.8500061035156,4358
2016-02-22,492.1000061035156,510.95001220703125,485.0,502.8999938964844,3687
2016-02-23,501.0,502.0,483.0,487.79998779296875,6402
2016-02-24,493.95001220703125,493.95001220703125,476.29998779296875,483.3500061035156,7409
2016-02-25,483.0,486.0,467.1499938964844,470.95001220703125,6721
2016-02-26,470.1499938964844,477.0,447.3999938964844,469.54998779296875,7299
2016-02-29,469.1000061035156,477.0,450.0,459.04998779296875,14585
2016-03-01,459.0,476.0,457.6499938964844,474.75,14188
2016-03-02,475.0,488.0,472.95001220703125,485.5,5897
2016-03-03,484.5,487.5,481.0,484.20001220703125,9346
2016-03-04,483.8999938964844,494.0,482.0,491.25,3128
2016-03-08,490.95001220703125,490.95001220703125,476.0,481.95001220703125,14627
2016-03-09,481.0,492.0,477.0,488.54998779296875,1786
2016-03-10,478.1000061035156,487.8999938964844,472.0,477.04998779296875,9367
2016-03-11,472.45001220703125,480.0,471.0,475.04998779296875,1887
2016-03-14,475.0,481.0,472.0,475.6000061035156,11120
2016-03-15,472.0,473.8999938964844,459.3999938964844,463.3500061035156,63142
2016-03-16,466.0,471.8500061035156,462.25,467.0,9692
2016-03-17,463.29998779296875,474.8999938964844,463.29998779296875,469.70001220703125,7873
2016-03-18,467.0,474.0,457.04998779296875,465.8999938964844,4385
2016-03-21,472.0,494.95001220703125,453.6000061035156,480.0,13119
2016-03-22,469.0,478.0,464.20001220703125,472.0,17913
2016-03-23,472.0,485.0,470.0,483.29998779296875,12318
2016-03-28,475.5,489.0,470.04998779296875,485.1000061035156,110569
2016-03-29,473.0,500.0,473.0,498.75,19928
2016-03-30,498.0,510.0,486.54998779296875,504.0,93663
2016-03-31,504.0,525.0,496.5,511.8999938964844,572834
2016-04-01,511.8999938964844,525.0,501.45001220703125,521.0999755859375,3758
2016-04-04,530.0,539.75,505.0,531.4000244140625,10884
2016-04-05,521.0,523.0,500.0,520.4000244140625,12442
2016-04-06,513.0,537.7999877929688,513.0,533.8499755859375,4890
2016-04-07,525.0,544.0,518.0,535.0,9437
2016-04-08,535.0,539.9500122070312,523.0,528.4000244140625,7330
2016-04-11,514.0,536.0,514.0,531.7000122070312,5606
2016-04-12,531.7000122070312,537.9000244140625,520.0,528.0,3403
2016-04-13,528.0,573.5,528.0,541.6500244140625,893083
2016-04-18,550.0,588.7999877929688,531.5,565.0,402835
2016-04-20,566.0,574.9000244140625,540.0499877929688,546.4000244140625,26717
2016-04-21,546.0499877929688,549.9000244140625,518.0999755859375,522.0999755859375,14763
2016-04-22,526.9500122070312,530.2999877929688,516.0499877929688,524.7999877929688,7834
2016-04-25,522.0,528.9500122070312,512.0,518.5499877929688,8402
2016-04-26,522.3499755859375,537.0,515.25,530.3499755859375,4726
2016-04-27,521.0499877929688,537.0,521.0499877929688,529.0499877929688,3588
2016-04-28,539.9000244140625,545.0,525.0,531.4000244140625,10235
2016-04-29,531.0499877929688,542.0,519.9500122070312,539.75,24295
2016-05-02,538.9000244140625,539.0,521.0,522.3499755859375,6969
2016-05-03,525.0,538.9000244140625,521.0,524.2999877929688,4297
2016-05-04,528.5499877929688,528.5499877929688,519.9500122070312,520.0,6410
2016-05-05,522.0,531.0,513.0,528.2000122070312,4862
2016-05-06,529.5,540.9500122070312,525.0,526.1500244140625,5533
2016-05-09,532.0,532.7999877929688,499.6000061035156,522.5999755859375,17536
2016-05-10,522.0499877929688,541.75,519.5499877929688,533.2000122070312,7020
2016-05-11,528.0499877929688,545.0,527.9500122070312,541.5499877929688,8428
2016-05-12,559.9000244140625,565.7999877929688,542.2000122070312,551.0,18715
2016-05-13,552.9500122070312,560.0,536.8499755859375,550.5,6428
2016-05-16,552.5999755859375,555.0,537.0,543.75,4994
2016-05-17,544.0499877929688,544.0499877929688,532.25,537.0,7116
2016-05-18,537.0,545.0,521.5,538.8499755859375,6049
2016-05-19,535.0,550.0,534.7999877929688,541.8499755859375,4351
2016-05-20,542.0,547.0,530.0499877929688,539.7999877929688,4512
2016-05-23,539.0,550.0,524.0999755859375,544.1500244140625,5717
2016-05-24,540.0,555.5,537.9500122070312,551.1500244140625,6941
2016-05-25,551.0,555.0,540.0999755859375,543.7999877929688,4948
2016-05-26,542.0,547.0,538.0,541.9000244140625,2445
2016-05-27,541.0499877929688,550.0,538.0,538.5999755859375,3028
2016-05-30,538.0,552.0,538.0,549.8499755859375,5849
2016-05-31,536.0999755859375,549.0,524.0,544.5999755859375,8632
2016-06-01,544.0,549.9000244140625,536.0999755859375,540.25,2693
2016-06-02,540.0,540.0,535.25,536.1500244140625,911
2016-06-03,537.0,545.0,536.0,541.75,4206
2016-06-06,536.1500244140625,541.9500122070312,536.0,538.5999755859375,5044
2016-06-07,539.0499877929688,546.75,539.0499877929688,542.2999877929688,2998
2016-06-08,539.0,545.0,536.0,543.7000122070312,6045
2016-06-09,540.0,541.0,536.0,539.3499755859375,17557
2016-06-10,540.0,540.0,536.0499877929688,537.5999755859375,971
2016-06-13,537.0,538.0,531.0999755859375,531.6500244140625,2061
2016-06-14,531.0,534.0,517.0,525.2000122070312,7070
2016-06-15,527.0,533.0,525.0,529.5999755859375,9288
2016-06-16,539.9000244140625,539.9000244140625,520.0,527.9500122070312,3635
2016-06-17,533.4500122070312,533.5,521.0499877929688,526.5499877929688,5035
2016-06-20,526.0,541.4000244140625,525.0,534.0499877929688,5115
2016-06-21,534.0,538.0,526.0999755859375,536.0499877929688,7870
2016-06-22,535.9500122070312,536.0,522.0499877929688,531.2000122070312,8174
2016-06-23,529.0,539.0,526.0,532.0999755859375,5879
2016-06-24,527.0,542.5,510.0,538.8499755859375,22743
2016-06-27,531.0,549.75,525.0,543.2999877929688,6434
2016-06-28,549.0,549.4000244140625,535.0,539.5999755859375,3069
2016-06-29,540.0999755859375,562.5,539.0,560.2999877929688,8983
2016-06-30,560.0,570.0,541.5,566.1500244140625,8671
2016-07-01,564.9500122070312,574.4000244140625,558.0,569.1500244140625,9903
2016-07-04,569.1500244140625,573.4500122070312,559.0,565.0499877929688,5013
2016-07-05,574.5999755859375,583.0,555.3499755859375,580.25,12137
2016-07-07,580.0,588.0,570.0,584.0,13736
2016-07-08,576.0,584.5,573.2000122070312,581.5,3624
2016-07-11,581.0,585.0,573.25,581.1500244140625,6206
2016-07-12,589.0,589.0999755859375,571.5,583.5999755859375,5645
2016-07-13,579.5999755859375,579.5999755859375,551.0499877929688,560.25,46435
2016-07-14,565.7999877929688,566.9500122070312,553.2000122070312,564.4000244140625,4765
2016-07-15,569.75,582.8499755859375,558.0,575.1500244140625,15174
2016-07-18,575.0999755859375,583.9000244140625,563.0499877929688,576.5499877929688,11181
2016-07-19,587.0,589.5,566.0,587.25,10866
2016-07-20,590.0,598.0,585.4000244140625,590.0999755859375,9141
2016-07-21,592.0,598.0,585.2000122070312,590.2999877929688,6127
2016-07-22,588.0,591.9000244140625,580.0999755859375,590.0,4736
2016-07-25,595.0,598.0,585.2000122070312,590.0499877929688,7537
2016-07-26,585.0,597.0,580.0,593.2000122070312,4446
2016-07-27,593.0,614.9000244140625,590.0999755859375,606.3499755859375,12679
2016-07-28,615.0,615.0,587.1500244140625,600.7000122070312,13973
2016-07-29,607.5,610.0999755859375,600.1500244140625,604.0999755859375,8058
2016-08-01,598.0,614.9000244140625,597.0,608.7999877929688,7719
2016-08-02,611.5,625.0,604.7000122070312,615.6500244140625,14036
2016-08-03,624.3499755859375,625.0,611.6500244140625,619.0999755859375,13522
2016-08-04,641.0,686.9500122070312,632.25,675.9000244140625,188696
2016-08-05,675.5,709.0,663.5499877929688,698.75,100383
2016-08-08,705.0,729.0,685.0,686.5,19683
2016-08-09,693.0,716.0,680.0,709.5499877929688,68918
2016-08-10,708.9500122070312,724.9500122070312,695.0,716.9500122070312,23536
2016-08-11,723.0,723.0,685.5999755859375,695.5499877929688,12439
2016-08-12,696.0,696.0499877929688,671.5,678.9500122070312,7889
2016-08-16,680.0499877929688,680.0499877929688,658.0499877929688,662.2000122070312,8607
2016-08-17,676.0499877929688,688.0,648.0,679.7999877929688,10998
2016-08-18,694.0,697.0,672.5,683.0499877929688,4103
2016-08-19,690.0,690.0,676.0,685.7000122070312,4556
2016-08-22,688.0,705.25,685.0,690.9000244140625,12173
2016-08-23,686.0999755859375,703.0,666.0,678.7999877929688,7018
2016-08-24,680.25,681.5999755859375,672.0,678.5999755859375,9585
2016-08-25,683.9500122070312,696.0,677.0499877929688,692.2000122070312,10334
2016-08-26,692.0,722.0,683.2999877929688,714.6500244140625,25954
2016-08-29,719.0,735.7000122070312,710.0499877929688,733.1500244140625,24702
2016-08-30,739.9500122070312,743.0,715.0499877929688,729.5499877929688,13937
2016-08-31,729.0,734.7999877929688,709.5,716.2999877929688,23105
2016-09-01,719.9500122070312,733.0,708.0,720.1500244140625,26176
2016-09-02,720.0,738.9500122070312,708.0,730.3499755859375,79609
2016-09-06,730.5,750.0,721.0,745.3499755859375,26027
2016-09-07,741.3499755859375,756.0,733.25,751.9500122070312,11452
2016-09-08,754.9500122070312,759.9000244140625,741.0999755859375,747.0999755859375,3661
2016-09-09,746.5,749.0,731.6500244140625,736.9500122070312,3487
2016-09-12,729.5499877929688,735.0,706.1500244140625,711.3499755859375,3867
2016-09-14,711.0,720.0,700.0,715.6500244140625,5970
2016-09-15,715.0,725.0,701.0,721.3499755859375,4049
2016-09-16,730.0,734.0,714.0,716.7999877929688,9342
2016-09-19,723.0,723.0,698.0999755859375,705.0499877929688,6237
2016-09-20,705.0,742.0999755859375,695.0,728.1500244140625,23152
2016-09-21,724.9500122070312,744.5,711.0499877929688,728.4500122070312,15876
2016-09-22,730.0,743.5,728.0,731.2000122070312,6434
2016-09-23,731.0,745.0,725.0,740.25,10942
2016-09-26,740.0,743.7999877929688,720.9500122070312,734.3499755859375,10293
2016-09-27,745.0,753.0,734.0,750.5999755859375,12207
2016-09-28,755.0,768.9500122070312,745.0499877929688,766.0499877929688,17765
2016-09-29,772.0499877929688,772.0999755859375,704.0,717.5,19256
2016-09-30,745.0,745.0,707.0,736.3499755859375,10720
2016-10-03,736.0999755859375,777.6500244140625,736.0999755859375,770.0999755859375,16485
2016-10-04,760.0,777.0499877929688,760.0,767.2999877929688,8182
2016-10-05,768.0,776.5,761.1500244140625,770.6500244140625,9285
2016-10-06,774.9500122070312,778.0,760.5,771.0499877929688,3000
2016-10-07,779.5,779.5,744.0499877929688,758.2999877929688,4481
2016-10-10,775.9000244140625,775.9000244140625,741.0999755859375,770.0,85597
2016-10-13,769.9500122070312,772.0,740.0499877929688,757.4500122070312,64127
2016-10-14,764.2999877929688,774.0,757.0,764.25,2263
2016-10-17,773.9000244140625,774.0,751.0999755859375,756.5499877929688,9524
2016-10-18,758.0,769.0,750.1500244140625,754.2999877929688,6623
2016-10-19,755.0,757.9500122070312,734.0499877929688,740.1500244140625,3746
2016-10-20,749.75,752.9500122070312,736.0,743.2000122070312,11624
2016-10-21,747.0,891.7999877929688,744.9000244140625,751.0,60438
2016-10-24,758.0,767.5,738.0,740.8499755859375,7947
2016-10-25,752.0999755859375,755.0,732.0,743.2000122070312,5216
2016-10-26,743.0,746.5499877929688,730.5499877929688,733.4000244140625,10851
2016-10-27,733.0499877929688,740.0,725.0,734.3499755859375,4381
2016-10-28,725.5999755859375,770.0,725.5999755859375,758.3499755859375,12952
2016-11-01,769.0,769.9000244140625,751.0,758.2000122070312,4691
2016-11-02,752.0,752.0,730.0,736.2000122070312,4714
2016-11-03,736.25,748.0,721.0499877929688,731.0999755859375,26964
2016-11-04,733.3499755859375,739.5,715.0,733.9500122070312,36471
2016-11-07,739.2000122070312,754.9000244140625,719.7000122070312,749.4000244140625,3967
2016-11-08,740.0,755.0999755859375,718.25,751.0499877929688,8038
2016-11-09,715.0,760.0,660.5999755859375,747.0499877929688,8520
2016-11-10,760.0,760.0,732.0,734.5,6302
2016-11-11,732.0,732.0,685.0,707.5,11131
2016-11-15,714.0,714.9000244140625,639.7000122070312,671.4500122070312,7691
2016-11-16,695.0,695.0,652.0999755859375,681.2999877929688,3313
2016-11-17,700.0,700.0,671.5,691.4500122070312,5473
2016-11-18,691.0,721.2999877929688,687.0999755859375,698.4500122070312,6928
2016-11-21,690.25,700.8499755859375,672.2000122070312,677.0499877929688,16194
2016-11-22,695.0,700.0,668.0,678.9500122070312,24151
2016-11-23,670.0,684.0999755859375,651.7999877929688,665.6500244140625,12854
2016-11-24,655.0,670.0,650.0999755859375,663.5499877929688,13621
2016-11-25,665.0,684.7000122070312,648.25,657.3499755859375,8233
2016-11-28,659.0,699.0,657.0,697.0999755859375,11211
2016-11-29,695.0,699.7000122070312,685.0,688.0,4555
2016-11-30,692.9000244140625,704.7999877929688,690.0,692.75,7673
2016-12-01,692.25,759.9000244140625,692.25,723.4500122070312,9759
2016-12-02,719.5,730.0,707.4500122070312,713.9000244140625,1713
2016-12-05,715.2999877929688,741.0,696.0499877929688,732.7000122070312,5980
2016-12-06,722.0,729.4500122070312,711.0,712.9000244140625,1795
2016-12-07,720.0,720.5,704.0,706.9000244140625,5463
2016-12-08,705.5,715.0,705.5,708.75,898
2016-12-09,716.0999755859375,719.4000244140625,693.5,698.5,66024
2016-12-12,700.0,708.9000244140625,681.0499877929688,687.7000122070312,3363
2016-12-13,683.0499877929688,696.5,665.1500244140625,668.9500122070312,8528
2016-12-14,667.0499877929688,679.0,651.0499877929688,658.0499877929688,2310
2016-12-15,665.0,677.0,658.5,674.4500122070312,9662
2016-12-16,670.0499877929688,697.0,670.0499877929688,680.5999755859375,2270
2016-12-19,683.0,686.75,660.0,661.5999755859375,2661
2016-12-20,662.0,676.0,657.0999755859375,659.6500244140625,1794
2016-12-21,669.0,669.0,650.0,657.2000122070312,172515
2016-12-22,655.0,665.0,633.2000122070312,637.5499877929688,8949
2016-12-23,640.0,640.9500122070312,627.5499877929688,635.5499877929688,2488
2016-12-26,631.0,634.7000122070312,580.0499877929688,593.0,12245
2016-12-27,604.5,604.5,586.0,600.0,99599
2016-12-28,619.6500244140625,630.0,595.0999755859375,626.8499755859375,11159
2016-12-29,620.5999755859375,650.0,610.3499755859375,640.0499877929688,7582
2016-12-30,640.0,655.0,631.5499877929688,648.7000122070312,3893
2017-01-02,630.0,669.9500122070312,630.0,664.7999877929688,3174
2017-01-03,654.0,690.0,650.0999755859375,687.7000122070312,33870
2017-01-04,686.0,695.0,670.0,675.6500244140625,2667
2017-01-05,688.9500122070312,689.9500122070312,665.0,666.7000122070312,3757
2017-01-06,661.0,682.0,661.0,665.7000122070312,10088
2017-01-09,678.0,678.0,656.2000122070312,658.9500122070312,5167
2017-01-10,664.9500122070312,664.9500122070312,644.0,646.4500122070312,6483
2017-01-11,658.0,658.0,641.5999755859375,644.75,17888
2017-01-12,648.5,648.9500122070312,631.0999755859375,633.7999877929688,15115
2017-01-13,640.0,643.9000244140625,627.5,629.8499755859375,7576
2017-01-16,638.5,669.7999877929688,632.3499755859375,667.25,29273
2017-01-17,667.25,675.0,664.5499877929688,666.5499877929688,7915
2017-01-18,669.9500122070312,680.0,665.0,670.1500244140625,4000
2017-01-19,671.0,689.0,662.0,680.9500122070312,13597
2017-01-20,675.2999877929688,677.0,666.0,667.4500122070312,2703
2017-01-23,685.0,685.0,646.5999755859375,649.7000122070312,6294
2017-01-24,662.7999877929688,668.5999755859375,645.0499877929688,659.4500122070312,3577
2017-01-25,654.3499755859375,660.0,652.0,658.8499755859375,2923
2017-01-27,664.25,672.2999877929688,644.0,668.0999755859375,16838
2017-01-30,668.0999755859375,674.9000244140625,655.0,663.3499755859375,45703
2017-01-31,673.0,673.0,645.0,650.0,6690
2017-02-01,647.2999877929688,665.0,647.2999877929688,661.6500244140625,3829
2017-02-02,665.0,680.0,648.1500244140625,672.75,26581
2017-02-03,680.0,695.0499877929688,661.4500122070312,678.5,63382
2017-02-06,680.0999755859375,682.7999877929688,661.0,678.8499755859375,14092
2017-02-07,680.0,703.9000244140625,651.7000122070312,699.4500122070312,20347
2017-02-08,700.0,709.0,683.0,692.4000244140625,21114
2017-02-09,688.0499877929688,705.0,686.0,700.0499877929688,10092
2017-02-10,691.0499877929688,708.0,691.0499877929688,692.5,4035
2017-02-13,695.0,705.0,690.0,703.2000122070312,14798
2017-02-14,705.0,718.0,685.5,709.9500122070312,72143
2017-02-15,697.0,710.0,691.5,701.4000244140625,17961
2017-02-16,700.0,706.9000244140625,690.0,699.0,129622
2017-02-17,700.0,707.0,688.25,701.6500244140625,36122
2017-02-20,705.0,722.0,696.7000122070312,715.9500122070312,12742
2017-02-21,720.0,720.0,700.2000122070312,703.5499877929688,3092
2017-02-22,700.0,744.0,700.0,716.75,18061
2017-02-23,717.9500122070312,745.0,705.0,739.5,20056
2017-02-27,735.0,744.9500122070312,709.9000244140625,718.5,33887
2017-02-28,721.1500244140625,730.0,716.2000122070312,727.25,2695
2017-03-01,727.5499877929688,735.0,718.0,721.0,3910
2017-03-02,721.0,725.7999877929688,677.0999755859375,681.5999755859375,12547
2017-03-03,688.0,715.5999755859375,682.25,705.25,19630
2017-03-06,698.0,698.0,680.0,682.5,13891
2017-03-07,685.0499877929688,693.9500122070312,680.2000122070312,689.7999877929688,12253
2017-03-08,699.0,699.0,680.0999755859375,686.1500244140625,9382
2017-03-09,687.3499755859375,691.0,675.0,687.75,9981
2017-03-10,680.0,694.1500244140625,680.0,684.7999877929688,15715
2017-03-14,714.4000244140625,714.4000244140625,687.0,700.0,12634
2017-03-15,696.0499877929688,705.0,693.0,701.75,17537
2017-03-16,702.5,724.7999877929688,697.0,722.25,21279
2017-03-17,716.0,718.0,695.7000122070312,715.2000122070312,8262
2017-03-20,705.5,724.9000244140625,705.5,722.7999877929688,18352
2017-03-21,727.0,737.9500122070312,706.0,713.1500244140625,16533
2017-03-22,717.9000244140625,717.9000244140625,683.6500244140625,693.0499877929688,181721
2017-03-23,699.9000244140625,699.9000244140625,684.0,685.5,44799
2017-03-24,687.5,707.9000244140625,686.0,700.9500122070312,182177
2017-03-27,706.0,715.5,698.0499877929688,712.7999877929688,16303
2017-03-28,713.4500122070312,726.0,702.25,717.2999877929688,20034
2017-03-29,717.0,731.0,710.25,727.0999755859375,25629
2017-03-30,727.0999755859375,749.4000244140625,701.0,708.75,39524
2017-03-31,717.0,723.9000244140625,700.2999877929688,704.5499877929688,57029
2017-04-03,705.0,737.0,705.0,728.7000122070312,32016
2017-04-05,720.0,736.2000122070312,718.0,722.2000122070312,44154
2017-04-06,720.0,727.9000244140625,719.9500122070312,725.1500244140625,7308
2017-04-07,720.0,736.9500122070312,714.5,717.5,17180
2017-04-10,720.0999755859375,724.0,712.0,716.5499877929688,11475
2017-04-11,719.0,737.1500244140625,715.0,729.1500244140625,13720
2017-04-12,737.9000244140625,737.9000244140625,719.0999755859375,728.5,7742
2017-04-13,728.5999755859375,741.25,728.5,738.5499877929688,18155
2017-04-17,738.5499877929688,744.9000244140625,731.0,741.4500122070312,8592
2017-04-18,741.0,749.5,737.4000244140625,744.4000244140625,44074
2017-04-19,733.5,764.9000244140625,731.0,752.6500244140625,18562
2017-04-20,750.0,759.6500244140625,737.0,754.5499877929688,7468
2017-04-21,743.4000244140625,762.5,743.0,757.9000244140625,25479
2017-04-24,762.5,762.5,751.0499877929688,758.8499755859375,7637
2017-04-25,761.0,763.0,753.0499877929688,756.0499877929688,7344
2017-04-26,751.0999755859375,766.0,751.0,762.4000244140625,13188
2017-04-27,762.4000244140625,769.9000244140625,752.5,757.7999877929688,9003
2017-04-28,753.5,765.0,751.0,763.5499877929688,12091
2017-05-02,765.0,772.0,756.0,768.1500244140625,13470
2017-05-03,765.0,768.7000122070312,753.25,760.2000122070312,14466
2017-05-04,756.0,777.0,753.0,763.4000244140625,15373
2017-05-05,774.0,775.0,760.0,768.4000244140625,12813
2017-05-08,768.0,777.5,761.9500122070312,771.2999877929688,10190
2017-05-09,769.5,779.5,769.0,775.0999755859375,11108
2017-05-10,777.7000122070312,777.75,767.0,772.6500244140625,54865
2017-05-11,771.0,778.0,770.0,774.9000244140625,11797
2017-05-12,771.5,784.9000244140625,765.0,776.5999755859375,10809
2017-05-15,784.9500122070312,793.9500122070312,773.4500122070312,780.5999755859375,12055
2017-05-16,780.0499877929688,780.0499877929688,755.0,769.8499755859375,18115
2017-05-17,774.9500122070312,784.0,766.0999755859375,780.1500244140625,7241
2017-05-18,765.5,786.0,765.5,779.0,10223
2017-05-19,779.1500244140625,800.0,756.5,761.25,37537
2017-05-22,765.0,808.0,764.9500122070312,790.4500122070312,109031
2017-05-23,797.9000244140625,797.9000244140625,754.25,777.5499877929688,11654
2017-05-24,770.0,786.9000244140625,770.0,779.8499755859375,5864
2017-05-25,778.0499877929688,790.0,777.9500122070312,786.0499877929688,33816
2017-05-26,790.0,794.9000244140625,776.0999755859375,781.0999755859375,5518
2017-05-29,782.0,788.8499755859375,771.0,777.25,3484
2017-05-30,794.5,794.5,765.0499877929688,771.0999755859375,30464
2017-05-31,768.0,797.3499755859375,762.0,786.2999877929688,10334
2017-06-01,786.0999755859375,791.9000244140625,768.5,773.8499755859375,4715
2017-06-02,789.9000244140625,791.9500122070312,765.0,774.4500122070312,8709
2017-06-05,774.5,801.0,770.2999877929688,793.0999755859375,9006
2017-06-06,792.0,795.0499877929688,768.7000122070312,774.1500244140625,11189
2017-06-07,775.0,802.0,771.2999877929688,798.8499755859375,12402
2017-06-08,798.0,833.0999755859375,791.0,820.5999755859375,12549
2017-06-09,815.0,828.5499877929688,791.2999877929688,808.25,47365
2017-06-12,816.7000122070312,830.7999877929688,805.0,808.7000122070312,35692
2017-06-13,810.0999755859375,814.9500122070312,770.0999755859375,774.2000122070312,39350
2017-06-14,775.0,780.4000244140625,755.0,759.9000244140625,14232
2017-06-15,760.0999755859375,779.7999877929688,760.0,763.0999755859375,40289
2017-06-16,763.0,768.0,756.5999755859375,758.7000122070312,7745
2017-06-19,765.9000244140625,801.8499755859375,765.9000244140625,789.7000122070312,38483
2017-06-20,800.0,883.5999755859375,800.0,834.3499755859375,92940
2017-06-21,840.0,857.0,826.25,837.7000122070312,52555
2017-06-22,844.0,853.9500122070312,800.0999755859375,810.2000122070312,31091
2017-06-23,813.6500244140625,814.9000244140625,798.0,808.9000244140625,26615
2017-06-27,809.0,812.9500122070312,801.0999755859375,810.3499755859375,16162
2017-06-28,804.0,812.9000244140625,800.0,811.75,5824
2017-06-29,805.1500244140625,813.9000244140625,805.1500244140625,812.4000244140625,5403
2017-06-30,813.9000244140625,819.5499877929688,804.0,811.5499877929688,5762
2017-07-03,820.0,833.9500122070312,800.0999755859375,819.2999877929688,6048
2017-07-04,810.0,828.0,810.0,820.9500122070312,26713
2017-07-05,815.0,820.0499877929688,809.0999755859375,811.9500122070312,16234
2017-07-06,805.0499877929688,820.0,803.2999877929688,808.8499755859375,13468
2017-07-07,820.0,820.0,805.5,814.7999877929688,4075
2017-07-10,811.0,859.5,811.0,818.4500122070312,1539
2017-07-11,813.0999755859375,820.9000244140625,805.0499877929688,808.9000244140625,12156
2017-07-12,807.2000122070312,815.0,794.2999877929688,802.8499755859375,12732
2017-07-13,818.0,818.0,803.0,808.9000244140625,63416
2017-07-14,804.0999755859375,813.7000122070312,792.4000244140625,795.0999755859375,5902
2017-07-17,796.0,800.0,780.0999755859375,783.2999877929688,6858
2017-07-18,782.0,787.4500122070312,774.0,780.6500244140625,7297
2017-07-19,777.0,814.5,771.2000122070312,805.3499755859375,7242
2017-07-20,813.9000244140625,825.7999877929688,801.0,819.25,171571
2017-07-21,821.5,831.9500122070312,812.2000122070312,826.2000122070312,11510
2017-07-24,825.0,857.9000244140625,824.9000244140625,839.3499755859375,17470
2017-07-25,830.0499877929688,876.7000122070312,818.5999755859375,865.0,28826
2017-07-26,865.0,889.0,842.5999755859375,850.5,91673
2017-07-27,850.5499877929688,857.4500122070312,821.0999755859375,830.1500244140625,10000
2017-07-28,806.0,848.5,806.0,824.0,14566
2017-07-31,830.0,830.0,807.5,818.0,11153
2017-08-01,808.25,824.9500122070312,808.25,811.3499755859375,5877
2017-08-02,803.4500122070312,819.5,803.0,808.75,26059
2017-08-03,816.9500122070312,819.9500122070312,801.5999755859375,805.3499755859375,62090
2017-08-04,814.5,830.0,795.9500122070312,807.0,332229
2017-08-07,816.0,835.0,805.0999755859375,810.5499877929688,10946
2017-08-08,817.0,820.9000244140625,799.0499877929688,804.4000244140625,11546
2017-08-09,804.4000244140625,814.0499877929688,800.0,803.75,7080
2017-08-10,804.0,818.0,792.2999877929688,802.5499877929688,394361
2017-08-11,790.0,816.0,783.0499877929688,810.75,15712
2017-08-14,813.75,823.0,806.75,819.0999755859375,12680
2017-08-16,821.0,844.9000244140625,815.2999877929688,834.0999755859375,10055
2017-08-17,834.0999755859375,841.5499877929688,810.0,816.3499755859375,9232
2017-08-18,813.0999755859375,823.4500122070312,806.0999755859375,814.4500122070312,15695
2017-08-21,825.0,825.0,810.1500244140625,816.0,2261
2017-08-22,839.9000244140625,839.9000244140625,799.0,803.9000244140625,7257
2017-08-23,804.0,813.0,795.0999755859375,801.7000122070312,3753
2017-08-24,824.5,824.5,792.7999877929688,799.4500122070312,24178
2017-08-28,817.9500122070312,817.9500122070312,781.5999755859375,792.5999755859375,3829
2017-08-29,790.0,803.2000122070312,790.0,796.7000122070312,2250
2017-08-30,810.0,810.0,795.0,800.7999877929688,6223
2017-08-31,801.5,801.5,774.0,787.25,14492
2017-09-01,792.7000122070312,794.9500122070312,782.9000244140625,790.4500122070312,6585
2017-09-04,776.0,799.9500122070312,776.0,784.5999755859375,7075
2017-09-05,789.8499755859375,789.9000244140625,768.9500122070312,776.2999877929688,21151
2017-09-06,776.0,784.0999755859375,770.5999755859375,780.2000122070312,4181
2017-09-07,780.2000122070312,790.5,775.0,778.8499755859375,35602
2017-09-08,777.0,845.0,777.0,815.25,123846
2017-09-11,827.7000122070312,830.0,809.5,812.0999755859375,25781
2017-09-12,812.0,813.0,788.0,795.25,214567
2017-09-13,809.9000244140625,809.9000244140625,779.0999755859375,790.75,22582
2017-09-14,800.0,800.0,783.7999877929688,786.9000244140625,173216
2017-09-15,786.9000244140625,858.0,776.0,843.5999755859375,59758
2017-09-18,827.0,854.7999877929688,817.3499755859375,827.7999877929688,30891
2017-09-19,828.0,829.2000122070312,805.0,811.2000122070312,30910
2017-09-20,804.0499877929688,818.9500122070312,800.0,802.6500244140625,7670
2017-09-21,812.7000122070312,828.9500122070312,803.0,806.5499877929688,21465
2017-09-22,805.5,808.2000122070312,788.0,803.0999755859375,26549
2017-09-25,810.0,810.0,779.9500122070312,782.5499877929688,16116
2017-09-26,776.0,786.5,766.0,780.6500244140625,26787
2017-09-27,785.0,799.0,744.0,759.25,10127
2017-09-28,776.0,792.0,760.0,772.7000122070312,10846
2017-09-29,788.0,833.7999877929688,762.25,782.9000244140625,64439
2017-10-03,780.0,784.7000122070312,771.0,775.5499877929688,17537
2017-10-04,786.0,786.5,770.2000122070312,775.3499755859375,6930
2017-10-05,774.0,784.0,772.0,774.4500122070312,31910
2017-10-06,779.9500122070312,783.7000122070312,765.0,768.4000244140625,9738
2017-10-09,762.5,776.0,760.0,764.7999877929688,7327
2017-10-10,766.2999877929688,771.6500244140625,755.0499877929688,759.8499755859375,20432
2017-10-11,766.0,809.9000244140625,762.8499755859375,775.1500244140625,48811
2017-10-12,782.7000122070312,782.7000122070312,771.0,778.6500244140625,14011
2017-10-13,766.0,792.9000244140625,766.0,786.5,13168
2017-10-16,778.0,791.5999755859375,766.0,770.5999755859375,15092
2017-10-17,775.0499877929688,778.0499877929688,752.5,759.2999877929688,10745
2017-10-18,772.0,775.0,750.0,763.5499877929688,16901
2017-10-19,763.5499877929688,773.9000244140625,760.5,772.0,3257
2017-10-23,779.9000244140625,794.0,779.9000244140625,783.6500244140625,42557
2017-10-24,783.6500244140625,794.9000244140625,769.2000122070312,778.4000244140625,19629
2017-10-25,783.0,784.9500122070312,774.0499877929688,778.9500122070312,59521
2017-10-26,782.0,788.7999877929688,777.0499877929688,780.0499877929688,13691
2017-10-27,781.0,790.0,776.0,782.2999877929688,39688
2017-10-30,780.5,790.0,773.5999755859375,779.8499755859375,6616
2017-10-31,777.0,793.0,762.2999877929688,774.0,30133
2017-11-01,777.0999755859375,802.0,777.0999755859375,795.25,17479
2017-11-02,796.0,800.0,790.0999755859375,795.5999755859375,12250
2017-11-03,795.5999755859375,804.5,789.9500122070312,795.7999877929688,15368
2017-11-06,797.0,832.0,796.75,826.5999755859375,36945
2017-11-07,850.0,868.1500244140625,812.0,825.1500244140625,81350
2017-11-08,825.2000122070312,874.7999877929688,815.6500244140625,865.9500122070312,52522
2017-11-09,870.0,904.0,865.0,873.5999755859375,44948
2017-11-10,884.0,885.0,859.25,879.6500244140625,14459
2017-11-13,872.0,899.9500122070312,872.0,880.25,11080
2017-11-14,875.4000244140625,1012.0,875.0,982.6500244140625,192418
2017-11-15,980.0,998.0,960.0499877929688,970.4000244140625,38957
2017-11-16,979.7999877929688,995.8499755859375,940.5,956.5499877929688,34544
2017-11-17,956.5499877929688,980.0,935.4000244140625,950.6500244140625,15267
2017-11-20,950.2000122070312,965.0,946.4500122070312,958.9000244140625,9386
2017-11-21,970.0,984.0,965.7999877929688,982.25,14103
2017-11-22,989.9500122070312,995.9500122070312,968.0,978.4500122070312,11651
2017-11-23,974.0,982.3499755859375,964.0999755859375,974.5999755859375,7663
2017-11-24,971.5999755859375,984.0,954.8499755859375,975.8499755859375,9840
2017-11-27,990.0,995.0,976.0999755859375,990.3499755859375,12418
2017-11-28,972.75,989.7999877929688,965.0,975.0999755859375,11820
2017-11-29,979.0,980.7000122070312,955.5499877929688,974.5999755859375,7523
2017-11-30,974.5999755859375,1040.0,965.0,1023.4500122070312,131368
2017-12-01,1059.800048828125,1100.0,1020.0,1025.0999755859375,34805
2017-12-04,1047.5,1048.0,1020.0,1025.6500244140625,9766
2017-12-05,1044.0,1044.0,993.3499755859375,1007.6500244140625,5794
2017-12-06,1008.0,1020.0,968.0,991.5,13931
2017-12-07,971.7000122070312,988.75,971.7000122070312,978.0,64266
2017-12-08,980.0,999.9000244140625,971.0499877929688,977.25,25375
2017-12-11,964.0,987.0,952.0999755859375,970.0499877929688,20374
2017-12-12,990.0,990.0,952.0499877929688,968.0,10003
2017-12-13,968.0,985.5499877929688,968.0,980.0,20869
2017-12-14,981.0499877929688,981.0499877929688,964.9500122070312,978.5,31881
2017-12-15,1010.0,1010.0,985.0,989.0,16626
2017-12-18,1000.0,1000.0,962.4500122070312,985.75,8263
2017-12-19,985.7999877929688,990.0,965.0,979.75,14433
2017-12-20,976.0499877929688,985.0,970.0,977.6500244140625,62433
2017-12-21,986.0,992.2000122070312,970.0499877929688,988.9500122070312,47653
2017-12-22,985.0,985.0,970.5499877929688,978.25,21431
2017-12-26,970.9000244140625,980.0,966.1500244140625,970.7999877929688,12802
2017-12-27,984.0,984.0,960.8499755859375,975.4500122070312,12130
2017-12-28,976.8499755859375,1000.0,962.5,984.6500244140625,22500
2017-12-29,991.0,999.6500244140625,974.2000122070312,987.4000244140625,24747
2018-01-01,987.0,997.0,975.0499877929688,982.5499877929688,2055
2018-01-02,977.9500122070312,1019.0,960.0,1003.0499877929688,17989
2018-01-03,999.5,1004.9000244140625,985.5999755859375,997.0999755859375,66352
2018-01-04,999.9000244140625,1005.9000244140625,990.0,999.3499755859375,75887
2018-01-05,991.0,994.9500122070312,971.0,973.25,15748
2018-01-08,973.25,989.0,965.0,986.2000122070312,17107
2018-01-09,975.25,1015.0999755859375,975.25,1000.0,51633
2018-01-10,987.0,999.9000244140625,970.2999877929688,980.3499755859375,19083
2018-01-11,972.0,992.0,970.0,973.2000122070312,13741
2018-01-12,983.8499755859375,983.8499755859375,915.2999877929688,931.0499877929688,44078
2018-01-15,933.0,948.7000122070312,915.0,929.5499877929688,127284
2018-01-16,947.9500122070312,947.9500122070312,878.1500244140625,894.5499877929688,19264
2018-01-17,888.0,899.0,861.25,882.3499755859375,13853
2018-01-18,899.7000122070312,1014.0,881.25,916.4000244140625,79959
2018-01-19,920.0,939.9500122070312,896.9000244140625,923.25,15746
2018-01-22,932.7999877929688,932.7999877929688,896.0,899.1500244140625,8323
2018-01-23,908.0,914.0,885.1500244140625,893.25,9719
2018-01-24,909.0,909.0,876.0,895.2000122070312,8285
2018-01-25,899.9000244140625,907.9500122070312,883.0,900.7000122070312,9029
2018-01-29,900.0,908.75,893.0,902.5499877929688,10562
2018-01-30,900.0499877929688,913.0,888.7999877929688,907.8499755859375,32377
2018-01-31,892.0499877929688,917.9000244140625,892.0499877929688,900.5999755859375,13025
2018-02-01,891.0,909.9000244140625,891.0,904.0999755859375,8452
2018-02-02,904.0999755859375,911.0,851.0,875.9500122070312,20809
2018-02-05,858.4500122070312,912.0,830.2999877929688,895.75,11920
2018-02-06,870.0,909.9000244140625,855.0,896.1500244140625,15010
2018-02-07,910.0,941.5499877929688,906.0,928.4500122070312,13059
2018-02-08,928.0,1030.0,926.4500122070312,1012.7000122070312,58041
2018-02-09,951.0,1082.0,951.0,1075.050048828125,58884
2018-02-12,1075.050048828125,1100.0,1034.25,1039.6500244140625,18920
2018-02-14,1045.5999755859375,1080.0,1035.0,1052.5,37127
2018-02-15,1053.0,1056.0,983.2000122070312,985.5499877929688,28898
2018-02-16,997.6500244140625,997.6500244140625,960.0499877929688,987.25,29020
2018-02-19,990.0,992.0,968.7999877929688,979.25,11827
2018-02-20,966.0,1037.0,964.8499755859375,1010.1500244140625,24280
2018-02-21,1020.0,1039.0,989.9500122070312,1000.2999877929688,12308
2018-02-22,996.2000122070312,1000.0,981.1500244140625,985.0,7337
2018-02-23,999.7999877929688,999.7999877929688,982.0,985.5,2147
2018-02-26,985.5,1018.0,980.0499877929688,999.25,26697
2018-02-27,990.2999877929688,1015.0,990.0,994.8499755859375,27232
2018-02-28,980.0999755859375,1005.5,954.0,997.2000122070312,34485
2018-03-01,997.25,999.9500122070312,976.0,980.4500122070312,7943
2018-03-05,988.0,988.0,976.8499755859375,981.0999755859375,5278
2018-03-06,984.8499755859375,989.7000122070312,972.0,978.0999755859375,12136
2018-03-07,980.0,983.0,975.0,978.25,19910
2018-03-08,975.9500122070312,978.9500122070312,927.0499877929688,942.4500122070312,8140
2018-03-09,942.0,974.9500122070312,933.0,963.9000244140625,6326
2018-03-12,987.9500122070312,997.0,920.5,924.3499755859375,11735
2018-03-13,921.3499755859375,951.5999755859375,921.3499755859375,946.3499755859375,22765
2018-03-14,957.9000244140625,957.9000244140625,932.0499877929688,949.2000122070312,3463
2018-03-15,952.8499755859375,965.0,943.0499877929688,945.0,61334
2018-03-16,958.7999877929688,962.3499755859375,938.4500122070312,944.9500122070312,188581
2018-03-19,940.0,940.0,909.0,920.0,13477
2018-03-20,934.9000244140625,940.0,918.0,929.8499755859375,13869
2018-03-21,929.5,935.0999755859375,920.0,924.5499877929688,30055
2018-03-22,948.0,948.0,910.0,920.0,12530
2018-03-23,916.7000122070312,918.0,891.2999877929688,903.1500244140625,12428
2018-03-26,891.0499877929688,920.0,873.0,914.25,177971
2018-03-27,905.1500244140625,915.2000122070312,890.0,914.75,16185
2018-03-28,909.0,915.1500244140625,899.8499755859375,914.25,12907
2018-04-02,916.0,919.1500244140625,876.0,881.25,24623
2018-04-03,893.75,914.9500122070312,876.0499877929688,907.0999755859375,11496
2018-04-04,907.0999755859375,929.5,907.0999755859375,914.4500122070312,12212
2018-04-05,921.0,933.0,901.0999755859375,908.2999877929688,20722
2018-04-06,916.7999877929688,916.8499755859375,905.0,910.0499877929688,4734
2018-04-09,924.8499755859375,924.9000244140625,902.1500244140625,915.3499755859375,66339
2018-04-10,934.0,939.0,912.0,916.7000122070312,52556
2018-04-11,937.6500244140625,937.7999877929688,905.0,913.3499755859375,17687
2018-04-12,920.0,929.0,904.2999877929688,914.0499877929688,21336
2018-04-13,915.0,915.0,892.5999755859375,905.7999877929688,9922
2018-04-16,901.9000244140625,917.0,901.0,914.7000122070312,15339
2018-04-17,925.0,925.0,895.0,898.0499877929688,68847
2018-04-18,902.9000244140625,930.0,896.0,907.5999755859375,240942
2018-04-19,917.5,917.5,882.0999755859375,886.2999877929688,22571
2018-04-20,888.8499755859375,900.0,877.0,883.8499755859375,23186
2018-04-23,880.0,897.25,866.1500244140625,892.0499877929688,38356
2018-04-24,903.0,928.1500244140625,897.0,919.2999877929688,105204
2018-04-25,918.0,944.0,902.0999755859375,906.6500244140625,101178
2018-04-26,913.9500122070312,933.0,910.0,926.2000122070312,21943
2018-04-27,930.0,939.7000122070312,926.1500244140625,933.0999755859375,9778
2018-04-30,940.7000122070312,949.0,928.0,933.9000244140625,12953
2018-05-02,945.0,950.0,890.0,894.9500122070312,62997
2018-05-03,899.7000122070312,899.7000122070312,885.0,897.9500122070312,37542
2018-05-04,900.8499755859375,919.5,875.0,902.2999877929688,43835
2018-05-07,905.0499877929688,916.25,841.0,899.1500244140625,83208
2018-05-08,895.0999755859375,924.4000244140625,886.0499877929688,907.1500244140625,22325
2018-05-09,905.0999755859375,924.7000122070312,899.9000244140625,907.3499755859375,18288
2018-05-10,907.4500122070312,912.0,885.2000122070312,899.9000244140625,11165
2018-05-11,904.0,910.0,900.0499877929688,905.6500244140625,4165
2018-05-14,909.9500122070312,910.9500122070312,870.0499877929688,890.5499877929688,12854
2018-05-15,899.0,909.0,884.1500244140625,895.5999755859375,5064
2018-05-16,902.0,915.4000244140625,890.0,910.4000244140625,8063
2018-05-17,916.0,922.5,906.4500122070312,920.7000122070312,10509
2018-05-18,921.8499755859375,929.8499755859375,912.0999755859375,920.5,16632
2018-05-21,931.0999755859375,940.0,912.0,920.1500244140625,32252
2018-05-22,920.0,921.5999755859375,914.25,920.2000122070312,25254
2018-05-23,920.0,929.7000122070312,913.5999755859375,920.25,74073
2018-05-24,925.0,925.0,918.6500244140625,920.4000244140625,14393
2018-05-25,922.75,924.0,920.0999755859375,923.5,6508
2018-05-28,923.5,934.9500122070312,901.0499877929688,906.4500122070312,48884
2018-05-29,902.0,910.0,875.0,877.9000244140625,15383
2018-05-30,879.0,900.0,864.25,886.2999877929688,6665
2018-05-31,887.0,889.25,869.25,880.4500122070312,5027
2018-06-01,877.9000244140625,878.0,856.0,864.9000244140625,13963
2018-06-04,865.1500244140625,874.0,841.0,857.2000122070312,27103
2018-06-05,840.0,861.8499755859375,809.0499877929688,820.7000122070312,11667
2018-06-06,820.7000122070312,843.9500122070312,811.5999755859375,827.0499877929688,7344
2018-06-07,827.0,848.9500122070312,821.0499877929688,838.4500122070312,8769
2018-06-08,849.9500122070312,849.9500122070312,833.0999755859375,839.6500244140625,8050
2018-06-11,845.0,849.5,835.5499877929688,846.7000122070312,5214
2018-06-12,846.7000122070312,857.7000122070312,840.0999755859375,848.0499877929688,9047
2018-06-13,850.0499877929688,863.9500122070312,849.0,860.7000122070312,6724
2018-06-14,862.75,868.0,837.0,852.2999877929688,10897
2018-06-15,850.6500244140625,872.2999877929688,847.4000244140625,868.75,34607
2018-06-18,869.0999755859375,880.9000244140625,865.0,873.9000244140625,6898
2018-06-19,861.9000244140625,885.0,850.5,855.5,6030
2018-06-20,849.0999755859375,884.9000244140625,849.0999755859375,877.5999755859375,12144
2018-06-21,877.0,877.0,840.2999877929688,844.0999755859375,11466
2018-06-22,834.4500122070312,864.9500122070312,834.4500122070312,860.9000244140625,8599
2018-06-25,876.4500122070312,876.4500122070312,845.2000122070312,866.25,6769
2018-06-26,866.25,883.0,861.9000244140625,873.0499877929688,5511
2018-06-27,871.2999877929688,871.2999877929688,823.9000244140625,849.2000122070312,16089
2018-06-28,852.9000244140625,863.7999877929688,840.0,860.2000122070312,14728
2018-06-29,861.75,864.0,848.0,852.0999755859375,5516
2018-07-02,852.0,854.9000244140625,834.0999755859375,841.4000244140625,4329
2018-07-03,841.4000244140625,846.7999877929688,828.1500244140625,845.1500244140625,8810
2018-07-04,844.1500244140625,854.8499755859375,838.0999755859375,848.2999877929688,5521
2018-07-05,835.0,856.5999755859375,835.0,853.2999877929688,4295
2018-07-06,850.2999877929688,866.0,850.2999877929688,861.4000244140625,8621
2018-07-09,887.0,887.0,861.0,868.5,7622
2018-07-10,862.1500244140625,875.4500122070312,862.1500244140625,866.5499877929688,4592
2018-07-11,852.0,879.9000244140625,852.0,875.2999877929688,8590
2018-07-12,880.0,880.0,866.0499877929688,868.7999877929688,10304
2018-07-13,855.0,877.0499877929688,851.0,857.7000122070312,35491
2018-07-16,859.0,865.0,842.1500244140625,861.2999877929688,5745
2018-07-17,860.0,872.0,851.9000244140625,859.8499755859375,6489
2018-07-18,859.9000244140625,863.9000244140625,845.0,851.0499877929688,14349
2018-07-19,836.0,860.0,812.0999755859375,840.5,63592
2018-07-20,829.8499755859375,838.4500122070312,826.0,835.0499877929688,8150
2018-07-23,850.0,866.9500122070312,843.0,862.7999877929688,6792
2018-07-24,874.0,874.0,855.3499755859375,860.4000244140625,64080
2018-07-25,860.0,867.9500122070312,835.0499877929688,839.4500122070312,6888
2018-07-26,850.0,868.0,840.0,858.7000122070312,8400
2018-07-27,856.0,919.9500122070312,856.0,907.0499877929688,23373
2018-07-30,907.0,937.4500122070312,890.0,904.5499877929688,10663
2018-07-31,902.0,904.0,878.5,888.0499877929688,5514
2018-08-01,882.0,909.5,860.0,866.2999877929688,211590
2018-08-02,870.0,907.0,856.0,864.7999877929688,8840
2018-08-03,867.0,874.2000122070312,857.9000244140625,866.0499877929688,2814
2018-08-06,889.7000122070312,892.0,875.25,884.8499755859375,11725
2018-08-07,904.0,912.0,867.0,874.75,12394
2018-08-08,870.0,895.0499877929688,868.0,874.2999877929688,9770
2018-08-09,881.5,890.0499877929688,870.0,886.2999877929688,9622
2018-08-10,870.0,886.1500244140625,868.7999877929688,874.8499755859375,9909
2018-08-13,870.0,885.0,862.0999755859375,865.2999877929688,7048
2018-08-14,866.0499877929688,871.0,846.9500122070312,854.6500244140625,12317
2018-08-16,854.7000122070312,874.9500122070312,837.0,841.0499877929688,5968
2018-08-17,864.9000244140625,864.9000244140625,818.7000122070312,821.6500244140625,12113
2018-08-20,834.0,854.7999877929688,828.0499877929688,849.7000122070312,10583
2018-08-21,845.5,870.0,845.5,864.8499755859375,7975
2018-08-23,864.4000244140625,895.0,845.0,851.7999877929688,18410
2018-08-24,840.0999755859375,849.75,821.1500244140625,826.7999877929688,9306
2018-08-27,847.0,847.0,807.0999755859375,817.0,115767
2018-08-28,818.7000122070312,827.9000244140625,800.0,802.25,10854
2018-08-29,802.5,828.7999877929688,802.5,820.2999877929688,12716
2018-08-30,820.0,824.9500122070312,808.3499755859375,811.25,8511
2018-08-31,815.0,828.4000244140625,789.0,819.75,15403
2018-09-03,820.0,827.0,815.4000244140625,823.7999877929688,10094
2018-09-04,827.4500122070312,834.5,800.4000244140625,824.75,29351
2018-09-05,818.5,833.0,815.0,828.2000122070312,4995
2018-09-06,828.25,836.0999755859375,813.75,829.1500244140625,9187
2018-09-07,823.4500122070312,827.0,809.0,813.0,4352
2018-09-10,812.5999755859375,818.8499755859375,795.0,797.9000244140625,15971
2018-09-11,804.0,825.0,800.0,808.3499755859375,8218
2018-09-12,805.0,814.8499755859375,785.4000244140625,801.0,20367
2018-09-14,791.0999755859375,800.7999877929688,786.0999755859375,794.25,12590
2018-09-17,801.5,801.5,756.25,769.25,12029
2018-09-18,770.0499877929688,784.75,753.0,757.4000244140625,14265
2018-09-19,751.5999755859375,775.0,751.5999755859375,768.7999877929688,23071
2018-09-21,769.9500122070312,778.9500122070312,748.0499877929688,756.6500244140625,58415
2018-09-24,756.6500244140625,793.7999877929688,756.6500244140625,771.4000244140625,12889
2018-09-25,779.7999877929688,779.7999877929688,745.0499877929688,755.1500244140625,85308
2018-09-26,756.0499877929688,769.4500122070312,753.9000244140625,755.3499755859375,31713
2018-09-27,758.0499877929688,774.9000244140625,730.1500244140625,734.9500122070312,51717
2018-09-28,724.9500122070312,754.4000244140625,724.9500122070312,735.6500244140625,40011
2018-10-01,739.0499877929688,748.4000244140625,720.0499877929688,740.0499877929688,137747
2018-10-03,758.9500122070312,758.9500122070312,741.0999755859375,741.1500244140625,10165
2018-10-04,740.0,754.6500244140625,736.1500244140625,742.0,31728
2018-10-05,743.7000122070312,745.0999755859375,721.0,722.6500244140625,13255
2018-10-08,720.0,728.0,720.0,722.5499877929688,9907
2018-10-09,751.9500122070312,751.9500122070312,721.25,722.8499755859375,7286
2018-10-10,742.8499755859375,750.75,723.75,733.9500122070312,25704
2018-10-11,720.0,736.0,702.0999755859375,720.2999877929688,88138
2018-10-12,721.0499877929688,741.0,721.0499877929688,728.9000244140625,7968
2018-10-15,736.4500122070312,738.0,720.0,720.7000122070312,9223
2018-10-16,719.5499877929688,735.9000244140625,715.2999877929688,718.4000244140625,6395
2018-10-17,718.4000244140625,729.0999755859375,711.25,725.6500244140625,71338
2018-10-19,730.0,730.0,702.5,709.5499877929688,35075
2018-10-22,700.0,711.0,699.2000122070312,701.0499877929688,9696
2018-10-23,700.2999877929688,709.7000122070312,691.0,702.7000122070312,33011
2018-10-24,693.0,715.0,693.0,704.4500122070312,70933
2018-10-25,701.3499755859375,714.9000244140625,696.1500244140625,701.0,5045
2018-10-26,702.1500244140625,709.0,688.5999755859375,703.0,6329
2018-10-29,708.1500244140625,709.4500122070312,693.2000122070312,700.0,57925
2018-10-30,699.9500122070312,706.0,693.0,700.5999755859375,9113
2018-10-31,704.2000122070312,712.0,696.0,710.5499877929688,3916
2018-11-01,713.0999755859375,725.0,710.9000244140625,720.0499877929688,8226
2018-11-02,750.0,750.0,721.0,725.4000244140625,6510
2018-11-05,734.9000244140625,742.0,726.0,738.7999877929688,8789
2018-11-06,738.7999877929688,788.0,729.0,779.4500122070312,9099
2018-11-07,781.0,781.0,765.1500244140625,770.1500244140625,807
2018-11-09,758.0,775.0,758.0,770.3499755859375,6390
2018-11-12,761.0,762.0499877929688,746.0999755859375,759.0,24972
2018-11-13,742.0,794.5,742.0,788.5499877929688,122696
2018-11-14,772.8499755859375,808.0,766.2999877929688,782.0,8260
2018-11-15,777.0,782.0,750.0999755859375,756.0,6136
2018-11-16,756.0,773.0,751.0,754.8499755859375,16442
2018-11-19,764.3499755859375,764.4000244140625,748.25,752.5499877929688,9783
2018-11-20,745.0,766.1500244140625,745.0,760.0,6752
2018-11-21,762.2000122070312,777.0,757.0499877929688,769.6500244140625,119240
2018-11-22,769.4000244140625,769.6500244140625,758.0,759.6500244140625,5412
2018-11-26,744.5499877929688,786.0,744.5499877929688,774.0999755859375,31790
2018-11-27,760.0,772.5,752.1500244140625,765.9500122070312,21185
2018-11-28,760.0,773.0,757.9500122070312,765.0999755859375,4970
2018-11-29,763.7000122070312,765.0999755859375,744.0499877929688,752.4500122070312,7600
2018-11-30,752.4500122070312,755.2000122070312,735.0,737.4500122070312,8041
2018-12-03,754.0,769.0,750.0999755859375,762.0,17957
2018-12-04,766.0,882.0,764.2999877929688,769.2000122070312,18070
2018-12-05,769.0,776.2000122070312,764.2999877929688,768.7999877929688,5589
2018-12-06,765.0,773.0,761.2999877929688,766.1500244140625,5477
2018-12-07,771.0,807.0,766.1500244140625,801.3499755859375,15865
2018-12-10,809.9000244140625,809.9000244140625,762.5999755859375,772.0499877929688,3438
2018-12-11,772.0,799.4500122070312,765.7999877929688,792.6500244140625,10841
2018-12-12,792.0,819.0,782.0499877929688,814.8499755859375,16258
2018-12-13,814.0,830.0,805.2999877929688,827.25,16803
2018-12-14,815.0,830.9000244140625,798.5499877929688,799.25,2834
2018-12-17,793.0,798.9000244140625,777.0,782.0999755859375,4690
2018-12-18,782.0999755859375,789.4000244140625,776.0999755859375,777.25,9762
2018-12-19,778.0499877929688,789.4000244140625,773.5999755859375,778.0999755859375,9946
2018-12-20,778.1500244140625,838.4000244140625,776.0999755859375,812.2999877929688,34806
2018-12-21,812.2999877929688,832.4000244140625,812.2999877929688,818.6500244140625,23500
2018-12-24,825.0,858.0,815.0,817.5,56612
2018-12-26,817.5,828.0,813.0999755859375,818.3499755859375,10841
2018-12-27,833.0,833.0,817.0,819.6500244140625,14782
2018-12-28,824.9500122070312,830.0499877929688,819.6500244140625,820.6500244140625,12009
2018-12-31,817.8499755859375,824.9000244140625,817.8499755859375,821.2000122070312,4073
2019-01-01,818.4000244140625,823.0,800.4000244140625,804.9500122070312,5632
2019-01-02,814.9500122070312,857.2999877929688,811.0999755859375,836.75,25114
2019-01-03,836.75,846.2999877929688,830.0499877929688,838.9500122070312,11333
2019-01-04,830.9000244140625,835.0,820.0499877929688,827.9500122070312,5764
2019-01-07,840.0,840.0,823.7999877929688,838.5,45953
2019-01-08,835.0999755859375,845.0,820.0499877929688,830.5999755859375,8562
2019-01-09,822.0,837.9000244140625,822.0,829.9000244140625,73260
2019-01-10,823.5999755859375,844.5499877929688,822.5499877929688,842.3499755859375,4347
2019-01-11,854.0,854.0,829.9500122070312,835.4500122070312,4879
2019-01-14,832.5,844.4000244140625,826.8499755859375,841.9500122070312,6625
2019-01-15,849.9000244140625,865.0,843.5,856.75,7314
2019-01-16,855.0,855.0,849.0,851.1500244140625,2367
2019-01-17,865.0,900.0,842.3499755859375,894.8499755859375,212686
2019-01-18,898.0,908.0,883.0,889.3499755859375,23891
2019-01-21,889.0,889.0,860.0,870.6500244140625,12965
2019-01-22,860.0,869.6500244140625,852.0999755859375,859.1500244140625,7237
2019-01-23,860.0,860.0,850.0,852.0499877929688,3281
2019-01-24,887.4500122070312,887.4500122070312,832.5999755859375,855.5499877929688,4905
2019-01-25,853.0999755859375,866.2999877929688,848.0,856.75,5028
2019-01-28,844.9500122070312,855.9500122070312,844.9500122070312,853.8499755859375,6509
2019-01-29,848.0,884.3499755859375,848.0,875.4000244140625,10196
2019-01-30,862.0499877929688,910.0,859.0999755859375,900.9500122070312,22974
2019-01-31,909.0,910.25,890.0499877929688,905.8499755859375,14286
2019-02-01,868.0,903.0999755859375,868.0,890.0,46933
2019-02-04,886.0499877929688,892.2000122070312,870.0499877929688,878.0499877929688,19680
2019-02-05,866.5,897.0,866.5,892.5,17517
2019-02-06,890.0499877929688,901.0,880.0,890.4500122070312,52983
2019-02-07,890.0,895.0,888.0,889.9500122070312,34112
2019-02-08,881.0999755859375,893.7999877929688,869.0999755859375,878.2999877929688,31187
2019-02-11,872.5,885.9500122070312,868.5,881.5,11472
2019-02-12,875.0499877929688,884.2000122070312,869.8499755859375,872.3499755859375,6992
2019-02-14,895.0,895.0,883.0,889.2000122070312,8121
2019-02-15,890.0999755859375,896.0,885.0,891.0999755859375,8915
2019-02-18,891.0499877929688,891.0499877929688,842.0,849.9000244140625,9270
2019-02-19,835.0,882.0999755859375,835.0,868.4500122070312,13515
2019-02-20,870.0,871.0,862.0499877929688,868.5499877929688,8796
2019-02-21,866.0499877929688,887.9500122070312,865.25,878.2000122070312,6311
2019-02-22,880.2999877929688,900.0,872.1500244140625,890.0499877929688,4481
2019-02-25,889.1500244140625,897.0,880.0999755859375,884.9000244140625,39449
2019-02-26,875.0499877929688,886.4500122070312,870.4000244140625,876.0499877929688,3921
2019-02-27,885.9000244140625,885.9000244140625,871.5,874.7000122070312,6154
2019-02-28,878.9000244140625,879.4500122070312,852.0999755859375,856.4000244140625,4835
2019-03-01,870.0,897.0,855.0499877929688,866.9500122070312,17233
2019-03-05,851.9000244140625,874.7999877929688,851.9000244140625,870.9500122070312,7207
2019-03-06,875.7999877929688,879.1500244140625,856.6500244140625,861.3499755859375,3237
2019-03-07,872.0,877.0499877929688,860.0,873.0499877929688,22439
2019-03-08,879.9000244140625,889.5,875.0,875.4500122070312,11900
2019-03-11,874.0,881.9500122070312,863.0999755859375,867.5499877929688,6664
2019-03-12,864.0,873.9500122070312,855.0,857.0,5264
2019-03-13,863.4500122070312,863.4500122070312,835.1500244140625,845.2999877929688,7742
2019-03-14,846.1500244140625,847.0,837.0,837.75,2211
2019-03-15,825.0,854.7999877929688,825.0,850.0999755859375,14373
2019-03-18,855.0,857.9500122070312,840.0499877929688,844.75,9143
2019-03-19,852.0,852.0,827.9000244140625,830.9000244140625,4907
2019-03-20,829.0,838.8499755859375,827.0,832.0,3862
2019-03-22,816.5,844.7000122070312,816.5,828.1500244140625,8331
2019-03-25,828.0999755859375,831.9000244140625,802.2999877929688,818.1500244140625,15663
2019-03-26,810.1500244140625,828.9500122070312,810.0,822.9000244140625,6519
2019-03-27,829.2999877929688,847.0,821.0,840.2000122070312,7954
2019-03-28,839.9500122070312,844.4500122070312,834.9500122070312,838.0999755859375,105186
2019-04-01,842.0999755859375,859.9000244140625,840.0,848.0499877929688,7594
2019-04-02,857.7000122070312,861.7999877929688,849.5499877929688,861.0999755859375,8156
2019-04-03,869.7000122070312,883.75,862.8499755859375,871.9000244140625,9586
2019-04-04,865.0999755859375,888.4000244140625,865.0999755859375,883.5,8063
2019-04-05,878.9000244140625,885.0,878.9000244140625,880.5,6183
2019-04-08,882.0,888.9000244140625,866.0,871.1500244140625,4095
2019-04-09,876.0,880.9500122070312,872.25,875.0,4856
2019-04-10,879.4000244140625,879.4000244140625,874.1500244140625,875.5999755859375,3286
2019-04-11,880.0,880.0,870.5499877929688,875.0499877929688,2380
2019-04-12,881.5999755859375,888.9500122070312,874.8499755859375,884.9500122070312,37619
2019-04-15,917.9000244140625,917.9000244140625,885.1500244140625,895.9500122070312,3982
2019-04-16,885.0,896.9000244140625,866.2999877929688,880.0499877929688,11900
2019-04-18,882.5,882.5,867.75,875.0,2489
2019-04-22,868.0499877929688,872.0999755859375,862.0999755859375,869.75,19798
2019-04-23,867.5999755859375,872.9000244140625,861.0999755859375,869.0,3297
2019-04-24,870.0,877.9500122070312,867.5499877929688,875.7000122070312,3083
2019-04-25,875.0999755859375,875.0999755859375,856.0,859.5,1509
2019-04-26,850.0,869.9000244140625,836.0,864.9000244140625,13693
2019-04-30,852.2000122070312,864.0,852.2000122070312,860.5499877929688,8253
2019-05-02,865.0499877929688,865.9500122070312,830.0499877929688,834.7000122070312,2814
2019-05-03,830.5999755859375,841.4000244140625,830.5999755859375,836.6500244140625,8088
2019-05-06,820.7999877929688,835.9000244140625,820.7999877929688,829.3499755859375,13034
2019-05-07,829.0,832.5999755859375,820.0,830.0,106174
2019-05-08,838.0999755859375,838.0999755859375,820.2000122070312,821.3499755859375,2599
2019-05-09,820.7000122070312,834.9000244140625,817.0,826.2999877929688,16876
2019-05-10,846.5,852.0,824.0,829.9500122070312,2985
2019-05-13,825.3499755859375,825.3499755859375,800.7999877929688,820.7999877929688,14867
2019-05-14,813.2000122070312,823.0,810.0,817.1500244140625,10384
2019-05-15,840.0,848.75,809.9000244140625,814.5,6617
2019-05-16,815.0,844.4000244140625,814.5,830.7000122070312,11592
2019-05-17,849.4000244140625,854.9500122070312,839.5499877929688,851.0499877929688,2126
2019-05-20,850.0,885.0,850.0,880.2000122070312,36841
2019-05-21,870.5,871.4500122070312,859.0499877929688,869.7000122070312,25887
2019-05-22,871.6500244140625,884.0,864.9500122070312,870.9000244140625,24287
2019-05-23,890.0,890.0,868.4000244140625,879.7000122070312,48577
2019-05-24,885.0,905.4500122070312,874.7000122070312,889.5499877929688,33984
2019-05-27,896.0999755859375,896.0999755859375,881.0499877929688,883.75,51534
2019-05-28,884.9500122070312,898.9500122070312,880.5499877929688,895.7000122070312,67954
2019-05-29,895.7000122070312,895.7000122070312,885.0999755859375,890.9500122070312,10873
2019-05-30,890.9500122070312,896.0,888.9500122070312,892.5999755859375,5729
2019-05-31,893.0,904.9000244140625,885.5,895.7999877929688,12677
2019-06-03,908.5,908.5,880.5,890.25,25260
2019-06-04,890.0,893.75,885.25,890.0,17708
2019-06-06,889.9500122070312,909.0,889.9000244140625,892.2000122070312,44324
2019-06-07,896.2999877929688,905.9000244140625,889.75,904.9000244140625,64609
2019-06-10,905.8499755859375,909.9500122070312,896.2000122070312,900.0,204329
2019-06-11,908.9000244140625,908.9000244140625,886.0999755859375,896.2999877929688,16918
2019-06-12,905.0,905.0,895.0999755859375,900.3499755859375,22970
2019-06-13,902.4000244140625,907.0,891.0499877929688,900.0499877929688,19970
2019-06-14,890.0,907.0,890.0,903.5999755859375,12798
2019-06-17,899.9500122070312,905.7999877929688,898.0,904.6500244140625,25008
2019-06-18,895.0,907.0,891.8499755859375,899.9500122070312,13226
2019-06-19,885.0999755859375,906.8499755859375,885.0999755859375,896.3499755859375,197230
2019-06-20,885.0,895.9500122070312,858.25,863.9000244140625,11027
2019-06-21,866.0,879.4500122070312,859.8499755859375,874.5999755859375,4777
2019-06-24,858.0,872.9500122070312,855.0,857.3499755859375,4545
2019-06-25,856.7000122070312,861.0,848.0,851.0,3711
2019-06-26,851.0,859.9000244140625,850.5999755859375,854.9500122070312,2317
2019-06-27,853.9000244140625,861.7999877929688,837.0499877929688,844.0499877929688,1774
2019-06-28,845.9000244140625,868.5,845.9000244140625,860.0999755859375,11850
2019-07-01,842.9000244140625,874.9000244140625,842.9000244140625,869.75,17723
2019-07-02,884.9000244140625,884.9000244140625,865.0499877929688,870.0,18711
2019-07-03,863.0,873.75,863.0,870.0,27041
2019-07-04,865.0,878.25,858.5999755859375,872.5,40774
2019-07-05,865.0,884.0,865.0,879.6500244140625,146746
2019-07-08,874.7999877929688,874.7999877929688,850.0999755859375,853.4500122070312,104182
2019-07-09,853.4500122070312,862.0,820.7000122070312,858.9500122070312,89535
2019-07-10,841.7999877929688,847.0,837.0,844.5999755859375,8991
2019-07-11,838.0,861.9500122070312,835.0499877929688,849.7000122070312,6937
2019-07-12,839.9000244140625,870.4500122070312,837.0499877929688,860.5,7642
2019-07-15,870.0,870.0,851.5499877929688,858.7000122070312,15622
2019-07-16,858.7000122070312,877.4500122070312,827.5499877929688,831.5499877929688,14482
2019-07-17,836.0,845.4000244140625,830.0,838.0999755859375,12904
2019-07-18,848.9000244140625,848.9000244140625,811.5,823.0499877929688,6628
2019-07-19,825.0,825.0999755859375,799.25,801.6500244140625,13544
2019-07-22,786.0,800.0,780.9500122070312,795.2000122070312,14470
2019-07-23,795.0,800.0,775.0,785.2000122070312,7390
2019-07-24,771.0,804.4500122070312,771.0,800.5499877929688,8282
2019-07-25,810.0,810.0,764.0499877929688,770.4500122070312,8334
2019-07-26,769.5999755859375,770.9000244140625,739.8499755859375,746.7000122070312,6861
2019-07-29,731.7999877929688,739.6500244140625,675.0,695.75,18283
2019-07-30,693.9500122070312,745.0,681.0499877929688,739.0,11471
2019-07-31,738.0,783.2999877929688,727.6500244140625,765.6500244140625,35431
2019-08-01,765.6500244140625,789.9000244140625,756.4500122070312,766.5999755859375,2870
2019-08-02,767.0,787.0,758.0499877929688,780.7000122070312,9975
2019-08-05,784.0,784.0,752.0,760.0499877929688,2752
2019-08-06,777.0,777.0,760.1500244140625,761.5,1396
2019-08-07,752.0,795.0999755859375,752.0,791.5499877929688,2276
2019-08-08,784.0,817.5,784.0,813.5499877929688,6920
2019-08-09,791.0,848.9000244140625,791.0,840.5,9639
2019-08-13,830.0,830.0,794.0,799.4000244140625,1880
2019-08-14,795.0,812.0,794.1500244140625,806.2000122070312,1517
2019-08-16,776.0,813.4000244140625,776.0,805.2999877929688,1599
2019-08-19,814.9500122070312,849.5,782.1500244140625,838.5999755859375,3156
2019-08-20,838.5999755859375,865.0,825.3499755859375,861.3499755859375,5452
2019-08-21,861.3499755859375,868.75,853.25,860.3499755859375,11556
2019-08-22,845.0,869.8499755859375,845.0,860.0,8100
2019-08-23,841.0499877929688,863.9000244140625,810.0499877929688,850.5,125123
2019-08-26,868.0,868.0,840.0,860.6500244140625,2530
2019-08-27,842.0,864.9500122070312,842.0,863.5999755859375,9123
2019-08-28,843.7000122070312,856.6500244140625,840.1500244140625,845.3499755859375,8132
2019-08-29,836.0999755859375,862.7000122070312,826.0,830.3499755859375,12748
2019-08-30,820.0,864.5,820.0,861.7999877929688,23989
2019-09-03,850.0,866.0,850.0,856.7999877929688,4287
2019-09-04,835.0,875.0,835.0,865.1500244140625,8603
2019-09-05,845.0,866.4000244140625,845.0,861.2999877929688,7896
2019-09-06,858.0,867.0,846.4500122070312,854.4500122070312,9890
2019-09-09,837.0,872.7999877929688,837.0,862.5499877929688,26838
2019-09-11,870.0,874.9500122070312,840.0,842.1500244140625,49996
2019-09-12,848.8499755859375,852.9000244140625,830.0999755859375,832.4000244140625,23167
2019-09-13,839.9000244140625,852.0,839.8499755859375,850.25,5895
2019-09-16,863.0,863.0,849.9500122070312,850.2000122070312,20030
2019-09-17,846.4500122070312,867.8499755859375,846.4500122070312,865.1500244140625,9152
2019-09-18,872.0,872.0,841.0,850.0999755859375,1446
2019-09-19,850.0499877929688,865.0,847.5,850.0999755859375,6028
2019-09-20,835.0,870.9500122070312,832.0,860.7000122070312,5657
2019-09-23,860.7000122070312,890.0,850.0,885.1500244140625,34658
2019-09-24,885.4000244140625,885.4000244140625,863.1500244140625,873.8499755859375,5782
2019-09-25,865.0499877929688,874.5,862.0,867.9500122070312,2568
2019-09-26,863.25,875.9500122070312,861.0,868.5,1807
2019-09-27,869.9000244140625,873.5499877929688,850.0,865.25,10879
2019-09-30,864.2999877929688,866.8499755859375,851.0499877929688,862.5,1550
2019-10-01,858.3499755859375,879.8499755859375,845.0999755859375,850.3499755859375,5007
2019-10-03,865.0,865.0,849.7000122070312,852.4000244140625,6089
2019-10-04,850.7000122070312,860.5499877929688,830.0,843.5499877929688,903
2019-10-07,865.0,865.0,849.75,855.1500244140625,4044
2019-10-09,856.4500122070312,860.0,843.75,856.5999755859375,2035
2019-10-10,854.4000244140625,857.0499877929688,849.0,850.7000122070312,134401
2019-10-11,851.5,868.9500122070312,849.9500122070312,850.1500244140625,2557
2019-10-14,855.0,884.3499755859375,850.0,880.25,3191
2019-10-15,890.0,890.0,875.0,876.75,3052
2019-10-16,886.75,886.75,850.0,852.5499877929688,3103
2019-10-17,852.25,860.0499877929688,850.0999755859375,851.7999877929688,807
2019-10-18,848.0,874.0,844.0499877929688,871.0999755859375,10670
2019-10-22,871.0999755859375,887.8499755859375,854.0,883.7000122070312,3202
2019-10-23,870.0499877929688,890.0,868.2999877929688,887.0499877929688,25201
2019-10-24,872.0,894.9000244140625,853.0,854.5999755859375,5483
2019-10-25,866.9500122070312,866.9500122070312,850.0,852.5499877929688,1967
2019-10-27,873.9000244140625,873.9500122070312,855.0499877929688,858.4500122070312,793
2019-10-29,869.7000122070312,874.4500122070312,850.0999755859375,865.0,3490
2019-10-30,860.0,875.0999755859375,860.0,870.4000244140625,9506
2019-10-31,873.0,890.0,861.4000244140625,880.4000244140625,47418
2019-11-01,881.9000244140625,885.0,867.0,880.1500244140625,10934
2019-11-04,867.0,889.0,867.0,885.0,24983
2019-11-05,879.1500244140625,904.8499755859375,868.9000244140625,872.4000244140625,31708
2019-11-06,873.0499877929688,878.0,856.0,856.75,2154
2019-11-07,848.0,862.25,848.0,852.5,2317
2019-11-08,841.0,859.9500122070312,835.0,858.2999877929688,3895
2019-11-11,852.5999755859375,863.4500122070312,830.0,848.0,2666
2019-11-13,864.9000244140625,864.9000244140625,803.2999877929688,809.0999755859375,7455
2019-11-14,819.0,845.0,811.2000122070312,836.4500122070312,4389
2019-11-15,845.0,875.0,840.0,870.0,11563
2019-11-18,869.9500122070312,883.1500244140625,857.0,860.9500122070312,6682
2019-11-19,866.9000244140625,867.0,859.0,860.0,2771
2019-11-20,860.1500244140625,882.25,858.1500244140625,874.0,4827
2019-11-21,866.0,880.0,860.0,860.7000122070312,816
2019-11-22,861.0,870.0,840.0999755859375,846.3499755859375,9192
2019-11-25,854.9500122070312,857.9500122070312,846.0,850.2999877929688,3362
2019-11-26,845.2999877929688,853.8499755859375,831.0999755859375,840.4000244140625,3204
2019-11-27,844.5,866.0,804.0999755859375,810.2999877929688,16385
2019-11-28,834.2999877929688,844.9500122070312,809.0,814.7999877929688,22301
2019-11-29,814.8499755859375,817.0,795.0,800.2000122070312,10229
2019-12-02,795.0,814.7999877929688,781.0499877929688,811.0999755859375,13280
2019-12-03,811.2000122070312,818.9500122070312,795.0999755859375,796.0,3577
2019-12-04,799.7999877929688,803.2000122070312,790.7000122070312,796.7999877929688,4305
2019-12-05,797.5,797.5,786.5999755859375,789.9000244140625,1961
2019-12-06,789.5499877929688,803.25,781.0,790.0,11781
2019-12-09,790.0,804.4500122070312,786.5499877929688,800.6500244140625,4587
2019-12-10,801.7999877929688,808.0,790.1500244140625,801.75,2225
2019-12-11,805.0,813.9500122070312,800.0499877929688,810.2000122070312,3165
2019-12-12,811.0999755859375,818.0,810.7999877929688,815.0999755859375,3666
2019-12-13,818.0,819.9000244140625,807.5499877929688,817.0499877929688,3386
2019-12-16,817.9000244140625,822.0999755859375,801.0,816.5999755859375,4736
2019-12-17,815.9500122070312,824.7000122070312,807.5999755859375,822.0,3995
2019-12-18,820.0499877929688,831.7999877929688,815.0499877929688,830.0499877929688,4014
2019-12-19,826.0499877929688,839.9500122070312,824.8499755859375,832.2000122070312,2445
2019-12-20,833.4500122070312,833.75,830.0,831.5499877929688,1410
2019-12-23,829.3499755859375,834.9000244140625,819.0499877929688,834.0499877929688,3327
2019-12-24,834.0,836.7000122070312,829.2999877929688,834.1500244140625,2637
2019-12-26,849.0,849.0,811.0499877929688,834.4000244140625,2942
2019-12-27,834.2000122070312,839.9000244140625,821.0499877929688,830.0499877929688,2486
2019-12-30,828.9500122070312,841.9000244140625,810.0499877929688,820.5999755859375,32404
2019-12-31,822.7000122070312,833.75,800.0,805.1500244140625,20618
2020-01-01,810.5499877929688,819.0,808.0,812.0999755859375,709
2020-01-02,814.9000244140625,818.9000244140625,800.0999755859375,805.5499877929688,2887
2020-01-03,807.0499877929688,846.0,804.5499877929688,815.5499877929688,17798
2020-01-06,801.0499877929688,839.5,801.0499877929688,826.25,12250
2020-01-07,806.0,832.0,806.0,829.4500122070312,16076
2020-01-08,813.0499877929688,831.7000122070312,806.25,814.2000122070312,106638
2020-01-09,818.5499877929688,823.0,802.0,804.6500244140625,3448
2020-01-10,801.0,810.0499877929688,801.0,804.1500244140625,2784
2020-01-13,820.0,820.0,798.0,798.7999877929688,5113
2020-01-14,802.0999755859375,811.9500122070312,802.0999755859375,805.25,2130
2020-01-15,801.0999755859375,820.0,801.0999755859375,807.2000122070312,15361
2020-01-16,818.9000244140625,855.5999755859375,804.3499755859375,817.7000122070312,7131
2020-01-17,817.7000122070312,834.4500122070312,815.0,822.5499877929688,3302
2020-01-20,832.0,835.0,805.2000122070312,829.75,8909
2020-01-21,838.9500122070312,839.5,831.0,832.5499877929688,1401
2020-01-22,830.0499877929688,835.0,815.0,829.9500122070312,18543
2020-01-23,835.75,835.7999877929688,807.0,810.2999877929688,3530
2020-01-24,823.0,823.0,805.2000122070312,809.9500122070312,3749
2020-01-27,810.0499877929688,829.5999755859375,801.0499877929688,821.7999877929688,12608
2020-01-28,828.5,828.5,810.0,822.9000244140625,4685
2020-01-29,815.0499877929688,820.0499877929688,810.0,812.2999877929688,1347
2020-01-30,803.0,810.5,803.0,804.2000122070312,877
2020-01-31,803.1500244140625,810.0499877929688,803.0,805.7000122070312,2046
2020-02-03,815.0,815.0,795.0,796.2000122070312,2345
2020-02-04,800.0,814.9500122070312,797.5499877929688,800.7000122070312,4962
2020-02-05,801.25,813.75,798.5499877929688,802.4000244140625,6659
2020-02-06,804.2000122070312,809.7999877929688,780.0999755859375,797.75,4040
2020-02-07,800.0,805.9000244140625,799.0,801.75,2382
2020-02-10,792.0,807.0,781.25,786.75,3914
2020-02-11,799.9500122070312,818.2000122070312,795.0,813.4500122070312,4364
2020-02-12,785.0499877929688,813.6500244140625,785.0499877929688,804.4500122070312,14010
2020-02-13,810.8499755859375,812.4000244140625,790.0,790.9500122070312,1680
2020-02-14,790.8499755859375,792.7999877929688,775.0,779.2000122070312,4738
2020-02-17,797.4500122070312,799.0,754.2000122070312,756.8499755859375,4630
2020-02-18,756.0,756.25,741.1500244140625,743.75,3113
2020-02-19,740.0999755859375,756.0,740.0,746.75,16840
2020-02-20,741.0,755.1500244140625,741.0,746.7999877929688,2016
2020-02-24,750.0,767.25,744.8499755859375,753.4000244140625,2286
2020-02-25,755.1500244140625,757.6500244140625,735.0999755859375,737.4500122070312,2489
2020-02-26,726.0,735.0,708.0,712.75,15570
2020-02-27,712.0,850.0,707.0,769.1500244140625,140102
2020-02-28,769.9500122070312,819.0,709.7999877929688,790.6500244140625,27733
2020-03-02,778.0,800.5,715.5,734.1500244140625,8678
2020-03-03,735.0,758.4500122070312,724.0,731.7000122070312,5199
2020-03-04,742.0,742.0,719.0,719.9500122070312,19980
2020-03-05,719.0,725.5,701.0499877929688,703.5999755859375,7033
2020-03-06,690.0,716.9000244140625,690.0,699.4000244140625,11108
2020-03-09,699.7999877929688,702.0,640.2000122070312,661.0999755859375,11366
2020-03-11,661.0,692.9500122070312,643.7999877929688,671.8499755859375,5057
2020-03-12,620.0999755859375,655.1500244140625,620.0999755859375,635.0,9526
2020-03-13,561.0999755859375,699.0,535.5,622.9500122070312,6241
2020-03-16,620.0,620.0499877929688,579.5999755859375,581.6500244140625,3608
2020-03-17,580.0,598.9000244140625,580.0,591.9000244140625,4636
2020-03-18,591.9000244140625,620.0,501.70001220703125,559.8499755859375,5620
2020-03-19,559.0,559.0,514.2999877929688,518.2999877929688,13575
2020-03-20,517.7999877929688,559.7000122070312,511.70001220703125,552.2000122070312,10514
2020-03-23,455.0,591.2000122070312,455.0,518.4500122070312,2708
2020-03-24,518.4000244140625,590.5999755859375,494.29998779296875,532.2999877929688,3766
2020-03-25,539.0,550.5999755859375,468.0,531.0499877929688,3727
2020-03-26,524.0,530.3499755859375,509.20001220703125,512.6500244140625,13417
2020-03-27,524.1500244140625,531.0999755859375,506.0,527.9000244140625,11664
2020-03-30,514.4000244140625,529.4000244140625,501.8500061035156,525.7999877929688,5981
2020-03-31,525.7999877929688,549.7999877929688,507.04998779296875,514.75,5824
2020-04-01,514.75,554.7000122070312,514.5499877929688,538.7000122070312,4806
2020-04-03,530.3499755859375,551.2999877929688,524.3499755859375,545.8499755859375,5844
2020-04-07,584.9500122070312,585.0,550.0499877929688,554.5,5400
2020-04-08,575.0,597.7999877929688,551.0,559.7000122070312,10153
2020-04-09,585.0,600.0,561.0499877929688,567.9000244140625,6685
2020-04-13,591.1500244140625,670.0,575.0499877929688,598.2999877929688,61830
2020-04-15,603.0,619.9500122070312,580.0499877929688,590.5999755859375,51032
2020-04-16,590.5499877929688,600.0,581.0,590.4000244140625,6814
2020-04-17,609.9000244140625,609.9000244140625,586.0,589.2999877929688,7812
2020-04-20,608.7000122070312,609.0,590.0499877929688,598.4500122070312,29976
2020-04-21,598.4500122070312,598.4500122070312,569.0,577.0,12804
2020-04-22,565.2000122070312,574.7999877929688,537.0,555.5499877929688,10787
2020-04-23,556.1500244140625,584.0,556.0,571.7000122070312,17726
2020-04-24,578.0,578.0,558.75,575.1500244140625,5946
2020-04-27,588.0,602.7999877929688,574.0999755859375,600.5999755859375,14284
2020-04-28,625.0,635.0,587.0,599.0,15096
2020-04-29,610.0,614.9000244140625,595.0,600.25,2982
2020-04-30,603.25,614.9000244140625,587.0,592.8499755859375,5892
2020-05-04,590.0,590.0,555.0499877929688,560.0,21579
2020-05-05,560.0,585.3499755859375,558.3499755859375,565.5,16102
2020-05-06,569.9500122070312,575.0,556.5499877929688,564.7999877929688,2159
2020-05-07,574.7000122070312,575.0,561.0,564.9500122070312,6256
2020-05-08,564.0499877929688,572.9500122070312,563.25,565.5999755859375,3415
2020-05-11,566.0,571.0,550.0,553.9500122070312,2327
2020-05-12,540.0,572.0,540.0,563.7999877929688,3801
2020-05-13,598.0,598.0,558.0499877929688,562.0999755859375,7725
2020-05-14,564.6500244140625,570.0,555.0,565.7999877929688,4108
2020-05-15,561.0,573.0,561.0,568.0,5825
2020-05-18,568.0,568.0,540.0,562.9000244140625,2393
2020-05-19,579.6500244140625,579.6500244140625,560.0999755859375,563.4000244140625,4769
2020-05-20,560.0999755859375,565.4500122070312,556.5999755859375,560.6500244140625,2240
2020-05-21,561.0,564.7000122070312,560.0999755859375,562.0499877929688,3309
2020-05-22,563.6500244140625,568.4500122070312,556.5499877929688,563.5,1997
2020-05-26,566.4500122070312,574.4500122070312,564.0499877929688,568.5999755859375,1371
2020-05-27,580.5499877929688,580.5499877929688,558.5999755859375,564.2999877929688,7282
2020-05-28,575.0,577.0,560.0999755859375,575.3499755859375,5326
2020-05-29,575.0499877929688,586.9500122070312,574.6500244140625,575.7999877929688,12132
2020-06-01,583.0,597.9500122070312,579.8499755859375,585.0999755859375,6709
2020-06-02,597.8499755859375,605.9000244140625,590.4000244140625,599.1500244140625,7702
2020-06-03,614.7999877929688,614.9000244140625,604.0499877929688,607.0499877929688,11571
2020-06-04,605.0,725.0,605.0,692.1500244140625,128939
2020-06-05,696.0,709.0,670.0,679.6500244140625,36241
2020-06-08,693.7999877929688,704.0,660.75,666.2999877929688,15763
2020-06-09,666.1500244140625,676.0,647.0999755859375,649.75,7378
2020-06-10,642.0,658.8499755859375,631.4000244140625,636.7999877929688,7222
2020-06-11,636.8499755859375,648.4500122070312,627.9000244140625,636.2999877929688,7819
2020-06-12,636.0,636.0,615.7000122070312,630.9000244140625,3568
2020-06-15,639.9000244140625,652.5,625.5499877929688,627.0999755859375,6665
2020-06-16,644.0,644.0,601.0499877929688,616.0,6959
2020-06-17,616.3499755859375,628.9500122070312,610.0999755859375,620.7999877929688,19084
2020-06-18,619.7000122070312,644.9500122070312,615.0,629.2000122070312,27034
2020-06-19,631.0,638.2999877929688,624.0,629.8499755859375,8177
2020-06-22,636.0,650.0,629.9000244140625,640.5999755859375,27947
2020-06-23,652.0,653.9500122070312,630.0,634.0999755859375,57060
2020-06-24,644.0999755859375,645.9500122070312,622.5499877929688,624.5,45731
2020-06-25,622.5,624.7000122070312,617.0,620.0999755859375,13136
2020-06-26,616.0999755859375,627.0,611.1500244140625,614.2000122070312,64160
2020-06-29,624.9000244140625,624.9000244140625,594.4000244140625,599.25,13031
2020-06-30,603.6500244140625,604.9500122070312,565.0,569.9500122070312,20668
2020-07-01,577.0,615.0,572.25,579.0999755859375,24398
2020-07-02,588.9000244140625,588.9000244140625,571.0,575.7999877929688,14539
2020-07-03,575.7999877929688,591.9500122070312,570.0999755859375,582.0,9757
2020-07-06,588.0,588.9500122070312,571.5499877929688,573.4500122070312,23522
2020-07-07,588.0,588.0,570.0,574.4500122070312,12527
2020-07-08,577.9000244140625,577.9500122070312,568.0,569.7000122070312,656689
2020-07-09,576.0,617.0,563.0499877929688,605.75,432639
2020-07-10,600.0,615.9500122070312,585.9000244140625,611.5499877929688,41049
2020-07-13,611.5499877929688,614.0,590.0,592.25,13923
2020-07-14,590.0499877929688,595.9000244140625,590.0,592.7000122070312,7378
2020-07-15,599.0,607.5,583.5499877929688,587.0499877929688,28915
2020-07-16,590.0,590.0,576.7999877929688,580.9000244140625,23989
2020-07-17,581.0,596.0,580.25,591.7000122070312,38629
2020-07-20,592.0,599.0,583.25,589.3499755859375,24512
2020-07-21,589.0,589.7999877929688,580.2000122070312,581.6500244140625,8062
2020-07-22,582.0,584.9000244140625,578.0,579.5,7762
2020-07-23,576.0,605.0,576.0,593.5499877929688,83459
2020-07-24,593.5499877929688,593.5499877929688,578.5,583.0499877929688,6895
2020-07-27,586.5999755859375,587.9000244140625,570.25,585.3499755859375,15574
2020-07-28,578.4500122070312,590.5499877929688,575.0,577.8499755859375,9647
2020-07-29,581.0,589.4500122070312,574.9500122070312,579.5999755859375,12058
2020-07-30,578.3499755859375,589.4500122070312,578.0,584.4000244140625,5390
2020-07-31,595.0,595.0,570.5,572.3499755859375,14699
2020-08-03,575.0,580.9000244140625,565.0,568.3499755859375,5500
2020-08-04,578.0,578.0,565.0999755859375,569.6500244140625,51710
2020-08-05,577.0,683.5499877929688,570.4000244140625,680.2000122070312,279410
2020-08-06,680.0,683.0,630.0,635.4500122070312,125235
2020-08-07,641.0,650.0499877929688,623.1500244140625,625.7000122070312,36982
2020-08-10,625.7000122070312,637.0,620.0,625.0999755859375,46278
2020-08-11,622.0499877929688,638.5499877929688,622.0499877929688,628.6500244140625,12203
2020-08-12,625.0,690.0,624.0499877929688,652.9500122070312,129016
2020-08-13,648.25,663.9000244140625,626.2000122070312,631.4500122070312,55005
2020-08-14,630.0,658.0999755859375,630.0,639.5999755859375,28364
2020-08-17,645.0,661.5,640.0,658.0499877929688,19426
2020-08-18,665.0,665.0,652.9500122070312,659.4500122070312,16975
2020-08-19,665.0,665.5,654.0,658.75,9211
2020-08-20,665.0,665.0,654.0,659.0999755859375,13010
2020-08-21,666.0,684.5499877929688,664.9000244140625,679.75,33835
2020-08-24,690.0,732.9000244140625,686.75,725.9000244140625,527163
2020-08-25,729.0,729.0,690.0,694.75,59535
2020-08-26,705.2000122070312,709.0,692.1500244140625,696.5,19138
2020-08-27,696.5499877929688,697.7999877929688,682.25,687.25,26406
2020-08-28,688.0,690.0,670.0,673.0,51766
2020-08-31,679.9500122070312,701.0,648.0999755859375,666.2999877929688,117569
2020-09-01,643.5499877929688,692.6500244140625,643.5499877929688,672.9500122070312,11803
2020-09-02,660.5999755859375,682.0,660.5999755859375,672.0,7612
2020-09-03,672.2000122070312,683.0,667.0,672.4500122070312,4135
2020-09-04,650.0999755859375,680.0,650.0999755859375,666.7000122070312,6776
2020-09-07,666.0,684.9500122070312,653.0499877929688,658.4000244140625,14412
2020-09-08,658.4000244140625,658.4000244140625,633.0499877929688,637.0,19343
2020-09-09,637.0,639.1500244140625,603.25,623.5,15717
2020-09-10,620.0,646.0,611.4000244140625,617.7999877929688,16259
2020-09-11,620.9000244140625,644.0,610.0,631.25,28253
2020-09-14,630.0499877929688,671.0,630.0499877929688,655.5,23884
2020-09-15,658.7999877929688,658.7999877929688,640.0499877929688,649.4500122070312,9679
2020-09-16,648.9500122070312,702.0,641.3499755859375,684.6500244140625,32554
2020-09-17,687.5,688.0999755859375,661.0499877929688,666.75,8947
2020-09-18,666.0,678.8499755859375,655.0,658.2000122070312,7685
2020-09-21,666.0,666.0,648.2000122070312,651.2000122070312,9310
2020-09-22,645.5,645.5,625.8499755859375,633.4000244140625,7280
2020-09-23,640.0,664.9000244140625,630.4500122070312,639.3499755859375,5246
2020-09-24,642.5499877929688,642.5499877929688,620.0,622.6500244140625,5573
2020-09-25,624.8499755859375,643.4500122070312,624.8499755859375,638.0,5653
2020-09-28,641.2000122070312,685.7999877929688,641.2000122070312,667.5,78573
2020-09-29,685.0,685.0,660.0999755859375,668.8499755859375,29780
2020-09-30,668.8499755859375,668.8499755859375,647.5,652.9500122070312,24422
2020-10-01,652.9500122070312,659.0,635.9500122070312,642.9000244140625,9047
2020-10-05,644.0,655.1500244140625,637.6500244140625,647.3499755859375,11094
2020-10-06,648.0,650.5999755859375,628.0,641.0,14901
2020-10-07,635.0,650.3499755859375,626.4500122070312,643.5499877929688,6708
2020-10-08,646.7999877929688,654.2999877929688,643.2000122070312,649.0,5750
2020-10-09,651.0,651.7999877929688,635.0999755859375,638.8499755859375,5117
2020-10-12,638.8499755859375,647.6500244140625,634.5499877929688,639.9000244140625,8927
2020-10-13,634.1500244140625,642.0,634.1500244140625,638.9000244140625,2598
2020-10-14,639.0999755859375,643.5999755859375,636.4000244140625,640.6500244140625,3897
2020-10-15,636.9000244140625,640.5499877929688,625.0499877929688,629.0999755859375,29647
2020-10-16,632.25,640.0,627.2000122070312,636.7000122070312,6655
2020-10-19,630.0499877929688,642.5,627.0,635.9500122070312,33413
2020-10-20,636.0,644.9500122070312,631.2999877929688,638.2000122070312,6839
2020-10-21,642.0,642.0499877929688,628.0,631.0499877929688,12724
2020-10-22,634.2000122070312,640.0,626.2000122070312,633.3499755859375,3124
2020-10-23,639.6500244140625,643.0499877929688,637.0,640.5999755859375,5710
2020-10-26,665.0,697.0,651.0,657.9000244140625,130162
2020-10-27,660.9000244140625,679.0,654.8499755859375,664.1500244140625,21285
2020-10-28,667.0,669.0,644.5999755859375,665.7999877929688,10754
2020-10-29,647.0,675.0,647.0,670.6500244140625,10125
2020-10-30,667.6500244140625,679.9500122070312,652.9500122070312,659.8499755859375,10792
2020-11-02,653.2999877929688,672.7999877929688,653.2999877929688,669.9000244140625,7174
2020-11-03,663.2999877929688,673.25,660.0499877929688,664.25,4941
2020-11-04,667.5999755859375,675.0,660.5,670.7000122070312,12007
2020-11-05,674.0499877929688,679.0,663.0499877929688,669.4000244140625,4163
2020-11-06,672.7000122070312,693.0,663.0999755859375,680.4000244140625,29841
2020-11-09,692.0,692.0,669.0,676.2000122070312,28783
2020-11-10,679.5999755859375,689.0,665.2000122070312,669.9000244140625,55228
2020-11-11,674.9000244140625,679.8499755859375,669.5499877929688,675.0999755859375,40557
2020-11-12,679.7999877929688,693.9000244140625,678.0,684.9000244140625,23312
2020-11-13,683.6500244140625,699.7999877929688,670.5,697.1500244140625,10872
2020-11-14,700.0,700.0,686.2000122070312,694.9500122070312,3310
2020-11-17,704.9000244140625,719.9500122070312,695.0,709.8499755859375,30394
2020-11-18,709.8499755859375,745.0,682.6500244140625,741.75,79212
2020-11-19,748.7999877929688,842.0,742.2999877929688,797.2999877929688,325931
2020-11-20,807.0499877929688,807.0999755859375,780.0,792.1500244140625,54029
2020-11-23,786.0,795.0,780.0,784.9000244140625,24282
2020-11-24,780.0,829.9000244140625,778.0,813.4000244140625,118163
2020-11-25,818.0,825.0,790.0,794.5,33503
2020-11-26,802.4000244140625,804.1500244140625,781.0,785.6500244140625,35945
2020-11-27,789.5499877929688,809.0,782.0,791.5,58157
2020-12-01,782.0999755859375,800.0,782.0999755859375,790.5499877929688,13831
2020-12-02,794.0,794.9000244140625,783.0,787.3499755859375,9597
2020-12-03,791.2999877929688,825.0,781.0,788.7999877929688,45216
2020-12-04,788.0,800.0,773.5499877929688,785.9000244140625,26297
2020-12-07,788.7999877929688,792.0,760.0,767.0999755859375,39006
2020-12-08,775.0,780.0,760.0999755859375,764.6500244140625,24874
2020-12-09,768.4500122070312,775.0,758.5,763.75,18464
2020-12-10,774.9000244140625,774.9000244140625,757.0,764.6500244140625,8871
2020-12-11,768.5,775.0,758.0,761.5,38901
2020-12-14,760.0,774.5499877929688,757.4500122070312,766.4500122070312,41864
2020-12-15,762.0,763.7000122070312,756.0,758.25,12060
2020-12-16,762.0499877929688,762.0499877929688,749.7999877929688,751.2999877929688,18819
2020-12-17,755.0,760.0,745.0,748.5,14967
2020-12-18,746.4000244140625,757.9000244140625,743.0,749.9500122070312,58817
2020-12-21,749.9500122070312,749.9500122070312,710.0999755859375,716.4000244140625,17036
2020-12-22,710.1500244140625,735.0,695.0,715.5,17012
2020-12-23,715.5,734.0,714.3499755859375,730.2000122070312,12943
2020-12-24,748.9000244140625,748.9000244140625,720.0,725.4000244140625,12633
2020-12-28,729.0,733.0,718.9000244140625,730.9500122070312,21808
2020-12-29,732.5,743.2000122070312,725.5,729.6500244140625,42689
2020-12-30,765.0,765.0,718.0,719.0,21305
2020-12-31,722.0,727.2999877929688,718.0,719.0999755859375,16806
2021-01-01,719.0999755859375,727.9500122070312,715.0,723.25,13807
2021-01-04,726.8499755859375,735.9500122070312,717.6500244140625,731.0,21863
2021-01-05,737.0,737.0,724.0499877929688,728.9000244140625,12899
2021-01-06,735.0,735.0,713.0999755859375,719.5499877929688,29683
2021-01-07,723.1500244140625,753.2999877929688,715.5499877929688,722.2000122070312,66386
2021-01-08,728.0,744.9500122070312,716.2999877929688,735.9500122070312,64899
2021-01-11,740.0,750.0,727.6500244140625,741.0999755859375,35283
2021-01-12,744.7999877929688,744.8499755859375,728.5,733.2999877929688,12553
2021-01-13,730.0,744.9500122070312,730.0,739.5,35921
2021-01-14,743.1500244140625,754.0,735.8499755859375,745.0499877929688,35051
2021-01-15,748.75,779.9000244140625,736.2000122070312,738.7000122070312,17934
2021-01-18,738.7000122070312,738.7000122070312,713.25,715.4500122070312,16621
2021-01-19,718.0,725.0,711.0,714.25,14981
2021-01-20,716.9000244140625,725.0,711.2999877929688,713.7999877929688,11001
2021-01-21,716.0,724.0,709.6500244140625,713.2999877929688,18190
2021-01-22,709.2999877929688,728.75,709.2999877929688,714.9500122070312,18415
2021-01-25,718.4500122070312,726.5499877929688,702.2000122070312,714.4500122070312,16646
2021-01-27,717.9500122070312,717.9500122070312,679.6500244140625,692.4000244140625,98288
2021-01-28,675.75,704.0,675.75,701.6500244140625,14149
2021-01-29,719.9000244140625,720.0,680.0499877929688,685.5499877929688,15181
2021-02-01,687.0,688.9500122070312,668.0,676.5499877929688,15102
2021-02-02,687.9500122070312,705.0,680.5,686.9500122070312,22784
2021-02-03,686.9500122070312,690.9500122070312,680.0499877929688,682.5,14826
2021-02-04,689.9000244140625,695.7999877929688,683.1500244140625,690.0,18656
2021-02-05,693.4500122070312,730.0,676.5,694.4500122070312,33724
2021-02-08,703.2000122070312,728.0,703.2000122070312,713.5999755859375,42759
2021-02-09,729.9000244140625,729.9000244140625,717.2999877929688,721.6500244140625,24381
2021-02-10,721.0,745.0,710.5,742.25,23101
2021-02-11,742.25,757.0,736.2999877929688,753.2000122070312,35579
2021-02-12,750.0,770.0,726.0,729.2999877929688,24869
2021-02-15,740.25,753.0,735.4500122070312,739.7999877929688,12905
2021-02-16,735.0999755859375,751.4500122070312,730.0999755859375,749.2000122070312,22582
2021-02-17,749.2000122070312,749.2000122070312,736.5999755859375,743.5,6212
2021-02-18,736.7000122070312,747.9500122070312,736.7000122070312,745.1500244140625,5858
2021-02-19,748.9000244140625,757.0,716.6500244140625,722.5499877929688,12763
2021-02-22,719.2999877929688,742.4500122070312,712.0,729.2999877929688,26565
2021-02-23,732.75,732.9000244140625,710.1500244140625,712.9000244140625,6639
2021-02-24,716.5,749.9000244140625,621.9000244140625,724.0,5675
2021-02-25,735.0,738.1500244140625,713.0,730.4000244140625,27498
2021-02-26,724.0,736.0,720.0,730.0499877929688,11227
2021-03-01,739.0,764.0,729.7000122070312,760.8499755859375,44526
2021-03-02,772.0,772.0,740.2000122070312,760.0999755859375,18753
2021-03-03,760.0999755859375,827.5999755859375,756.1500244140625,771.0999755859375,128100
2021-03-04,764.0999755859375,777.0,760.1500244140625,763.6500244140625,13635
2021-03-05,775.5,805.8499755859375,760.0,786.9000244140625,215777
2021-03-08,798.7999877929688,799.8499755859375,765.3499755859375,773.2999877929688,40506
2021-03-09,773.2999877929688,773.2999877929688,732.0,747.5,34746
2021-03-10,750.0,754.5999755859375,735.0999755859375,742.9000244140625,12556
2021-03-12,736.0499877929688,744.9500122070312,725.0,733.75,18468
2021-03-15,737.5999755859375,748.2999877929688,724.0,740.6500244140625,19886
2021-03-16,740.6500244140625,747.9000244140625,726.5499877929688,743.1500244140625,7591
2021-03-17,745.0,785.1500244140625,710.7000122070312,725.3499755859375,143459
2021-03-18,735.0,744.9500122070312,702.8499755859375,714.7999877929688,37982
2021-03-19,708.2999877929688,722.25,690.6500244140625,720.25,17637
2021-03-22,723.9000244140625,754.6500244140625,720.0,746.8499755859375,32956
2021-03-23,754.75,764.1500244140625,730.0999755859375,760.3499755859375,21014
2021-03-24,759.9000244140625,763.4000244140625,740.0,743.0999755859375,12046
2021-03-25,746.0499877929688,753.8499755859375,719.8499755859375,721.2000122070312,9705
2021-03-26,724.8499755859375,738.0499877929688,720.0,720.7000122070312,7676
2021-03-30,724.5,744.9000244140625,710.0,733.5,16667
2021-03-31,734.0,735.0,719.2000122070312,722.2000122070312,11020
2021-04-01,723.0,745.0,722.0,742.2000122070312,11469
2021-04-05,746.0999755859375,746.0999755859375,719.7999877929688,723.5999755859375,8268
2021-04-06,725.25,733.75,721.25,724.4000244140625,6650
2021-04-07,727.7000122070312,733.0,719.6500244140625,720.0499877929688,15407
2021-04-08,723.7000122070312,733.4500122070312,720.0999755859375,721.5999755859375,11047
2021-04-09,725.25,728.0,720.0,723.4500122070312,6764
2021-04-12,725.0,727.0999755859375,695.0,699.5999755859375,14230
2021-04-13,687.25,714.9000244140625,687.25,705.0499877929688,9055
2021-04-15,695.0499877929688,711.3499755859375,695.0499877929688,703.5499877929688,6566
2021-04-16,703.9500122070312,713.0,700.0,704.4500122070312,10213
2021-04-19,703.0,715.0,694.0,697.0999755859375,21371
2021-04-20,700.5999755859375,717.0,700.0,707.4500122070312,5277
2021-04-22,700.0,711.6500244140625,687.2999877929688,696.4000244140625,7000
2021-04-23,695.0,697.0999755859375,680.0,686.2000122070312,12591
2021-04-26,700.9500122070312,707.9500122070312,691.9500122070312,696.2000122070312,29960
2021-04-27,699.7000122070312,711.0,686.8499755859375,690.25,26655
2021-04-28,693.75,748.75,685.0,723.6500244140625,162871
2021-04-29,720.2000122070312,730.6500244140625,708.75,714.9500122070312,20840
2021-04-30,715.0,718.5,704.2000122070312,707.2000122070312,10289
2021-05-03,716.0,716.0,691.0499877929688,702.1500244140625,12683
2021-05-04,710.0,712.5999755859375,689.4500122070312,693.1500244140625,13574
2021-05-05,696.6500244140625,702.8499755859375,692.25,697.4500122070312,8015
2021-05-06,700.9500122070312,704.7000122070312,689.6500244140625,693.7000122070312,10782
2021-05-07,693.7000122070312,702.0,686.9500122070312,693.3499755859375,18469
2021-05-10,693.0,697.9000244140625,680.0499877929688,685.7000122070312,27865
2021-05-11,693.9000244140625,699.25,683.0999755859375,689.25,54582
2021-05-12,692.7000122070312,713.8499755859375,687.0,703.6500244140625,48838
2021-05-14,709.7999877929688,727.0,709.7999877929688,714.7000122070312,77215
2021-05-17,724.8499755859375,724.8499755859375,703.0,708.1500244140625,14669
2021-05-18,713.0,713.0,697.0,701.9500122070312,25525
2021-05-19,702.0499877929688,709.8499755859375,695.5499877929688,702.6500244140625,28405
2021-05-20,706.2000122070312,708.9500122070312,694.5,696.9000244140625,17290
2021-05-21,692.0,724.0,692.0,705.4000244140625,41115
2021-05-24,714.0,718.2000122070312,705.7000122070312,709.5499877929688,19400
2021-05-25,709.5499877929688,717.9500122070312,707.6500244140625,713.2999877929688,21188
2021-05-26,720.0,725.0,704.7000122070312,713.0499877929688,27617
2021-05-27,716.6500244140625,717.5,704.5,706.5499877929688,34568
2021-05-28,708.0999755859375,729.8499755859375,702.0,711.2000122070312,50302
2021-05-31,724.9000244140625,724.9000244140625,696.0,699.0499877929688,105684
2021-06-01,705.0,706.0,680.75,684.3499755859375,96946
2021-06-02,689.9000244140625,717.0,684.0,701.4500122070312,117675
2021-06-03,709.0,709.0,698.0,699.0499877929688,43389
2021-06-04,705.0,715.0,698.0499877929688,699.25,190585
2021-06-07,719.9000244140625,745.0,715.0,723.6500244140625,625189
2021-06-08,730.0,737.0,724.1500244140625,729.25,113032
2021-06-09,730.2999877929688,743.0,709.2999877929688,713.8499755859375,156763
2021-06-10,720.0,726.7999877929688,714.0,719.75,66927
2021-06-11,727.0,729.9500122070312,715.0999755859375,718.75,44191
2021-06-14,728.9500122070312,728.9500122070312,690.0,691.9000244140625,257148
2021-06-15,695.0,708.0,693.4000244140625,695.8499755859375,99086
2021-06-16,701.0,703.0,691.9000244140625,693.25,51383
2021-06-17,691.9000244140625,704.9000244140625,690.0,694.2999877929688,65234
2021-06-18,697.0,699.7999877929688,683.1500244140625,690.7000122070312,35428
2021-06-21,690.7000122070312,693.5,684.0499877929688,690.0499877929688,17660
2021-06-22,699.7000122070312,699.7000122070312,691.4000244140625,693.9500122070312,27695
2021-06-23,699.0,704.7999877929688,690.0,691.5,49396
2021-06-24,697.0,697.0,688.8499755859375,690.0999755859375,20188
2021-06-25,693.5999755859375,694.9000244140625,689.0999755859375,689.7000122070312,27855
2021-06-28,694.9000244140625,701.0,688.5,693.7000122070312,71994
2021-06-29,696.0,714.0,684.0499877929688,690.2999877929688,249425
2021-06-30,695.9000244140625,695.9500122070312,685.0999755859375,686.5999755859375,39768
2021-07-01,690.0499877929688,690.0499877929688,686.5,688.9000244140625,22484
2021-07-02,689.9000244140625,696.1500244140625,688.4500122070312,692.3499755859375,24846
2021-07-05,696.0999755859375,699.9500122070312,689.0499877929688,691.8499755859375,41238
2021-07-06,695.0,697.7999877929688,688.0,689.2999877929688,36707
2021-07-07,692.75,693.9000244140625,686.0,686.9500122070312,31286
2021-07-08,694.5,694.5,681.4000244140625,683.9000244140625,48001
2021-07-09,687.0,688.7999877929688,680.4500122070312,685.3499755859375,13820
2021-07-12,687.0,692.0,683.0,685.9000244140625,24023
2021-07-13,685.2000122070312,689.3499755859375,675.0,680.4500122070312,64651
2021-07-14,679.9500122070312,680.0,668.0,669.9000244140625,99244
2021-07-15,672.0,681.6500244140625,668.0,669.0,60968
2021-07-16,678.0,678.0,665.0,668.2000122070312,54471
2021-07-19,669.9000244140625,672.5499877929688,664.6500244140625,665.5499877929688,41295
2021-07-20,664.0,668.8499755859375,651.4000244140625,658.6500244140625,38952
2021-07-22,668.9000244140625,668.9000244140625,651.5499877929688,654.2999877929688,39275
2021-07-23,668.0,668.0,647.0,649.0,43492
2021-07-26,655.9000244140625,655.9000244140625,647.5,648.6500244140625,46696
2021-07-27,659.0,659.0,644.0,647.9000244140625,46951
2021-07-28,648.0,651.0,635.4000244140625,637.4000244140625,35401
2021-07-29,640.5999755859375,650.0,639.3499755859375,648.7999877929688,36653
2021-07-30,650.0,657.0,647.0499877929688,649.25,33202
2021-08-02,655.0,664.5499877929688,651.0,658.5499877929688,29196
2021-08-03,664.0,669.0,642.9000244140625,645.5499877929688,50255
2021-08-04,656.9000244140625,658.2999877929688,639.0999755859375,639.9500122070312,40340
2021-08-05,644.9000244140625,644.9000244140625,628.0,634.2999877929688,37692
2021-08-06,636.0,644.5,624.0999755859375,626.4500122070312,50255
2021-08-09,642.2999877929688,642.2999877929688,631.0,635.6500244140625,43092
2021-08-10,631.0,638.7999877929688,619.2999877929688,625.7000122070312,40697
2021-08-11,625.0,639.0,608.2999877929688,613.4000244140625,57058
2021-08-12,621.0,630.0,611.0,613.0,43662
2021-08-13,621.2000122070312,621.2000122070312,598.0,599.5499877929688,125002
2021-08-16,599.9500122070312,609.7999877929688,593.0,597.5,72790
2021-08-17,601.9000244140625,608.0,586.5999755859375,589.75,69775
2021-08-18,600.0,601.3499755859375,588.5,590.2999877929688,42478
2021-08-20,580.5,589.9000244140625,570.0,572.0,63368
2021-08-23,582.0,585.0,551.5499877929688,560.2999877929688,54237
2021-08-24,567.5,593.4500122070312,559.9500122070312,576.4000244140625,75378
2021-08-25,582.9000244140625,593.0,577.2999877929688,591.3499755859375,49557
2021-08-26,599.0,600.0,585.1500244140625,593.8499755859375,49782
2021-08-27,600.0,625.8499755859375,588.9500122070312,615.4500122070312,68194
2021-08-30,619.9000244140625,619.9000244140625,601.0,605.0499877929688,49502
2021-08-31,613.2000122070312,613.5,600.5,609.3499755859375,50457
2021-09-01,612.9000244140625,613.7999877929688,598.0,601.9500122070312,36306
2021-09-02,607.9500122070312,607.9500122070312,601.9500122070312,605.7000122070312,20463
2021-09-03,609.0,612.3499755859375,604.0,608.7999877929688,39596
2021-09-06,613.9500122070312,618.0,609.0999755859375,609.9000244140625,36403
2021-09-07,617.75,617.75,604.5499877929688,608.5999755859375,30728
2021-09-08,613.9500122070312,619.9500122070312,605.0,613.5999755859375,33200
2021-09-09,617.9500122070312,617.9500122070312,605.25,612.25,37978
2021-09-13,613.0,614.2999877929688,600.0,603.9000244140625,30812
2021-09-14,606.0,609.25,602.75,606.0499877929688,35043
2021-09-15,613.0,613.0,603.0,605.8499755859375,26059
2021-09-16,608.9000244140625,623.7999877929688,606.4000244140625,609.5999755859375,83153
2021-09-17,618.0,620.5,604.9500122070312,615.8499755859375,94710
2021-09-20,615.0,616.4500122070312,606.5,608.1500244140625,19664
2021-09-21,611.2000122070312,611.2000122070312,600.0,603.2000122070312,25424
2021-09-22,608.9000244140625,614.9500122070312,592.0,596.2999877929688,39007
2021-09-23,599.2999877929688,607.0,591.5,593.7000122070312,43903
2021-09-24,593.7000122070312,597.0999755859375,587.0,589.0,33011
2021-09-27,589.0,593.5499877929688,579.2999877929688,585.9000244140625,37487
2021-09-28,587.2999877929688,595.0,583.7000122070312,586.4500122070312,42466
2021-09-29,584.5,595.0,581.0999755859375,584.75,39770
2021-09-30,588.4000244140625,592.5,583.0,584.2000122070312,51316
2021-10-01,584.0,592.4500122070312,581.0499877929688,583.5499877929688,31151
2021-10-04,586.5,592.9000244140625,583.0999755859375,587.1500244140625,32656
2021-10-05,593.0,598.0,588.0,592.7999877929688,51833
2021-10-06,594.25,599.9000244140625,588.0,590.0999755859375,46840
2021-10-07,591.0,593.5499877929688,585.9500122070312,589.9500122070312,56928
2021-10-08,593.0,597.5499877929688,585.7999877929688,588.4000244140625,164046
2021-10-11,593.9500122070312,593.9500122070312,585.0,585.3499755859375,61171
2021-10-12,589.8499755859375,595.0,587.5499877929688,590.5,35385
2021-10-13,594.9500122070312,596.0,590.0,591.8499755859375,37452
2021-10-14,594.75,598.0,591.5999755859375,593.7999877929688,41836
2021-10-18,599.0,606.0,590.0,599.1500244140625,55544
2021-10-19,599.9000244140625,601.0499877929688,585.5,587.7999877929688,48967
2021-10-20,587.7999877929688,594.75,580.5,583.4500122070312,31264
2021-10-21,583.5499877929688,589.1500244140625,578.5499877929688,582.9500122070312,108204
2021-10-22,585.9000244140625,588.4500122070312,570.0,576.8499755859375,58118
2021-10-25,585.75,585.75,568.9000244140625,573.9500122070312,55741
2021-10-26,570.0,620.0,570.0,593.6500244140625,53208
2021-10-27,599.0,603.25,580.8499755859375,586.0,203639
2021-10-28,593.9000244140625,617.0,583.7000122070312,588.5499877929688,63541
2021-10-29,591.5,591.5,575.0,578.75,31907
2021-11-01,582.0,595.0,570.0,584.5,34779
2021-11-02,592.0,617.5499877929688,586.0,594.5999755859375,40156
2021-11-03,595.2000122070312,603.5499877929688,591.0,595.1500244140625,62136
2021-11-04,601.9500122070312,602.7999877929688,595.1500244140625,598.5999755859375,9123
2021-11-08,601.25,601.25,586.0,592.2999877929688,24437
2021-11-09,600.0,615.0,593.9500122070312,609.3499755859375,128590
2021-11-10,602.5999755859375,609.5,596.7999877929688,597.7999877929688,30961
2021-11-11,601.8499755859375,604.0,591.7999877929688,597.5999755859375,14566
2021-11-12,605.0,605.0,589.0,591.0,19859
2021-11-15,592.5,595.0,579.0,583.8499755859375,15088
2021-11-16,576.2999877929688,606.0,576.2999877929688,594.2999877929688,32128
2021-11-17,594.9500122070312,595.9000244140625,585.25,586.75,15305
2021-11-18,585.0999755859375,601.0499877929688,576.5,599.5999755859375,82144
2021-11-22,599.5999755859375,600.0,575.5499877929688,582.0999755859375,31943
2021-11-23,589.75,589.75,576.0,578.7999877929688,26079
2021-11-24,578.0,584.0,575.0,576.8499755859375,18045
2021-11-25,579.75,585.0,571.5,575.0,20036
2021-11-26,570.0,574.2000122070312,562.0,564.8499755859375,21799
2021-11-29,564.8499755859375,565.2999877929688,545.0,547.0999755859375,45279
2021-11-30,546.1500244140625,554.5999755859375,499.75,512.2999877929688,354442
2021-12-01,527.7000122070312,531.8499755859375,515.0,519.8499755859375,72219
2021-12-02,522.4500122070312,523.9500122070312,516.0,519.4000244140625,43492
2021-12-03,522.0,522.0,513.9500122070312,517.7000122070312,35139
2021-12-06,518.5,528.0999755859375,504.0,506.6000061035156,49537
2021-12-07,509.1499938964844,511.8999938964844,495.0,497.79998779296875,91594
2021-12-08,504.8999938964844,515.0,496.8999938964844,499.8999938964844,160782
2021-12-09,506.0,506.0,489.1499938964844,493.0,178771
2021-12-10,495.8500061035156,507.8500061035156,489.0,490.3500061035156,298208
2021-12-13,505.0,505.0,487.95001220703125,489.8999938964844,475631
2021-12-14,496.0,496.0,460.6000061035156,465.5,541514
2021-12-15,475.0,484.0,468.1000061035156,471.0,458681
2021-12-16,473.3999938964844,487.3500061035156,472.0,475.0,264174
2021-12-17,480.5,480.5,457.0,459.0,181257
2021-12-20,458.0,458.3999938964844,425.0,433.70001220703125,216962
2021-12-21,439.95001220703125,442.3999938964844,430.0,433.5,65849
2021-12-22,437.3500061035156,444.54998779296875,435.70001220703125,443.1000061035156,93304
2021-12-23,443.5,451.3999938964844,438.04998779296875,439.5,94014
2021-12-24,441.70001220703125,447.0,435.45001220703125,439.5,41673
2021-12-27,445.0,445.0,430.04998779296875,432.04998779296875,84949
2021-12-28,435.5,436.8500061035156,433.25,435.0,69756
2021-12-29,437.8500061035156,440.70001220703125,437.0,438.3500061035156,58865
2021-12-30,442.0,442.0,438.0,440.04998779296875,45335
2021-12-31,443.0,457.0,440.75,451.1499938964844,98187
2022-01-03,454.5,460.5,454.0,456.5,77011
2022-01-04,459.95001220703125,459.95001220703125,452.6000061035156,457.3999938964844,73360
2022-01-05,458.0,469.0,454.8500061035156,463.79998779296875,107756
2022-01-06,465.0,465.0,456.8999938964844,460.04998779296875,73257
2022-01-07,462.3999938964844,464.95001220703125,458.0,460.29998779296875,77233
2022-01-10,462.6499938964844,464.5,458.5,459.6499938964844,55279
2022-01-11,460.0,463.79998779296875,453.1000061035156,454.3999938964844,45138
2022-01-12,459.0,468.8500061035156,451.45001220703125,459.70001220703125,83103
2022-01-13,462.0,463.75,457.29998779296875,459.04998779296875,64517
2022-01-14,460.0,460.1000061035156,457.5,459.0,59182
2022-01-17,465.8999938964844,503.0,465.8999938964844,485.54998779296875,672231
2022-01-18,489.3500061035156,495.0,471.0,475.5,188619
2022-01-19,475.04998779296875,481.45001220703125,469.0,475.25,109849
2022-01-20,478.0,481.3999938964844,469.0,470.79998779296875,85243
2022-01-21,469.8500061035156,476.3500061035156,464.1499938964844,466.25,83021
2022-01-24,473.70001220703125,475.45001220703125,452.0,454.8500061035156,138347
2022-01-25,456.79998779296875,462.0,445.5,452.3500061035156,81570
2022-01-27,454.0,464.95001220703125,450.3500061035156,462.79998779296875,64136
2022-01-28,465.5,471.0,455.25,458.95001220703125,69718
2022-01-31,464.95001220703125,469.95001220703125,452.1499938964844,453.5,46400
2022-02-01,455.79998779296875,458.45001220703125,446.75,451.54998779296875,75099
2022-02-02,452.0,466.5,452.0,461.3500061035156,66624
2022-02-03,461.5,475.0,461.5,471.0,49962
2022-02-04,471.04998779296875,480.20001220703125,465.04998779296875,467.3999938964844,60675
2022-02-07,489.95001220703125,494.79998779296875,478.0,482.1499938964844,177951
2022-02-08,482.0,494.0,472.0,476.54998779296875,182592
2022-02-09,479.8999938964844,483.8999938964844,473.1000061035156,476.1000061035156,59997
2022-02-10,490.0,494.0,482.0,490.79998779296875,320297
2022-02-11,485.8999938964844,499.5,485.1499938964844,494.29998779296875,170762
2022-02-14,494.0,499.95001220703125,480.04998779296875,488.29998779296875,207076
2022-02-15,495.75,497.3500061035156,485.29998779296875,493.3500061035156,120173
2022-02-16,499.95001220703125,518.7999877929688,498.20001220703125,514.75,229755
2022-02-17,519.9000244140625,522.0,513.8499755859375,515.25,174896
2022-02-18,509.0,509.0,492.5,494.8500061035156,107195
2022-02-21,490.04998779296875,491.70001220703125,466.6000061035156,472.45001220703125,90450
2022-02-22,465.0,471.0,456.95001220703125,461.8999938964844,51662
2022-02-23,464.95001220703125,467.8999938964844,455.1000061035156,457.70001220703125,37746
2022-02-24,455.0,455.0,416.8500061035156,419.6499938964844,125431
2022-02-25,425.1000061035156,439.95001220703125,422.0,424.5,78288
2022-02-28,427.75,444.95001220703125,423.5,441.8500061035156,42494
2022-03-02,448.0,454.6000061035156,442.54998779296875,451.6499938964844,46379
2022-03-03,457.54998779296875,476.0,454.79998779296875,473.25,88084
2022-03-04,469.8999938964844,484.8999938964844,467.0,473.5,74388
2022-03-07,469.0,471.70001220703125,455.04998779296875,465.75,53425
2022-03-08,468.1000061035156,472.1499938964844,451.04998779296875,458.0,39181
2022-03-09,455.5,462.5,454.8999938964844,457.0,22092
2022-03-10,461.0,469.95001220703125,456.1499938964844,459.95001220703125,34346
2022-03-11,461.1000061035156,467.54998779296875,455.0,460.8999938964844,25418
2022-03-14,461.0,475.1499938964844,458.79998779296875,460.54998779296875,59724
2022-03-15,464.8999938964844,467.0,454.5,455.75,54347
2022-03-16,457.5,459.8999938964844,453.1499938964844,454.54998779296875,36994
2022-03-17,460.0,464.95001220703125,455.0,457.79998779296875,57390
2022-03-21,457.79998779296875,459.8999938964844,439.8999938964844,447.25,91810
2022-03-22,447.25,447.25,436.5,439.8999938964844,47973
2022-03-23,439.5,443.45001220703125,436.1000061035156,437.8999938964844,41311
2022-03-24,440.0,449.95001220703125,437.8999938964844,443.29998779296875,116783
2022-03-25,446.5,454.95001220703125,439.04998779296875,440.3999938964844,56183
2022-03-28,444.95001220703125,444.95001220703125,427.75,429.3999938964844,97008
2022-03-29,428.1499938964844,433.1499938964844,417.0,418.6499938964844,109990
2022-03-30,424.95001220703125,426.8500061035156,418.70001220703125,421.45001220703125,58549
2022-03-31,423.6000061035156,433.79998779296875,420.0,422.54998779296875,71851
2022-04-01,422.54998779296875,432.3500061035156,422.54998779296875,427.75,84709
2022-04-04,434.6000061035156,437.79998779296875,430.6499938964844,432.6000061035156,69461
2022-04-05,433.54998779296875,452.3999938964844,433.54998779296875,449.6000061035156,86514
2022-04-06,453.0,467.0,451.04998779296875,462.8500061035156,85087
2022-04-07,462.8500061035156,471.6499938964844,454.3999938964844,461.70001220703125,51051
2022-04-08,466.25,469.1499938964844,451.0,456.45001220703125,33645
2022-04-11,459.8999938964844,463.5,455.0,457.25,23110
2022-04-12,459.6000061035156,464.95001220703125,450.54998779296875,452.3500061035156,25984
2022-04-13,454.6499938964844,459.1499938964844,450.54998779296875,451.75,26486
2022-04-18,454.04998779296875,454.04998779296875,442.04998779296875,446.04998779296875,26339
2022-04-19,446.04998779296875,451.1499938964844,440.04998779296875,442.6499938964844,29967
2022-04-20,444.20001220703125,459.8999938964844,444.20001220703125,453.1000061035156,57621
2022-04-21,450.0,451.0,440.6000061035156,444.0,80069
2022-04-22,444.0,450.0,440.1000061035156,444.1000061035156,63599
2022-04-25,444.0,444.75,430.04998779296875,434.6499938964844,45424
2022-04-26,439.70001220703125,440.0,433.1499938964844,437.6499938964844,25996
2022-04-27,435.0,435.75,429.0,430.3500061035156,35770
2022-04-28,428.0,435.8500061035156,426.1000061035156,430.3500061035156,43261
2022-04-29,435.0,436.8999938964844,425.0,426.70001220703125,63096
2022-05-02,426.0,441.8999938964844,425.04998779296875,433.3999938964844,122502
2022-05-04,435.6000061035156,435.6000061035156,421.0,423.3999938964844,45602
2022-05-05,429.95001220703125,429.95001220703125,420.25,421.04998779296875,28322
2022-05-06,415.0,418.20001220703125,411.04998779296875,415.75,43719
2022-05-09,410.0,415.0,403.95001220703125,406.45001220703125,52437
2022-05-10,408.5,416.6000061035156,399.0,400.3999938964844,75020
2022-05-11,402.45001220703125,404.75,382.0,389.20001220703125,63867
2022-05-12,384.95001220703125,388.0,377.6000061035156,385.54998779296875,48375
2022-05-13,387.5,394.95001220703125,387.5,389.45001220703125,29584
2022-05-16,390.0,398.0,385.0,385.8500061035156,47329
2022-05-17,386.20001220703125,392.5,384.0,387.6000061035156,36080
2022-05-18,389.54998779296875,404.54998779296875,387.54998779296875,398.75,61734
2022-05-19,398.0,409.95001220703125,393.29998779296875,404.6499938964844,66283
2022-05-20,406.70001220703125,414.29998779296875,405.5,409.3500061035156,39675
2022-05-23,419.8500061035156,421.8500061035156,406.0,411.0,57539
2022-05-24,414.70001220703125,414.70001220703125,406.04998779296875,410.6000061035156,53738
2022-05-25,412.70001220703125,413.8999938964844,406.0,408.29998779296875,34407
2022-05-26,405.04998779296875,408.8999938964844,397.0,404.70001220703125,230743
2022-05-27,408.0,414.0,407.70001220703125,411.70001220703125,23043
2022-05-30,415.0,419.6499938964844,412.79998779296875,415.29998779296875,20118
2022-05-31,418.8999938964844,420.75,415.0,415.70001220703125,20271
2022-06-01,412.54998779296875,423.0,412.54998779296875,421.8999938964844,16674
2022-06-02,422.0,423.29998779296875,420.0,421.3999938964844,15206
2022-06-03,423.5,424.75,417.6000061035156,419.25,23124
2022-06-06,415.0,428.3500061035156,415.0,424.8999938964844,38912
2022-06-07,423.45001220703125,434.0,421.75,429.1499938964844,36926
2022-06-08,429.95001220703125,429.95001220703125,422.0,425.8999938964844,9714
2022-06-09,424.1499938964844,433.95001220703125,420.04998779296875,422.8500061035156,245530
2022-06-10,417.3999938964844,427.04998779296875,417.0,425.1000061035156,19196
2022-06-13,423.0,423.0,413.1000061035156,415.54998779296875,18721
2022-06-14,423.8500061035156,423.8500061035156,405.1000061035156,406.29998779296875,12893
2022-06-15,405.29998779296875,414.0,405.1000061035156,406.75,8466
2022-06-16,408.0,410.70001220703125,388.0,397.45001220703125,25005
2022-06-17,404.8999938964844,405.0,388.0,394.6499938964844,36445
2022-06-20,395.04998779296875,399.0,381.04998779296875,384.25,31122
2022-06-21,384.5,393.29998779296875,383.0,392.3500061035156,17509
2022-06-22,394.95001220703125,395.0,385.0,391.70001220703125,18572
2022-06-23,393.5,402.79998779296875,393.25,396.04998779296875,12390
2022-06-24,398.04998779296875,404.0,395.25,399.95001220703125,5777
2022-06-27,401.95001220703125,409.8999938964844,400.5,408.25,11608
2022-06-28,408.0,408.0,399.1000061035156,403.75,10092
2022-06-29,403.75,406.8500061035156,395.20001220703125,398.5,12229
2022-06-30,395.04998779296875,408.20001220703125,395.04998779296875,402.0,9812
2022-07-01,403.0,403.0,392.54998779296875,399.0,8532
2022-07-04,399.95001220703125,403.0,397.04998779296875,399.3500061035156,13275
2022-07-05,398.54998779296875,408.0,398.04998779296875,402.0,19625
2022-07-06,400.6000061035156,405.8500061035156,400.6000061035156,402.75,11454
2022-07-07,409.0,409.0,402.8500061035156,405.25,55385
2022-07-08,407.29998779296875,410.0,400.04998779296875,408.70001220703125,27470
2022-07-11,410.75,419.3999938964844,408.70001220703125,416.79998779296875,23814
2022-07-12,417.54998779296875,417.6000061035156,410.0,411.6000061035156,8295
2022-07-13,413.70001220703125,418.20001220703125,410.6000061035156,413.45001220703125,9812
2022-07-14,416.0,418.95001220703125,410.04998779296875,412.70001220703125,13570
2022-07-15,416.8500061035156,418.8500061035156,407.04998779296875,410.95001220703125,10819
2022-07-18,412.0,416.0,409.8500061035156,414.25,12462
2022-07-19,417.70001220703125,427.0,415.8500061035156,425.75,32292
2022-07-20,433.95001220703125,433.95001220703125,425.1000061035156,428.75,24986
2022-07-21,429.5,429.95001220703125,425.5,428.1000061035156,10376
2022-07-22,430.25,435.0,422.0,427.45001220703125,10556
2022-07-25,428.0,429.3999938964844,423.29998779296875,423.8999938964844,8231
2022-07-26,426.0,426.0,416.8500061035156,417.6499938964844,6106
2022-07-27,416.0,420.0,412.54998779296875,417.8500061035156,7675
2022-07-28,417.8500061035156,423.1000061035156,415.04998779296875,415.95001220703125,7531
2022-07-29,418.04998779296875,423.3999938964844,416.25,419.70001220703125,11355
2022-08-01,425.0,433.79998779296875,423.0,429.0,28729
2022-08-02,431.1499938964844,441.0,429.8999938964844,438.8500061035156,42491
2022-08-03,441.0,445.0,434.25,440.70001220703125,35253
2022-08-04,449.3500061035156,455.0,438.20001220703125,441.6000061035156,93422
2022-08-05,441.6000061035156,443.79998779296875,432.0,434.75,23888
2022-08-08,440.0,448.0,438.6000061035156,444.8999938964844,68103
2022-08-10,447.8999938964844,452.25,442.04998779296875,450.70001220703125,45470
2022-08-11,450.70001220703125,451.8999938964844,441.8999938964844,443.20001220703125,16643
2022-08-12,441.0,449.6000061035156,438.1000061035156,440.8500061035156,24314
2022-08-16,444.0,450.0,442.3500061035156,449.04998779296875,21705
2022-08-17,450.75,460.0,450.1000061035156,458.6000061035156,52592
2022-08-18,460.8999938964844,468.3999938964844,458.0,465.79998779296875,38488
2022-08-19,468.1499938964844,469.95001220703125,458.0,459.3999938964844,34977
2022-08-22,460.0,460.0,447.0,448.20001220703125,18634
2022-08-23,448.0,452.5,439.0,448.0,19614
2022-08-24,445.04998779296875,457.8999938964844,445.04998779296875,453.8999938964844,13978
2022-08-25,455.8999938964844,463.54998779296875,455.79998779296875,461.70001220703125,25631
2022-08-26,461.70001220703125,467.6499938964844,458.0,459.8500061035156,18495
2022-08-29,455.04998779296875,479.45001220703125,448.6000061035156,476.20001220703125,102919
2022-08-30,482.0,492.6000061035156,482.0,484.1000061035156,116970
2022-09-01,484.1000061035156,498.6000061035156,481.3999938964844,492.5,77536
2022-09-02,499.95001220703125,499.95001220703125,485.8999938964844,487.1499938964844,36206
2022-09-05,491.95001220703125,497.04998779296875,482.0,483.6499938964844,26813
2022-09-06,488.0,494.95001220703125,483.5,486.0,22590
2022-09-07,486.8999938964844,486.95001220703125,480.1000061035156,481.95001220703125,18926
2022-09-08,480.04998779296875,491.0,480.04998779296875,481.95001220703125,34123
2022-09-09,480.0,483.79998779296875,463.8999938964844,467.5,42440
2022-09-12,469.95001220703125,478.95001220703125,468.5,473.1499938964844,25420
2022-09-13,473.1499938964844,476.1000061035156,469.95001220703125,472.8999938964844,20220
2022-09-14,471.0,474.54998779296875,469.29998779296875,469.8999938964844,15523
2022-09-15,466.29998779296875,472.25,460.0,462.70001220703125,24139
2022-09-16,460.20001220703125,468.04998779296875,429.04998779296875,432.5,102692
2022-09-19,433.0,443.95001220703125,433.0,440.0,22302
2022-09-20,441.5,450.0,441.5,447.54998779296875,25150
2022-09-21,449.1000061035156,449.1000061035156,435.04998779296875,438.54998779296875,14761
2022-09-22,443.0,444.95001220703125,430.1000061035156,438.04998779296875,20455
2022-09-23,438.0,438.29998779296875,426.04998779296875,428.29998779296875,23470
2022-09-26,427.6000061035156,427.6000061035156,410.25,420.04998779296875,40113
2022-09-27,422.20001220703125,434.6499938964844,421.25,430.20001220703125,17731
2022-09-28,433.95001220703125,439.95001220703125,425.04998779296875,438.20001220703125,18250
2022-09-29,439.95001220703125,444.0,425.3500061035156,430.25,15476
2022-09-30,432.45001220703125,436.95001220703125,423.3999938964844,428.79998779296875,20401
2022-10-03,428.79998779296875,433.6499938964844,425.6499938964844,427.54998779296875,12378
2022-10-04,430.6499938964844,434.95001220703125,427.04998779296875,428.75,14353
2022-10-06,430.5,432.95001220703125,426.0,431.6000061035156,10825
2022-10-07,431.6000061035156,434.95001220703125,427.54998779296875,431.6000061035156,8717
2022-10-10,431.6000061035156,433.75,426.0,427.79998779296875,10622
2022-10-11,427.79998779296875,430.8999938964844,425.0,426.54998779296875,13441
2022-10-12,428.70001220703125,431.8999938964844,424.1499938964844,430.54998779296875,8415
2022-10-13,430.54998779296875,433.8999938964844,427.54998779296875,432.3999938964844,14761
2022-10-14,433.8999938964844,448.1499938964844,430.04998779296875,441.45001220703125,34052
2022-10-17,443.0,443.6499938964844,433.0,434.1000061035156,9779
2022-10-18,433.0,437.95001220703125,426.75,427.5,13962
2022-10-19,427.6499938964844,430.0,426.0,428.1499938964844,7144
2022-10-20,420.54998779296875,427.45001220703125,403.25,406.8500061035156,92771
2022-10-21,408.95001220703125,413.95001220703125,406.6499938964844,409.1000061035156,22818
2022-10-24,414.1000061035156,416.95001220703125,412.29998779296875,415.3500061035156,7985
2022-10-25,415.3999938964844,415.8500061035156,409.0,410.8500061035156,13443
2022-10-27,411.0,414.95001220703125,409.0,410.6000061035156,19477
2022-10-28,414.70001220703125,414.70001220703125,406.1000061035156,412.8500061035156,24652
2022-10-31,413.0,418.45001220703125,411.04998779296875,413.45001220703125,20343
2022-11-01,410.29998779296875,414.95001220703125,410.29998779296875,412.6499938964844,12557
2022-11-02,414.75,415.25,412.3500061035156,413.5,7047
2022-11-03,412.6000061035156,416.6499938964844,411.04998779296875,414.6000061035156,12991
2022-11-04,416.0,417.95001220703125,411.20001220703125,416.8500061035156,13483
2022-11-07,424.0,432.0,418.1499938964844,430.29998779296875,34271
2022-11-09,430.29998779296875,431.95001220703125,417.0,419.1000061035156,48334
2022-11-10,421.1000061035156,424.95001220703125,416.3999938964844,419.54998779296875,15478
2022-11-11,428.8999938964844,428.8999938964844,416.54998779296875,420.29998779296875,19446
2022-11-14,416.20001220703125,426.0,416.20001220703125,424.5,19833
2022-11-15,425.0,430.8999938964844,420.1000061035156,421.45001220703125,17931
2022-11-16,421.0,427.5,420.1000061035156,425.79998779296875,21852
2022-11-17,427.95001220703125,430.8999938964844,423.1499938964844,424.29998779296875,17267
2022-11-18,426.45001220703125,426.45001220703125,418.6000061035156,420.79998779296875,13145
2022-11-21,423.0,426.54998779296875,420.04998779296875,422.75,21578
2022-11-22,424.70001220703125,432.0,423.6499938964844,430.8999938964844,72774
2022-11-23,433.1000061035156,444.0,432.5,441.29998779296875,141154
2022-11-24,444.8999938964844,450.0,438.20001220703125,441.95001220703125,34245
2022-11-25,444.0,444.0,434.04998779296875,439.6000061035156,36120
2022-11-28,440.0,449.8999938964844,440.0,443.3999938964844,49012
2022-11-29,445.3999938964844,449.79998779296875,442.5,443.8999938964844,39494
2022-11-30,443.8999938964844,462.3999938964844,443.8999938964844,451.54998779296875,175573
2022-12-01,459.0,459.0,448.04998779296875,455.25,61606
2022-12-02,454.0,458.54998779296875,450.95001220703125,455.79998779296875,47349
2022-12-05,459.95001220703125,465.8500061035156,459.95001220703125,463.8999938964844,77633
2022-12-06,463.0,463.0,455.04998779296875,460.04998779296875,43432
2022-12-07,462.3999938964844,462.3999938964844,446.1000061035156,448.45001220703125,21832
2022-12-08,450.70001220703125,463.0,450.70001220703125,457.95001220703125,37093
2022-12-09,453.29998779296875,461.95001220703125,452.54998779296875,457.79998779296875,34018
2022-12-12,457.0,461.0,452.20001220703125,458.3999938964844,36672
2022-12-13,460.70001220703125,462.6000061035156,455.1000061035156,458.8999938964844,33566
2022-12-14,458.95001220703125,468.3999938964844,451.0,455.70001220703125,53802
2022-12-15,457.8999938964844,469.0,456.5,458.75,39245
2022-12-16,458.75,460.8500061035156,449.0,456.54998779296875,26775
2022-12-19,456.54998779296875,460.5,453.1499938964844,454.6000061035156,26327
2022-12-20,457.1000061035156,461.70001220703125,451.1499938964844,452.6000061035156,23058
2022-12-21,453.79998779296875,457.04998779296875,435.1000061035156,438.3500061035156,32335
2022-12-22,440.54998779296875,441.0,419.0,421.6000061035156,38805
2022-12-23,421.0,421.0,409.0,410.1499938964844,27482
2022-12-26,412.25,423.79998779296875,411.6499938964844,421.04998779296875,19944
2022-12-27,423.20001220703125,428.04998779296875,420.3500061035156,425.1499938964844,15499
2022-12-28,421.29998779296875,427.20001220703125,420.1000061035156,423.1000061035156,12747
2022-12-29,425.20001220703125,429.3999938964844,422.0,424.79998779296875,11990
2022-12-30,425.6000061035156,428.75,422.3500061035156,423.29998779296875,14858
2023-01-02,425.45001220703125,429.79998779296875,421.6000061035156,427.25,13488
2023-01-03,429.3999938964844,434.3500061035156,425.79998779296875,432.3999938964844,20160
2023-01-04,434.6000061035156,434.6000061035156,424.0,428.6499938964844,11220
2023-01-05,428.1000061035156,432.0,426.3999938964844,430.5,6059
2023-01-06,432.70001220703125,432.70001220703125,424.45001220703125,427.25,8511
2023-01-09,429.3999938964844,431.75,423.1000061035156,426.3500061035156,13619
2023-01-10,426.3500061035156,428.95001220703125,412.5,420.25,18168
2023-01-11,422.3999938964844,424.8999938964844,418.1000061035156,422.8999938964844,10793
2023-01-12,420.1000061035156,424.95001220703125,418.1499938964844,421.5,8838
2023-01-13,421.3999938964844,423.6000061035156,418.6499938964844,420.75,8262
2023-01-16,423.0,423.0,416.54998779296875,417.25,19546
2023-01-17,417.1000061035156,418.95001220703125,412.70001220703125,415.0,13188
2023-01-18,417.1000061035156,417.1000061035156,413.0,415.0,11253
2023-01-19,415.0,419.95001220703125,413.04998779296875,414.8999938964844,9610
2023-01-20,415.20001220703125,419.0,411.04998779296875,412.3999938964844,13825
2023-01-23,416.70001220703125,421.70001220703125,415.0,420.1499938964844,25185
2023-01-24,421.70001220703125,432.8999938964844,419.6000061035156,429.79998779296875,22744
2023-01-25,430.6000061035156,434.0,423.25,432.20001220703125,21039
2023-01-27,429.0,434.3500061035156,418.54998779296875,426.75,32218
2023-01-30,427.6000061035156,428.6499938964844,421.0,425.45001220703125,11921
2023-01-31,425.0,434.95001220703125,425.0,433.3999938964844,14916
2023-02-01,427.6000061035156,436.1499938964844,421.54998779296875,426.5,10981
2023-02-02,421.75,429.6499938964844,416.1000061035156,419.95001220703125,24822
2023-02-03,432.0,456.25,426.0,429.5,177773
2023-02-06,431.6499938964844,435.8999938964844,428.6499938964844,431.04998779296875,20992
2023-02-07,433.25,433.25,424.0,426.79998779296875,33125
2023-02-08,428.95001220703125,436.0,427.0,435.04998779296875,13879
2023-02-09,437.0,438.70001220703125,433.8999938964844,435.1000061035156,20309
2023-02-10,434.0,437.75,434.0,436.54998779296875,13241
2023-02-13,439.79998779296875,439.79998779296875,436.0,436.8500061035156,14221
2023-02-14,439.0,439.3999938964844,436.25,438.0,17125
2023-02-15,439.0,439.0,435.29998779296875,435.6499938964844,6664
2023-02-16,437.8500061035156,438.8500061035156,434.0,437.79998779296875,11248
2023-02-17,438.8999938964844,443.8999938964844,430.6000061035156,433.25,19535
2023-02-20,431.29998779296875,439.95001220703125,426.6000061035156,438.6000061035156,258684
2023-02-21,439.8999938964844,444.0,433.25,435.6499938964844,15254
2023-02-22,436.8999938964844,436.8999938964844,426.20001220703125,430.8999938964844,223961
2023-02-23,430.8999938964844,433.8999938964844,427.1000061035156,431.20001220703125,6077
2023-02-24,433.3999938964844,433.3999938964844,426.0,427.29998779296875,8903
2023-02-27,429.3999938964844,429.70001220703125,412.5,413.75,20129
2023-02-28,412.45001220703125,418.8500061035156,410.0,415.20001220703125,19525
2023-03-01,417.29998779296875,420.25,411.75,416.20001220703125,13510
2023-03-02,418.0,421.04998779296875,412.1000061035156,415.8999938964844,19534
2023-03-03,416.54998779296875,418.8999938964844,412.3500061035156,414.20001220703125,38270
2023-03-06,416.29998779296875,425.0,410.0,419.0,40863
2023-03-08,421.0,421.04998779296875,415.54998779296875,416.79998779296875,10245
2023-03-09,419.8999938964844,419.8999938964844,415.04998779296875,418.1000061035156,14771
2023-03-10,419.95001220703125,420.0,413.0,415.3999938964844,18347
2023-03-13,417.5,417.5,408.3999938964844,409.3500061035156,13476
2023-03-14,409.3500061035156,409.3500061035156,404.1499938964844,405.29998779296875,15532
2023-03-15,407.3500061035156,408.20001220703125,402.8500061035156,403.95001220703125,13291
2023-03-16,404.5,405.0,401.8500061035156,402.75,13752
2023-03-17,404.79998779296875,407.04998779296875,402.1000061035156,403.25,14266
2023-03-20,401.70001220703125,404.04998779296875,398.5,401.54998779296875,14602
2023-03-21,402.8999938964844,403.1499938964844,399.1499938964844,400.04998779296875,35735
2023-03-22,402.1000061035156,404.04998779296875,401.20001220703125,402.79998779296875,212120
2023-03-23,403.45001220703125,408.0,402.1000061035156,406.1000061035156,18716
2023-03-24,408.1499938964844,408.1499938964844,400.29998779296875,403.54998779296875,25710
2023-03-27,404.95001220703125,406.29998779296875,400.1000061035156,403.8999938964844,35159
2023-03-28,405.0,405.0,402.79998779296875,403.1000061035156,85361
2023-03-29,403.5,406.1000061035156,402.04998779296875,404.25,18322
2023-03-31,406.29998779296875,409.0,403.04998779296875,404.45001220703125,21935
2023-04-03,409.0,409.95001220703125,405.04998779296875,409.3999938964844,7365
2023-04-05,409.3999938964844,414.95001220703125,409.3999938964844,413.3999938964844,5959
2023-04-06,413.3999938964844,414.95001220703125,410.45001220703125,412.70001220703125,6465
2023-04-10,415.95001220703125,416.0,411.04998779296875,412.8500061035156,16409
2023-04-11,414.95001220703125,416.79998779296875,412.54998779296875,414.3999938964844,6303
2023-04-12,413.3999938964844,416.5,410.04998779296875,412.0,6513
2023-04-13,417.70001220703125,420.0,413.3999938964844,417.8500061035156,9826
2023-04-17,420.95001220703125,420.95001220703125,413.8999938964844,414.1000061035156,5711
2023-04-18,415.0,415.1000061035156,412.1499938964844,413.04998779296875,34924
2023-04-19,415.8999938964844,415.8999938964844,410.95001220703125,411.95001220703125,10439
2023-04-20,411.1000061035156,414.95001220703125,410.54998779296875,411.75,5738
2023-04-21,410.79998779296875,412.70001220703125,409.04998779296875,409.8999938964844,5497
2023-04-24,413.20001220703125,413.20001220703125,409.0,409.8999938964844,7249
2023-04-25,409.8999938964844,411.3500061035156,402.0,405.5,17179
2023-04-26,406.3500061035156,409.0,403.20001220703125,406.3999938964844,13399
2023-04-27,408.0,410.0,407.0,408.29998779296875,8733
2023-04-28,410.0,410.0,406.70001220703125,408.0,38425
2023-05-02,412.8999938964844,412.8999938964844,407.0,409.04998779296875,26849
2023-05-03,410.8500061035156,419.0,407.8500061035156,411.0,106660
2023-05-04,415.0,419.6499938964844,412.3999938964844,417.70001220703125,62972
2023-05-05,421.95001220703125,424.6000061035156,413.0,414.75,58070
2023-05-08,420.79998779296875,424.45001220703125,414.1000061035156,415.45001220703125,55347
2023-05-09,417.54998779296875,420.8999938964844,413.04998779296875,415.1499938964844,21566
2023-05-10,415.0,425.8999938964844,415.0,419.95001220703125,37566
2023-05-11,421.1499938964844,421.25,414.25,415.5,43682
2023-05-12,417.6000061035156,419.8999938964844,413.45001220703125,417.8500061035156,23321
2023-05-15,420.95001220703125,420.95001220703125,415.1000061035156,417.8500061035156,23154
2023-05-16,418.0,422.0,417.8999938964844,419.45001220703125,39775
2023-05-17,421.54998779296875,421.54998779296875,417.54998779296875,418.04998779296875,23063
2023-05-18,423.0,428.0,421.1000061035156,421.75,39648
2023-05-19,423.8999938964844,447.70001220703125,423.8999938964844,440.45001220703125,273162
2023-05-22,442.3999938964844,445.25,437.20001220703125,440.1000061035156,48785
2023-05-23,442.3500061035156,450.0,436.8500061035156,445.20001220703125,59156
2023-05-24,447.0,447.20001220703125,440.0,440.8999938964844,29427
2023-05-25,440.1000061035156,446.79998779296875,440.0,444.3999938964844,36312
2023-05-26,447.0,461.1000061035156,445.0,459.20001220703125,84670
2023-05-29,460.0,463.29998779296875,447.6499938964844,452.6000061035156,41261
2023-05-30,455.95001220703125,456.5,449.95001220703125,453.6499938964844,33393
2023-05-31,451.0,463.6000061035156,451.0,455.20001220703125,27211
2023-06-01,457.5,459.95001220703125,454.5,455.1000061035156,29461
2023-06-02,457.0,467.6000061035156,454.95001220703125,458.0,63643
2023-06-05,464.0,465.0,455.0,456.70001220703125,33957
2023-06-06,458.8999938964844,460.95001220703125,455.0,459.54998779296875,22904
2023-06-07,461.79998779296875,463.3999938964844,455.0,458.54998779296875,25022
2023-06-08,460.8500061035156,462.45001220703125,453.95001220703125,457.20001220703125,39938
2023-06-09,457.79998779296875,459.0,454.95001220703125,455.20001220703125,9916
2023-06-12,457.5,459.1000061035156,453.8999938964844,455.1499938964844,21306
2023-06-13,460.20001220703125,473.25,460.20001220703125,467.20001220703125,117519
2023-06-14,469.3500061035156,469.45001220703125,462.79998779296875,464.1499938964844,36815
2023-06-15,466.5,469.6000061035156,464.04998779296875,465.3999938964844,17480
2023-06-16,464.04998779296875,467.29998779296875,461.45001220703125,462.75,29276
2023-06-19,464.8999938964844,467.75,456.0,458.8500061035156,20768
2023-06-20,459.0,462.1000061035156,458.0,460.0,17147
2023-06-21,463.0,469.70001220703125,457.0,460.79998779296875,43574
2023-06-22,462.8999938964844,467.0,454.0,455.70001220703125,37701
2023-06-23,455.20001220703125,461.6499938964844,454.54998779296875,458.0,17254
2023-06-26,458.8999938964844,459.8999938964844,455.1000061035156,457.5,21556
2023-06-27,457.5,463.3500061035156,456.70001220703125,460.29998779296875,17040
2023-06-28,459.5,468.8999938964844,459.5,464.1499938964844,27687
2023-06-30,466.3999938964844,470.45001220703125,462.8500061035156,463.45001220703125,28997
2023-07-03,465.0,478.5,464.1000061035156,469.75,53070
2023-07-04,473.3999938964844,473.3999938964844,461.0,470.0,42612
2023-07-05,469.5,478.95001220703125,469.45001220703125,470.5,43152
2023-07-06,470.0,479.8999938964844,469.5,476.5,78309
2023-07-07,478.79998779296875,487.8500061035156,474.79998779296875,477.04998779296875,54569
2023-07-10,475.0,478.79998779296875,474.6499938964844,475.45001220703125,17699
2023-07-11,476.8999938964844,482.95001220703125,476.5,480.29998779296875,37026
2023-07-12,482.0,482.70001220703125,475.25,478.1000061035156,23755
2023-07-13,478.79998779296875,489.0,476.0,478.6499938964844,50639
2023-07-14,478.6499938964844,481.95001220703125,476.20001220703125,480.3999938964844,16685
2023-07-17,481.20001220703125,486.25,481.20001220703125,482.29998779296875,16681
2023-07-18,480.0,482.79998779296875,478.1499938964844,480.04998779296875,37375
2023-07-19,480.6499938964844,484.0,478.6499938964844,480.1499938964844,18305
2023-07-20,481.5,483.0,479.1499938964844,480.5,20112
2023-07-21,480.5,494.79998779296875,479.0,492.6499938964844,70539
2023-07-24,490.04998779296875,494.5,490.04998779296875,492.79998779296875,58397
2023-07-25,495.0,495.0,485.20001220703125,486.8500061035156,18923
2023-07-26,486.79998779296875,488.8500061035156,481.8500061035156,483.8999938964844,22216
2023-07-27,486.5,492.79998779296875,482.29998779296875,491.54998779296875,41296
2023-07-28,490.0,521.9500122070312,489.1499938964844,517.5,232757
2023-07-31,522.6500244140625,540.9500122070312,522.2999877929688,527.5,174378
2023-08-01,540.9500122070312,541.7000122070312,522.2999877929688,532.0,97544
2023-08-02,530.5,539.9500122070312,523.0,530.25,82378
2023-08-03,527.25,546.0499877929688,522.5499877929688,539.2000122070312,76638
2023-08-04,552.4500122070312,607.4000244140625,550.0,570.25,1313513
2023-08-07,575.0,601.0,571.25,590.0999755859375,386871
2023-08-08,599.0,599.0,585.0,587.8499755859375,133003
2023-08-09,599.4500122070312,599.4500122070312,588.0499877929688,594.4000244140625,93893
2023-08-10,595.0,618.0,595.0,613.0,248267
2023-08-11,615.0,620.0,611.0999755859375,618.2999877929688,140102
2023-08-14,618.0,619.8499755859375,600.0,601.8499755859375,155573
2023-08-16,600.0,621.9500122070312,600.0,610.75,151212
2023-08-17,614.9500122070312,622.0,611.5,617.2999877929688,81917
2023-08-18,619.9000244140625,620.0,612.0,615.6500244140625,94094
2023-08-21,615.6500244140625,624.9500122070312,614.25,617.8499755859375,150312
2023-08-22,622.9000244140625,624.9500122070312,618.3499755859375,620.1500244140625,196649
2023-08-23,626.0,644.7000122070312,622.5,632.3499755859375,476834
2023-08-24,634.9000244140625,640.0,624.4000244140625,626.3499755859375,200094
2023-08-25,595.0,596.0,564.2999877929688,566.5999755859375,562691
2023-08-28,575.0,580.7000122070312,560.1500244140625,563.9500122070312,188690
2023-08-29,566.9500122070312,593.9500122070312,566.9000244140625,587.0,347727
2023-08-30,591.9500122070312,603.0,580.25,583.4500122070312,215927
2023-08-31,585.0,591.75,575.0499877929688,578.9500122070312,64866
2023-09-01,578.9000244140625,589.9500122070312,578.2999877929688,585.0999755859375,61802
2023-09-04,585.9500122070312,591.4000244140625,565.0,567.2999877929688,147304
2023-09-05,570.1500244140625,570.5999755859375,557.8499755859375,559.75,105953
2023-09-06,563.9000244140625,582.4000244140625,557.5,571.1500244140625,158823
2023-09-07,573.9000244140625,573.9000244140625,560.0,566.25,61952
2023-09-08,566.25,571.8499755859375,565.0,569.9500122070312,131606
2023-09-11,572.7000122070312,578.0,564.0,564.7999877929688,59999
2023-09-12,569.9500122070312,569.9500122070312,542.25,545.25,123943
2023-09-13,546.2999877929688,561.0,544.0,555.4500122070312,61459
2023-09-14,555.8499755859375,560.4000244140625,555.8499755859375,559.0499877929688,37380
2023-09-15,559.0999755859375,561.5999755859375,550.0499877929688,551.75,54284
2023-09-18,551.75,561.0,549.7999877929688,559.6500244140625,69621
2023-09-20,562.0,562.0,545.0,548.25,39218
2023-09-21,545.0,550.9000244140625,540.4000244140625,541.5999755859375,23767
2023-09-22,541.5999755859375,543.2999877929688,526.5,534.7999877929688,62152
2023-09-25,535.0999755859375,539.0499877929688,526.0,528.0,52270
2023-09-26,527.0,541.0,527.0,531.5,35327
2023-09-27,534.2000122070312,537.2999877929688,526.0999755859375,527.5,32612
2023-09-28,530.7999877929688,532.9500122070312,522.4000244140625,527.7000122070312,42908
2023-09-29,529.0999755859375,542.7000122070312,526.2999877929688,530.5499877929688,72691
2023-10-03,531.0,539.6500244140625,531.0,533.4500122070312,25316
2023-10-04,534.6500244140625,546.3499755859375,530.0999755859375,537.7000122070312,48397
2023-10-05,539.6500244140625,558.0,535.2999877929688,549.7999877929688,63088
2023-10-06,552.5499877929688,554.6500244140625,545.2999877929688,550.2000122070312,28263
2023-10-09,531.0999755859375,541.4000244140625,522.3499755859375,525.5499877929688,57773
2023-10-10,526.0,529.9500122070312,522.0499877929688,525.3499755859375,32020
2023-10-11,528.0,546.0,528.0,544.3499755859375,55499
2023-10-12,541.4000244140625,556.4000244140625,541.4000244140625,550.0999755859375,38201
2023-10-13,550.0999755859375,572.0,549.0,567.7999877929688,156256
2023-10-16,570.0,581.9500122070312,569.0499877929688,576.4500122070312,110545
2023-10-17,579.2999877929688,585.0,573.25,578.8499755859375,59521
2023-10-18,581.75,581.75,557.7000122070312,560.3499755859375,53031
2023-10-19,562.5499877929688,570.6500244140625,554.7000122070312,567.0499877929688,30170
2023-10-20,571.9000244140625,575.0,561.9000244140625,567.2999877929688,37315
2023-10-23,567.2999877929688,570.0999755859375,534.3499755859375,539.2999877929688,57822
2023-10-25,555.0,557.8499755859375,530.0499877929688,540.4500122070312,48961
2023-10-26,551.25,583.0,541.2999877929688,573.2999877929688,1020643
2023-10-27,583.0499877929688,618.0,573.4000244140625,611.6500244140625,655155
2023-10-30,617.75,622.7000122070312,600.0499877929688,609.8499755859375,353183
2023-10-31,613.7000122070312,638.4000244140625,610.5,624.3499755859375,569654
2023-11-01,629.7000122070312,630.8499755859375,609.7000122070312,614.0,155457
2023-11-02,622.0,628.1500244140625,615.9000244140625,619.4000244140625,94483
2023-11-03,625.4000244140625,625.7000122070312,612.2999877929688,616.3499755859375,78792
2023-11-06,622.0,622.7000122070312,605.0,608.25,110410
2023-11-07,610.0,622.0,602.0999755859375,619.4000244140625,138270
2023-11-08,622.0,625.9500122070312,604.0,616.3499755859375,84607
2023-11-09,617.0,618.9500122070312,604.5,608.4500122070312,63599
2023-11-10,600.0,617.9000244140625,600.0,611.75,96233
2023-11-13,624.0,627.0,614.2000122070312,621.9500122070312,153854
2023-11-15,634.4500122070312,643.75,625.0,627.7999877929688,303099
2023-11-16,630.0,630.0,610.5,614.0499877929688,130146
2023-11-17,615.0,622.0499877929688,610.0,615.0,157569
2023-11-20,615.0,636.9500122070312,613.5499877929688,619.2999877929688,197472
2023-11-21,622.4000244140625,627.8499755859375,612.1500244140625,617.0999755859375,86994
2023-11-22,618.0499877929688,658.9500122070312,618.0499877929688,632.75,686671
2023-11-23,635.0,649.7999877929688,626.0499877929688,633.5999755859375,145468
2023-11-24,633.0,641.9000244140625,632.1500244140625,634.1500244140625,91122
2023-11-28,649.5,689.0,646.8499755859375,684.0,1082231
2023-11-29,694.7999877929688,698.7999877929688,680.5,691.4500122070312,374592
2023-11-30,688.75,709.7999877929688,683.1500244140625,696.5,263176
2023-12-01,694.0,704.7000122070312,683.1500244140625,688.5999755859375,174092
2023-12-04,697.9500122070312,704.0,683.5,685.3499755859375,151782
2023-12-05,693.0,696.5,676.5,683.0499877929688,108519
2023-12-06,689.8499755859375,693.25,672.75,678.6500244140625,90129
2023-12-07,685.5,689.5,669.6500244140625,675.2000122070312,155068
2023-12-08,675.2000122070312,684.9500122070312,656.0,663.0,83146
2023-12-11,666.2999877929688,673.2000122070312,655.0,659.5999755859375,98892
2023-12-12,664.0,672.0,640.0999755859375,644.9500122070312,134752
2023-12-13,648.2000122070312,677.2000122070312,648.1500244140625,670.6500244140625,258440
2023-12-14,678.0,686.5999755859375,655.0,665.2000122070312,270481
2023-12-15,665.0,671.7999877929688,652.2999877929688,654.75,161816
2023-12-18,655.0,662.7000122070312,652.0999755859375,654.1500244140625,102169
2023-12-19,659.0,680.0499877929688,650.7999877929688,676.1500244140625,289764
2023-12-20,682.9500122070312,689.7999877929688,632.0499877929688,649.2000122070312,389648
2023-12-21,645.0,667.2999877929688,639.0499877929688,664.0999755859375,136010
2023-12-22,655.0999755859375,722.7999877929688,655.0999755859375,711.2000122070312,741044
2023-12-26,711.5999755859375,739.9500122070312,706.75,730.4000244140625,438169
2023-12-27,747.7999877929688,749.7999877929688,723.5999755859375,739.25,518206
2023-12-28,740.0,742.75,722.5,730.9000244140625,237356
2023-12-29,730.9000244140625,734.1500244140625,710.9500122070312,718.4500122070312,151091
2024-01-01,717.7999877929688,731.5999755859375,715.2000122070312,725.5499877929688,134262
2024-01-02,732.5999755859375,735.5499877929688,717.0,718.4500122070312,136343
2024-01-03,725.0,726.2999877929688,714.0999755859375,717.0499877929688,63352
2024-01-04,719.5,728.0,713.0,715.75,73240
2024-01-05,720.0,721.9000244140625,714.0,716.7999877929688,76189
2024-01-08,715.0,722.2000122070312,706.5499877929688,710.4500122070312,120039
2024-01-09,717.0,717.0,707.7000122070312,714.75,98258
2024-01-10,723.7000122070312,742.0,703.0499877929688,733.1500244140625,294734
2024-01-11,739.0,746.2000122070312,728.0499877929688,734.0499877929688,187285
2024-01-12,738.0,738.0,726.6500244140625,736.0499877929688,219098
2024-01-15,733.0,748.7999877929688,731.0,739.8499755859375,150416
2024-01-16,739.7999877929688,745.8499755859375,726.7999877929688,738.7999877929688,153390
2024-01-17,738.0,759.0,732.5499877929688,746.5999755859375,230991
2024-01-18,745.8499755859375,763.0,724.0999755859375,755.0499877929688,200293
2024-01-19,765.0,774.9000244140625,756.25,766.7000122070312,121991
2024-01-23,749.0499877929688,760.9000244140625,741.4000244140625,756.0999755859375,161349
2024-01-24,755.9000244140625,771.4000244140625,743.4500122070312,766.0,120313
2024-01-25,767.0,778.7000122070312,764.1500244140625,773.5,65991
2024-01-29,770.0999755859375,802.0,770.0999755859375,782.9000244140625,188047
2024-01-30,788.4000244140625,808.9500122070312,787.5499877929688,798.6500244140625,175838
2024-01-31,802.4500122070312,820.0,790.9000244140625,796.4000244140625,134945
2024-02-01,798.0,822.9500122070312,797.0999755859375,806.3499755859375,115860
2024-02-02,814.0,895.0,812.8499755859375,884.8499755859375,665763
2024-02-05,894.0,920.0,886.0,918.1500244140625,422541
2024-02-06,935.0,935.0,856.2000122070312,897.7000122070312,546608
2024-02-07,897.7000122070312,920.75,896.4500122070312,907.75,174320
2024-02-08,915.0,926.0,906.2000122070312,916.5,287384
2024-02-09,922.5,924.9000244140625,879.5499877929688,884.2000122070312,147711
2024-02-12,899.0,907.9500122070312,850.0,855.0,244015
2024-02-13,845.0,856.4000244140625,812.0,838.5,264010
2024-02-14,823.0,864.9000244140625,814.5999755859375,855.3499755859375,93569
2024-02-15,858.0,916.9000244140625,853.6500244140625,902.9500122070312,280122
2024-02-16,891.2000122070312,901.6500244140625,878.0,886.1500244140625,117437
2024-02-19,890.0,890.0,865.4500122070312,880.25,165590
2024-02-20,880.2000122070312,957.0,877.9500122070312,941.7999877929688,625379
2024-02-21,960.0,984.0,942.5,972.1500244140625,555916
2024-02-22,979.3499755859375,995.0,970.0,989.9500122070312,337146
2024-02-23,989.9500122070312,1010.0,980.0,989.5999755859375,222066
2024-02-26,993.9000244140625,1075.0,993.9000244140625,1070.800048828125,706935
2024-02-27,1075.0,1075.0,1040.0,1050.6500244140625,215939
2024-02-28,1045.699951171875,1075.0,990.5999755859375,1026.1500244140625,298360
2024-02-29,1039.25,1043.199951171875,997.5499877929688,1002.9000244140625,103031
2024-03-01,1010.1500244140625,1026.5,994.0,1007.9500122070312,122169
2024-03-04,1015.0499877929688,1077.0,1015.0499877929688,1067.300048828125,431514
2024-03-05,1073.0,1073.300048828125,1055.550048828125,1059.449951171875,144359
2024-03-06,1056.25,1063.75,1024.0,1032.800048828125,155673
2024-03-07,1039.300048828125,1060.9000244140625,1022.25,1030.25,78104
2024-03-11,1030.0,1039.800048828125,946.1500244140625,962.7000122070312,130208
2024-03-12,970.0,986.6500244140625,929.0,935.7000122070312,336623
2024-03-13,932.4500122070312,955.7999877929688,855.0,870.25,221603
2024-03-14,860.0,908.0,851.2000122070312,896.7999877929688,336703
2024-03-15,899.7999877929688,929.4500122070312,880.0,899.3499755859375,166734
2024-03-18,875.0999755859375,920.0,855.7999877929688,906.7999877929688,220131
2024-03-19,907.0,907.1500244140625,865.3499755859375,878.9000244140625,106155
2024-03-20,878.9500122070312,909.0,865.5999755859375,900.8499755859375,123505
2024-03-21,907.75,955.3499755859375,901.4500122070312,947.5,167032
2024-03-22,951.9500122070312,953.0999755859375,935.0,943.6500244140625,77511
2024-03-26,949.0,959.0,928.0,942.4500122070312,73835
2024-03-27,933.0,971.3499755859375,933.0,963.5999755859375,136943
2024-03-28,963.0499877929688,968.75,933.0499877929688,937.9000244140625,74031
2024-04-01,947.0999755859375,976.9500122070312,945.9500122070312,959.9500122070312,85537
2024-04-02,964.75,1018.3499755859375,962.8499755859375,1001.2000122070312,238454
2024-04-03,1000.0,1102.6500244140625,984.0,1096.050048828125,889678
2024-04-04,1112.9000244140625,1120.0,1046.0,1068.5999755859375,446392
2024-04-05,1073.949951171875,1093.0,1046.75,1076.9000244140625,184336
2024-04-08,1087.3499755859375,1096.949951171875,1050.300048828125,1060.25,94303
2024-04-09,1056.9000244140625,1103.0,1056.9000244140625,1095.5999755859375,235050
2024-04-10,1099.800048828125,1102.0,1082.0,1092.25,122083
2024-04-12,1092.25,1100.3499755859375,1060.0,1061.9000244140625,138292
2024-04-15,1042.0,1049.0,994.5499877929688,999.7000122070312,231938
2024-04-16,1000.0,1031.949951171875,980.0499877929688,984.0,269585
2024-04-18,1001.2000122070312,1025.0,980.0,986.5,118386
2024-04-19,986.5,1004.0,951.0,992.4500122070312,166611
2024-04-22,992.5499877929688,1022.9500122070312,992.5499877929688,1013.8499755859375,78141
2024-04-23,1010.5,1020.0,982.5499877929688,995.7000122070312,67542
2024-04-24,987.0,1005.5499877929688,983.0,988.0999755859375,70980
2024-04-25,989.0,1048.0,988.1500244140625,1043.1500244140625,271028
2024-04-26,1048.0,1053.0,1026.5,1032.0999755859375,64281
2024-04-29,1038.300048828125,1042.1500244140625,1010.0,1026.699951171875,55859
2024-04-30,1035.0,1070.300048828125,1020.0,1028.9000244140625,118744
2024-05-02,1026.9000244140625,1029.5999755859375,1012.0,1018.25,51877
2024-05-03,1018.25,1028.0999755859375,993.0499877929688,1002.7000122070312,60977
2024-05-06,1005.3499755859375,1011.6500244140625,951.0499877929688,959.5499877929688,131206
2024-05-07,960.0999755859375,968.2000122070312,918.0499877929688,928.1500244140625,111878
2024-05-08,925.0,965.6500244140625,924.2000122070312,960.9000244140625,75793
2024-05-09,963.0,966.4000244140625,912.5499877929688,925.8499755859375,53920
2024-05-10,929.9000244140625,956.4000244140625,912.8499755859375,939.0999755859375,98106
2024-05-13,942.4500122070312,943.0,914.0499877929688,925.0499877929688,48620
2024-05-14,931.4000244140625,962.1500244140625,925.8499755859375,953.9500122070312,60058
2024-05-15,955.4000244140625,959.9000244140625,935.1500244140625,940.0499877929688,38933
2024-05-16,942.0499877929688,949.9000244140625,921.5,927.9000244140625,64719
2024-05-17,927.9000244140625,942.0,922.0499877929688,933.25,43854
2024-05-21,945.0,958.0,919.2999877929688,939.9000244140625,76619
2024-05-22,1010.8499755859375,1075.699951171875,968.1500244140625,1045.800048828125,1713417
2024-05-23,1065.0,1073.0,1016.0,1047.0,270860
2024-05-24,1030.5999755859375,1035.25,1004.7000122070312,1012.25,133428
2024-05-27,1016.75,1016.75,982.0,984.2999877929688,126842
2024-05-28,985.0,991.2000122070312,960.0,966.4500122070312,84003
2024-05-29,965.0,981.7000122070312,957.0,960.0999755859375,59507
2024-05-30,962.0,967.2000122070312,929.7000122070312,940.9500122070312,75795
2024-05-31,955.0,962.0,927.3499755859375,934.7999877929688,72613
2024-06-03,954.0,962.0,926.75,940.6500244140625,164236
2024-06-04,950.0999755859375,950.0999755859375,855.0,880.1500244140625,156685
2024-06-05,881.0499877929688,899.9500122070312,849.1500244140625,876.25,184582
2024-06-06,900.0,990.0,895.0,986.1500244140625,251474
2024-06-07,989.4000244140625,995.0999755859375,951.5499877929688,964.8499755859375,182284
2024-06-10,970.0,980.0,950.9500122070312,965.0999755859375,147615
2024-06-11,968.0,969.0,952.0,954.7999877929688,72721
2024-06-12,948.25,964.0,945.0499877929688,954.0999755859375,78433
2024-06-13,958.8499755859375,968.4000244140625,946.2999877929688,965.0999755859375,115998
2024-06-14,974.0,991.8499755859375,960.6500244140625,964.3499755859375,118364
2024-06-18,974.3499755859375,1012.9500122070312,971.0,1010.0999755859375,228698
2024-06-19,1014.0,1020.4500122070312,970.0999755859375,992.0499877929688,122133
2024-06-20,992.0999755859375,1003.7999877929688,981.1500244140625,999.4000244140625,58477
2024-06-21,1009.3499755859375,1027.0,996.25,1012.5999755859375,146328
2024-06-24,1012.6500244140625,1062.300048828125,998.0,1037.4000244140625,250728
2024-06-25,1044.0,1166.0,1044.0,1150.449951171875,1565615
2024-06-26,1188.300048828125,1255.0,1155.0,1165.300048828125,1903584
2024-06-27,1188.5999755859375,1220.0,1145.050048828125,1154.5,438476
2024-06-28,1166.0,1220.050048828125,1150.050048828125,1217.300048828125,538318
2024-07-01,1240.0,1298.0,1214.800048828125,1249.949951171875,1172359
2024-07-02,1255.0,1326.300048828125,1232.0999755859375,1318.949951171875,704079
2024-07-03,1326.0,1328.449951171875,1293.0999755859375,1312.5999755859375,397173
2024-07-04,1318.0,1349.0,1296.199951171875,1321.449951171875,410511
2024-07-05,1320.0,1320.9000244140625,1261.0,1291.1500244140625,491087
2024-07-08,1291.0,1302.0,1257.0,1267.9000244140625,202216
2024-07-09,1268.0999755859375,1290.050048828125,1178.5,1190.949951171875,705986
2024-07-10,1196.0,1246.699951171875,1159.949951171875,1201.0999755859375,539292
2024-07-11,1206.800048828125,1245.0,1205.0,1232.75,183545
2024-07-12,1231.0,1245.5,1205.0,1213.050048828125,132651
2024-07-15,1219.949951171875,1243.449951171875,1192.0999755859375,1236.4000244140625,167303
2024-07-16,1239.0,1269.9000244140625,1208.300048828125,1216.199951171875,167063
2024-07-18,1223.0,1240.6500244140625,1180.0,1186.4000244140625,181703
2024-07-19,1190.0,1191.699951171875,1147.4000244140625,1154.25,228492
2024-07-22,1145.0,1233.3499755859375,1127.050048828125,1205.550048828125,250939
2024-07-23,1213.0,1223.050048828125,1151.0,1189.6500244140625,229244
2024-07-24,1193.0,1231.0,990.0,1169.949951171875,485751
2024-07-25,1169.949951171875,1216.5999755859375,1142.0999755859375,1206.050048828125,333590
2024-07-26,1208.699951171875,1261.949951171875,1205.4000244140625,1245.699951171875,298323
2024-07-29,1250.0,1257.0,1188.0,1195.699951171875,294861
2024-07-30,1195.699951171875,1242.4000244140625,1195.699951171875,1224.0,195208
2024-07-31,1231.800048828125,1232.4000244140625,1204.4000244140625,1207.0,97563
2024-08-01,1218.9000244140625,1243.949951171875,1197.0,1204.0999755859375,171389
2024-08-02,1204.0999755859375,1232.699951171875,1185.199951171875,1209.949951171875,122859
2024-08-05,1125.0,1174.199951171875,1125.0,1141.300048828125,243113
2024-08-06,1160.0,1191.199951171875,1065.449951171875,1078.050048828125,324023
2024-08-07,1150.0,1204.5999755859375,1083.550048828125,1152.449951171875,862453
2024-08-08,1160.0,1188.5,1138.3499755859375,1176.9000244140625,194624
2024-08-09,1189.949951171875,1255.949951171875,1185.6500244140625,1236.0,349314
2024-08-12,1247.75,1298.0,1225.050048828125,1288.9000244140625,474942
2024-08-13,1333.0,1388.0,1310.0,1336.0999755859375,1020283
2024-08-14,1343.75,1355.0,1305.75,1329.4000244140625,294826
2024-08-16,1335.050048828125,1350.0,1315.9000244140625,1342.949951171875,150507
2024-08-19,1345.050048828125,1364.949951171875,1313.8499755859375,1333.25,223742
2024-08-20,1335.0,1356.25,1320.1500244140625,1348.3499755859375,154580
2024-08-21,1357.0,1375.0,1331.300048828125,1350.300048828125,319964
2024-08-22,1365.0999755859375,1437.949951171875,1350.0,1411.949951171875,757806
2024-08-23,1425.949951171875,1426.5999755859375,1396.0999755859375,1407.800048828125,183732
2024-08-26,1414.75,1420.5999755859375,1380.5,1395.1500244140625,194741
2024-08-27,1398.9000244140625,1432.949951171875,1384.75,1393.699951171875,207242
2024-08-28,1390.050048828125,1426.699951171875,1390.050048828125,1398.199951171875,131882
2024-08-29,1402.0,1410.0,1360.050048828125,1384.3499755859375,169500
2024-08-30,1388.949951171875,1469.0999755859375,1386.050048828125,1415.699951171875,763133
2024-09-02,1425.0,1512.0999755859375,1425.0,1478.25,574237
2024-09-03,1486.550048828125,1513.550048828125,1412.5,1435.449951171875,402056
2024-09-04,1410.0,1480.75,1404.0999755859375,1436.8499755859375,340707
2024-09-05,1435.050048828125,1458.1500244140625,1410.050048828125,1427.050048828125,168566
2024-09-06,1429.0,1433.0,1375.1500244140625,1389.9000244140625,197503
2024-09-09,1392.0,1397.0,1345.0,1352.199951171875,142982
2024-09-10,1353.0,1392.75,1344.199951171875,1385.4000244140625,134069
2024-09-11,1385.4000244140625,1399.949951171875,1322.5,1337.1500244140625,94396
2024-09-12,1337.1500244140625,1370.0,1337.1500244140625,1359.449951171875,84662
2024-09-13,1360.949951171875,1383.5,1356.4000244140625,1364.550048828125,79665
2024-09-16,1368.949951171875,1399.8499755859375,1360.0999755859375,1385.300048828125,89935
2024-09-17,1389.5,1439.0,1385.4000244140625,1419.699951171875,196184
2024-09-18,1429.0,1463.5,1406.0,1416.949951171875,221649
2024-09-19,1419.9000244140625,1439.949951171875,1366.6500244140625,1396.800048828125,179016
2024-09-20,1398.949951171875,1443.949951171875,1396.4000244140625,1435.1500244140625,117459
2024-09-23,1440.1500244140625,1454.0,1394.449951171875,1417.0,157690
2024-09-24,1430.949951171875,1448.75,1414.3499755859375,1419.550048828125,61830
2024-09-25,1423.949951171875,1473.6500244140625,1416.800048828125,1441.5999755859375,116610
2024-09-26,1430.0,1453.9000244140625,1358.6500244140625,1371.050048828125,651506
2024-09-27,1375.0,1398.8499755859375,1360.0,1391.5,261872
2024-09-30,1379.5,1388.0,1352.550048828125,1384.0,153802
2024-10-01,1384.0,1391.800048828125,1369.0,1379.0999755859375,57654
2024-10-03,1357.0,1380.0,1353.800048828125,1364.0,105117
2024-10-04,1363.949951171875,1368.3499755859375,1294.75,1326.6500244140625,152641
2024-10-07,1315.050048828125,1324.9000244140625,1248.0,1255.4000244140625,184986
2024-10-08,1263.0,1295.949951171875,1238.0999755859375,1284.0999755859375,93152
2024-10-09,1295.9000244140625,1312.449951171875,1276.9000244140625,1294.6500244140625,70711
2024-10-10,1298.949951171875,1327.800048828125,1291.300048828125,1298.9000244140625,101311
2024-10-11,1303.9000244140625,1324.699951171875,1291.9000244140625,1313.449951171875,46877
2024-10-14,1317.949951171875,1319.0999755859375,1270.75,1278.1500244140625,66178
2024-10-15,1280.0,1309.8499755859375,1280.0,1294.1500244140625,79121
2024-10-16,1307.0,1362.0,1294.949951171875,1345.949951171875,161191
2024-10-17,1346.0999755859375,1354.800048828125,1284.0,1295.8499755859375,111365
2024-10-18,1285.0,1294.949951171875,1255.199951171875,1281.8499755859375,49017
2024-10-21,1280.0,1289.5,1248.050048828125,1251.4000244140625,43868
2024-10-22,1281.0,1281.0,1169.9000244140625,1179.5,109030
2024-10-23,1185.0,1219.949951171875,1170.449951171875,1190.699951171875,72823
2024-10-24,1201.050048828125,1213.3499755859375,1119.199951171875,1153.699951171875,109686
2024-10-25,1156.5,1164.5999755859375,1084.25,1122.949951171875,211295
2024-10-28,1118.0,1141.3499755859375,1097.550048828125,1123.3499755859375,190462
2024-10-29,1144.8499755859375,1144.8499755859375,1098.050048828125,1104.199951171875,82430
2024-10-30,1105.0999755859375,1176.199951171875,1104.25,1158.449951171875,274409
2024-10-31,1159.949951171875,1194.0,1145.4000244140625,1183.199951171875,93715
2024-11-01,1195.0,1195.0,1161.949951171875,1183.199951171875,17082
2024-11-04,1185.800048828125,1199.9000244140625,1140.3499755859375,1177.449951171875,92126
2024-11-05,1161.0,1197.800048828125,1161.0,1193.5,68067
2024-11-06,1193.5,1280.0,1191.8499755859375,1263.949951171875,191276
2024-11-07,1259.0,1259.0,1206.0,1220.1500244140625,197021
2024-11-08,1211.0,1236.050048828125,1183.0999755859375,1193.0,78177
2024-11-11,1194.0,1194.949951171875,1152.050048828125,1179.5,85272
2024-11-12,1179.199951171875,1207.300048828125,1150.0,1157.550048828125,60561
2024-11-13,1115.0,1153.949951171875,1080.050048828125,1088.199951171875,102713
2024-11-14,1099.0,1115.9000244140625,1067.0,1088.8499755859375,136705
2024-11-18,1095.0,1102.0,1056.0999755859375,1072.75,60170
2024-11-19,1072.75,1109.75,1063.800048828125,1083.300048828125,117238
2024-11-21,1083.300048828125,1083.300048828125,1033.5999755859375,1037.6500244140625,82605
2024-11-22,1033.0,1043.4000244140625,999.7999877929688,1029.8499755859375,282652
2024-11-25,1050.4000244140625,1085.050048828125,1029.0,1063.0999755859375,315342
2024-11-26,1085.0,1123.0,1068.5,1107.0,198048
2024-11-27,1105.1500244140625,1139.300048828125,1094.5,1101.4000244140625,170785
2024-11-28,1104.949951171875,1143.550048828125,1097.4000244140625,1101.550048828125,179512
2024-11-29,1104.5,1118.949951171875,1092.199951171875,1105.25,140779
2024-12-02,1105.25,1160.0,1103.9000244140625,1143.3499755859375,251434
2024-12-03,1149.0,1171.800048828125,1130.199951171875,1153.6500244140625,154396
2024-12-04,1153.6500244140625,1178.199951171875,1140.0,1150.6500244140625,148741
2024-12-05,1154.800048828125,1187.5,1147.550048828125,1167.0,164109
2024-12-06,1168.9000244140625,1170.949951171875,1142.699951171875,1157.3499755859375,119836
2024-12-09,1166.0,1185.0,1150.1500244140625,1153.75,107303
2024-12-10,1153.75,1164.9000244140625,1139.050048828125,1153.5,100246
2024-12-11,1159.949951171875,1159.949951171875,1125.0,1130.300048828125,93197
2024-12-12,1133.0,1142.0,1114.0,1118.0999755859375,49716
2024-12-13,1114.75,1125.0,1097.199951171875,1119.0,62464
2024-12-16,1130.5999755859375,1214.5,1130.5999755859375,1165.75,421882
2024-12-17,1170.0,1187.0,1163.550048828125,1178.3499755859375,144662
2024-12-18,1184.699951171875,1228.3499755859375,1162.199951171875,1182.300048828125,356447
2024-12-19,1180.0,1205.0,1161.25,1194.550048828125,118612
2024-12-20,1205.1500244140625,1224.949951171875,1160.5,1171.0,223015
2024-12-23,1175.300048828125,1183.6500244140625,1136.9000244140625,1170.8499755859375,107785
2024-12-24,1179.5999755859375,1232.0,1176.5999755859375,1209.0999755859375,282437
2024-12-26,1214.550048828125,1218.300048828125,1176.0,1198.5999755859375,103622
2024-12-27,1208.9000244140625,1213.4000244140625,1185.0,1209.4000244140625,66947
2024-12-30,1214.0,1221.050048828125,1182.800048828125,1206.0,77195
2024-12-31,1206.0,1223.0,1184.3499755859375,1216.25,72321
2025-01-01,1216.25,1223.75,1201.050048828125,1202.800048828125,35623
2025-01-02,1202.800048828125,1218.949951171875,1201.699951171875,1214.5,41210
2025-01-03,1214.5,1214.5,1175.0,1178.3499755859375,88373
2025-01-06,1175.0,1189.5,1122.3499755859375,1132.1500244140625,112933
2025-01-07,1099.199951171875,1175.0,1099.199951171875,1150.4000244140625,54712
2025-01-08,1160.0,1160.0,1124.550048828125,1136.75,70832
2025-01-09,1148.0,1148.0,1118.0,1120.8499755859375,34726
2025-01-10,1125.0,1126.0,1091.199951171875,1096.449951171875,81989
2025-01-13,1090.0,1104.949951171875,1021.2000122070312,1024.8499755859375,124588
2025-01-14,1048.6500244140625,1077.3499755859375,1030.0,1037.8499755859375,125714
2025-01-15,1037.5,1054.949951171875,1024.5999755859375,1047.25,105164
2025-01-16,1060.0,1075.9000244140625,1053.199951171875,1058.949951171875,57839
2025-01-17,1043.050048828125,1095.0,1037.0,1049.4000244140625,57515
2025-01-20,1049.4000244140625,1103.9000244140625,1037.5999755859375,1090.8499755859375,90245
2025-01-21,1106.949951171875,1107.0,1055.0999755859375,1062.800048828125,47688
2025-01-22,1055.550048828125,1087.0,1036.6500244140625,1074.0,65950
2025-01-23,1074.0,1092.75,1059.300048828125,1088.050048828125,54813
2025-01-24,1077.0,1088.050048828125,1040.0999755859375,1050.0999755859375,51275
2025-01-27,1040.0,1049.0,993.0,1005.7999877929688,82344
2025-01-28,997.0999755859375,1019.0,948.0,970.3499755859375,137224
2025-01-29,975.0,1035.0,975.0,1029.9000244140625,70041
2025-01-30,1020.2000122070312,1044.949951171875,1004.8499755859375,1007.8499755859375,40823
2025-01-31,1007.8499755859375,1027.1500244140625,1005.5,1021.2000122070312,25364
2025-02-01,1025.050048828125,1040.0,1005.0,1007.1500244140625,33560
2025-02-03,1000.0,1022.75,977.5,982.5499877929688,43222
2025-02-04,1003.0,1073.550048828125,1001.0,1035.8499755859375,351070
2025-02-05,1037.949951171875,1083.25,1037.949951171875,1071.6500244140625,112645
2025-02-06,1070.0,1082.8499755859375,1050.5999755859375,1076.699951171875,98544
2025-02-07,1114.949951171875,1177.0,1088.4000244140625,1164.699951171875,613609
2025-02-10,1138.0,1200.0,1138.0,1187.5,459971
2025-02-11,1187.050048828125,1187.050048828125,1111.050048828125,1168.75,190364
2025-02-12,1166.9000244140625,1166.9000244140625,1107.0,1134.449951171875,164043
2025-02-13,1131.0,1175.0,1131.0,1140.25,84384
2025-02-14,1132.25,1138.800048828125,1072.25,1095.949951171875,77898
2025-02-17,1067.699951171875,1100.75,1052.0999755859375,1085.550048828125,97402
2025-02-18,1089.949951171875,1092.5999755859375,1055.0999755859375,1073.1500244140625,66083
2025-02-19,1056.199951171875,1173.699951171875,1056.199951171875,1149.949951171875,222567
2025-02-20,1144.949951171875,1157.0,1130.4000244140625,1143.75,47951
2025-02-21,1144.199951171875,1166.5,1110.050048828125,1123.800048828125,49018
2025-02-24,1095.0999755859375,1121.5,1091.0999755859375,1111.699951171875,51642
2025-02-25,1113.0999755859375,1129.9000244140625,1096.0,1100.9000244140625,81716
2025-02-27,1108.050048828125,1143.949951171875,1092.0,1132.5999755859375,110912
2025-02-28,1129.9000244140625,1129.9000244140625,1074.4000244140625,1098.449951171875,93090
2025-03-03,1103.0,1114.3499755859375,1061.9000244140625,1082.550048828125,65416
2025-03-04,1055.550048828125,1118.1500244140625,1055.550048828125,1114.0,48035
2025-03-05,1121.25,1190.0,1121.25,1185.9000244140625,300627
2025-03-06,1190.0,1248.8499755859375,1171.0,1221.699951171875,332874
2025-03-07,1232.0,1255.0,1206.8499755859375,1225.5999755859375,213648
2025-03-10,1233.550048828125,1260.0,1180.050048828125,1187.9000244140625,113964
2025-03-11,1175.0,1219.8499755859375,1143.3499755859375,1209.6500244140625,151790
2025-03-12,1209.6500244140625,1243.0,1202.0,1211.4000244140625,84070
2025-03-13,1205.6500244140625,1215.0,1170.0,1200.1500244140625,93976
2025-03-17,1212.1500244140625,1240.0,1201.550048828125,1207.5,92570
2025-03-19,1265.0,1286.949951171875,1235.0,1265.75,210074
2025-03-20,1270.0,1310.449951171875,1268.1500244140625,1289.3499755859375,191013
2025-03-21,1290.0,1300.199951171875,1251.25,1256.949951171875,132760
2025-03-24,1260.0,1285.199951171875,1240.199951171875,1256.5,181300
2025-03-25,1251.0,1265.0,1192.800048828125,1207.050048828125,134647
2025-03-26,1217.300048828125,1220.949951171875,1166.6500244140625,1172.25,113377
2025-03-27,1172.199951171875,1195.0,1155.0,1171.5,151111
2025-03-28,1167.4000244140625,1183.0999755859375,1139.0,1146.1500244140625,180690
2025-04-01,1145.0,1151.25,1097.0,1106.550048828125,169973
2025-04-02,1098.5,1135.75,1098.5,1113.25,115120
2025-04-03,1098.050048828125,1129.800048828125,1093.5,1125.6500244140625,76540
2025-04-04,1125.6500244140625,1134.0999755859375,1075.0999755859375,1089.75,97433
2025-04-07,911.0,1057.0,911.0,1041.699951171875,111333
2025-04-08,1051.0,1088.949951171875,1050.0,1072.8499755859375,115519
2025-04-09,1078.449951171875,1102.550048828125,1040.0,1085.75,121677
2025-04-11,1125.0,1149.0,1098.25,1131.550048828125,106698
2025-04-15,1134.9000244140625,1177.199951171875,1131.0999755859375,1170.4000244140625,71382
2025-04-16,1178.0,1194.199951171875,1171.0999755859375,1184.0999755859375,72962
2025-04-17,1184.0999755859375,1190.0,1170.0,1176.800048828125,63119
2025-04-21,1176.699951171875,1208.0,1172.300048828125,1202.0999755859375,81634
2025-04-22,1202.0999755859375,1217.9000244140625,1190.0999755859375,1210.4000244140625,76333
2025-04-23,1210.0,1239.800048828125,1206.300048828125,1228.800048828125,91784
2025-04-24,1221.0,1232.199951171875,1210.0,1221.5999755859375,58451
2025-04-25,1220.0,1229.5,1187.5999755859375,1191.5999755859375,79941
2025-04-28,1191.5999755859375,1196.0,1172.699951171875,1191.0999755859375,33991
2025-04-29,1191.0999755859375,1199.9000244140625,1184.5999755859375,1190.0999755859375,64680
2025-04-30,1195.0,1216.0,1177.9000244140625,1189.9000244140625,97224
2025-05-02,1190.0999755859375,1196.9000244140625,1176.0999755859375,1195.0,54850
2025-05-05,1191.0,1219.800048828125,1187.300048828125,1191.800048828125,97006
2025-05-06,1191.800048828125,1216.300048828125,1188.5,1197.5999755859375,67234
2025-05-07,1150.0,1200.0,1138.0,1194.800048828125,87585
2025-05-08,1194.800048828125,1216.0999755859375,1187.5,1192.0,95213
2025-05-09,1172.0999755859375,1202.0,1146.0,1178.800048828125,179637
2025-05-12,1214.5,1223.9000244140625,1200.0,1206.9000244140625,64859
2025-05-13,1206.9000244140625,1242.0,1198.4000244140625,1223.4000244140625,106090
2025-05-14,1223.4000244140625,1231.0999755859375,1195.199951171875,1200.9000244140625,123830
2025-05-15,1208.0,1253.0999755859375,1205.9000244140625,1238.4000244140625,159489
2025-05-16,1243.4000244140625,1252.699951171875,1220.0,1230.5,117670
2025-05-19,1235.0,1265.0,1230.5,1251.4000244140625,83593
2025-05-20,1256.0,1258.0,1214.699951171875,1219.4000244140625,153094
2025-05-21,1229.0999755859375,1242.9000244140625,1196.5,1201.5,140727
2025-05-22,1212.4000244140625,1235.0,1162.0999755859375,1170.5,203854
2025-05-23,1171.0,1261.800048828125,1160.5,1236.9000244140625,490115
2025-05-26,1244.0,1255.699951171875,1209.5,1213.0999755859375,90270
2025-05-27,1222.0,1222.0,1175.5,1179.800048828125,177724
2025-05-28,1183.199951171875,1187.0999755859375,1155.5999755859375,1158.0999755859375,183460
2025-05-29,1160.0,1185.5999755859375,1156.699951171875,1176.9000244140625,84800
2025-05-30,1179.9000244140625,1196.0,1163.800048828125,1186.199951171875,80249
2025-06-02,1188.0,1191.0999755859375,1158.0,1160.199951171875,121443
2025-06-03,1170.199951171875,1218.5999755859375,1170.199951171875,1175.699951171875,271489
2025-06-04,1178.0,1198.9000244140625,1165.5,1167.0,117207
2025-06-05,1174.5999755859375,1185.0,1156.0,1157.800048828125,127091
2025-06-06,1169.4000244140625,1182.0999755859375,1145.0,1147.699951171875,116497
2025-06-09,1155.199951171875,1180.0,1150.0999755859375,1176.5,82232
2025-06-10,1180.0,1245.0,1180.0,1234.5999755859375,362251
2025-06-11,1246.9000244140625,1254.9000244140625,1226.5999755859375,1237.699951171875,134290
2025-06-12,1244.9000244140625,1245.699951171875,1213.9000244140625,1218.699951171875,61211
2025-06-13,1200.0,1219.300048828125,1178.5,1212.0,79093
2025-06-16,1205.0,1225.0,1186.800048828125,1218.5,73265
2025-06-17,1224.0,1238.9000244140625,1201.0,1216.0,79522
2025-06-18,1223.800048828125,1234.0,1206.5999755859375,1214.4000244140625,84254
2025-06-19,1220.0,1220.0,1183.9000244140625,1203.800048828125,60645
2025-06-20,1203.800048828125,1218.0,1186.5,1202.699951171875,80823
2025-06-23,1185.0,1199.699951171875,1171.0999755859375,1174.4000244140625,90629
2025-06-24,1189.699951171875,1199.5,1178.5999755859375,1185.4000244140625,49465
2025-06-25,1197.5,1224.5999755859375,1197.199951171875,1217.4000244140625,80606
2025-06-26,1225.9000244140625,1225.9000244140625,1201.0,1215.0,43713
2025-06-27,1227.5,1230.199951171875,1210.4000244140625,1220.9000244140625,48130
2025-06-30,1226.0,1270.0,1222.300048828125,1262.5999755859375,209502
2025-07-01,1294.699951171875,1331.9000244140625,1251.0999755859375,1257.0999755859375,368928
2025-07-02,1257.0999755859375,1270.0,1242.4000244140625,1265.0999755859375,97532
2025-07-03,1270.0,1273.300048828125,1250.0,1266.0999755859375,45142
2025-07-04,1266.0999755859375,1293.800048828125,1261.300048828125,1266.5999755859375,120787
2025-07-07,1262.0,1276.699951171875,1231.5,1241.0,188124
2025-07-08,1236.0,1281.800048828125,1235.0,1258.5999755859375,131776
2025-07-09,1266.800048828125,1278.0,1253.9000244140625,1262.800048828125,59663
2025-07-10,1270.0,1279.699951171875,1248.0,1254.0999755859375,81685
2025-07-11,1254.300048828125,1266.0999755859375,1234.199951171875,1240.9000244140625,49100
2025-07-14,1242.0999755859375,1249.0,1220.0,1227.5999755859375,56748
2025-07-15,1227.5999755859375,1248.0,1225.800048828125,1231.199951171875,45224
2025-07-16,1238.5,1271.0,1235.800048828125,1257.300048828125,100471
2025-07-17,1263.0,1274.9000244140625,1249.5999755859375,1252.9000244140625,86168
2025-07-18,1261.0,1268.0,1234.4000244140625,1237.9000244140625,77685
2025-07-21,1239.0999755859375,1249.300048828125,1216.5,1224.0999755859375,89575
2025-07-22,1234.9000244140625,1248.0,1230.0999755859375,1236.5,28385
2025-07-23,1230.0,1251.4000244140625,1223.0,1234.9000244140625,45086
2025-07-24,1239.9000244140625,1245.0,1224.0,1240.800048828125,55076
2025-07-25,1235.5,1264.4000244140625,1225.0,1229.0,162957
2025-07-28,1229.0,1236.5,1175.199951171875,1180.5999755859375,102272
2025-07-29,1188.5,1217.0,1183.0,1210.0,72712
2025-07-30,1211.199951171875,1223.0,1204.0,1218.699951171875,30335
2025-07-31,1200.0,1217.5,1180.9000244140625,1208.800048828125,33392
2025-08-01,1207.5999755859375,1212.4000244140625,1168.0,1171.699951171875,44672
2025-08-04,1176.0,1191.9000244140625,1172.800048828125,1187.4000244140625,35483
2025-08-05,1187.4000244140625,1188.5999755859375,1165.199951171875,1172.9000244140625,38063
2025-08-06,1172.9000244140625,1180.800048828125,1151.0,1159.5999755859375,62258
2025-08-07,1159.0,1176.699951171875,1150.0,1162.0,36108
2025-08-08,1169.5,1180.800048828125,1160.4000244140625,1171.5999755859375,25482
2025-08-11,1172.0,1179.5,1167.300048828125,1173.4000244140625,27169
2025-08-12,1174.5999755859375,1180.0,1156.0,1160.199951171875,80855
2025-08-13,1167.800048828125,1191.699951171875,1166.0,1174.9000244140625,97512
2025-08-14,1191.0,1195.0,1143.5999755859375,1160.800048828125,149755
2025-08-18,1163.9000244140625,1191.5,1160.0,1185.5,66409
2025-08-19,1193.5,1230.0,1188.5999755859375,1225.5999755859375,62080
2025-08-20,1227.0,1244.0999755859375,1219.5999755859375,1240.800048828125,40972
2025-08-21,1240.0,1257.0,1230.0,1253.300048828125,48006
2025-08-22,1251.0,1260.0999755859375,1233.4000244140625,1242.0,37753
2025-08-25,1242.300048828125,1270.9000244140625,1240.800048828125,1248.800048828125,60447
2025-08-26,1254.0,1257.199951171875,1227.5999755859375,1239.5,60900
2025-08-28,1245.800048828125,1250.0,1225.0,1234.5,43435
2025-08-29,1235.0,1251.0,1226.0999755859375,1249.5999755859375,35193
2025-09-01,1255.0,1282.800048828125,1253.0,1273.4000244140625,76895
2025-09-02,1270.0,1295.0,1266.0,1279.4000244140625,103413
2025-09-03,1265.800048828125,1273.699951171875,1247.699951171875,1264.5,195491
2025-09-04,1273.9000244140625,1274.800048828125,1251.0,1264.699951171875,85565
2025-09-05,1265.0,1272.5,1250.0,1252.4000244140625,42881
2025-09-08,1260.4000244140625,1274.5999755859375,1246.800048828125,1270.300048828125,54997
2025-09-09,1278.0,1294.0,1270.0,1281.800048828125,75162
2025-09-10,1281.9000244140625,1309.699951171875,1273.0,1291.800048828125,118604
2025-09-11,1291.800048828125,1316.4000244140625,1291.800048828125,1313.0999755859375,104236
2025-09-12,1324.5999755859375,1324.5999755859375,1295.0,1300.800048828125,65595
2025-09-15,1309.5999755859375,1313.4000244140625,1301.0,1304.199951171875,53557
2025-09-16,1311.0,1329.0,1305.0,1311.0,74858
2025-09-17,1320.0,1326.0,1306.699951171875,1308.5,180876
2025-09-18,1308.5,1317.800048828125,1287.5,1295.4000244140625,137963
2025-09-19,1270.0,1282.5999755859375,1250.0999755859375,1275.0999755859375,125151
2025-09-22,1275.0,1275.0,1247.0999755859375,1254.4000244140625,85431
2025-09-23,1256.0,1259.9000244140625,1219.800048828125,1220.9000244140625,55215
2025-09-24,1221.199951171875,1250.199951171875,1218.699951171875,1242.0,51930
2025-09-25,1241.5999755859375,1248.199951171875,1221.0,1225.0999755859375,39626
2025-09-26,1225.0999755859375,1228.5,1205.0,1215.5,44149
2025-09-29,1215.5,1230.0,1204.9000244140625,1225.300048828125,35155
2025-09-30,1223.4000244140625,1225.300048828125,1190.199951171875,1210.199951171875,54407
2025-10-01,1211.0,1245.0,1204.4000244140625,1239.9000244140625,59213
2025-10-03,1240.0,1243.199951171875,1205.0,1226.0,37796
2025-10-06,1226.0,1233.0999755859375,1208.0,1231.0,58322
2025-10-07,1232.0,1234.199951171875,1216.9000244140625,1229.5,47948
2025-10-08,1237.5,1240.699951171875,1198.800048828125,1209.4000244140625,70051
2025-10-09,1216.4000244140625,1227.4000244140625,1204.5999755859375,1221.199951171875,27425
2025-10-10,1223.4000244140625,1223.5,1199.0,1201.9000244140625,50984
2025-10-13,1201.9000244140625,1229.800048828125,1197.4000244140625,1221.5999755859375,38514
2025-10-14,1212.0999755859375,1229.9000244140625,1207.5999755859375,1214.5999755859375,33609
2025-10-15,1214.5999755859375,1230.9000244140625,1210.0,1218.5,22512
2025-10-16,1218.5,1234.800048828125,1218.0,1226.9000244140625,26806
2025-10-17,1229.9000244140625,1229.9000244140625,1211.0,1216.800048828125,12038
2025-10-20,1216.800048828125,1218.300048828125,1194.9000244140625,1205.9000244140625,30910
2025-10-21,1218.0,1235.0,1203.199951171875,1213.699951171875,9587
2025-10-23,1215.0,1243.9000244140625,1205.0999755859375,1209.4000244140625,57024
2025-10-24,1215.0,1245.0,1206.0,1221.800048828125,40211
2025-10-27,1222.800048828125,1228.4000244140625,1210.800048828125,1222.4000244140625,26955
2025-10-28,1222.4000244140625,1230.0,1216.0,1222.4000244140625,20264
2025-10-29,1221.0,1230.0,1216.4000244140625,1222.699951171875,19719
2025-10-30,1222.5,1240.9000244140625,1219.4000244140625,1237.800048828125,34423
2025-10-31,1237.0,1242.0,1222.5999755859375,1236.800048828125,41854
2025-11-03,1236.9000244140625,1262.0,1234.199951171875,1255.4000244140625,46787
2025-11-04,1253.5,1289.4000244140625,1251.199951171875,1264.300048828125,72195
2025-11-06,1260.0,1264.0,1216.0999755859375,1243.199951171875,114750
2025-11-07,1243.800048828125,1246.199951171875,1214.4000244140625,1224.0999755859375,46241
2025-11-10,1232.0,1232.0,1200.0,1219.199951171875,47754
2025-11-11,1213.199951171875,1220.0,1198.0,1216.300048828125,41006
2025-11-12,1215.0,1255.9000244140625,1209.9000244140625,1226.699951171875,48556
2025-11-13,1226.699951171875,1227.4000244140625,1217.0,1219.5999755859375,25064
2025-11-14,1211.5,1222.9000244140625,1204.300048828125,1208.5,36273
2025-11-17,1216.300048828125,1224.4000244140625,1199.800048828125,1203.699951171875,24221
2025-11-18,1211.5,1211.5,1162.9000244140625,1168.300048828125,67144
2025-11-19,1175.9000244140625,1175.9000244140625,1161.0,1169.5999755859375,27799
2025-11-20,1180.0,1183.199951171875,1168.300048828125,1180.0,28931
2025-11-21,1181.199951171875,1184.0,1165.0,1174.4000244140625,42091
2025-11-24,1181.9000244140625,1181.9000244140625,1151.0,1155.699951171875,31630
2025-11-25,1159.9000244140625,1185.0,1150.199951171875,1178.9000244140625,39113
2025-11-26,1179.9000244140625,1195.0,1170.4000244140625,1187.800048828125,39299
2025-11-27,1200.0,1200.0,1170.0999755859375,1176.0999755859375,23800
2025-11-28,1183.800048828125,1188.0,1169.5999755859375,1181.800048828125,22114
2025-12-01,1179.199951171875,1190.0,1167.199951171875,1184.5999755859375,23452
2025-12-02,1178.699951171875,1180.0,1163.5999755859375,1176.0999755859375,25821
2025-12-03,1176.699951171875,1182.300048828125,1141.5999755859375,1159.5999755859375,38528
2025-12-04,1166.5,1177.0,1147.300048828125,1168.0,30147
2025-12-05,1175.0,1175.0,1142.0999755859375,1150.699951171875,25224
2025-12-08,1144.0999755859375,1158.699951171875,1120.0,1130.0,40595
2025-12-09,1121.0,1200.0,1117.0,1139.4000244140625,46160
2025-12-10,1138.0,1155.9000244140625,1128.699951171875,1133.4000244140625,28526
2025-12-11,1140.699951171875,1140.699951171875,1118.0,1133.5999755859375,44035
2025-12-12,1136.5999755859375,1167.199951171875,1130.0999755859375,1159.199951171875,35375
2025-12-15,1159.199951171875,1189.5,1151.0,1184.0,38463
2025-12-16,1184.0,1209.800048828125,1178.4000244140625,1198.5999755859375,49483
2025-12-17,1193.5,1206.5999755859375,1183.4000244140625,1198.800048828125,31093
2025-12-18,1199.699951171875,1201.4000244140625,1189.9000244140625,1197.0999755859375,25957
2025-12-19,1200.0,1213.0,1189.800048828125,1211.5,38689
2025-12-22,1219.5,1230.0,1206.5,1220.9000244140625,43981
2025-12-23,1220.9000244140625,1225.300048828125,1211.0999755859375,1217.699951171875,37211
2025-12-24,1210.199951171875,1224.5,1191.800048828125,1195.300048828125,43236
2025-12-26,1197.699951171875,1225.699951171875,1183.800048828125,1191.199951171875,59226
2025-12-29,1181.5,1200.0,1147.699951171875,1190.4000244140625,50390
2025-12-30,1185.0999755859375,1207.9000244140625,1181.199951171875,1188.199951171875,32833
2025-12-31,1193.800048828125,1203.0999755859375,1185.4000244140625,1200.4000244140625,19064
2026-01-01,1204.0,1223.4000244140625,1198.699951171875,1215.800048828125,59077
2026-01-02,1215.800048828125,1219.9000244140625,1194.699951171875,1211.699951171875,37328
2026-01-05,1211.5,1211.5,1181.300048828125,1194.9000244140625,33047
2026-01-06,1202.699951171875,1202.699951171875,1173.199951171875,1175.4000244140625,25142
2026-01-07,1173.0,1174.0,1160.5999755859375,1170.5,22350
2026-01-08,1165.0,1180.800048828125,1155.300048828125,1165.300048828125,36158
2026-01-09,1171.4000244140625,1171.4000244140625,1144.300048828125,1146.9000244140625,31406
2026-01-12,1146.0,1161.800048828125,1120.0,1145.5,27604
2026-01-13,1152.9000244140625,1152.9000244140625,1130.0999755859375,1133.300048828125,19903
2026-01-14,1139.300048828125,1144.300048828125,1120.800048828125,1123.4000244140625,21428
2026-01-16,1119.0,1129.0,1086.5999755859375,1114.5,122143
2026-01-19,1119.0,1120.0,1096.0,1100.4000244140625,21493
2026-01-20,1098.0,1118.0,1092.800048828125,1114.9000244140625,98354
2026-01-21,1114.9000244140625,1138.800048828125,1090.0,1094.800048828125,45581
2026-01-22,1094.800048828125,1121.0999755859375,1084.800048828125,1097.5,16443
2026-01-23,1100.9000244140625,1104.0,1051.5,1053.4000244140625,41100
2026-01-27,1043.5999755859375,1055.0,1016.2999877929688,1047.5999755859375,75427
2026-01-28,1053.0,1088.0,1038.0999755859375,1083.0999755859375,50431
2026-01-29,1083.0999755859375,1090.0,1063.199951171875,1070.199951171875,18094
2026-01-30,1060.0,1099.0,1051.300048828125,1089.800048828125,39490
2026-02-02,1114.699951171875,1114.699951171875,1076.9000244140625,1101.800048828125,25575
2026-02-03,1140.0,1153.9000244140625,1109.0,1138.5,40264
2026-02-04,1138.5,1158.9000244140625,1122.0,1133.5999755859375,37523
2026-02-05,1133.5999755859375,1137.699951171875,1113.5999755859375,1116.4000244140625,24823
2026-02-06,1122.300048828125,1122.300048828125,1099.199951171875,1115.0,23886
2026-02-09,1119.699951171875,1170.4000244140625,1118.5999755859375,1166.300048828125,31455
2026-02-10,1164.9000244140625,1194.199951171875,1131.0999755859375,1183.5,89278
2026-02-11,1193.5999755859375,1195.300048828125,1168.300048828125,1187.0,54433
2026-02-12,1175.0,1186.4000244140625,1155.0,1158.0999755859375,69607
2026-02-13,1138.0,1141.9000244140625,1108.699951171875,1124.300048828125,37121
2026-02-16,1111.199951171875,1118.5999755859375,1085.0,1113.699951171875,35007
2026-02-17,1110.0,1128.0,1105.0,1107.0,18032
2026-02-18,1102.0,1113.5,1094.5,1105.5999755859375,30167
2026-02-19,1109.0,1114.300048828125,1083.300048828125,1094.800048828125,54379
2026-02-20,1090.0999755859375,1100.5,1075.0,1080.4000244140625,32227
2026-02-23,1080.4000244140625,1086.5,1070.0,1078.5999755859375,25041
2026-02-24,1078.0,1084.199951171875,1056.300048828125,1072.199951171875,22630
2026-02-25,1072.199951171875,1097.5999755859375,1069.9000244140625,1092.800048828125,31452
2026-02-26,1092.0,1100.4000244140625,1086.800048828125,1093.199951171875,28378
2026-02-27,1093.0999755859375,1113.0,1078.800048828125,1104.300048828125,28550
2026-03-02,1038.300048828125,1090.0999755859375,1035.0999755859375,1072.699951171875,73246
2026-03-04,1045.0999755859375,1067.9000244140625,1029.0999755859375,1045.9000244140625,50245
2026-03-05,1049.9000244140625,1080.0,1004.0,1022.0,90395
2026-03-06,1019.0,1038.699951171875,1010.7000122070312,1015.9000244140625,33048
2026-03-09,995.5999755859375,1010.0,975.0999755859375,979.0,55362
2026-03-10,993.5999755859375,1042.300048828125,971.0999755859375,1030.0999755859375,56746
2026-03-11,1030.0999755859375,1035.5,1007.0999755859375,1017.2000122070312,43796
2026-03-12,1022.0,1029.4000244140625,990.0,1010.0,70691
2026-03-13,1013.2999877929688,1017.2000122070312,989.0,995.5999755859375,50405
2026-03-16,995.5999755859375,999.7000122070312,961.7999877929688,973.0,74157
2026-03-17,973.0,973.0,942.0,964.9000244140625,208924
2026-03-18,965.0,987.0,956.0999755859375,969.7000122070312,88516
2026-03-19,964.7000122070312,966.2000122070312,921.2999877929688,925.7999877929688,53677
2026-03-20,939.7000122070312,939.7000122070312,913.0,919.2999877929688,68227
2026-03-23,922.2999877929688,924.0999755859375,865.0,870.2000122070312,129492
2026-03-24,885.7999877929688,942.2999877929688,875.5999755859375,929.7000122070312,115452
2026-03-25,945.0,965.4000244140625,922.0,942.7000122070312,59533
2026-03-27,947.5,948.7000122070312,901.0999755859375,905.2999877929688,175454
2026-03-30,905.0,909.0,880.0,889.5,67273
2026-04-01,915.0,918.0,890.1500244140625,896.4500122070312,129963
2026-04-02,880.0,893.9500122070312,866.1500244140625,889.2000122070312,90501
2026-04-06,903.0,903.0,873.0,887.25,131860
2026-04-07,897.8499755859375,897.8499755859375,872.0,879.5999755859375,130217
2026-04-08,925.0,933.7999877929688,906.3499755859375,918.4500122070312,155024
2026-04-09,923.0,923.0,886.0999755859375,894.75,126886
2026-04-10,909.9500122070312,919.0,895.8499755859375,903.7000122070312,126731
2026-04-13,890.2000122070312,898.8499755859375,877.6500244140625,891.2999877929688,132377
2026-04-15,914.0,933.75,907.0,930.5999755859375,91037
2026-04-16,948.4000244140625,963.8499755859375,935.2999877929688,951.7000122070312,89945
2026-04-17,957.0,978.7999877929688,947.7000122070312,970.9000244140625,56413
2026-04-20,978.0,978.0,957.0,964.0,42824
2026-04-21,964.0,1005.0,960.0499877929688,995.5999755859375,62659
2026-04-22,998.0,999.1500244140625,985.0,989.9500122070312,26606
2026-04-23,981.0499877929688,990.8499755859375,963.5,972.0499877929688,43854
2026-04-24,978.0,980.1500244140625,959.0499877929688,969.5,69045
2026-04-27,974.9000244140625,997.75,967.0499877929688,993.0,58077
2026-04-28,993.0,997.7000122070312,981.0,990.0499877929688,45910
2026-04-29,1013.9500122070312,1013.9500122070312,988.75,994.2999877929688,50296
2026-04-30,990.0499877929688,995.0499877929688,970.5499877929688,983.2999877929688,53912
2026-05-04,990.0,996.4500122070312,974.5,977.9500122070312,25350
2026-05-05,977.9500122070312,981.1500244140625,956.0999755859375,958.8499755859375,34120
2026-05-06,960.0,1015.0,959.75,1011.7000122070312,90798
2026-05-07,1012.0,1019.5499877929688,999.1500244140625,1006.75,45259
2026-05-08,1006.75,1006.75,987.2000122070312,1000.7999877929688,40854
2026-05-11,1000.0,1000.0,977.0999755859375,980.9000244140625,37905
2026-05-12,975.0,979.9500122070312,943.2000122070312,947.6500244140625,43234
2026-05-13,930.6500244140625,950.0,930.5499877929688,932.2000122070312,38571
2026-05-14,942.0,952.0,928.7999877929688,936.5,30154
2026-05-15,946.7000122070312,960.0,936.0,942.25,41388
2026-05-18,933.8499755859375,933.8499755859375,892.0,905.5,71899
2026-05-19,909.9000244140625,918.8499755859375,895.5999755859375,905.9500122070312,57919
2026-05-20,908.0,910.9000244140625,886.0,901.6500244140625,71542
2026-05-21,910.2000122070312,915.2000122070312,890.0,896.5,86065
2026-05-22,896.5,909.0,886.0,901.5,79311
2026-05-25,908.9000244140625,941.9000244140625,903.0,924.5999755859375,69837
2026-05-26,920.0,953.3499755859375,920.0,931.25,40028
2026-05-27,937.5,944.2000122070312,925.5,930.0499877929688,42783
2026-05-29,930.0999755859375,994.0499877929688,926.8499755859375,973.0499877929688,588617
2026-06-01,972.0,978.5,920.8499755859375,927.7999877929688,156015
2026-06-02,929.0499877929688,936.3499755859375,911.4500122070312,924.7999877929688,62486
2026-06-03,930.0,930.7999877929688,913.2000122070312,926.75,80626
2026-06-04,926.75,928.0,903.0,906.5,132925
2026-06-05,917.75,926.0,903.7999877929688,905.9000244140625,40746
2026-06-08,905.0999755859375,916.9500122070312,891.0499877929688,899.7999877929688,105523
2026-06-09,905.0,919.9500122070312,901.0,914.2000122070312,53408
2026-06-10,915.0,929.9000244140625,903.5499877929688,917.9500122070312,72818
2026-06-11,910.0,921.6500244140625,902.0,910.1500244140625,52672
2026-06-12,925.0,942.0,915.0999755859375,939.3499755859375,99374
2026-06-15,958.25,988.2999877929688,955.0,979.5999755859375,119930
2026-06-16,979.9500122070312,998.8499755859375,975.5999755859375,992.9500122070312,101442
2026-06-17,994.75,1037.699951171875,993.4000244140625,1033.949951171875,124998
2026-06-18,1033.0999755859375,1047.0,1020.2999877929688,1031.4000244140625,68723
2026-06-19,1028.1500244140625,1035.0,1012.2999877929688,1026.800048828125,67768
2026-06-22,1026.800048828125,1044.9000244140625,1024.75,1035.699951171875,49598
2026-06-23,1035.699951171875,1066.0,1031.050048828125,1038.949951171875,84838
2026-06-24,1035.5999755859375,1068.800048828125,1033.0,1063.300048828125,79584
2026-06-25,1070.0,1090.0,1058.050048828125,1085.5,118158
2026-06-29,1087.5,1104.949951171875,1080.9000244140625,1093.3499755859375,118834
2026-06-30,1089.9000244140625,1104.1500244140625,1053.25,1061.75,193765
2026-07-01,1067.199951171875,1084.0,1038.0,1040.0,58409
2026-07-02,1048.9000244140625,1053.800048828125,1027.5999755859375,1047.0999755859375,44440
2026-07-03,1057.0999755859375,1064.5,1041.5,1055.5999755859375,48095
2026-07-06,1048.0999755859375,1080.0,1046.0,1077.4000244140625,49165
2026-07-07,1077.0,1080.4000244140625,1059.0,1073.0,44151
2026-07-08,1068.4000244140625,1071.800048828125,1025.800048828125,1039.4000244140625,79329
2026-07-09,1036.800048828125,1051.0,1030.800048828125,1044.300048828125,45109
2026-07-10,1049.800048828125,1054.800048828125,1044.0999755859375,1046.800048828125,71941
2026-07-13,1044.5999755859375,1049.800048828125,1031.300048828125,1044.5999755859375,36761
2026-07-14,1038.800048828125,1046.9000244140625,1029.0,1033.5,40537
2026-07-15,1042.9000244140625,1043.9000244140625,1013.9000244140625,1026.300048828125,86770
2026-07-16,1021.7999877929688,1045.0,1016.4000244140625,1029.5999755859375,74475
2026-07-17,1025.0,1027.5,1004.0,1012.7999877929688,57508
2026-07-20,1013.0,1022.2999877929688,996.0,999.7999877929688,52445
2026-07-21,1000.0,1016.7999877929688,984.5999755859375,989.5,103338
2026-07-22,990.0,995.0,974.0,982.4000244140625,68664
2026-07-23,983.0,1040.0,976.0999755859375,1035.699951171875,130639
2026-07-24,1038.0,1038.0,1012.0,1015.7000122070312,28916
2026-07-27,1028.4000244140625,1059.0,1020.9000244140625,1048.199951171875,89310
2026-07-28,1053.9000244140625,1061.5999755859375,1029.9000244140625,1035.5999755859375,47730
2026-07-29,1045.0,1069.300048828125,1035.0,1060.699951171875,66291
