Date,Open,High,Low,Close,Volume
2011-08-02,15.75,16.200000762939453,15.199999809265137,15.399999618530273,1965482
2011-08-03,15.699999809265137,15.699999809265137,15.100000381469727,15.25,1819649
2011-08-04,15.699999809265137,15.699999809265137,14.899999618530273,15.0,1483115
2011-08-05,14.100000381469727,14.649999618530273,13.899999618530273,14.050000190734863,2341196
2011-08-08,13.800000190734863,13.899999618530273,13.100000381469727,13.25,2117602
2011-08-09,12.5,13.350000381469727,12.5,12.75,1740529
2011-08-10,13.25,13.5,12.850000381469727,12.949999809265137,1212185
2011-08-11,12.800000190734863,13.399999618530273,12.800000190734863,12.949999809265137,997562
2011-08-12,13.199999809265137,14.100000381469727,12.949999809265137,13.800000190734863,1691928
2011-08-16,14.0,14.149999618530273,12.75,12.850000381469727,977785
2011-08-17,12.800000190734863,13.100000381469727,12.350000381469727,12.399999618530273,767295
2011-08-18,12.600000381469727,12.600000381469727,11.149999618530273,12.050000190734863,2615442
2011-08-19,11.850000381469727,11.949999809265137,11.399999618530273,11.550000190734863,1307107
2011-08-22,11.699999809265137,12.300000190734863,11.449999809265137,12.199999809265137,755595
2011-08-23,12.399999618530273,12.399999618530273,12.0,12.149999618530273,430654
2011-08-24,12.149999618530273,12.5,11.949999809265137,12.100000381469727,823242
2011-08-25,12.149999618530273,12.25,11.800000190734863,12.0,615988
2011-08-26,12.050000190734863,12.100000381469727,11.5,11.550000190734863,426231
2011-08-29,11.600000381469727,12.149999618530273,11.600000381469727,12.050000190734863,535781
2011-08-30,12.050000190734863,12.449999809265137,12.0,12.100000381469727,586072
2011-09-02,12.100000381469727,12.25,11.949999809265137,12.050000190734863,310597
2011-09-05,11.949999809265137,13.399999618530273,11.899999618530273,13.149999618530273,2417101
2011-09-06,13.199999809265137,13.399999618530273,12.649999618530273,12.75,1398092
2011-09-07,12.949999809265137,13.350000381469727,12.800000190734863,13.100000381469727,1132668
2011-09-08,13.25,13.899999618530273,13.0,13.25,1185670
2011-09-09,13.300000190734863,13.800000190734863,12.649999618530273,12.75,1436285
2011-09-12,12.75,12.75,12.199999809265137,12.25,574976
2011-09-13,12.5,12.699999809265137,12.300000190734863,12.350000381469727,1157150
2011-09-14,12.399999618530273,12.649999618530273,12.25,12.449999809265137,445331
2011-09-15,12.5,12.649999618530273,12.300000190734863,12.399999618530273,281066
2011-09-16,12.550000190734863,12.550000190734863,12.25,12.300000190734863,452065
2011-09-19,12.199999809265137,12.449999809265137,12.149999618530273,12.25,359587
2011-09-20,12.399999618530273,13.149999618530273,12.25,12.949999809265137,1021463
2011-09-21,12.949999809265137,13.25,12.649999618530273,12.75,657411
2011-09-22,12.600000381469727,12.600000381469727,11.75,11.949999809265137,1081245
2011-09-23,11.850000381469727,12.050000190734863,11.550000190734863,11.75,508754
2011-09-26,12.149999618530273,12.149999618530273,11.199999809265137,11.300000190734863,579542
2011-09-27,11.399999618530273,11.850000381469727,11.350000381469727,11.5,395823
2011-09-28,11.5,11.600000381469727,11.149999618530273,11.25,314091
2011-09-29,11.399999618530273,11.399999618530273,11.0,11.25,512234
2011-09-30,11.649999618530273,11.649999618530273,11.050000190734863,11.199999809265137,304748
2011-10-03,11.199999809265137,11.25,11.0,11.199999809265137,258342
2011-10-04,11.199999809265137,11.449999809265137,11.050000190734863,11.149999618530273,366552
2011-10-05,11.350000381469727,11.350000381469727,10.699999809265137,10.800000190734863,480130
2011-10-07,11.0,11.300000190734863,10.949999809265137,11.0,344993
2011-10-10,11.199999809265137,11.699999809265137,11.100000381469727,11.5,641499
2011-10-11,11.649999618530273,11.75,11.25,11.350000381469727,380097
2011-10-12,11.5,11.800000190734863,11.350000381469727,11.699999809265137,404038
2011-10-13,11.5,11.800000190734863,11.399999618530273,11.600000381469727,352372
2011-10-14,11.350000381469727,13.449999809265137,11.300000190734863,13.25,5131819
2011-10-17,13.399999618530273,14.350000381469727,12.850000381469727,13.600000381469727,3496562
2011-10-18,13.5,13.75,13.199999809265137,13.350000381469727,962564
2011-10-19,13.5,14.25,13.5,13.649999618530273,1294177
2011-10-20,13.25,13.649999618530273,13.25,13.399999618530273,413805
2011-10-21,13.300000190734863,13.600000381469727,12.800000190734863,12.899999618530273,563493
2011-10-24,13.100000381469727,13.25,12.600000381469727,12.649999618530273,577902
2011-10-25,12.75,13.449999809265137,12.600000381469727,13.350000381469727,663288
2011-10-28,13.600000381469727,13.649999618530273,13.100000381469727,13.199999809265137,436486
2011-10-31,13.649999618530273,13.649999618530273,13.0,13.100000381469727,667740
2011-11-01,13.100000381469727,14.600000381469727,13.100000381469727,14.350000381469727,4166756
2011-11-02,14.300000190734863,14.699999809265137,13.800000190734863,14.100000381469727,2733309
2011-11-03,14.199999809265137,14.350000381469727,13.800000190734863,13.899999618530273,878111
2011-11-04,14.050000190734863,14.25,13.800000190734863,13.899999618530273,851897
2011-11-08,14.0,14.25,13.699999809265137,13.850000381469727,1102659
2011-11-09,14.0,14.25,13.25,13.399999618530273,915760
2011-11-11,13.300000190734863,13.449999809265137,12.800000190734863,12.899999618530273,807026
2011-11-14,13.300000190734863,13.300000190734863,12.0,12.199999809265137,1166073
2011-11-15,12.300000190734863,12.449999809265137,11.899999618530273,12.0,1297647
2011-11-16,12.399999618530273,12.399999618530273,11.75,12.0,1145780
2011-11-17,12.0,12.050000190734863,11.300000190734863,11.5,969823
2011-11-18,11.5,11.699999809265137,11.100000381469727,11.300000190734863,1091169
2011-11-21,11.5,11.5,10.800000190734863,10.899999618530273,936738
2011-11-22,11.0,11.5,10.899999618530273,11.199999809265137,910576
2011-11-23,11.199999809265137,11.199999809265137,10.850000381469727,11.0,796340
2011-11-24,11.199999809265137,11.300000190734863,10.75,11.050000190734863,744776
2011-11-25,11.100000381469727,11.350000381469727,10.800000190734863,11.0,400941
2011-11-28,11.199999809265137,11.399999618530273,11.199999809265137,11.25,239314
2011-11-29,11.449999809265137,11.949999809265137,11.25,11.300000190734863,834448
2011-11-30,11.25,11.550000190734863,11.0,11.100000381469727,458268
2011-12-01,11.350000381469727,11.649999618530273,11.100000381469727,11.100000381469727,934060
2011-12-02,11.100000381469727,11.600000381469727,11.100000381469727,11.399999618530273,501190
2011-12-05,11.399999618530273,11.449999809265137,11.149999618530273,11.199999809265137,5231836
2011-12-07,11.350000381469727,11.75,11.300000190734863,11.600000381469727,2159585
2011-12-08,11.550000190734863,11.550000190734863,11.199999809265137,11.350000381469727,412555
2011-12-09,11.25,11.600000381469727,11.149999618530273,11.300000190734863,1371985
2011-12-12,11.300000190734863,11.449999809265137,10.949999809265137,11.100000381469727,515631
2011-12-13,11.100000381469727,11.199999809265137,10.949999809265137,11.0,737638
2011-12-14,11.25,11.399999618530273,10.899999618530273,10.949999809265137,687481
2011-12-15,11.199999809265137,11.399999618530273,10.899999618530273,11.050000190734863,1043663
2011-12-16,11.050000190734863,11.25,10.699999809265137,10.949999809265137,1000073
2011-12-19,10.850000381469727,10.949999809265137,10.5,10.649999618530273,920513
2011-12-20,10.850000381469727,10.850000381469727,10.25,10.449999809265137,1284914
2011-12-21,10.649999618530273,10.75,10.600000381469727,10.699999809265137,533199
2011-12-22,10.550000190734863,11.199999809265137,10.550000190734863,10.949999809265137,753986
2011-12-23,10.949999809265137,11.899999618530273,10.899999618530273,11.25,889185
2011-12-26,12.25,12.25,11.100000381469727,11.149999618530273,271126
2011-12-27,11.100000381469727,11.350000381469727,11.0,11.050000190734863,408654
2011-12-28,11.25,11.350000381469727,10.75,10.850000381469727,630244
2011-12-29,10.699999809265137,10.850000381469727,10.600000381469727,10.649999618530273,646026
2011-12-30,10.649999618530273,10.899999618530273,10.550000190734863,10.600000381469727,476980
2012-01-02,10.699999809265137,11.100000381469727,10.600000381469727,10.899999618530273,1147456
2012-01-03,10.5,11.25,10.5,11.100000381469727,409464
2012-01-04,11.100000381469727,11.25,10.800000190734863,10.899999618530273,255329
2012-01-05,10.850000381469727,11.0,10.699999809265137,10.850000381469727,154852
2012-01-06,10.949999809265137,11.25,10.75,11.050000190734863,391421
2012-01-09,11.050000190734863,11.75,11.050000190734863,11.300000190734863,800007
2012-01-10,11.600000381469727,12.199999809265137,11.350000381469727,11.800000190734863,1425859
2012-01-11,12.399999618530273,12.449999809265137,11.550000190734863,11.649999618530273,1126446
2012-01-12,11.899999618530273,11.899999618530273,11.350000381469727,11.399999618530273,621323
2012-01-13,11.600000381469727,13.649999618530273,11.449999809265137,13.600000381469727,8843804
2012-01-16,13.75,14.25,13.100000381469727,13.449999809265137,2021575
2012-01-17,14.300000190734863,14.300000190734863,13.300000190734863,13.449999809265137,913809
2012-01-18,13.449999809265137,14.300000190734863,13.25,13.5,1493890
2012-01-19,13.800000190734863,14.449999809265137,13.100000381469727,13.75,2008509
2012-01-20,14.300000190734863,14.300000190734863,13.050000190734863,13.25,1127887
2012-01-23,13.100000381469727,13.550000190734863,12.949999809265137,13.199999809265137,885431
2012-01-24,13.199999809265137,13.399999618530273,13.050000190734863,13.100000381469727,620818
2012-01-25,13.25,13.399999618530273,13.0,13.199999809265137,602974
2012-01-27,13.5,14.149999618530273,13.25,13.550000190734863,1754569
2012-01-30,13.75,13.75,13.199999809265137,13.449999809265137,931089
2012-01-31,13.699999809265137,13.699999809265137,13.350000381469727,13.5,380742
2012-02-01,13.550000190734863,14.5,13.5,14.100000381469727,2621649
2012-02-02,14.199999809265137,14.399999618530273,13.5,13.649999618530273,1584560
2012-02-03,14.550000190734863,14.550000190734863,13.5,13.649999618530273,838813
2012-02-06,13.899999618530273,14.0,13.350000381469727,13.399999618530273,988394
2012-02-07,13.800000190734863,14.399999618530273,13.300000190734863,13.449999809265137,3418980
2012-02-08,13.550000190734863,14.199999809265137,13.5,13.699999809265137,1954880
2012-02-09,14.0,14.300000190734863,13.75,13.850000381469727,1701192
2012-02-10,13.899999618530273,14.100000381469727,13.5,13.600000381469727,1024317
2012-02-13,13.75,14.300000190734863,13.649999618530273,13.75,1875191
2012-02-14,14.5,14.5,13.550000190734863,13.600000381469727,1049365
2012-02-15,14.600000381469727,14.600000381469727,13.649999618530273,13.899999618530273,1589430
2012-02-16,14.949999809265137,15.600000381469727,13.699999809265137,15.050000190734863,8000831
2012-02-17,15.100000381469727,15.5,14.5,14.600000381469727,4868098
2012-02-21,15.0,15.25,14.600000381469727,14.899999618530273,1614797
2012-02-22,15.0,15.25,13.449999809265137,13.75,2333429
2012-02-23,14.5,14.5,13.449999809265137,13.949999809265137,1075859
2012-02-24,14.800000190734863,15.0,13.649999618530273,14.699999809265137,2852554
2012-02-27,14.699999809265137,15.0,13.75,13.850000381469727,1908982
2012-02-28,13.850000381469727,14.550000190734863,13.850000381469727,14.300000190734863,3738394
2012-02-29,14.550000190734863,14.649999618530273,13.850000381469727,13.949999809265137,1009102
2012-03-01,14.199999809265137,14.449999809265137,13.649999618530273,13.800000190734863,1640577
2012-03-02,14.0,14.100000381469727,13.600000381469727,13.699999809265137,848854
2012-03-05,13.5,13.899999618530273,13.300000190734863,13.399999618530273,946548
2012-03-06,13.350000381469727,13.600000381469727,13.0,13.149999618530273,930259
2012-03-07,13.0,13.300000190734863,12.699999809265137,12.899999618530273,3520353
2012-03-09,13.0,13.350000381469727,13.0,13.050000190734863,463941
2012-03-12,13.25,13.550000190734863,13.149999618530273,13.350000381469727,948001
2012-03-13,13.350000381469727,13.699999809265137,13.300000190734863,13.5,520132
2012-03-14,13.75,13.800000190734863,12.949999809265137,13.149999618530273,1243473
2012-03-15,13.199999809265137,13.199999809265137,12.800000190734863,12.850000381469727,365952
2012-03-16,13.100000381469727,13.100000381469727,12.25,12.350000381469727,894808
2012-03-19,13.0,13.0,11.850000381469727,11.949999809265137,713541
2012-03-20,11.850000381469727,12.550000190734863,11.850000381469727,12.199999809265137,776703
2012-03-21,12.350000381469727,12.350000381469727,12.0,12.100000381469727,605187
2012-03-22,12.350000381469727,12.800000190734863,12.050000190734863,12.149999618530273,1539161
2012-03-23,12.25,12.649999618530273,12.149999618530273,12.199999809265137,1040053
2012-03-26,12.5,12.699999809265137,11.899999618530273,11.949999809265137,1594265
2012-03-27,12.149999618530273,12.25,11.550000190734863,11.649999618530273,876241
2012-03-28,11.649999618530273,11.800000190734863,11.0,11.149999618530273,1539436
2012-03-29,11.350000381469727,11.75,11.100000381469727,11.649999618530273,710633
2012-03-30,11.649999618530273,12.100000381469727,11.550000190734863,11.75,3158558
2012-04-02,11.949999809265137,12.5,11.850000381469727,12.199999809265137,592938
2012-04-03,12.5,12.5,12.100000381469727,12.149999618530273,384251
2012-04-04,12.199999809265137,12.25,11.949999809265137,12.0,271007
2012-04-09,12.0,12.050000190734863,11.850000381469727,11.899999618530273,236614
2012-04-10,12.0,12.25,11.75,11.850000381469727,387182
2012-04-11,11.800000190734863,12.350000381469727,11.75,12.100000381469727,705697
2012-04-12,12.300000190734863,12.300000190734863,11.850000381469727,11.850000381469727,286101
2012-04-13,11.949999809265137,12.050000190734863,11.350000381469727,11.5,527435
2012-04-16,11.649999618530273,11.800000190734863,11.300000190734863,11.550000190734863,222290
2012-04-17,11.699999809265137,12.0,11.399999618530273,11.75,505490
2012-04-18,11.899999618530273,12.149999618530273,11.600000381469727,11.699999809265137,841169
2012-04-19,11.850000381469727,12.149999618530273,11.550000190734863,12.0,1219247
2012-04-20,12.199999809265137,12.300000190734863,11.699999809265137,11.75,473950
2012-04-23,11.949999809265137,12.050000190734863,11.550000190734863,11.600000381469727,445567
2012-04-24,11.600000381469727,11.899999618530273,11.5,11.649999618530273,313907
2012-04-25,11.649999618530273,11.75,11.25,11.350000381469727,445998
2012-04-26,11.350000381469727,11.449999809265137,11.25,11.350000381469727,1008021
2012-04-27,11.300000190734863,11.449999809265137,11.050000190734863,11.100000381469727,457879
2012-04-30,11.149999618530273,11.399999618530273,10.949999809265137,11.050000190734863,859148
2012-05-02,11.199999809265137,11.350000381469727,10.850000381469727,10.949999809265137,827911
2012-05-03,11.0,11.100000381469727,10.800000190734863,10.949999809265137,627466
2012-05-04,11.0,11.0,10.399999618530273,10.699999809265137,1306955
2012-05-07,10.5,10.899999618530273,10.5,10.75,322287
2012-05-08,10.75,10.949999809265137,10.449999809265137,10.550000190734863,706149
2012-05-09,10.449999809265137,10.699999809265137,10.449999809265137,10.5,285933
2012-05-10,10.5,10.75,10.5,10.550000190734863,510093
2012-05-11,10.399999618530273,10.649999618530273,10.399999618530273,10.5,599301
2012-05-14,10.449999809265137,10.600000381469727,10.399999618530273,10.5,361655
2012-05-15,10.399999618530273,10.75,10.350000381469727,10.600000381469727,404211
2012-05-16,10.5,10.649999618530273,10.350000381469727,10.399999618530273,1021004
2012-05-17,10.399999618530273,10.550000190734863,10.350000381469727,10.449999809265137,529706
2012-05-18,10.350000381469727,10.75,10.350000381469727,10.600000381469727,381846
2012-05-21,12.0,12.699999809265137,11.5,12.699999809265137,5048433
2012-05-22,13.300000190734863,13.550000190734863,11.949999809265137,12.75,12999049
2012-05-23,12.75,13.199999809265137,12.350000381469727,12.550000190734863,1669087
2012-05-24,13.25,13.25,12.25,12.300000190734863,623143
2012-05-25,12.449999809265137,12.600000381469727,12.050000190734863,12.199999809265137,1167122
2012-05-28,12.0,13.0,12.0,12.199999809265137,695014
2012-05-29,12.25,12.350000381469727,12.0,12.050000190734863,717413
2012-05-30,12.050000190734863,12.050000190734863,11.550000190734863,11.649999618530273,422490
2012-05-31,11.649999618530273,11.649999618530273,11.300000190734863,11.350000381469727,493996
2012-06-01,11.449999809265137,11.449999809265137,11.0,11.050000190734863,431652
2012-06-04,10.850000381469727,11.0,10.800000190734863,10.949999809265137,311137
2012-06-05,10.949999809265137,11.649999618530273,10.949999809265137,11.25,596402
2012-06-06,11.300000190734863,11.699999809265137,11.100000381469727,11.350000381469727,1056394
2012-06-07,11.699999809265137,12.5,11.5,11.699999809265137,3908524
2012-06-08,11.800000190734863,12.050000190734863,11.5,11.75,997804
2012-06-11,11.800000190734863,12.199999809265137,11.550000190734863,11.600000381469727,960493
2012-06-12,11.550000190734863,11.75,11.199999809265137,11.5,705819
2012-06-13,11.600000381469727,11.699999809265137,11.449999809265137,11.5,370226
2012-06-14,11.5,11.649999618530273,11.149999618530273,11.149999618530273,388403
2012-06-15,11.149999618530273,11.350000381469727,11.149999618530273,11.199999809265137,342083
2012-06-18,11.449999809265137,11.649999618530273,11.100000381469727,11.149999618530273,509990
2012-06-19,11.25,11.25,10.899999618530273,11.0,1182917
2012-06-20,11.100000381469727,11.300000190734863,11.0,11.100000381469727,529651
2012-06-21,11.149999618530273,11.199999809265137,10.850000381469727,11.0,537339
2012-06-22,11.0,11.600000381469727,10.899999618530273,11.199999809265137,1623011
2012-06-25,11.149999618530273,11.5,11.149999618530273,11.199999809265137,479649
2012-06-26,11.300000190734863,11.550000190734863,11.100000381469727,11.350000381469727,555322
2012-06-27,12.0,12.0,11.050000190734863,11.199999809265137,750915
2012-06-28,11.300000190734863,11.75,11.100000381469727,11.300000190734863,1317202
2012-06-29,11.449999809265137,11.649999618530273,11.25,11.300000190734863,1035364
2012-07-02,11.300000190734863,12.149999618530273,11.300000190734863,11.899999618530273,2622247
2012-07-03,12.399999618530273,13.600000381469727,12.0,13.449999809265137,10188074
2012-07-04,13.699999809265137,13.75,12.850000381469727,13.25,2087184
2012-07-05,14.0,14.0,12.850000381469727,13.25,1547350
2012-07-06,13.5,13.5,12.850000381469727,12.949999809265137,1030598
2012-07-09,12.800000190734863,12.899999618530273,12.399999618530273,12.5,783399
2012-07-10,12.149999618530273,13.899999618530273,12.149999618530273,13.25,3279210
2012-07-11,13.5,14.100000381469727,12.949999809265137,13.350000381469727,3317749
2012-07-12,13.649999618530273,13.699999809265137,13.050000190734863,13.199999809265137,1256464
2012-07-13,13.350000381469727,13.850000381469727,13.050000190734863,13.100000381469727,931392
2012-07-16,13.300000190734863,13.399999618530273,12.5,12.600000381469727,1452216
2012-07-17,13.25,13.25,12.399999618530273,12.5,658546
2012-07-18,12.5,12.649999618530273,12.149999618530273,12.350000381469727,971212
2012-07-19,13.050000190734863,13.050000190734863,12.300000190734863,12.5,746318
2012-07-20,12.600000381469727,12.800000190734863,12.25,12.350000381469727,908574
2012-07-23,13.050000190734863,13.050000190734863,12.149999618530273,12.399999618530273,1270742
2012-07-24,12.5,12.600000381469727,12.300000190734863,12.350000381469727,645135
2012-07-25,12.449999809265137,12.449999809265137,11.899999618530273,11.949999809265137,694775
2012-07-26,12.149999618530273,12.149999618530273,11.5,11.5,929813
2012-07-27,11.75,11.899999618530273,11.300000190734863,11.399999618530273,936427
2012-07-30,11.75,11.899999618530273,11.399999618530273,11.75,482114
2012-07-31,11.699999809265137,12.25,11.699999809265137,11.850000381469727,769338
2012-08-01,11.899999618530273,12.199999809265137,11.75,11.850000381469727,865507
2012-08-02,11.899999618530273,12.050000190734863,11.800000190734863,11.850000381469727,291611
2012-08-03,11.850000381469727,11.850000381469727,11.550000190734863,11.699999809265137,343943
2012-08-06,11.949999809265137,12.300000190734863,11.800000190734863,11.800000190734863,650814
2012-08-07,11.850000381469727,12.75,11.75,12.199999809265137,2842674
2012-08-08,12.300000190734863,12.399999618530273,11.699999809265137,11.800000190734863,977644
2012-08-09,11.850000381469727,12.149999618530273,11.75,11.800000190734863,504076
2012-08-10,11.75,11.899999618530273,11.600000381469727,11.699999809265137,509699
2012-08-13,11.75,11.850000381469727,11.699999809265137,11.75,338778
2012-08-14,11.800000190734863,12.050000190734863,11.649999618530273,11.699999809265137,674961
2012-08-16,11.75,12.149999618530273,11.699999809265137,11.75,877936
2012-08-17,11.800000190734863,12.149999618530273,11.550000190734863,11.600000381469727,1172936
2012-08-21,11.600000381469727,11.800000190734863,11.449999809265137,11.5,353286
2012-08-22,11.5,11.600000381469727,11.25,11.300000190734863,249292
2012-08-23,11.399999618530273,11.75,11.350000381469727,11.399999618530273,706062
2012-08-24,11.399999618530273,11.5,11.050000190734863,11.149999618530273,661041
2012-08-27,11.300000190734863,11.300000190734863,11.0,11.050000190734863,541074
2012-08-28,11.0,11.100000381469727,10.600000381469727,10.800000190734863,761974
2012-08-29,10.850000381469727,11.100000381469727,10.649999618530273,10.649999618530273,704984
2012-08-30,10.649999618530273,11.100000381469727,10.5,11.0,1424870
2012-08-31,11.100000381469727,11.100000381469727,10.800000190734863,10.899999618530273,533070
2012-09-03,11.0,11.100000381469727,10.800000190734863,10.850000381469727,194950
2012-09-04,11.0,11.050000190734863,10.800000190734863,10.800000190734863,280674
2012-09-05,10.899999618530273,10.899999618530273,10.75,10.800000190734863,309885
2012-09-06,10.75,10.850000381469727,10.600000381469727,10.600000381469727,598717
2012-09-07,10.75,10.899999618530273,10.5,10.699999809265137,463149
2012-09-10,10.649999618530273,11.25,10.649999618530273,10.899999618530273,1529967
2012-09-11,10.899999618530273,11.25,10.800000190734863,11.050000190734863,1053993
2012-09-12,11.149999618530273,11.25,10.850000381469727,10.949999809265137,681203
2012-09-13,10.949999809265137,11.050000190734863,10.800000190734863,10.800000190734863,358285
2012-09-14,10.899999618530273,11.100000381469727,10.75,10.800000190734863,850793
2012-09-17,10.850000381469727,11.199999809265137,10.850000381469727,10.949999809265137,1529558
2012-09-18,11.0,11.600000381469727,11.0,11.199999809265137,1407335
2012-09-20,11.050000190734863,11.199999809265137,10.75,10.800000190734863,729753
2012-09-21,10.949999809265137,11.399999618530273,10.699999809265137,11.199999809265137,1725246
2012-09-24,11.199999809265137,11.75,11.100000381469727,11.399999618530273,1680657
2012-09-25,11.5,11.550000190734863,11.149999618530273,11.25,762359
2012-09-26,11.300000190734863,11.649999618530273,11.149999618530273,11.300000190734863,1476372
2012-09-27,11.399999618530273,11.600000381469727,11.25,11.300000190734863,668405
2012-09-28,11.350000381469727,11.550000190734863,11.199999809265137,11.25,807114
2012-10-01,11.350000381469727,11.5,11.199999809265137,11.350000381469727,1096208
2012-10-03,11.449999809265137,12.149999618530273,11.449999809265137,11.800000190734863,3036874
2012-10-04,11.949999809265137,12.399999618530273,11.75,12.199999809265137,3477235
2012-10-05,12.300000190734863,12.399999618530273,11.600000381469727,11.850000381469727,1607603
2012-10-08,11.75,11.850000381469727,11.5,11.5,642018
2012-10-09,11.649999618530273,11.75,11.399999618530273,11.5,810666
2012-10-10,11.5,11.550000190734863,11.100000381469727,11.100000381469727,594089
2012-10-11,11.199999809265137,11.5,11.050000190734863,11.399999618530273,905159
2012-10-12,11.5,11.699999809265137,11.149999618530273,11.199999809265137,658460
2012-10-15,11.399999618530273,11.550000190734863,11.199999809265137,11.25,494961
2012-10-16,11.25,11.399999618530273,11.0,11.050000190734863,717640
2012-10-17,11.100000381469727,11.25,10.949999809265137,11.050000190734863,620177
2012-10-18,11.300000190734863,11.300000190734863,11.050000190734863,11.149999618530273,504707
2012-10-19,11.550000190734863,11.649999618530273,11.0,11.25,2376904
2012-10-22,11.25,11.399999618530273,11.149999618530273,11.199999809265137,436280
2012-10-23,11.199999809265137,11.25,11.050000190734863,11.100000381469727,485746
2012-10-25,11.149999618530273,11.5,11.100000381469727,11.350000381469727,837634
2012-10-29,11.100000381469727,11.350000381469727,11.0,11.0,456880
2012-10-30,11.050000190734863,11.149999618530273,10.75,10.800000190734863,1099158
2012-10-31,10.850000381469727,10.949999809265137,10.75,10.800000190734863,506094
2012-11-01,10.899999618530273,11.149999618530273,10.699999809265137,11.0,721374
2012-11-02,11.050000190734863,11.25,10.949999809265137,11.0,480914
2012-11-05,11.199999809265137,11.199999809265137,10.800000190734863,10.800000190734863,504783
2012-11-06,10.850000381469727,10.949999809265137,10.800000190734863,10.899999618530273,252767
2012-11-07,10.899999618530273,11.050000190734863,10.850000381469727,10.899999618530273,490001
2012-11-08,10.949999809265137,11.600000381469727,10.75,11.149999618530273,1648578
2012-11-09,11.199999809265137,11.449999809265137,10.800000190734863,10.850000381469727,1001479
2012-11-12,10.899999618530273,10.949999809265137,10.649999618530273,10.699999809265137,1063772
2012-11-15,10.800000190734863,11.399999618530273,10.649999618530273,10.899999618530273,3794731
2012-11-16,11.0,11.0,10.600000381469727,10.600000381469727,1497106
2012-11-19,10.699999809265137,10.75,10.399999618530273,10.449999809265137,1166021
2012-11-20,10.5,10.600000381469727,10.050000190734863,10.199999809265137,869884
2012-11-21,10.100000381469727,10.449999809265137,10.100000381469727,10.199999809265137,990443
2012-11-22,10.25,10.300000190734863,10.100000381469727,10.149999618530273,598638
2012-11-23,10.199999809265137,10.25,9.949999809265137,10.0,1198184
2012-11-26,10.100000381469727,10.25,10.0,10.100000381469727,892802
2012-11-27,10.050000190734863,10.300000190734863,10.050000190734863,10.149999618530273,1042120
2012-11-29,10.050000190734863,10.350000381469727,10.050000190734863,10.149999618530273,1910015
2012-11-30,10.199999809265137,10.600000381469727,10.149999618530273,10.199999809265137,2677026
2012-12-03,10.300000190734863,10.75,10.25,10.25,2380059
2012-12-04,10.350000381469727,11.25,10.300000190734863,10.75,5814215
2012-12-05,11.0,11.149999618530273,10.550000190734863,10.649999618530273,2404738
2012-12-06,10.800000190734863,10.800000190734863,10.5,10.600000381469727,1010958
2012-12-07,10.649999618530273,11.100000381469727,10.550000190734863,10.600000381469727,1933494
2012-12-10,10.699999809265137,10.949999809265137,10.5,10.5,1348763
2012-12-11,10.850000381469727,10.850000381469727,10.25,10.300000190734863,775150
2012-12-12,10.399999618530273,10.449999809265137,10.199999809265137,10.25,894469
2012-12-13,10.350000381469727,10.550000190734863,10.25,10.300000190734863,2236066
2012-12-14,10.350000381469727,10.399999618530273,10.149999618530273,10.149999618530273,1038182
2012-12-17,10.25,10.300000190734863,10.0,10.050000190734863,723891
2012-12-18,10.050000190734863,10.5,10.050000190734863,10.149999618530273,983871
2012-12-19,10.149999618530273,10.300000190734863,10.100000381469727,10.149999618530273,594654
2012-12-20,10.25,10.300000190734863,10.100000381469727,10.149999618530273,753134
2012-12-21,10.25,10.300000190734863,9.949999809265137,10.0,867390
2012-12-24,10.0,10.149999618530273,9.899999618530273,9.899999618530273,402067
2012-12-26,10.0,10.100000381469727,9.949999809265137,10.0,638879
2012-12-27,10.100000381469727,10.100000381469727,9.850000381469727,9.899999618530273,360315
2012-12-28,10.0,10.050000190734863,9.800000190734863,9.850000381469727,703473
2012-12-31,9.899999618530273,9.949999809265137,9.800000190734863,9.800000190734863,493718
2013-01-01,9.800000190734863,10.0,9.800000190734863,9.899999618530273,309631
2013-01-02,9.949999809265137,10.350000381469727,9.899999618530273,10.149999618530273,1784473
2013-01-03,10.149999618530273,10.350000381469727,10.100000381469727,10.149999618530273,496587
2013-01-04,10.149999618530273,10.300000190734863,10.050000190734863,10.100000381469727,799058
2013-01-07,10.100000381469727,11.149999618530273,10.100000381469727,10.699999809265137,5073683
2013-01-08,10.800000190734863,10.899999618530273,10.399999618530273,10.449999809265137,928771
2013-01-09,10.449999809265137,10.600000381469727,10.25,10.300000190734863,703957
2013-01-10,10.300000190734863,10.399999618530273,10.050000190734863,10.100000381469727,761523
2013-01-11,10.199999809265137,10.350000381469727,10.0,10.050000190734863,1330971
2013-01-14,10.050000190734863,10.399999618530273,10.0,10.149999618530273,868547
2013-01-15,10.199999809265137,10.800000190734863,10.100000381469727,10.25,1935117
2013-01-16,10.350000381469727,10.399999618530273,10.0,10.0,896683
2013-01-17,10.100000381469727,10.199999809265137,10.0,10.050000190734863,606890
2013-01-18,10.149999618530273,10.449999809265137,9.949999809265137,10.0,1022036
2013-01-21,10.0,10.149999618530273,9.899999618530273,9.949999809265137,566856
2013-01-22,9.949999809265137,10.25,9.899999618530273,10.0,947043
2013-01-23,10.050000190734863,10.149999618530273,9.75,9.800000190734863,632067
2013-01-24,9.899999618530273,9.899999618530273,9.5,9.649999618530273,682361
2013-01-25,9.649999618530273,9.699999809265137,9.449999809265137,9.649999618530273,946604
2013-01-28,9.699999809265137,9.899999618530273,9.5,9.550000190734863,534452
2013-01-29,9.649999618530273,10.050000190734863,9.600000381469727,9.649999618530273,1124362
2013-01-30,9.75,9.75,9.5,9.550000190734863,294641
2013-01-31,9.600000381469727,9.649999618530273,9.399999618530273,9.5,279377
2013-02-01,9.5,9.550000190734863,9.25,9.300000190734863,502611
2013-02-04,9.300000190734863,9.5,9.199999809265137,9.25,590632
2013-02-05,9.25,9.5,9.199999809265137,9.25,438750
2013-02-06,9.350000381469727,9.399999618530273,9.199999809265137,9.25,332381
2013-02-07,9.350000381469727,9.350000381469727,9.149999618530273,9.149999618530273,449711
2013-02-08,9.149999618530273,9.199999809265137,9.0,9.100000381469727,529487
2013-02-11,9.100000381469727,9.149999618530273,9.0,9.0,314127
2013-02-12,9.100000381469727,9.149999618530273,8.649999618530273,8.75,650702
2013-02-13,8.850000381469727,9.050000190734863,8.75,8.899999618530273,870977
2013-02-14,9.0,9.0,8.75,8.850000381469727,362595
2013-02-15,8.899999618530273,8.899999618530273,8.600000381469727,8.600000381469727,442608
2013-02-18,8.75,8.75,8.5,8.5,686946
2013-02-19,8.5,8.850000381469727,8.350000381469727,8.699999809265137,1159653
2013-02-20,8.850000381469727,8.850000381469727,8.5,8.550000190734863,501931
2013-02-21,8.5,8.649999618530273,8.449999809265137,8.600000381469727,403046
2013-02-22,8.75,8.75,8.449999809265137,8.449999809265137,421645
2013-02-25,8.600000381469727,8.600000381469727,8.100000381469727,8.25,541040
2013-02-26,8.100000381469727,8.399999618530273,8.100000381469727,8.300000190734863,560391
2013-02-27,8.149999618530273,8.5,8.149999618530273,8.350000381469727,969883
2013-02-28,8.300000190734863,8.5,8.149999618530273,8.25,462037
2013-03-01,8.199999809265137,8.5,8.149999618530273,8.199999809265137,1391192
2013-03-04,8.350000381469727,8.350000381469727,6.849999904632568,7.849999904632568,4479123
2013-03-05,7.849999904632568,7.900000095367432,7.5,7.699999809265137,934198
2013-03-06,7.75,9.199999809265137,7.75,8.5,2779296
2013-03-07,8.550000190734863,8.899999618530273,8.550000190734863,8.600000381469727,850199
2013-03-08,8.75,8.75,8.25,8.300000190734863,315432
2013-03-11,8.399999618530273,9.949999809265137,8.399999618530273,9.649999618530273,5965321
2013-03-12,9.649999618530273,9.649999618530273,8.75,9.149999618530273,1943943
2013-03-13,9.300000190734863,9.300000190734863,8.75,8.899999618530273,864969
2013-03-14,9.0,9.100000381469727,8.649999618530273,8.899999618530273,673977
2013-03-15,8.899999618530273,9.0,8.649999618530273,8.649999618530273,289739
2013-03-18,8.649999618530273,8.800000190734863,8.399999618530273,8.550000190734863,443351
2013-03-19,8.75,8.75,8.100000381469727,8.199999809265137,510477
2013-03-20,8.100000381469727,8.199999809265137,7.849999904632568,7.900000095367432,1858059
2013-03-21,7.900000095367432,8.149999618530273,7.849999904632568,7.900000095367432,839152
2013-03-22,8.0,8.0,7.599999904632568,7.75,464387
2013-03-25,7.849999904632568,8.0,7.599999904632568,7.699999809265137,1309851
2013-03-26,7.849999904632568,8.550000190734863,7.699999809265137,8.050000190734863,682113
2013-03-28,7.900000095367432,8.350000381469727,7.900000095367432,8.199999809265137,407694
2013-04-01,8.050000190734863,8.449999809265137,8.050000190734863,8.350000381469727,341604
2013-04-02,8.050000190734863,9.199999809265137,8.050000190734863,8.949999809265137,905837
2013-04-03,9.100000381469727,9.300000190734863,8.75,8.899999618530273,762906
2013-04-04,8.949999809265137,9.100000381469727,8.5,8.949999809265137,2289553
2013-04-05,9.0,9.149999618530273,8.649999618530273,8.699999809265137,1764291
2013-04-08,8.899999618530273,9.050000190734863,8.699999809265137,8.800000190734863,2363534
2013-04-09,8.949999809265137,9.050000190734863,8.449999809265137,8.5,1688813
2013-04-10,8.649999618530273,8.699999809265137,8.449999809265137,8.550000190734863,321905
2013-04-11,8.550000190734863,8.699999809265137,8.449999809265137,8.5,1780651
2013-04-12,8.100000381469727,8.399999618530273,8.100000381469727,8.199999809265137,370392
2013-04-15,8.100000381469727,8.5,8.100000381469727,8.25,1672773
2013-04-16,8.300000190734863,8.300000190734863,7.949999809265137,8.0,1089276
2013-04-17,8.0,8.25,8.0,8.050000190734863,443055
2013-04-18,8.100000381469727,8.149999618530273,7.949999809265137,8.0,1885983
2013-04-22,8.0,8.199999809265137,7.949999809265137,8.050000190734863,497113
2013-04-23,8.0,9.550000190734863,8.0,9.149999618530273,5293067
2013-04-25,9.199999809265137,9.600000381469727,8.800000190734863,8.899999618530273,2204576
2013-04-26,9.0,9.399999618530273,8.899999618530273,8.899999618530273,1063837
2013-04-29,9.0,9.699999809265137,8.949999809265137,9.5,1740612
2013-04-30,9.449999809265137,9.550000190734863,8.800000190734863,9.0,1114286
2013-05-02,9.399999618530273,9.399999618530273,8.699999809265137,8.800000190734863,878278
2013-05-03,8.850000381469727,9.0,8.5,8.550000190734863,813043
2013-05-06,8.649999618530273,8.850000381469727,8.550000190734863,8.75,500875
2013-05-07,8.649999618530273,9.050000190734863,8.649999618530273,8.949999809265137,948149
2013-05-08,9.0,9.0,8.75,8.800000190734863,577176
2013-05-09,8.899999618530273,9.199999809265137,8.800000190734863,8.850000381469727,883590
2013-05-10,8.699999809265137,9.0,8.649999618530273,8.699999809265137,525182
2013-05-13,8.699999809265137,8.800000190734863,8.350000381469727,8.449999809265137,729527
2013-05-14,8.449999809265137,8.649999618530273,8.449999809265137,8.550000190734863,287635
2013-05-15,8.5,8.800000190734863,8.5,8.550000190734863,430382
2013-05-16,8.600000381469727,8.699999809265137,8.399999618530273,8.449999809265137,616189
2013-05-17,8.550000190734863,8.550000190734863,8.25,8.300000190734863,980550
2013-05-20,8.399999618530273,8.550000190734863,8.300000190734863,8.300000190734863,712888
2013-05-21,8.300000190734863,8.399999618530273,8.100000381469727,8.199999809265137,838317
2013-05-22,8.350000381469727,8.350000381469727,8.149999618530273,8.149999618530273,369935
2013-05-23,8.149999618530273,8.25,7.849999904632568,7.900000095367432,676947
2013-05-24,8.100000381469727,8.100000381469727,7.75,7.800000190734863,483941
2013-05-27,7.849999904632568,8.350000381469727,7.800000190734863,8.300000190734863,635656
2013-05-28,8.300000190734863,8.350000381469727,7.949999809265137,8.149999618530273,631261
2013-05-29,8.100000381469727,8.25,7.949999809265137,8.149999618530273,628974
2013-05-30,7.949999809265137,8.050000190734863,7.849999904632568,8.0,628226
2013-05-31,7.800000190734863,8.050000190734863,7.349999904632568,7.550000190734863,4406902
2013-06-03,7.599999904632568,7.800000190734863,7.449999809265137,7.599999904632568,675165
2013-06-04,7.599999904632568,7.75,7.5,7.650000095367432,676631
2013-06-05,7.599999904632568,7.849999904632568,7.449999809265137,7.800000190734863,660697
2013-06-06,7.900000095367432,8.050000190734863,7.599999904632568,7.75,638865
2013-06-07,7.800000190734863,7.949999809265137,7.550000190734863,7.550000190734863,590531
2013-06-10,7.699999809265137,7.699999809265137,7.449999809265137,7.5,513493
2013-06-11,7.550000190734863,7.599999904632568,7.400000095367432,7.449999809265137,384655
2013-06-12,7.349999904632568,7.5,7.300000190734863,7.349999904632568,470432
2013-06-13,7.349999904632568,7.5,7.199999809265137,7.25,461407
2013-06-14,7.300000190734863,7.599999904632568,7.300000190734863,7.5,245928
2013-06-17,7.550000190734863,7.650000095367432,7.400000095367432,7.5,308682
2013-06-18,7.599999904632568,7.599999904632568,7.349999904632568,7.449999809265137,352093
2013-06-19,7.400000095367432,8.149999618530273,7.400000095367432,7.849999904632568,726701
2013-06-20,8.0,8.0,7.449999809265137,7.5,212565
2013-06-21,7.5,7.849999904632568,7.449999809265137,7.800000190734863,596338
2013-06-24,7.900000095367432,7.900000095367432,7.349999904632568,7.5,409029
2013-06-25,7.75,7.75,7.349999904632568,7.400000095367432,220691
2013-06-26,7.599999904632568,7.599999904632568,7.150000095367432,7.300000190734863,592225
2013-06-27,7.449999809265137,7.449999809265137,6.949999809265137,7.25,718202
2013-06-28,7.400000095367432,7.699999809265137,7.25,7.550000190734863,393744
2013-07-01,7.349999904632568,7.75,7.349999904632568,7.699999809265137,148603
2013-07-02,7.599999904632568,8.050000190734863,7.599999904632568,7.849999904632568,488717
2013-07-03,7.949999809265137,7.949999809265137,7.400000095367432,7.599999904632568,408128
2013-07-04,7.5,7.75,7.5,7.599999904632568,169662
2013-07-05,7.650000095367432,7.699999809265137,7.5,7.550000190734863,180878
2013-07-08,7.5,7.650000095367432,7.449999809265137,7.449999809265137,144769
2013-07-09,7.550000190734863,7.800000190734863,7.449999809265137,7.599999904632568,207384
2013-07-10,7.650000095367432,7.949999809265137,7.5,7.550000190734863,329165
2013-07-11,7.699999809265137,7.949999809265137,7.5,7.849999904632568,835315
2013-07-12,7.949999809265137,7.949999809265137,7.550000190734863,7.650000095367432,231854
2013-07-15,7.550000190734863,7.75,7.5,7.599999904632568,372050
2013-07-16,7.75,7.75,7.5,7.75,718413
2013-07-17,7.849999904632568,7.949999809265137,7.599999904632568,7.900000095367432,888963
2013-07-18,7.900000095367432,8.550000190734863,7.75,8.199999809265137,1482174
2013-07-19,8.399999618530273,8.5,8.0,8.050000190734863,525227
2013-07-22,8.0,8.350000381469727,7.949999809265137,8.050000190734863,414047
2013-07-23,8.199999809265137,8.199999809265137,7.75,7.849999904632568,806322
2013-07-24,7.900000095367432,8.100000381469727,7.75,7.949999809265137,755355
2013-07-25,8.050000190734863,8.050000190734863,7.75,7.849999904632568,464729
2013-07-26,7.900000095367432,8.399999618530273,7.900000095367432,8.25,1789537
2013-07-29,8.350000381469727,8.350000381469727,7.949999809265137,8.0,351762
2013-07-30,8.149999618530273,8.149999618530273,7.949999809265137,8.0,721472
2013-07-31,8.0,8.100000381469727,7.650000095367432,7.800000190734863,969829
2013-08-01,7.849999904632568,8.0,7.699999809265137,7.800000190734863,344265
2013-08-02,7.900000095367432,8.0,7.699999809265137,7.75,403947
2013-08-05,7.849999904632568,7.900000095367432,7.699999809265137,7.699999809265137,713944
2013-08-06,7.699999809265137,7.699999809265137,7.5,7.5,571253
2013-08-07,7.599999904632568,7.650000095367432,7.400000095367432,7.5,1024539
2013-08-08,7.699999809265137,7.699999809265137,7.449999809265137,7.5,255807
2013-08-12,7.599999904632568,7.949999809265137,7.5,7.75,643587
2013-08-13,7.699999809265137,7.949999809265137,7.650000095367432,7.800000190734863,312520
2013-08-14,7.75,7.849999904632568,7.550000190734863,7.599999904632568,285000
2013-08-16,7.599999904632568,7.650000095367432,7.400000095367432,7.5,506181
2013-08-19,7.449999809265137,7.5,7.199999809265137,7.25,311023
2013-08-20,7.150000095367432,7.449999809265137,7.150000095367432,7.199999809265137,506660
2013-08-21,7.349999904632568,7.400000095367432,7.199999809265137,7.25,636955
2013-08-22,7.300000190734863,7.349999904632568,7.150000095367432,7.199999809265137,222138
2013-08-23,7.300000190734863,7.400000095367432,7.199999809265137,7.300000190734863,382982
2013-08-26,7.25,7.349999904632568,7.199999809265137,7.300000190734863,313468
2013-08-27,7.400000095367432,7.400000095367432,7.099999904632568,7.150000095367432,308091
2013-08-28,7.099999904632568,7.150000095367432,7.0,7.099999904632568,329772
2013-08-29,7.099999904632568,7.25,7.099999904632568,7.150000095367432,435653
2013-08-30,7.050000190734863,7.300000190734863,7.050000190734863,7.199999809265137,310695
2013-09-02,7.199999809265137,7.349999904632568,7.150000095367432,7.25,180097
2013-09-03,7.349999904632568,7.349999904632568,7.050000190734863,7.050000190734863,614393
2013-09-04,7.050000190734863,7.199999809265137,7.050000190734863,7.099999904632568,121015
2013-09-05,7.199999809265137,7.300000190734863,7.150000095367432,7.199999809265137,205308
2013-09-06,7.300000190734863,7.349999904632568,7.199999809265137,7.300000190734863,106164
2013-09-10,7.400000095367432,7.5,7.150000095367432,7.199999809265137,208401
2013-09-11,7.25,8.149999618530273,7.150000095367432,8.0,1264846
2013-09-12,8.149999618530273,8.149999618530273,7.699999809265137,7.900000095367432,806689
2013-09-13,8.0,8.199999809265137,7.849999904632568,8.050000190734863,758529
2013-09-16,8.100000381469727,8.399999618530273,7.75,7.849999904632568,3412472
2013-09-17,7.800000190734863,8.050000190734863,7.75,7.849999904632568,299183
2013-09-18,7.800000190734863,8.149999618530273,7.800000190734863,7.949999809265137,959843
2013-09-19,8.050000190734863,8.350000381469727,7.949999809265137,8.100000381469727,4355901
2013-09-20,8.100000381469727,8.100000381469727,7.75,7.849999904632568,181036
2013-09-23,7.550000190734863,7.849999904632568,7.550000190734863,7.650000095367432,127287
2013-09-24,7.599999904632568,7.75,7.550000190734863,7.550000190734863,154513
2013-09-25,7.599999904632568,7.699999809265137,7.550000190734863,7.550000190734863,88580
2013-09-26,7.650000095367432,7.75,7.599999904632568,7.599999904632568,177674
2013-09-27,7.699999809265137,7.699999809265137,7.400000095367432,7.400000095367432,394464
2013-09-30,7.5,7.5,7.25,7.300000190734863,497055
2013-10-01,7.300000190734863,7.550000190734863,7.300000190734863,7.349999904632568,222717
2013-10-03,7.400000095367432,7.75,7.349999904632568,7.599999904632568,679506
2013-10-04,7.699999809265137,7.699999809265137,7.400000095367432,7.5,298206
2013-10-07,7.5,7.650000095367432,7.400000095367432,7.400000095367432,166255
2013-10-08,7.449999809265137,7.550000190734863,7.400000095367432,7.449999809265137,121491
2013-10-09,7.400000095367432,7.949999809265137,7.400000095367432,7.650000095367432,510936
2013-10-10,7.650000095367432,7.849999904632568,7.550000190734863,7.599999904632568,231268
2013-10-11,7.699999809265137,7.75,7.550000190734863,7.599999904632568,248640
2013-10-14,7.5,7.800000190734863,7.5,7.550000190734863,280502
2013-10-15,7.650000095367432,7.949999809265137,7.550000190734863,7.599999904632568,594505
2013-10-17,7.650000095367432,9.100000381469727,7.599999904632568,9.100000381469727,4847244
2013-10-18,9.399999618530273,9.5,8.399999618530273,8.5,3597994
2013-10-21,8.550000190734863,9.0,8.550000190734863,8.800000190734863,1855629
2013-10-22,8.800000190734863,9.5,8.699999809265137,9.25,3736377
2013-10-23,9.25,9.600000381469727,8.699999809265137,8.800000190734863,2150842
2013-10-24,8.800000190734863,9.0,8.649999618530273,8.850000381469727,2725090
2013-10-25,8.850000381469727,9.399999618530273,8.550000190734863,9.149999618530273,3513625
2013-10-28,9.199999809265137,9.5,8.899999618530273,9.0,4682578
2013-10-29,9.0,9.050000190734863,8.75,8.800000190734863,2674240
2013-10-30,8.899999618530273,9.149999618530273,8.5,8.649999618530273,3720904
2013-10-31,8.550000190734863,8.850000381469727,8.449999809265137,8.5,877733
2013-11-01,8.5,8.949999809265137,8.5,8.649999618530273,3193755
2013-11-05,8.75,8.899999618530273,8.550000190734863,8.649999618530273,2375597
2013-11-06,8.600000381469727,8.800000190734863,8.5,8.550000190734863,641840
2013-11-07,8.600000381469727,8.800000190734863,8.25,8.350000381469727,875924
2013-11-08,8.399999618530273,8.5,8.199999809265137,8.25,598304
2013-11-11,8.25,8.350000381469727,8.0,8.100000381469727,750156
2013-11-12,8.199999809265137,8.649999618530273,8.100000381469727,8.199999809265137,1830519
2013-11-13,8.050000190734863,8.550000190734863,8.0,8.25,1117233
2013-11-14,8.25,8.449999809265137,8.199999809265137,8.25,1031956
2013-11-18,8.350000381469727,8.399999618530273,8.199999809265137,8.300000190734863,765708
2013-11-19,8.25,8.449999809265137,8.199999809265137,8.300000190734863,1026309
2013-11-20,8.25,8.399999618530273,8.050000190734863,8.100000381469727,732472
2013-11-21,8.050000190734863,8.149999618530273,7.800000190734863,7.849999904632568,574346
2013-11-22,7.900000095367432,8.100000381469727,7.699999809265137,7.75,1427019
2013-11-25,7.75,8.199999809265137,7.75,7.900000095367432,1258842
2013-11-26,7.900000095367432,7.949999809265137,7.699999809265137,7.75,301453
2013-11-27,7.75,7.849999904632568,7.650000095367432,7.699999809265137,321750
2013-11-28,7.75,7.800000190734863,7.650000095367432,7.650000095367432,219685
2013-11-29,7.849999904632568,8.199999809265137,7.699999809265137,8.0,538233
2013-12-02,8.0,8.350000381469727,8.0,8.25,480997
2013-12-03,8.25,8.300000190734863,8.0,8.050000190734863,318289
2013-12-04,7.949999809265137,8.199999809265137,7.849999904632568,8.0,333060
2013-12-05,8.149999618530273,8.25,8.050000190734863,8.100000381469727,411152
2013-12-06,8.149999618530273,8.199999809265137,7.900000095367432,7.949999809265137,471023
2013-12-09,8.149999618530273,8.550000190734863,7.949999809265137,8.149999618530273,1561483
2013-12-10,8.25,8.449999809265137,8.100000381469727,8.149999618530273,743223
2013-12-11,8.199999809265137,8.300000190734863,8.050000190734863,8.050000190734863,230907
2013-12-12,8.050000190734863,8.050000190734863,7.849999904632568,7.849999904632568,502007
2013-12-13,7.849999904632568,8.0,7.800000190734863,7.800000190734863,271925
2013-12-16,7.849999904632568,7.949999809265137,7.75,7.800000190734863,229700
2013-12-17,7.900000095367432,7.949999809265137,7.75,7.800000190734863,336554
2013-12-18,7.849999904632568,7.900000095367432,7.75,7.800000190734863,284083
2013-12-19,7.849999904632568,7.849999904632568,7.550000190734863,7.650000095367432,494731
2013-12-20,7.650000095367432,7.849999904632568,7.599999904632568,7.75,255540
2013-12-23,7.800000190734863,7.900000095367432,7.699999809265137,7.75,420752
2013-12-24,7.800000190734863,8.5,7.699999809265137,8.199999809265137,1915953
2013-12-26,8.25,8.449999809265137,8.149999618530273,8.199999809265137,955887
2013-12-27,8.25,8.449999809265137,8.050000190734863,8.100000381469727,775746
2013-12-30,8.199999809265137,8.649999618530273,8.100000381469727,8.300000190734863,1967617
2013-12-31,8.350000381469727,8.550000190734863,8.149999618530273,8.300000190734863,1663040
2014-01-01,8.649999618530273,9.399999618530273,8.350000381469727,9.149999618530273,9025661
2014-01-02,9.25,9.699999809265137,8.75,8.850000381469727,6439259
2014-01-03,8.850000381469727,9.350000381469727,8.75,9.199999809265137,1727049
2014-01-06,9.199999809265137,10.199999809265137,9.100000381469727,9.850000381469727,6241842
2014-01-07,9.899999618530273,10.399999618530273,9.699999809265137,10.199999809265137,5570620
2014-01-08,10.25,10.550000190734863,9.899999618530273,10.0,4237751
2014-01-09,10.100000381469727,10.350000381469727,9.399999618530273,9.5,2548987
2014-01-10,9.5,9.75,9.25,9.300000190734863,1292551
2014-01-13,9.149999618530273,9.850000381469727,9.149999618530273,9.449999809265137,1178876
2014-01-14,9.5,9.600000381469727,9.350000381469727,9.399999618530273,486443
2014-01-15,9.5,9.699999809265137,9.25,9.350000381469727,743761
2014-01-16,9.350000381469727,10.100000381469727,9.100000381469727,9.949999809265137,3051086
2014-01-17,10.050000190734863,10.199999809265137,9.350000381469727,9.699999809265137,2934913
2014-01-20,9.850000381469727,10.199999809265137,9.5,9.800000190734863,2112680
2014-01-21,9.899999618530273,10.0,9.399999618530273,9.449999809265137,1342840
2014-01-22,9.449999809265137,9.600000381469727,9.199999809265137,9.25,876915
2014-01-23,9.149999618530273,9.449999809265137,9.100000381469727,9.149999618530273,848161
2014-01-24,9.100000381469727,9.149999618530273,8.75,8.800000190734863,950488
2014-01-27,8.699999809265137,8.75,8.449999809265137,8.5,652731
2014-01-28,8.600000381469727,8.850000381469727,8.449999809265137,8.600000381469727,462523
2014-01-29,8.649999618530273,9.149999618530273,8.600000381469727,8.800000190734863,983758
2014-01-30,8.800000190734863,8.800000190734863,8.5,8.600000381469727,623282
2014-01-31,8.649999618530273,8.949999809265137,8.600000381469727,8.850000381469727,750322
2014-02-03,8.600000381469727,9.050000190734863,8.449999809265137,8.550000190734863,559760
2014-02-04,8.600000381469727,8.600000381469727,8.300000190734863,8.449999809265137,594060
2014-02-05,8.550000190734863,8.699999809265137,8.449999809265137,8.5,323123
2014-02-06,8.550000190734863,8.649999618530273,8.449999809265137,8.5,383964
2014-02-07,8.649999618530273,8.649999618530273,8.399999618530273,8.449999809265137,494993
2014-02-10,8.5,8.550000190734863,8.050000190734863,8.149999618530273,993037
2014-02-11,8.149999618530273,8.399999618530273,8.149999618530273,8.199999809265137,436002
2014-02-12,8.300000190734863,8.350000381469727,8.100000381469727,8.149999618530273,500325
2014-02-13,8.149999618530273,8.199999809265137,7.650000095367432,7.849999904632568,924563
2014-02-14,7.900000095367432,8.100000381469727,7.800000190734863,7.900000095367432,652422
2014-02-17,8.0,8.199999809265137,7.800000190734863,7.900000095367432,456196
2014-02-18,7.849999904632568,8.0,7.849999904632568,7.900000095367432,411223
2014-02-19,7.949999809265137,8.100000381469727,7.900000095367432,7.949999809265137,370775
2014-02-20,7.900000095367432,8.600000381469727,7.900000095367432,8.300000190734863,947096
2014-02-21,8.350000381469727,8.550000190734863,8.149999618530273,8.199999809265137,643260
2014-02-24,8.149999618530273,8.300000190734863,8.100000381469727,8.149999618530273,317966
2014-02-25,8.149999618530273,8.25,8.050000190734863,8.100000381469727,366699
2014-02-26,8.100000381469727,8.149999618530273,7.949999809265137,8.0,488994
2014-02-28,7.900000095367432,8.100000381469727,7.900000095367432,8.0,505277
2014-03-03,8.0,8.050000190734863,7.900000095367432,8.0,389002
2014-03-04,8.050000190734863,8.100000381469727,7.949999809265137,8.0,246441
2014-03-05,8.050000190734863,8.100000381469727,7.900000095367432,7.949999809265137,433188
2014-03-06,7.949999809265137,8.300000190734863,7.949999809265137,8.199999809265137,544957
2014-03-07,8.300000190734863,8.399999618530273,8.100000381469727,8.199999809265137,776798
2014-03-10,8.050000190734863,8.300000190734863,8.050000190734863,8.199999809265137,371700
2014-03-11,8.199999809265137,8.300000190734863,8.050000190734863,8.100000381469727,426757
2014-03-12,8.050000190734863,8.199999809265137,8.050000190734863,8.100000381469727,527485
2014-03-13,8.25,8.399999618530273,8.050000190734863,8.100000381469727,1270281
2014-03-14,8.050000190734863,8.149999618530273,8.050000190734863,8.050000190734863,389049
2014-03-18,8.050000190734863,8.149999618530273,8.0,8.050000190734863,384135
2014-03-19,8.050000190734863,8.149999618530273,7.900000095367432,7.900000095367432,575588
2014-03-20,7.900000095367432,8.0,7.800000190734863,7.849999904632568,526031
2014-03-21,7.849999904632568,7.949999809265137,7.800000190734863,7.800000190734863,477731
2014-03-24,7.800000190734863,7.900000095367432,7.650000095367432,7.699999809265137,737623
2014-03-25,7.699999809265137,7.800000190734863,7.699999809265137,7.75,418042
2014-03-26,7.800000190734863,7.800000190734863,7.599999904632568,7.650000095367432,1560820
2014-03-27,7.650000095367432,8.449999809265137,7.650000095367432,8.149999618530273,1791280
2014-03-28,8.25,8.350000381469727,8.0,8.050000190734863,634927
2014-03-31,8.199999809265137,8.399999618530273,8.149999618530273,8.199999809265137,840515
2014-04-01,8.300000190734863,8.300000190734863,8.100000381469727,8.199999809265137,444969
2014-04-02,8.300000190734863,8.699999809265137,8.199999809265137,8.600000381469727,2966443
2014-04-03,8.600000381469727,8.800000190734863,8.5,8.649999618530273,1413504
2014-04-04,8.949999809265137,9.350000381469727,8.600000381469727,9.149999618530273,6072101
2014-04-07,9.25,9.350000381469727,8.550000190734863,9.0,2332261
2014-04-09,9.0,9.25,8.899999618530273,9.100000381469727,1685875
2014-04-10,9.149999618530273,9.149999618530273,8.75,8.850000381469727,1296309
2014-04-11,8.899999618530273,9.25,8.699999809265137,9.0,2724422
2014-04-15,9.149999618530273,9.149999618530273,8.800000190734863,8.850000381469727,576274
2014-04-16,8.800000190734863,8.949999809265137,8.449999809265137,8.5,716885
2014-04-17,8.550000190734863,8.75,8.5,8.649999618530273,546472
2014-04-21,8.699999809265137,8.899999618530273,8.699999809265137,8.800000190734863,869356
2014-04-22,8.800000190734863,8.899999618530273,8.699999809265137,8.800000190734863,868065
2014-04-23,8.850000381469727,9.100000381469727,8.75,8.850000381469727,1692955
2014-04-25,8.800000190734863,9.850000381469727,8.75,9.550000190734863,7535905
2014-04-28,9.75,9.75,9.149999618530273,9.25,1527141
2014-04-29,9.350000381469727,9.399999618530273,9.050000190734863,9.100000381469727,1070279
2014-04-30,9.199999809265137,9.350000381469727,8.800000190734863,9.050000190734863,1111422
2014-05-02,9.149999618530273,10.350000381469727,9.149999618530273,9.649999618530273,6039606
2014-05-05,9.649999618530273,9.699999809265137,9.100000381469727,9.149999618530273,1447412
2014-05-06,9.300000190734863,9.300000190734863,8.850000381469727,8.899999618530273,1078688
2014-05-07,9.0,9.050000190734863,8.75,8.800000190734863,658567
2014-05-08,8.850000381469727,8.949999809265137,8.550000190734863,8.699999809265137,696894
2014-05-09,8.649999618530273,9.050000190734863,8.649999618530273,8.800000190734863,744837
2014-05-12,8.899999618530273,9.0,8.800000190734863,8.850000381469727,787821
2014-05-13,9.100000381469727,9.100000381469727,8.75,8.800000190734863,881708
2014-05-14,8.850000381469727,9.5,8.850000381469727,9.050000190734863,2079579
2014-05-15,9.050000190734863,9.25,8.800000190734863,8.850000381469727,744831
2014-05-16,8.899999618530273,9.300000190734863,8.899999618530273,8.949999809265137,1088706
2014-05-19,9.0,9.850000381469727,9.0,9.550000190734863,4980057
2014-05-20,9.75,11.449999809265137,9.649999618530273,11.300000190734863,15138074
2014-05-21,11.300000190734863,12.25,10.5,11.850000381469727,13281129
2014-05-22,11.850000381469727,12.899999618530273,11.75,12.399999618530273,11467537
2014-05-23,12.600000381469727,13.25,12.399999618530273,12.75,8413833
2014-05-26,13.0,14.0,11.600000381469727,12.649999618530273,16969568
2014-05-27,13.0,13.899999618530273,12.449999809265137,13.899999618530273,17303126
2014-05-28,14.100000381469727,15.25,13.699999809265137,15.25,14933494
2014-05-29,15.600000381469727,16.399999618530273,15.25,15.649999618530273,12102421
2014-05-30,15.75,16.25,14.300000190734863,14.649999618530273,6756156
2014-06-02,14.649999618530273,16.100000381469727,14.649999618530273,15.949999809265137,7585555
2014-06-03,15.949999809265137,16.0,15.199999809265137,15.199999809265137,3967670
2014-06-04,15.100000381469727,15.449999809265137,14.800000190734863,15.149999618530273,2810782
2014-06-05,15.399999618530273,15.899999618530273,15.149999618530273,15.899999618530273,8333831
2014-06-06,16.299999237060547,16.600000381469727,15.649999618530273,16.049999237060547,5157543
2014-06-09,16.299999237060547,16.850000381469727,15.699999809265137,16.799999237060547,9655279
2014-06-10,16.899999618530273,17.600000381469727,16.25,17.600000381469727,8659254
2014-06-11,18.450000762939453,18.450000762939453,17.5,18.200000762939453,17776134
2014-06-12,19.0,19.100000381469727,17.649999618530273,18.649999618530273,18781504
2014-06-13,18.450000762939453,18.450000762939453,17.75,17.75,1515943
2014-06-16,16.899999618530273,16.899999618530273,16.899999618530273,16.899999618530273,271938
2014-06-17,16.200000762939453,17.700000762939453,16.149999618530273,17.649999618530273,4537066
2014-06-18,17.700000762939453,18.299999237060547,16.799999237060547,17.0,2730419
2014-06-19,17.100000381469727,17.850000381469727,16.700000762939453,16.950000762939453,1683858
2014-06-20,17.0,17.299999237060547,16.5,16.549999237060547,1208742
2014-06-23,16.950000762939453,16.950000762939453,15.899999618530273,16.549999237060547,1299107
2014-06-24,16.649999618530273,16.899999618530273,15.949999809265137,16.100000381469727,1491306
2014-06-25,16.299999237060547,16.700000762939453,15.949999809265137,16.350000381469727,838488
2014-06-26,16.649999618530273,17.149999618530273,16.5,17.149999618530273,4118759
2014-06-27,17.5,17.700000762939453,16.700000762939453,17.299999237060547,2487612
2014-06-30,17.700000762939453,18.149999618530273,17.450000762939453,18.149999618530273,6987718
2014-07-01,18.700000762939453,19.049999237060547,18.600000381469727,19.049999237060547,12018923
2014-07-02,19.450000762939453,19.700000762939453,18.799999237060547,19.350000381469727,6089517
2014-07-03,19.450000762939453,19.600000381469727,18.399999618530273,18.399999618530273,4128977
2014-07-04,18.0,18.950000762939453,17.799999237060547,18.75,4126690
2014-07-07,18.950000762939453,19.049999237060547,18.0,18.25,2960424
2014-07-08,18.299999237060547,18.450000762939453,17.350000381469727,17.350000381469727,2970611
2014-07-09,17.0,17.450000762939453,16.5,16.5,8851578
2014-07-10,16.450000762939453,16.899999618530273,15.699999809265137,15.75,6969375
2014-07-11,16.350000381469727,16.5,15.0,15.0,4917311
2014-07-14,15.199999809265137,15.25,14.25,14.949999809265137,3054646
2014-07-15,15.050000190734863,15.399999618530273,14.550000190734863,15.100000381469727,2644334
2014-07-16,15.199999809265137,15.5,14.899999618530273,15.399999618530273,2142004
2014-07-17,15.449999809265137,16.049999237060547,15.399999618530273,15.800000190734863,2556450
2014-07-18,15.800000190734863,16.200000762939453,15.350000381469727,15.949999809265137,3924842
2014-07-21,16.149999618530273,16.700000762939453,16.100000381469727,16.700000762939453,6579534
2014-07-22,17.0,17.5,16.200000762939453,16.549999237060547,5612464
2014-07-23,16.700000762939453,16.850000381469727,16.100000381469727,16.299999237060547,1806362
2014-07-24,16.450000762939453,16.450000762939453,15.949999809265137,16.049999237060547,1155069
2014-07-25,16.049999237060547,16.100000381469727,15.25,15.25,3055405
2014-07-28,15.149999618530273,15.350000381469727,14.5,14.649999618530273,2543303
2014-07-30,14.5,14.600000381469727,13.949999809265137,13.949999809265137,3220852
2014-07-31,14.100000381469727,14.600000381469727,13.75,14.550000190734863,4046998
2014-08-01,14.5,15.199999809265137,14.25,14.649999618530273,5489086
2014-08-04,14.800000190734863,15.199999809265137,14.800000190734863,15.149999618530273,2201580
2014-08-05,15.199999809265137,15.449999809265137,14.75,15.350000381469727,1949636
2014-08-06,15.350000381469727,15.600000381469727,15.0,15.100000381469727,1809265
2014-08-07,15.100000381469727,15.25,14.350000381469727,14.449999809265137,1152494
2014-08-08,14.149999618530273,14.25,13.75,14.0,1956031
2014-08-11,14.050000190734863,14.5,14.050000190734863,14.25,617227
2014-08-12,14.300000190734863,14.399999618530273,13.850000381469727,14.050000190734863,818965
2014-08-13,13.949999809265137,14.25,13.350000381469727,13.350000381469727,1544798
2014-08-14,13.199999809265137,13.699999809265137,12.75,13.649999618530273,1643427
2014-08-18,13.600000381469727,14.300000190734863,13.300000190734863,14.300000190734863,2866146
2014-08-19,14.399999618530273,14.449999809265137,13.899999618530273,14.199999809265137,1297958
2014-08-20,13.699999809265137,14.25,13.699999809265137,13.899999618530273,1699513
2014-08-21,13.850000381469727,14.399999618530273,13.850000381469727,14.0,1268468
2014-08-22,14.0,14.149999618530273,13.699999809265137,13.800000190734863,883504
2014-08-25,13.75,14.100000381469727,13.5,13.649999618530273,1519147
2014-08-26,13.699999809265137,13.850000381469727,13.0,13.0,1557933
2014-08-27,12.899999618530273,13.449999809265137,12.899999618530273,13.100000381469727,1480948
2014-08-28,13.149999618530273,13.5,12.850000381469727,13.399999618530273,1559753
2014-09-01,14.050000190734863,14.050000190734863,13.800000190734863,14.050000190734863,6773612
2014-09-02,14.350000381469727,14.649999618530273,14.300000190734863,14.350000381469727,2695286
2014-09-03,14.350000381469727,14.600000381469727,13.949999809265137,14.350000381469727,1670495
2014-09-04,14.649999618530273,15.050000190734863,14.449999809265137,15.050000190734863,10988076
2014-09-05,15.5,17.850000381469727,14.850000381469727,17.5,22836638
2014-09-08,17.350000381469727,19.450000762939453,17.100000381469727,18.899999618530273,19951699
2014-09-09,18.950000762939453,19.600000381469727,18.0,18.149999618530273,9004379
2014-09-10,18.0,19.100000381469727,17.700000762939453,18.600000381469727,12479761
2014-09-11,18.799999237060547,20.149999618530273,18.799999237060547,19.450000762939453,18987986
2014-09-12,19.299999237060547,22.75,18.799999237060547,21.950000762939453,59033949
2014-09-15,21.950000762939453,24.299999237060547,21.950000762939453,23.549999237060547,40249505
2014-09-16,23.700000762939453,24.25,18.950000762939453,19.549999237060547,31717315
2014-09-17,20.25,21.25,19.799999237060547,21.049999237060547,19862269
2014-09-18,21.299999237060547,22.75,20.649999618530273,22.450000762939453,18922267
2014-09-19,22.600000381469727,22.649999618530273,20.75,21.049999237060547,11835237
2014-09-22,20.5,22.600000381469727,20.25,21.899999618530273,13086668
2014-09-23,22.0,22.549999237060547,20.299999237060547,20.649999618530273,9806834
2014-09-24,20.600000381469727,21.399999618530273,19.299999237060547,20.0,10894087
2014-09-25,20.149999618530273,20.299999237060547,18.5,18.950000762939453,8586556
2014-09-26,18.649999618530273,19.75,18.549999237060547,19.299999237060547,9359937
2014-09-29,19.350000381469727,21.049999237060547,19.299999237060547,20.600000381469727,9011419
2014-09-30,20.700000762939453,21.049999237060547,19.350000381469727,19.899999618530273,7035677
2014-10-01,19.950000762939453,20.100000381469727,19.200000762939453,19.549999237060547,4887607
2014-10-07,19.649999618530273,19.899999618530273,18.5,18.700000762939453,3437753
2014-10-08,18.5,21.200000762939453,18.5,20.899999618530273,17440945
2014-10-09,21.399999618530273,21.75,20.649999618530273,20.75,9688635
2014-10-10,20.450000762939453,20.75,19.649999618530273,19.75,7322867
2014-10-13,19.399999618530273,20.399999618530273,19.350000381469727,20.0,5332337
2014-10-14,20.200000762939453,20.799999237060547,19.649999618530273,19.850000381469727,5883686
2014-10-16,19.700000762939453,20.350000381469727,18.649999618530273,18.799999237060547,5530852
2014-10-17,19.200000762939453,19.700000762939453,19.0,19.149999618530273,4949647
2014-10-20,19.799999237060547,20.100000381469727,18.299999237060547,18.5,4890793
2014-10-21,18.450000762939453,19.100000381469727,17.450000762939453,17.950000762939453,6612751
2014-10-22,18.200000762939453,18.700000762939453,17.5,18.200000762939453,6373240
2014-10-27,18.649999618530273,18.799999237060547,17.450000762939453,17.600000381469727,3804300
2014-10-28,17.450000762939453,18.75,17.049999237060547,18.5,8920525
2014-10-29,18.649999618530273,19.200000762939453,18.149999618530273,18.450000762939453,5429902
2014-10-30,18.450000762939453,18.600000381469727,18.100000381469727,18.149999618530273,3560589
2014-10-31,18.149999618530273,18.899999618530273,18.149999618530273,18.450000762939453,5409599
2014-11-03,18.5,19.75,18.25,19.200000762939453,10097406
2014-11-05,19.399999618530273,20.75,19.25,20.049999237060547,12876624
2014-11-07,20.450000762939453,21.649999618530273,20.299999237060547,21.200000762939453,17097605
2014-11-10,21.5,22.049999237060547,20.850000381469727,21.049999237060547,9712172
2014-11-11,21.100000381469727,23.049999237060547,21.100000381469727,22.799999237060547,20939810
2014-11-12,22.850000381469727,22.850000381469727,21.299999237060547,21.5,11254797
2014-11-13,21.600000381469727,22.350000381469727,20.850000381469727,21.399999618530273,9735346
2014-11-14,21.549999237060547,22.549999237060547,21.450000762939453,22.100000381469727,9523220
2014-11-17,22.0,22.950000762939453,21.649999618530273,22.399999618530273,8981197
2014-11-18,22.5,23.399999618530273,22.200000762939453,22.299999237060547,11812870
2014-11-19,22.399999618530273,23.100000381469727,20.75,21.0,10513601
2014-11-20,21.049999237060547,21.700000762939453,20.600000381469727,21.450000762939453,7613132
2014-11-21,21.5,22.200000762939453,21.25,21.299999237060547,6916626
2014-11-24,21.450000762939453,21.649999618530273,20.25,20.399999618530273,5639216
2014-11-25,20.450000762939453,20.700000762939453,19.5,19.850000381469727,6435179
2014-11-26,19.700000762939453,20.450000762939453,19.600000381469727,20.149999618530273,4667824
2014-11-27,19.950000762939453,20.450000762939453,19.950000762939453,20.200000762939453,3120622
2014-11-28,20.200000762939453,21.049999237060547,19.299999237060547,19.600000381469727,5949812
2014-12-01,19.5,19.649999618530273,18.700000762939453,18.799999237060547,3643215
2014-12-02,18.700000762939453,19.600000381469727,18.600000381469727,19.399999618530273,3475310
2014-12-03,19.600000381469727,21.5,19.549999237060547,20.75,10652791
2014-12-04,21.0,21.5,20.399999618530273,20.549999237060547,9697044
2014-12-05,20.600000381469727,21.299999237060547,20.049999237060547,20.149999618530273,5798913
2014-12-08,20.0,20.649999618530273,19.700000762939453,19.799999237060547,4045996
2014-12-09,19.600000381469727,20.5,19.600000381469727,19.75,4851284
2014-12-10,19.600000381469727,20.450000762939453,19.600000381469727,20.149999618530273,4042209
2014-12-11,20.0,20.25,19.299999237060547,19.899999618530273,4548889
2014-12-12,19.899999618530273,20.299999237060547,19.049999237060547,19.149999618530273,4082618
2014-12-15,19.0,19.299999237060547,18.399999618530273,18.649999618530273,4062230
2014-12-16,18.450000762939453,18.600000381469727,16.649999618530273,16.950000762939453,7001180
2014-12-17,16.799999237060547,17.799999237060547,16.399999618530273,17.100000381469727,6649975
2014-12-18,17.450000762939453,18.100000381469727,17.450000762939453,17.799999237060547,3941959
2014-12-19,18.049999237060547,18.350000381469727,17.299999237060547,17.399999618530273,3550900
2014-12-22,17.399999618530273,18.100000381469727,17.25,17.799999237060547,3675835
2014-12-23,17.950000762939453,17.950000762939453,16.850000381469727,16.950000762939453,3173335
2014-12-24,17.0,18.350000381469727,16.75,18.049999237060547,9329321
2014-12-26,18.200000762939453,18.600000381469727,17.899999618530273,18.25,5901984
2014-12-29,18.399999618530273,18.649999618530273,18.149999618530273,18.200000762939453,3189541
2014-12-30,18.350000381469727,18.399999618530273,17.799999237060547,17.899999618530273,1988078
2014-12-31,18.0,18.350000381469727,17.799999237060547,18.149999618530273,3220133
2015-01-01,18.149999618530273,19.25,17.899999618530273,18.950000762939453,5817657
2015-01-02,19.049999237060547,19.299999237060547,18.549999237060547,18.700000762939453,4038103
2015-01-05,18.700000762939453,19.200000762939453,18.200000762939453,18.399999618530273,4177658
2015-01-06,18.200000762939453,18.200000762939453,16.799999237060547,17.0,6066674
2015-01-07,17.149999618530273,18.0,17.0,17.75,4551873
2015-01-08,18.100000381469727,18.350000381469727,17.799999237060547,18.0,3157858
2015-01-09,18.25,18.299999237060547,17.75,17.850000381469727,2472850
2015-01-12,17.899999618530273,18.549999237060547,17.799999237060547,18.25,3692157
2015-01-13,18.350000381469727,18.5,17.700000762939453,17.799999237060547,3740884
2015-01-14,17.700000762939453,18.0,17.600000381469727,17.75,3021331
2015-01-15,17.850000381469727,18.399999618530273,17.75,18.100000381469727,4480066
2015-01-16,18.0,19.649999618530273,17.899999618530273,19.299999237060547,10113578
2015-01-19,19.5,20.450000762939453,19.149999618530273,19.299999237060547,9240665
2015-01-20,18.5,18.600000381469727,17.350000381469727,17.700000762939453,13711160
2015-01-21,17.899999618530273,18.149999618530273,17.350000381469727,17.649999618530273,4931019
2015-01-22,17.799999237060547,17.850000381469727,16.850000381469727,16.899999618530273,3890665
2015-01-23,17.100000381469727,17.799999237060547,16.399999618530273,17.399999618530273,4768542
2015-01-27,17.600000381469727,17.75,17.100000381469727,17.200000762939453,2519696
2015-01-28,17.25,17.5,16.700000762939453,16.799999237060547,2977285
2015-01-29,16.700000762939453,17.25,16.700000762939453,17.0,2846826
2015-01-30,17.100000381469727,17.600000381469727,16.799999237060547,16.899999618530273,3441469
2015-02-02,16.950000762939453,17.299999237060547,16.899999618530273,17.0,2554934
2015-02-03,17.100000381469727,17.25,16.799999237060547,16.899999618530273,1986970
2015-02-04,17.0,17.25,16.75,16.850000381469727,2217937
2015-02-05,16.950000762939453,18.0,16.850000381469727,17.25,7034251
2015-02-06,17.049999237060547,17.25,16.600000381469727,16.649999618530273,2947155
2015-02-09,16.450000762939453,16.799999237060547,15.75,16.0,4372995
2015-02-10,15.800000190734863,16.399999618530273,15.600000381469727,15.75,2275106
2015-02-11,15.800000190734863,16.149999618530273,15.75,15.850000381469727,2077692
2015-02-12,15.899999618530273,16.399999618530273,15.600000381469727,16.100000381469727,4636060
2015-02-13,16.049999237060547,16.649999618530273,16.049999237060547,16.100000381469727,3628796
2015-02-16,16.25,16.700000762939453,16.100000381469727,16.149999618530273,3071232
2015-02-18,16.200000762939453,17.25,16.049999237060547,16.549999237060547,6734377
2015-02-19,16.75,17.100000381469727,16.350000381469727,16.75,4595926
2015-02-20,16.799999237060547,17.049999237060547,16.600000381469727,16.649999618530273,3616262
2015-02-23,16.799999237060547,17.049999237060547,16.100000381469727,16.299999237060547,2578782
2015-02-24,16.399999618530273,16.450000762939453,15.949999809265137,16.0,1679376
2015-02-25,16.049999237060547,16.200000762939453,15.600000381469727,15.699999809265137,1652936
2015-02-26,15.75,15.800000190734863,15.350000381469727,15.449999809265137,2858834
2015-02-27,15.5,15.850000381469727,15.5,15.75,1794274
2015-03-02,15.600000381469727,15.649999618530273,15.25,15.300000190734863,2481610
2015-03-03,15.399999618530273,17.399999618530273,15.350000381469727,17.299999237060547,9325317
2015-03-04,17.549999237060547,17.549999237060547,16.049999237060547,16.200000762939453,3985898
2015-03-05,16.350000381469727,16.399999618530273,15.899999618530273,16.100000381469727,2076468
2015-03-09,16.0,16.399999618530273,15.850000381469727,16.049999237060547,2282657
2015-03-10,16.100000381469727,16.350000381469727,15.850000381469727,16.049999237060547,2618807
2015-03-11,16.049999237060547,16.25,15.600000381469727,15.899999618530273,2201306
2015-03-12,16.100000381469727,16.149999618530273,15.050000190734863,15.550000190734863,5053493
2015-03-13,15.699999809265137,15.800000190734863,15.050000190734863,15.399999618530273,5154840
2015-03-16,15.350000381469727,16.950000762939453,15.350000381469727,16.850000381469727,11668949
2015-03-17,16.899999618530273,16.950000762939453,16.049999237060547,16.450000762939453,4116564
2015-03-18,16.450000762939453,16.75,16.299999237060547,16.399999618530273,3778727
2015-03-19,16.549999237060547,16.75,15.699999809265137,15.850000381469727,2513716
2015-03-20,15.850000381469727,16.600000381469727,15.350000381469727,16.0,14067350
2015-03-23,16.149999618530273,16.299999237060547,15.649999618530273,15.699999809265137,2790844
2015-03-24,15.75,15.800000190734863,14.699999809265137,14.899999618530273,5844984
2015-03-25,15.100000381469727,15.100000381469727,14.100000381469727,14.199999809265137,3508388
2015-03-26,14.100000381469727,14.449999809265137,13.649999618530273,13.800000190734863,2287827
2015-03-27,13.899999618530273,14.300000190734863,13.300000190734863,13.449999809265137,3819804
2015-03-30,13.649999618530273,14.300000190734863,13.550000190734863,13.800000190734863,2680757
2015-03-31,13.800000190734863,14.100000381469727,13.199999809265137,13.350000381469727,3699072
2015-04-01,13.399999618530273,14.800000190734863,13.300000190734863,14.649999618530273,5189213
2015-04-06,14.850000381469727,15.100000381469727,14.350000381469727,14.850000381469727,5912275
2015-04-07,14.949999809265137,15.600000381469727,14.5,15.5,4207035
2015-04-08,15.449999809265137,15.899999618530273,15.149999618530273,15.350000381469727,3141669
2015-04-09,15.550000190734863,15.600000381469727,15.050000190734863,15.199999809265137,2332068
2015-04-10,15.350000381469727,15.899999618530273,15.199999809265137,15.600000381469727,2290941
2015-04-13,15.550000190734863,16.399999618530273,15.550000190734863,15.800000190734863,3082377
2015-04-15,15.800000190734863,16.0,15.449999809265137,15.550000190734863,2040648
2015-04-16,15.649999618530273,15.699999809265137,14.949999809265137,15.100000381469727,1411043
2015-04-17,15.25,15.300000190734863,14.75,14.850000381469727,1669944
2015-04-20,14.949999809265137,15.050000190734863,14.25,14.5,1404775
2015-04-21,14.600000381469727,14.899999618530273,14.350000381469727,14.5,1852426
2015-04-22,14.649999618530273,14.850000381469727,14.199999809265137,14.449999809265137,1315463
2015-04-23,14.649999618530273,14.899999618530273,14.399999618530273,14.5,2643163
2015-04-24,14.5,14.600000381469727,13.699999809265137,13.800000190734863,2134321
2015-04-27,13.850000381469727,13.899999618530273,13.350000381469727,13.550000190734863,1529778
2015-04-28,13.75,13.75,13.350000381469727,13.449999809265137,1503922
2015-04-29,13.5,13.699999809265137,13.350000381469727,13.399999618530273,1100704
2015-04-30,13.399999618530273,13.600000381469727,13.300000190734863,13.449999809265137,737220
2015-05-04,13.75,14.100000381469727,13.699999809265137,13.850000381469727,1395099
2015-05-05,13.949999809265137,14.350000381469727,13.850000381469727,14.149999618530273,1126499
2015-05-06,14.149999618530273,14.149999618530273,13.5,13.550000190734863,1357237
2015-05-07,13.699999809265137,13.699999809265137,13.0,13.100000381469727,1156823
2015-05-08,13.399999618530273,13.600000381469727,13.300000190734863,13.449999809265137,972483
2015-05-11,13.600000381469727,14.449999809265137,13.550000190734863,13.949999809265137,1714083
2015-05-12,14.0,14.0,13.25,13.300000190734863,1104279
2015-05-13,13.5,13.699999809265137,13.300000190734863,13.449999809265137,885863
2015-05-14,13.5,13.550000190734863,13.199999809265137,13.399999618530273,1202958
2015-05-15,13.5,13.899999618530273,13.399999618530273,13.75,1420871
2015-05-18,13.850000381469727,14.25,13.850000381469727,13.949999809265137,2014789
2015-05-19,13.800000190734863,13.800000190734863,13.0,13.149999618530273,3147484
2015-05-20,13.25,13.5,13.050000190734863,13.100000381469727,1007496
2015-05-21,13.350000381469727,13.350000381469727,12.600000381469727,12.850000381469727,1637569
2015-05-22,12.899999618530273,13.0,12.649999618530273,12.75,855785
2015-05-25,12.800000190734863,12.899999618530273,12.550000190734863,12.699999809265137,1229606
2015-05-26,12.75,12.800000190734863,12.449999809265137,12.5,912944
2015-05-27,12.699999809265137,12.699999809265137,11.949999809265137,12.149999618530273,1357499
2015-05-28,12.449999809265137,12.449999809265137,12.0,12.149999618530273,774549
2015-05-29,12.25,12.25,11.949999809265137,12.0,967687
2015-06-01,12.100000381469727,12.75,12.0,12.550000190734863,1550972
2015-06-02,12.550000190734863,12.550000190734863,12.050000190734863,12.100000381469727,934781
2015-06-03,12.100000381469727,12.199999809265137,9.850000381469727,10.949999809265137,3597094
2015-06-04,11.199999809265137,11.199999809265137,10.0,10.25,2264677
2015-06-05,10.25,10.25,9.850000381469727,10.0,2418390
2015-06-08,10.350000381469727,10.350000381469727,9.5,9.550000190734863,1637918
2015-06-09,9.550000190734863,9.850000381469727,9.100000381469727,9.25,1288543
2015-06-10,9.25,10.350000381469727,9.25,9.899999618530273,3250606
2015-06-11,10.399999618530273,10.75,9.899999618530273,10.100000381469727,2703330
2015-06-12,10.5,12.100000381469727,10.199999809265137,11.949999809265137,14998894
2015-06-15,12.050000190734863,12.350000381469727,10.949999809265137,12.050000190734863,7231111
2015-06-16,12.100000381469727,12.5,11.649999618530273,12.199999809265137,2553638
2015-06-17,12.399999618530273,12.5,12.100000381469727,12.350000381469727,2811343
2015-06-18,12.449999809265137,12.75,12.300000190734863,12.350000381469727,1962579
2015-06-19,12.399999618530273,12.600000381469727,11.850000381469727,12.050000190734863,2523175
2015-06-22,12.199999809265137,12.350000381469727,11.949999809265137,12.149999618530273,1790025
2015-06-23,12.25,12.350000381469727,12.050000190734863,12.149999618530273,1487324
2015-06-24,12.149999618530273,12.149999618530273,11.600000381469727,11.649999618530273,967037
2015-06-25,11.600000381469727,12.100000381469727,11.550000190734863,11.899999618530273,956944
2015-06-26,11.699999809265137,12.0,11.0,11.449999809265137,2294986
2015-06-29,11.149999618530273,11.449999809265137,10.899999618530273,11.25,2167833
2015-06-30,11.300000190734863,11.949999809265137,11.25,11.550000190734863,1924540
2015-07-01,11.800000190734863,12.050000190734863,11.600000381469727,11.699999809265137,1614899
2015-07-02,11.899999618530273,12.25,11.800000190734863,12.0,1769065
2015-07-03,12.050000190734863,12.199999809265137,11.75,11.850000381469727,1548194
2015-07-06,11.5,12.449999809265137,11.399999618530273,12.25,2491498
2015-07-07,12.350000381469727,13.199999809265137,12.199999809265137,12.699999809265137,3805915
2015-07-08,12.399999618530273,13.5,12.350000381469727,13.149999618530273,5732425
2015-07-09,13.5,13.800000190734863,12.949999809265137,13.050000190734863,3772419
2015-07-10,13.199999809265137,13.399999618530273,12.75,12.899999618530273,1840701
2015-07-13,13.0,13.550000190734863,12.899999618530273,13.25,2443792
2015-07-14,13.399999618530273,13.649999618530273,13.100000381469727,13.399999618530273,2333714
2015-07-15,13.5,14.75,13.399999618530273,14.600000381469727,8793359
2015-07-16,14.5,15.100000381469727,14.5,14.699999809265137,4035214
2015-07-17,14.75,15.300000190734863,14.149999618530273,14.300000190734863,3428497
2015-07-20,14.399999618530273,14.800000190734863,14.149999618530273,14.5,1670537
2015-07-21,14.600000381469727,14.75,13.399999618530273,13.449999809265137,2370727
2015-07-22,13.449999809265137,14.0,13.300000190734863,13.649999618530273,2707361
2015-07-23,13.699999809265137,14.100000381469727,13.5,13.600000381469727,1634564
2015-07-24,13.649999618530273,13.949999809265137,13.399999618530273,13.5,1276572
2015-07-27,13.5,13.5,12.899999618530273,12.949999809265137,1432977
2015-07-28,13.050000190734863,13.399999618530273,12.850000381469727,12.949999809265137,1995939
2015-07-29,13.100000381469727,13.25,12.899999618530273,13.0,1211561
2015-07-30,13.100000381469727,13.550000190734863,13.0,13.25,1429096
2015-07-31,13.350000381469727,13.699999809265137,13.100000381469727,13.25,1718843
2015-08-03,13.350000381469727,15.300000190734863,13.350000381469727,15.050000190734863,9589473
2015-08-04,15.550000190734863,16.700000762939453,15.350000381469727,16.0,11725962
2015-08-05,16.25,16.450000762939453,15.5,15.649999618530273,4385071
2015-08-06,15.75,16.75,15.75,16.0,11258071
2015-08-07,16.049999237060547,16.899999618530273,16.0,16.350000381469727,10590932
2015-08-10,16.399999618530273,16.899999618530273,16.25,16.350000381469727,7042668
2015-08-11,16.600000381469727,16.700000762939453,15.75,15.899999618530273,5792919
2015-08-12,15.850000381469727,16.049999237060547,14.949999809265137,15.050000190734863,2839326
2015-08-13,15.25,15.600000381469727,14.5,14.600000381469727,2537446
2015-08-14,14.800000190734863,15.399999618530273,14.649999618530273,15.100000381469727,2400347
2015-08-17,15.0,15.449999809265137,14.899999618530273,15.0,2082425
2015-08-18,15.149999618530273,15.399999618530273,14.899999618530273,15.0,2115690
2015-08-19,15.050000190734863,15.149999618530273,14.649999618530273,14.75,2346733
2015-08-20,14.699999809265137,14.850000381469727,14.0,14.149999618530273,2240569
2015-08-21,13.949999809265137,14.100000381469727,13.5,14.0,2133241
2015-08-24,13.350000381469727,13.350000381469727,11.699999809265137,12.050000190734863,3254453
2015-08-25,12.100000381469727,12.600000381469727,10.850000381469727,12.25,3310095
2015-08-26,12.5,12.75,11.800000190734863,12.399999618530273,1742059
2015-08-27,13.0,13.550000190734863,12.649999618530273,13.25,2545227
2015-08-28,13.949999809265137,13.949999809265137,13.050000190734863,13.149999618530273,1761373
2015-08-31,13.399999618530273,13.600000381469727,12.949999809265137,13.25,1603419
2015-09-01,13.149999618530273,13.25,12.800000190734863,12.949999809265137,1388133
2015-09-02,12.949999809265137,13.25,12.699999809265137,12.899999618530273,992280
2015-09-03,13.050000190734863,13.399999618530273,12.949999809265137,13.100000381469727,1005382
2015-09-04,13.149999618530273,13.149999618530273,12.449999809265137,12.5,1342430
2015-09-07,12.800000190734863,12.800000190734863,11.649999618530273,12.300000190734863,2324563
2015-09-08,12.5,13.199999809265137,12.149999618530273,12.949999809265137,2309771
2015-09-09,13.25,14.25,13.199999809265137,13.949999809265137,5075513
2015-09-10,13.550000190734863,14.199999809265137,13.399999618530273,13.949999809265137,3127340
2015-09-11,14.050000190734863,14.199999809265137,13.899999618530273,14.050000190734863,1833438
2015-09-14,14.149999618530273,15.350000381469727,13.949999809265137,15.199999809265137,4723795
2015-09-15,15.149999618530273,15.25,14.600000381469727,14.649999618530273,2124901
2015-09-16,14.800000190734863,15.0,14.5,14.600000381469727,1314175
2015-09-18,14.649999618530273,15.800000190734863,14.649999618530273,15.149999618530273,11807449
2015-09-21,15.100000381469727,16.649999618530273,15.0,16.399999618530273,8578324
2015-09-22,16.600000381469727,16.799999237060547,15.449999809265137,15.699999809265137,5094942
2015-09-23,15.449999809265137,15.75,15.100000381469727,15.449999809265137,2993292
2015-09-24,15.449999809265137,16.149999618530273,15.449999809265137,15.699999809265137,3203782
2015-09-28,15.75,16.149999618530273,15.75,16.0,2317187
2015-09-29,15.550000190734863,16.75,15.550000190734863,16.450000762939453,5007095
2015-09-30,16.549999237060547,16.899999618530273,16.200000762939453,16.450000762939453,3896881
2015-10-01,16.75,16.75,16.149999618530273,16.25,3295297
2015-10-05,16.399999618530273,16.549999237060547,16.100000381469727,16.200000762939453,1582943
2015-10-06,16.299999237060547,16.549999237060547,15.899999618530273,16.0,1668487
2015-10-07,16.049999237060547,17.149999618530273,15.850000381469727,16.700000762939453,6103400
2015-10-08,16.700000762939453,16.799999237060547,16.25,16.299999237060547,1634276
2015-10-09,16.450000762939453,16.75,16.049999237060547,16.149999618530273,1781117
2015-10-12,17.0,17.549999237060547,16.799999237060547,16.950000762939453,7308965
2015-10-13,16.950000762939453,18.399999618530273,16.600000381469727,18.049999237060547,8515866
2015-10-14,18.25,18.700000762939453,17.799999237060547,18.0,4763898
2015-10-15,18.0,18.350000381469727,17.700000762939453,17.850000381469727,2931203
2015-10-16,17.899999618530273,18.200000762939453,17.600000381469727,17.899999618530273,2968456
2015-10-19,17.950000762939453,18.600000381469727,17.850000381469727,18.200000762939453,2918301
2015-10-20,18.350000381469727,18.549999237060547,17.75,18.25,3586798
2015-10-21,18.350000381469727,18.450000762939453,17.700000762939453,17.850000381469727,1986859
2015-10-23,18.200000762939453,18.25,17.799999237060547,18.0,2109951
2015-10-26,18.200000762939453,18.200000762939453,17.450000762939453,17.600000381469727,3228507
2015-10-27,17.200000762939453,17.299999237060547,16.600000381469727,16.75,4056469
2015-10-28,16.600000381469727,16.75,16.0,16.200000762939453,2405230
2015-10-29,16.200000762939453,16.5,16.0,16.25,1433936
2015-10-30,16.25,16.5,15.75,15.899999618530273,1815682
2015-11-02,15.899999618530273,16.200000762939453,15.350000381469727,15.449999809265137,1742197
2015-11-03,15.550000190734863,15.75,15.300000190734863,15.399999618530273,1814939
2015-11-04,15.550000190734863,16.200000762939453,15.449999809265137,16.0,3440705
2015-11-05,16.100000381469727,16.299999237060547,15.5,15.550000190734863,2040436
2015-11-06,15.550000190734863,15.800000190734863,14.899999618530273,15.050000190734863,1739585
2015-11-09,14.699999809265137,15.800000190734863,14.399999618530273,15.649999618530273,2269162
2015-11-10,15.649999618530273,16.25,15.25,15.399999618530273,1703184
2015-11-13,15.949999809265137,16.100000381469727,15.649999618530273,15.850000381469727,1095160
2015-11-16,15.899999618530273,16.75,15.699999809265137,16.25,2305438
2015-11-17,16.5,16.600000381469727,15.75,15.850000381469727,1950589
2015-11-18,15.949999809265137,16.399999618530273,15.600000381469727,15.75,2186241
2015-11-19,16.149999618530273,16.149999618530273,15.600000381469727,15.850000381469727,1411004
2015-11-20,16.049999237060547,16.25,15.850000381469727,15.949999809265137,2238914
2015-11-23,16.0,16.200000762939453,15.800000190734863,15.850000381469727,1236380
2015-11-24,15.800000190734863,16.799999237060547,15.75,16.649999618530273,5561463
2015-11-26,16.850000381469727,18.100000381469727,16.799999237060547,17.950000762939453,11259631
2015-11-27,18.0,18.350000381469727,17.25,17.75,6240331
2015-11-30,17.899999618530273,19.899999618530273,17.799999237060547,19.149999618530273,18372272
2015-12-01,19.600000381469727,20.200000762939453,19.200000762939453,19.450000762939453,12964156
2015-12-02,19.649999618530273,19.850000381469727,18.799999237060547,19.0,6719737
2015-12-03,18.899999618530273,19.700000762939453,18.799999237060547,19.049999237060547,9014433
2015-12-04,18.950000762939453,19.25,18.200000762939453,18.399999618530273,5470797
2015-12-07,18.899999618530273,19.299999237060547,18.350000381469727,19.049999237060547,7160542
2015-12-08,18.899999618530273,19.25,18.149999618530273,18.299999237060547,7224057
2015-12-09,18.399999618530273,18.649999618530273,16.799999237060547,17.100000381469727,6239540
2015-12-10,17.200000762939453,17.899999618530273,17.200000762939453,17.700000762939453,3775054
2015-12-11,17.549999237060547,18.25,16.899999618530273,17.049999237060547,4466917
2015-12-14,17.0,17.649999618530273,16.850000381469727,17.25,3519463
2015-12-15,17.450000762939453,17.649999618530273,17.149999618530273,17.5,2411886
2015-12-16,17.600000381469727,18.049999237060547,17.200000762939453,17.450000762939453,3700640
2015-12-17,17.649999618530273,18.049999237060547,17.600000381469727,17.899999618530273,3073540
2015-12-18,17.799999237060547,18.5,17.700000762939453,17.850000381469727,7565865
2015-12-21,18.0,18.200000762939453,17.75,17.950000762939453,3148662
2015-12-22,18.100000381469727,18.25,17.450000762939453,17.549999237060547,5725951
2015-12-23,17.75,18.149999618530273,17.549999237060547,17.649999618530273,4032035
2015-12-24,17.75,18.100000381469727,17.399999618530273,17.899999618530273,3981062
2015-12-28,18.049999237060547,18.200000762939453,17.700000762939453,17.799999237060547,2481668
2015-12-29,17.850000381469727,21.350000381469727,17.5,21.0,49387393
2015-12-30,21.0,22.200000762939453,20.5,21.049999237060547,33451464
2015-12-31,20.950000762939453,21.350000381469727,20.399999618530273,20.549999237060547,9579765
2016-01-01,20.600000381469727,22.399999618530273,20.5,22.100000381469727,18295636
2016-01-04,21.75,22.649999618530273,21.0,21.899999618530273,16759244
2016-01-05,22.399999618530273,24.5,22.25,23.649999618530273,33582153
2016-01-06,23.75,23.850000381469727,22.25,22.450000762939453,12251122
2016-01-07,21.700000762939453,22.100000381469727,20.899999618530273,21.100000381469727,13393334
2016-01-08,21.399999618530273,22.850000381469727,21.350000381469727,22.600000381469727,16169045
2016-01-11,22.0,24.649999618530273,21.850000381469727,23.950000762939453,29577461
2016-01-12,24.299999237060547,24.649999618530273,22.600000381469727,23.299999237060547,20392921
2016-01-13,23.649999618530273,24.0,20.299999237060547,22.049999237060547,24793303
2016-01-14,21.0,22.25,20.600000381469727,21.700000762939453,13208134
2016-01-15,21.950000762939453,22.399999618530273,18.75,19.100000381469727,12599233
2016-01-18,19.049999237060547,19.700000762939453,16.649999618530273,17.0,17177607
2016-01-19,17.25,20.25,16.850000381469727,20.0,20642579
2016-01-20,19.149999618530273,20.5,18.450000762939453,19.850000381469727,18103667
2016-01-21,20.399999618530273,21.200000762939453,19.5,19.950000762939453,20813304
2016-01-22,20.25,20.799999237060547,19.75,19.899999618530273,8523066
2016-01-25,20.0,21.0,19.850000381469727,20.299999237060547,7760178
2016-01-27,20.450000762939453,21.75,20.350000381469727,20.950000762939453,14402758
2016-01-28,21.200000762939453,21.600000381469727,20.600000381469727,20.799999237060547,5336455
2016-01-29,20.950000762939453,21.299999237060547,20.549999237060547,20.850000381469727,5765450
2016-02-01,21.100000381469727,21.950000762939453,20.5,21.549999237060547,8472352
2016-02-02,21.850000381469727,22.25,20.799999237060547,20.899999618530273,7479612
2016-02-03,20.5,20.700000762939453,17.600000381469727,18.149999618530273,16468126
2016-02-04,18.399999618530273,19.149999618530273,17.649999618530273,18.100000381469727,6951307
2016-02-05,18.25,19.25,17.600000381469727,18.950000762939453,6415183
2016-02-08,19.149999618530273,19.399999618530273,18.399999618530273,18.549999237060547,4426816
2016-02-09,18.0,18.549999237060547,17.899999618530273,18.149999618530273,3982811
2016-02-10,17.850000381469727,18.299999237060547,17.399999618530273,17.700000762939453,6257249
2016-02-11,17.649999618530273,17.950000762939453,16.100000381469727,16.25,7972324
2016-02-12,16.5,16.799999237060547,15.149999618530273,16.100000381469727,5047162
2016-02-15,16.5,17.299999237060547,16.5,17.100000381469727,5101110
2016-02-16,17.350000381469727,17.549999237060547,16.549999237060547,16.649999618530273,3679754
2016-02-17,16.5,17.600000381469727,15.850000381469727,17.399999618530273,5135501
2016-02-18,17.799999237060547,18.200000762939453,17.399999618530273,18.049999237060547,4254676
2016-02-19,17.700000762939453,18.25,17.600000381469727,17.850000381469727,1993426
2016-02-22,17.899999618530273,18.200000762939453,17.600000381469727,18.0,2050844
2016-02-23,18.100000381469727,18.100000381469727,16.75,17.0,3176912
2016-02-24,17.0,17.100000381469727,16.5,16.600000381469727,2524808
2016-02-25,16.75,17.350000381469727,16.25,17.100000381469727,4261684
2016-02-26,17.299999237060547,17.350000381469727,16.399999618530273,17.0,3700049
2016-02-29,17.0,17.5,16.5,16.799999237060547,3029292
2016-03-01,16.700000762939453,18.25,16.700000762939453,18.100000381469727,4393876
2016-03-02,18.25,18.700000762939453,17.649999618530273,17.850000381469727,4672788
2016-03-03,17.899999618530273,18.149999618530273,17.799999237060547,17.950000762939453,2604793
2016-03-04,18.100000381469727,18.649999618530273,17.5,17.649999618530273,5856488
2016-03-08,17.75,17.799999237060547,17.100000381469727,17.200000762939453,3474610
2016-03-09,17.200000762939453,17.350000381469727,16.850000381469727,16.950000762939453,3174040
2016-03-10,17.0,17.200000762939453,16.299999237060547,16.450000762939453,4369099
2016-03-11,16.5,16.799999237060547,15.949999809265137,16.100000381469727,3078840
2016-03-14,16.200000762939453,16.5,15.699999809265137,15.949999809265137,4056473
2016-03-15,16.049999237060547,16.049999237060547,15.399999618530273,15.449999809265137,4297367
2016-03-16,15.550000190734863,15.75,15.25,15.399999618530273,2818565
2016-03-17,15.550000190734863,15.75,15.0,15.050000190734863,3519605
2016-03-18,15.149999618530273,15.25,14.350000381469727,14.449999809265137,4655325
2016-03-21,14.5,14.600000381469727,14.100000381469727,14.25,4541481
2016-03-22,15.550000190734863,16.5,15.5,15.899999618530273,15842303
2016-03-23,16.100000381469727,16.600000381469727,15.550000190734863,15.600000381469727,8913904
2016-03-28,15.800000190734863,16.049999237060547,15.050000190734863,15.149999618530273,4868372
2016-03-29,15.199999809265137,16.200000762939453,14.899999618530273,15.949999809265137,10194850
2016-03-30,16.299999237060547,16.850000381469727,16.200000762939453,16.700000762939453,8659124
2016-03-31,16.799999237060547,16.799999237060547,15.899999618530273,16.200000762939453,5807934
2016-04-01,16.200000762939453,17.100000381469727,16.049999237060547,16.899999618530273,6445063
2016-04-04,17.049999237060547,18.450000762939453,16.850000381469727,18.200000762939453,10236815
2016-04-05,18.200000762939453,19.75,17.649999618530273,19.200000762939453,18927210
2016-04-06,19.350000381469727,19.899999618530273,19.049999237060547,19.200000762939453,8039293
2016-04-07,19.200000762939453,19.700000762939453,18.75,18.899999618530273,6933911
2016-04-08,19.0,19.299999237060547,18.5,18.649999618530273,4274919
2016-04-11,18.649999618530273,19.450000762939453,18.25,19.100000381469727,8144867
2016-04-12,19.049999237060547,19.450000762939453,18.850000381469727,18.950000762939453,3805103
2016-04-13,19.200000762939453,19.299999237060547,18.049999237060547,18.649999618530273,4530948
2016-04-18,18.700000762939453,19.200000762939453,18.200000762939453,18.850000381469727,2953631
2016-04-20,18.899999618530273,19.399999618530273,18.850000381469727,18.950000762939453,4184872
2016-04-21,19.0,19.25,18.5,18.75,2644485
2016-04-22,18.75,18.950000762939453,18.5,18.649999618530273,2249592
2016-04-25,18.600000381469727,18.850000381469727,18.149999618530273,18.25,2460358
2016-04-26,18.299999237060547,18.649999618530273,18.049999237060547,18.450000762939453,2315719
2016-04-27,18.5,19.399999618530273,18.299999237060547,19.100000381469727,4762601
2016-04-28,19.100000381469727,19.100000381469727,17.950000762939453,18.100000381469727,4024840
2016-04-29,18.200000762939453,18.5,17.899999618530273,18.350000381469727,2782808
2016-05-02,18.299999237060547,18.399999618530273,17.950000762939453,18.049999237060547,3206879
2016-05-03,18.100000381469727,18.600000381469727,18.0,18.149999618530273,2531152
2016-05-04,18.100000381469727,18.399999618530273,17.950000762939453,18.0,2562655
2016-05-05,18.100000381469727,18.950000762939453,17.899999618530273,18.75,5147959
2016-05-06,18.700000762939453,19.0,18.5,18.600000381469727,3075801
2016-05-09,18.75,19.100000381469727,18.700000762939453,18.899999618530273,3254522
2016-05-10,18.899999618530273,19.149999618530273,18.299999237060547,18.649999618530273,3449618
2016-05-11,17.5,17.799999237060547,16.75,17.0,9330008
2016-05-12,17.0,17.25,16.850000381469727,16.899999618530273,4548147
2016-05-13,17.0,17.100000381469727,16.299999237060547,16.600000381469727,4108820
2016-05-16,16.75,16.799999237060547,16.350000381469727,16.549999237060547,2079301
2016-05-17,16.649999618530273,16.799999237060547,16.549999237060547,16.649999618530273,2372714
2016-05-18,16.5,16.950000762939453,16.399999618530273,16.850000381469727,2596346
2016-05-19,16.950000762939453,17.200000762939453,16.450000762939453,16.600000381469727,2743441
2016-05-20,16.700000762939453,16.75,16.100000381469727,16.200000762939453,2099241
2016-05-23,16.5,16.700000762939453,16.049999237060547,16.100000381469727,2126554
2016-05-24,16.149999618530273,16.299999237060547,15.699999809265137,15.899999618530273,2064317
2016-05-25,16.149999618530273,16.200000762939453,16.0,16.049999237060547,1213590
2016-05-26,16.200000762939453,16.350000381469727,15.800000190734863,16.200000762939453,2059283
2016-05-27,16.200000762939453,16.850000381469727,16.149999618530273,16.600000381469727,2640765
2016-05-30,16.600000381469727,16.799999237060547,16.200000762939453,16.350000381469727,1599074
2016-05-31,16.549999237060547,17.200000762939453,15.899999618530273,16.799999237060547,5169556
2016-06-01,16.850000381469727,18.75,16.850000381469727,18.450000762939453,19836739
2016-06-02,18.450000762939453,18.450000762939453,17.899999618530273,18.100000381469727,4600586
2016-06-03,18.299999237060547,18.450000762939453,17.299999237060547,17.450000762939453,3783170
2016-06-06,17.549999237060547,18.200000762939453,17.399999618530273,17.799999237060547,4256353
2016-06-07,17.899999618530273,18.149999618530273,17.5,17.799999237060547,2723830
2016-06-08,17.899999618530273,18.149999618530273,17.5,17.649999618530273,3846322
2016-06-09,17.75,18.200000762939453,17.600000381469727,17.850000381469727,4447093
2016-06-10,17.899999618530273,18.100000381469727,17.600000381469727,17.700000762939453,3138977
2016-06-13,17.549999237060547,17.850000381469727,17.299999237060547,17.600000381469727,2088270
2016-06-14,17.700000762939453,18.600000381469727,17.600000381469727,18.399999618530273,6151838
2016-06-15,18.700000762939453,19.200000762939453,18.25,18.799999237060547,9432987
2016-06-16,18.700000762939453,18.75,17.799999237060547,18.100000381469727,4257074
2016-06-17,18.049999237060547,18.5,17.799999237060547,18.049999237060547,2968791
2016-06-20,18.25,18.649999618530273,18.100000381469727,18.25,2440131
2016-06-21,18.350000381469727,18.450000762939453,17.850000381469727,17.950000762939453,2515836
2016-06-22,18.049999237060547,18.600000381469727,17.649999618530273,18.25,5289857
2016-06-23,18.350000381469727,18.399999618530273,18.0,18.100000381469727,2163332
2016-06-24,17.450000762939453,18.100000381469727,16.0,17.899999618530273,6060807
2016-06-27,17.899999618530273,18.299999237060547,17.899999618530273,17.950000762939453,2192806
2016-06-28,18.049999237060547,18.25,17.799999237060547,17.950000762939453,2092056
2016-06-29,18.100000381469727,18.25,17.700000762939453,17.799999237060547,2543774
2016-06-30,17.950000762939453,18.600000381469727,17.950000762939453,18.299999237060547,4273886
2016-07-01,18.25,19.350000381469727,18.0,19.149999618530273,9853469
2016-07-04,19.299999237060547,19.600000381469727,19.049999237060547,19.399999618530273,6265366
2016-07-05,19.5,20.25,19.350000381469727,19.600000381469727,10768307
2016-07-07,19.700000762939453,19.700000762939453,18.700000762939453,18.850000381469727,4108365
2016-07-08,18.950000762939453,19.100000381469727,18.5,18.600000381469727,2712393
2016-07-11,18.799999237060547,18.950000762939453,18.450000762939453,18.549999237060547,2495665
2016-07-12,18.600000381469727,18.799999237060547,18.299999237060547,18.399999618530273,3127189
2016-07-13,18.450000762939453,18.549999237060547,18.0,18.100000381469727,2014382
2016-07-14,18.100000381469727,18.399999618530273,18.049999237060547,18.149999618530273,1887598
2016-07-15,18.25,19.25,17.75,18.950000762939453,7706185
2016-07-18,19.100000381469727,19.200000762939453,18.100000381469727,18.200000762939453,3471148
2016-07-19,18.299999237060547,18.399999618530273,18.0,18.100000381469727,2027201
2016-07-20,18.100000381469727,18.649999618530273,18.049999237060547,18.299999237060547,2304287
2016-07-21,18.399999618530273,18.5,18.100000381469727,18.149999618530273,2105059
2016-07-22,18.25,18.649999618530273,18.149999618530273,18.25,3858538
2016-07-25,18.350000381469727,18.450000762939453,18.149999618530273,18.25,1844770
2016-07-26,18.299999237060547,18.299999237060547,17.649999618530273,17.75,2461179
2016-07-27,17.950000762939453,18.149999618530273,17.75,17.850000381469727,2712148
2016-07-28,18.0,18.149999618530273,17.600000381469727,17.649999618530273,2503197
2016-07-29,17.75,17.850000381469727,17.5,17.549999237060547,3491052
2016-08-01,17.600000381469727,17.75,17.049999237060547,17.149999618530273,2609084
2016-08-02,17.200000762939453,17.350000381469727,16.600000381469727,16.850000381469727,2406554
2016-08-03,16.899999618530273,17.450000762939453,16.5,17.0,3216187
2016-08-04,17.200000762939453,17.350000381469727,16.600000381469727,16.75,1700192
2016-08-05,16.850000381469727,17.25,16.799999237060547,16.950000762939453,1757953
2016-08-08,17.200000762939453,17.200000762939453,16.850000381469727,17.0,1504093
2016-08-09,17.0,17.399999618530273,16.75,17.149999618530273,1370045
2016-08-10,17.299999237060547,17.350000381469727,16.600000381469727,16.649999618530273,1826866
2016-08-11,16.75,16.850000381469727,16.5,16.549999237060547,1238106
2016-08-12,16.649999618530273,16.899999618530273,16.450000762939453,16.600000381469727,1633528
2016-08-16,16.549999237060547,16.649999618530273,16.200000762939453,16.399999618530273,1723661
2016-08-17,16.350000381469727,16.850000381469727,16.100000381469727,16.299999237060547,2310319
2016-08-18,16.450000762939453,16.600000381469727,16.200000762939453,16.299999237060547,1620768
2016-08-19,16.350000381469727,16.450000762939453,16.149999618530273,16.25,2288208
2016-08-22,16.299999237060547,17.25,16.200000762939453,16.899999618530273,4320699
2016-08-23,16.25,16.649999618530273,16.049999237060547,16.350000381469727,3349842
2016-08-24,16.450000762939453,16.5,16.200000762939453,16.25,2119701
2016-08-25,16.450000762939453,16.649999618530273,16.200000762939453,16.299999237060547,2440292
2016-08-26,16.350000381469727,16.450000762939453,15.850000381469727,16.049999237060547,3417779
2016-08-29,16.149999618530273,16.25,15.949999809265137,15.949999809265137,1839262
2016-08-30,16.100000381469727,16.549999237060547,16.0,16.299999237060547,7842306
2016-08-31,16.299999237060547,17.299999237060547,16.299999237060547,17.100000381469727,6584051
2016-09-01,17.200000762939453,17.549999237060547,16.399999618530273,16.600000381469727,7095972
2016-09-02,16.850000381469727,16.899999618530273,16.399999618530273,16.5,2050853
2016-09-06,16.399999618530273,16.799999237060547,16.200000762939453,16.25,2090536
2016-09-07,16.299999237060547,16.450000762939453,16.200000762939453,16.350000381469727,1269583
2016-09-08,16.450000762939453,16.799999237060547,16.350000381469727,16.549999237060547,2973608
2016-09-09,16.649999618530273,17.25,16.399999618530273,16.850000381469727,6010389
2016-09-12,16.450000762939453,17.149999618530273,16.399999618530273,16.5,3599587
2016-09-14,16.299999237060547,17.100000381469727,16.299999237060547,16.649999618530273,3473874
2016-09-15,16.700000762939453,16.850000381469727,16.399999618530273,16.450000762939453,1397243
2016-09-16,16.600000381469727,16.75,16.350000381469727,16.450000762939453,3390037
2016-09-19,16.399999618530273,16.549999237060547,16.25,16.299999237060547,1152958
2016-09-20,16.299999237060547,16.450000762939453,16.100000381469727,16.25,1954569
2016-09-21,16.399999618530273,17.399999618530273,16.25,16.649999618530273,8867491
2016-09-22,16.899999618530273,17.0,16.399999618530273,16.5,1721681
2016-09-23,16.5,16.75,16.350000381469727,16.450000762939453,1713902
2016-09-26,16.450000762939453,16.600000381469727,16.100000381469727,16.200000762939453,2312477
2016-09-27,16.5,16.5,15.949999809265137,16.0,1917364
2016-09-28,16.100000381469727,16.350000381469727,15.800000190734863,15.899999618530273,3060974
2016-09-29,16.149999618530273,16.149999618530273,14.75,15.0,4450827
2016-09-30,15.0,15.399999618530273,14.600000381469727,14.850000381469727,5253788
2016-10-03,14.899999618530273,15.399999618530273,14.899999618530273,15.149999618530273,2027327
2016-10-04,15.199999809265137,15.350000381469727,15.050000190734863,15.100000381469727,1491588
2016-10-05,15.149999618530273,15.350000381469727,14.949999809265137,15.149999618530273,2174571
2016-10-06,15.25,15.350000381469727,15.0,15.050000190734863,2291119
2016-10-07,15.100000381469727,15.149999618530273,14.649999618530273,14.699999809265137,3122429
2016-10-10,14.850000381469727,14.949999809265137,14.649999618530273,14.75,1266519
2016-10-13,14.800000190734863,15.75,14.699999809265137,15.300000190734863,4347260
2016-10-14,15.449999809265137,15.449999809265137,15.0,15.100000381469727,1548333
2016-10-17,15.199999809265137,15.399999618530273,14.899999618530273,15.0,2128053
2016-10-18,15.199999809265137,16.100000381469727,15.0,15.800000190734863,4927855
2016-10-19,15.949999809265137,16.5,15.550000190734863,16.100000381469727,6718893
2016-10-20,16.25,16.399999618530273,15.800000190734863,15.899999618530273,2944423
2016-10-21,15.949999809265137,15.949999809265137,15.0,15.25,4482550
2016-10-24,15.399999618530273,15.949999809265137,15.25,15.699999809265137,3325675
2016-10-25,15.699999809265137,15.899999618530273,15.350000381469727,15.399999618530273,1626173
2016-10-26,15.399999618530273,15.649999618530273,15.100000381469727,15.199999809265137,1573207
2016-10-27,15.199999809265137,15.449999809265137,15.0,15.050000190734863,1585553
2016-10-28,15.100000381469727,15.300000190734863,14.949999809265137,15.149999618530273,1578223
2016-11-01,15.199999809265137,15.600000381469727,15.199999809265137,15.300000190734863,1559243
2016-11-02,15.149999618530273,15.199999809265137,14.850000381469727,14.899999618530273,1736845
2016-11-03,15.0,15.100000381469727,14.5,14.550000190734863,1504478
2016-11-04,14.550000190734863,14.800000190734863,14.149999618530273,14.350000381469727,2121408
2016-11-07,14.5,14.649999618530273,14.350000381469727,14.449999809265137,1198174
2016-11-08,14.600000381469727,14.649999618530273,14.199999809265137,14.25,1056198
2016-11-09,13.350000381469727,13.75,11.550000190734863,13.600000381469727,5405457
2016-11-10,13.899999618530273,14.199999809265137,13.649999618530273,13.75,1977017
2016-11-11,13.600000381469727,13.800000190734863,13.100000381469727,13.25,1478246
2016-11-15,13.050000190734863,13.300000190734863,12.25,12.649999618530273,6101489
2016-11-16,12.800000190734863,12.850000381469727,12.100000381469727,12.25,1335908
2016-11-17,12.350000381469727,12.449999809265137,12.050000190734863,12.100000381469727,1219595
2016-11-18,12.100000381469727,12.399999618530273,12.100000381469727,12.300000190734863,1098741
2016-11-21,12.449999809265137,12.449999809265137,11.800000190734863,11.850000381469727,1512978
2016-11-22,12.050000190734863,12.050000190734863,11.0,11.149999618530273,3802550
2016-11-23,11.350000381469727,12.600000381469727,11.199999809265137,12.300000190734863,3684970
2016-11-24,12.449999809265137,13.100000381469727,12.149999618530273,12.75,2030416
2016-11-25,13.5,13.800000190734863,12.899999618530273,13.050000190734863,3335842
2016-11-28,13.0,13.300000190734863,12.850000381469727,13.0,1453470
2016-11-29,12.75,13.0,12.550000190734863,12.600000381469727,2162341
2016-11-30,12.600000381469727,12.800000190734863,12.600000381469727,12.649999618530273,1167893
2016-12-01,12.699999809265137,12.800000190734863,12.449999809265137,12.5,1195241
2016-12-02,12.5,12.75,12.199999809265137,12.300000190734863,4164793
2016-12-05,12.300000190734863,12.5,12.199999809265137,12.25,1252299
2016-12-06,12.350000381469727,12.449999809265137,12.199999809265137,12.25,2056030
2016-12-07,12.300000190734863,12.350000381469727,12.149999618530273,12.149999618530273,1201875
2016-12-08,12.300000190734863,12.350000381469727,12.199999809265137,12.25,1271624
2016-12-09,12.300000190734863,13.0,12.199999809265137,12.649999618530273,4226403
2016-12-12,12.75,12.800000190734863,12.399999618530273,12.399999618530273,1832669
2016-12-13,12.449999809265137,12.649999618530273,12.300000190734863,12.350000381469727,1263065
2016-12-14,12.399999618530273,13.550000190734863,12.300000190734863,13.149999618530273,6890955
2016-12-15,13.0,13.449999809265137,12.899999618530273,13.050000190734863,2536188
2016-12-16,13.25,13.300000190734863,12.850000381469727,12.949999809265137,1564578
2016-12-19,13.100000381469727,13.399999618530273,12.949999809265137,13.100000381469727,1175836
2016-12-20,13.199999809265137,13.25,12.600000381469727,12.699999809265137,2544925
2016-12-21,12.850000381469727,12.949999809265137,12.600000381469727,12.649999618530273,1004903
2016-12-22,12.800000190734863,12.800000190734863,12.25,12.300000190734863,1201501
2016-12-23,12.399999618530273,12.550000190734863,12.199999809265137,12.25,1077507
2016-12-26,12.300000190734863,12.300000190734863,11.899999618530273,12.0,1119373
2016-12-27,12.050000190734863,12.199999809265137,12.0,12.100000381469727,916036
2016-12-28,12.199999809265137,12.449999809265137,12.100000381469727,12.149999618530273,1081383
2016-12-29,12.199999809265137,12.25,12.100000381469727,12.149999618530273,733469
2016-12-30,12.25,12.850000381469727,12.199999809265137,12.550000190734863,1708031
2017-01-02,12.649999618530273,13.0,12.449999809265137,12.899999618530273,1301815
2017-01-03,13.0,13.5,12.850000381469727,12.899999618530273,2551183
2017-01-04,13.0,13.199999809265137,12.800000190734863,13.050000190734863,1381682
2017-01-05,13.149999618530273,13.399999618530273,13.100000381469727,13.25,1494168
2017-01-06,13.300000190734863,13.5,13.149999618530273,13.199999809265137,1691457
2017-01-09,13.199999809265137,13.350000381469727,13.199999809265137,13.25,581359
2017-01-10,13.350000381469727,13.699999809265137,13.350000381469727,13.449999809265137,2176513
2017-01-11,13.5,13.75,13.5,13.600000381469727,1730396
2017-01-12,13.75,13.949999809265137,13.600000381469727,13.75,2141378
2017-01-13,13.75,13.850000381469727,13.25,13.449999809265137,1737409
2017-01-16,13.300000190734863,13.649999618530273,13.100000381469727,13.350000381469727,1203094
2017-01-17,13.300000190734863,13.5,13.199999809265137,13.25,805906
2017-01-18,13.350000381469727,13.800000190734863,13.199999809265137,13.300000190734863,2354672
2017-01-19,13.350000381469727,13.5,13.149999618530273,13.199999809265137,1328074
2017-01-20,13.199999809265137,13.300000190734863,12.899999618530273,12.949999809265137,1403006
2017-01-23,12.850000381469727,13.100000381469727,12.850000381469727,12.949999809265137,701521
2017-01-24,12.75,13.449999809265137,12.75,13.149999618530273,2034146
2017-01-25,13.149999618530273,13.399999618530273,13.149999618530273,13.199999809265137,1409818
2017-01-27,13.300000190734863,14.550000190734863,13.199999809265137,14.399999618530273,8686024
2017-01-30,14.25,14.800000190734863,13.800000190734863,14.149999618530273,4533095
2017-01-31,14.149999618530273,14.300000190734863,13.800000190734863,13.899999618530273,2288857
2017-02-01,13.899999618530273,14.149999618530273,13.75,14.0,1759157
2017-02-02,14.0,14.449999809265137,13.899999618530273,13.949999809265137,1138194
2017-02-03,14.0,14.800000190734863,13.949999809265137,14.5,4177511
2017-02-06,14.600000381469727,15.600000381469727,14.600000381469727,15.149999618530273,6841673
2017-02-07,15.25,15.350000381469727,14.649999618530273,14.800000190734863,2159065
2017-02-08,14.800000190734863,15.149999618530273,14.399999618530273,14.75,1781436
2017-02-09,14.800000190734863,15.0,14.449999809265137,14.600000381469727,2476159
2017-02-10,14.75,14.899999618530273,14.300000190734863,14.399999618530273,1574440
2017-02-13,14.399999618530273,14.600000381469727,13.850000381469727,14.0,1679559
2017-02-14,13.899999618530273,14.300000190734863,13.800000190734863,13.949999809265137,1396429
2017-02-15,13.75,13.75,13.149999618530273,13.25,2288246
2017-02-16,13.300000190734863,13.350000381469727,13.149999618530273,13.300000190734863,698468
2017-02-17,13.350000381469727,13.449999809265137,13.199999809265137,13.25,811400
2017-02-20,13.300000190734863,13.350000381469727,13.100000381469727,13.25,811200
2017-02-21,13.300000190734863,13.850000381469727,13.25,13.649999618530273,1996514
2017-02-22,13.699999809265137,14.350000381469727,13.600000381469727,13.699999809265137,3142565
2017-02-23,13.850000381469727,14.350000381469727,13.699999809265137,13.800000190734863,2727076
2017-02-27,13.899999618530273,14.149999618530273,13.800000190734863,13.850000381469727,1153552
2017-02-28,13.899999618530273,14.399999618530273,13.899999618530273,14.100000381469727,2283696
2017-03-01,14.149999618530273,14.399999618530273,13.949999809265137,14.0,1359159
2017-03-02,14.149999618530273,14.25,13.5,13.550000190734863,1267483
2017-03-03,13.649999618530273,13.75,13.350000381469727,13.399999618530273,1264908
2017-03-06,13.350000381469727,13.649999618530273,13.350000381469727,13.399999618530273,861983
2017-03-07,13.449999809265137,14.199999809265137,13.449999809265137,13.75,4301026
2017-03-08,13.800000190734863,13.800000190734863,13.300000190734863,13.449999809265137,1787784
2017-03-09,13.350000381469727,13.550000190734863,13.25,13.300000190734863,1325887
2017-03-10,13.399999618530273,13.449999809265137,13.149999618530273,13.199999809265137,1816520
2017-03-14,13.699999809265137,13.699999809265137,13.149999618530273,13.199999809265137,1704961
2017-03-15,13.300000190734863,13.5,13.0,13.100000381469727,2290806
2017-03-16,13.149999618530273,13.600000381469727,13.100000381469727,13.199999809265137,4422083
2017-03-17,13.300000190734863,13.399999618530273,13.050000190734863,13.100000381469727,2873421
2017-03-20,13.100000381469727,13.199999809265137,12.899999618530273,12.949999809265137,1613176
2017-03-21,12.949999809265137,12.949999809265137,12.75,12.850000381469727,1573197
2017-03-22,12.850000381469727,12.850000381469727,12.649999618530273,12.75,984826
2017-03-23,12.800000190734863,13.149999618530273,12.75,12.850000381469727,1080483
2017-03-24,12.949999809265137,13.050000190734863,12.699999809265137,12.75,1590212
2017-03-27,12.899999618530273,12.899999618530273,12.5,12.550000190734863,1763499
2017-03-28,12.550000190734863,12.899999618530273,12.5,12.649999618530273,1919257
2017-03-29,12.800000190734863,12.899999618530273,12.5,12.75,2702336
2017-03-30,12.75,13.050000190734863,12.75,12.850000381469727,1279810
2017-03-31,12.899999618530273,13.0,12.649999618530273,12.75,1270792
2017-04-03,12.899999618530273,13.350000381469727,12.800000190734863,13.149999618530273,1889740
2017-04-05,13.300000190734863,14.649999618530273,13.300000190734863,14.449999809265137,15647844
2017-04-06,14.399999618530273,14.600000381469727,13.899999618530273,14.0,4863745
2017-04-07,13.949999809265137,14.350000381469727,13.800000190734863,13.850000381469727,3791153
2017-04-10,14.100000381469727,14.300000190734863,13.850000381469727,13.899999618530273,1987989
2017-04-11,14.0,14.199999809265137,14.0,14.100000381469727,2152997
2017-04-12,14.149999618530273,14.25,13.649999618530273,13.800000190734863,2625804
2017-04-13,13.850000381469727,14.199999809265137,13.75,14.050000190734863,3002843
2017-04-17,14.0,15.5,13.850000381469727,14.949999809265137,15132575
2017-04-18,15.399999618530273,15.899999618530273,14.699999809265137,14.850000381469727,12076162
2017-04-19,14.949999809265137,15.100000381469727,14.649999618530273,14.850000381469727,3051546
2017-04-20,15.0,15.550000190734863,14.899999618530273,15.100000381469727,3466273
2017-04-21,15.300000190734863,16.149999618530273,15.25,16.0,13306524
2017-04-24,16.450000762939453,16.450000762939453,15.800000190734863,16.100000381469727,7153185
2017-04-25,16.25,16.600000381469727,15.600000381469727,16.399999618530273,8913460
2017-04-26,16.950000762939453,16.950000762939453,15.75,16.100000381469727,7647717
2017-04-27,16.25,16.25,15.550000190734863,15.649999618530273,2892998
2017-04-28,15.75,15.800000190734863,15.25,15.399999618530273,2775161
2017-05-02,15.550000190734863,15.600000381469727,14.899999618530273,15.100000381469727,3305307
2017-05-03,15.050000190734863,15.649999618530273,14.899999618530273,15.399999618530273,2848163
2017-05-04,15.300000190734863,15.649999618530273,15.0,15.100000381469727,2251711
2017-05-05,14.949999809265137,15.149999618530273,14.449999809265137,14.550000190734863,2941513
2017-05-08,14.600000381469727,14.800000190734863,14.5,14.550000190734863,1822612
2017-05-09,14.600000381469727,16.049999237060547,14.550000190734863,15.649999618530273,6140346
2017-05-10,15.949999809265137,15.949999809265137,15.199999809265137,15.300000190734863,2336843
2017-05-11,15.550000190734863,15.850000381469727,14.949999809265137,15.050000190734863,2942582
2017-05-12,15.199999809265137,15.25,14.800000190734863,14.949999809265137,1398867
2017-05-15,15.100000381469727,15.199999809265137,14.75,14.850000381469727,995523
2017-05-16,14.899999618530273,15.399999618530273,14.899999618530273,15.100000381469727,1990921
2017-05-17,15.100000381469727,15.199999809265137,14.699999809265137,14.800000190734863,1346137
2017-05-18,14.600000381469727,14.800000190734863,14.199999809265137,14.300000190734863,1616697
2017-05-19,14.350000381469727,14.649999618530273,14.050000190734863,14.100000381469727,1271409
2017-05-22,14.199999809265137,14.300000190734863,13.800000190734863,13.850000381469727,1198780
2017-05-23,13.850000381469727,13.899999618530273,13.050000190734863,13.149999618530273,2129215
2017-05-24,13.100000381469727,13.399999618530273,12.800000190734863,12.899999618530273,1199033
2017-05-25,13.0,13.399999618530273,12.800000190734863,13.100000381469727,1593528
2017-05-26,13.100000381469727,13.649999618530273,13.100000381469727,13.550000190734863,1354737
2017-05-29,13.649999618530273,13.649999618530273,12.899999618530273,13.0,1293111
2017-05-30,13.0,13.300000190734863,12.800000190734863,12.949999809265137,3753539
2017-05-31,12.949999809265137,13.149999618530273,12.850000381469727,12.899999618530273,800037
2017-06-01,12.850000381469727,13.100000381469727,12.850000381469727,12.899999618530273,875875
2017-06-02,13.0,13.600000381469727,12.899999618530273,13.25,2825317
2017-06-05,13.300000190734863,13.350000381469727,12.949999809265137,13.0,1141182
2017-06-06,13.050000190734863,13.100000381469727,12.850000381469727,12.899999618530273,751305
2017-06-07,13.0,13.199999809265137,13.0,13.100000381469727,1023083
2017-06-08,13.149999618530273,13.25,12.899999618530273,12.899999618530273,1153490
2017-06-09,12.949999809265137,13.050000190734863,12.850000381469727,12.899999618530273,1361257
2017-06-12,12.850000381469727,12.949999809265137,12.800000190734863,12.850000381469727,602004
2017-06-13,12.850000381469727,13.25,12.850000381469727,12.949999809265137,1728921
2017-06-14,12.850000381469727,13.050000190734863,12.850000381469727,12.899999618530273,631537
2017-06-15,12.899999618530273,13.050000190734863,12.699999809265137,12.75,1281916
2017-06-16,12.800000190734863,13.100000381469727,12.699999809265137,13.050000190734863,1551025
2017-06-19,13.199999809265137,13.25,12.850000381469727,12.899999618530273,706176
2017-06-20,13.0,13.0,12.649999618530273,12.699999809265137,870474
2017-06-21,12.699999809265137,12.850000381469727,12.600000381469727,12.699999809265137,807263
2017-06-22,12.699999809265137,13.0,12.649999618530273,12.699999809265137,1073596
2017-06-23,12.75,12.75,12.300000190734863,12.399999618530273,1060887
2017-06-27,12.5,12.550000190734863,12.100000381469727,12.149999618530273,865749
2017-06-28,12.199999809265137,12.25,12.0,12.050000190734863,848357
2017-06-29,12.100000381469727,12.350000381469727,12.050000190734863,12.100000381469727,1008521
2017-06-30,12.050000190734863,12.199999809265137,11.850000381469727,11.899999618530273,1692619
2017-07-03,12.0,12.399999618530273,11.949999809265137,12.149999618530273,1131574
2017-07-04,12.25,12.600000381469727,12.149999618530273,12.350000381469727,1058251
2017-07-05,12.449999809265137,13.100000381469727,12.300000190734863,12.949999809265137,3280089
2017-07-06,12.949999809265137,13.050000190734863,12.800000190734863,12.850000381469727,1180412
2017-07-07,12.800000190734863,15.399999618530273,12.600000381469727,15.300000190734863,17889044
2017-07-10,15.800000190734863,16.049999237060547,15.100000381469727,15.25,1070289
2017-07-11,15.300000190734863,15.649999618530273,14.300000190734863,14.449999809265137,4951224
2017-07-12,14.5,15.100000381469727,14.449999809265137,14.699999809265137,3213084
2017-07-13,14.800000190734863,15.100000381469727,14.550000190734863,14.600000381469727,1663169
2017-07-14,14.550000190734863,14.75,14.199999809265137,14.300000190734863,1952521
2017-07-17,14.399999618530273,14.949999809265137,14.300000190734863,14.800000190734863,2338794
2017-07-18,14.649999618530273,15.449999809265137,14.550000190734863,14.899999618530273,6388964
2017-07-19,15.100000381469727,16.100000381469727,15.100000381469727,15.850000381469727,11318775
2017-07-20,16.149999618530273,16.5,15.75,16.25,13702222
2017-07-21,16.399999618530273,17.25,15.899999618530273,16.799999237060547,21112656
2017-07-24,17.0,17.399999618530273,16.700000762939453,16.850000381469727,9160359
2017-07-25,16.899999618530273,18.200000762939453,16.899999618530273,17.399999618530273,16047812
2017-07-26,17.5,18.350000381469727,17.350000381469727,18.0,20122887
2017-07-27,18.200000762939453,18.600000381469727,16.850000381469727,17.100000381469727,13210827
2017-07-28,17.0,18.950000762939453,16.850000381469727,18.75,22957468
2017-07-31,18.950000762939453,19.149999618530273,18.100000381469727,18.149999618530273,8841166
2017-08-01,18.200000762939453,18.450000762939453,17.600000381469727,17.700000762939453,4734012
2017-08-02,17.850000381469727,17.899999618530273,17.200000762939453,17.350000381469727,3699209
2017-08-03,17.399999618530273,17.399999618530273,16.649999618530273,16.75,3424396
2017-08-04,16.75,17.299999237060547,16.600000381469727,16.899999618530273,3158725
2017-08-07,17.100000381469727,18.5,16.649999618530273,18.200000762939453,9707409
2017-08-08,18.399999618530273,18.799999237060547,17.200000762939453,17.399999618530273,14738802
2017-08-09,17.350000381469727,17.399999618530273,16.299999237060547,16.549999237060547,5150656
2017-08-10,16.5,16.950000762939453,14.5,15.149999618530273,9120700
2017-08-11,14.899999618530273,15.850000381469727,14.600000381469727,15.449999809265137,6745413
2017-08-14,15.75,16.299999237060547,15.649999618530273,15.850000381469727,2814672
2017-08-16,16.0,16.149999618530273,15.350000381469727,15.850000381469727,2470662
2017-08-17,15.899999618530273,16.75,15.850000381469727,16.549999237060547,4350213
2017-08-18,16.450000762939453,16.799999237060547,16.100000381469727,16.450000762939453,6187054
2017-08-21,16.549999237060547,16.649999618530273,15.649999618530273,15.850000381469727,2024136
2017-08-22,16.0,16.200000762939453,15.5,15.699999809265137,1839235
2017-08-23,15.850000381469727,16.549999237060547,15.800000190734863,16.399999618530273,3366082
2017-08-24,16.399999618530273,17.450000762939453,15.850000381469727,17.299999237060547,6996283
2017-08-28,18.549999237060547,19.200000762939453,17.299999237060547,17.5,13337888
2017-08-29,17.649999618530273,17.649999618530273,16.899999618530273,17.0,5434306
2017-08-30,17.200000762939453,17.399999618530273,16.799999237060547,16.899999618530273,3205015
2017-08-31,17.0,18.100000381469727,16.799999237060547,17.950000762939453,8641691
2017-09-01,18.200000762939453,20.75,18.049999237060547,20.350000381469727,40984556
2017-09-04,20.649999618530273,22.149999618530273,20.100000381469727,21.649999618530273,48825433
2017-09-05,21.899999618530273,22.299999237060547,21.049999237060547,21.350000381469727,16642550
2017-09-06,21.0,25.600000381469727,20.850000381469727,25.600000381469727,76626065
2017-09-07,27.450000762939453,28.149999618530273,27.350000381469727,28.149999618530273,38187574
2017-09-08,29.0,29.149999618530273,26.25,26.75,60488103
2017-09-11,27.0,29.399999618530273,25.899999618530273,28.399999618530273,61159771
2017-09-12,28.799999237060547,29.200000762939453,27.600000381469727,28.600000381469727,21400280
2017-09-13,28.200000762939453,29.799999237060547,27.549999237060547,27.799999237060547,21866635
2017-09-14,28.75,30.149999618530273,28.5,29.75,35273467
2017-09-15,30.100000381469727,32.70000076293945,30.0,32.70000076293945,76539646
2017-09-18,34.0,35.95000076293945,33.599998474121094,35.95000076293945,43479344
2017-09-19,34.20000076293945,34.20000076293945,34.20000076293945,34.20000076293945,2665821
2017-09-20,32.5,32.5,32.5,32.5,684175
2017-09-21,30.899999618530273,30.899999618530273,30.899999618530273,30.899999618530273,327548
2017-09-22,29.399999618530273,29.399999618530273,29.399999618530273,29.399999618530273,443399
2017-09-25,28.899999618530273,29.399999618530273,27.950000762939453,27.950000762939453,18872660
2017-09-26,26.600000381469727,26.600000381469727,26.600000381469727,26.600000381469727,1253031
2017-09-27,26.350000381469727,27.149999618530273,25.299999237060547,25.299999237060547,22550835
2017-09-28,24.049999237060547,26.200000762939453,24.049999237060547,25.350000381469727,47034546
2017-09-29,25.399999618530273,25.799999237060547,24.100000381469727,24.100000381469727,11845307
2017-10-03,24.350000381469727,24.850000381469727,22.950000762939453,23.149999618530273,13889322
2017-10-04,23.149999618530273,24.299999237060547,23.100000381469727,24.299999237060547,4824080
2017-10-05,25.399999618530273,25.5,24.899999618530273,25.5,4190349
2017-10-06,26.299999237060547,26.75,25.399999618530273,26.399999618530273,27895747
2017-10-09,26.25,26.600000381469727,25.5,25.700000762939453,6555196
2017-10-10,25.399999618530273,26.450000762939453,25.399999618530273,25.649999618530273,7325234
2017-10-11,25.850000381469727,26.0,24.399999618530273,24.399999618530273,5717326
2017-10-12,24.149999618530273,25.600000381469727,24.049999237060547,25.600000381469727,5278430
2017-10-13,26.299999237060547,26.850000381469727,25.75,26.0,18439346
2017-10-16,26.450000762939453,26.799999237060547,25.600000381469727,26.049999237060547,5258552
2017-10-17,26.25,27.350000381469727,25.5,27.350000381469727,13083921
2017-10-18,27.299999237060547,28.450000762939453,26.75,27.75,13931496
2017-10-19,27.850000381469727,28.799999237060547,27.799999237060547,28.100000381469727,4721588
2017-10-23,28.450000762939453,28.899999618530273,28.149999618530273,28.549999237060547,5379386
2017-10-24,28.700000762939453,29.950000762939453,28.549999237060547,29.950000762939453,13342549
2017-10-25,31.0,31.399999618530273,28.549999237060547,28.850000381469727,9773723
2017-10-26,28.799999237060547,29.799999237060547,28.25,28.75,5173961
2017-10-27,28.75,29.549999237060547,28.649999618530273,29.0,3944931
2017-10-30,30.450000762939453,30.450000762939453,29.549999237060547,29.649999618530273,6194555
2017-10-31,29.799999237060547,30.100000381469727,29.350000381469727,29.5,4140885
2017-11-01,29.649999618530273,29.899999618530273,28.100000381469727,28.5,5496655
2017-11-02,29.0,29.899999618530273,27.25,29.899999618530273,12366026
2017-11-03,30.899999618530273,31.350000381469727,30.299999237060547,30.549999237060547,14663516
2017-11-06,30.399999618530273,31.200000762939453,29.899999618530273,30.350000381469727,6476478
2017-11-07,31.850000381469727,31.850000381469727,30.899999618530273,31.850000381469727,26693770
2017-11-08,32.0,32.0,30.299999237060547,30.299999237060547,7548215
2017-11-09,29.850000381469727,30.0,28.799999237060547,29.0,8614487
2017-11-10,28.799999237060547,29.5,28.200000762939453,28.549999237060547,5501468
2017-11-13,29.25,29.25,28.399999618530273,28.5,2845344
2017-11-14,28.350000381469727,28.700000762939453,27.700000762939453,28.0,2453904
2017-11-15,28.149999618530273,28.299999237060547,26.600000381469727,26.799999237060547,3474885
2017-11-16,27.0,27.25,26.350000381469727,26.850000381469727,3440921
2017-11-17,27.299999237060547,27.450000762939453,26.600000381469727,26.799999237060547,2254639
2017-11-20,27.049999237060547,28.100000381469727,27.0,27.649999618530273,6286697
2017-11-21,28.200000762939453,28.200000762939453,27.549999237060547,27.75,2805915
2017-11-22,28.0,28.0,26.899999618530273,27.100000381469727,2253739
2017-11-23,27.350000381469727,27.450000762939453,26.299999237060547,26.899999618530273,3073241
2017-11-24,27.25,28.049999237060547,26.899999618530273,27.700000762939453,4547598
2017-11-27,27.600000381469727,27.649999618530273,26.899999618530273,27.049999237060547,1823461
2017-11-28,27.100000381469727,27.25,26.350000381469727,26.450000762939453,2493206
2017-11-29,26.5,27.75,26.299999237060547,27.75,5997148
2017-11-30,28.0,29.100000381469727,27.649999618530273,28.649999618530273,11849812
2017-12-01,28.950000762939453,29.700000762939453,27.600000381469727,27.950000762939453,6491798
2017-12-04,28.0,28.399999618530273,27.100000381469727,27.25,2093594
2017-12-05,27.200000762939453,27.899999618530273,26.350000381469727,27.350000381469727,3788396
2017-12-06,27.350000381469727,28.350000381469727,26.950000762939453,27.600000381469727,6146088
2017-12-07,28.450000762939453,30.799999237060547,28.149999618530273,30.299999237060547,24238720
2017-12-08,30.5,32.150001525878906,30.299999237060547,31.399999618530273,20468920
2017-12-11,31.700000762939453,32.099998474121094,30.600000381469727,30.799999237060547,7752092
2017-12-12,30.799999237060547,31.25,29.299999237060547,29.5,6014960
2017-12-13,29.399999618530273,29.899999618530273,27.5,28.100000381469727,5672535
2017-12-14,28.299999237060547,28.600000381469727,27.649999618530273,28.25,4739972
2017-12-15,28.899999618530273,29.149999618530273,28.350000381469727,28.5,3711399
2017-12-18,27.950000762939453,30.25,25.649999618530273,29.049999237060547,11311712
2017-12-19,29.5,29.950000762939453,29.049999237060547,29.399999618530273,4833066
2017-12-20,29.549999237060547,31.25,29.149999618530273,30.399999618530273,16217838
2017-12-21,30.600000381469727,31.600000381469727,30.049999237060547,31.200000762939453,14372721
2017-12-22,31.299999237060547,31.450000762939453,30.200000762939453,30.5,8575300
2017-12-26,30.200000762939453,30.399999618530273,29.5,29.899999618530273,5702140
2017-12-27,29.899999618530273,30.850000381469727,28.350000381469727,28.799999237060547,8578908
2017-12-28,29.049999237060547,29.75,28.549999237060547,28.649999618530273,6368932
2017-12-29,29.0,29.350000381469727,28.5,28.649999618530273,6182238
2018-01-01,29.0,33.95000076293945,29.0,32.25,39161526
2018-01-02,32.70000076293945,33.20000076293945,30.600000381469727,32.150001525878906,17623344
2018-01-03,32.29999923706055,33.70000076293945,31.5,33.29999923706055,19032192
2018-01-04,33.900001525878906,35.20000076293945,33.400001525878906,33.900001525878906,26300936
2018-01-05,34.0,34.400001525878906,32.900001525878906,33.099998474121094,11968476
2018-01-08,33.349998474121094,34.29999923706055,32.70000076293945,33.25,11846025
2018-01-09,33.400001525878906,33.650001525878906,32.04999923706055,32.79999923706055,7717560
2018-01-10,32.599998474121094,36.20000076293945,32.400001525878906,35.20000076293945,40467813
2018-01-11,35.349998474121094,36.650001525878906,34.54999923706055,35.04999923706055,20791976
2018-01-12,35.349998474121094,35.75,33.25,34.400001525878906,13616270
2018-01-15,35.349998474121094,36.099998474121094,34.400001525878906,34.70000076293945,14986037
2018-01-16,34.25,34.650001525878906,31.799999237060547,32.349998474121094,11986013
2018-01-17,32.5,32.95000076293945,30.75,32.75,9623317
2018-01-18,33.04999923706055,33.70000076293945,30.200000762939453,31.049999237060547,10773612
2018-01-19,31.100000381469727,32.79999923706055,30.850000381469727,32.5,10465278
2018-01-22,32.79999923706055,32.79999923706055,31.700000762939453,32.099998474121094,5909885
2018-01-23,32.150001525878906,33.04999923706055,31.899999618530273,32.099998474121094,6785687
2018-01-24,31.899999618530273,31.899999618530273,30.799999237060547,30.850000381469727,6187729
2018-01-25,31.049999237060547,31.350000381469727,30.450000762939453,30.75,4765152
2018-01-29,31.149999618530273,31.299999237060547,29.399999618530273,29.600000381469727,4764326
2018-01-30,29.100000381469727,30.600000381469727,28.950000762939453,29.549999237060547,6811907
2018-01-31,29.299999237060547,30.0,28.600000381469727,29.200000762939453,5983811
2018-02-01,29.450000762939453,30.450000762939453,28.5,29.450000762939453,9165494
2018-02-02,28.5,29.200000762939453,26.25,26.649999618530273,11676192
2018-02-05,25.0,26.649999618530273,24.549999237060547,26.299999237060547,6782305
2018-02-06,23.350000381469727,25.600000381469727,23.350000381469727,25.200000762939453,12727995
2018-02-07,26.0,26.399999618530273,25.200000762939453,25.700000762939453,6425292
2018-02-08,26.049999237060547,28.700000762939453,25.700000762939453,28.399999618530273,10907489
2018-02-09,27.049999237060547,31.549999237060547,26.75,30.700000762939453,20047876
2018-02-12,31.149999618530273,32.25,30.299999237060547,30.649999618530273,9751712
2018-02-14,30.799999237060547,31.399999618530273,29.700000762939453,29.950000762939453,5067615
2018-02-15,30.5,30.5,28.5,28.799999237060547,4178280
2018-02-16,29.0,29.600000381469727,28.049999237060547,28.450000762939453,3627771
2018-02-19,28.399999618530273,28.850000381469727,27.399999618530273,27.950000762939453,3773613
2018-02-20,27.950000762939453,28.850000381469727,27.950000762939453,28.100000381469727,2889490
2018-02-21,28.5,28.649999618530273,27.75,28.299999237060547,2823122
2018-02-22,28.0,28.350000381469727,27.700000762939453,27.899999618530273,3133019
2018-02-23,27.950000762939453,28.700000762939453,27.950000762939453,28.200000762939453,3968857
2018-02-26,28.600000381469727,30.100000381469727,28.5,29.350000381469727,8762701
2018-02-27,29.5,29.649999618530273,28.600000381469727,28.75,3342917
2018-02-28,28.299999237060547,30.200000762939453,27.799999237060547,29.950000762939453,8750071
2018-03-01,30.100000381469727,30.700000762939453,29.600000381469727,29.700000762939453,8420243
2018-03-05,30.0,30.0,28.600000381469727,29.0,4414121
2018-03-06,29.399999618530273,29.799999237060547,28.0,28.25,3912447
2018-03-07,28.149999618530273,28.25,26.299999237060547,26.549999237060547,6577968
2018-03-08,27.0,27.399999618530273,25.549999237060547,26.899999618530273,6778964
2018-03-09,27.200000762939453,27.25,25.899999618530273,26.25,4173266
2018-03-12,26.75,27.350000381469727,26.350000381469727,27.049999237060547,5359416
2018-03-13,27.200000762939453,28.149999618530273,26.850000381469727,27.600000381469727,7317714
2018-03-14,27.200000762939453,27.700000762939453,26.799999237060547,26.950000762939453,4684700
2018-03-15,27.149999618530273,28.200000762939453,26.799999237060547,27.25,7373596
2018-03-16,27.350000381469727,28.700000762939453,27.0,27.950000762939453,14779598
2018-03-19,28.100000381469727,28.899999618530273,27.100000381469727,27.299999237060547,8750190
2018-03-20,26.899999618530273,27.549999237060547,26.549999237060547,26.799999237060547,7013550
2018-03-21,27.200000762939453,27.75,26.75,26.950000762939453,5877481
2018-03-22,26.899999618530273,27.200000762939453,26.200000762939453,26.25,3638063
2018-03-23,25.600000381469727,26.149999618530273,25.100000381469727,25.350000381469727,5898121
2018-03-26,25.350000381469727,26.350000381469727,24.649999618530273,25.899999618530273,9645130
2018-03-27,26.450000762939453,26.950000762939453,26.25,26.549999237060547,5832789
2018-03-28,26.25,26.399999618530273,25.700000762939453,25.850000381469727,6301615
2018-04-02,26.200000762939453,27.200000762939453,26.200000762939453,27.0,6074213
2018-04-03,26.799999237060547,27.600000381469727,26.450000762939453,27.5,7452187
2018-04-04,27.700000762939453,28.149999618530273,26.350000381469727,26.649999618530273,7806904
2018-04-05,27.899999618530273,28.200000762939453,27.25,27.549999237060547,5778324
2018-04-06,27.299999237060547,27.950000762939453,27.149999618530273,27.549999237060547,4810148
2018-04-09,27.450000762939453,27.850000381469727,27.200000762939453,27.5,2665221
2018-04-10,27.700000762939453,27.799999237060547,26.850000381469727,27.049999237060547,2257597
2018-04-11,27.700000762939453,28.600000381469727,27.5,28.200000762939453,10611986
2018-04-12,28.299999237060547,28.299999237060547,27.200000762939453,27.899999618530273,4850591
2018-04-13,28.149999618530273,28.450000762939453,27.450000762939453,27.75,3821777
2018-04-16,27.100000381469727,28.0,27.100000381469727,27.649999618530273,3025734
2018-04-17,27.899999618530273,28.0,27.350000381469727,27.549999237060547,2698339
2018-04-18,27.700000762939453,27.700000762939453,27.049999237060547,27.149999618530273,2129816
2018-04-19,27.299999237060547,27.450000762939453,26.450000762939453,26.649999618530273,3073327
2018-04-20,26.5,27.399999618530273,26.25,26.75,4622855
2018-04-23,26.350000381469727,27.200000762939453,26.350000381469727,26.850000381469727,3038446
2018-04-24,26.899999618530273,27.600000381469727,26.75,26.850000381469727,4161683
2018-04-25,26.700000762939453,27.100000381469727,25.950000762939453,26.049999237060547,5792392
2018-04-26,26.100000381469727,26.700000762939453,26.100000381469727,26.450000762939453,4095104
2018-04-27,26.700000762939453,27.049999237060547,26.5,26.700000762939453,2793625
2018-04-30,27.0,28.149999618530273,26.799999237060547,27.899999618530273,6493426
2018-05-02,28.0,28.600000381469727,27.5,27.899999618530273,5673829
2018-05-03,27.799999237060547,28.600000381469727,27.0,27.850000381469727,5384905
2018-05-04,28.399999618530273,28.799999237060547,27.600000381469727,28.100000381469727,8393957
2018-05-07,28.25,28.450000762939453,27.799999237060547,28.149999618530273,4544404
2018-05-08,28.0,28.25,27.600000381469727,28.049999237060547,4625270
2018-05-09,26.299999237060547,27.950000762939453,26.299999237060547,27.100000381469727,3262752
2018-05-10,27.299999237060547,27.549999237060547,26.75,26.850000381469727,2671941
2018-05-11,27.100000381469727,27.600000381469727,26.450000762939453,27.350000381469727,4035894
2018-05-14,27.0,27.350000381469727,26.5,26.649999618530273,2291775
2018-05-15,26.100000381469727,27.100000381469727,25.700000762939453,25.950000762939453,2526393
2018-05-16,25.899999618530273,26.350000381469727,25.25,25.950000762939453,2790019
2018-05-17,26.0,27.600000381469727,26.0,27.399999618530273,5656879
2018-05-18,27.350000381469727,27.549999237060547,26.5,26.649999618530273,2715320
2018-05-21,26.350000381469727,27.450000762939453,26.100000381469727,26.600000381469727,5050873
2018-05-22,26.5,27.100000381469727,26.350000381469727,26.549999237060547,2457764
2018-05-23,26.399999618530273,26.700000762939453,25.75,25.850000381469727,2172055
2018-05-24,26.0,26.450000762939453,25.399999618530273,25.799999237060547,3194012
2018-05-25,25.799999237060547,26.100000381469727,25.549999237060547,25.799999237060547,1731622
2018-05-28,25.950000762939453,26.450000762939453,25.899999618530273,26.25,5285479
2018-05-29,26.5,26.5,25.899999618530273,26.149999618530273,2360166
2018-05-30,26.100000381469727,26.299999237060547,25.700000762939453,25.950000762939453,2172532
2018-05-31,26.350000381469727,26.450000762939453,25.649999618530273,25.75,2272873
2018-06-01,25.799999237060547,25.899999618530273,24.799999237060547,24.899999618530273,3155603
2018-06-04,25.299999237060547,26.25,24.25,25.200000762939453,7438124
2018-06-05,25.399999618530273,25.600000381469727,24.899999618530273,25.350000381469727,3507334
2018-06-06,25.350000381469727,27.75,25.049999237060547,27.5,10969984
2018-06-07,27.549999237060547,30.450000762939453,27.549999237060547,30.100000381469727,25901098
2018-06-08,30.0,30.25,28.799999237060547,29.850000381469727,14696578
2018-06-11,30.0,32.20000076293945,29.299999237060547,31.25,19174362
2018-06-12,31.600000381469727,32.79999923706055,31.5,31.850000381469727,12457791
2018-06-13,31.950000762939453,32.849998474121094,31.350000381469727,32.349998474121094,11202453
2018-06-14,32.150001525878906,33.70000076293945,31.549999237060547,33.29999923706055,16931823
2018-06-15,33.650001525878906,34.20000076293945,32.400001525878906,33.25,14377806
2018-06-18,32.849998474121094,33.70000076293945,32.349998474121094,33.04999923706055,10456650
2018-06-19,32.75,35.099998474121094,32.54999923706055,34.79999923706055,34301788
2018-06-20,35.0,35.25,33.75,33.95000076293945,13943525
2018-06-21,33.95000076293945,34.099998474121094,31.5,31.700000762939453,14733110
2018-06-22,31.399999618530273,32.29999923706055,30.899999618530273,31.75,9226518
2018-06-25,31.549999237060547,32.0,29.850000381469727,30.049999237060547,9073746
2018-06-26,29.899999618530273,30.649999618530273,29.399999618530273,29.700000762939453,6927799
2018-06-27,29.899999618530273,30.149999618530273,27.5,27.75,10640245
2018-06-28,27.600000381469727,28.200000762939453,27.100000381469727,27.350000381469727,5385956
2018-06-29,27.899999618530273,29.25,27.700000762939453,28.950000762939453,14192096
2018-07-02,29.049999237060547,29.450000762939453,27.899999618530273,28.100000381469727,5574836
2018-07-03,28.200000762939453,28.600000381469727,27.600000381469727,28.299999237060547,6507657
2018-07-04,28.399999618530273,28.899999618530273,28.100000381469727,28.700000762939453,5699254
2018-07-05,28.700000762939453,29.200000762939453,28.600000381469727,28.899999618530273,7836713
2018-07-06,28.799999237060547,29.399999618530273,28.649999618530273,29.200000762939453,7140435
2018-07-09,29.450000762939453,30.200000762939453,29.200000762939453,30.0,9832539
2018-07-10,30.25,31.25,30.149999618530273,31.100000381469727,10625249
2018-07-11,31.100000381469727,31.350000381469727,29.899999618530273,30.049999237060547,7377022
2018-07-12,30.299999237060547,30.700000762939453,29.450000762939453,29.600000381469727,4338077
2018-07-13,29.75,29.950000762939453,28.850000381469727,29.0,2781351
2018-07-16,29.100000381469727,29.100000381469727,27.299999237060547,27.350000381469727,5655549
2018-07-17,27.5,27.799999237060547,27.0,27.149999618530273,5746237
2018-07-18,27.350000381469727,27.399999618530273,25.899999618530273,26.100000381469727,5750135
2018-07-19,26.25,26.399999618530273,24.549999237060547,24.75,8973335
2018-07-20,25.100000381469727,26.200000762939453,25.0,25.149999618530273,8359561
2018-07-23,25.399999618530273,25.649999618530273,25.149999618530273,25.399999618530273,5128514
2018-07-24,25.600000381469727,26.399999618530273,25.5,25.899999618530273,11782245
2018-07-25,26.049999237060547,26.450000762939453,25.25,25.399999618530273,7681811
2018-07-26,25.299999237060547,25.700000762939453,25.0,25.25,4409743
2018-07-27,25.450000762939453,25.799999237060547,25.049999237060547,25.5,5755186
2018-07-30,25.649999618530273,26.149999618530273,25.5,25.649999618530273,6668712
2018-07-31,25.799999237060547,26.25,25.600000381469727,25.950000762939453,11952383
2018-08-01,26.25,27.049999237060547,26.049999237060547,26.25,11902723
2018-08-02,27.0,27.0,25.399999618530273,25.649999618530273,15757562
2018-08-03,25.899999618530273,26.0,25.200000762939453,25.350000381469727,8040695
2018-08-06,25.549999237060547,25.600000381469727,25.100000381469727,25.200000762939453,4510556
2018-08-07,25.25,25.25,24.649999618530273,24.799999237060547,5051125
2018-08-08,25.0,25.649999618530273,24.850000381469727,25.100000381469727,8916810
2018-08-09,25.350000381469727,25.399999618530273,24.450000762939453,24.850000381469727,6102141
2018-08-10,24.850000381469727,25.049999237060547,24.299999237060547,24.5,4821191
2018-08-13,24.350000381469727,24.5,23.799999237060547,24.25,4981633
2018-08-14,24.25,24.75,23.850000381469727,24.350000381469727,4386190
2018-08-16,24.200000762939453,24.700000762939453,24.0,24.350000381469727,3345706
2018-08-17,24.450000762939453,26.200000762939453,24.100000381469727,25.600000381469727,12312999
2018-08-20,25.799999237060547,26.799999237060547,25.5,26.149999618530273,9119044
2018-08-21,26.350000381469727,26.399999618530273,25.75,25.899999618530273,4347338
2018-08-23,26.0,26.0,25.100000381469727,25.200000762939453,3511185
2018-08-24,25.25,25.399999618530273,24.600000381469727,24.75,3523134
2018-08-27,24.899999618530273,25.450000762939453,24.5,24.850000381469727,3724895
2018-08-28,25.0,25.799999237060547,24.649999618530273,25.100000381469727,5141417
2018-08-29,25.149999618530273,25.5,24.700000762939453,24.799999237060547,3038180
2018-08-30,24.899999618530273,26.149999618530273,24.549999237060547,25.350000381469727,6576345
2018-08-31,25.450000762939453,25.899999618530273,25.0,25.700000762939453,7205864
2018-09-03,25.899999618530273,26.399999618530273,25.450000762939453,25.600000381469727,8087226
2018-09-04,25.700000762939453,25.950000762939453,24.450000762939453,24.549999237060547,5378857
2018-09-05,24.5,24.799999237060547,24.100000381469727,24.600000381469727,5471956
2018-09-06,24.799999237060547,25.299999237060547,24.549999237060547,25.100000381469727,3723349
2018-09-07,25.149999618530273,25.200000762939453,24.649999618530273,24.850000381469727,3105279
2018-09-10,24.75,25.049999237060547,24.25,24.450000762939453,2756704
2018-09-11,24.700000762939453,24.700000762939453,23.75,23.799999237060547,2839480
2018-09-12,23.899999618530273,24.200000762939453,23.149999618530273,23.399999618530273,3812240
2018-09-14,23.649999618530273,23.950000762939453,23.200000762939453,23.350000381469727,3042951
2018-09-17,23.350000381469727,23.350000381469727,21.5,23.0,3803303
2018-09-18,23.0,23.100000381469727,22.100000381469727,22.299999237060547,2822961
2018-09-19,22.649999618530273,23.75,22.200000762939453,23.25,6205169
2018-09-21,23.75,23.950000762939453,19.549999237060547,20.75,9320523
2018-09-24,21.0,21.25,18.899999618530273,19.0,7958487
2018-09-25,19.399999618530273,20.049999237060547,18.450000762939453,19.399999618530273,7761724
2018-09-26,19.75,20.450000762939453,19.399999618530273,20.149999618530273,6182149
2018-09-27,20.200000762939453,21.850000381469727,20.200000762939453,21.399999618530273,8703671
2018-09-28,21.649999618530273,21.649999618530273,19.200000762939453,19.75,5399437
2018-10-01,19.700000762939453,20.100000381469727,18.799999237060547,19.950000762939453,4747662
2018-10-03,20.0,20.450000762939453,19.549999237060547,19.75,2985860
2018-10-04,19.399999618530273,19.700000762939453,18.899999618530273,19.049999237060547,4800968
2018-10-05,19.0,19.299999237060547,18.700000762939453,18.899999618530273,2994512
2018-10-08,19.299999237060547,19.700000762939453,18.600000381469727,19.149999618530273,4101607
2018-10-09,19.399999618530273,19.450000762939453,18.5,18.799999237060547,3196579
2018-10-10,18.950000762939453,19.799999237060547,18.850000381469727,19.649999618530273,3173715
2018-10-11,18.700000762939453,19.450000762939453,18.5,19.149999618530273,2346677
2018-10-12,19.549999237060547,21.200000762939453,19.399999618530273,20.649999618530273,6055125
2018-10-15,21.299999237060547,21.950000762939453,21.100000381469727,21.700000762939453,4559435
2018-10-16,22.0,22.450000762939453,21.600000381469727,21.850000381469727,3302446
2018-10-17,22.149999618530273,22.350000381469727,20.75,20.850000381469727,2557189
2018-10-19,20.899999618530273,21.5,20.299999237060547,21.25,3247056
2018-10-22,21.5,21.600000381469727,20.200000762939453,20.299999237060547,2162972
2018-10-23,20.350000381469727,20.649999618530273,19.600000381469727,19.700000762939453,2726612
2018-10-24,20.049999237060547,20.399999618530273,19.549999237060547,19.950000762939453,2075916
2018-10-25,19.75,19.899999618530273,19.350000381469727,19.700000762939453,2962533
2018-10-26,19.649999618530273,20.149999618530273,19.200000762939453,19.5,1933056
2018-10-29,19.649999618530273,20.5,19.549999237060547,20.350000381469727,2561689
2018-10-30,20.450000762939453,21.5,20.25,21.049999237060547,3637105
2018-10-31,21.25,21.700000762939453,20.950000762939453,21.100000381469727,3437936
2018-11-01,21.549999237060547,21.600000381469727,20.25,20.75,5563096
2018-11-02,21.0,21.149999618530273,20.450000762939453,20.600000381469727,3179436
2018-11-05,20.700000762939453,21.299999237060547,20.200000762939453,20.450000762939453,3527347
2018-11-06,20.5,20.850000381469727,20.299999237060547,20.450000762939453,1510797
2018-11-07,20.649999618530273,21.149999618530273,20.649999618530273,21.049999237060547,1125182
2018-11-09,21.25,21.700000762939453,20.75,21.25,2989546
2018-11-12,21.149999618530273,21.5,20.25,20.399999618530273,1999698
2018-11-13,20.299999237060547,20.600000381469727,20.200000762939453,20.5,1326521
2018-11-14,20.600000381469727,20.899999618530273,20.200000762939453,20.299999237060547,1519596
2018-11-15,20.299999237060547,20.399999618530273,20.0,20.149999618530273,1193136
2018-11-16,20.200000762939453,20.549999237060547,19.899999618530273,19.950000762939453,1777534
2018-11-19,20.100000381469727,20.200000762939453,19.799999237060547,19.850000381469727,1256728
2018-11-20,19.850000381469727,19.850000381469727,19.100000381469727,19.200000762939453,2572643
2018-11-21,19.299999237060547,19.700000762939453,19.100000381469727,19.350000381469727,1494844
2018-11-22,19.5,19.600000381469727,19.100000381469727,19.100000381469727,1395300
2018-11-26,19.25,19.25,18.549999237060547,19.0,1799424
2018-11-27,18.950000762939453,19.350000381469727,18.75,19.149999618530273,1254570
2018-11-28,19.299999237060547,19.399999618530273,18.75,18.899999618530273,1349267
2018-11-29,19.049999237060547,19.200000762939453,18.0,18.399999618530273,2164334
2018-11-30,18.399999618530273,18.5,18.0,18.100000381469727,1974667
2018-12-03,18.200000762939453,19.100000381469727,18.049999237060547,18.700000762939453,2093387
2018-12-04,18.850000381469727,19.200000762939453,18.5,18.600000381469727,1103129
2018-12-05,18.399999618530273,18.649999618530273,18.100000381469727,18.200000762939453,1329408
2018-12-06,18.0,18.200000762939453,17.75,17.850000381469727,1707331
2018-12-07,18.049999237060547,18.100000381469727,17.399999618530273,17.549999237060547,1325849
2018-12-10,17.0,18.649999618530273,17.0,18.399999618530273,4220570
2018-12-11,18.049999237060547,18.899999618530273,18.049999237060547,18.799999237060547,1363022
2018-12-12,18.950000762939453,19.350000381469727,18.899999618530273,19.200000762939453,1272026
2018-12-13,19.350000381469727,19.600000381469727,19.0,19.149999618530273,1582092
2018-12-14,18.899999618530273,19.700000762939453,18.75,19.200000762939453,2203300
2018-12-17,19.299999237060547,19.600000381469727,19.100000381469727,19.549999237060547,2081793
2018-12-18,19.5,21.25,19.399999618530273,21.0,6312097
2018-12-19,21.350000381469727,22.549999237060547,20.950000762939453,21.950000762939453,8087879
2018-12-20,21.75,22.299999237060547,21.5,21.600000381469727,2742925
2018-12-21,21.649999618530273,21.700000762939453,20.649999618530273,20.850000381469727,3673984
2018-12-24,21.450000762939453,21.850000381469727,21.0,21.149999618530273,3676437
2018-12-26,21.299999237060547,21.399999618530273,20.600000381469727,21.25,1987897
2018-12-27,21.399999618530273,21.450000762939453,20.899999618530273,21.049999237060547,1415485
2018-12-28,21.149999618530273,21.649999618530273,21.0,21.100000381469727,1103357
2018-12-31,21.200000762939453,21.399999618530273,20.850000381469727,21.200000762939453,945114
2019-01-01,21.299999237060547,21.649999618530273,21.049999237060547,21.299999237060547,1583059
2019-01-02,21.149999618530273,21.5,21.0,21.200000762939453,1307545
2019-01-03,21.049999237060547,21.350000381469727,20.899999618530273,21.049999237060547,1440045
2019-01-04,21.049999237060547,21.25,20.950000762939453,21.100000381469727,1075320
2019-01-07,21.200000762939453,21.600000381469727,21.200000762939453,21.299999237060547,2291919
2019-01-08,21.450000762939453,24.100000381469727,21.399999618530273,23.899999618530273,18004659
2019-01-09,24.25,24.350000381469727,22.75,23.0,7570912
2019-01-10,22.75,23.600000381469727,22.75,23.149999618530273,3792881
2019-01-11,23.799999237060547,24.950000762939453,23.700000762939453,24.700000762939453,13302049
2019-01-14,24.350000381469727,24.950000762939453,24.100000381469727,24.549999237060547,6250759
2019-01-15,24.649999618530273,25.149999618530273,24.5,24.649999618530273,3431628
2019-01-16,24.700000762939453,24.850000381469727,23.700000762939453,23.950000762939453,3381387
2019-01-17,24.0,24.5,23.5,23.600000381469727,2370154
2019-01-18,23.649999618530273,23.799999237060547,22.75,22.850000381469727,2104263
2019-01-21,22.799999237060547,23.149999618530273,22.25,22.350000381469727,2034236
2019-01-22,22.350000381469727,22.549999237060547,21.5,21.799999237060547,1942282
2019-01-23,21.950000762939453,23.0,21.850000381469727,22.450000762939453,2876326
2019-01-24,22.549999237060547,22.700000762939453,22.049999237060547,22.299999237060547,1938246
2019-01-25,22.350000381469727,22.600000381469727,21.75,21.899999618530273,2104293
2019-01-28,22.0,22.25,21.100000381469727,21.399999618530273,2321109
2019-01-29,21.25,21.899999618530273,21.100000381469727,21.25,2319942
2019-01-30,21.350000381469727,22.899999618530273,21.299999237060547,22.700000762939453,3463508
2019-01-31,23.049999237060547,23.450000762939453,22.649999618530273,22.799999237060547,2711798
2019-02-01,22.899999618530273,23.149999618530273,21.649999618530273,22.549999237060547,1386340
2019-02-04,22.5,22.799999237060547,22.100000381469727,22.299999237060547,1362469
2019-02-05,22.399999618530273,22.549999237060547,21.25,21.799999237060547,2046428
2019-02-06,21.899999618530273,21.950000762939453,21.399999618530273,21.649999618530273,1931995
2019-02-07,21.899999618530273,22.5,21.75,22.049999237060547,2369868
2019-02-08,22.0,22.700000762939453,21.850000381469727,22.200000762939453,2215597
2019-02-11,22.399999618530273,22.399999618530273,21.25,21.600000381469727,1936890
2019-02-12,21.600000381469727,21.75,21.299999237060547,21.600000381469727,1283869
2019-02-14,21.399999618530273,21.649999618530273,21.299999237060547,21.549999237060547,1677102
2019-02-15,21.5,21.799999237060547,21.25,21.549999237060547,1845960
2019-02-18,21.649999618530273,21.649999618530273,21.200000762939453,21.299999237060547,1339532
2019-02-19,21.200000762939453,21.399999618530273,21.100000381469727,21.149999618530273,660728
2019-02-20,21.25,21.399999618530273,21.0,21.200000762939453,1212379
2019-02-21,21.299999237060547,22.299999237060547,21.200000762939453,21.700000762939453,1671161
2019-02-22,21.700000762939453,22.299999237060547,21.549999237060547,21.899999618530273,1716951
2019-02-25,21.950000762939453,22.0,21.5,21.600000381469727,1066160
2019-02-26,21.149999618530273,21.399999618530273,21.100000381469727,21.25,1946267
2019-02-27,21.399999618530273,21.75,21.0,21.149999618530273,2063126
2019-02-28,21.299999237060547,21.350000381469727,20.950000762939453,21.149999618530273,1668640
2019-03-01,21.25,21.899999618530273,21.25,21.75,1228357
2019-03-05,22.0,23.25,21.899999618530273,22.799999237060547,4216778
2019-03-06,23.0,24.700000762939453,22.899999618530273,23.799999237060547,7313690
2019-03-07,24.100000381469727,24.600000381469727,23.450000762939453,23.600000381469727,4909199
2019-03-08,23.700000762939453,23.850000381469727,22.950000762939453,23.100000381469727,2350581
2019-03-11,23.25,24.200000762939453,23.200000762939453,23.950000762939453,4072387
2019-03-12,24.200000762939453,25.25,24.0,24.5,6198522
2019-03-13,24.700000762939453,25.299999237060547,24.399999618530273,24.5,4092764
2019-03-14,24.75,24.75,23.600000381469727,23.700000762939453,2220169
2019-03-15,23.799999237060547,24.200000762939453,22.450000762939453,22.75,3973913
2019-03-18,22.75,22.950000762939453,21.950000762939453,22.200000762939453,2455204
2019-03-19,22.049999237060547,22.600000381469727,22.0,22.149999618530273,2581069
2019-03-20,22.25,22.5,22.100000381469727,22.25,1573318
2019-03-22,22.299999237060547,22.899999618530273,22.049999237060547,22.200000762939453,2343224
2019-03-25,22.100000381469727,22.200000762939453,21.649999618530273,21.799999237060547,1239117
2019-03-26,21.700000762939453,22.25,21.649999618530273,22.100000381469727,1919974
2019-03-27,22.25,23.25,21.700000762939453,22.950000762939453,8099498
2019-03-28,23.25,23.549999237060547,22.850000381469727,22.950000762939453,2897540
2019-04-01,22.700000762939453,23.75,22.700000762939453,23.5,4014161
2019-04-02,23.649999618530273,24.149999618530273,23.149999618530273,23.450000762939453,4060742
2019-04-03,23.5,23.600000381469727,22.149999618530273,22.5,3897223
2019-04-04,22.5,22.549999237060547,21.899999618530273,22.200000762939453,2160409
2019-04-05,22.350000381469727,22.5,22.049999237060547,22.149999618530273,1699097
2019-04-08,22.25,22.350000381469727,21.850000381469727,22.0,1408198
2019-04-09,22.049999237060547,22.350000381469727,21.799999237060547,22.100000381469727,1792554
2019-04-10,21.899999618530273,23.0,21.899999618530273,22.75,4628816
2019-04-11,22.850000381469727,23.299999237060547,22.649999618530273,23.100000381469727,3092378
2019-04-12,23.100000381469727,24.100000381469727,23.100000381469727,23.899999618530273,7340110
2019-04-15,24.100000381469727,24.399999618530273,23.399999618530273,23.600000381469727,4049518
2019-04-16,23.450000762939453,23.75,23.299999237060547,23.399999618530273,1600810
2019-04-18,23.600000381469727,23.75,22.649999618530273,22.700000762939453,2110483
2019-04-22,22.5,22.899999618530273,22.25,22.700000762939453,1347850
2019-04-23,22.850000381469727,23.200000762939453,22.399999618530273,22.600000381469727,1198964
2019-04-24,22.649999618530273,22.799999237060547,22.25,22.350000381469727,1077096
2019-04-25,22.399999618530273,22.799999237060547,22.149999618530273,22.350000381469727,1577039
2019-04-26,22.350000381469727,22.700000762939453,22.100000381469727,22.25,3071865
2019-04-30,22.350000381469727,22.649999618530273,22.049999237060547,22.149999618530273,1713659
2019-05-02,22.0,22.649999618530273,21.899999618530273,22.5,1960081
2019-05-03,22.5,22.75,22.399999618530273,22.600000381469727,1085659
2019-05-06,21.850000381469727,22.549999237060547,21.850000381469727,22.350000381469727,630047
2019-05-07,22.549999237060547,22.700000762939453,22.200000762939453,22.299999237060547,1182576
2019-05-08,22.299999237060547,22.350000381469727,21.399999618530273,21.950000762939453,2990336
2019-05-09,22.0,22.299999237060547,21.75,21.850000381469727,1481183
2019-05-10,21.799999237060547,22.149999618530273,21.649999618530273,21.799999237060547,977721
2019-05-13,21.799999237060547,22.100000381469727,21.399999618530273,21.649999618530273,1737788
2019-05-14,21.399999618530273,21.799999237060547,21.149999618530273,21.399999618530273,1778046
2019-05-15,21.450000762939453,21.899999618530273,20.850000381469727,21.049999237060547,1918077
2019-05-16,21.0,21.0,19.700000762939453,20.25,5819950
2019-05-17,20.399999618530273,20.549999237060547,20.149999618530273,20.299999237060547,1827828
2019-05-20,21.0,21.450000762939453,20.600000381469727,21.299999237060547,2157074
2019-05-21,21.700000762939453,22.0,20.649999618530273,20.700000762939453,2162603
2019-05-22,20.649999618530273,21.049999237060547,20.350000381469727,20.549999237060547,1447807
2019-05-23,20.850000381469727,21.399999618530273,20.5,20.549999237060547,1269519
2019-05-24,20.649999618530273,21.100000381469727,20.549999237060547,20.950000762939453,1503963
2019-05-27,20.950000762939453,22.049999237060547,20.600000381469727,21.549999237060547,3849944
2019-05-28,21.700000762939453,22.450000762939453,21.600000381469727,22.299999237060547,3543345
2019-05-29,22.0,22.350000381469727,21.5,21.600000381469727,1632246
2019-05-30,21.600000381469727,22.0,21.5,21.600000381469727,1554501
2019-05-31,21.75,21.75,20.950000762939453,21.149999618530273,3588619
2019-06-03,21.149999618530273,22.100000381469727,20.899999618530273,22.0,2377581
2019-06-04,21.850000381469727,22.350000381469727,21.25,21.350000381469727,4278032
2019-06-06,21.25,21.450000762939453,20.799999237060547,21.100000381469727,4007134
2019-06-07,21.100000381469727,21.350000381469727,20.899999618530273,21.25,1287629
2019-06-10,21.350000381469727,21.399999618530273,21.0,21.149999618530273,1423033
2019-06-11,21.049999237060547,21.149999618530273,20.799999237060547,21.049999237060547,2092531
2019-06-12,20.950000762939453,21.100000381469727,20.799999237060547,21.0,1482336
2019-06-13,21.049999237060547,21.25,20.799999237060547,21.049999237060547,1502079
2019-06-14,21.0,21.100000381469727,20.399999618530273,20.600000381469727,2919542
2019-06-17,20.700000762939453,20.799999237060547,20.399999618530273,20.399999618530273,3688880
2019-06-18,20.399999618530273,20.600000381469727,20.25,20.299999237060547,665258
2019-06-19,20.399999618530273,20.649999618530273,19.649999618530273,20.100000381469727,2203711
2019-06-20,20.049999237060547,20.600000381469727,20.049999237060547,20.25,1090868
2019-06-21,20.299999237060547,20.450000762939453,19.75,19.75,2285799
2019-06-24,19.799999237060547,20.049999237060547,19.5,19.649999618530273,1128978
2019-06-25,19.549999237060547,20.0,19.450000762939453,19.850000381469727,845706
2019-06-26,19.899999618530273,20.299999237060547,19.700000762939453,19.799999237060547,1089995
2019-06-27,19.899999618530273,20.049999237060547,19.649999618530273,19.649999618530273,671104
2019-06-28,19.799999237060547,19.799999237060547,19.450000762939453,19.5,1130383
2019-07-01,19.75,19.850000381469727,19.399999618530273,19.450000762939453,639752
2019-07-02,19.399999618530273,19.799999237060547,19.399999618530273,19.75,1259598
2019-07-03,19.600000381469727,19.850000381469727,19.549999237060547,19.600000381469727,737594
2019-07-04,19.600000381469727,19.600000381469727,19.149999618530273,19.299999237060547,1444679
2019-07-05,19.25,20.100000381469727,19.200000762939453,19.799999237060547,2028204
2019-07-08,19.549999237060547,20.25,19.450000762939453,19.5,2509122
2019-07-09,19.5,19.899999618530273,19.350000381469727,19.850000381469727,1203592
2019-07-10,20.0,20.399999618530273,19.75,20.149999618530273,1584079
2019-07-11,21.950000762939453,22.25,21.25,21.450000762939453,7297690
2019-07-12,21.600000381469727,22.299999237060547,21.399999618530273,21.600000381469727,4667248
2019-07-15,21.799999237060547,21.899999618530273,20.899999618530273,21.049999237060547,1423138
2019-07-16,20.950000762939453,21.200000762939453,20.549999237060547,20.649999618530273,1356669
2019-07-17,20.649999618530273,20.850000381469727,20.399999618530273,20.5,923943
2019-07-18,20.549999237060547,20.649999618530273,20.0,20.049999237060547,1357580
2019-07-19,20.200000762939453,20.5,19.850000381469727,20.049999237060547,1626830
2019-07-22,20.049999237060547,20.100000381469727,19.799999237060547,19.850000381469727,913473
2019-07-23,19.950000762939453,19.950000762939453,19.5,19.549999237060547,852030
2019-07-24,19.549999237060547,19.75,19.200000762939453,19.25,1546132
2019-07-25,19.25,19.450000762939453,19.100000381469727,19.299999237060547,694940
2019-07-26,19.299999237060547,19.399999618530273,19.149999618530273,19.350000381469727,704866
2019-07-29,19.399999618530273,19.899999618530273,19.25,19.549999237060547,1373224
2019-07-30,19.600000381469727,19.700000762939453,18.799999237060547,18.899999618530273,1955272
2019-07-31,18.700000762939453,19.75,18.649999618530273,19.549999237060547,5552362
2019-08-01,19.399999618530273,19.75,19.0,19.149999618530273,905756
2019-08-02,18.950000762939453,19.200000762939453,18.850000381469727,19.0,1169354
2019-08-05,18.75,19.0,18.600000381469727,18.700000762939453,2825103
2019-08-06,18.600000381469727,19.200000762939453,18.600000381469727,19.0,730075
2019-08-07,19.0,19.25,18.700000762939453,18.75,1484375
2019-08-08,18.899999618530273,18.950000762939453,18.75,18.899999618530273,560901
2019-08-09,19.0,19.149999618530273,18.75,18.850000381469727,787180
2019-08-13,18.899999618530273,19.700000762939453,18.75,18.75,2317138
2019-08-14,18.850000381469727,19.350000381469727,18.700000762939453,18.75,1823310
2019-08-16,18.75,19.049999237060547,18.700000762939453,18.799999237060547,1320086
2019-08-19,18.899999618530273,19.149999618530273,18.649999618530273,18.850000381469727,1031116
2019-08-20,20.0,20.5,19.700000762939453,19.799999237060547,6078930
2019-08-21,19.850000381469727,20.25,19.350000381469727,19.5,2320858
2019-08-22,19.600000381469727,19.600000381469727,18.649999618530273,18.700000762939453,1414295
2019-08-23,18.649999618530273,18.950000762939453,18.399999618530273,18.850000381469727,1278447
2019-08-26,19.049999237060547,19.350000381469727,18.799999237060547,19.25,1595815
2019-08-27,19.299999237060547,19.75,18.75,19.0,2430454
2019-08-28,19.0,19.200000762939453,18.700000762939453,18.700000762939453,1117559
2019-08-29,18.700000762939453,18.850000381469727,18.649999618530273,18.700000762939453,974588
2019-08-30,18.799999237060547,19.049999237060547,18.700000762939453,18.799999237060547,986776
2019-09-03,18.700000762939453,18.899999618530273,18.5,18.549999237060547,1145514
2019-09-04,18.549999237060547,18.600000381469727,18.399999618530273,18.450000762939453,760549
2019-09-05,18.549999237060547,18.600000381469727,18.399999618530273,18.450000762939453,723356
2019-09-06,18.5,19.149999618530273,18.450000762939453,18.950000762939453,2905018
2019-09-09,18.950000762939453,19.350000381469727,18.850000381469727,19.100000381469727,827878
2019-09-11,19.049999237060547,19.899999618530273,19.049999237060547,19.700000762939453,1872639
2019-09-12,19.850000381469727,20.149999618530273,19.700000762939453,19.850000381469727,2009232
2019-09-13,19.899999618530273,19.899999618530273,19.5,19.600000381469727,792564
2019-09-16,19.5,20.149999618530273,19.399999618530273,19.950000762939453,1458122
2019-09-17,20.0,20.299999237060547,19.200000762939453,19.299999237060547,2982995
2019-09-18,19.399999618530273,19.75,19.100000381469727,19.200000762939453,1126209
2019-09-19,19.25,19.299999237060547,18.5,18.600000381469727,1148620
2019-09-20,18.75,19.649999618530273,18.549999237060547,19.149999618530273,2927015
2019-09-23,19.5,19.649999618530273,19.100000381469727,19.25,1817643
2019-09-24,19.299999237060547,19.600000381469727,19.049999237060547,19.100000381469727,1110074
2019-09-25,19.100000381469727,19.100000381469727,18.700000762939453,18.850000381469727,811296
2019-09-26,18.850000381469727,19.049999237060547,18.600000381469727,18.649999618530273,1117905
2019-09-27,18.950000762939453,18.950000762939453,18.700000762939453,18.799999237060547,813536
2019-09-30,18.899999618530273,19.0,17.799999237060547,18.0,2136311
2019-10-01,18.100000381469727,18.200000762939453,17.100000381469727,17.5,1999251
2019-10-03,17.700000762939453,18.100000381469727,17.399999618530273,17.850000381469727,1345827
2019-10-04,17.700000762939453,18.0,17.399999618530273,17.5,765835
2019-10-07,17.549999237060547,17.700000762939453,17.399999618530273,17.549999237060547,626437
2019-10-09,17.600000381469727,17.799999237060547,17.149999618530273,17.600000381469727,1268691
2019-10-10,17.5,17.700000762939453,16.799999237060547,16.899999618530273,2006106
2019-10-11,17.0,17.350000381469727,16.899999618530273,17.049999237060547,1850894
2019-10-14,17.200000762939453,17.600000381469727,17.049999237060547,17.350000381469727,1355749
2019-10-15,17.299999237060547,17.75,17.299999237060547,17.649999618530273,1120779
2019-10-16,17.549999237060547,18.0,17.100000381469727,17.700000762939453,1781271
2019-10-17,18.0,18.0,17.350000381469727,17.75,1190667
2019-10-18,17.700000762939453,19.0,17.600000381469727,18.75,2121700
2019-10-22,19.350000381469727,19.350000381469727,17.049999237060547,17.350000381469727,3030770
2019-10-23,17.399999618530273,17.600000381469727,16.950000762939453,17.049999237060547,1724298
2019-10-24,17.200000762939453,17.350000381469727,16.950000762939453,17.0,1097181
2019-10-25,17.0,17.200000762939453,16.950000762939453,17.0,1273870
2019-10-27,17.100000381469727,17.25,17.100000381469727,17.200000762939453,255665
2019-10-29,17.299999237060547,17.299999237060547,17.049999237060547,17.149999618530273,737753
2019-10-30,17.25,18.0,17.100000381469727,17.5,1524750
2019-10-31,17.600000381469727,18.200000762939453,17.5,17.75,1722642
2019-11-01,17.799999237060547,18.200000762939453,17.600000381469727,17.799999237060547,1281602
2019-11-04,17.850000381469727,17.950000762939453,17.549999237060547,17.75,1225909
2019-11-05,17.850000381469727,17.850000381469727,17.25,17.350000381469727,2753815
2019-11-06,17.399999618530273,17.5,17.149999618530273,17.25,771526
2019-11-07,17.200000762939453,17.299999237060547,17.049999237060547,17.100000381469727,713575
2019-11-08,17.100000381469727,17.149999618530273,16.950000762939453,17.0,1232679
2019-11-11,17.0,17.25,17.0,17.0,844006
2019-11-13,17.0,18.100000381469727,16.950000762939453,17.549999237060547,5856989
2019-11-14,17.399999618530273,18.0,17.200000762939453,17.75,2882000
2019-11-15,17.649999618530273,17.850000381469727,17.200000762939453,17.299999237060547,1277054
2019-11-18,17.200000762939453,17.649999618530273,17.049999237060547,17.100000381469727,1610935
2019-11-19,17.100000381469727,17.5,17.049999237060547,17.149999618530273,1321067
2019-11-20,17.200000762939453,17.700000762939453,17.149999618530273,17.299999237060547,2426270
2019-11-21,17.350000381469727,17.399999618530273,17.100000381469727,17.200000762939453,1170982
2019-11-22,17.25,17.5,17.049999237060547,17.350000381469727,2308310
2019-11-25,17.299999237060547,17.299999237060547,17.149999618530273,17.200000762939453,737914
2019-11-26,17.25,17.350000381469727,17.0,17.149999618530273,1529041
2019-11-27,17.149999618530273,17.25,17.049999237060547,17.100000381469727,591199
2019-11-28,17.100000381469727,17.200000762939453,17.049999237060547,17.100000381469727,794596
2019-11-29,17.100000381469727,17.5,17.049999237060547,17.100000381469727,1610676
2019-12-02,17.200000762939453,20.049999237060547,17.149999618530273,19.700000762939453,16552266
2019-12-03,19.450000762939453,19.549999237060547,17.649999618530273,17.899999618530273,4612188
2019-12-04,17.600000381469727,19.5,17.5,19.049999237060547,4558986
2019-12-05,18.799999237060547,19.649999618530273,18.600000381469727,18.700000762939453,2364080
2019-12-06,18.799999237060547,18.950000762939453,17.75,17.899999618530273,1370874
2019-12-09,18.0,18.200000762939453,17.399999618530273,17.5,1331138
2019-12-10,17.450000762939453,17.649999618530273,17.049999237060547,17.100000381469727,1384470
2019-12-11,17.200000762939453,17.5,16.799999237060547,17.350000381469727,3577416
2019-12-12,17.299999237060547,17.600000381469727,17.049999237060547,17.100000381469727,2453713
2019-12-13,17.25,17.399999618530273,17.100000381469727,17.200000762939453,1399970
2019-12-16,17.25,17.549999237060547,17.100000381469727,17.100000381469727,2854584
2019-12-17,17.200000762939453,17.299999237060547,17.100000381469727,17.149999618530273,2160611
2019-12-18,17.25,17.549999237060547,17.049999237060547,17.149999618530273,2558183
2019-12-19,17.25,17.5,17.149999618530273,17.149999618530273,1959449
2019-12-20,17.25,17.350000381469727,17.100000381469727,17.149999618530273,1627967
2019-12-23,17.149999618530273,17.25,17.049999237060547,17.049999237060547,1881150
2019-12-24,17.149999618530273,17.200000762939453,17.0,17.049999237060547,884671
2019-12-26,17.100000381469727,17.799999237060547,16.950000762939453,17.399999618530273,3759507
2019-12-27,17.350000381469727,17.850000381469727,17.299999237060547,17.600000381469727,2331597
2019-12-30,17.600000381469727,18.399999618530273,17.5,17.700000762939453,3652485
2019-12-31,17.700000762939453,18.0,17.450000762939453,17.549999237060547,1178829
2020-01-01,17.649999618530273,17.950000762939453,17.399999618530273,17.450000762939453,915041
2020-01-02,17.549999237060547,18.100000381469727,17.450000762939453,17.899999618530273,2380198
2020-01-03,17.850000381469727,18.299999237060547,17.700000762939453,17.75,2882181
2020-01-06,17.549999237060547,17.600000381469727,17.200000762939453,17.25,1328713
2020-01-07,17.450000762939453,17.600000381469727,17.25,17.299999237060547,936052
2020-01-08,17.149999618530273,17.5,17.049999237060547,17.350000381469727,1486712
2020-01-09,17.549999237060547,17.799999237060547,17.5,17.549999237060547,2289944
2020-01-10,17.649999618530273,18.149999618530273,17.5,17.600000381469727,2454042
2020-01-13,17.649999618530273,17.950000762939453,17.549999237060547,17.600000381469727,880190
2020-01-14,17.649999618530273,17.850000381469727,17.600000381469727,17.700000762939453,1264397
2020-01-15,17.700000762939453,18.399999618530273,17.649999618530273,18.0,4649548
2020-01-16,18.100000381469727,18.450000762939453,17.649999618530273,17.75,3000428
2020-01-17,17.549999237060547,17.850000381469727,17.200000762939453,17.25,2513623
2020-01-20,17.350000381469727,17.600000381469727,17.25,17.299999237060547,1724716
2020-01-21,17.049999237060547,17.25,16.799999237060547,17.0,3131072
2020-01-22,17.100000381469727,17.149999618530273,16.950000762939453,17.049999237060547,1192404
2020-01-23,17.100000381469727,17.299999237060547,17.049999237060547,17.149999618530273,976390
2020-01-24,17.149999618530273,17.299999237060547,17.049999237060547,17.049999237060547,1219319
2020-01-27,16.950000762939453,17.149999618530273,16.899999618530273,17.0,1278844
2020-01-28,17.0,17.200000762939453,16.850000381469727,16.899999618530273,1482312
2020-01-29,17.049999237060547,17.200000762939453,16.899999618530273,16.950000762939453,848396
2020-01-30,16.950000762939453,17.100000381469727,16.899999618530273,17.0,1535307
2020-01-31,17.0,17.149999618530273,16.899999618530273,16.950000762939453,1018579
2020-02-03,16.799999237060547,17.0,16.600000381469727,16.850000381469727,1381098
2020-02-04,16.799999237060547,16.899999618530273,16.200000762939453,16.5,5566389
2020-02-05,16.5,17.149999618530273,16.5,16.899999618530273,1391746
2020-02-06,16.950000762939453,17.149999618530273,16.899999618530273,16.899999618530273,810517
2020-02-07,17.0,17.0,16.700000762939453,16.899999618530273,1988107
2020-02-10,16.950000762939453,17.0,16.649999618530273,16.899999618530273,1660723
2020-02-11,16.899999618530273,16.950000762939453,16.850000381469727,16.899999618530273,1057566
2020-02-12,16.899999618530273,17.149999618530273,16.75,16.850000381469727,4932476
2020-02-13,16.899999618530273,16.950000762939453,16.850000381469727,16.899999618530273,1079973
2020-02-14,16.850000381469727,16.950000762939453,16.799999237060547,16.899999618530273,1152279
2020-02-17,16.899999618530273,16.950000762939453,16.850000381469727,16.899999618530273,1029754
2020-02-18,16.899999618530273,17.149999618530273,16.75,16.899999618530273,1037202
2020-02-19,16.899999618530273,17.0,16.899999618530273,16.950000762939453,607776
2020-02-20,16.950000762939453,17.5,16.899999618530273,17.0,2103562
2020-02-24,16.950000762939453,16.950000762939453,16.850000381469727,16.899999618530273,1943738
2020-02-25,17.0,17.049999237060547,16.799999237060547,16.899999618530273,708598
2020-02-26,16.799999237060547,16.850000381469727,16.399999618530273,16.5,752063
2020-02-27,16.649999618530273,16.649999618530273,16.0,16.049999237060547,1268641
2020-02-28,15.5,15.5,14.100000381469727,14.550000190734863,2692491
2020-03-02,14.75,14.949999809265137,12.75,13.0,2323622
2020-03-03,12.800000190734863,13.199999809265137,11.800000190734863,12.649999618530273,3145635
2020-03-04,13.100000381469727,13.5,12.449999809265137,12.75,1600567
2020-03-05,12.800000190734863,13.100000381469727,12.649999618530273,12.850000381469727,1165490
2020-03-06,12.199999809265137,12.25,11.5,11.600000381469727,1399144
2020-03-09,10.600000381469727,11.25,10.300000190734863,10.850000381469727,3618015
2020-03-11,10.850000381469727,11.600000381469727,10.75,11.350000381469727,3977720
2020-03-12,10.0,11.199999809265137,9.699999809265137,9.850000381469727,2982597
2020-03-13,9.149999618530273,10.949999809265137,8.550000190734863,10.649999618530273,3172009
2020-03-16,10.649999618530273,10.649999618530273,9.899999618530273,10.149999618530273,3557802
2020-03-17,10.399999618530273,10.600000381469727,9.949999809265137,10.350000381469727,1378078
2020-03-18,10.399999618530273,10.449999809265137,8.949999809265137,9.050000190734863,4936352
2020-03-19,8.899999618530273,9.449999809265137,8.449999809265137,9.0,2777409
2020-03-20,8.899999618530273,9.600000381469727,8.899999618530273,9.399999618530273,2900377
2020-03-23,8.649999618530273,8.949999809265137,8.5,8.550000190734863,3625734
2020-03-24,8.949999809265137,8.949999809265137,8.100000381469727,8.75,2786311
2020-03-25,8.550000190734863,9.199999809265137,8.5,9.050000190734863,1247773
2020-03-26,9.25,9.449999809265137,8.949999809265137,9.300000190734863,1935444
2020-03-27,9.350000381469727,9.899999618530273,8.949999809265137,9.050000190734863,2366106
2020-03-30,9.0,9.149999618530273,8.600000381469727,9.100000381469727,1695541
2020-03-31,9.149999618530273,9.300000190734863,8.800000190734863,9.050000190734863,3650245
2020-04-01,9.0,9.050000190734863,8.699999809265137,8.850000381469727,2105292
2020-04-03,8.949999809265137,9.0,8.649999618530273,8.75,995524
2020-04-07,9.149999618530273,9.449999809265137,8.899999618530273,9.300000190734863,1021941
2020-04-08,9.199999809265137,9.699999809265137,9.149999618530273,9.550000190734863,1853418
2020-04-09,9.649999618530273,10.350000381469727,9.649999618530273,10.149999618530273,2430938
2020-04-13,10.75,11.149999618530273,10.199999809265137,11.149999618530273,1773862
2020-04-15,12.100000381469727,12.199999809265137,11.25,11.350000381469727,2102867
2020-04-16,11.399999618530273,11.449999809265137,11.050000190734863,11.300000190734863,909483
2020-04-17,11.550000190734863,11.800000190734863,11.100000381469727,11.199999809265137,1806930
2020-04-20,11.350000381469727,11.350000381469727,10.100000381469727,10.949999809265137,1336893
2020-04-21,10.649999618530273,10.75,10.100000381469727,10.199999809265137,878847
2020-04-22,10.25,11.199999809265137,10.199999809265137,11.199999809265137,1151112
2020-04-23,11.5,12.300000190734863,11.300000190734863,12.300000190734863,2795835
2020-04-24,12.699999809265137,12.75,11.5,11.699999809265137,2579918
2020-04-27,11.75,11.949999809265137,11.100000381469727,11.149999618530273,1865337
2020-04-28,11.350000381469727,11.350000381469727,10.699999809265137,10.899999618530273,2827335
2020-04-29,10.899999618530273,11.449999809265137,10.899999618530273,11.0,1250261
2020-04-30,11.149999618530273,11.350000381469727,10.75,10.850000381469727,1653441
2020-05-04,10.699999809265137,10.850000381469727,10.449999809265137,10.550000190734863,848528
2020-05-05,10.600000381469727,10.800000190734863,10.5,10.550000190734863,812694
2020-05-06,11.0,11.0,10.25,10.399999618530273,758654
2020-05-07,10.300000190734863,10.5,10.149999618530273,10.25,946751
2020-05-08,10.399999618530273,10.399999618530273,10.100000381469727,10.149999618530273,727426
2020-05-11,10.300000190734863,10.550000190734863,10.149999618530273,10.25,930152
2020-05-12,10.25,10.25,9.949999809265137,10.050000190734863,727030
2020-05-13,10.399999618530273,10.649999618530273,10.300000190734863,10.5,1504517
2020-05-14,10.5,10.649999618530273,10.300000190734863,10.449999809265137,678518
2020-05-15,10.449999809265137,10.5,10.199999809265137,10.350000381469727,690609
2020-05-18,10.300000190734863,10.350000381469727,9.550000190734863,9.649999618530273,1885791
2020-05-19,9.800000190734863,9.850000381469727,9.0,9.149999618530273,4072959
2020-05-20,9.050000190734863,9.399999618530273,8.899999618530273,9.100000381469727,2464153
2020-05-21,9.100000381469727,9.350000381469727,8.899999618530273,8.949999809265137,1116840
2020-05-22,8.949999809265137,9.100000381469727,8.75,8.800000190734863,2472343
2020-05-26,9.100000381469727,9.25,8.699999809265137,8.800000190734863,2534247
2020-05-27,8.949999809265137,8.949999809265137,8.699999809265137,8.800000190734863,1184275
2020-05-28,8.850000381469727,9.649999618530273,8.800000190734863,9.25,6485989
2020-05-29,9.25,10.149999618530273,9.100000381469727,9.5,7344419
2020-06-01,9.699999809265137,10.300000190734863,9.699999809265137,10.050000190734863,4460764
2020-06-02,10.100000381469727,10.800000190734863,10.100000381469727,10.600000381469727,3718252
2020-06-03,10.899999618530273,11.600000381469727,10.75,11.199999809265137,8534820
2020-06-04,11.300000190734863,11.399999618530273,10.75,11.100000381469727,4154214
2020-06-05,11.350000381469727,12.199999809265137,11.25,12.199999809265137,8685358
2020-06-08,12.800000190734863,12.800000190734863,12.800000190734863,12.800000190734863,2606216
2020-06-09,13.399999618530273,13.399999618530273,13.399999618530273,13.399999618530273,1340835
2020-06-10,14.050000190734863,14.050000190734863,14.050000190734863,14.050000190734863,726419
2020-06-11,14.75,14.75,13.350000381469727,13.350000381469727,15337092
2020-06-12,12.699999809265137,13.350000381469727,12.699999809265137,12.800000190734863,6075974
2020-06-15,12.949999809265137,13.25,12.199999809265137,12.899999618530273,5565486
2020-06-16,13.050000190734863,13.199999809265137,12.300000190734863,12.300000190734863,2242886
2020-06-17,12.25,12.350000381469727,11.699999809265137,11.800000190734863,2116410
2020-06-18,12.350000381469727,12.350000381469727,12.100000381469727,12.350000381469727,1697580
2020-06-19,12.949999809265137,12.949999809265137,12.5,12.949999809265137,3833605
2020-06-22,13.300000190734863,13.550000190734863,12.899999618530273,13.149999618530273,7168018
2020-06-23,13.350000381469727,13.800000190734863,12.800000190734863,13.800000190734863,3833596
2020-06-24,14.25,14.449999809265137,13.5,13.949999809265137,8063882
2020-06-25,13.899999618530273,14.600000381469727,13.550000190734863,14.550000190734863,8070570
2020-06-26,14.850000381469727,15.25,14.699999809265137,15.25,12283886
2020-06-29,15.600000381469727,16.0,14.800000190734863,16.0,13061050
2020-06-30,16.600000381469727,16.799999237060547,15.550000190734863,15.899999618530273,26972647
2020-07-01,16.0,16.5,15.149999618530273,15.949999809265137,12395701
2020-07-02,16.25,16.299999237060547,15.649999618530273,15.899999618530273,4765238
2020-07-03,16.100000381469727,16.25,15.25,15.350000381469727,4869326
2020-07-06,15.5,15.800000190734863,14.850000381469727,15.100000381469727,5418489
2020-07-07,15.149999618530273,15.199999809265137,14.350000381469727,14.399999618530273,4445818
2020-07-08,14.050000190734863,14.800000190734863,14.050000190734863,14.25,3383507
2020-07-09,14.300000190734863,14.449999809265137,14.050000190734863,14.100000381469727,2012428
2020-07-10,13.649999618530273,14.199999809265137,13.649999618530273,13.850000381469727,2289999
2020-07-13,14.0,14.25,13.350000381469727,13.5,2183320
2020-07-14,13.449999809265137,13.449999809265137,12.850000381469727,12.850000381469727,1808794
2020-07-15,12.899999618530273,13.449999809265137,12.75,13.100000381469727,3006839
2020-07-16,13.0,13.300000190734863,12.449999809265137,12.550000190734863,2907875
2020-07-17,12.550000190734863,12.949999809265137,12.449999809265137,12.800000190734863,1514718
2020-07-20,12.949999809265137,13.0,12.550000190734863,12.649999618530273,1393391
2020-07-21,12.800000190734863,12.899999618530273,12.449999809265137,12.5,1288732
2020-07-22,12.600000381469727,13.100000381469727,12.5,12.899999618530273,2340453
2020-07-23,12.75,13.050000190734863,12.649999618530273,12.75,1263583
2020-07-24,12.699999809265137,12.800000190734863,12.199999809265137,12.399999618530273,2001142
2020-07-27,12.399999618530273,12.449999809265137,11.800000190734863,11.850000381469727,2160368
2020-07-28,11.800000190734863,11.899999618530273,11.300000190734863,11.350000381469727,3112884
2020-07-29,11.350000381469727,11.899999618530273,11.300000190734863,11.899999618530273,2461790
2020-07-30,11.899999618530273,12.449999809265137,11.800000190734863,12.449999809265137,1912952
2020-07-31,13.050000190734863,13.050000190734863,12.399999618530273,12.5,4326983
2020-08-03,12.050000190734863,12.699999809265137,12.050000190734863,12.25,1977853
2020-08-04,12.25,12.850000381469727,12.149999618530273,12.850000381469727,3046078
2020-08-05,13.100000381469727,13.449999809265137,12.800000190734863,13.449999809265137,4010664
2020-08-06,13.399999618530273,14.100000381469727,13.199999809265137,14.100000381469727,2928190
2020-08-07,14.399999618530273,15.300000190734863,14.100000381469727,14.300000190734863,8678106
2020-08-10,14.399999618530273,17.149999618530273,14.399999618530273,17.100000381469727,19945563
2020-08-11,17.399999618530273,17.5,16.200000762939453,16.549999237060547,13922729
2020-08-12,16.700000762939453,17.299999237060547,16.200000762939453,16.850000381469727,7583858
2020-08-13,17.049999237060547,17.049999237060547,15.800000190734863,16.0,3830902
2020-08-14,16.200000762939453,16.25,15.100000381469727,15.399999618530273,2718978
2020-08-17,16.799999237060547,16.899999618530273,16.25,16.5,5242756
2020-08-18,16.5,16.700000762939453,15.649999618530273,16.0,3256255
2020-08-19,16.350000381469727,16.350000381469727,15.800000190734863,15.899999618530273,2475980
2020-08-20,15.600000381469727,16.5,15.550000190734863,16.049999237060547,3567859
2020-08-21,16.0,18.399999618530273,15.949999809265137,17.25,17740201
2020-08-24,17.5,18.700000762939453,17.299999237060547,17.850000381469727,9600509
2020-08-25,18.100000381469727,18.25,17.100000381469727,17.299999237060547,9711998
2020-08-26,17.450000762939453,17.5,16.899999618530273,16.950000762939453,2773114
2020-08-27,17.100000381469727,17.200000762939453,16.649999618530273,17.049999237060547,2797478
2020-08-28,17.200000762939453,17.200000762939453,16.450000762939453,16.549999237060547,2902738
2020-08-31,16.649999618530273,16.700000762939453,15.25,15.399999618530273,4038807
2020-09-01,15.600000381469727,15.600000381469727,14.5,15.399999618530273,2691154
2020-09-02,15.75,15.75,15.050000190734863,15.350000381469727,1954181
2020-09-03,15.550000190734863,18.299999237060547,15.199999809265137,17.299999237060547,6608529
2020-09-04,16.700000762939453,17.899999618530273,16.399999618530273,16.450000762939453,8273181
2020-09-07,16.600000381469727,17.25,16.100000381469727,16.899999618530273,5213253
2020-09-08,16.850000381469727,17.200000762939453,16.25,16.600000381469727,5015431
2020-09-09,16.399999618530273,16.399999618530273,15.649999618530273,16.100000381469727,2502698
2020-09-10,16.299999237060547,16.549999237060547,15.899999618530273,15.949999809265137,1743665
2020-09-11,16.0,16.200000762939453,15.75,15.899999618530273,1362866
2020-09-14,16.100000381469727,16.950000762939453,15.949999809265137,16.200000762939453,3582642
2020-09-15,16.350000381469727,16.549999237060547,15.699999809265137,15.699999809265137,3555263
2020-09-16,15.899999618530273,16.149999618530273,15.600000381469727,15.75,1863057
2020-09-17,15.75,15.75,15.300000190734863,15.399999618530273,1951468
2020-09-18,15.649999618530273,15.649999618530273,14.399999618530273,14.600000381469727,4081618
2020-09-21,14.699999809265137,15.300000190734863,14.0,14.100000381469727,5624079
2020-09-22,14.399999618530273,15.25,13.699999809265137,14.899999618530273,6313694
2020-09-23,15.300000190734863,15.449999809265137,14.300000190734863,14.850000381469727,5075901
2020-09-24,14.350000381469727,14.800000190734863,14.199999809265137,14.350000381469727,3294212
2020-09-25,14.600000381469727,14.949999809265137,14.600000381469727,14.850000381469727,3349229
2020-09-28,15.350000381469727,15.949999809265137,15.199999809265137,15.600000381469727,5663908
2020-09-29,15.850000381469727,16.75,15.699999809265137,16.450000762939453,11131686
2020-09-30,16.75,16.75,15.699999809265137,15.850000381469727,2273468
2020-10-01,16.049999237060547,16.25,15.699999809265137,15.800000190734863,1318980
2020-10-05,16.0,17.700000762939453,15.949999809265137,17.5,12110011
2020-10-06,17.649999618530273,17.75,17.100000381469727,17.399999618530273,5014774
2020-10-07,17.25,17.950000762939453,16.350000381469727,16.600000381469727,8516783
2020-10-08,16.5,16.700000762939453,16.100000381469727,16.350000381469727,1650933
2020-10-09,16.399999618530273,17.049999237060547,16.350000381469727,16.75,2276112
2020-10-12,17.100000381469727,17.149999618530273,16.100000381469727,16.200000762939453,2013854
2020-10-13,16.049999237060547,16.450000762939453,16.049999237060547,16.25,3474021
2020-10-14,16.299999237060547,16.450000762939453,16.149999618530273,16.25,4178448
2020-10-15,16.5,17.100000381469727,16.0,16.100000381469727,6624666
2020-10-16,16.25,16.850000381469727,16.25,16.75,6553262
2020-10-19,17.0,17.450000762939453,16.950000762939453,17.0,6844985
2020-10-20,17.100000381469727,17.25,16.600000381469727,16.700000762939453,3461755
2020-10-21,16.799999237060547,17.25,16.549999237060547,16.649999618530273,4911253
2020-10-22,16.649999618530273,17.100000381469727,16.549999237060547,16.850000381469727,4034974
2020-10-23,17.049999237060547,17.100000381469727,16.75,16.850000381469727,2921937
2020-10-26,16.899999618530273,17.350000381469727,16.799999237060547,16.899999618530273,4082159
2020-10-27,17.049999237060547,17.25,16.799999237060547,16.899999618530273,4489470
2020-10-28,17.0,17.100000381469727,16.75,16.799999237060547,4294180
2020-10-29,16.5,17.149999618530273,16.299999237060547,17.0,4677199
2020-10-30,17.0,17.350000381469727,16.850000381469727,17.25,6242770
2020-11-02,17.350000381469727,17.399999618530273,16.899999618530273,17.0,3486720
2020-11-03,17.149999618530273,17.200000762939453,16.799999237060547,16.899999618530273,2929311
2020-11-04,16.799999237060547,17.200000762939453,16.75,16.850000381469727,3250954
2020-11-05,16.950000762939453,17.100000381469727,16.75,16.899999618530273,2458518
2020-11-06,16.950000762939453,17.200000762939453,16.850000381469727,17.0,3946955
2020-11-09,17.0,17.200000762939453,16.850000381469727,16.950000762939453,1890419
2020-11-10,17.5,17.649999618530273,17.049999237060547,17.149999618530273,5758564
2020-11-11,17.200000762939453,17.299999237060547,16.799999237060547,16.899999618530273,3318695
2020-11-12,16.950000762939453,17.200000762939453,16.850000381469727,16.850000381469727,3688799
2020-11-13,16.899999618530273,17.049999237060547,16.850000381469727,16.899999618530273,2731111
2020-11-14,17.0,17.100000381469727,16.899999618530273,16.950000762939453,970533
2020-11-17,17.049999237060547,17.350000381469727,16.850000381469727,16.899999618530273,7173333
2020-11-18,16.899999618530273,19.799999237060547,16.899999618530273,19.149999618530273,36848372
2020-11-19,19.049999237060547,19.549999237060547,17.700000762939453,18.149999618530273,14808280
2020-11-20,18.299999237060547,18.600000381469727,17.700000762939453,17.899999618530273,7926114
2020-11-23,18.200000762939453,18.850000381469727,18.0,18.299999237060547,12642200
2020-11-24,18.399999618530273,18.700000762939453,17.899999618530273,18.049999237060547,7083265
2020-11-25,18.200000762939453,18.399999618530273,17.899999618530273,18.100000381469727,5248558
2020-11-26,18.299999237060547,18.450000762939453,17.950000762939453,18.049999237060547,6047750
2020-11-27,18.25,18.850000381469727,18.049999237060547,18.450000762939453,10589148
2020-12-01,18.5,20.100000381469727,18.399999618530273,19.5,15489307
2020-12-02,20.0,23.399999618530273,19.649999618530273,22.950000762939453,48476583
2020-12-03,23.0,23.299999237060547,21.950000762939453,22.149999618530273,22349295
2020-12-04,22.0,22.399999618530273,20.049999237060547,21.25,11568085
2020-12-07,21.200000762939453,22.5,21.149999618530273,21.799999237060547,8354742
2020-12-08,22.0,22.200000762939453,20.600000381469727,21.299999237060547,5236056
2020-12-09,21.549999237060547,23.0,21.049999237060547,22.149999618530273,11780466
2020-12-10,22.200000762939453,22.25,20.950000762939453,21.700000762939453,5573149
2020-12-11,21.75,22.75,21.25,21.850000381469727,6674341
2020-12-14,22.5,23.200000762939453,21.700000762939453,22.600000381469727,11143550
2020-12-15,22.75,24.850000381469727,21.850000381469727,24.049999237060547,25718698
2020-12-16,24.200000762939453,24.549999237060547,23.600000381469727,23.950000762939453,10341141
2020-12-17,24.200000762939453,25.700000762939453,23.75,24.25,24320533
2020-12-18,24.350000381469727,24.549999237060547,23.200000762939453,24.299999237060547,11541053
2020-12-21,24.350000381469727,26.399999618530273,21.399999618530273,22.899999618530273,33697409
2020-12-22,23.399999618530273,24.25,22.100000381469727,24.049999237060547,15453403
2020-12-23,24.100000381469727,26.200000762939453,24.100000381469727,25.950000762939453,13767949
2020-12-24,26.200000762939453,26.450000762939453,25.149999618530273,25.399999618530273,11642916
2020-12-28,25.600000381469727,27.25,25.450000762939453,26.5,19305455
2020-12-29,26.5,27.100000381469727,25.75,26.049999237060547,9532944
2020-12-30,26.100000381469727,26.350000381469727,25.399999618530273,25.600000381469727,8309094
2020-12-31,25.600000381469727,26.299999237060547,25.399999618530273,25.799999237060547,5864060
2021-01-01,25.950000762939453,26.350000381469727,25.75,25.899999618530273,5264257
2021-01-04,26.149999618530273,27.75,25.600000381469727,26.899999618530273,17285013
2021-01-05,26.799999237060547,27.649999618530273,26.5,27.100000381469727,12337639
2021-01-06,27.299999237060547,27.649999618530273,25.899999618530273,26.75,12116337
2021-01-07,27.100000381469727,28.299999237060547,27.0,27.549999237060547,16827656
2021-01-08,27.899999618530273,30.549999237060547,27.600000381469727,30.100000381469727,30710292
2021-01-11,31.100000381469727,33.79999923706055,30.600000381469727,33.20000076293945,47160630
2021-01-12,33.0,33.54999923706055,32.0,32.25,21850087
2021-01-13,32.599998474121094,32.79999923706055,30.649999618530273,31.850000381469727,18702694
2021-01-14,32.099998474121094,33.650001525878906,31.399999618530273,33.25,22151154
2021-01-15,33.900001525878906,34.650001525878906,30.350000381469727,31.899999618530273,41558389
2021-01-18,31.899999618530273,32.099998474121094,29.600000381469727,30.100000381469727,17381800
2021-01-19,30.549999237060547,33.45000076293945,30.549999237060547,32.79999923706055,27389419
2021-01-20,32.70000076293945,33.29999923706055,32.099998474121094,32.25,11113328
2021-01-21,32.599998474121094,32.75,31.100000381469727,31.450000762939453,14931116
2021-01-22,31.25,32.0,30.649999618530273,30.850000381469727,16917467
2021-01-25,31.25,31.600000381469727,29.049999237060547,29.350000381469727,10952446
2021-01-27,29.0,29.25,28.200000762939453,28.399999618530273,9007378
2021-01-28,27.899999618530273,31.649999618530273,27.600000381469727,30.850000381469727,22031786
2021-01-29,31.350000381469727,31.600000381469727,28.75,28.899999618530273,14158172
2021-02-01,29.149999618530273,30.149999618530273,28.299999237060547,28.450000762939453,12572386
2021-02-02,28.75,29.299999237060547,26.799999237060547,27.700000762939453,15261751
2021-02-03,27.899999618530273,28.75,27.700000762939453,28.149999618530273,10392598
2021-02-04,28.200000762939453,28.399999618530273,26.299999237060547,26.450000762939453,16427942
2021-02-05,26.700000762939453,27.399999618530273,25.799999237060547,26.950000762939453,15649779
2021-02-08,27.450000762939453,28.149999618530273,26.799999237060547,27.399999618530273,8897550
2021-02-09,27.399999618530273,27.600000381469727,25.899999618530273,27.049999237060547,14570993
2021-02-10,27.299999237060547,28.600000381469727,26.700000762939453,28.399999618530273,19769128
2021-02-11,28.299999237060547,28.600000381469727,27.850000381469727,28.100000381469727,7179672
2021-02-12,28.049999237060547,28.399999618530273,27.649999618530273,27.950000762939453,8515370
2021-02-15,28.149999618530273,28.799999237060547,27.850000381469727,28.149999618530273,7184117
2021-02-16,28.200000762939453,28.5,27.25,27.399999618530273,6193943
2021-02-17,27.299999237060547,30.899999618530273,27.049999237060547,30.299999237060547,36101917
2021-02-18,30.549999237060547,31.850000381469727,29.549999237060547,30.25,24077850
2021-02-19,29.950000762939453,30.600000381469727,29.0,29.299999237060547,11495520
2021-02-22,29.100000381469727,30.600000381469727,28.950000762939453,29.700000762939453,12927365
2021-02-23,30.0,30.399999618530273,29.299999237060547,29.850000381469727,8460883
2021-02-24,30.100000381469727,30.200000762939453,29.25,29.850000381469727,3544942
2021-02-25,30.0,30.600000381469727,29.600000381469727,29.799999237060547,7003363
2021-02-26,29.5,30.299999237060547,28.850000381469727,29.149999618530273,8944395
2021-03-01,29.5,30.200000762939453,29.049999237060547,29.200000762939453,8874941
2021-03-02,29.350000381469727,29.799999237060547,28.75,28.850000381469727,8005292
2021-03-03,29.149999618530273,30.600000381469727,28.899999618530273,29.950000762939453,21970627
2021-03-04,29.5,31.100000381469727,29.25,30.049999237060547,15733823
2021-03-05,29.899999618530273,30.450000762939453,28.75,29.0,6489184
2021-03-08,29.200000762939453,29.700000762939453,28.399999618530273,28.799999237060547,9096011
2021-03-09,28.899999618530273,29.149999618530273,27.549999237060547,28.25,4836228
2021-03-10,28.549999237060547,29.0,27.549999237060547,28.450000762939453,4197728
2021-03-12,28.799999237060547,29.350000381469727,28.200000762939453,28.299999237060547,6643224
2021-03-15,28.299999237060547,28.450000762939453,27.5,27.850000381469727,3287709
2021-03-16,28.100000381469727,28.700000762939453,27.850000381469727,28.0,3518186
2021-03-17,28.100000381469727,28.350000381469727,26.549999237060547,26.799999237060547,4745605
2021-03-18,27.450000762939453,27.799999237060547,25.899999618530273,26.450000762939453,9544178
2021-03-19,26.0,26.450000762939453,25.0,26.299999237060547,4931080
2021-03-22,26.350000381469727,27.299999237060547,26.100000381469727,26.649999618530273,3956666
2021-03-23,26.700000762939453,27.799999237060547,26.700000762939453,27.399999618530273,8153763
2021-03-24,27.399999618530273,27.600000381469727,26.299999237060547,26.549999237060547,3060673
2021-03-25,26.649999618530273,26.75,25.299999237060547,25.5,3807233
2021-03-26,25.75,26.350000381469727,25.399999618530273,25.549999237060547,3631753
2021-03-30,25.850000381469727,25.950000762939453,25.350000381469727,25.5,2712276
2021-03-31,25.450000762939453,25.850000381469727,25.100000381469727,25.149999618530273,3234463
2021-04-01,25.399999618530273,27.0,24.600000381469727,26.399999618530273,5553498
2021-04-05,26.299999237060547,26.549999237060547,25.450000762939453,25.649999618530273,3395356
2021-04-06,25.799999237060547,26.350000381469727,25.450000762939453,25.649999618530273,3752210
2021-04-07,25.700000762939453,26.350000381469727,25.450000762939453,25.700000762939453,4754311
2021-04-08,25.799999237060547,26.100000381469727,25.450000762939453,25.600000381469727,4196387
2021-04-09,25.600000381469727,25.75,24.899999618530273,25.350000381469727,3175168
2021-04-12,24.899999618530273,24.899999618530273,23.0,23.950000762939453,5652182
2021-04-13,23.200000762939453,25.0,23.200000762939453,24.5,3070239
2021-04-15,24.299999237060547,24.950000762939453,24.049999237060547,24.649999618530273,2243853
2021-04-16,24.600000381469727,25.75,24.5,25.450000762939453,3742846
2021-04-19,25.0,25.0,24.0,24.149999618530273,2277155
2021-04-20,24.299999237060547,24.649999618530273,23.899999618530273,24.100000381469727,3779326
2021-04-22,24.0,24.399999618530273,23.75,24.200000762939453,2231192
2021-04-23,24.149999618530273,28.350000381469727,23.950000762939453,27.600000381469727,22151815
2021-04-26,27.850000381469727,28.25,26.649999618530273,26.850000381469727,6940825
2021-04-27,27.149999618530273,29.0,27.0,28.75,12105676
2021-04-28,28.75,28.950000762939453,27.899999618530273,28.049999237060547,4274582
2021-04-29,28.200000762939453,28.399999618530273,27.299999237060547,27.450000762939453,2911591
2021-04-30,27.049999237060547,28.649999618530273,27.049999237060547,27.799999237060547,4023778
2021-05-03,27.899999618530273,31.600000381469727,27.600000381469727,30.700000762939453,25454113
2021-05-04,31.200000762939453,33.70000076293945,30.899999618530273,31.299999237060547,25402898
2021-05-05,31.799999237060547,33.20000076293945,31.299999237060547,32.900001525878906,13182481
2021-05-06,33.349998474121094,34.70000076293945,32.650001525878906,34.0,23701284
2021-05-07,34.70000076293945,35.79999923706055,32.70000076293945,35.150001525878906,30644550
2021-05-10,36.25,39.0,33.150001525878906,34.5,47351180
2021-05-11,35.29999923706055,38.599998474121094,34.0,37.04999923706055,72813537
2021-05-12,37.45000076293945,38.349998474121094,35.400001525878906,35.900001525878906,26657076
2021-05-14,37.20000076293945,37.95000076293945,35.79999923706055,37.20000076293945,29049136
2021-05-17,37.75,43.75,37.25,42.54999923706055,124650991
2021-05-18,43.29999923706055,43.5,40.599998474121094,41.5,58282479
2021-05-19,41.25,43.0,40.900001525878906,41.79999923706055,30779744
2021-05-20,42.150001525878906,45.400001525878906,41.75,44.400001525878906,55155259
2021-05-21,45.0,50.70000076293945,45.0,49.099998474121094,107540579
2021-05-24,49.400001525878906,49.79999923706055,44.20000076293945,44.70000076293945,52344966
2021-05-25,45.099998474121094,49.150001525878906,45.0,48.95000076293945,64348156
2021-05-26,51.0,51.400001525878906,46.54999923706055,47.650001525878906,49653910
2021-05-27,47.79999923706055,48.599998474121094,46.20000076293945,46.79999923706055,18806258
2021-05-28,47.25,47.29999923706055,45.150001525878906,45.349998474121094,14665765
2021-05-31,45.70000076293945,46.650001525878906,44.54999923706055,45.29999923706055,18950841
2021-06-01,45.70000076293945,45.849998474121094,42.599998474121094,43.45000076293945,17061963
2021-06-02,43.849998474121094,45.75,43.5,45.04999923706055,16519133
2021-06-03,45.70000076293945,47.099998474121094,44.79999923706055,46.150001525878906,16096270
2021-06-04,46.70000076293945,47.5,46.150001525878906,46.25,13759552
2021-06-07,47.5,49.70000076293945,47.20000076293945,48.20000076293945,31253318
2021-06-08,48.650001525878906,52.45000076293945,48.0,51.150001525878906,68369442
2021-06-09,51.5,53.20000076293945,48.5,49.20000076293945,41620107
2021-06-10,49.70000076293945,51.79999923706055,49.20000076293945,51.400001525878906,28093256
2021-06-11,51.900001525878906,52.099998474121094,50.099998474121094,50.5,14831377
2021-06-14,50.70000076293945,50.70000076293945,47.95000076293945,49.25,18180349
2021-06-15,49.5,51.650001525878906,49.400001525878906,50.20000076293945,16674609
2021-06-16,50.45000076293945,53.900001525878906,49.0,52.79999923706055,45134485
2021-06-17,52.25,54.75,52.20000076293945,53.20000076293945,57018015
2021-06-18,54.0,54.400001525878906,50.099998474121094,52.70000076293945,37208157
2021-06-21,51.150001525878906,58.0,51.150001525878906,57.54999923706055,77917582
2021-06-22,58.45000076293945,68.44999694824219,58.04999923706055,66.80000305175781,150726755
2021-06-23,65.1500015258789,72.69999694824219,64.6500015258789,66.69999694824219,184237347
2021-06-24,67.30000305175781,69.0,65.80000305175781,66.75,38440938
2021-06-25,67.5999984741211,68.25,63.70000076293945,64.69999694824219,22559092
2021-06-28,65.05000305175781,67.69999694824219,62.0,66.6500015258789,26965202
2021-06-29,66.94999694824219,68.80000305175781,66.30000305175781,67.19999694824219,15116250
2021-06-30,67.55000305175781,69.5,66.5,67.5,17160647
2021-07-01,67.8499984741211,68.25,66.25,66.5999984741211,9212971
2021-07-02,67.25,73.75,66.5,72.5999984741211,62460315
2021-07-05,73.5999984741211,87.0999984741211,73.5999984741211,87.0999984741211,123983539
2021-07-06,91.94999694824219,95.69999694824219,86.0,87.0,113676463
2021-07-07,85.5,86.75,81.44999694824219,83.5,39514360
2021-07-08,84.80000305175781,87.75,83.0,84.75,22212578
2021-07-09,83.0,88.94999694824219,82.0,88.94999694824219,8797253
2021-07-12,93.0,93.0,86.0999984741211,89.25,10296226
2021-07-13,90.4000015258789,90.4000015258789,84.80000305175781,85.94999694824219,7836364
2021-07-14,86.1500015258789,86.5,82.0999984741211,82.55000305175781,6282466
2021-07-15,82.05000305175781,82.55000305175781,78.44999694824219,78.44999694824219,6491648
2021-07-16,74.55000305175781,81.8499984741211,74.55000305175781,80.25,8986954
2021-07-19,79.0,84.0,78.0,81.80000305175781,5490652
2021-07-20,80.4000015258789,84.0,77.75,78.3499984741211,6175657
2021-07-22,80.0,80.55000305175781,75.19999694824219,76.80000305175781,4221382
2021-07-23,77.0,77.94999694824219,73.0,73.0,5877681
2021-07-26,73.05000305175781,75.4000015258789,69.3499984741211,72.0,6426699
2021-07-27,72.0,73.5,69.9000015258789,70.0,3798754
2021-07-28,70.0,70.80000305175781,66.5,68.3499984741211,6030700
2021-07-29,69.0,71.75,68.3499984741211,71.75,4868533
2021-07-30,71.75,75.30000305175781,71.75,74.94999694824219,6499927
2021-08-02,76.30000305175781,76.8499984741211,73.80000305175781,74.19999694824219,3410171
2021-08-03,74.9000015258789,75.44999694824219,71.5,71.6500015258789,2757267
2021-08-04,72.94999694824219,73.0,69.0,69.3499984741211,3118601
2021-08-05,69.3499984741211,72.80000305175781,66.1500015258789,72.19999694824219,4874822
2021-08-06,73.6500015258789,74.4000015258789,71.5,71.75,1330330
2021-08-09,72.0,72.5,68.6500015258789,68.9000015258789,2306241
2021-08-10,68.75,71.0,65.5,66.9000015258789,4302595
2021-08-11,66.0,67.0,63.599998474121094,65.30000305175781,5520154
2021-08-12,65.80000305175781,68.55000305175781,65.0,68.25,3002807
2021-08-13,69.0,70.5,68.19999694824219,69.1500015258789,2104088
2021-08-16,69.19999694824219,69.5,66.0,66.25,1579860
2021-08-17,66.8499984741211,66.8499984741211,63.0,63.5,2976507
2021-08-18,63.599998474121094,64.25,60.400001525878906,60.599998474121094,3186327
2021-08-20,59.0,61.0,57.599998474121094,57.849998474121094,4680541
2021-08-23,59.0,60.5,55.54999923706055,58.95000076293945,5035987
2021-08-24,59.79999923706055,61.849998474121094,58.5,61.849998474121094,2514939
2021-08-25,63.5,64.9000015258789,62.70000076293945,64.9000015258789,1794208
2021-08-26,66.9000015258789,68.0999984741211,64.30000305175781,68.0999984741211,4612796
2021-08-27,67.9000015258789,70.19999694824219,66.5,68.4000015258789,3661275
2021-08-30,69.5,71.4000015258789,69.0,70.25,2771576
2021-08-31,71.69999694824219,71.69999694824219,67.80000305175781,68.0999984741211,3051283
2021-09-01,69.4000015258789,70.0999984741211,67.75,68.19999694824219,2354107
2021-09-02,68.19999694824219,70.0,68.0,68.5999984741211,1879461
2021-09-03,69.4000015258789,69.94999694824219,66.1500015258789,68.80000305175781,2102786
2021-09-06,70.0,72.19999694824219,70.0,72.19999694824219,5544083
2021-09-07,72.9000015258789,74.5,70.69999694824219,73.5999984741211,4688394
2021-09-08,73.69999694824219,75.5,72.8499984741211,74.80000305175781,3392689
2021-09-09,75.0,75.80000305175781,73.0999984741211,75.30000305175781,2334640
2021-09-13,75.69999694824219,78.5,74.05000305175781,78.0999984741211,5955645
2021-09-14,78.5,80.9000015258789,78.4000015258789,79.4000015258789,4552200
2021-09-15,80.0999984741211,80.9000015258789,79.25,79.75,2935022
2021-09-16,80.80000305175781,80.9000015258789,76.5999984741211,77.0,3974921
2021-09-17,77.0,77.5,73.1500015258789,74.30000305175781,26647927
2021-09-20,73.9000015258789,73.94999694824219,70.5999984741211,70.80000305175781,3138674
2021-09-21,70.0,74.30000305175781,68.0,74.19999694824219,2666291
2021-09-22,75.0,75.5999984741211,73.0,73.1500015258789,1233981
2021-09-23,73.5,74.4000015258789,72.75,72.94999694824219,1588638
2021-09-24,73.0,73.5,70.5999984741211,71.0999984741211,1509530
2021-09-27,71.0999984741211,73.0999984741211,71.0999984741211,71.6500015258789,1344333
2021-09-28,72.0,72.5,69.5,70.6500015258789,2031416
2021-09-29,70.30000305175781,73.80000305175781,69.0,72.69999694824219,1660814
2021-09-30,72.94999694824219,73.19999694824219,71.0,71.4000015258789,1498776
2021-10-01,71.0,72.9000015258789,70.5999984741211,72.25,1232045
2021-10-04,73.5,75.8499984741211,73.0,75.8499984741211,2610560
2021-10-05,78.5,79.5999984741211,78.0,79.5999984741211,5959439
2021-10-06,82.0,82.5999984741211,78.75,78.9000015258789,6775422
2021-10-07,81.0,81.0,78.6500015258789,79.25,2119318
2021-10-08,80.0999984741211,80.5,75.94999694824219,76.55000305175781,4883447
2021-10-11,79.5,80.3499984741211,78.30000305175781,78.8499984741211,5509327
2021-10-12,79.0,79.9000015258789,76.0,76.8499984741211,6470080
2021-10-13,77.9000015258789,77.9000015258789,74.55000305175781,75.19999694824219,4943113
2021-10-14,76.69999694824219,78.94999694824219,76.0999984741211,78.94999694824219,5525548
2021-10-18,82.8499984741211,82.8499984741211,78.44999694824219,79.0,9025802
2021-10-19,79.0,79.5,75.05000305175781,75.3499984741211,4170863
2021-10-20,75.44999694824219,75.80000305175781,71.5999984741211,73.4000015258789,3598998
2021-10-21,73.94999694824219,74.3499984741211,71.5,72.4000015258789,2351903
2021-10-22,73.0,74.1500015258789,71.4000015258789,71.80000305175781,2197418
2021-10-25,72.69999694824219,73.4000015258789,68.80000305175781,69.4000015258789,3086093
2021-10-26,71.0,72.8499984741211,70.5999984741211,72.8499984741211,5090283
2021-10-27,74.0999984741211,76.44999694824219,73.5999984741211,76.4000015258789,8679347
2021-10-28,76.80000305175781,77.3499984741211,72.5999984741211,72.69999694824219,4508738
2021-10-29,72.9000015258789,74.25,69.5,71.25,2557800
2021-11-01,73.0,74.4000015258789,72.5,73.55000305175781,1971404
2021-11-02,73.3499984741211,77.19999694824219,72.6500015258789,76.05000305175781,5302109
2021-11-03,75.80000305175781,75.80000305175781,73.0999984741211,73.69999694824219,4474557
2021-11-04,74.0,76.6500015258789,74.0,75.94999694824219,2720262
2021-11-08,77.44999694824219,77.44999694824219,74.5999984741211,75.05000305175781,2563299
2021-11-09,75.1500015258789,79.69999694824219,75.1500015258789,76.19999694824219,5411903
2021-11-10,76.0,77.0,74.5,74.80000305175781,3541154
2021-11-11,75.0,76.19999694824219,72.5,73.5999984741211,5393234
2021-11-12,74.4000015258789,77.0,73.0999984741211,75.75,5383695
2021-11-15,76.0,76.0,73.5999984741211,74.4000015258789,3470017
2021-11-16,74.0,76.19999694824219,73.5999984741211,74.4000015258789,4678058
2021-11-17,74.5,77.69999694824219,74.0999984741211,74.5999984741211,6729681
2021-11-18,74.55000305175781,75.19999694824219,72.05000305175781,72.8499984741211,4054373
2021-11-22,74.0,74.69999694824219,69.0,70.4000015258789,7003958
2021-11-23,69.94999694824219,75.9000015258789,69.5,75.05000305175781,10810937
2021-11-24,75.80000305175781,78.0,74.0999984741211,75.6500015258789,11570772
2021-11-25,75.69999694824219,79.0999984741211,75.5,76.9000015258789,11843213
2021-11-26,75.4000015258789,76.4000015258789,72.55000305175781,72.8499984741211,7322926
2021-11-29,73.0,73.4000015258789,68.0,70.0,6452543
2021-11-30,70.0,73.5999984741211,69.5,71.80000305175781,20919768
2021-12-01,72.5,73.80000305175781,70.44999694824219,70.9000015258789,3938271
2021-12-02,71.6500015258789,73.1500015258789,70.75,72.0,4736744
2021-12-03,72.5,73.30000305175781,70.9000015258789,71.19999694824219,4402447
2021-12-06,71.5999984741211,78.30000305175781,70.19999694824219,78.30000305175781,23169675
2021-12-07,81.0,84.19999694824219,76.8499984741211,77.8499984741211,36451021
2021-12-08,78.5,89.19999694824219,78.5,87.0,68351504
2021-12-09,87.75,93.69999694824219,86.19999694824219,92.4000015258789,68240661
2021-12-10,92.44999694824219,93.69999694824219,85.69999694824219,86.80000305175781,41928347
2021-12-13,88.80000305175781,91.80000305175781,86.30000305175781,87.4000015258789,34187042
2021-12-14,86.9000015258789,86.9000015258789,79.80000305175781,80.44999694824219,46404854
2021-12-15,80.80000305175781,84.3499984741211,80.69999694824219,81.8499984741211,27762935
2021-12-16,82.5,82.9000015258789,78.5999984741211,79.55000305175781,16295972
2021-12-17,79.3499984741211,82.9000015258789,76.4000015258789,80.1500015258789,26139739
2021-12-20,79.0999984741211,79.0999984741211,72.9000015258789,73.94999694824219,20985610
2021-12-21,74.55000305175781,77.3499984741211,74.5,75.4000015258789,14199444
2021-12-22,76.44999694824219,77.25,75.4000015258789,76.55000305175781,8366841
2021-12-23,77.69999694824219,79.69999694824219,76.80000305175781,78.19999694824219,12519731
2021-12-24,78.9000015258789,79.3499984741211,76.6500015258789,77.0,9716743
2021-12-27,76.80000305175781,81.5,75.0999984741211,79.80000305175781,21297440
2021-12-28,80.8499984741211,83.0,80.1500015258789,80.5999984741211,15653610
2021-12-29,81.0,81.6500015258789,79.5999984741211,80.3499984741211,10486373
2021-12-30,80.4000015258789,80.8499984741211,78.5999984741211,78.9000015258789,8212329
2021-12-31,79.30000305175781,80.4000015258789,78.55000305175781,78.80000305175781,7319291
2022-01-03,79.4000015258789,82.0,78.8499984741211,80.80000305175781,11538209
2022-01-04,81.30000305175781,81.55000305175781,78.4000015258789,79.1500015258789,9471150
2022-01-05,79.0,89.44999694824219,78.5,85.55000305175781,64296043
2022-01-06,84.9000015258789,88.5,83.5,86.75,35407197
2022-01-07,87.5999984741211,89.19999694824219,85.6500015258789,86.19999694824219,21854085
2022-01-10,87.0,88.19999694824219,86.5,86.9000015258789,12406178
2022-01-11,87.30000305175781,87.3499984741211,84.05000305175781,84.5,11866708
2022-01-12,85.0999984741211,86.55000305175781,83.05000305175781,85.0999984741211,16692570
2022-01-13,85.5,86.80000305175781,84.05000305175781,85.3499984741211,11635065
2022-01-14,84.94999694824219,93.44999694824219,84.55000305175781,91.8499984741211,73660895
2022-01-17,92.5999984741211,101.3499984741211,92.5,96.3499984741211,97303221
2022-01-18,90.5,93.1500015258789,88.0999984741211,89.4000015258789,57777590
2022-01-19,89.9000015258789,91.0,87.3499984741211,88.19999694824219,20345484
2022-01-20,88.94999694824219,90.9000015258789,87.1500015258789,87.8499984741211,18899213
2022-01-21,86.0999984741211,87.4000015258789,83.30000305175781,84.3499984741211,16420328
2022-01-24,83.94999694824219,84.80000305175781,77.5,78.94999694824219,20258470
2022-01-25,77.80000305175781,82.69999694824219,75.5999984741211,81.80000305175781,16458470
2022-01-27,81.0,84.4000015258789,79.94999694824219,81.94999694824219,16532148
2022-01-28,82.6500015258789,83.80000305175781,80.80000305175781,81.19999694824219,9188373
2022-01-31,82.69999694824219,83.30000305175781,78.75,79.3499984741211,12467363
2022-02-01,79.94999694824219,85.44999694824219,79.80000305175781,83.05000305175781,29211240
2022-02-02,84.25,85.75,83.19999694824219,83.8499984741211,11113001
2022-02-03,84.19999694824219,84.19999694824219,82.19999694824219,82.5,7257937
2022-02-04,83.19999694824219,83.8499984741211,81.5,82.25,6713713
2022-02-07,82.55000305175781,82.8499984741211,80.5,80.9000015258789,7765584
2022-02-08,81.55000305175781,81.8499984741211,78.3499984741211,80.0,10370855
2022-02-09,80.5999984741211,81.8499984741211,80.30000305175781,80.9000015258789,6116291
2022-02-10,81.4000015258789,84.9000015258789,79.6500015258789,83.0,15664502
2022-02-11,81.80000305175781,84.1500015258789,80.69999694824219,81.0999984741211,10358348
2022-02-14,78.30000305175781,79.4000015258789,76.0999984741211,76.9000015258789,10777354
2022-02-15,76.5999984741211,80.0,74.0,79.3499984741211,18872946
2022-02-16,80.19999694824219,81.0999984741211,77.5,78.30000305175781,10826073
2022-02-17,78.94999694824219,79.5,76.3499984741211,76.69999694824219,7471062
2022-02-18,75.5,77.80000305175781,75.05000305175781,75.8499984741211,6448886
2022-02-21,75.19999694824219,75.5,70.80000305175781,71.25,17055143
2022-02-22,69.8499984741211,71.0999984741211,68.5999984741211,70.1500015258789,12888573
2022-02-23,71.30000305175781,74.19999694824219,71.30000305175781,72.1500015258789,10736975
2022-02-24,67.94999694824219,69.30000305175781,63.0,63.849998474121094,18906002
2022-02-25,67.19999694824219,70.4000015258789,67.19999694824219,69.9000015258789,17256268
2022-02-28,68.75,74.25,67.0999984741211,72.75,16868265
2022-03-02,71.5,73.4000015258789,70.44999694824219,70.94999694824219,11965418
2022-03-03,72.0,73.0999984741211,70.8499984741211,71.19999694824219,6997355
2022-03-04,70.4000015258789,71.19999694824219,69.3499984741211,69.94999694824219,7589656
2022-03-07,68.0,69.19999694824219,67.5,68.30000305175781,6149955
2022-03-08,68.94999694824219,73.0999984741211,68.8499984741211,71.44999694824219,10957777
2022-03-09,72.44999694824219,74.4000015258789,71.55000305175781,73.9000015258789,9602607
2022-03-10,75.8499984741211,76.5,72.9000015258789,73.5,10585243
2022-03-11,73.0,73.94999694824219,72.5,72.9000015258789,5532757
2022-03-14,73.44999694824219,74.9000015258789,72.44999694824219,73.94999694824219,7547136
2022-03-15,74.5,74.9000015258789,72.0,72.4000015258789,6663322
2022-03-16,73.4000015258789,73.5999984741211,72.5999984741211,72.9000015258789,4713073
2022-03-17,73.69999694824219,76.0,73.4000015258789,75.0,11963425
2022-03-21,75.55000305175781,76.19999694824219,73.5999984741211,73.9000015258789,7031932
2022-03-22,74.0,74.1500015258789,72.25,73.0,6516547
2022-03-23,73.55000305175781,75.19999694824219,73.19999694824219,73.69999694824219,8192858
2022-03-24,73.30000305175781,74.1500015258789,72.25,72.55000305175781,6510558
2022-03-25,73.1500015258789,73.75,71.0,71.5999984741211,6426940
2022-03-28,72.0,72.0,70.0,70.0999984741211,6442134
2022-03-29,70.6500015258789,72.4000015258789,70.30000305175781,71.19999694824219,10627576
2022-03-30,72.0,74.8499984741211,71.30000305175781,73.44999694824219,13692989
2022-03-31,74.0,79.6500015258789,73.80000305175781,78.69999694824219,34754018
2022-04-01,79.0,81.94999694824219,78.5999984741211,81.0,19341069
2022-04-04,81.6500015258789,82.6500015258789,80.30000305175781,82.0,14479491
2022-04-05,82.5,84.8499984741211,81.6500015258789,82.30000305175781,18145370
2022-04-06,82.5,84.3499984741211,81.8499984741211,83.5999984741211,10940036
2022-04-07,84.0,86.30000305175781,79.3499984741211,79.9000015258789,22202203
2022-04-08,80.55000305175781,82.30000305175781,80.55000305175781,81.0,9786163
2022-04-11,81.0,82.9000015258789,80.69999694824219,81.44999694824219,9749343
2022-04-12,81.5,82.0,78.25,79.05000305175781,11829428
2022-04-13,79.6500015258789,81.4000015258789,79.30000305175781,80.6500015258789,12488634
2022-04-18,79.94999694824219,79.94999694824219,78.25,78.5999984741211,10006291
2022-04-19,79.25,79.80000305175781,75.0,76.6500015258789,6851894
2022-04-20,77.0,79.0,76.9000015258789,77.69999694824219,9200541
2022-04-21,78.5,79.5999984741211,77.0,77.30000305175781,5146698
2022-04-22,77.0,78.94999694824219,76.5999984741211,77.25,6876040
2022-04-25,75.55000305175781,76.69999694824219,74.55000305175781,75.1500015258789,4917668
2022-04-26,76.05000305175781,77.5,76.0,77.1500015258789,5084058
2022-04-27,76.4000015258789,78.9000015258789,75.5,77.9000015258789,9129112
2022-04-28,78.5,79.4000015258789,75.25,75.6500015258789,7897363
2022-04-29,76.0999984741211,77.30000305175781,73.75,74.19999694824219,7421906
2022-05-02,70.69999694824219,70.94999694824219,67.05000305175781,67.75,12196340
2022-05-04,68.19999694824219,69.69999694824219,64.69999694824219,65.6500015258789,9508973
2022-05-05,66.44999694824219,67.69999694824219,65.55000305175781,66.30000305175781,5956819
2022-05-06,65.94999694824219,69.5,64.19999694824219,67.9000015258789,9023084
2022-05-09,69.0,70.0999984741211,67.19999694824219,69.55000305175781,9178445
2022-05-10,70.25,71.1500015258789,65.0,65.5999984741211,7683872
2022-05-11,66.80000305175781,67.05000305175781,61.5,64.0,8116499
2022-05-12,62.75,63.5,61.20000076293945,61.79999923706055,6546733
2022-05-13,63.29999923706055,64.9000015258789,62.599998474121094,63.5,6093786
2022-05-16,64.0,65.3499984741211,63.54999923706055,64.6500015258789,4397503
2022-05-17,65.6500015258789,68.80000305175781,64.9000015258789,67.94999694824219,5688889
2022-05-18,68.5,68.80000305175781,66.69999694824219,67.0999984741211,5601345
2022-05-19,65.0,65.30000305175781,63.599998474121094,64.0,5761323
2022-05-20,65.6500015258789,66.4000015258789,64.55000305175781,65.8499984741211,4349558
2022-05-23,65.9000015258789,67.44999694824219,65.05000305175781,65.9000015258789,4525515
2022-05-24,66.5999984741211,66.69999694824219,63.900001525878906,64.4000015258789,3938165
2022-05-25,64.9000015258789,64.9000015258789,60.849998474121094,61.400001525878906,5096716
2022-05-26,61.599998474121094,62.599998474121094,57.599998474121094,61.349998474121094,6837785
2022-05-27,62.29999923706055,63.0,61.45000076293945,62.04999923706055,4025670
2022-05-30,63.04999923706055,63.650001525878906,62.599998474121094,62.95000076293945,3270914
2022-05-31,62.900001525878906,64.69999694824219,62.25,62.95000076293945,5916748
2022-06-01,64.0,66.0,63.650001525878906,65.4000015258789,6870235
2022-06-02,65.30000305175781,67.30000305175781,64.69999694824219,66.80000305175781,7583721
2022-06-03,67.4000015258789,67.44999694824219,64.19999694824219,64.5,5113937
2022-06-06,64.19999694824219,64.30000305175781,62.849998474121094,63.79999923706055,3089453
2022-06-07,63.54999923706055,64.8499984741211,63.04999923706055,64.30000305175781,2780424
2022-06-08,64.94999694824219,65.19999694824219,63.349998474121094,63.75,3425614
2022-06-09,63.20000076293945,64.44999694824219,63.099998474121094,63.79999923706055,2974277
2022-06-10,63.45000076293945,66.30000305175781,63.099998474121094,63.900001525878906,8095438
2022-06-13,62.79999923706055,62.79999923706055,59.599998474121094,59.95000076293945,5829999
2022-06-14,59.900001525878906,61.599998474121094,59.54999923706055,59.95000076293945,4372637
2022-06-15,60.54999923706055,62.45000076293945,60.04999923706055,61.25,6036154
2022-06-16,62.45000076293945,62.900001525878906,58.099998474121094,58.599998474121094,7593736
2022-06-17,58.70000076293945,59.79999923706055,57.75,58.599998474121094,4747808
2022-06-20,58.95000076293945,59.20000076293945,51.54999923706055,53.0,7360163
2022-06-21,54.099998474121094,55.5,53.54999923706055,55.20000076293945,4473853
2022-06-22,54.95000076293945,55.400001525878906,53.0,53.20000076293945,4316306
2022-06-23,53.599998474121094,54.900001525878906,53.04999923706055,54.45000076293945,5459852
2022-06-24,55.20000076293945,56.400001525878906,55.0,56.20000076293945,3678223
2022-06-27,57.25,57.599998474121094,56.25,56.54999923706055,3461641
2022-06-28,56.400001525878906,56.900001525878906,55.79999923706055,56.5,2504307
2022-06-29,55.79999923706055,57.95000076293945,55.20000076293945,56.349998474121094,4270957
2022-06-30,56.25,57.349998474121094,54.79999923706055,55.150001525878906,3808892
2022-07-01,55.150001525878906,55.70000076293945,54.25,55.20000076293945,2275417
2022-07-04,55.20000076293945,55.599998474121094,54.599998474121094,55.0,2198796
2022-07-05,55.45000076293945,56.29999923706055,54.54999923706055,54.849998474121094,2787315
2022-07-06,55.0,55.70000076293945,54.349998474121094,55.20000076293945,2614158
2022-07-07,55.70000076293945,58.400001525878906,55.599998474121094,58.0,6198423
2022-07-08,58.79999923706055,58.900001525878906,57.400001525878906,57.900001525878906,3989738
2022-07-11,57.400001525878906,64.4000015258789,57.25,62.54999923706055,10378458
2022-07-12,64.0,68.0,63.900001525878906,65.8499984741211,30587623
2022-07-13,66.4000015258789,67.8499984741211,64.5999984741211,65.5999984741211,10481272
2022-07-14,65.5999984741211,66.1500015258789,63.0,63.70000076293945,5281220
2022-07-15,63.79999923706055,68.1500015258789,63.150001525878906,67.0999984741211,13866386
2022-07-18,68.0,69.3499984741211,67.4000015258789,68.25,9781458
2022-07-19,67.8499984741211,71.30000305175781,67.5999984741211,70.6500015258789,16962999
2022-07-20,71.4000015258789,71.80000305175781,68.05000305175781,68.5,10763310
2022-07-21,68.5,69.9000015258789,68.19999694824219,69.5,6848045
2022-07-22,69.9000015258789,70.19999694824219,67.69999694824219,68.4000015258789,5489189
2022-07-25,64.69999694824219,64.69999694824219,62.400001525878906,63.20000076293945,11178314
2022-07-26,63.0,67.5999984741211,62.650001525878906,64.75,13018606
2022-07-27,64.8499984741211,65.69999694824219,63.70000076293945,64.1500015258789,5307641
2022-07-28,64.25,68.19999694824219,64.25,66.25,10415963
2022-07-29,66.9000015258789,68.0,65.80000305175781,66.55000305175781,5847688
2022-08-01,66.9000015258789,67.5,66.0,66.6500015258789,5441809
2022-08-02,66.4000015258789,69.1500015258789,66.1500015258789,67.8499984741211,8603516
2022-08-03,67.94999694824219,68.44999694824219,66.4000015258789,66.75,5156622
2022-08-04,67.0,67.4000015258789,64.5,65.8499984741211,5266031
2022-08-05,66.19999694824219,69.80000305175781,65.75,68.05000305175781,11429048
2022-08-08,68.4000015258789,75.55000305175781,67.5999984741211,74.5,36068373
2022-08-10,75.4000015258789,78.19999694824219,74.30000305175781,75.3499984741211,32293928
2022-08-11,75.8499984741211,76.69999694824219,73.80000305175781,75.55000305175781,12360369
2022-08-12,75.25,76.1500015258789,74.55000305175781,74.94999694824219,6808606
2022-08-16,75.3499984741211,75.80000305175781,73.75,74.25,4896911
2022-08-17,74.3499984741211,77.80000305175781,73.8499984741211,76.0,14204376
2022-08-18,76.0,77.4000015258789,75.30000305175781,75.75,9432137
2022-08-19,75.80000305175781,76.6500015258789,72.25,72.80000305175781,9493845
2022-08-22,73.1500015258789,73.1500015258789,71.0,71.19999694824219,5773943
2022-08-23,70.05000305175781,72.6500015258789,70.05000305175781,71.94999694824219,5410984
2022-08-24,71.6500015258789,74.44999694824219,71.5999984741211,73.3499984741211,6259899
2022-08-25,73.80000305175781,74.5999984741211,71.6500015258789,71.94999694824219,5942565
2022-08-26,72.5,73.6500015258789,71.05000305175781,71.6500015258789,6938271
2022-08-29,69.30000305175781,76.4000015258789,69.05000305175781,74.44999694824219,25474457
2022-08-30,75.25,77.0,74.05000305175781,74.30000305175781,9906146
2022-09-01,73.5,75.05000305175781,73.30000305175781,74.05000305175781,5814444
2022-09-02,74.25,79.69999694824219,73.5999984741211,76.4000015258789,31331172
2022-09-05,77.0999984741211,81.19999694824219,76.8499984741211,78.69999694824219,21339429
2022-09-06,79.0999984741211,79.5999984741211,76.69999694824219,77.5,8298125
2022-09-07,76.94999694824219,80.4000015258789,76.6500015258789,79.44999694824219,17012233
2022-09-08,81.0,82.5,79.80000305175781,80.1500015258789,18093496
2022-09-09,80.5999984741211,81.1500015258789,78.5,79.05000305175781,10002540
2022-09-12,79.5,80.3499984741211,77.5999984741211,77.9000015258789,8462143
2022-09-13,78.4000015258789,78.8499984741211,76.55000305175781,76.80000305175781,7409068
2022-09-14,75.5,80.6500015258789,75.1500015258789,79.0,13399006
2022-09-15,80.5,81.4000015258789,78.8499984741211,79.19999694824219,10596717
2022-09-16,79.19999694824219,79.5999984741211,75.30000305175781,75.75,11295010
2022-09-19,76.1500015258789,76.5999984741211,74.0,74.4000015258789,6143693
2022-09-20,74.94999694824219,76.19999694824219,74.19999694824219,74.3499984741211,4691172
2022-09-21,74.5,77.4000015258789,73.6500015258789,75.3499984741211,10595222
2022-09-22,74.94999694824219,76.25,74.44999694824219,75.30000305175781,5535993
2022-09-23,75.5,75.6500015258789,72.44999694824219,73.0,6432148
2022-09-26,72.44999694824219,72.94999694824219,68.6500015258789,69.19999694824219,7379275
2022-09-27,69.5999984741211,71.8499984741211,68.94999694824219,70.9000015258789,12327441
2022-09-28,70.25,72.5999984741211,69.5,70.0999984741211,7451400
2022-09-29,71.0,73.4000015258789,71.0,72.4000015258789,7449800
2022-09-30,72.4000015258789,73.9000015258789,71.75,72.8499984741211,6584243
2022-10-03,75.0,76.69999694824219,73.1500015258789,73.8499984741211,12942210
2022-10-04,75.5,75.9000015258789,74.0999984741211,74.5,5173649
2022-10-06,75.25,78.3499984741211,75.0,77.3499984741211,16101027
2022-10-07,77.3499984741211,80.25,76.69999694824219,79.4000015258789,17609909
2022-10-10,78.1500015258789,80.6500015258789,77.75,79.9000015258789,17173119
2022-10-11,80.05000305175781,82.3499984741211,76.5,77.30000305175781,19629414
2022-10-12,77.80000305175781,78.80000305175781,76.5999984741211,77.55000305175781,9871709
2022-10-13,77.5,78.05000305175781,75.3499984741211,76.5,7325714
2022-10-14,77.55000305175781,78.4000015258789,75.25,75.8499984741211,7708904
2022-10-17,75.75,76.19999694824219,74.19999694824219,75.0,4658638
2022-10-18,75.44999694824219,76.55000305175781,75.19999694824219,75.5999984741211,5363223
2022-10-19,76.0,78.0999984741211,74.5,74.80000305175781,8827535
2022-10-20,74.5,77.5,74.4000015258789,76.4000015258789,7363828
2022-10-21,77.0,80.25,76.80000305175781,77.80000305175781,20310083
2022-10-24,79.0,81.19999694824219,79.0,79.94999694824219,11490355
2022-10-25,80.30000305175781,80.3499984741211,78.0999984741211,78.3499984741211,5176936
2022-10-27,78.80000305175781,80.19999694824219,77.69999694824219,78.1500015258789,6191909
2022-10-28,78.5,78.55000305175781,76.75,77.0,3684531
2022-10-31,77.9000015258789,83.4000015258789,77.75,82.69999694824219,42534639
2022-11-01,83.1500015258789,85.19999694824219,81.75,83.1500015258789,28107905
2022-11-02,83.44999694824219,84.9000015258789,82.0999984741211,82.5999984741211,12580424
2022-11-03,82.0,82.9000015258789,80.69999694824219,81.05000305175781,7288522
2022-11-04,81.19999694824219,82.25,80.4000015258789,81.25,7261452
2022-11-07,81.75,81.8499984741211,79.5999984741211,80.0,5936327
2022-11-09,80.0999984741211,81.6500015258789,79.3499984741211,80.1500015258789,7773088
2022-11-10,79.6500015258789,80.5,78.1500015258789,78.4000015258789,5403501
2022-11-11,79.1500015258789,84.9000015258789,78.55000305175781,82.8499984741211,17873922
2022-11-14,82.9000015258789,84.30000305175781,81.6500015258789,82.94999694824219,14200642
2022-11-15,83.1500015258789,83.19999694824219,81.6500015258789,82.0999984741211,6309836
2022-11-16,82.0,82.5,80.25,80.5,5015209
2022-11-17,80.30000305175781,81.5,79.19999694824219,79.6500015258789,7678519
2022-11-18,80.0,80.44999694824219,77.69999694824219,78.30000305175781,6459846
2022-11-21,78.19999694824219,78.19999694824219,76.5,76.9000015258789,4714139
2022-11-22,77.30000305175781,78.5999984741211,76.55000305175781,77.19999694824219,5296359
2022-11-23,77.69999694824219,80.19999694824219,77.44999694824219,79.19999694824219,7515737
2022-11-24,79.5,80.4000015258789,78.55000305175781,79.5,5873820
2022-11-25,79.5,81.1500015258789,79.25,80.25,8965433
2022-11-28,81.5,82.3499984741211,80.0999984741211,80.4000015258789,12305268
2022-11-29,80.69999694824219,80.80000305175781,78.5999984741211,79.19999694824219,5989912
2022-11-30,79.4000015258789,79.94999694824219,78.3499984741211,79.5,7515609
2022-12-01,79.9000015258789,80.80000305175781,78.69999694824219,79.0,6466905
2022-12-02,79.19999694824219,82.0,78.69999694824219,81.4000015258789,12783273
2022-12-05,81.9000015258789,84.44999694824219,80.44999694824219,83.44999694824219,20399306
2022-12-06,83.4000015258789,85.25,82.5,83.5999984741211,18299086
2022-12-07,84.0,87.4000015258789,82.80000305175781,83.69999694824219,54227720
2022-12-08,83.9000015258789,85.19999694824219,82.80000305175781,83.19999694824219,15244999
2022-12-09,83.75,88.80000305175781,83.5999984741211,84.94999694824219,47128910
2022-12-12,85.19999694824219,87.8499984741211,85.0999984741211,85.55000305175781,19198357
2022-12-13,86.0,86.44999694824219,83.5999984741211,84.05000305175781,10536406
2022-12-14,84.44999694824219,84.80000305175781,82.5999984741211,82.94999694824219,9446356
2022-12-15,82.75,83.8499984741211,80.5,81.25,9649483
2022-12-16,80.5999984741211,82.0999984741211,78.55000305175781,79.19999694824219,12721187
2022-12-19,79.30000305175781,80.19999694824219,77.75,79.05000305175781,7298007
2022-12-20,79.0,80.4000015258789,78.5999984741211,79.55000305175781,6899659
2022-12-21,80.0,80.75,74.75,75.69999694824219,11892786
2022-12-22,76.19999694824219,76.5999984741211,71.5,72.0,10360451
2022-12-23,71.3499984741211,71.3499984741211,65.80000305175781,66.4000015258789,10198737
2022-12-26,65.9000015258789,71.80000305175781,65.6500015258789,71.3499984741211,12945730
2022-12-27,72.0999984741211,73.80000305175781,71.44999694824219,73.4000015258789,7368348
2022-12-28,73.44999694824219,74.9000015258789,72.5999984741211,73.9000015258789,5896243
2022-12-29,73.30000305175781,74.05000305175781,72.5,73.55000305175781,3816095
2022-12-30,73.94999694824219,75.0,73.1500015258789,73.69999694824219,5062948
2023-01-02,73.9000015258789,76.6500015258789,73.3499984741211,75.5999984741211,6781121
2023-01-03,76.30000305175781,77.6500015258789,76.19999694824219,76.6500015258789,9292954
2023-01-04,76.9000015258789,76.94999694824219,73.69999694824219,74.44999694824219,6802146
2023-01-05,74.8499984741211,75.0,73.4000015258789,74.4000015258789,5705596
2023-01-06,74.44999694824219,74.75,71.9000015258789,72.75,6111673
2023-01-09,73.5,73.94999694824219,72.0,72.30000305175781,4868817
2023-01-10,72.75,73.69999694824219,71.9000015258789,72.3499984741211,6566480
2023-01-11,72.6500015258789,73.69999694824219,72.19999694824219,73.1500015258789,4405672
2023-01-12,73.5,73.55000305175781,72.0999984741211,72.4000015258789,3554357
2023-01-13,72.75,73.94999694824219,72.25,73.6500015258789,4960291
2023-01-16,73.9000015258789,74.25,72.5999984741211,72.80000305175781,2990512
2023-01-17,72.8499984741211,73.0,70.80000305175781,71.3499984741211,3699294
2023-01-18,71.55000305175781,72.8499984741211,71.30000305175781,72.0999984741211,3419247
2023-01-19,71.5999984741211,72.4000015258789,71.5,71.69999694824219,2851712
2023-01-20,72.05000305175781,72.75,71.30000305175781,71.6500015258789,3040594
2023-01-23,72.1500015258789,72.5,71.44999694824219,71.69999694824219,2673078
2023-01-24,72.30000305175781,72.44999694824219,70.5,71.05000305175781,4053384
2023-01-25,71.3499984741211,71.80000305175781,70.1500015258789,70.5,2953755
2023-01-27,70.9000015258789,71.0,67.19999694824219,67.94999694824219,5224068
2023-01-30,68.30000305175781,70.5,67.0999984741211,67.69999694824219,6016462
2023-01-31,68.0,69.80000305175781,67.80000305175781,69.30000305175781,4683005
2023-02-01,70.0,71.5,66.75,68.30000305175781,6310033
2023-02-02,68.30000305175781,71.0,67.1500015258789,69.05000305175781,8312507
2023-02-03,69.4000015258789,69.6500015258789,66.6500015258789,67.5999984741211,5377060
2023-02-06,67.55000305175781,69.80000305175781,67.05000305175781,68.8499984741211,5057426
2023-02-07,69.19999694824219,69.19999694824219,67.5,67.94999694824219,3393366
2023-02-08,68.0,69.1500015258789,67.3499984741211,67.9000015258789,3854973
2023-02-09,67.9000015258789,69.5999984741211,67.5999984741211,68.75,5080161
2023-02-10,68.5,70.19999694824219,68.0999984741211,69.4000015258789,5071381
2023-02-13,69.80000305175781,70.5999984741211,68.0999984741211,68.6500015258789,3134586
2023-02-14,68.6500015258789,69.0,67.55000305175781,67.94999694824219,2447497
2023-02-15,67.9000015258789,69.5,67.69999694824219,68.80000305175781,3826674
2023-02-16,68.9000015258789,69.9000015258789,68.0999984741211,68.55000305175781,4075310
2023-02-17,68.5,69.0,67.4000015258789,67.80000305175781,3344573
2023-02-20,68.0,68.25,67.0,67.25,3014273
2023-02-21,67.25,67.75,66.44999694824219,66.69999694824219,3590096
2023-02-22,66.30000305175781,66.69999694824219,63.54999923706055,64.5999984741211,4011250
2023-02-23,64.80000305175781,65.44999694824219,64.1500015258789,64.3499984741211,3497387
2023-02-24,64.5999984741211,66.0,63.75,64.9000015258789,3738529
2023-02-27,64.8499984741211,64.8499984741211,63.099998474121094,63.349998474121094,2751182
2023-02-28,63.45000076293945,64.30000305175781,62.79999923706055,63.849998474121094,3057751
2023-03-01,63.900001525878906,66.4000015258789,63.599998474121094,65.8499984741211,3222182
2023-03-02,65.8499984741211,66.30000305175781,65.1500015258789,65.5999984741211,2232353
2023-03-03,65.94999694824219,68.19999694824219,65.80000305175781,67.44999694824219,4381683
2023-03-06,67.6500015258789,68.25,67.19999694824219,67.75,4147861
2023-03-08,67.0,68.1500015258789,66.69999694824219,67.69999694824219,2566831
2023-03-09,67.75,70.19999694824219,67.5999984741211,68.75,10564407
2023-03-10,68.25,68.69999694824219,67.1500015258789,67.3499984741211,3253317
2023-03-13,67.4000015258789,67.6500015258789,64.1500015258789,64.69999694824219,4539363
2023-03-14,64.69999694824219,64.8499984741211,63.25,63.650001525878906,4324108
2023-03-15,64.1500015258789,64.69999694824219,63.099998474121094,63.349998474121094,3487441
2023-03-16,63.20000076293945,63.900001525878906,61.70000076293945,63.0,3959419
2023-03-17,63.349998474121094,63.70000076293945,62.349998474121094,62.54999923706055,2827461
2023-03-20,62.0,63.0,61.099998474121094,62.5,3657955
2023-03-21,62.849998474121094,63.650001525878906,61.900001525878906,62.400001525878906,3933770
2023-03-22,62.5,63.099998474121094,61.599998474121094,62.0,2820367
2023-03-23,62.0,62.75,61.849998474121094,62.20000076293945,4735304
2023-03-24,62.29999923706055,62.54999923706055,60.099998474121094,60.79999923706055,4526553
2023-03-27,61.0,61.099998474121094,56.29999923706055,57.400001525878906,9585889
2023-03-28,57.349998474121094,57.400001525878906,55.75,56.5,6887297
2023-03-29,56.79999923706055,59.400001525878906,56.400001525878906,58.75,10185193
2023-03-31,60.04999923706055,62.95000076293945,60.04999923706055,60.95000076293945,13373696
2023-04-03,61.099998474121094,62.25,60.20000076293945,61.29999923706055,4301372
2023-04-05,61.5,62.20000076293945,61.04999923706055,61.70000076293945,2407231
2023-04-06,61.70000076293945,63.29999923706055,61.70000076293945,62.5,3735429
2023-04-10,62.95000076293945,63.150001525878906,62.099998474121094,62.5,2271115
2023-04-11,62.75,64.25,62.599998474121094,63.099998474121094,3642422
2023-04-12,63.400001525878906,63.70000076293945,62.75,63.20000076293945,3350433
2023-04-13,63.400001525878906,64.55000305175781,63.29999923706055,63.849998474121094,3024457
2023-04-17,63.599998474121094,63.75,62.599998474121094,62.849998474121094,1948581
2023-04-18,63.0,63.849998474121094,62.099998474121094,62.400001525878906,2732605
2023-04-19,62.349998474121094,62.54999923706055,61.04999923706055,61.20000076293945,2735199
2023-04-20,61.349998474121094,61.79999923706055,60.95000076293945,61.25,1859408
2023-04-21,61.25,62.70000076293945,60.349998474121094,61.95000076293945,2911352
2023-04-24,62.04999923706055,64.5,61.400001525878906,63.75,7291817
2023-04-25,63.849998474121094,64.30000305175781,62.5,62.900001525878906,3650949
2023-04-26,62.79999923706055,63.599998474121094,62.349998474121094,63.099998474121094,3305837
2023-04-27,63.099998474121094,63.79999923706055,62.79999923706055,62.900001525878906,2308508
2023-04-28,63.400001525878906,65.69999694824219,63.349998474121094,64.80000305175781,8525932
2023-05-02,65.1500015258789,65.5999984741211,64.0999984741211,64.44999694824219,4197389
2023-05-03,64.0,65.5999984741211,63.70000076293945,64.9000015258789,4769177
2023-05-04,65.0,68.0,64.9000015258789,67.5,13273982
2023-05-05,67.3499984741211,68.44999694824219,66.30000305175781,66.5999984741211,5568326
2023-05-08,66.80000305175781,67.75,65.80000305175781,66.25,3818065
2023-05-09,66.0,67.69999694824219,64.5999984741211,66.6500015258789,12523785
2023-05-10,67.19999694824219,68.6500015258789,66.05000305175781,66.5,4812446
2023-05-11,66.80000305175781,68.30000305175781,65.69999694824219,67.4000015258789,3621723
2023-05-12,66.9000015258789,67.30000305175781,65.9000015258789,66.19999694824219,2022589
2023-05-15,66.30000305175781,69.19999694824219,65.4000015258789,68.05000305175781,8362404
2023-05-16,68.1500015258789,68.44999694824219,67.0999984741211,67.4000015258789,3849990
2023-05-17,67.19999694824219,67.80000305175781,65.8499984741211,66.4000015258789,3361846
2023-05-18,66.80000305175781,66.80000305175781,65.3499984741211,65.55000305175781,2246103
2023-05-19,65.8499984741211,65.8499984741211,64.1500015258789,64.8499984741211,3263323
2023-05-22,64.4000015258789,65.94999694824219,64.05000305175781,65.25,3328229
2023-05-23,65.5,65.5,64.0999984741211,64.3499984741211,2768696
2023-05-24,64.25,65.30000305175781,64.0,64.1500015258789,2278045
2023-05-25,64.19999694824219,64.44999694824219,63.25,63.400001525878906,2235848
2023-05-26,63.599998474121094,64.4000015258789,63.0,63.349998474121094,2528995
2023-05-29,63.900001525878906,64.0999984741211,63.20000076293945,63.349998474121094,2111006
2023-05-30,63.5,64.1500015258789,63.25,63.349998474121094,2216204
2023-05-31,63.29999923706055,64.9000015258789,62.79999923706055,64.69999694824219,4363560
2023-06-01,64.80000305175781,65.6500015258789,64.3499984741211,64.55000305175781,2822269
2023-06-02,64.9000015258789,65.44999694824219,64.30000305175781,64.6500015258789,5684496
2023-06-05,65.0,68.1500015258789,64.94999694824219,67.5,13345652
2023-06-06,67.75,68.19999694824219,66.75,67.05000305175781,3520611
2023-06-07,67.5,69.80000305175781,66.94999694824219,69.0,10435722
2023-06-08,69.5999984741211,70.94999694824219,67.8499984741211,68.8499984741211,13627323
2023-06-09,69.25,72.0,69.19999694824219,70.1500015258789,16539389
2023-06-12,70.44999694824219,71.5999984741211,69.80000305175781,70.4000015258789,8218927
2023-06-13,71.0,72.30000305175781,69.69999694824219,70.0,13323141
2023-06-14,70.4000015258789,71.1500015258789,69.5999984741211,69.80000305175781,6066199
2023-06-15,69.9000015258789,70.44999694824219,68.1500015258789,68.6500015258789,4024887
2023-06-16,68.80000305175781,69.4000015258789,68.1500015258789,68.4000015258789,4196086
2023-06-19,68.5,70.4000015258789,68.30000305175781,68.5,9362483
2023-06-20,68.69999694824219,69.05000305175781,67.0999984741211,68.1500015258789,6075220
2023-06-21,68.30000305175781,69.55000305175781,67.4000015258789,67.6500015258789,9285414
2023-06-22,67.9000015258789,68.6500015258789,66.3499984741211,66.6500015258789,4529199
2023-06-23,66.8499984741211,66.8499984741211,65.25,65.55000305175781,3273937
2023-06-26,65.55000305175781,66.05000305175781,64.8499984741211,65.05000305175781,3357912
2023-06-27,65.30000305175781,66.55000305175781,64.8499984741211,65.5,5345465
2023-06-28,65.5999984741211,66.3499984741211,64.5999984741211,64.75,4121218
2023-06-30,65.0,65.6500015258789,64.75,64.94999694824219,3075117
2023-07-03,66.05000305175781,69.3499984741211,66.05000305175781,68.25,18679092
2023-07-04,68.6500015258789,69.1500015258789,67.4000015258789,67.5999984741211,4244083
2023-07-05,67.6500015258789,67.9000015258789,66.9000015258789,67.05000305175781,3010068
2023-07-06,67.05000305175781,68.0999984741211,66.94999694824219,67.5999984741211,3980559
2023-07-07,67.4000015258789,67.69999694824219,66.25,66.69999694824219,2998096
2023-07-10,66.8499984741211,66.8499984741211,65.0,65.30000305175781,3053810
2023-07-11,65.44999694824219,66.5,65.3499984741211,65.5999984741211,3146791
2023-07-12,65.8499984741211,66.0,64.55000305175781,64.75,3698893
2023-07-13,65.0,65.3499984741211,63.70000076293945,63.95000076293945,3356786
2023-07-14,63.95000076293945,64.5,63.45000076293945,64.0999984741211,3855274
2023-07-17,64.5,66.4000015258789,64.3499984741211,66.0,4691306
2023-07-18,66.19999694824219,66.44999694824219,64.80000305175781,64.94999694824219,2808201
2023-07-19,65.0,66.30000305175781,64.69999694824219,66.05000305175781,4392506
2023-07-20,66.1500015258789,66.9000015258789,65.0999984741211,65.25,3411194
2023-07-21,65.0,65.44999694824219,64.6500015258789,64.75,3422277
2023-07-24,64.75,65.4000015258789,64.5,64.55000305175781,2663983
2023-07-25,64.80000305175781,65.5999984741211,64.69999694824219,64.94999694824219,3446629
2023-07-26,65.19999694824219,66.1500015258789,64.80000305175781,65.0,2857187
2023-07-27,65.0999984741211,65.3499984741211,63.54999923706055,63.70000076293945,5189013
2023-07-28,63.79999923706055,64.55000305175781,63.5,63.75,3633414
2023-07-31,64.0,64.4000015258789,63.650001525878906,63.79999923706055,2988190
2023-08-01,64.05000305175781,66.75,63.75,66.1500015258789,13863049
2023-08-02,66.30000305175781,67.0999984741211,64.4000015258789,65.1500015258789,7501187
2023-08-03,65.0999984741211,65.94999694824219,64.69999694824219,65.6500015258789,3512546
2023-08-04,66.0,66.44999694824219,65.05000305175781,65.44999694824219,3548567
2023-08-07,68.6500015258789,75.19999694824219,68.0999984741211,73.1500015258789,82571092
2023-08-08,73.80000305175781,73.8499984741211,69.9000015258789,70.19999694824219,18959399
2023-08-09,70.44999694824219,72.5999984741211,69.94999694824219,71.80000305175781,13091607
2023-08-10,71.80000305175781,72.05000305175781,69.5,69.8499984741211,6633810
2023-08-11,70.25,70.9000015258789,68.55000305175781,68.80000305175781,5322266
2023-08-14,68.80000305175781,68.80000305175781,66.8499984741211,67.94999694824219,4411282
2023-08-16,67.5,69.3499984741211,67.3499984741211,68.6500015258789,4099613
2023-08-17,68.6500015258789,69.30000305175781,67.55000305175781,68.0,3505589
2023-08-18,68.05000305175781,68.69999694824219,67.0999984741211,67.25,3282196
2023-08-21,67.44999694824219,68.25,66.75,67.05000305175781,3253280
2023-08-22,67.25,68.80000305175781,67.1500015258789,67.80000305175781,7643950
2023-08-23,67.9000015258789,68.5,67.05000305175781,67.3499984741211,7459049
2023-08-24,67.75,70.25,67.3499984741211,68.94999694824219,28108178
2023-08-25,68.80000305175781,72.8499984741211,68.6500015258789,71.5,41741414
2023-08-28,72.0,72.30000305175781,70.5999984741211,71.44999694824219,13178184
2023-08-29,71.5999984741211,73.25,70.5,71.4000015258789,15128266
2023-08-30,71.6500015258789,74.6500015258789,70.94999694824219,72.8499984741211,28450150
2023-08-31,73.0,76.9000015258789,73.0,76.19999694824219,37712192
2023-09-01,77.4000015258789,78.55000305175781,73.94999694824219,74.8499984741211,26917281
2023-09-04,75.4000015258789,77.30000305175781,74.8499984741211,75.30000305175781,14672516
2023-09-05,75.4000015258789,80.5,74.55000305175781,79.3499984741211,44880947
2023-09-06,79.6500015258789,80.94999694824219,78.19999694824219,78.80000305175781,19672811
2023-09-07,78.94999694824219,79.5999984741211,77.19999694824219,77.6500015258789,9699663
2023-09-08,78.0,78.4000015258789,76.0,76.1500015258789,9947633
2023-09-11,76.5999984741211,78.55000305175781,76.5999984741211,77.30000305175781,15472425
2023-09-12,78.0,78.25,71.19999694824219,71.69999694824219,16082178
2023-09-13,72.1500015258789,73.8499984741211,71.19999694824219,73.4000015258789,8259981
2023-09-14,73.80000305175781,75.30000305175781,73.4000015258789,74.0,6207543
2023-09-15,74.3499984741211,74.94999694824219,72.30000305175781,72.9000015258789,8133621
2023-09-18,75.0,77.55000305175781,73.44999694824219,74.05000305175781,26097873
2023-09-20,73.9000015258789,75.5,73.25,73.9000015258789,7781450
2023-09-21,73.9000015258789,74.5,72.55000305175781,73.80000305175781,8569336
2023-09-22,73.75,74.0999984741211,72.0999984741211,72.30000305175781,6135937
2023-09-25,72.5,72.80000305175781,71.5,71.69999694824219,4139573
2023-09-26,71.69999694824219,73.19999694824219,71.3499984741211,71.5999984741211,5263678
2023-09-27,71.80000305175781,76.5999984741211,71.6500015258789,75.94999694824219,32477186
2023-09-28,76.0999984741211,77.5,75.05000305175781,76.0,13522002
2023-09-29,76.5,80.19999694824219,75.69999694824219,77.1500015258789,28070817
2023-10-03,76.69999694824219,78.25,76.30000305175781,77.5,11686714
2023-10-04,77.0,77.55000305175781,74.1500015258789,75.0,7589608
2023-10-05,75.5,75.8499984741211,73.6500015258789,74.05000305175781,4735510
2023-10-06,74.5,76.25,73.80000305175781,75.3499984741211,6706942
2023-10-09,73.44999694824219,73.69999694824219,71.75,72.1500015258789,6624292
2023-10-10,72.69999694824219,73.69999694824219,72.5999984741211,73.05000305175781,4291383
2023-10-11,73.55000305175781,74.4000015258789,72.8499984741211,73.1500015258789,4275608
2023-10-12,73.44999694824219,74.19999694824219,72.5,72.9000015258789,4524253
2023-10-13,72.44999694824219,76.1500015258789,72.3499984741211,74.55000305175781,16161122
2023-10-16,74.8499984741211,76.3499984741211,74.69999694824219,75.80000305175781,9371515
2023-10-17,76.25,76.8499984741211,73.9000015258789,74.4000015258789,7552077
2023-10-18,74.5999984741211,75.1500015258789,72.44999694824219,72.94999694824219,7159987
2023-10-19,72.5999984741211,74.25,72.5,73.0,4724519
2023-10-20,71.0,71.69999694824219,67.9000015258789,68.8499984741211,12781867
2023-10-23,68.80000305175781,68.94999694824219,64.5,64.8499984741211,11020427
2023-10-25,65.05000305175781,66.69999694824219,62.0,63.650001525878906,8855789
2023-10-26,63.599998474121094,63.900001525878906,61.5,63.349998474121094,6922516
2023-10-27,63.849998474121094,65.6500015258789,63.849998474121094,64.5999984741211,8884326
2023-10-30,64.80000305175781,65.94999694824219,64.4000015258789,65.1500015258789,4846851
2023-10-31,65.5999984741211,66.3499984741211,65.0,65.19999694824219,4232467
2023-11-01,65.3499984741211,65.6500015258789,64.25,64.44999694824219,3059898
2023-11-02,64.94999694824219,65.5,64.6500015258789,64.8499984741211,2252947
2023-11-03,65.30000305175781,67.94999694824219,65.1500015258789,66.05000305175781,7705809
2023-11-06,66.44999694824219,66.80000305175781,65.6500015258789,65.8499984741211,3925113
2023-11-07,65.69999694824219,67.19999694824219,65.69999694824219,66.25,3476766
2023-11-08,66.5999984741211,67.0,65.94999694824219,66.0999984741211,3054725
2023-11-09,66.4000015258789,66.5,65.3499984741211,65.55000305175781,2495579
2023-11-10,65.4000015258789,66.25,65.05000305175781,65.69999694824219,2682583
2023-11-13,66.19999694824219,66.6500015258789,65.6500015258789,65.9000015258789,2557117
2023-11-15,66.80000305175781,69.1500015258789,66.19999694824219,68.3499984741211,10051485
2023-11-16,68.4000015258789,71.25,68.05000305175781,69.5999984741211,11452636
2023-11-17,69.6500015258789,70.1500015258789,68.55000305175781,68.80000305175781,4279287
2023-11-20,69.0999984741211,69.19999694824219,67.5,68.19999694824219,3494673
2023-11-21,68.30000305175781,68.5999984741211,67.3499984741211,67.5999984741211,3312042
2023-11-22,67.5999984741211,68.0999984741211,65.8499984741211,66.55000305175781,4010334
2023-11-23,66.75,68.19999694824219,66.5999984741211,66.94999694824219,3859392
2023-11-24,67.0999984741211,68.19999694824219,66.55000305175781,66.75,4559743
2023-11-28,67.0,67.44999694824219,66.5,66.69999694824219,3284836
2023-11-29,67.0,68.75,66.5999984741211,66.9000015258789,4174532
2023-11-30,67.0999984741211,67.75,66.4000015258789,66.6500015258789,5386972
2023-12-01,67.0,68.0,66.5999984741211,66.75,3704472
2023-12-04,68.0,68.69999694824219,67.44999694824219,67.69999694824219,5394266
2023-12-05,67.80000305175781,68.5,66.44999694824219,66.8499984741211,6180720
2023-12-06,67.1500015258789,67.4000015258789,65.94999694824219,66.44999694824219,5511041
2023-12-07,66.75,71.69999694824219,66.5,70.3499984741211,30944967
2023-12-08,70.69999694824219,71.4000015258789,67.80000305175781,68.30000305175781,9725191
2023-12-11,68.55000305175781,69.19999694824219,68.1500015258789,68.44999694824219,5709768
2023-12-12,68.69999694824219,69.44999694824219,67.4000015258789,67.5999984741211,6287029
2023-12-13,67.80000305175781,68.5999984741211,67.4000015258789,68.05000305175781,4703278
2023-12-14,68.5,68.8499984741211,67.55000305175781,67.75,4611654
2023-12-15,68.0,76.30000305175781,67.9000015258789,74.0999984741211,85909624
2023-12-18,74.80000305175781,81.1500015258789,74.19999694824219,78.0999984741211,117218898
2023-12-19,78.55000305175781,82.0999984741211,76.8499984741211,81.05000305175781,63856429
2023-12-20,82.19999694824219,83.0999984741211,74.0,74.55000305175781,56801214
2023-12-21,74.0,77.69999694824219,72.6500015258789,77.30000305175781,28387133
2023-12-22,77.69999694824219,83.5,77.0999984741211,82.0,96176248
2023-12-26,82.75,86.69999694824219,82.6500015258789,85.80000305175781,89498056
2023-12-27,86.4000015258789,87.4000015258789,83.30000305175781,84.0999984741211,42923515
2023-12-28,84.4000015258789,84.55000305175781,81.5,82.75,29032391
2023-12-29,83.0,84.75,81.69999694824219,84.1500015258789,24134427
2024-01-01,85.9000015258789,88.69999694824219,84.0999984741211,84.55000305175781,39295978
2024-01-02,85.0,86.25,82.55000305175781,85.19999694824219,27995040
2024-01-03,85.0,90.4000015258789,83.55000305175781,88.05000305175781,37469600
2024-01-04,88.9000015258789,94.6500015258789,88.0,91.25,114078436
2024-01-05,91.8499984741211,92.94999694824219,89.4000015258789,91.94999694824219,36278438
2024-01-08,92.1500015258789,93.94999694824219,90.6500015258789,91.80000305175781,30058600
2024-01-09,92.4000015258789,93.0,90.0,90.5999984741211,22853557
2024-01-10,90.75,90.80000305175781,88.0999984741211,89.0,17582934
2024-01-11,89.30000305175781,91.44999694824219,88.75,89.19999694824219,18782724
2024-01-12,89.6500015258789,90.6500015258789,87.05000305175781,87.69999694824219,12352599
2024-01-15,87.94999694824219,89.55000305175781,85.80000305175781,88.4000015258789,26633387
2024-01-16,88.6500015258789,89.9000015258789,84.3499984741211,86.0999984741211,21200731
2024-01-17,84.75,86.6500015258789,83.0999984741211,84.0,14360146
2024-01-18,83.25,85.05000305175781,81.19999694824219,84.5999984741211,16519441
2024-01-19,85.0999984741211,90.94999694824219,83.80000305175781,88.55000305175781,32726022
2024-01-23,101.25,103.80000305175781,92.6500015258789,93.6500015258789,70934276
2024-01-24,94.25,107.19999694824219,93.0,105.6500015258789,142518213
2024-01-25,106.5999984741211,108.80000305175781,103.80000305175781,105.75,80094032
2024-01-29,106.4000015258789,108.0,101.6500015258789,103.25,27205254
2024-01-30,103.9000015258789,105.0,100.0999984741211,101.05000305175781,20236161
2024-01-31,101.0,104.69999694824219,101.0,103.0999984741211,15237495
2024-02-01,103.94999694824219,105.25,99.0,103.44999694824219,16705582
2024-02-02,99.6500015258789,102.0,96.0999984741211,96.80000305175781,27295902
2024-02-05,97.3499984741211,103.4000015258789,97.25,98.25,28710804
2024-02-06,98.8499984741211,104.3499984741211,98.0,103.5,49773379
2024-02-07,104.3499984741211,107.5999984741211,101.25,105.80000305175781,44856361
2024-02-08,107.0,112.44999694824219,105.19999694824219,107.05000305175781,77772611
2024-02-09,107.19999694824219,107.3499984741211,98.75,102.0999984741211,39678094
2024-02-12,102.55000305175781,102.69999694824219,92.9000015258789,94.05000305175781,26310702
2024-02-13,95.0,97.3499984741211,89.94999694824219,96.69999694824219,26819226
2024-02-14,95.0,100.6500015258789,94.25,99.55000305175781,17975536
2024-02-15,99.8499984741211,102.5,99.30000305175781,101.69999694824219,18419125
2024-02-16,102.0999984741211,103.05000305175781,99.1500015258789,100.4000015258789,12642154
2024-02-19,100.9000015258789,110.69999694824219,99.6500015258789,107.30000305175781,75541679
2024-02-20,107.80000305175781,113.30000305175781,107.5,110.8499984741211,85981341
2024-02-21,110.4000015258789,115.75,108.5,112.19999694824219,100721176
2024-02-22,112.80000305175781,116.44999694824219,109.4000015258789,115.1500015258789,71453350
2024-02-23,114.8499984741211,116.69999694824219,111.0999984741211,112.30000305175781,34300190
2024-02-26,112.0,117.4000015258789,110.0,115.0999984741211,38708823
2024-02-27,115.94999694824219,117.80000305175781,111.5999984741211,112.75,36197163
2024-02-28,112.94999694824219,113.5,104.05000305175781,104.8499984741211,36949265
2024-02-29,105.0,107.5999984741211,102.0999984741211,107.30000305175781,33571297
2024-03-01,107.94999694824219,112.19999694824219,107.4000015258789,108.4000015258789,28760836
2024-03-04,108.8499984741211,112.30000305175781,106.4000015258789,110.55000305175781,25112238
2024-03-05,109.9000015258789,112.0,107.1500015258789,108.0999984741211,26194032
2024-03-06,107.55000305175781,107.55000305175781,102.3499984741211,103.4000015258789,21374177
2024-03-07,104.0999984741211,105.1500015258789,102.0999984741211,102.55000305175781,13437190
2024-03-11,102.75,102.94999694824219,95.05000305175781,95.69999694824219,21874509
2024-03-12,96.0,96.94999694824219,91.80000305175781,92.6500015258789,28026862
2024-03-13,93.0,94.4000015258789,80.25,83.69999694824219,37865971
2024-03-14,82.30000305175781,91.44999694824219,82.30000305175781,90.6500015258789,30025156
2024-03-15,89.94999694824219,92.94999694824219,87.30000305175781,90.0999984741211,23353125
2024-03-18,90.0999984741211,92.30000305175781,88.25,90.0999984741211,16308070
2024-03-19,89.5,92.75,86.3499984741211,87.3499984741211,21191489
2024-03-20,88.19999694824219,89.5999984741211,85.30000305175781,87.44999694824219,14085001
2024-03-21,89.0,90.8499984741211,88.75,89.0999984741211,11615072
2024-03-22,89.0999984741211,93.25,89.0,92.0999984741211,18475914
2024-03-26,92.1500015258789,92.9000015258789,90.25,90.55000305175781,15077486
2024-03-27,90.75,94.30000305175781,90.75,92.94999694824219,29057965
2024-03-28,93.3499984741211,94.3499984741211,91.3499984741211,91.80000305175781,10339390
2024-04-01,92.55000305175781,99.30000305175781,92.30000305175781,98.5999984741211,21764045
2024-04-02,98.8499984741211,100.4000015258789,96.80000305175781,99.05000305175781,18144552
2024-04-03,98.44999694824219,100.3499984741211,98.05000305175781,98.5999984741211,12529712
2024-04-04,99.44999694824219,101.0,96.5999984741211,97.4000015258789,15807039
2024-04-05,97.5999984741211,99.5999984741211,96.80000305175781,99.05000305175781,10546347
2024-04-08,99.5999984741211,100.69999694824219,96.55000305175781,97.0,10689126
2024-04-09,97.4000015258789,98.0,95.5999984741211,97.05000305175781,10072580
2024-04-10,97.3499984741211,97.44999694824219,95.30000305175781,96.5,8611155
2024-04-12,96.69999694824219,101.30000305175781,96.69999694824219,99.0,33874602
2024-04-15,95.94999694824219,96.9000015258789,92.5999984741211,94.6500015258789,17075845
2024-04-16,93.0999984741211,96.0999984741211,93.0999984741211,94.1500015258789,8760640
2024-04-18,94.69999694824219,95.5,91.5999984741211,92.30000305175781,11491860
2024-04-19,90.80000305175781,93.0,89.55000305175781,91.80000305175781,9279741
2024-04-22,93.44999694824219,96.5,92.0,95.0999984741211,12262973
2024-04-23,95.5999984741211,98.6500015258789,95.4000015258789,96.30000305175781,25074452
2024-04-24,96.94999694824219,97.94999694824219,96.0999984741211,96.3499984741211,7267210
2024-04-25,96.0,98.19999694824219,95.80000305175781,97.0999984741211,9088625
2024-04-26,97.25,97.6500015258789,95.55000305175781,95.80000305175781,8205604
2024-04-29,96.3499984741211,99.0,95.6500015258789,97.94999694824219,20542524
2024-04-30,98.3499984741211,103.80000305175781,98.0,100.5,55534187
2024-05-02,101.8499984741211,104.4000015258789,100.05000305175781,103.5999984741211,35446967
2024-05-03,104.0999984741211,106.3499984741211,99.05000305175781,100.5999984741211,53454401
2024-05-06,101.25,102.5999984741211,97.3499984741211,98.0,22485869
2024-05-07,98.69999694824219,99.25,95.25,96.5999984741211,13778610
2024-05-08,96.0,97.75,95.44999694824219,96.6500015258789,11441340
2024-05-09,96.9000015258789,97.3499984741211,92.5,93.19999694824219,9654703
2024-05-10,93.94999694824219,94.19999694824219,90.55000305175781,93.69999694824219,9526574
2024-05-13,93.30000305175781,93.55000305175781,90.19999694824219,92.9000015258789,10232874
2024-05-14,93.55000305175781,96.6500015258789,93.30000305175781,96.3499984741211,9331913
2024-05-15,96.6500015258789,98.25,95.5,97.30000305175781,10791167
2024-05-16,97.0,97.75,95.5,95.94999694824219,7322639
2024-05-17,96.30000305175781,97.0,95.5999984741211,96.5999984741211,6063669
2024-05-21,101.75,103.0999984741211,100.0,100.55000305175781,14217727
2024-05-22,100.55000305175781,104.0999984741211,100.55000305175781,102.94999694824219,18068681
2024-05-23,102.9000015258789,103.0999984741211,100.05000305175781,100.55000305175781,8867002
2024-05-24,99.55000305175781,104.25,98.8499984741211,103.1500015258789,19124367
2024-05-27,103.55000305175781,108.80000305175781,103.5,106.05000305175781,53978252
2024-05-28,106.8499984741211,109.4000015258789,104.4000015258789,105.25,44478664
2024-05-29,104.8499984741211,106.6500015258789,103.6500015258789,104.3499984741211,13922300
2024-05-30,104.0,104.30000305175781,100.5,101.44999694824219,13135368
2024-05-31,101.94999694824219,104.5,99.44999694824219,103.75,19562723
2024-06-03,108.0999984741211,108.0999984741211,102.69999694824219,103.55000305175781,20733216
2024-06-04,102.0,102.0,82.8499984741211,83.44999694824219,42816848
2024-06-05,86.69999694824219,91.25,83.8499984741211,90.0999984741211,23515467
2024-06-06,92.69999694824219,95.0,91.94999694824219,94.1500015258789,17066161
2024-06-07,94.0,98.3499984741211,93.25,97.44999694824219,14904003
2024-06-10,97.5999984741211,100.0999984741211,97.44999694824219,98.37000274658203,12259637
2024-06-11,98.4000015258789,108.33999633789062,97.0999984741211,107.56999969482422,68533806
2024-06-12,108.0,112.48999786376953,106.69999694824219,111.56999969482422,66304221
2024-06-13,112.5,114.30000305175781,111.4000015258789,112.2300033569336,46383556
2024-06-14,112.5999984741211,120.30000305175781,111.62000274658203,117.94999694824219,100724538
2024-06-18,124.0,129.0,122.75,124.19000244140625,134767373
2024-06-19,124.69999694824219,130.5,119.0999984741211,127.02999877929688,103780909
2024-06-20,127.19999694824219,129.5,123.75,124.5199966430664,44175866
2024-06-21,124.0199966430664,125.5,120.76000213623047,121.4800033569336,26308724
2024-06-24,116.4000015258789,119.9000015258789,112.25,116.75,32723863
2024-06-25,117.9000015258789,120.30000305175781,114.55999755859375,115.08999633789062,27787672
2024-06-26,115.80000305175781,117.2300033569336,113.75,115.26000213623047,27631323
2024-06-27,115.5,117.05000305175781,110.0,111.08000183105469,27420759
2024-06-28,111.0,116.80000305175781,107.48999786376953,113.16999816894531,76735218
2024-07-01,114.0,118.29000091552734,112.7300033569336,114.54000091552734,32126458
2024-07-02,114.98999786376953,116.25,111.80000305175781,112.66000366210938,19433970
2024-07-03,113.30000305175781,120.62000274658203,112.6500015258789,118.70999908447266,37446162
2024-07-04,121.0,126.58999633789062,120.58000183105469,125.0199966430664,81231538
2024-07-05,125.3499984741211,131.5,124.31999969482422,130.36000061035156,81150138
2024-07-08,131.0,135.39999389648438,128.5800018310547,131.2899932861328,62798648
2024-07-09,132.0,133.10000610351562,126.0,126.70999908447266,32470004
2024-07-10,127.0,128.08999633789062,120.41999816894531,122.91000366210938,41380482
2024-07-11,123.8499984741211,126.25,123.31999969482422,124.0999984741211,30814134
2024-07-12,124.9000015258789,125.48999786376953,120.0,120.6500015258789,18974550
2024-07-15,121.0,124.18000030517578,119.51000213623047,122.61000061035156,24171375
2024-07-16,123.19999694824219,123.48999786376953,119.5999984741211,120.12999725341797,13812272
2024-07-18,119.79000091552734,120.44999694824219,116.44999694824219,117.83999633789062,17898873
2024-07-19,117.5,117.55000305175781,113.8499984741211,115.5,16767204
2024-07-22,113.37000274658203,118.23999786376953,112.5,117.44999694824219,15591688
2024-07-23,117.5,117.88999938964844,105.4000015258789,112.52999877929688,22695699
2024-07-24,112.5,120.69999694824219,112.25,119.45999908447266,38491498
2024-07-25,119.0,125.0999984741211,117.3499984741211,118.30999755859375,47128405
2024-07-26,118.66000366210938,124.5999984741211,117.55000305175781,123.25,32948436
2024-07-29,123.80999755859375,131.0,123.5,129.82000732421875,67512941
2024-07-30,128.25,135.6999969482422,128.16000366210938,134.80999755859375,76304970
2024-07-31,136.3000030517578,137.52999877929688,132.00999450683594,134.5399932861328,46816752
2024-08-01,134.5800018310547,140.5,133.3000030517578,134.3699951171875,71593483
2024-08-02,131.6999969482422,135.8000030517578,130.0,132.77000427246094,47960008
2024-08-05,127.0999984741211,130.5,122.2699966430664,124.45999908447266,47529025
2024-08-06,126.48999786376953,129.8800048828125,122.69999694824219,123.6500015258789,29474132
2024-08-07,126.44999694824219,139.7899932861328,124.30000305175781,137.89999389648438,111529895
2024-08-08,138.5,142.5,135.2100067138672,136.44000244140625,90092092
2024-08-09,137.75,138.1999969482422,131.61000061035156,132.50999450683594,43769620
2024-08-12,133.10000610351562,143.1999969482422,130.66000366210938,140.4199981689453,97933373
2024-08-13,142.0,146.1999969482422,135.75,136.4199981689453,74871556
2024-08-14,136.6999969482422,137.74000549316406,130.5,131.38999938964844,43547033
2024-08-16,133.60000610351562,134.25,130.80999755859375,131.7100067138672,28783090
2024-08-19,132.75,138.38999938964844,131.72000122070312,137.5399932861328,39467432
2024-08-20,138.0,142.5,137.10000610351562,140.7899932861328,48812603
2024-08-21,139.58999633789062,148.5,138.72000122070312,146.61000061035156,80012635
2024-08-22,145.5,150.6999969482422,144.57000732421875,145.61000061035156,55554468
2024-08-23,146.0,151.22999572753906,143.33999633789062,149.97999572753906,62355062
2024-08-26,150.5,151.88999938964844,145.25,146.14999389648438,33201517
2024-08-27,146.14999389648438,150.39999389648438,145.5,148.02000427246094,25519951
2024-08-28,148.0,149.25,145.2100067138672,146.36000061035156,17395873
2024-08-29,146.25,148.19000244140625,141.75,146.7899932861328,34214211
2024-08-30,147.0,152.0,145.25,149.6199951171875,31396131
2024-09-02,149.6199951171875,150.22000122070312,146.00999450683594,147.49000549316406,19920242
2024-09-03,147.25,155.0,146.6999969482422,152.72999572753906,72331894
2024-09-04,152.0,156.75,149.8699951171875,153.35000610351562,44839217
2024-09-05,154.39999389648438,160.3000030517578,152.6699981689453,157.58999633789062,55212229
2024-09-06,157.49000549316406,160.66000366210938,152.19000244140625,152.88999938964844,40340937
2024-09-09,152.6999969482422,154.88999938964844,149.00999450683594,153.47000122070312,29955389
2024-09-10,153.47000122070312,156.35000610351562,152.60000610351562,154.27000427246094,18370696
2024-09-11,154.3000030517578,155.25,146.25,147.0500030517578,27148390
2024-09-12,147.85000610351562,152.2899932861328,146.85000610351562,150.39999389648438,27424865
2024-09-13,150.75,155.97999572753906,150.25999450683594,150.72000122070312,25419575
2024-09-16,151.1999969482422,151.75,148.5500030517578,149.6199951171875,12795460
2024-09-17,149.35000610351562,155.32000732421875,148.9499969482422,153.6300048828125,39043901
2024-09-18,153.8000030517578,162.0,151.5,157.19000244140625,73753268
2024-09-19,158.89999389648438,162.88999938964844,151.80999755859375,154.67999267578125,50852319
2024-09-20,155.88999938964844,163.39999389648438,155.61000061035156,161.80999755859375,51799301
2024-09-23,166.0,171.0,160.50999450683594,161.41000366210938,74114528
2024-09-24,161.85000610351562,163.17999267578125,155.82000732421875,156.47000122070312,29258238
2024-09-25,156.47000122070312,159.35000610351562,154.85000610351562,158.35000610351562,25582500
2024-09-26,157.8000030517578,158.25999450683594,154.10000610351562,154.7899932861328,12841726
2024-09-27,154.7899932861328,156.3699951171875,150.30999755859375,151.0,18664270
2024-09-30,150.5,151.49000549316406,147.5500030517578,148.38999938964844,17486935
2024-10-01,148.72999572753906,152.74000549316406,147.60000610351562,148.6199951171875,18282976
2024-10-03,146.3000030517578,147.6999969482422,140.1999969482422,141.25999450683594,23657348
2024-10-04,141.35000610351562,143.8000030517578,137.33999633789062,139.8300018310547,29172729
2024-10-07,139.97999572753906,141.5,129.16000366210938,130.25,32908553
2024-10-08,130.0,141.6999969482422,128.80999755859375,140.6699981689453,36591834
2024-10-09,141.75,142.85000610351562,138.63999938964844,139.25999450683594,17612249
2024-10-10,140.4499969482422,141.1999969482422,137.8000030517578,138.52000427246094,9758321
2024-10-11,139.0500030517578,140.6300048828125,137.0,137.52000427246094,10248827
2024-10-14,138.39999389648438,140.77000427246094,136.22999572753906,136.6999969482422,10387015
2024-10-15,137.10000610351562,138.47000122070312,134.61000061035156,134.89999389648438,9020999
2024-10-16,134.89999389648438,138.5399932861328,134.25999450683594,137.85000610351562,13831523
2024-10-17,137.8000030517578,137.99000549316406,131.39999389648438,132.52000427246094,11767270
2024-10-18,131.0,132.27999877929688,126.9800033569336,130.07000732421875,17042504
2024-10-21,131.1999969482422,132.83999633789062,123.9000015258789,124.97000122070312,17190104
2024-10-22,121.4000015258789,122.37999725341797,113.55000305175781,114.9000015258789,40452014
2024-10-23,115.9000015258789,123.9000015258789,112.56999969482422,121.93000030517578,28978501
2024-10-24,122.25,123.05000305175781,116.69999694824219,116.98999786376953,15254870
2024-10-25,117.7300033569336,118.30000305175781,111.51000213623047,113.27999877929688,20175998
2024-10-28,114.9000015258789,119.05000305175781,112.3499984741211,117.37999725341797,14625084
2024-10-29,117.25,118.86000061035156,114.6500015258789,117.20999908447266,11886164
2024-10-30,116.80999755859375,121.6500015258789,115.68000030517578,118.98999786376953,14959506
2024-10-31,118.5,122.69999694824219,116.91000366210938,121.69000244140625,17196532
2024-11-01,122.05999755859375,122.80000305175781,121.05999755859375,121.88999938964844,4093134
2024-11-04,121.5999984741211,121.80000305175781,117.3499984741211,119.36000061035156,13044018
2024-11-05,119.36000061035156,128.97999572753906,118.5999984741211,127.83000183105469,38171252
2024-11-06,129.11000061035156,131.5,127.22000122070312,127.93000030517578,23012805
2024-11-07,128.10000610351562,129.58999633789062,124.5,124.93000030517578,13290530
2024-11-08,125.38999938964844,131.25,123.30000305175781,126.79000091552734,31358773
2024-11-11,126.05000305175781,133.8000030517578,123.70999908447266,128.10000610351562,33272873
2024-11-12,129.5,132.8800048828125,125.0999984741211,126.20999908447266,24478044
2024-11-13,125.5,127.47000122070312,120.0199966430664,120.69999694824219,16794140
2024-11-14,121.6500015258789,128.3000030517578,121.43000030517578,126.88999938964844,29193373
2024-11-18,128.6999969482422,129.89999389648438,125.43000030517578,127.73999786376953,16152272
2024-11-19,128.0,132.39999389648438,127.80000305175781,129.24000549316406,17406221
2024-11-21,128.25,128.69000244140625,125.70999908447266,127.33999633789062,11893049
2024-11-22,127.88999938964844,130.0500030517578,125.16000366210938,126.27999877929688,13007261
2024-11-25,129.3000030517578,130.85000610351562,126.30000305175781,126.97000122070312,9808320
2024-11-26,127.52999877929688,129.44000244140625,126.69999694824219,128.22999572753906,9930221
2024-11-27,128.42999267578125,134.14999389648438,127.48999786376953,133.5399932861328,21389448
2024-11-28,134.0,135.92999267578125,132.3300018310547,133.19000244140625,17052000
2024-11-29,133.6999969482422,134.89999389648438,128.52000427246094,129.08999633789062,20074283
2024-12-02,129.0,131.32000732421875,128.5,129.52000427246094,9203076
2024-12-03,129.85000610351562,132.6999969482422,129.8000030517578,130.17999267578125,9018349
2024-12-04,130.5500030517578,131.1999969482422,128.22000122070312,129.1199951171875,9024794
2024-12-05,129.5,132.1300048828125,128.63999938964844,129.36000061035156,10419163
2024-12-06,129.8000030517578,134.8800048828125,127.56999969482422,132.25999450683594,33369110
2024-12-09,132.1999969482422,132.88999938964844,130.50999450683594,130.92999267578125,9861253
2024-12-10,131.10000610351562,131.44000244140625,125.95999908447266,126.91000366210938,15473013
2024-12-11,126.91000366210938,127.47000122070312,125.25,126.48999786376953,12729041
2024-12-12,126.51000213623047,128.39999389648438,124.38999938964844,124.7699966430664,10446349
2024-12-13,124.41999816894531,125.9000015258789,121.8499984741211,125.2300033569336,10459452
2024-12-16,125.4000015258789,127.26000213623047,124.81999969482422,125.61000061035156,10633258
2024-12-17,126.44999694824219,127.23999786376953,120.5999984741211,120.9800033569336,12863499
2024-12-18,121.36000061035156,122.30999755859375,118.5,118.87000274658203,11212585
2024-12-19,115.70999908447266,118.13999938964844,115.5999984741211,117.12999725341797,10905183
2024-12-20,117.79000091552734,118.66000366210938,113.0,113.3499984741211,10793947
2024-12-23,114.54000091552734,115.08999633789062,111.69000244140625,112.5999984741211,10712726
2024-12-24,112.9800033569336,116.75,111.44999694824219,114.31999969482422,17510902
2024-12-26,114.88999938964844,115.9000015258789,113.04000091552734,114.66999816894531,14683752
2024-12-27,114.9800033569336,116.69999694824219,112.73999786376953,112.98999786376953,16995184
2024-12-30,113.23999786376953,114.1500015258789,110.5,110.93000030517578,8949902
2024-12-31,110.9000015258789,113.19999694824219,109.80999755859375,112.62999725341797,9491841
2025-01-01,112.86000061035156,114.93000030517578,112.27999877929688,114.0199966430664,6864927
2025-01-02,114.44000244140625,115.62000274658203,112.12999725341797,114.54000091552734,8587433
2025-01-03,114.94999694824219,116.4000015258789,113.5999984741211,114.4000015258789,8836897
2025-01-06,114.0,114.45999908447266,105.98999786376953,106.5199966430664,15036806
2025-01-07,107.5999984741211,110.44999694824219,107.5999984741211,109.1500015258789,10951561
2025-01-08,109.05000305175781,109.37999725341797,105.79000091552734,107.2300033569336,10106581
2025-01-09,107.19999694824219,108.1500015258789,104.5,104.87999725341797,8961866
2025-01-10,104.69999694824219,104.94000244140625,100.0999984741211,100.47000122070312,13688166
2025-01-13,99.08999633789062,101.08999633789062,92.19999694824219,93.06999969482422,19857234
2025-01-14,94.11000061035156,98.62000274658203,94.11000061035156,98.06999969482422,13523471
2025-01-15,100.5,100.5,96.81999969482422,97.19000244140625,15804761
2025-01-16,99.01000213623047,102.9000015258789,99.01000213623047,102.33999633789062,14615612
2025-01-17,106.0,106.7699966430664,102.18000030517578,103.75,36537842
2025-01-20,104.0,106.4000015258789,103.51000213623047,105.4800033569336,10711253
2025-01-21,105.69999694824219,106.1500015258789,101.26000213623047,101.58000183105469,11164260
2025-01-22,102.19000244140625,102.48999786376953,96.44000244140625,99.16999816894531,13539512
2025-01-23,99.0,102.76000213623047,98.36000061035156,101.02999877929688,10208892
2025-01-24,102.58999633789062,103.33000183105469,98.5,99.1500015258789,12992414
2025-01-27,98.0,98.0,93.5,94.25,12380396
2025-01-28,95.0,96.16999816894531,91.26000213623047,93.87000274658203,13304998
2025-01-29,94.5,97.22000122070312,93.87000274658203,96.13999938964844,8694770
2025-01-30,96.13999938964844,97.37999725341797,94.56999969482422,95.16000366210938,8652119
2025-01-31,95.38999938964844,98.36000061035156,94.55999755859375,98.02999877929688,9769666
2025-02-01,98.02999877929688,106.94999694824219,97.56999969482422,106.12000274658203,44391010
2025-02-03,104.0,105.0,101.01000213623047,101.72000122070312,15059349
2025-02-04,99.9000015258789,102.75,98.36000061035156,100.73999786376953,20209031
2025-02-05,101.05000305175781,105.11000061035156,101.05000305175781,101.83999633789062,14326537
2025-02-06,102.44999694824219,102.83999633789062,99.44999694824219,99.9800033569336,8798724
2025-02-07,100.3499984741211,102.48999786376953,98.5,100.54000091552734,10456363
2025-02-10,100.55000305175781,101.05000305175781,97.5199966430664,97.9800033569336,6025226
2025-02-11,97.94999694824219,97.94999694824219,91.66000366210938,92.5,9678134
2025-02-12,93.25,93.25,88.05000305175781,92.04000091552734,11537975
2025-02-13,92.73999786376953,94.0999984741211,90.69999694824219,91.23999786376953,9461732
2025-02-14,91.95999908447266,92.4000015258789,84.5,85.69999694824219,17216703
2025-02-17,85.47000122070312,87.80000305175781,83.80999755859375,87.02999877929688,13736747
2025-02-18,87.23999786376953,87.45999908447266,81.81999969482422,83.58000183105469,12326587
2025-02-19,83.5,89.37000274658203,82.05999755859375,88.80000305175781,17697580
2025-02-20,88.52999877929688,91.70999908447266,87.41999816894531,91.1500015258789,18631853
2025-02-21,91.0,93.13999938964844,88.66999816894531,89.41000366210938,12560035
2025-02-24,88.0999984741211,88.69999694824219,86.41999816894531,87.36000061035156,8372899
2025-02-25,87.55999755859375,88.87000274658203,85.55999755859375,86.2300033569336,7975278
2025-02-27,86.19999694824219,86.69000244140625,82.77999877929688,83.1500015258789,9534116
2025-02-28,81.80999755859375,82.83000183105469,78.47000122070312,79.19000244140625,18116989
2025-03-03,79.5,81.58999633789062,77.2300033569336,79.5999984741211,26746217
2025-03-04,78.51000213623047,81.30999755859375,77.94999694824219,79.94999694824219,12619830
2025-03-05,80.48999786376953,83.7699966430664,80.33000183105469,83.44000244140625,11561710
2025-03-06,84.19999694824219,85.5,82.66000366210938,82.98999786376953,11810000
2025-03-07,82.94999694824219,85.25,82.41999816894531,83.87000274658203,11737506
2025-03-10,84.5999984741211,87.0,79.62999725341797,80.25,13680805
2025-03-11,79.88999938964844,81.0,78.26000213623047,80.26000213623047,12196162
2025-03-12,80.8499984741211,81.25,78.05000305175781,79.12000274658203,10075241
2025-03-13,79.69999694824219,80.26000213623047,77.0,77.55000305175781,17994296
2025-03-17,78.45999908447266,79.44999694824219,77.05000305175781,77.63999938964844,11745897
2025-03-19,80.9000015258789,82.79000091552734,80.1500015258789,82.01000213623047,13986473
2025-03-20,83.33000183105469,83.61000061035156,80.81999969482422,81.44000244140625,13778436
2025-03-21,81.69999694824219,84.41999816894531,81.30000305175781,82.80999755859375,29780674
2025-03-24,84.79000091552734,85.4000015258789,83.4000015258789,84.94000244140625,23675047
2025-03-25,85.5999984741211,85.70999908447266,80.94999694824219,81.25,17053762
2025-03-26,81.6500015258789,82.44999694824219,79.5,79.7699966430664,13888936
2025-03-27,79.7300033569336,81.6500015258789,79.29000091552734,81.25,16235932
2025-03-28,81.5,83.5,78.69999694824219,79.0999984741211,14783782
2025-04-01,79.19999694824219,81.69000244140625,78.76000213623047,80.7699966430664,11313467
2025-04-02,80.87000274658203,81.9000015258789,78.5,81.75,12132102
2025-04-03,81.0,83.5,80.5999984741211,83.22000122070312,10592373
2025-04-04,82.88999938964844,83.19999694824219,78.66999816894531,79.16000366210938,15913067
2025-04-07,72.9800033569336,75.3499984741211,71.5999984741211,74.33999633789062,14963582
2025-04-08,76.51000213623047,77.16999816894531,74.70999908447266,75.95999908447266,8467955
2025-04-09,75.3499984741211,76.12999725341797,73.73999786376953,75.05999755859375,6443242
2025-04-11,77.0,77.0,75.30000305175781,76.01000213623047,6031521
2025-04-15,78.0,82.76000213623047,77.51000213623047,82.5199966430664,21436023
2025-04-16,82.55000305175781,83.12999725341797,81.66999816894531,82.38999938964844,10346751
2025-04-17,82.5999984741211,84.4000015258789,82.06999969482422,83.30000305175781,12134499
2025-04-21,83.9000015258789,86.80000305175781,82.80000305175781,85.88999938964844,13789712
2025-04-22,86.38999938964844,87.58999633789062,85.30000305175781,85.63999938964844,10452018
2025-04-23,86.0999984741211,86.70999908447266,83.31999969482422,85.7300033569336,9584860
2025-04-24,85.5,86.5,85.0,85.4000015258789,7442748
2025-04-25,85.69000244140625,85.83999633789062,80.5,81.1500015258789,12429494
2025-04-28,81.1500015258789,82.69000244140625,80.63999938964844,81.8499984741211,7638393
2025-04-29,82.0,83.36000061035156,81.05000305175781,81.19999694824219,5883125
2025-04-30,81.19999694824219,81.70999908447266,78.68000030517578,79.38999938964844,6497118
2025-05-02,79.41000366210938,80.77999877929688,77.8499984741211,78.05000305175781,6065540
2025-05-05,78.51000213623047,80.91999816894531,78.44999694824219,80.58999633789062,6906235
2025-05-06,80.5199966430664,81.0,76.0,76.3499984741211,9334713
2025-05-07,75.44999694824219,77.94999694824219,75.44999694824219,77.70999908447266,10562494
2025-05-08,77.94999694824219,79.44999694824219,74.5,75.41000366210938,12999539
2025-05-09,73.9000015258789,75.04000091552734,72.05999755859375,74.13999938964844,15885424
2025-05-12,77.0,82.5999984741211,76.55000305175781,81.9000015258789,43207862
2025-05-13,81.94999694824219,83.3499984741211,81.52999877929688,82.7300033569336,22418441
2025-05-14,83.12999725341797,86.4000015258789,82.48999786376953,85.6500015258789,22273786
2025-05-15,86.2699966430664,90.47000122070312,85.91000366210938,90.08000183105469,30612198
2025-05-16,90.80000305175781,91.2300033569336,88.05000305175781,88.43000030517578,29053392
2025-05-19,89.13999938964844,92.6500015258789,88.87000274658203,89.80000305175781,29493618
2025-05-20,90.5,90.83999633789062,85.7699966430664,86.04000091552734,27241564
2025-05-21,86.29000091552734,86.52999877929688,83.0,85.12999725341797,29531003
2025-05-22,85.0,85.48999786376953,83.5,84.5,19591611
2025-05-23,80.0,87.69000244140625,79.61000061035156,87.0999984741211,67134134
2025-05-26,87.0999984741211,87.68000030517578,85.55999755859375,85.97000122070312,11734517
2025-05-27,86.38999938964844,87.5,85.3499984741211,87.31999969482422,10987153
2025-05-28,87.5,89.18000030517578,87.30999755859375,87.61000061035156,14789162
2025-05-29,87.70999908447266,88.95999908447266,87.18000030517578,88.43000030517578,8134007
2025-05-30,88.44000244140625,89.0,86.0,87.58999633789062,9160910
2025-06-02,87.11000061035156,90.66999816894531,86.83000183105469,89.05999755859375,13417775
2025-06-03,89.12999725341797,90.08999633789062,87.27999877929688,87.52999877929688,7241784
2025-06-04,87.9000015258789,91.5,86.3499984741211,89.87000274658203,19301994
2025-06-05,90.0,90.41999816894531,88.51000213623047,88.88999938964844,14946136
2025-06-06,88.5,92.19999694824219,85.77999877929688,91.41999816894531,54799698
2025-06-09,91.86000061035156,92.8499984741211,91.0999984741211,91.98999786376953,13192220
2025-06-10,92.16000366210938,93.95999908447266,91.36000061035156,91.73999786376953,13468418
2025-06-11,91.80000305175781,93.5999984741211,90.83000183105469,91.56999969482422,11225638
2025-06-12,91.56999969482422,92.5,87.5999984741211,88.02999877929688,14769885
2025-06-13,86.4000015258789,90.44000244140625,85.5999984741211,86.80000305175781,47310798
2025-06-16,86.80000305175781,87.33000183105469,83.0999984741211,84.72000122070312,25066209
2025-06-17,84.75,85.27999877929688,81.69000244140625,81.91000366210938,15580565
2025-06-18,81.8499984741211,83.4800033569336,80.87999725341797,82.37000274658203,10430180
2025-06-19,82.23999786376953,82.83999633789062,79.0999984741211,79.37000274658203,12181342
2025-06-20,79.37000274658203,82.11000061035156,79.37000274658203,81.72000122070312,11071127
2025-06-23,80.41000366210938,82.58999633789062,80.41000366210938,81.73999786376953,9518730
2025-06-24,82.5,84.94999694824219,82.5,83.6500015258789,12343549
2025-06-25,84.19999694824219,87.5999984741211,83.44999694824219,87.1500015258789,18286736
2025-06-26,87.5,88.43000030517578,86.27999877929688,87.5199966430664,11087468
2025-06-27,87.5,88.26000213623047,86.73999786376953,86.95999908447266,7323723
2025-06-30,86.94999694824219,88.0199966430664,86.25,86.54000091552734,5610455
2025-07-01,86.58999633789062,87.16999816894531,85.11000061035156,86.01000213623047,5733399
2025-07-02,86.05000305175781,86.69000244140625,84.9000015258789,85.68000030517578,5560812
2025-07-03,85.63999938964844,86.2300033569336,84.30999755859375,84.5199966430664,7003892
2025-07-04,84.51000213623047,85.69999694824219,83.8499984741211,84.5999984741211,6232012
2025-07-07,84.5,85.11000061035156,83.19999694824219,83.3499984741211,5172632
2025-07-08,83.3499984741211,83.87999725341797,82.41000366210938,83.08999633789062,5612934
2025-07-09,83.0999984741211,83.8499984741211,82.25,82.5,7747345
2025-07-10,82.9000015258789,83.41999816894531,81.58000183105469,82.1500015258789,5965343
2025-07-11,82.01000213623047,82.86000061035156,81.0,81.20999908447266,6910721
2025-07-14,81.4000015258789,82.5999984741211,80.68000030517578,82.2300033569336,8509957
2025-07-15,82.31999969482422,83.25,82.08000183105469,82.72000122070312,5525179
2025-07-16,82.80000305175781,83.5999984741211,82.19999694824219,83.37000274658203,5926918
2025-07-17,83.5,83.66999816894531,82.51000213623047,82.61000061035156,4235645
2025-07-18,82.62999725341797,83.0,81.08000183105469,81.55999755859375,5234128
2025-07-21,81.55999755859375,82.29000091552734,80.93000030517578,81.7300033569336,4551018
2025-07-22,82.12999725341797,82.94000244140625,80.01000213623047,80.31999969482422,7137619
2025-07-23,80.63999938964844,81.62000274658203,79.87000274658203,80.70999908447266,6175205
2025-07-24,81.0,81.31999969482422,79.05000305175781,79.25,7223726
2025-07-25,79.29000091552734,79.77999877929688,75.4000015258789,75.94000244140625,19087592
2025-07-28,75.91000366210938,79.0,75.45999908447266,76.37999725341797,13112568
2025-07-29,76.37999725341797,78.98999786376953,75.91999816894531,78.66999816894531,10464692
2025-07-30,78.75,79.0999984741211,76.75,77.0,5860749
2025-07-31,76.47000122070312,77.05000305175781,75.41000366210938,75.56999969482422,11844443
2025-08-01,75.5999984741211,76.0999984741211,72.94000244140625,73.26000213623047,7440393
2025-08-04,73.5,75.29000091552734,73.26000213623047,75.01000213623047,11714562
2025-08-05,75.1500015258789,75.54000091552734,73.6500015258789,74.0199966430664,4677682
2025-08-06,74.11000061035156,74.5999984741211,72.56999969482422,72.86000061035156,10562288
2025-08-07,72.6500015258789,74.27999877929688,72.1500015258789,73.95999908447266,6686300
2025-08-08,73.94999694824219,74.47000122070312,72.5999984741211,72.94999694824219,3733818
2025-08-11,73.0,73.87000274658203,72.25,73.19000244140625,4495272
2025-08-12,73.54000091552734,73.83999633789062,71.80000305175781,71.98999786376953,4513554
2025-08-13,72.0,72.80000305175781,71.41000366210938,71.5999984741211,5095065
2025-08-14,71.94999694824219,72.45999908447266,70.3499984741211,71.08999633789062,7160882
2025-08-18,71.9800033569336,73.2699966430664,71.75,72.93000030517578,5410484
2025-08-19,73.02999877929688,74.94999694824219,72.93000030517578,74.37999725341797,7859206
2025-08-20,74.37999725341797,75.7300033569336,74.05000305175781,75.2699966430664,4714243
2025-08-21,75.2699966430664,76.25,72.61000061035156,72.80000305175781,16568740
2025-08-22,72.80000305175781,74.58999633789062,72.69999694824219,73.62000274658203,6243020
2025-08-25,73.94999694824219,74.75,73.51000213623047,74.23999786376953,6994479
2025-08-26,74.08000183105469,74.13999938964844,71.51000213623047,71.81999969482422,6414011
2025-08-28,71.81999969482422,72.1500015258789,69.30000305175781,69.70999908447266,11171055
2025-08-29,69.9000015258789,70.69999694824219,68.55999755859375,70.2300033569336,22471463
2025-09-01,70.5999984741211,71.75,70.11000061035156,71.33000183105469,7052642
2025-09-02,71.41000366210938,71.87000274658203,70.0,70.27999877929688,11083136
2025-09-03,70.48999786376953,71.83999633789062,70.3499984741211,71.68000030517578,5871614
2025-09-04,72.25,72.55999755859375,69.86000061035156,69.98999786376953,7005387
2025-09-05,70.23999786376953,70.70999908447266,69.05000305175781,69.83999633789062,9246925
2025-09-08,71.01000213623047,71.77999877929688,69.69999694824219,70.97000122070312,19859380
2025-09-09,71.5,71.80000305175781,69.8499984741211,70.05999755859375,11176292
2025-09-10,70.31999969482422,72.1500015258789,70.16999816894531,70.68000030517578,14886869
2025-09-11,70.9000015258789,71.6500015258789,70.0199966430664,70.27999877929688,9747524
2025-09-12,71.0999984741211,73.69999694824219,71.06999969482422,73.0199966430664,43056071
2025-09-15,73.75,74.61000061035156,73.30000305175781,73.87000274658203,18414288
2025-09-16,74.05000305175781,76.88999938964844,73.43000030517578,76.45999908447266,30880989
2025-09-17,76.94000244140625,77.20999908447266,74.80000305175781,75.12000274658203,21695644
2025-09-18,75.5999984741211,78.70999908447266,75.29000091552734,77.63999938964844,75186359
2025-09-19,77.54000091552734,77.55000305175781,76.0999984741211,76.41999816894531,12650396
2025-09-22,76.20999908447266,76.5,74.5199966430664,74.8499984741211,10534961
2025-09-23,74.88999938964844,75.95999908447266,73.95999908447266,75.33999633789062,9392547
2025-09-24,76.30000305175781,76.55999755859375,74.5199966430664,75.66999816894531,13673226
2025-09-25,75.5,77.38999938964844,74.80000305175781,76.4000015258789,18975097
2025-09-26,76.05000305175781,76.27999877929688,71.81999969482422,72.0999984741211,20761048
2025-09-29,72.45999908447266,76.19000244140625,72.30000305175781,74.06999969482422,31113853
2025-09-30,74.44000244140625,74.73999786376953,72.30000305175781,72.87999725341797,9135917
2025-10-01,72.91999816894531,73.7300033569336,72.69000244140625,73.41999816894531,6815107
2025-10-03,73.5,76.1500015258789,72.80999755859375,75.87000274658203,18386988
2025-10-06,76.0,76.13999938964844,74.16000366210938,74.44000244140625,9295845
2025-10-07,74.45999908447266,75.18000030517578,73.76000213623047,74.45999908447266,8631290
2025-10-08,74.45999908447266,75.06999969482422,73.0999984741211,73.22000122070312,7974634
2025-10-09,74.1500015258789,74.79000091552734,73.62000274658203,73.9800033569336,14941670
2025-10-10,74.3499984741211,77.66999816894531,74.3499984741211,76.04000091552734,23042103
2025-10-13,75.51000213623047,76.94999694824219,74.3499984741211,76.41000366210938,23452335
2025-10-14,76.41999816894531,78.29000091552734,74.70999908447266,74.94000244140625,16171894
2025-10-15,75.2300033569336,77.80999755859375,75.0999984741211,77.2300033569336,14589569
2025-10-16,77.26000213623047,78.16999816894531,76.79000091552734,77.31999969482422,9256415
2025-10-17,77.69000244140625,78.94999694824219,74.5,75.45999908447266,23155508
2025-10-20,75.44999694824219,76.9000015258789,74.69999694824219,76.41000366210938,10137619
2025-10-21,76.76000213623047,77.73999786376953,76.47000122070312,77.20999908447266,12306411
2025-10-23,77.3499984741211,77.94000244140625,76.5,76.69999694824219,9929257
2025-10-24,76.69999694824219,78.5,76.5999984741211,77.73999786376953,13512704
2025-10-27,78.1500015258789,78.30000305175781,76.6500015258789,76.8499984741211,10910508
2025-10-28,77.0,77.18000030517578,75.44999694824219,75.66000366210938,7460096
2025-10-29,75.69999694824219,77.58999633789062,75.2699966430664,77.1500015258789,10148290
2025-10-30,76.8499984741211,76.98999786376953,74.55999755859375,74.66999816894531,13552459
2025-10-31,74.91999816894531,75.44999694824219,73.30999755859375,73.51000213623047,8597963
2025-11-03,73.80000305175781,78.0999984741211,73.5999984741211,77.51000213623047,30486532
2025-11-04,78.0,78.9000015258789,76.5199966430664,76.97000122070312,14544831
2025-11-06,76.97000122070312,77.22000122070312,74.25,74.69000244140625,9013433
2025-11-07,74.30999755859375,75.33000183105469,73.12000274658203,74.87000274658203,7558179
2025-11-10,74.87000274658203,75.30000305175781,74.0999984741211,74.22000122070312,4309461
2025-11-11,74.44000244140625,78.80000305175781,74.1500015258789,78.30000305175781,30606710
2025-11-12,79.0,80.06999969482422,76.33000183105469,76.86000061035156,23059064
2025-11-13,76.80999755859375,77.69000244140625,75.41999816894531,75.69000244140625,8658321
2025-11-14,75.5,76.68000030517578,75.12999725341797,75.86000061035156,6635718
2025-11-17,75.9000015258789,76.55999755859375,75.51000213623047,76.22000122070312,5242709
2025-11-18,76.19999694824219,76.36000061035156,74.18000030517578,74.31999969482422,8731102
2025-11-19,74.63999938964844,74.69999694824219,73.4000015258789,73.79000091552734,7723099
2025-11-20,74.0999984741211,74.48999786376953,73.19000244140625,73.4000015258789,6554864
2025-11-21,73.4000015258789,73.88999938964844,71.45999908447266,71.6500015258789,9266296
2025-11-24,71.6500015258789,72.5999984741211,70.8499984741211,71.16000366210938,7976408
2025-11-25,71.16000366210938,71.58999633789062,70.5999984741211,70.70999908447266,6408924
2025-11-26,70.80000305175781,72.19000244140625,70.75,71.72000122070312,5181489
2025-11-27,71.80000305175781,72.51000213623047,71.11000061035156,71.44000244140625,7997055
2025-11-28,71.44999694824219,71.61000061035156,70.0,70.16999816894531,10637604
2025-12-01,70.58000183105469,72.98999786376953,70.58000183105469,71.16999816894531,9866187
2025-12-02,71.16999816894531,71.47000122070312,70.22000122070312,70.72000122070312,5732665
2025-12-03,70.80000305175781,70.9000015258789,68.55999755859375,68.80000305175781,8915417
2025-12-04,69.12000274658203,72.26000213623047,68.72000122070312,70.47000122070312,20826668
2025-12-05,70.19999694824219,70.29000091552734,67.44999694824219,69.02999877929688,19958374
2025-12-08,70.9800033569336,71.33000183105469,65.69999694824219,66.48999786376953,30628278
2025-12-09,66.5,67.4800033569336,64.94999694824219,67.20999908447266,15322290
2025-12-10,67.0,68.06999969482422,65.61000061035156,66.04000091552734,14627114
2025-12-11,66.30000305175781,68.26000213623047,65.75,66.83999633789062,18204686
2025-12-12,67.01000213623047,68.05000305175781,66.19999694824219,66.55999755859375,12579661
2025-12-15,66.55999755859375,67.23999786376953,65.69999694824219,66.0,8696082
2025-12-16,65.80999755859375,66.58000183105469,65.05999755859375,65.43000030517578,10204719
2025-12-17,65.43000030517578,65.75,64.16000366210938,64.52999877929688,8998191
2025-12-18,64.79000091552734,65.45999908447266,64.0,64.62000274658203,10156497
2025-12-19,64.91999816894531,65.25,63.45000076293945,64.12000274658203,9656526
2025-12-22,64.44999694824219,65.69999694824219,63.70000076293945,63.95000076293945,13302618
2025-12-23,64.05000305175781,67.13999938964844,63.72999954223633,66.26000213623047,20754927
2025-12-24,66.05000305175781,66.98999786376953,64.05000305175781,64.23999786376953,13934322
2025-12-26,64.23999786376953,64.94000244140625,60.720001220703125,61.470001220703125,59247417
2025-12-29,62.0,68.04000091552734,61.34000015258789,64.8499984741211,171871693
2025-12-30,64.5,66.5,63.11000061035156,63.5,95495171
2025-12-31,64.30000305175781,71.58999633789062,64.2300033569336,67.79000091552734,164483732
2026-01-01,67.79000091552734,70.6500015258789,67.22000122070312,68.91999816894531,49902209
2026-01-02,69.0,69.27999877929688,67.36000061035156,67.7300033569336,18210925
2026-01-05,67.7699966430664,70.19999694824219,66.55999755859375,67.19999694824219,18916545
2026-01-06,67.44999694824219,70.0999984741211,66.3499984741211,69.47000122070312,26747246
2026-01-07,69.47000122070312,71.29000091552734,69.16000366210938,69.62000274658203,23079561
2026-01-08,69.5,69.5,66.5,66.94000244140625,14329615
2026-01-09,67.0999984741211,67.5999984741211,64.0,64.88999938964844,15384199
2026-01-12,65.0,65.08000183105469,62.5,63.189998626708984,25709244
2026-01-13,63.75,65.05999755859375,61.68000030517578,62.68000030517578,23551913
2026-01-14,62.68000030517578,66.30000305175781,62.5,64.41000366210938,28613605
2026-01-16,64.45999908447266,69.05000305175781,63.90999984741211,68.0199966430664,40137629
2026-01-19,68.0199966430664,68.63999938964844,65.5999984741211,66.05999755859375,12971011
2026-01-20,66.0,66.1500015258789,62.900001525878906,63.31999969482422,14658791
2026-01-21,63.31999969482422,63.599998474121094,61.810001373291016,62.02000045776367,13915361
2026-01-22,63.0,63.66999816894531,62.060001373291016,62.369998931884766,10921759
2026-01-23,62.689998626708984,62.720001220703125,59.84000015258789,61.099998474121094,13573172
2026-01-27,61.38999938964844,61.779998779296875,59.81999969482422,60.95000076293945,12004577
2026-01-28,61.380001068115234,65.23999786376953,61.310001373291016,64.51000213623047,30894146
2026-01-29,64.0,67.80000305175781,62.599998474121094,65.81999969482422,20753501
2026-01-30,65.25,69.75,64.5199966430664,68.61000061035156,30274800
2026-02-02,65.69999694824219,67.2300033569336,63.45000076293945,66.47000122070312,12970736
2026-02-03,69.5,70.13999938964844,67.41999816894531,68.5199966430664,32331657
2026-02-04,68.19000244140625,71.16999816894531,67.48999786376953,68.8499984741211,25061755
2026-02-05,68.51000213623047,72.69999694824219,67.61000061035156,71.05000305175781,34309311
2026-02-06,71.0,72.55000305175781,70.62999725341797,70.91000366210938,20995424
2026-02-09,71.30000305175781,72.55999755859375,70.5,72.23999786376953,17503816
2026-02-10,72.12000274658203,73.5,71.69999694824219,72.30000305175781,13387936
2026-02-11,72.30000305175781,72.69000244140625,71.30999755859375,71.6500015258789,7799430
2026-02-12,71.30000305175781,72.55000305175781,69.7699966430664,71.62000274658203,12537177
2026-02-13,71.05000305175781,71.05000305175781,69.19999694824219,69.73999786376953,12930607
2026-02-16,69.5999984741211,70.48999786376953,68.6500015258789,69.0,8191543
2026-02-17,69.30000305175781,73.0,69.0199966430664,72.12000274658203,32146168
2026-02-18,72.12000274658203,74.0999984741211,71.4000015258789,73.79000091552734,25079749
2026-02-19,74.5,75.4000015258789,70.69999694824219,71.37999725341797,20022181
2026-02-20,71.05000305175781,72.06999969482422,70.30000305175781,71.30999755859375,14195356
2026-02-23,71.66000366210938,72.33999633789062,69.12000274658203,69.69000244140625,12747887
2026-02-24,69.5,70.1500015258789,67.8499984741211,69.4000015258789,10533828
2026-02-25,69.69000244140625,71.0,69.45999908447266,70.25,8828806
2026-02-26,70.19000244140625,70.77999877929688,68.80000305175781,69.58999633789062,10017221
2026-02-27,69.4000015258789,69.94999694824219,68.26000213623047,68.51000213623047,7677734
2026-03-02,66.23999786376953,68.12999725341797,64.5,67.5,20290476
2026-03-04,66.5999984741211,67.05000305175781,64.5,66.5,12902033
2026-03-05,66.79000091552734,71.0999984741211,66.79000091552734,70.08000183105469,25165455
2026-03-06,69.37999725341797,71.0999984741211,69.0999984741211,69.63999938964844,13018974
2026-03-09,67.69999694824219,69.3499984741211,65.68000030517578,68.4000015258789,12962925
2026-03-10,69.08999633789062,70.5,68.70999908447266,69.80999755859375,16206878
2026-03-11,69.47000122070312,72.48999786376953,69.29000091552734,72.05999755859375,31936878
2026-03-12,71.9000015258789,75.9800033569336,70.69999694824219,74.47000122070312,60068640
2026-03-13,76.0,77.19999694824219,71.4000015258789,71.97000122070312,70956744
2026-03-16,72.31999969482422,72.94999694824219,69.30000305175781,71.2699966430664,20368200
2026-03-17,71.5,72.18000030517578,70.3499984741211,71.73999786376953,10071338
2026-03-18,71.9000015258789,75.05999755859375,71.51000213623047,72.62999725341797,25631636
2026-03-19,71.0999984741211,72.18000030517578,69.37000274658203,70.68000030517578,13791772
2026-03-20,71.30000305175781,72.4800033569336,70.7300033569336,71.16000366210938,11233604
2026-03-23,70.0,70.0,66.19999694824219,66.48999786376953,16207486
2026-03-24,68.0999984741211,70.38999938964844,66.55000305175781,69.58000183105469,18090046
2026-03-25,70.16999816894531,72.30000305175781,70.16999816894531,70.93000030517578,16122155
2026-03-27,71.5,73.30000305175781,70.30999755859375,70.76000213623047,29249289
2026-03-30,70.5,71.0999984741211,67.1500015258789,67.86000061035156,18372015
2026-04-01,69.75,73.44999694824219,69.5999984741211,72.47000122070312,19790318
2026-04-02,70.8499984741211,72.44999694824219,69.68000030517578,71.72000122070312,17408397
2026-04-06,71.44000244140625,73.44999694824219,69.83000183105469,72.87999725341797,17152455
2026-04-07,72.13999938964844,73.88999938964844,72.05000305175781,72.63999938964844,10484050
2026-04-08,75.5,76.4000015258789,74.63999938964844,75.16999816894531,22442676
2026-04-09,75.38999938964844,81.51000213623047,75.25,79.61000061035156,77596073
2026-04-10,80.4000015258789,84.80000305175781,80.23999786376953,84.4000015258789,65713388
2026-04-13,82.25,89.80000305175781,81.69000244140625,86.0,71995655
2026-04-15,87.9000015258789,91.19999694824219,87.51000213623047,88.12000274658203,34514977
2026-04-16,88.9000015258789,92.05000305175781,86.83999633789062,91.4800033569336,58647228
2026-04-17,91.5,96.19999694824219,91.0199966430664,95.48999786376953,57350410
2026-04-20,97.0,97.48999786376953,92.91999816894531,93.30000305175781,35534087
2026-04-21,93.94999694824219,99.5,93.23999786376953,97.83999633789062,40345376
2026-04-22,97.83999633789062,101.5,97.2699966430664,100.37000274658203,49463580
2026-04-23,99.3499984741211,99.9000015258789,96.79000091552734,97.75,25959845
2026-04-24,98.19999694824219,100.94000244140625,96.20999908447266,100.22000122070312,31438140
2026-04-27,101.75,107.9000015258789,101.75,106.69000244140625,54279670
2026-04-28,107.19999694824219,108.80000305175781,105.31999969482422,107.23999786376953,32108858
2026-04-29,107.69000244140625,108.19999694824219,104.61000061035156,107.0999984741211,28019806
2026-04-30,106.80000305175781,119.5,106.80000305175781,116.02999877929688,234723195
2026-05-04,122.3499984741211,128.49000549316406,119.37999725341797,126.04000091552734,180555133
2026-05-05,126.0,133.39999389648438,125.5,128.77000427246094,136578601
2026-05-06,128.89999389648438,142.9499969482422,128.0,141.4600067138672,167554753
2026-05-07,143.9499969482422,147.6699981689453,140.2100067138672,146.24000549316406,130722218
2026-05-08,146.0,146.9499969482422,137.8000030517578,141.14999389648438,71352732
2026-05-11,139.3000030517578,151.8000030517578,137.64999389648438,148.4600067138672,112674256
2026-05-12,150.5399932861328,153.5500030517578,146.6999969482422,147.77999877929688,98852575
2026-05-13,149.0,154.6999969482422,146.0,153.4600067138672,72932114
2026-05-14,154.0,155.3000030517578,142.0,151.58999633789062,91824844
2026-05-15,152.63999938964844,153.25,146.1999969482422,147.88999938964844,31370839
2026-05-18,147.3000030517578,148.0,137.10000610351562,139.69000244140625,50784047
2026-05-19,140.0,142.5,134.92999267578125,138.1699981689453,46887470
2026-05-20,138.1999969482422,142.1999969482422,135.61000061035156,139.33999633789062,27652548
2026-05-21,140.89999389648438,146.1999969482422,138.9499969482422,141.75,40951694
2026-05-22,142.74000549316406,148.97999572753906,141.1199951171875,148.2100067138672,44851554
2026-05-25,158.89999389648438,163.02999877929688,155.0,162.83999633789062,106724688
2026-05-26,163.3699951171875,168.24000549316406,160.0,161.8000030517578,73548899
2026-05-27,162.49000549316406,176.44000244140625,161.19000244140625,173.9199981689453,79961509
2026-05-29,175.0,189.0800018310547,170.32000732421875,179.94000244140625,111112652
2026-06-01,180.0,188.0,178.00999450683594,182.27999877929688,61616434
2026-06-02,180.0,191.38999938964844,176.5,189.94000244140625,64857457
2026-06-03,189.89999389648438,199.42999267578125,189.0,199.41000366210938,65716679
2026-06-04,200.0,208.97999572753906,193.66000366210938,197.0800018310547,78777077
2026-06-05,196.0,197.0,187.22999572753906,187.22999572753906,43262952
2026-06-08,177.8699951171875,177.8699951171875,177.8699951171875,177.8699951171875,4280312
2026-06-09,173.0,184.6999969482422,171.10000610351562,178.00999450683594,66709753
2026-06-10,176.0800018310547,176.39999389648438,169.11000061035156,169.11000061035156,15620529
2026-06-11,160.66000366210938,170.6999969482422,160.66000366210938,163.67999267578125,52686036
2026-06-12,170.0,171.86000061035156,169.00999450683594,171.86000061035156,9299089
2026-06-15,180.4499969482422,180.4499969482422,180.4499969482422,180.4499969482422,7783340
2026-06-16,184.0,189.47000122070312,181.5,188.97999572753906,34029890
2026-06-17,189.94000244140625,193.39999389648438,185.10000610351562,190.1300048828125,30846259
2026-06-18,197.1300048828125,199.6300048828125,194.55999755859375,199.6300048828125,26354654
2026-06-19,206.99000549316406,209.61000061035156,204.00999450683594,209.61000061035156,26062936
2026-06-22,218.99000549316406,220.08999633789062,205.10000610351562,209.4600067138672,42947143
2026-06-23,208.0500030517578,213.0,198.99000549316406,202.2899932861328,33804636
2026-06-24,202.0,207.0,195.0,204.77000427246094,22572686
2026-06-25,209.8000030517578,215.0,209.50999450683594,215.0,23441205
2026-06-29,212.1999969482422,213.9499969482422,204.25,210.92999267578125,41711096
2026-06-30,213.0,219.9600067138672,209.1199951171875,212.85000610351562,26600842
2026-07-01,214.0,216.61000061035156,210.0,212.08999633789062,15347183
2026-07-02,209.5,209.5,201.49000549316406,204.58999633789062,29245008
2026-07-03,205.42999267578125,214.80999755859375,205.42999267578125,214.47999572753906,19588825
2026-07-06,212.89999389648438,225.1999969482422,210.85000610351562,224.9499969482422,28826361
2026-07-07,224.9499969482422,229.5,217.0500030517578,226.0399932861328,31851432
2026-07-08,220.0,223.8000030517578,214.74000549316406,214.74000549316406,16300117
2026-07-09,213.5,217.4499969482422,208.80999755859375,214.67999267578125,21988011
2026-07-10,221.7899932861328,222.66000366210938,214.67999267578125,217.25,16018388
2026-07-13,214.0399932861328,218.7899932861328,211.5,214.6300048828125,11156951
2026-07-14,211.9499969482422,214.5500030517578,206.10000610351562,212.77999877929688,12863408
2026-07-15,214.3000030517578,223.41000366210938,214.3000030517578,223.0800018310547,32151413
2026-07-16,226.0,229.39999389648438,221.17999267578125,224.3800048828125,14379534
2026-07-17,217.24000549316406,219.6999969482422,213.1699981689453,213.1699981689453,14642282
2026-07-20,208.25,213.6999969482422,203.16000366210938,208.02999877929688,18348510
2026-07-21,209.0,218.42999267578125,209.0,217.97000122070312,20144780
2026-07-22,222.0,228.0,214.11000061035156,217.89999389648438,55935312
2026-07-23,221.9600067138672,222.39999389648438,207.00999450683594,207.00999450683594,29190459
2026-07-24,202.0,204.77999877929688,196.66000366210938,196.85000610351562,31552378
2026-07-27,200.0,200.89999389648438,191.10000610351562,192.5399932861328,26152896
2026-07-28,187.0,196.89999389648438,182.9199981689453,188.38999938964844,42541118
2026-07-29,189.0,195.5,181.0500030517578,193.55999755859375,39755540
