Date,Open,High,Low,Close,Volume
2011-08-02,133.3316650390625,133.74893188476562,130.21823120117188,131.43792724609375,11909875
2011-08-03,130.53921508789062,133.6526336669922,130.08984375,132.7860107421875,10371529
2011-08-04,131.5342254638672,132.72181701660156,127.8751449584961,128.35659790039062,16359693
2011-08-05,125.1789779663086,127.10481262207031,122.29023742675781,126.07770538330078,20912644
2011-08-08,124.47284698486328,126.97642517089844,121.74458312988281,125.1789779663086,14023833
2011-08-09,122.12975311279297,129.73678588867188,122.03345489501953,128.22821044921875,29913291
2011-08-10,129.67259216308594,130.21823120117188,125.8209228515625,126.52706146240234,14448305
2011-08-11,125.8209228515625,128.38870239257812,125.53205108642578,127.58626556396484,9914506
2011-08-12,128.1961212158203,128.99855041503906,125.49995422363281,127.10481262207031,12794023
2011-08-16,129.19113159179688,129.64048767089844,127.10481262207031,128.7096710205078,10122778
2011-08-17,128.38870239257812,131.59841918945312,128.06773376464844,131.11695861816406,15102609
2011-08-18,131.27745056152344,132.2403564453125,130.15403747558594,130.8601837158203,11169168
2011-08-19,129.67259216308594,131.43792724609375,127.20110321044922,127.8751449584961,20216358
2011-08-22,127.29739379882812,130.18614196777344,126.17399597167969,129.67259216308594,9506504
2011-08-23,129.67259216308594,131.08486938476562,127.74675750732422,130.4429168701172,18510403
2011-08-24,130.21823120117188,131.14906311035156,127.93933868408203,129.64048767089844,7755679
2011-08-25,129.7688751220703,130.8280792236328,129.0306396484375,129.8972625732422,13408664
2011-08-26,130.25033569335938,130.4429168701172,125.01849365234375,126.3665771484375,9677334
2011-08-29,127.10481262207031,130.3145294189453,125.1789779663086,129.64048767089844,12326631
2011-08-30,130.9564666748047,130.9564666748047,127.74675750732422,128.38870239257812,10894354
2011-09-02,132.2403564453125,132.5613250732422,126.23818969726562,130.4750213623047,20054366
2011-09-05,130.3145294189453,130.8601837158203,128.51708984375,130.15403747558594,12671767
2011-09-06,129.67259216308594,130.53921508789062,128.58128356933594,130.18614196777344,12626665
2011-09-07,130.3145294189453,130.6676025390625,128.06773376464844,128.42079162597656,11195457
2011-09-08,128.61337280273438,129.3837127685547,127.16900634765625,127.84304809570312,7317151
2011-09-09,128.1961212158203,128.8701629638672,126.14189910888672,126.88013458251953,12545711
2011-09-12,125.94931030273438,127.26529693603516,124.98639678955078,125.94931030273438,7922225
2011-09-13,126.23818969726562,128.03562927246094,125.62834167480469,126.49496459960938,8143358
2011-09-14,126.71964263916016,128.38870239257812,124.60123443603516,128.03562927246094,8209582
2011-09-15,129.5762939453125,129.5762939453125,125.85301971435547,128.0035400390625,8104431
2011-09-16,128.38870239257812,128.93435668945312,126.68754577636719,127.07271575927734,13984567
2011-09-19,127.10481262207031,127.23320007324219,125.08268737792969,125.4036636352539,7715626
2011-09-20,125.69253540039062,127.8751449584961,125.307373046875,127.42578125,8514880
2011-09-21,127.71466064453125,128.1640167236328,126.17399597167969,126.84803771972656,4557837
2011-09-22,126.04560852050781,126.33448028564453,122.00135803222656,122.57910919189453,11789131
2011-09-23,122.03345489501953,124.79381561279297,121.35942077636719,123.02847290039062,13003107
2011-09-26,123.83090209960938,123.83090209960938,118.7595443725586,121.00634765625,10086856
2011-09-27,121.9692611694336,124.50494384765625,121.80877685546875,124.18396759033203,9814309
2011-09-28,124.47284698486328,126.7838363647461,123.73461151123047,126.52706146240234,20330991
2011-09-29,125.66043853759766,130.2824249267578,125.66043853759766,129.83306884765625,18887480
2011-09-30,129.67259216308594,129.67259216308594,126.55915832519531,127.10481262207031,10704639
2011-10-03,125.37156677246094,126.52706146240234,124.1197738647461,124.76171875,7986512
2011-10-04,124.37654876708984,125.307373046875,121.07054138183594,123.02847290039062,19083044
2011-10-05,123.31734466552734,126.71964263916016,123.31734466552734,124.60123443603516,19750146
2011-10-07,126.94432830810547,128.54917907714844,124.53704071044922,127.84304809570312,35547374
2011-10-10,127.10481262207031,129.28741455078125,126.81593322753906,128.45289611816406,10839659
2011-10-11,129.3516082763672,129.9293670654297,127.84304809570312,128.09982299804688,7848904
2011-10-12,128.38870239257812,131.27745056152344,128.13192749023438,130.9564666748047,10057651
2011-10-13,129.99356079101562,131.85519409179688,129.062744140625,129.6083984375,6342480
2011-10-14,129.2553253173828,132.17616271972656,129.2553253173828,131.726806640625,8920612
2011-10-17,131.3737335205078,132.36874389648438,130.635498046875,132.0798797607422,7122238
2011-10-18,131.18115234375,132.11196899414062,130.37872314453125,131.11695861816406,4420881
2011-10-19,131.726806640625,133.36375427246094,130.8280792236328,132.94650268554688,7160187
2011-10-20,132.0798797607422,132.5613250732422,131.05276489257812,131.63050842285156,8068646
2011-10-21,132.0798797607422,132.65762329101562,130.53921508789062,130.9564666748047,8940536
2011-10-24,130.9564666748047,133.5242462158203,130.9564666748047,132.85020446777344,14417592
2011-10-25,133.46005249023438,136.7339630126953,132.2403564453125,135.482177734375,17898061
2011-10-28,137.8252716064453,138.78817749023438,136.66976928710938,138.3388214111328,18961818
2011-10-31,138.24253845214844,138.3388214111328,135.96363830566406,136.83026123046875,10325355
2011-11-01,135.7710418701172,136.41299438476562,133.3316650390625,133.71682739257812,16563467
2011-11-02,133.5242462158203,135.38587951660156,133.20327758789062,134.390869140625,7889149
2011-11-03,133.74893188476562,135.32168579101562,133.5242462158203,134.9365234375,6675310
2011-11-04,135.61056518554688,135.93153381347656,134.67974853515625,135.03280639648438,7408060
2011-11-08,134.87232971191406,136.15621948242188,133.84521484375,135.32168579101562,7435437
2011-11-09,135.22540283203125,137.69688415527344,134.80813598632812,136.09202575683594,11523598
2011-11-11,135.83523559570312,138.01785278320312,135.03280639648438,136.50927734375,11080244
2011-11-14,136.95864868164062,138.21043395996094,135.22540283203125,135.7710418701172,7759145
2011-11-15,135.32168579101562,137.15122985839844,134.64764404296875,135.22540283203125,8066116
2011-11-16,134.80813598632812,137.31170654296875,133.6847381591797,136.47718811035156,8850271
2011-11-17,136.25250244140625,136.25250244140625,132.30455017089844,133.36375427246094,8558100
2011-11-18,132.40084838867188,133.1390838623047,128.45289611816406,129.544189453125,12520334
2011-11-21,128.80596923828125,129.8009796142578,127.16900634765625,128.03562927246094,15016284
2011-11-22,129.8972625732422,130.08984375,125.307373046875,125.94931030273438,14341939
2011-11-23,125.94931030273438,125.94931030273438,121.51990509033203,124.08767700195312,13943844
2011-11-24,124.18396759033203,125.75672912597656,121.74458312988281,123.44573211669922,17014215
2011-11-25,123.12476348876953,124.15187072753906,122.86798858642578,123.41363525390625,8272329
2011-11-28,125.14688110351562,127.58626556396484,123.99138641357422,126.10980224609375,7141351
2011-11-29,126.7838363647461,127.36158752441406,125.49995422363281,127.04061889648438,9906681
2011-11-30,126.49496459960938,129.3516082763672,126.04560852050781,128.8380584716797,15932969
2011-12-01,130.9564666748047,132.17616271972656,130.4429168701172,130.73179626464844,10232151
2011-12-02,130.6676025390625,132.88230895996094,129.99356079101562,132.5613250732422,7626789
2011-12-05,132.2403564453125,133.26747131347656,130.08984375,131.05276489257812,6049127
2011-12-07,131.59841918945312,133.5242462158203,130.6676025390625,131.56631469726562,11763758
2011-12-08,131.56631469726562,132.36874389648438,126.7838363647461,127.74675750732422,10542268
2011-12-09,126.52706146240234,127.48997497558594,124.98639678955078,126.55915832519531,8697629
2011-12-12,127.65046691894531,127.971435546875,125.05059051513672,125.8209228515625,10548486
2011-12-13,125.49995422363281,127.10481262207031,125.2110824584961,126.68754577636719,7672013
2011-12-14,126.68754577636719,129.3516082763672,126.4628677368164,128.2924041748047,16802615
2011-12-15,127.74675750732422,129.3516082763672,126.75173950195312,128.13192749023438,15116838
2011-12-16,127.77885437011719,130.53921508789062,124.53704071044922,125.69253540039062,10439599
2011-12-19,124.98639678955078,127.10481262207031,123.44573211669922,126.7838363647461,11336698
2011-12-20,127.74675750732422,128.8701629638672,127.20110321044922,128.0035400390625,13478726
2011-12-21,129.2232208251953,130.2824249267578,128.09982299804688,129.83306884765625,10863748
2011-12-22,128.96644592285156,130.9564666748047,128.7096710205078,130.79598999023438,9805398
2011-12-23,131.2132568359375,131.59841918945312,129.83306884765625,130.9564666748047,8595373
2011-12-26,130.57130432128906,132.14407348632812,130.18614196777344,131.56631469726562,5993539
2011-12-27,131.5342254638672,132.2403564453125,129.86517333984375,131.63050842285156,7257962
2011-12-28,131.98358154296875,132.0477752685547,129.3516082763672,129.70468139648438,4880588
2011-12-29,129.19113159179688,130.57130432128906,128.38870239257812,128.8380584716797,10069671
2011-12-30,128.80596923828125,130.3145294189453,128.54917907714844,129.2232208251953,3600950
2012-01-02,129.5762939453125,129.5762939453125,127.04061889648438,127.5220718383789,2971018
2012-01-03,128.2924041748047,129.3837127685547,127.93933868408203,128.61337280273438,6299194
2012-01-04,129.3516082763672,129.47999572753906,127.42578125,128.09982299804688,12332428
2012-01-05,127.77885437011719,128.38870239257812,126.84803771972656,128.26031494140625,11802169
2012-01-06,127.77885437011719,130.37872314453125,127.3294906616211,129.73678588867188,9126672
2012-01-09,129.44790649414062,129.86517333984375,128.1961212158203,129.67259216308594,7693555
2012-01-10,129.8009796142578,132.0798797607422,129.8009796142578,131.6947021484375,5620843
2012-01-11,131.6947021484375,131.98358154296875,129.99356079101562,130.50711059570312,8426514
2012-01-12,130.3145294189453,131.85519409179688,130.15403747558594,131.56631469726562,7677382
2012-01-13,131.5342254638672,133.3316650390625,131.14906311035156,132.91439819335938,11932025
2012-01-16,132.7860107421875,134.6155548095703,132.5613250732422,134.2303924560547,9761270
2012-01-17,134.1661834716797,134.9365234375,132.75392150878906,133.78102111816406,10623854
2012-01-18,133.1069793701172,135.2574920654297,132.88230895996094,134.67974853515625,10380605
2012-01-19,135.03280639648438,135.4500732421875,133.6847381591797,134.29458618164062,9678245
2012-01-20,134.77603149414062,135.6426544189453,128.26031494140625,129.2232208251953,26816137
2012-01-23,129.44790649414062,131.59841918945312,127.36158752441406,131.34164428710938,13773620
2012-01-24,131.66261291503906,133.04278564453125,131.08486938476562,132.20826721191406,9699269
2012-01-25,132.5613250732422,132.88230895996094,131.43792724609375,132.2724609375,10815356
2012-01-27,133.20327758789062,133.20327758789062,128.1961212158203,129.544189453125,15923846
2012-01-30,129.67259216308594,130.73179626464844,128.1640167236328,128.93435668945312,12890528
2012-01-31,130.25033569335938,131.47003173828125,129.2232208251953,130.92437744140625,12057997
2012-02-01,130.53921508789062,130.57130432128906,128.58128356933594,129.41580200195312,9047265
2012-02-02,129.70468139648438,129.83306884765625,127.36158752441406,127.77885437011719,11426032
2012-02-03,127.74675750732422,129.19113159179688,126.4628677368164,128.80596923828125,13425304
2012-02-06,129.67259216308594,130.25033569335938,128.54917907714844,129.9293670654297,11001466
2012-02-07,131.2132568359375,132.17616271972656,129.73678588867188,131.9514923095703,12497285
2012-02-08,132.20826721191406,133.17117309570312,129.67259216308594,131.24534606933594,11790665
2012-02-09,130.6676025390625,131.5342254638672,129.67259216308594,130.89227294921875,7897821
2012-02-10,130.8601837158203,131.47003173828125,129.67259216308594,130.8280792236328,10659550
2012-02-13,130.8280792236328,131.43792724609375,129.7688751220703,130.18614196777344,7361450
2012-02-14,130.05775451660156,130.76388549804688,129.67259216308594,130.02565002441406,6626743
2012-02-15,130.37872314453125,130.9564666748047,129.73678588867188,130.41082763671875,16140308
2012-02-16,130.635498046875,131.34164428710938,129.73678588867188,130.92437744140625,14315043
2012-02-17,131.05276489257812,132.17616271972656,130.37872314453125,131.88729858398438,17137807
2012-02-21,131.88729858398438,133.97360229492188,131.88729858398438,133.1390838623047,16004145
2012-02-22,132.88230895996094,134.4229736328125,132.30455017089844,133.8773193359375,13414034
2012-02-23,134.0699005126953,134.87232971191406,132.01568603515625,133.90940856933594,16977796
2012-02-24,133.90940856933594,135.41798400878906,133.71682739257812,134.4229736328125,9437266
2012-02-27,134.80813598632812,136.66976928710938,133.84521484375,136.28460693359375,18082222
2012-02-28,136.1883087158203,137.054931640625,134.84022521972656,135.2574920654297,13655111
2012-02-29,135.4500732421875,136.7339630126953,132.65762329101562,133.299560546875,13799550
2012-03-01,133.26747131347656,134.7439422607422,131.47003173828125,132.7860107421875,7899192
2012-03-02,132.94650268554688,133.23536682128906,130.57130432128906,131.75889587402344,8889483
2012-03-05,131.66261291503906,133.49215698242188,130.76388549804688,132.88230895996094,12521849
2012-03-06,132.65762329101562,135.89944458007812,131.726806640625,135.06491088867188,15653513
2012-03-07,134.80813598632812,135.4500732421875,133.58843994140625,134.77603149414062,8176378
2012-03-09,135.54637145996094,136.57347106933594,133.23536682128906,133.6847381591797,15399405
2012-03-12,135.06491088867188,135.06491088867188,132.30455017089844,132.75392150878906,5960965
2012-03-13,132.88230895996094,134.48716735839844,132.88230895996094,134.1982879638672,9071489
2012-03-14,134.80813598632812,136.95864868164062,134.80813598632812,136.41299438476562,10193957
2012-03-15,136.09202575683594,136.79815673828125,133.39585876464844,134.10198974609375,16182908
2012-03-16,133.6847381591797,144.43728637695312,133.6847381591797,138.75608825683594,68393522
2012-03-19,139.30174255371094,143.60275268554688,138.30673217773438,141.5485382080078,36871352
2012-03-20,141.51644897460938,144.11631774902344,140.6498260498047,143.53855895996094,16706208
2012-03-21,143.53855895996094,144.3730926513672,141.77322387695312,143.6990509033203,16729914
2012-03-22,143.60275268554688,145.52859497070312,140.03997802734375,141.0349884033203,17163776
2012-03-23,142.1262969970703,144.27679443359375,141.06707763671875,142.80032348632812,12234883
2012-03-26,143.1533966064453,143.98793029785156,141.8695068359375,142.9608154296875,10731514
2012-03-27,143.6990509033203,145.88165283203125,142.51145935058594,145.111328125,11798599
2012-03-28,145.0792236328125,146.29891967773438,144.18051147460938,145.59278869628906,9180072
2012-03-29,143.79534912109375,145.9458465576172,142.35096740722656,144.14840698242188,17370530
2012-03-30,144.18051147460938,146.26683044433594,144.08421325683594,145.656982421875,14241499
2012-04-02,145.9779510498047,146.58779907226562,144.85455322265625,145.68907165527344,15158558
2012-04-03,146.45941162109375,146.58779907226562,145.4322967529297,145.78536987304688,9157908
2012-04-04,145.40020751953125,146.9408721923828,144.82244873046875,145.9779510498047,7427949
2012-04-09,144.82244873046875,145.75326538085938,143.3138885498047,143.8274383544922,5389468
2012-04-10,143.92373657226562,147.64700317382812,143.3138885498047,147.229736328125,8546331
2012-04-11,146.9408721923828,147.71119689941406,145.3360137939453,147.48651123046875,9836719
2012-04-12,146.78038024902344,150.85671997070312,146.78038024902344,150.69622802734375,20305963
2012-04-13,150.69622802734375,154.61209106445312,149.44444274902344,151.65914916992188,15111471
2012-04-16,151.3381805419922,155.35032653808594,150.6320343017578,154.740478515625,6179322
2012-04-17,157.66131591796875,158.88101196289062,153.77755737304688,158.04649353027344,8472158
2012-04-18,158.11068725585938,159.2340850830078,154.5157928466797,155.18983459472656,13522592
2012-04-19,155.7996826171875,157.14776611328125,153.26400756835938,156.6663055419922,9917961
2012-04-20,156.37744140625,158.8168182373047,155.76759338378906,157.404541015625,6577127
2012-04-23,157.5971221923828,159.0093994140625,156.6663055419922,157.1156768798828,10268157
2012-04-24,157.37245178222656,157.7576141357422,152.68626403808594,157.30825805664062,9751004
2012-04-25,157.53292846679688,158.43165588378906,155.70339965820312,157.88600158691406,6534970
2012-04-26,158.1748809814453,160.4216766357422,156.95518493652344,159.8760223388672,10960980
2012-04-27,159.65135192871094,162.31541442871094,157.2440643310547,157.7897186279297,9639782
2012-04-30,159.2019805908203,160.03651428222656,157.34034729003906,157.5971221923828,4963863
2012-05-02,157.6292266845703,159.10569763183594,156.31324768066406,157.01937866210938,7452130
2012-05-03,157.53292846679688,157.88600158691406,154.70838928222656,155.15774536132812,5869811
2012-05-04,154.9651641845703,157.2440643310547,152.36529541015625,152.87884521484375,9959642
2012-05-07,150.85671997070312,153.42449951171875,149.79751586914062,151.7233428955078,7872153
2012-05-08,152.14060974121094,155.2861328125,143.6990509033203,145.656982421875,17683414
2012-05-09,147.64700317382812,154.70838928222656,145.78536987304688,154.0022430419922,20744163
2012-05-10,154.9651641845703,156.24905395507812,151.7233428955078,153.58497619628906,10151209
2012-05-11,152.5899658203125,152.9109344482422,148.5136260986328,150.37525939941406,8122806
2012-05-14,150.21478271484375,151.49867248535156,148.93089294433594,150.53575134277344,5167041
2012-05-15,149.25186157226562,151.24188232421875,147.71119689941406,148.19265747070312,7908658
2012-05-16,147.00506591796875,148.2889404296875,145.3360137939453,145.91375732421875,7945009
2012-05-17,147.00506591796875,151.91592407226562,147.00506591796875,150.69622802734375,15783926
2012-05-18,149.09136962890625,154.70838928222656,147.64700317382812,153.77755737304688,13048512
2012-05-21,153.84176635742188,154.67628479003906,150.21478271484375,150.76043701171875,6460492
2012-05-22,152.33319091796875,153.55288696289062,147.71119689941406,149.412353515625,10645458
2012-05-23,148.321044921875,149.5728302001953,147.64700317382812,148.73831176757812,6794965
2012-05-24,148.73831176757812,150.6641387939453,148.2889404296875,149.79751586914062,9014464
2012-05-25,149.5728302001953,151.49867248535156,148.16055297851562,148.8345947265625,14231517
2012-05-28,149.5728302001953,151.49867248535156,148.99508666992188,150.88882446289062,5509054
2012-05-29,151.3381805419922,151.46656799316406,147.64700317382812,148.22474670410156,8218101
2012-05-30,148.22474670410156,150.439453125,147.9679718017578,148.86669921875,8467690
2012-05-31,147.13345336914062,149.25186157226562,146.04214477539062,147.229736328125,32058738
2012-06-01,146.9408721923828,150.6641387939453,146.9408721923828,150.1184844970703,10521812
2012-06-04,149.1876678466797,150.37525939941406,147.229736328125,147.71119689941406,6266881
2012-06-05,148.1284637451172,149.3802490234375,144.43728637695312,145.01502990722656,7901016
2012-06-06,145.01502990722656,152.14060974121094,145.01502990722656,150.56784057617188,15992276
2012-06-07,151.24188232421875,153.61708068847656,149.31605529785156,151.7233428955078,10277635
2012-06-08,151.98011779785156,154.90097045898438,150.69622802734375,153.55288696289062,7353581
2012-06-11,152.65415954589844,154.70838928222656,151.81964111328125,153.9059600830078,5156519
2012-06-12,152.2368927001953,156.79469299316406,151.2097930908203,156.0243682861328,6763601
2012-06-13,155.57501220703125,157.2119598388672,155.4466094970703,156.6663055419922,5809235
2012-06-14,156.0243682861328,159.61924743652344,156.0243682861328,157.0835723876953,9141667
2012-06-15,157.2440643310547,159.71554565429688,156.63421630859375,159.2019805908203,10846275
2012-06-18,158.88101196289062,160.48587036132812,155.67129516601562,156.1206512451172,5311000
2012-06-19,155.7996826171875,160.48587036132812,155.7996826171875,160.1007080078125,9692655
2012-06-20,160.1007080078125,160.26119995117188,157.17987060546875,157.9501953125,6517723
2012-06-21,157.66131591796875,161.76976013183594,157.5971221923828,161.3845977783203,7232955
2012-06-22,160.48587036132812,162.4116973876953,158.39955139160156,160.8068389892578,4101593
2012-06-25,160.48587036132812,162.9894561767578,159.9081268310547,160.51797485351562,5439315
2012-06-26,160.068603515625,160.38958740234375,158.11068725585938,158.59213256835938,6366119
2012-06-27,159.3945770263672,160.22909545898438,158.7205352783203,159.07359313964844,5245829
2012-06-28,159.2019805908203,162.2191162109375,158.65634155273438,161.32040405273438,13150548
2012-06-29,161.54507446289062,166.90530395507812,161.54507446289062,166.1991729736328,14201966
2012-07-02,166.35964965820312,167.16207885742188,158.8489227294922,160.51797485351562,15310783
2012-07-03,160.48587036132812,160.6463623046875,157.56503295898438,158.23907470703125,15656893
2012-07-04,159.71554565429688,159.7797393798828,156.95518493652344,158.01438903808594,8883562
2012-07-05,158.56004333496094,161.12782287597656,158.11068725585938,160.87103271484375,5835480
2012-07-06,161.12782287597656,162.73268127441406,159.65135192871094,162.251220703125,7176659
2012-07-09,160.90313720703125,163.6313934326172,160.8068389892578,161.54507446289062,6940342
2012-07-10,161.60926818847656,166.39175415039062,159.9081268310547,165.87820434570312,9404573
2012-07-11,164.88319396972656,165.49302673339844,162.2191162109375,162.6042938232422,7642281
2012-07-12,162.73268127441406,164.85108947753906,161.22410583496094,161.57717895507812,4942903
2012-07-13,161.3524932861328,163.342529296875,160.71055603027344,162.7647705078125,3633928
2012-07-16,162.2191162109375,163.43881225585938,161.09571838378906,161.80186462402344,2648877
2012-07-17,162.70057678222656,164.33753967285156,162.2191162109375,164.0165557861328,4883020
2012-07-18,164.5943145751953,164.78689575195312,162.89315795898438,163.6634979248047,5139344
2012-07-19,163.43881225585938,164.36962890625,162.2191162109375,163.1178436279297,4599239
2012-07-20,162.34750366210938,163.6634979248047,161.96234130859375,162.31541442871094,2956292
2012-07-23,161.3845977783203,161.5129852294922,159.5550537109375,160.19700622558594,3995026
2012-07-24,160.9673309326172,162.0265350341797,159.587158203125,160.67845153808594,5488947
2012-07-25,160.8068389892578,163.88816833496094,159.52296447753906,163.5351104736328,8248065
2012-07-26,164.2091522216797,164.97947692871094,159.26617431640625,160.1328125,21892124
2012-07-27,163.47091674804688,164.08074951171875,161.64137268066406,163.6634979248047,10008857
2012-07-30,164.24124145507812,166.13497924804688,163.37461853027344,165.74981689453125,8450229
2012-07-31,165.94239807128906,167.4188690185547,164.11285400390625,165.71771240234375,9117691
2012-08-01,165.58932495117188,166.58433532714844,164.53012084960938,166.2954559326172,2982052
2012-08-02,166.90530395507812,168.18919372558594,166.26336669921875,167.83612060546875,5457011
2012-08-03,166.80902099609375,167.48306274414062,165.39674377441406,166.48805236816406,3869795
2012-08-06,167.2904815673828,168.1571044921875,165.30044555664062,165.87820434570312,2990101
2012-08-07,165.9744873046875,168.09291076660156,165.04367065429688,167.73983764648438,5288244
2012-08-08,167.54725646972656,169.1842041015625,166.5201416015625,167.9003143310547,7198237
2012-08-09,167.8040313720703,171.30262756347656,167.8040313720703,170.5001983642578,7853814
2012-08-10,169.79405212402344,172.68280029296875,169.66566467285156,171.88037109375,8598375
2012-08-13,171.62359619140625,172.65069580078125,169.60147094726562,171.334716796875,7488550
2012-08-14,171.334716796875,172.9395751953125,169.9224395751953,171.9124755859375,5524933
2012-08-16,171.62359619140625,172.36183166503906,165.30044555664062,165.84609985351562,15209637
2012-08-17,165.6856231689453,169.08792114257812,165.6856231689453,168.25338745117188,8106841
2012-08-21,168.25338745117188,168.3175811767578,166.48805236816406,167.3867645263672,9939659
2012-08-22,167.00160217285156,168.8953399658203,166.48805236816406,167.96450805664062,4614480
2012-08-23,168.3175811767578,170.0829315185547,167.86822509765625,169.63357543945312,7858110
2012-08-24,169.28050231933594,170.94955444335938,168.25338745117188,170.21131896972656,11153512
2012-08-27,170.14712524414062,170.91744995117188,169.47308349609375,170.33970642089844,2666951
2012-08-28,170.33970642089844,172.36183166503906,170.33970642089844,172.13714599609375,6036077
2012-08-29,172.6186065673828,173.19635009765625,171.23843383789062,172.90748596191406,6062102
2012-08-30,172.6186065673828,175.4110565185547,170.8211669921875,173.7099151611328,24881699
2012-08-31,173.32473754882812,173.64572143554688,170.94955444335938,171.81617736816406,8145858
2012-09-03,172.68280029296875,173.22845458984375,170.9816436767578,171.78407287597656,6207435
2012-09-04,171.46310424804688,172.5865020751953,170.53228759765625,171.07794189453125,4050429
2012-09-05,170.75697326660156,172.87538146972656,170.75697326660156,171.88037109375,6639310
2012-09-06,171.43101501464844,171.6877899169922,166.96949768066406,167.19418334960938,7167836
2012-09-07,168.83114624023438,169.28050231933594,167.16207885742188,168.670654296875,10688325
2012-09-10,169.4088897705078,170.43600463867188,168.3496856689453,169.89035034179688,6622112
2012-09-11,169.85824584960938,171.94456481933594,168.8953399658203,171.59149169921875,3886091
2012-09-12,171.88037109375,173.32473754882812,171.27052307128906,172.87538146972656,5756128
2012-09-13,172.7790985107422,173.517333984375,172.00875854492188,173.10006713867188,5623795
2012-09-14,174.3518524169922,175.1221923828125,171.30262756347656,172.2013397216797,17152709
2012-09-17,172.3939208984375,172.5865020751953,161.1920166015625,162.73268127441406,29568650
2012-09-18,163.02154541015625,165.7819061279297,161.64137268066406,163.18203735351562,13665518
2012-09-20,163.5030059814453,165.17205810546875,162.796875,164.62640380859375,11276169
2012-09-21,165.62142944335938,169.82615661621094,164.88319396972656,167.9324188232422,18714031
2012-09-24,167.86822509765625,167.9324188232422,163.0857391357422,164.24124145507812,11751520
2012-09-25,164.27334594726562,168.06080627441406,163.69558715820312,167.4188690185547,11113459
2012-09-26,168.6385498046875,169.85824584960938,167.19418334960938,169.34469604492188,15978962
2012-09-27,169.5372772216797,172.04086303710938,168.25338745117188,171.3668212890625,19205494
2012-09-28,171.07794189453125,175.15428161621094,170.8211669921875,174.8654022216797,14714650
2012-10-01,174.28765869140625,176.53445434570312,173.7099151611328,175.4110565185547,7859325
2012-10-03,175.57154846191406,175.73202514648438,171.78407287597656,173.4852294921875,13329816
2012-10-04,173.517333984375,177.4652862548828,173.517333984375,176.72705078125,10281333
2012-10-05,177.49737548828125,179.7441864013672,141.3880615234375,176.95172119140625,12710975
2012-10-08,176.98382568359375,179.3590087890625,175.92462158203125,178.2998046875,8934222
2012-10-09,178.78126525878906,180.54661560058594,178.3319091796875,179.77627563476562,6003945
2012-10-10,179.42320251464844,180.89967346191406,178.46029663085938,180.38612365722656,6227474
2012-10-11,179.13433837890625,182.72921752929688,177.40109252929688,181.99098205566406,9131999
2012-10-12,182.7934112548828,183.08229064941406,180.7712860107422,181.99098205566406,5071211
2012-10-15,181.7342071533203,184.59085083007812,179.80838012695312,184.07730102539062,5350707
2012-10-16,182.9539031982422,185.13650512695312,182.3761444091797,183.8847198486328,7096362
2012-10-17,183.75633239746094,185.74635314941406,183.01809692382812,185.0402069091797,4546689
2012-10-18,185.20069885253906,187.44749450683594,183.69212341308594,187.1907196044922,13199646
2012-10-19,187.0623321533203,191.94110107421875,186.29200744628906,190.9781951904297,21003616
2012-10-22,191.29916381835938,191.4917449951172,186.90185546875,188.73138427734375,11413513
2012-10-23,189.27703857421875,189.27703857421875,185.20069885253906,186.1636199951172,5504503
2012-10-25,186.99813842773438,188.73138427734375,185.2969970703125,187.47959899902344,12373775
2012-10-29,183.59584045410156,186.1636199951172,183.4353485107422,185.0402069091797,4612491
2012-10-30,184.33407592773438,185.13650512695312,182.05517578125,182.3761444091797,5376753
2012-10-31,182.9217987060547,183.3069610595703,180.61080932617188,181.38113403320312,5920711
2012-11-01,181.06016540527344,181.5416259765625,177.9467315673828,179.29481506347656,6825659
2012-11-02,180.70709228515625,184.10939025878906,180.6428985595703,181.79840087890625,11088683
2012-11-05,182.34405517578125,185.52166748046875,181.57371520996094,185.2969970703125,6061704
2012-11-06,185.4574737548828,186.93394470214844,183.56373596191406,185.6179656982422,6039762
2012-11-07,186.06732177734375,186.6450653076172,184.26988220214844,186.1315155029297,6562533
2012-11-08,184.87973022460938,187.0944366455078,184.5266571044922,185.52166748046875,3890518
2012-11-09,184.9118194580078,186.42039489746094,183.9810028076172,184.97601318359375,3955519
2012-11-12,184.81553649902344,186.1636199951172,181.79840087890625,182.18356323242188,5537113
2012-11-15,181.57371520996094,181.57371520996094,176.8875274658203,177.4652862548828,12677572
2012-11-16,178.13931274414062,180.418212890625,175.34686279296875,176.30978393554688,8524566
2012-11-19,175.92462158203125,181.47743225097656,175.25057983398438,180.83547973632812,8544540
2012-11-20,181.99098205566406,182.7934112548828,179.23062133789062,180.0972442626953,6977187
2012-11-21,180.0972442626953,184.3982696533203,178.845458984375,183.6600341796875,8596423
2012-11-22,184.5266571044922,185.68215942382812,182.69711303710938,185.52166748046875,6368703
2012-11-23,185.4895782470703,185.4895782470703,181.60581970214844,183.9810028076172,3948098
2012-11-26,184.71923828125,184.87973022460938,182.9539031982422,184.30197143554688,2225560
2012-11-27,184.30197143554688,189.3733367919922,184.23777770996094,188.89187622070312,9705650
2012-11-29,188.76348876953125,192.5509490966797,188.5067138671875,191.29916381835938,16121088
2012-11-30,190.111572265625,191.94110107421875,188.60299682617188,191.62013244628906,8896588
2012-12-03,190.9781951904297,191.4917449951172,188.8276824951172,190.111572265625,5699933
2012-12-04,189.2128448486328,190.14366149902344,188.08944702148438,189.46961975097656,4804648
2012-12-05,189.11654663085938,191.9090118408203,189.11654663085938,191.23497009277344,9258232
2012-12-06,191.58804321289062,193.99533081054688,189.3733367919922,193.44967651367188,9199364
2012-12-07,193.0644989013672,194.50888061523438,191.84481811523438,193.54595947265625,5323399
2012-12-10,192.9682159423828,194.28419494628906,191.29916381835938,193.8348388671875,4218488
2012-12-11,193.8348388671875,196.24212646484375,193.25709533691406,194.7014617919922,8880373
2012-12-12,194.76565551757812,196.75567626953125,194.7335662841797,196.40261840820312,7246709
2012-12-13,195.85696411132812,196.04954528808594,187.6400909423828,189.5338134765625,19125952
2012-12-14,187.86476135253906,190.593017578125,186.3240966796875,189.98316955566406,6971314
2012-12-17,188.44252014160156,189.3733367919922,187.28701782226562,188.1215362548828,5896804
2012-12-18,188.474609375,190.01527404785156,186.22781372070312,188.1536407470703,6602118
2012-12-19,187.67218017578125,189.63011169433594,185.36119079589844,186.22781372070312,15781261
2012-12-20,186.1315155029297,186.22781372070312,183.6279296875,184.30197143554688,11909531
2012-12-21,183.37115478515625,185.810546875,180.70709228515625,184.26988220214844,36910642
2012-12-24,185.7784423828125,186.6450653076172,183.8526153564453,184.26988220214844,7609381
2012-12-26,184.5587615966797,186.80555725097656,183.37115478515625,186.48458862304688,6727355
2012-12-27,187.7684783935547,187.928955078125,184.5587615966797,185.13650512695312,11063458
2012-12-28,184.3661651611328,186.1636199951172,184.3661651611328,185.7784423828125,5271735
2012-12-31,184.9439239501953,185.810546875,183.59584045410156,184.10939025878906,3555805
2013-01-01,184.46246337890625,185.65005493164062,184.0131072998047,184.3982696533203,4135426
2013-01-02,184.87973022460938,185.87474060058594,182.63291931152344,183.21067810058594,10172580
2013-01-03,183.6600341796875,183.91680908203125,181.5416259765625,182.0230712890625,6775685
2013-01-04,182.82550048828125,182.82550048828125,179.80838012695312,181.2848358154297,9390712
2013-01-07,182.50453186035156,182.9539031982422,178.78126525878906,179.13433837890625,12635903
2013-01-08,179.1985321044922,183.72422790527344,179.1985321044922,183.40325927734375,13951970
2013-01-09,182.7934112548828,183.40325927734375,178.90965270996094,179.42320251464844,11080003
2013-01-10,179.77627563476562,181.02806091308594,178.78126525878906,180.38612365722656,13002083
2013-01-11,179.5836944580078,180.19354248046875,174.67282104492188,175.50735473632812,14446914
2013-01-14,175.6036376953125,178.78126525878906,175.6036376953125,178.39610290527344,10672635
2013-01-15,178.6207733154297,183.08229064941406,176.3739776611328,182.3761444091797,18493615
2013-01-16,182.9217987060547,183.49954223632812,181.3169403076172,182.31195068359375,9275325
2013-01-17,181.7342071533203,184.14149475097656,180.70709228515625,183.146484375,12679955
2013-01-18,184.04519653320312,186.06732177734375,182.72921752929688,184.5266571044922,25503518
2013-01-21,185.52166748046875,187.44749450683594,183.78842163085938,187.15863037109375,20932912
2013-01-22,187.1907196044922,187.28701782226562,184.87973022460938,185.6179656982422,13126951
2013-01-23,185.84263610839844,188.37832641601562,185.36119079589844,187.928955078125,12173272
2013-01-24,188.08944702148438,191.684326171875,187.99314880371094,190.9460906982422,20890877
2013-01-25,191.94110107421875,192.90402221679688,190.75350952148438,192.4225616455078,21446627
2013-01-28,192.5830535888672,193.35337829589844,191.55593872070312,193.0644989013672,8666800
2013-01-29,192.0052947998047,196.91616821289062,192.0052947998047,195.88905334472656,14882640
2013-01-30,195.6643829345703,197.0445556640625,192.5830535888672,195.27920532226562,11567670
2013-01-31,196.21002197265625,198.6173095703125,194.5730743408203,197.49391174316406,14321914
2013-02-01,197.55810546875,198.9703826904297,195.50389099121094,198.6173095703125,10288134
2013-02-04,198.6173095703125,199.58023071289062,196.59519958496094,197.2371368408203,12057509
2013-02-05,195.7927703857422,196.88406372070312,193.866943359375,194.1558074951172,8287651
2013-02-06,194.7335662841797,196.37051391601562,193.2891845703125,195.69647216796875,12805908
2013-02-07,194.5409698486328,196.04954528808594,193.866943359375,195.18292236328125,6726127
2013-02-08,193.866943359375,196.65939331054688,192.06948852539062,193.70645141601562,11725383
2013-02-11,194.50888061523438,194.82984924316406,190.36834716796875,192.0373992919922,8361801
2013-02-12,191.62013244628906,193.19290161132812,191.29916381835938,192.61514282226562,6881967
2013-02-13,193.22499084472656,195.47178649902344,192.06948852539062,192.80772399902344,11002502
2013-02-14,192.80772399902344,193.8348388671875,192.0052947998047,193.0644989013672,12006132
2013-02-15,192.26206970214844,193.8348388671875,192.16578674316406,192.9682159423828,7278310
2013-02-18,192.87191772460938,193.16079711914062,191.78062438964844,192.775634765625,11633478
2013-02-19,192.5830535888672,194.22000122070312,191.62013244628906,193.6422576904297,5803756
2013-02-20,194.47677612304688,196.24212646484375,192.16578674316406,192.5830535888672,11504295
2013-02-21,192.26206970214844,192.90402221679688,189.2128448486328,190.4004364013672,16074899
2013-02-22,190.01527404785156,191.4596405029297,186.5487823486328,187.44749450683594,10156398
2013-02-25,188.02525329589844,189.27703857421875,185.5858612060547,187.86476135253906,8569888
2013-02-26,188.08944702148438,191.5238494873047,185.39328002929688,186.70925903320312,11031449
2013-02-27,187.44749450683594,190.91400146484375,186.96604919433594,189.2449493408203,16567232
2013-02-28,189.91897583007812,195.0866241455078,186.93394470214844,189.2449493408203,50205465
2013-03-01,189.3733367919922,191.10658264160156,185.52166748046875,186.96604919433594,17510246
2013-03-04,186.96604919433594,188.76348876953125,182.69711303710938,187.7684783935547,14256708
2013-03-05,188.53880310058594,191.10658264160156,186.1636199951172,187.83267211914062,15811390
2013-03-06,189.91897583007812,189.91897583007812,183.82052612304688,184.26988220214844,14958148
2013-03-07,183.69212341308594,189.2449493408203,183.1143798828125,187.67218017578125,16443754
2013-03-08,189.020263671875,191.94110107421875,187.7363739013672,191.10658264160156,9372390
2013-03-11,191.29916381835938,192.26206970214844,190.33624267578125,191.01028442382812,6885601
2013-03-12,190.593017578125,192.87191772460938,189.50172424316406,191.84481811523438,6268604
2013-03-13,191.29916381835938,194.348388671875,191.29916381835938,193.6422576904297,11639177
2013-03-14,193.6422576904297,195.0866241455078,192.5830535888672,193.802734375,8599115
2013-03-15,193.89903259277344,194.50888061523438,193.3212890625,193.802734375,9800403
2013-03-18,193.0966033935547,196.04954528808594,192.9361114501953,195.31130981445312,6293690
2013-03-19,197.07666015625,197.3976287841797,194.9261474609375,196.62728881835938,13253356
2013-03-20,195.7927703857422,197.71859741210938,195.2471160888672,197.20504760742188,15814368
2013-03-21,197.2371368408203,197.65440368652344,195.27920532226562,195.7927703857422,14602797
2013-03-22,196.6914825439453,197.07666015625,194.60516357421875,196.1779327392578,7996002
2013-03-25,196.531005859375,197.71859741210938,193.38548278808594,194.12371826171875,9553762
2013-03-26,194.50888061523438,197.71859741210938,193.866943359375,196.65939331054688,9322445
2013-03-28,197.52601623535156,199.0024871826172,195.53599548339844,198.6494140625,12958612
2013-04-01,198.36053466796875,198.93829345703125,196.24212646484375,197.20504760742188,4215721
2013-04-02,196.8198699951172,198.103759765625,195.4075927734375,197.17294311523438,6366149
2013-04-03,197.0445556640625,198.6173095703125,195.37550354003906,197.46182250976562,7516772
2013-04-04,197.01246643066406,197.30133056640625,191.684326171875,192.29417419433594,6915582
2013-04-05,192.22998046875,192.22998046875,186.1636199951172,186.99813842773438,10967923
2013-04-08,187.7363739013672,188.60299682617188,183.3390655517578,187.99314880371094,7847505
2013-04-09,188.2499237060547,189.66220092773438,183.56373596191406,184.3661651611328,9673947
2013-04-10,186.80555725097656,186.80555725097656,180.48240661621094,182.85760498046875,13937871
2013-04-11,184.62295532226562,185.42538452148438,181.89468383789062,183.146484375,15866524
2013-04-12,184.78343200683594,189.79058837890625,183.59584045410156,188.02525329589844,13440094
2013-04-15,187.44749450683594,193.16079711914062,185.65005493164062,192.5509490966797,11683138
2013-04-16,192.48675537109375,198.2963409423828,191.10658264160156,197.68649291992188,10469351
2013-04-17,197.71859741210938,201.57025146484375,197.14085388183594,200.9925079345703,11708165
2013-04-18,199.7086181640625,203.17510986328125,199.195068359375,202.40478515625,9165780
2013-04-22,201.3455810546875,204.13803100585938,200.9604034423828,203.49609375,7086991
2013-04-23,203.8170623779297,204.13803100585938,201.60235595703125,203.88125610351562,4539153
2013-04-25,202.43687438964844,207.50823974609375,202.34059143066406,205.32562255859375,19275779
2013-04-26,203.8170623779297,205.32562255859375,203.3035125732422,204.7157745361328,6704259
2013-04-29,204.2022247314453,208.6316375732422,203.2714080810547,208.40695190429688,6443266
2013-04-30,209.27357482910156,215.4362335205078,209.27357482910156,211.10311889648438,13308971
2013-05-02,210.26858520507812,215.0189666748047,208.76002502441406,214.12025451660156,9543366
2013-05-03,213.8634796142578,214.02395629882812,211.13522338867188,212.29071044921875,9014815
2013-05-06,211.8413543701172,213.4462127685547,208.88841247558594,209.40196228027344,4110204
2013-05-07,209.3377685546875,215.69300842285156,209.3377685546875,215.24365234375,7964905
2013-05-08,216.17446899414062,221.3421173095703,214.63380432128906,220.0582275390625,7407715
2013-05-09,221.117431640625,222.08035278320312,219.3199920654297,221.1495361328125,6235467
2013-05-10,220.57179260253906,227.3442840576172,219.544677734375,226.7023468017578,10282713
2013-05-13,227.2480010986328,227.2480010986328,214.63380432128906,215.5646209716797,17051566
2013-05-14,217.55465698242188,218.16448974609375,213.79928588867188,215.5967254638672,10596122
2013-05-15,217.00900268554688,220.7964630126953,215.69300842285156,219.83355712890625,12882200
2013-05-16,218.9990234375,220.50758361816406,213.54251098632812,216.3349609375,11503781
2013-05-17,217.3941650390625,219.1916046142578,213.8313751220703,214.98687744140625,25342119
2013-05-20,215.0510711669922,219.60887145996094,214.4091339111328,214.82638549804688,11509947
2013-05-21,214.4091339111328,215.30784606933594,211.10311889648438,212.48329162597656,8003621
2013-05-22,211.2957000732422,216.3349609375,211.2957000732422,215.40414428710938,10133253
2013-05-23,214.02395629882812,215.66091918945312,212.0660400390625,213.4462127685547,8023579
2013-05-24,214.4091339111328,214.5054168701172,211.00682067871094,211.77716064453125,11023742
2013-05-27,211.8413543701172,214.79429626464844,211.5203857421875,214.34494018554688,8316915
2013-05-28,213.54251098632812,219.44837951660156,213.51040649414062,218.2607879638672,8513216
2013-05-29,218.90272521972656,220.2829132080078,216.6238250732422,219.96194458007812,7100118
2013-05-30,219.80145263671875,228.4676971435547,219.48048400878906,227.44058227539062,17541039
2013-05-31,225.6431427001953,225.6431427001953,217.362060546875,218.19659423828125,11554816
2013-06-03,218.6780548095703,219.48048400878906,213.89556884765625,215.72511291503906,7558341
2013-06-04,215.5967254638672,217.42626953125,215.11526489257812,216.5275421142578,9610688
2013-06-05,215.37203979492188,216.3028564453125,212.0660400390625,214.4091339111328,8687291
2013-06-06,214.4091339111328,216.17446899414062,211.90554809570312,214.98687744140625,6641257
2013-06-07,213.76718139648438,217.29786682128906,212.57958984375,214.31283569335938,6774172
2013-06-10,214.44122314453125,216.97689819335938,214.31283569335938,216.3349609375,4959399
2013-06-11,214.9226837158203,216.4954376220703,213.76718139648438,214.63380432128906,10251272
2013-06-12,213.6387939453125,214.3770294189453,210.58956909179688,212.48329162597656,10494305
2013-06-13,211.2957000732422,212.0660400390625,207.66871643066406,209.91552734375,12828233
2013-06-14,211.45619201660156,213.76718139648438,209.43406677246094,212.96475219726562,8419326
2013-06-17,213.6387939453125,213.6387939453125,209.3377685546875,213.02894592285156,5305728
2013-06-18,212.19442749023438,213.18943786621094,210.7500457763672,211.93765258789062,8416458
2013-06-19,211.8092498779297,212.29071044921875,210.04391479492188,211.77716064453125,7072114
2013-06-20,210.461181640625,210.49327087402344,204.77996826171875,207.15516662597656,16222500
2013-06-21,206.705810546875,208.5032501220703,203.8170623779297,206.93048095703125,10469359
2013-06-24,205.6466064453125,209.0167999267578,199.86911010742188,201.82704162597656,13174419
2013-06-25,203.17510986328125,206.38482666015625,199.64442443847656,205.22933959960938,12938648
2013-06-26,206.54531860351562,209.85133361816406,204.58738708496094,207.31565856933594,13696270
2013-06-27,209.20938110351562,209.85133361816406,203.52818298339844,206.5132293701172,16042871
2013-06-28,207.09097290039062,211.8413543701172,206.22434997558594,208.21437072753906,14351872
2013-07-01,208.6316375732422,209.78713989257812,207.0267791748047,209.24148559570312,13805909
2013-07-02,208.6316375732422,209.62664794921875,207.0267791748047,208.53533935546875,9378833
2013-07-03,207.86129760742188,210.2364959716797,205.51820373535156,209.49826049804688,10526108
2013-07-04,209.59454345703125,218.1324005126953,209.49826049804688,217.52255249023438,10017235
2013-07-05,219.544677734375,221.4705047607422,218.6459503173828,219.92984008789062,7077513
2013-07-08,219.0311279296875,223.78150939941406,217.45835876464844,222.5618133544922,8258683
2013-07-09,221.75938415527344,224.5839385986328,221.75938415527344,223.04327392578125,7207959
2013-07-10,223.97409057617188,223.97409057617188,220.2508087158203,221.82357788085938,6978260
2013-07-11,225.86781311035156,227.50477600097656,221.9840545654297,226.86282348632812,7181688
2013-07-12,226.76654052734375,226.76654052734375,223.13955688476562,225.0653839111328,6640357
2013-07-15,226.1887969970703,226.8307342529297,223.2679443359375,226.34927368164062,6913287
2013-07-16,223.39633178710938,232.383544921875,223.39633178710938,231.1317596435547,10138682
2013-07-17,231.74160766601562,237.77586364746094,231.58111572265625,236.4598846435547,18657124
2013-07-18,236.39569091796875,238.73878479003906,234.1809844970703,236.6524658203125,11876973
2013-07-19,236.55618286132812,238.73878479003906,234.43775939941406,236.90924072265625,8416022
2013-07-22,235.75375366210938,237.84005737304688,235.2401885986328,236.74876403808594,6178646
2013-07-23,237.7437744140625,241.43495178222656,237.16603088378906,241.21026611328125,7698275
2013-07-24,241.04978942871094,243.9385223388672,236.81295776367188,241.24237060546875,11098230
2013-07-25,240.02267456054688,240.0868682861328,228.37139892578125,230.39352416992188,22053243
2013-07-26,231.5169219970703,239.28443908691406,224.45553588867188,236.3314971923828,18237723
2013-07-29,234.3093719482422,236.04261779785156,228.2751007080078,229.78367614746094,8271173
2013-07-30,228.2751007080078,230.20094299316406,224.0382843017578,225.0653839111328,5800384
2013-07-31,224.6802215576172,227.82574462890625,215.72511291503906,219.3520965576172,20733349
2013-08-01,220.50758361816406,224.07037353515625,216.36705017089844,217.87562561035156,9914519
2013-08-02,218.2607879638672,220.8285675048828,211.61666870117188,213.73509216308594,9392407
2013-08-05,213.92767333984375,218.87063598632812,213.22152709960938,215.30784606933594,8968417
2013-08-06,215.2757568359375,215.5646209716797,211.1994171142578,212.00184631347656,11537641
2013-08-07,212.48329162597656,213.60670471191406,204.45899963378906,206.77000427246094,12292430
2013-08-08,206.77000427246094,210.04391479492188,205.67869567871094,208.8563232421875,9466948
2013-08-12,211.77716064453125,216.6559295654297,208.6316375732422,215.4683380126953,19052782
2013-08-13,216.59173583984375,217.7472381591797,213.51040649414062,214.5375213623047,15484074
2013-08-14,213.8634796142578,216.3349609375,211.26361083984375,214.95477294921875,10010708
2013-08-16,214.4091339111328,216.97689819335938,203.8170623779297,205.67869567871094,18695389
2013-08-19,205.67869567871094,206.60951232910156,199.0024871826172,201.5060577392578,12856446
2013-08-20,200.41476440429688,207.15516662597656,194.50888061523438,202.40478515625,19429002
2013-08-21,205.4219207763672,205.99966430664062,190.111572265625,193.1287078857422,15496832
2013-08-22,193.22499084472656,199.45184326171875,186.1636199951172,197.68649291992188,20889755
2013-08-23,198.16795349121094,198.90618896484375,193.25709533691406,198.03956604003906,15306783
2013-08-26,199.1629638671875,200.70362854003906,196.46681213378906,197.3976287841797,9031368
2013-08-27,196.59519958496094,196.91616821289062,186.58087158203125,191.23497009277344,17972729
2013-08-28,190.01527404785156,195.6643829345703,183.08229064941406,191.42755126953125,21508924
2013-08-29,192.39047241210938,198.36053466796875,189.3733367919922,196.1458282470703,18027050
2013-08-30,196.43470764160156,200.286376953125,192.5830535888672,198.16795349121094,17712666
2013-09-02,199.0024871826172,207.86129760742188,198.23214721679688,205.67869567871094,14240134
2013-09-03,206.3206329345703,207.7650146484375,189.7584991455078,193.03240966796875,20983697
2013-09-04,195.7927703857422,195.7927703857422,188.474609375,192.48675537109375,21763209
2013-09-05,197.55810546875,203.1109161376953,197.3976287841797,200.38265991210938,14149234
2013-09-06,200.92831420898438,204.65158081054688,199.195068359375,203.1109161376953,11458530
2013-09-10,205.4219207763672,217.23367309570312,204.77996826171875,215.62881469726562,18861194
2013-09-11,215.69300842285156,216.3349609375,209.94761657714844,211.8092498779297,11738218
2013-09-12,212.96475219726562,217.55465698242188,211.35989379882812,216.0139923095703,16830618
2013-09-13,216.880615234375,217.55465698242188,211.8092498779297,212.70797729492188,11429753
2013-09-16,215.08316040039062,217.6188507080078,212.0660400390625,214.3770294189453,11057970
2013-09-17,213.18943786621094,218.1324005126953,212.83636474609375,217.42626953125,6832496
2013-09-18,218.90272521972656,221.4705047607422,217.7472381591797,220.53968811035156,10523047
2013-09-19,223.65310668945312,228.8528594970703,223.55682373046875,228.17881774902344,15353164
2013-09-20,227.82574462890625,229.81576538085938,222.30503845214844,228.08251953125,13341518
2013-09-23,225.38636779785156,229.173828125,222.5297088623047,224.5839385986328,8171977
2013-09-24,222.9469757080078,227.0233154296875,221.59889221191406,224.0061798095703,13086701
2013-09-25,224.3592529296875,224.6802215576172,216.23866271972656,221.3100128173828,11272774
2013-09-26,220.3791961669922,224.6802215576172,218.90272521972656,224.23086547851562,12304592
2013-09-27,225.2579803466797,225.2579803466797,221.5026092529297,223.33213806152344,8599981
2013-09-30,221.6951904296875,222.4334259033203,217.2015838623047,218.51756286621094,8652819
2013-10-01,218.4854736328125,220.50758361816406,216.97689819335938,220.18661499023438,6647152
2013-10-03,222.11244201660156,222.11244201660156,216.3349609375,217.45835876464844,12020302
2013-10-04,217.45835876464844,219.38418579101562,215.2757568359375,218.16448974609375,6919912
2013-10-07,217.55465698242188,218.87063598632812,213.125244140625,218.2928924560547,8143249
2013-10-08,219.7051544189453,223.8135986328125,218.00401306152344,223.17166137695312,8714072
2013-10-09,223.0753631591797,225.00119018554688,220.53968811035156,223.74940490722656,8084153
2013-10-10,222.5618133544922,225.1937713623047,221.27792358398438,222.85067749023438,5327196
2013-10-11,223.78150939941406,224.64813232421875,218.71014404296875,219.67306518554688,5551234
2013-10-14,220.50758361816406,220.50758361816406,217.3941650390625,218.1324005126953,4174761
2013-10-15,217.6188507080078,220.0582275390625,213.9918670654297,218.2607879638672,7804813
2013-10-17,218.2607879638672,222.4334259033203,217.7472381591797,221.79147338867188,7001561
2013-10-18,223.20375061035156,228.59608459472656,221.56680297851562,227.60105895996094,12205708
2013-10-21,227.8899383544922,228.53189086914062,220.18661499023438,221.27792358398438,10146755
2013-10-22,219.80145263671875,221.3421173095703,218.58175659179688,219.25579833984375,6778420
2013-10-23,219.64096069335938,221.1495361328125,217.29786682128906,219.28790283203125,7369486
2013-10-24,219.80145263671875,223.6210174560547,218.38917541503906,220.02613830566406,10032443
2013-10-25,221.40631103515625,222.75439453125,215.69300842285156,218.2928924560547,9141374
2013-10-28,216.97689819335938,216.97689819335938,209.46615600585938,210.52537536621094,20979323
2013-10-29,210.1081085205078,213.15733337402344,207.34774780273438,210.49327087402344,17718103
2013-10-30,211.5203857421875,214.08815002441406,208.98471069335938,213.8313751220703,16308034
2013-10-31,212.70797729492188,216.0139923095703,212.0660400390625,215.0510711669922,17085463
2013-11-01,213.8634796142578,214.4091339111328,209.91552734375,210.58956909179688,10738775
2013-11-05,211.26361083984375,211.77716064453125,204.2022247314453,204.77996826171875,20264398
2013-11-06,205.4219207763672,207.05886840820312,203.62448120117188,204.58738708496094,9455959
2013-11-07,204.81207275390625,207.86129760742188,202.2122039794922,205.71080017089844,11236270
2013-11-08,205.9675750732422,207.79710388183594,203.62448120117188,205.13304138183594,6918568
2013-11-11,204.07383728027344,206.64161682128906,200.9925079345703,203.2714080810547,9778374
2013-11-12,204.13803100585938,205.99966430664062,203.36770629882812,205.35772705078125,6633652
2013-11-13,205.4219207763672,205.4219207763672,201.24928283691406,201.6665496826172,7681690
2013-11-14,200.286376953125,204.13803100585938,200.286376953125,201.859130859375,6680746
2013-11-18,202.85414123535156,209.91552734375,202.85414123535156,209.3377685546875,13010277
2013-11-19,209.85133361816406,210.33277893066406,207.0267791748047,207.66871643066406,7460717
2013-11-20,207.5724334716797,209.1772918701172,205.4219207763672,205.90338134765625,11691152
2013-11-21,204.97256469726562,205.4219207763672,199.7086181640625,200.89620971679688,10374316
2013-11-22,202.1800994873047,202.78994750976562,197.55810546875,198.16795349121094,9296542
2013-11-25,199.86911010742188,203.43190002441406,199.64442443847656,202.98252868652344,6767726
2013-11-26,202.3726806640625,202.98252868652344,198.39263916015625,199.48394775390625,10613086
2013-11-27,198.39263916015625,202.34059143066406,198.39263916015625,201.6665496826172,7647866
2013-11-28,202.85414123535156,203.36770629882812,200.286376953125,201.24928283691406,10565222
2013-11-29,200.9604034423828,206.06385803222656,200.9604034423828,205.67869567871094,7762627
2013-12-02,206.03176879882812,207.79710388183594,204.5552978515625,206.38482666015625,5281591
2013-12-03,206.6737060546875,206.6737060546875,203.7849578857422,204.9083709716797,5785728
2013-12-04,204.77996826171875,205.03675842285156,200.19007873535156,200.83201599121094,6843370
2013-12-05,202.85414123535156,204.42691040039062,197.42971801757812,198.20005798339844,16005883
2013-12-06,198.8419952392578,200.51104736328125,198.00747680664062,199.67652893066406,13210184
2013-12-09,202.85414123535156,203.88125610351562,199.4197540283203,200.9604034423828,9736518
2013-12-10,201.08880615234375,204.45899963378906,200.92831420898438,204.07383728027344,16726976
2013-12-11,203.49609375,206.54531860351562,203.49609375,205.9675750732422,10911954
2013-12-12,205.9675750732422,206.705810546875,202.66156005859375,203.36770629882812,6493545
2013-12-13,202.5973663330078,203.8170623779297,200.51104736328125,202.40478515625,7430787
2013-12-16,201.79493713378906,202.2122039794922,199.45184326171875,200.7999267578125,6639191
2013-12-17,202.11590576171875,202.7578582763672,200.35057067871094,202.40478515625,8485441
2013-12-18,202.40478515625,203.91334533691406,200.7999267578125,202.56527709960938,12437966
2013-12-19,203.49609375,203.8170623779297,199.7086181640625,201.3455810546875,11657325
2013-12-20,201.57025146484375,202.78994750976562,199.22715759277344,202.34059143066406,15604452
2013-12-23,202.34059143066406,205.35772705078125,202.11590576171875,204.9083709716797,9074237
2013-12-24,205.2614288330078,205.4219207763672,203.8170623779297,204.81207275390625,6855665
2013-12-26,204.8441619873047,206.3206329345703,203.94544982910156,205.5823974609375,16056626
2013-12-27,206.06385803222656,207.7650146484375,205.4219207763672,206.9946746826172,8496764
2013-12-30,206.705810546875,207.98968505859375,205.4219207763672,206.96258544921875,5980792
2013-12-31,207.34774780273438,207.98968505859375,205.614501953125,206.60951232910156,5407304
2014-01-01,206.8983917236328,207.60452270507812,206.1280517578125,206.96258544921875,1930884
2014-01-02,206.93048095703125,208.6316375732422,201.76284790039062,202.1800994873047,7046088
2014-01-03,202.2122039794922,202.85414123535156,199.22715759277344,202.0517120361328,12462028
2014-01-06,202.2122039794922,203.3035125732422,201.24928283691406,202.6294708251953,8469206
2014-01-07,203.17510986328125,203.75286865234375,200.767822265625,203.3035125732422,8078735
2014-01-08,203.8170623779297,204.13803100585938,201.40977478027344,203.39979553222656,7763390
2014-01-09,203.3035125732422,203.3035125732422,200.70362854003906,202.5973663330078,7959027
2014-01-10,203.94544982910156,208.3106689453125,201.57025146484375,207.09097290039062,9541138
2014-01-13,207.73291015625,209.46615600585938,207.09097290039062,208.92051696777344,6603277
2014-01-14,209.27357482910156,211.8413543701172,207.89340209960938,208.278564453125,7859778
2014-01-15,208.69583129882812,211.5203857421875,206.28854370117188,211.10311889648438,9189578
2014-01-16,211.1994171142578,212.41909790039062,207.7650146484375,208.95260620117188,4928354
2014-01-17,209.27357482910156,210.55746459960938,207.0267791748047,208.53533935546875,11712237
2014-01-20,208.3106689453125,212.16232299804688,207.4119415283203,211.96974182128906,8938669
2014-01-21,212.00184631347656,213.34991455078125,210.87843322753906,211.23150634765625,7243659
2014-01-22,210.87843322753906,211.03892517089844,207.2193603515625,210.14019775390625,11806241
2014-01-23,209.49826049804688,211.8413543701172,208.82421875,211.1673126220703,6535486
2014-01-24,210.49327087402344,212.09812927246094,207.60452270507812,208.15017700195312,5324998
2014-01-27,205.74288940429688,208.95260620117188,204.5552978515625,208.1180877685547,9599991
2014-01-28,208.0859832763672,210.52537536621094,204.7157745361328,209.6908416748047,13619641
2014-01-29,210.1081085205078,210.87843322753906,208.1180877685547,208.6316375732422,9476826
2014-01-30,206.41693115234375,209.08099365234375,204.13803100585938,208.37486267089844,15933336
2014-01-31,208.56744384765625,209.08099365234375,206.77000427246094,208.69583129882812,9742894
2014-02-03,207.12306213378906,208.4711456298828,205.22933959960938,205.614501953125,6870129
2014-02-04,204.45899963378906,209.11309814453125,202.78994750976562,208.56744384765625,13377546
2014-02-05,207.0267791748047,208.4711456298828,203.8170623779297,204.7478790283203,9475363
2014-02-06,205.4219207763672,208.82421875,203.17510986328125,208.34275817871094,12047787
2014-02-07,209.91552734375,209.91552734375,205.55030822753906,207.63662719726562,12389542
2014-02-10,207.05886840820312,208.8563232421875,206.06385803222656,208.6316375732422,7082805
2014-02-11,208.05389404296875,209.43406677246094,207.05886840820312,208.69583129882812,7869507
2014-02-12,208.95260620117188,209.91552734375,204.77996826171875,205.77499389648438,9472266
2014-02-13,205.87127685546875,207.34774780273438,202.3726806640625,203.43190002441406,4303860
2014-02-14,204.2022247314453,205.614501953125,202.01962280273438,205.2935333251953,6031797
2014-02-17,206.06385803222656,206.8662872314453,203.84915161132812,205.48611450195312,5141648
2014-02-18,205.4219207763672,206.41693115234375,202.950439453125,203.43190002441406,6074237
2014-02-19,204.0096435546875,204.68368530273438,202.9183349609375,203.2714080810547,3359398
2014-02-20,202.85414123535156,203.4639892578125,199.9011993408203,200.19007873535156,7077222
2014-02-21,201.24928283691406,204.04173278808594,200.67153930664062,203.88125610351562,7146272
2014-02-24,202.85414123535156,205.74288940429688,202.85414123535156,205.45401000976562,4309197
2014-02-25,204.8441619873047,206.96258544921875,204.8441619873047,206.6737060546875,5560257
2014-02-26,207.2193603515625,211.74505615234375,207.0267791748047,211.03892517089844,12391503
2014-02-28,208.5995330810547,213.125244140625,208.5995330810547,210.33277893066406,12367281
2014-03-03,210.4290771484375,212.45120239257812,209.30567932128906,211.3278045654297,9759053
2014-03-04,212.09812927246094,214.4091339111328,210.68585205078125,212.9005584716797,9650893
2014-03-05,212.96475219726562,214.3770294189453,211.48828125,213.9597625732422,6304100
2014-03-06,213.57460021972656,215.14736938476562,212.0660400390625,214.76219177246094,5899637
2014-03-07,213.18943786621094,217.87562561035156,212.48329162597656,217.0731964111328,20820893
2014-03-10,215.69300842285156,216.97689819335938,214.56961059570312,215.4362335205078,9347006
2014-03-11,215.30784606933594,215.88558959960938,211.07101440429688,214.4091339111328,9354714
2014-03-12,214.60171508789062,220.18661499023438,214.56961059570312,218.90272521972656,10726780
2014-03-13,219.12741088867188,222.62600708007812,219.09532165527344,220.44338989257812,6257265
2014-03-14,219.60887145996094,223.4926300048828,218.2607879638672,222.88278198242188,6897445
2014-03-18,224.6802215576172,229.173828125,223.17166137695312,228.4676971435547,13749124
2014-03-19,228.53189086914062,231.0996551513672,228.24301147460938,230.90707397460938,8840284
2014-03-20,230.16883850097656,230.16883850097656,226.1566925048828,228.40350341796875,11469950
2014-03-21,228.8528594970703,230.26513671875,226.3171844482422,229.62318420410156,11193774
2014-03-24,228.56398010253906,233.21807861328125,228.1146240234375,231.5169219970703,10948547
2014-03-25,230.4577178955078,234.3093719482422,230.26513671875,232.8970947265625,9008127
2014-03-26,233.02548217773438,233.37855529785156,227.08750915527344,230.48980712890625,15149289
2014-03-27,230.4577178955078,232.83290100097656,228.56398010253906,231.03546142578125,26459965
2014-03-28,232.0625762939453,232.0625762939453,227.2480010986328,230.10464477539062,9733769
2014-03-31,230.5540008544922,231.74160766601562,224.45553588867188,226.509765625,12461507
2014-04-01,226.92703247070312,226.99122619628906,222.0161590576172,225.9320068359375,10255405
2014-04-02,226.34927368164062,226.60604858398438,218.4854736328125,221.05323791503906,26083709
2014-04-03,221.21372985839844,223.17166137695312,218.74224853515625,222.04824829101562,10760165
2014-04-04,222.69020080566406,223.90989685058594,219.7372589111328,221.3100128173828,10707643
2014-04-07,221.3100128173828,222.62600708007812,218.6780548095703,221.75938415527344,11748896
2014-04-09,221.8556671142578,224.3592529296875,220.18661499023438,223.36424255371094,9400948
2014-04-10,223.52471923828125,224.48764038085938,220.18661499023438,220.73226928710938,11032927
2014-04-11,220.0582275390625,221.3421173095703,218.4854736328125,220.50758361816406,12132005
2014-04-15,219.99403381347656,220.7964630126953,216.1423797607422,218.87063598632812,7200749
2014-04-16,218.87063598632812,223.17166137695312,218.87063598632812,222.14454650878906,6787207
2014-04-17,222.88278198242188,227.08750915527344,220.8285675048828,226.76654052734375,8527505
2014-04-21,226.22088623046875,228.33929443359375,224.10247802734375,226.86282348632812,6880755
2014-04-22,226.54185485839844,227.28009033203125,224.07037353515625,225.16168212890625,5147127
2014-04-23,225.964111328125,227.8899383544922,223.74940490722656,226.73443603515625,11759510
2014-04-25,227.055419921875,228.53189086914062,219.8656463623047,220.47549438476562,7124547
2014-04-28,221.75938415527344,221.75938415527344,218.2607879638672,219.544677734375,7566809
2014-04-29,218.90272521972656,220.12242126464844,217.29786682128906,218.453369140625,6681067
2014-04-30,218.453369140625,221.43841552734375,217.362060546875,218.74224853515625,6704337
2014-05-02,218.9669189453125,219.8656463623047,218.2607879638672,218.42127990722656,4510618
2014-05-05,218.58175659179688,221.79147338867188,218.58175659179688,221.27792358398438,6812515
2014-05-06,222.11244201660156,225.32217407226562,221.6630859375,223.36424255371094,7776414
2014-05-07,223.39633178710938,224.93699645996094,221.79147338867188,222.5297088623047,7307541
2014-05-08,222.75439453125,223.300048828125,218.6459503173828,219.64096069335938,8634471
2014-05-09,220.0582275390625,224.1666717529297,219.06321716308594,221.82357788085938,8210979
2014-05-12,221.6951904296875,231.0996551513672,221.4705047607422,230.5540008544922,11539433
2014-05-13,231.0996551513672,234.2130889892578,229.81576538085938,231.6453094482422,11467467
2014-05-14,231.93418884277344,236.8771514892578,231.93418884277344,234.7266387939453,10709542
2014-05-15,234.7266387939453,237.32650756835938,233.7637176513672,236.3314971923828,9930518
2014-05-16,237.3907012939453,248.7530975341797,226.2850799560547,229.1417236328125,40343155
2014-05-19,231.0996551513672,231.74160766601562,216.0139923095703,217.0410919189453,25167174
2014-05-20,219.544677734375,227.8899383544922,214.76219177246094,218.8064422607422,9597444
2014-05-21,217.97190856933594,220.12242126464844,217.42626953125,219.3199920654297,11070806
2014-05-22,220.18661499023438,223.0753631591797,218.4854736328125,221.9840545654297,10932427
2014-05-23,224.0382843017578,224.1666717529297,218.71014404296875,220.2508087158203,10369650
2014-05-26,221.9840545654297,223.2679443359375,218.35708618164062,221.24581909179688,12807080
2014-05-27,221.4705047607422,223.13955688476562,219.67306518554688,220.70018005371094,7111658
2014-05-28,220.8285675048828,220.9569549560547,218.6459503173828,220.09033203125,6491105
2014-05-29,221.4705047607422,223.39633178710938,218.51756286621094,219.8656463623047,15904432
2014-05-30,221.3421173095703,221.3421173095703,215.789306640625,219.38418579101562,11472325
2014-06-02,219.544677734375,220.2508087158203,215.30784606933594,216.1102752685547,11280670
2014-06-03,213.9597625732422,215.37203979492188,212.48329162597656,214.02395629882812,11193101
2014-06-04,213.4462127685547,214.28074645996094,211.03892517089844,212.45120239257812,15654413
2014-06-05,212.51539611816406,215.62881469726562,209.27357482910156,214.24864196777344,22003710
2014-06-06,215.0510711669922,217.52255249023438,213.79928588867188,216.1423797607422,16024262
2014-06-09,217.362060546875,218.8064422607422,215.24365234375,216.94480895996094,12511733
2014-06-10,217.6188507080078,218.2286834716797,214.76219177246094,216.55963134765625,8811973
2014-06-11,217.6188507080078,218.06820678710938,212.16232299804688,213.9597625732422,17591289
2014-06-12,214.4091339111328,215.82139587402344,212.57958984375,214.47332763671875,10194744
2014-06-13,216.23866271972656,216.23866271972656,213.02894592285156,213.51040649414062,8416552
2014-06-16,214.56961059570312,216.59173583984375,213.6387939453125,215.82139587402344,10149136
2014-06-17,215.66091918945312,217.0731964111328,214.63380432128906,215.72511291503906,6098558
2014-06-18,215.9818878173828,216.20657348632812,213.2857208251953,213.73509216308594,6865546
2014-06-19,214.95477294921875,216.27076721191406,213.89556884765625,215.85350036621094,8788560
2014-06-20,216.0139923095703,217.13739013671875,214.02395629882812,215.50042724609375,6990450
2014-06-23,215.0510711669922,215.0510711669922,200.6073455810547,202.1800994873047,33376555
2014-06-24,202.2122039794922,207.15516662597656,202.2122039794922,205.74288940429688,18077894
2014-06-25,204.8441619873047,205.22933959960938,202.53317260742188,202.88624572753906,13574151
2014-06-26,202.2122039794922,204.04173278808594,201.24928283691406,203.01463317871094,13659957
2014-06-27,203.49609375,206.03176879882812,202.9183349609375,205.2614288330078,11439941
2014-06-30,205.8070831298828,210.17230224609375,205.77499389648438,208.66372680664062,22314069
2014-07-01,210.30068969726562,210.30068969726562,207.98968505859375,208.76002502441406,14962757
2014-07-02,209.369873046875,211.96974182128906,208.95260620117188,211.42408752441406,9306027
2014-07-03,211.5203857421875,213.54251098632812,211.07101440429688,212.70797729492188,10115952
2014-07-04,213.25363159179688,215.11526489257812,211.8092498779297,214.02395629882812,10708319
2014-07-07,214.02395629882812,215.69300842285156,211.64877319335938,214.9226837158203,17027402
2014-07-08,214.4091339111328,216.6238250732422,212.8042755126953,215.5646209716797,15803786
2014-07-09,216.0139923095703,220.18661499023438,215.50042724609375,219.2237091064453,26261085
2014-07-10,218.61386108398438,224.0382843017578,216.3349609375,219.64096069335938,42430312
2014-07-11,221.4705047607422,225.00119018554688,220.18661499023438,222.04824829101562,14437515
2014-07-14,222.91488647460938,224.23086547851562,219.09532165527344,221.43841552734375,6912659
2014-07-15,221.79147338867188,223.36424255371094,219.15951538085938,219.7693634033203,5904027
2014-07-16,219.3520965576172,221.59889221191406,218.2607879638672,220.9569549560547,8598157
2014-07-17,220.2508087158203,222.11244201660156,219.92984008789062,220.98904418945312,5706924
2014-07-18,220.18661499023438,222.75439453125,219.3520965576172,220.89276123046875,6100526
2014-07-21,221.4705047607422,224.6802215576172,220.89276123046875,224.5839385986328,8177341
2014-07-22,225.32217407226562,227.15170288085938,224.48764038085938,226.54185485839844,8148776
2014-07-23,226.92703247070312,227.8899383544922,224.1345672607422,227.0233154296875,8044919
2014-07-24,227.2480010986328,229.23802185058594,226.2850799560547,228.8207550048828,6278041
2014-07-25,229.173828125,230.5861053466797,226.22088623046875,229.3664093017578,8495970
2014-07-28,228.05043029785156,229.97625732421875,227.63316345214844,229.30221557617188,4496205
2014-07-30,231.35643005371094,233.9884033203125,229.75157165527344,230.61819458007812,11848905
2014-07-31,229.81576538085938,231.0996551513672,227.2480010986328,228.56398010253906,10259935
2014-08-01,228.53189086914062,229.78367614746094,223.4926300048828,224.39134216308594,9545592
2014-08-04,227.2480010986328,227.8899383544922,224.23086547851562,227.5689697265625,6475186
2014-08-05,228.53189086914062,229.30221557617188,223.74940490722656,228.53189086914062,4971636
2014-08-06,227.50477600097656,228.1146240234375,220.89276123046875,222.14454650878906,7650927
2014-08-07,222.33712768554688,225.0974884033203,220.47549438476562,222.27293395996094,4920727
2014-08-08,221.63099670410156,224.3592529296875,220.31500244140625,223.74940490722656,4388250
2014-08-11,225.00119018554688,225.86781311035156,222.14454650878906,223.20375061035156,5595000
2014-08-12,224.48764038085938,224.48764038085938,220.50758361816406,222.78648376464844,4348476
2014-08-13,224.3592529296875,229.81576538085938,223.0753631591797,229.3664093017578,10789938
2014-08-14,229.07752990722656,232.28724670410156,227.8899383544922,229.07752990722656,6878404
2014-08-18,227.63316345214844,227.8899383544922,222.46551513671875,225.0974884033203,7225243
2014-08-19,225.32217407226562,226.1887969970703,222.9790802001953,223.78150939941406,8052736
2014-08-20,225.32217407226562,225.32217407226562,220.76437377929688,221.43841552734375,7099498
2014-08-21,221.43841552734375,223.39633178710938,220.98904418945312,222.208740234375,6235710
2014-08-22,222.27293395996094,223.300048828125,219.25579833984375,220.6038818359375,7123904
2014-08-25,222.5618133544922,224.6802215576172,220.57179260253906,224.23086547851562,4210814
2014-08-26,224.64813232421875,227.11961364746094,224.39134216308594,226.25299072265625,6166860
2014-08-27,227.0233154296875,227.82574462890625,225.54684448242188,226.1887969970703,7417246
2014-08-28,225.964111328125,229.173828125,225.86781311035156,228.08251953125,13099525
2014-09-01,229.81576538085938,229.81576538085938,224.45553588867188,225.03329467773438,7340711
2014-09-02,225.00119018554688,228.6602783203125,224.0382843017578,227.69735717773438,7618002
2014-09-03,228.08251953125,228.33929443359375,223.5889129638672,223.97409057617188,10204218
2014-09-04,224.42344665527344,226.509765625,224.10247802734375,224.93699645996094,9127941
2014-09-05,225.0653839111328,225.964111328125,223.6210174560547,225.1937713623047,7591967
2014-09-08,226.60604858398438,227.8899383544922,224.84071350097656,227.2158966064453,6563491
2014-09-09,225.32217407226562,230.84288024902344,225.32217407226562,229.94415283203125,6017390
2014-09-10,229.173828125,229.173828125,225.16168212890625,225.35426330566406,10499079
2014-09-11,225.35426330566406,226.57395935058594,224.3592529296875,225.4505615234375,9151782
2014-09-12,225.4505615234375,229.78367614746094,225.41845703125,228.3072052001953,8462450
2014-09-15,227.536865234375,227.8899383544922,224.6802215576172,225.7715301513672,6591435
2014-09-16,225.70733642578125,228.08251953125,224.6802215576172,226.7023468017578,8095323
2014-09-17,226.92703247070312,230.13674926757812,225.83572387695312,227.72946166992188,9693797
2014-09-18,227.95413208007812,230.4577178955078,226.73443603515625,230.26513671875,6594580
2014-09-19,229.81576538085938,231.61322021484375,227.3763885498047,230.71449279785156,8646616
2014-09-22,230.4577178955078,238.802978515625,229.43060302734375,238.00054931640625,13115537
2014-09-23,237.5190887451172,240.66461181640625,236.1068115234375,238.03265380859375,14202136
2014-09-24,237.90426635742188,243.2965850830078,237.77586364746094,242.14108276367188,10508318
2014-09-25,242.3336639404297,243.87432861328125,238.9955596923828,241.78802490234375,13621698
2014-09-26,240.43994140625,241.6596221923828,236.62037658691406,238.6103973388672,10573858
2014-09-29,237.9684600830078,239.38072204589844,233.9884033203125,235.01551818847656,3128759
2014-09-30,233.92420959472656,239.05975341796875,233.02548217773438,237.64747619628906,10195275
2014-10-01,237.5190887451172,237.5190887451172,233.2501678466797,233.73162841796875,4091374
2014-10-07,232.83290100097656,235.20809936523438,229.8799591064453,232.86500549316406,10091137
2014-10-08,233.02548217773438,236.20310974121094,232.54403686523438,234.7587432861328,8661042
2014-10-09,234.98341369628906,236.42779541015625,233.57113647460938,234.63034057617188,6208759
2014-10-10,234.05259704589844,234.501953125,226.1887969970703,226.6702423095703,5365779
2014-10-13,226.54185485839844,226.54185485839844,222.88278198242188,225.03329467773438,5717478
2014-10-14,225.03329467773438,225.964111328125,220.50758361816406,222.75439453125,8105627
2014-10-16,221.4705047607422,226.92703247070312,220.47549438476562,226.25299072265625,13245841
2014-10-17,225.89991760253906,231.03546142578125,225.54684448242188,227.2158966064453,11709385
2014-10-20,227.8899383544922,229.719482421875,225.1937713623047,225.964111328125,8346354
2014-10-21,226.02830505371094,226.54185485839844,223.39633178710938,225.54684448242188,6726352
2014-10-22,226.25299072265625,226.60604858398438,223.71730041503906,224.0382843017578,8451846
2014-10-27,225.48265075683594,225.57894897460938,223.39633178710938,224.39134216308594,5825822
2014-10-28,225.48265075683594,225.83572387695312,223.94198608398438,224.77651977539062,5101908
2014-10-29,226.54185485839844,227.8899383544922,224.872802734375,227.536865234375,7158670
2014-10-30,226.6702423095703,229.65528869628906,225.6431427001953,227.82574462890625,15426750
2014-10-31,229.07752990722656,231.0996551513672,226.12460327148438,228.01832580566406,15343260
2014-11-03,229.10963439941406,229.59109497070312,226.73443603515625,228.17881774902344,7727962
2014-11-05,228.33929443359375,230.9712677001953,228.21090698242188,230.5540008544922,7884245
2014-11-07,230.0404510498047,231.42062377929688,226.60604858398438,228.3072052001953,9694742
2014-11-10,228.53189086914062,239.1239471435547,228.33929443359375,238.6103973388672,24492668
2014-11-11,237.711669921875,238.93136596679688,232.7366180419922,233.73162841796875,7493377
2014-11-12,233.82791137695312,237.5190887451172,233.7637176513672,237.1981201171875,6902166
2014-11-13,238.0647430419922,238.0647430419922,235.17599487304688,236.4598846435547,5038832
2014-11-14,236.29940795898438,237.9363555908203,235.8179473876953,237.0055389404297,7768029
2014-11-17,236.8771514892578,238.4499053955078,234.05259704589844,237.64747619628906,6218698
2014-11-18,237.0376434326172,238.6103973388672,235.9142303466797,237.67958068847656,9904004
2014-11-19,237.67958068847656,242.17318725585938,235.33648681640625,236.138916015625,13208757
2014-11-20,236.8771514892578,238.41781616210938,236.29940795898438,237.5511932373047,5258120
2014-11-21,237.61538696289062,241.8201141357422,237.230224609375,241.467041015625,6902462
2014-11-24,238.802978515625,241.33865356445312,238.802978515625,240.69671630859375,8904624
2014-11-25,240.2152557373047,243.16819763183594,223.8135986328125,228.14671325683594,26184187
2014-11-26,230.13674926757812,235.14390563964844,229.8799591064453,233.2822723388672,22267406
2014-11-27,232.47984313964844,233.31436157226562,228.05043029785156,231.4848175048828,16590815
2014-11-28,231.4848175048828,234.95132446289062,231.0996551513672,233.1217803955078,10866476
2014-12-01,232.47984313964844,235.56117248535156,232.47984313964844,234.05259704589844,8533342
2014-12-02,233.92420959472656,235.52906799316406,233.41065979003906,234.82293701171875,8924397
2014-12-03,234.95132446289062,234.95132446289062,229.23802185058594,233.18597412109375,8164612
2014-12-04,239.47702026367188,246.5063018798828,239.47702026367188,245.9606475830078,27702699
2014-12-05,245.86436462402344,251.641845703125,245.63967895507812,251.22459411621094,16908709
2014-12-08,252.4121856689453,256.5848083496094,251.8344268798828,255.36512756347656,15662453
2014-12-09,255.81448364257812,256.77740478515625,251.51345825195312,253.15042114257812,14415357
2014-12-10,254.04913330078125,254.5305938720703,248.01486206054688,253.56768798828125,9649673
2014-12-11,253.56768798828125,256.1033630371094,250.67893981933594,254.59478759765625,11225006
2014-12-12,254.20962524414062,256.969970703125,252.28379821777344,254.0170440673828,9041914
2014-12-15,253.56768798828125,256.5848083496094,251.28878784179688,251.9949188232422,8901903
2014-12-16,249.7160186767578,250.3579559326172,242.5904541015625,244.32369995117188,14072416
2014-12-17,242.3657684326172,246.95565795898438,235.33648681640625,238.67459106445312,16246094
2014-12-18,242.97561645507812,242.97561645507812,234.3093719482422,240.6325225830078,6500408
2014-12-19,241.33865356445312,241.33865356445312,235.9142303466797,236.74876403808594,9788570
2014-12-22,237.26231384277344,242.7830352783203,236.8771514892578,240.15106201171875,17438456
2014-12-23,240.0547637939453,242.3336639404297,239.3165283203125,240.50413513183594,5262474
2014-12-24,240.4078369140625,242.94351196289062,235.75375366210938,238.41781616210938,21419026
2014-12-26,239.38072204589844,239.38072204589844,235.20809936523438,236.20310974121094,3026088
2014-12-29,235.65745544433594,238.4499053955078,235.59326171875,237.4228057861328,3433537
2014-12-30,237.67958068847656,238.4499053955078,235.7858428955078,236.42779541015625,3283195
2014-12-31,236.8450469970703,237.90426635742188,235.9142303466797,236.6845703125,3824375
2015-01-01,235.97842407226562,236.81295776367188,234.95132446289062,235.68955993652344,2636761
2015-01-02,235.75375366210938,237.61538696289062,235.75375366210938,236.42779541015625,6853849
2015-01-05,236.6845703125,238.67459106445312,235.9463348388672,237.35861206054688,8556295
2015-01-06,236.6524658203125,237.13392639160156,230.4577178955078,231.26014709472656,13597291
2015-01-07,229.173828125,233.6674346923828,226.60604858398438,226.95912170410156,12421217
2015-01-08,228.17881774902344,233.2501678466797,228.17881774902344,232.64031982421875,8774566
2015-01-09,233.0896759033203,234.8550262451172,226.6702423095703,229.10963439941406,11224780
2015-01-12,229.46270751953125,231.96627807617188,228.59608459472656,229.719482421875,10249032
2015-01-13,230.0725555419922,232.1909637451172,229.3664093017578,231.16384887695312,12071158
2015-01-14,230.90707397460938,230.90707397460938,222.17665100097656,223.2679443359375,16849719
2015-01-15,226.6702423095703,231.03546142578125,225.2579803466797,229.75157165527344,16665762
2015-01-16,230.10464477539062,232.3514404296875,227.47267150878906,231.16384887695312,11230052
2015-01-19,231.0996551513672,232.22305297851562,228.53189086914062,230.32933044433594,7117173
2015-01-20,230.52191162109375,238.70669555664062,229.8799591064453,238.22523498535156,12477394
2015-01-21,239.41282653808594,239.41282653808594,224.1666717529297,226.41346740722656,33697892
2015-01-22,226.60604858398438,230.9712677001953,223.94198608398438,225.0974884033203,30768622
2015-01-23,226.89492797851562,228.49978637695312,223.90989685058594,224.3271484375,17392494
2015-01-27,224.6802215576172,231.74160766601562,224.26295471191406,231.19595336914062,26228540
2015-01-28,231.0996551513672,233.31436157226562,229.5269012451172,232.5761260986328,12792194
2015-01-29,233.02548217773438,238.802978515625,231.0996551513672,237.64747619628906,21906152
2015-01-30,237.5190887451172,238.802978515625,233.4427490234375,236.58827209472656,14453148
2015-02-02,235.59326171875,237.0055389404297,230.71449279785156,231.5169219970703,8820985
2015-02-03,232.0304718017578,235.59326171875,232.0304718017578,234.98341369628906,6541497
2015-02-04,235.9142303466797,237.84005737304688,234.5340576171875,235.97842407226562,6030862
2015-02-05,234.8871307373047,238.86717224121094,233.474853515625,236.81295776367188,9843219
2015-02-06,235.01551818847656,240.34364318847656,235.01551818847656,239.76589965820312,7606977
2015-02-09,238.25732421875,239.99057006835938,235.4006805419922,236.17100524902344,7464839
2015-02-10,236.29940795898438,238.802978515625,235.52906799316406,237.45489501953125,8320305
2015-02-11,238.19313049316406,239.38072204589844,236.138916015625,238.25732421875,4720532
2015-02-12,238.802978515625,238.802978515625,234.08470153808594,237.77586364746094,5498120
2015-02-13,238.2894287109375,243.4570770263672,237.5511932373047,242.68673706054688,9373648
2015-02-16,242.9114227294922,250.99990844726562,242.65464782714844,250.10118103027344,12053473
2015-02-18,247.1482391357422,258.061279296875,247.1482391357422,252.44427490234375,14195768
2015-02-19,252.25169372558594,252.733154296875,246.24952697753906,249.8765106201172,7249013
2015-02-20,248.7530975341797,255.4293212890625,246.73098754882812,254.24171447753906,9275383
2015-02-23,253.56768798828125,256.007080078125,249.8765106201172,250.51844787597656,6077614
2015-02-24,251.641845703125,255.49351501464844,249.4913330078125,254.0170440673828,8556081
2015-02-25,255.2367401123047,256.77740478515625,252.57266235351562,256.5848083496094,16358450
2015-02-26,255.4293212890625,257.6761169433594,251.60975646972656,253.9849395751953,12153247
2015-02-27,253.4392852783203,254.62689208984375,246.5384063720703,252.733154296875,35742645
2015-03-02,229.81576538085938,229.81576538085938,219.544677734375,220.34710693359375,52676159
2015-03-03,220.50758361816406,221.79147338867188,217.6188507080078,219.25579833984375,46726874
2015-03-04,221.4705047607422,225.1937713623047,220.12242126464844,220.98904418945312,33411001
2015-03-05,222.75439453125,224.10247802734375,219.3520965576172,222.27293395996094,21288890
2015-03-09,220.635986328125,221.40631103515625,216.4954376220703,217.2015838623047,16929751
2015-03-10,218.2607879638672,219.99403381347656,215.11526489257812,217.32997131347656,13538973
2015-03-11,218.4854736328125,218.71014404296875,216.6880340576172,217.10528564453125,13191922
2015-03-12,217.65093994140625,223.55682373046875,217.49046325683594,222.5297088623047,28375424
2015-03-13,223.5889129638672,224.6802215576172,216.1423797607422,217.87562561035156,16254309
2015-03-16,218.90272521972656,219.28790283203125,215.0510711669922,215.30784606933594,8926276
2015-03-17,217.9398193359375,218.6780548095703,215.85350036621094,218.2607879638672,11361862
2015-03-18,219.06321716308594,219.06321716308594,215.69300842285156,216.1102752685547,9094350
2015-03-19,217.29786682128906,218.8064422607422,212.8042755126953,213.9918670654297,10865286
2015-03-20,214.21653747558594,214.21653747558594,209.5303497314453,210.2043914794922,10980106
2015-03-23,209.49826049804688,211.7129669189453,208.6316375732422,210.17230224609375,11832346
2015-03-24,209.97972106933594,211.7129669189453,209.27357482910156,209.62664794921875,11128170
2015-03-25,210.9747314453125,210.9747314453125,209.27357482910156,209.75503540039062,7528966
2015-03-26,209.27357482910156,211.1673126220703,205.8070831298828,206.96258544921875,25124845
2015-03-27,207.98968505859375,208.79212951660156,202.27639770507812,203.8170623779297,22227555
2015-03-30,205.19723510742188,211.5203857421875,205.19723510742188,210.26858520507812,17152877
2015-03-31,211.07101440429688,211.07101440429688,207.98968505859375,209.1772918701172,12752488
2015-04-01,209.1772918701172,213.76718139648438,208.0859832763672,213.4141082763672,11257250
2015-04-06,211.42408752441406,219.3199920654297,211.26361083984375,218.90272521972656,20059841
2015-04-07,218.9669189453125,220.18661499023438,216.3349609375,218.6459503173828,10955870
2015-04-08,219.544677734375,222.7222900390625,219.2237091064453,222.27293395996094,12858493
2015-04-09,222.69020080566406,224.0061798095703,220.8285675048828,222.85067749023438,7962836
2015-04-10,222.75439453125,223.13955688476562,219.7051544189453,222.5297088623047,5808788
2015-04-13,222.75439453125,226.22088623046875,221.37420654296875,225.6431427001953,11311123
2015-04-15,227.2480010986328,230.20094299316406,225.57894897460938,227.85784912109375,18165922
2015-04-16,226.509765625,228.78866577148438,222.5297088623047,224.74441528320312,8168670
2015-04-17,225.00119018554688,226.76654052734375,223.20375061035156,225.86781311035156,9146535
2015-04-20,226.02830505371094,226.02830505371094,218.6459503173828,219.48048400878906,11709786
2015-04-21,219.44837951660156,223.845703125,218.90272521972656,219.5125732421875,11309747
2015-04-22,218.2607879638672,221.4705047607422,217.32997131347656,220.44338989257812,11183242
2015-04-23,220.44338989257812,222.4334259033203,217.1694793701172,219.60887145996094,9268343
2015-04-24,219.544677734375,224.64813232421875,218.9990234375,223.36424255371094,17985818
2015-04-27,223.97409057617188,225.83572387695312,220.9569549560547,221.37420654296875,9732828
2015-04-28,221.40631103515625,221.4705047607422,214.15234375,216.6880340576172,11098180
2015-04-29,215.08316040039062,215.69300842285156,210.1081085205078,210.6537628173828,10479677
2015-04-30,210.4290771484375,210.81423950195312,206.19224548339844,206.93048095703125,20809376
2015-05-04,207.60452270507812,212.41909790039062,205.48611450195312,211.96974182128906,7487026
2015-05-05,210.942626953125,211.1994171142578,207.73291015625,209.43406677246094,13976353
2015-05-06,209.27357482910156,210.461181640625,202.98252868652344,204.3627166748047,20990280
2015-05-07,204.45899963378906,207.79710388183594,202.5973663330078,207.05886840820312,11010190
2015-05-08,208.98471069335938,211.39199829101562,207.12306213378906,210.55746459960938,12625098
2015-05-11,211.8413543701172,212.32281494140625,208.24647521972656,209.5624542236328,9134733
2015-05-12,210.2364959716797,210.55746459960938,207.4119415283203,208.15017700195312,14846868
2015-05-13,209.81922912597656,211.7129669189453,206.06385803222656,210.461181640625,11037270
2015-05-14,209.91552734375,209.91552734375,206.96258544921875,208.43905639648438,8347876
2015-05-15,208.69583129882812,210.49327087402344,208.53533935546875,209.5303497314453,5659055
2015-05-18,210.1081085205078,214.34494018554688,209.43406677246094,213.76718139648438,7175678
2015-05-19,212.96475219726562,215.62881469726562,212.32281494140625,213.47830200195312,8901031
2015-05-20,213.4462127685547,214.5375213623047,212.16232299804688,213.0931396484375,5360856
2015-05-21,213.76718139648438,214.02395629882812,209.27357482910156,210.17230224609375,7458421
2015-05-22,211.1994171142578,213.92767333984375,208.92051696777344,211.2957000732422,12962351
2015-05-25,206.3527374267578,208.3106689453125,203.1109161376953,203.36770629882812,24332194
2015-05-26,203.8170623779297,203.8170623779297,200.767822265625,201.57025146484375,11448185
2015-05-27,202.2122039794922,204.61949157714844,201.57025146484375,203.94544982910156,9485450
2015-05-28,204.2022247314453,206.9946746826172,203.17510986328125,206.3527374267578,20765291
2015-05-29,206.705810546875,211.8092498779297,204.5552978515625,209.97972106933594,20563442
2015-06-01,208.95260620117188,214.24864196777344,208.95260620117188,213.15733337402344,10448028
2015-06-02,211.13522338867188,211.39199829101562,203.88125610351562,204.5552978515625,11266482
2015-06-03,201.44186401367188,201.47396850585938,192.9682159423828,195.4075927734375,21470134
2015-06-04,195.7927703857422,196.8519744873047,191.42755126953125,193.6101531982422,11429057
2015-06-05,193.5138702392578,197.65440368652344,189.3733367919922,195.34339904785156,17605227
2015-06-08,197.07666015625,197.87908935546875,194.0274200439453,195.37550354003906,10689359
2015-06-09,193.802734375,194.50888061523438,192.39047241210938,192.9682159423828,10292547
2015-06-10,192.9682159423828,194.76565551757812,191.684326171875,193.2891845703125,9861385
2015-06-11,193.866943359375,193.866943359375,189.50172424316406,190.68931579589844,11520780
2015-06-12,190.52882385253906,192.67933654785156,189.3733367919922,191.01028442382812,8653038
2015-06-15,190.65721130371094,194.348388671875,188.73138427734375,191.62013244628906,8680427
2015-06-16,191.29916381835938,192.67933654785156,189.5338134765625,191.9090118408203,8231138
2015-06-17,191.62013244628906,194.5730743408203,190.8177032470703,193.2891845703125,10881861
2015-06-18,193.35337829589844,195.4075927734375,192.71144104003906,193.802734375,11296145
2015-06-19,194.3804931640625,196.08163452148438,194.12371826171875,195.7927703857422,8757082
2015-06-22,196.56309509277344,200.38265991210938,195.60018920898438,199.25926208496094,7197508
2015-06-23,199.25926208496094,202.2122039794922,197.46182250976562,201.92332458496094,7586161
2015-06-24,202.34059143066406,204.2022247314453,199.67652893066406,201.3455810546875,7368751
2015-06-25,199.3876495361328,202.50108337402344,198.8419952392578,200.51104736328125,10885448
2015-06-26,200.51104736328125,200.51104736328125,197.10874938964844,197.68649291992188,5507615
2015-06-29,195.92115783691406,199.61233520507812,194.99034118652344,198.9703826904297,9719271
2015-06-30,199.13087463378906,203.39979553222656,197.7506866455078,202.30848693847656,11639874
2015-07-01,202.3726806640625,203.1109161376953,200.6073455810547,201.3134765625,8850821
2015-07-02,201.6344451904297,203.6886749267578,201.24928283691406,202.24429321289062,6562181
2015-07-03,201.76284790039062,203.43190002441406,200.51104736328125,202.5973663330078,5122200
2015-07-06,200.86412048339844,204.5552978515625,200.286376953125,204.39480590820312,4419337
2015-07-07,204.5552978515625,204.97256469726562,202.9183349609375,203.72076416015625,7595780
2015-07-08,202.30848693847656,202.85414123535156,198.6173095703125,200.89620971679688,11611813
2015-07-09,200.7999267578125,202.14801025390625,198.90618896484375,199.3876495361328,6711914
2015-07-10,198.36053466796875,200.09378051757812,196.78778076171875,198.93829345703125,7493999
2015-07-13,200.92831420898438,203.1109161376953,198.3284454345703,201.95542907714844,6623752
2015-07-14,201.5381622314453,203.17510986328125,199.4197540283203,200.4789581298828,5465329
2015-07-15,199.86911010742188,202.34059143066406,199.86911010742188,201.57025146484375,5687830
2015-07-16,202.0838165283203,205.35772705078125,200.4789581298828,204.10592651367188,5838516
2015-07-17,204.49110412597656,207.9254913330078,203.91334533691406,206.8983917236328,6133622
2015-07-20,206.57742309570312,207.63662719726562,204.9083709716797,205.74288940429688,4946419
2015-07-21,205.74288940429688,206.9946746826172,200.6073455810547,201.18508911132812,7069753
2015-07-22,200.35057067871094,204.10592651367188,199.45184326171875,201.8912353515625,8060271
2015-07-23,202.27639770507812,203.7849578857422,200.286376953125,202.27639770507812,5631003
2015-07-24,202.2122039794922,202.5973663330078,200.6073455810547,201.92332458496094,4199466
2015-07-27,199.96539306640625,201.1529998779297,198.8740997314453,200.0616912841797,5315522
2015-07-28,200.2542724609375,201.5060577392578,198.71360778808594,199.77281188964844,6795594
2015-07-29,199.64442443847656,200.286376953125,192.9682159423828,195.15081787109375,9718356
2015-07-30,195.15081787109375,204.04173278808594,192.5830535888672,202.82205200195312,20744023
2015-07-31,204.10592651367188,210.17230224609375,202.40478515625,209.27357482910156,16948958
2015-08-03,209.27357482910156,214.08815002441406,208.69583129882812,212.83636474609375,14905871
2015-08-04,212.7721710205078,212.83636474609375,208.34275817871094,211.77716064453125,10317915
2015-08-05,211.77716064453125,213.79928588867188,209.65875244140625,212.99685668945312,5929897
2015-08-06,212.19442749023438,212.48329162597656,207.98968505859375,209.43406677246094,8786024
2015-08-07,207.98968505859375,209.0167999267578,206.705810546875,208.278564453125,4644064
2015-08-10,208.3106689453125,210.0760040283203,205.00465393066406,206.03176879882812,5799938
2015-08-11,205.48611450195312,206.64161682128906,203.07882690429688,205.48611450195312,5520369
2015-08-12,205.4219207763672,205.4219207763672,202.85414123535156,203.33560180664062,12386018
2015-08-13,203.75286865234375,205.22933959960938,194.50888061523438,203.07882690429688,6900635
2015-08-14,203.8170623779297,205.5823974609375,201.95542907714844,204.2343292236328,7890438
2015-08-17,204.97256469726562,205.2935333251953,202.53317260742188,203.43190002441406,4495638
2015-08-18,203.17510986328125,204.523193359375,200.67153930664062,202.11590576171875,9429541
2015-08-19,201.57025146484375,204.13803100585938,198.36053466796875,203.43190002441406,7657887
2015-08-20,204.2022247314453,212.0660400390625,203.07882690429688,211.42408752441406,18701959
2015-08-21,211.1673126220703,212.67587280273438,207.187255859375,212.32281494140625,18452566
2015-08-24,206.09596252441406,211.5203857421875,202.5973663330078,205.55030822753906,17120031
2015-08-25,206.73789978027344,209.369873046875,200.6073455810547,205.35772705078125,22094589
2015-08-26,203.88125610351562,205.9675750732422,201.3134765625,203.91334533691406,16777892
2015-08-27,207.66871643066406,210.26858520507812,203.07882690429688,209.08099365234375,20810590
2015-08-28,211.42408752441406,211.42408752441406,208.43905639648438,209.91552734375,10099873
2015-08-31,208.4711456298828,210.87843322753906,206.4490203857422,208.72792053222656,10005743
2015-09-01,207.0267791748047,207.9254913330078,201.76284790039062,202.50108337402344,9835616
2015-09-02,204.7157745361328,207.37985229492188,202.30848693847656,205.48611450195312,13515913
2015-09-03,205.00465393066406,208.43905639648438,204.8441619873047,205.4219207763672,10476984
2015-09-04,205.4219207763672,206.38482666015625,202.0517120361328,203.56028747558594,16321889
2015-09-07,203.04672241210938,205.1009521484375,199.74072265625,201.21719360351562,7386243
2015-09-08,200.9925079345703,202.5973663330078,199.195068359375,200.86412048339844,10634960
2015-09-09,202.3726806640625,203.1109161376953,200.83201599121094,201.82704162597656,6359030
2015-09-10,199.64442443847656,202.7257537841797,199.22715759277344,201.1529998779297,9313670
2015-09-11,202.01962280273438,202.950439453125,200.38265991210938,201.40977478027344,6970833
2015-09-14,201.40977478027344,202.34059143066406,200.0295867919922,201.3455810546875,7762278
2015-09-15,200.92831420898438,204.07383728027344,200.6073455810547,203.52818298339844,5374153
2015-09-16,204.5552978515625,207.25144958496094,203.62448120117188,206.80209350585938,5804856
2015-09-18,208.6316375732422,210.55746459960938,202.0517120361328,204.13803100585938,13322309
2015-09-21,203.1109161376953,203.6886749267578,201.18508911132812,201.73074340820312,7060328
2015-09-22,202.78994750976562,204.29852294921875,199.0024871826172,200.38265991210938,15513834
2015-09-23,197.07666015625,204.81207275390625,197.07666015625,202.9183349609375,12103872
2015-09-24,202.0838165283203,207.5724334716797,201.8912353515625,207.05886840820312,14665105
2015-09-28,207.4440460205078,208.6316375732422,204.39480590820312,204.94046020507812,6603226
2015-09-29,204.7478790283203,208.6316375732422,203.49609375,205.67869567871094,8618175
2015-09-30,206.705810546875,211.74505615234375,205.4219207763672,211.07101440429688,13981834
2015-10-01,209.94761657714844,214.31283569335938,209.94761657714844,211.03892517089844,6445786
2015-10-05,211.8413543701172,212.8042755126953,209.78713989257812,211.5203857421875,9680157
2015-10-06,213.125244140625,220.6038818359375,211.07101440429688,220.09033203125,11133386
2015-10-07,220.7964630126953,224.6802215576172,219.7372589111328,222.91488647460938,11119883
2015-10-08,222.59390258789062,222.59390258789062,215.30784606933594,217.68304443359375,9729114
2015-10-09,218.83853149414062,221.3421173095703,218.38917541503906,220.47549438476562,5747871
2015-10-12,220.21871948242188,223.65310668945312,217.52255249023438,218.74224853515625,6302130
2015-10-13,218.2607879638672,222.04824829101562,218.03610229492188,220.86065673828125,7275026
2015-10-14,220.9569549560547,221.8877716064453,219.8656463623047,220.89276123046875,9432417
2015-10-15,220.8285675048828,226.22088623046875,220.6038818359375,224.29505920410156,9861249
2015-10-16,223.42843627929688,224.6802215576172,220.50758361816406,223.94198608398438,10008030
2015-10-19,223.39633178710938,225.964111328125,221.59889221191406,225.32217407226562,11618584
2015-10-20,225.00119018554688,225.48265075683594,223.2679443359375,223.8135986328125,7671159
2015-10-21,224.10247802734375,224.6802215576172,223.17166137695312,223.74940490722656,5676290
2015-10-23,224.74441528320312,230.4256134033203,224.74441528320312,230.0404510498047,9060774
2015-10-26,230.36141967773438,230.9712677001953,227.8899383544922,228.8528594970703,8200648
2015-10-27,227.69735717773438,229.1417236328125,226.76654052734375,228.53189086914062,15515511
2015-10-28,227.47267150878906,230.4256134033203,227.2480010986328,228.01832580566406,10086513
2015-10-29,227.95413208007812,228.53189086914062,222.81858825683594,224.6802215576172,7932853
2015-10-30,225.6110382080078,225.6110382080078,212.41909790039062,214.82638549804688,28847862
2015-11-02,213.76718139648438,218.06820678710938,211.8092498779297,216.46334838867188,10723717
2015-11-03,216.20657348632812,217.55465698242188,213.6387939453125,214.95477294921875,4061707
2015-11-04,216.23866271972656,217.10528564453125,214.4091339111328,215.50042724609375,5171885
2015-11-05,214.4091339111328,217.7472381591797,213.92767333984375,216.43124389648438,5595613
2015-11-06,215.4683380126953,217.90771484375,215.0510711669922,216.78431701660156,4635192
2015-11-09,212.8042755126953,220.8285675048828,212.0660400390625,220.21871948242188,12462025
2015-11-10,218.7743377685547,221.5026092529297,215.14736938476562,216.17446899414062,7507146
2015-11-13,212.09812927246094,214.28074645996094,209.97972106933594,211.7129669189453,19348452
2015-11-16,211.8413543701172,217.6188507080078,211.58457946777344,217.1694793701172,9111652
2015-11-17,219.67306518554688,224.84071350097656,217.68304443359375,224.10247802734375,12018593
2015-11-18,225.32217407226562,225.41845703125,220.89276123046875,223.300048828125,10350049
2015-11-19,224.6802215576172,226.60604858398438,223.90989685058594,225.99620056152344,17590094
2015-11-20,226.12460327148438,226.12460327148438,220.2508087158203,221.117431640625,10237807
2015-11-23,220.4113006591797,221.37420654296875,215.85350036621094,216.4954376220703,9335921
2015-11-24,217.7151336669922,218.00401306152344,213.3178253173828,215.62881469726562,13590345
2015-11-26,215.789306640625,221.4705047607422,214.95477294921875,220.0582275390625,9778092
2015-11-27,221.08534240722656,221.4705047607422,217.52255249023438,221.05323791503906,5895769
2015-11-30,220.31500244140625,222.62600708007812,218.61386108398438,222.208740234375,17919712
2015-12-01,221.59889221191406,222.75439453125,218.90272521972656,222.27293395996094,10516942
2015-12-02,222.11244201660156,224.5197296142578,219.80145263671875,224.29505920410156,4813524
2015-12-03,222.17665100097656,223.33213806152344,219.7372589111328,220.4113006591797,5809665
2015-12-04,219.09532165527344,219.38418579101562,215.0510711669922,215.66091918945312,14148517
2015-12-07,215.0510711669922,215.62881469726562,199.3555450439453,201.28138732910156,52829599
2015-12-08,199.64442443847656,204.26641845703125,199.3876495361328,202.0517120361328,19736148
2015-12-09,205.1009521484375,205.1009521484375,202.3726806640625,203.75286865234375,15655011
2015-12-10,203.8170623779297,206.54531860351562,203.49609375,206.22434997558594,8649047
2015-12-11,206.06385803222656,206.9946746826172,202.46897888183594,206.06385803222656,9358275
2015-12-14,205.4219207763672,206.96258544921875,203.59237670898438,205.48611450195312,7573029
2015-12-15,205.4219207763672,207.9254913330078,204.13803100585938,207.31565856933594,10478148
2015-12-16,207.34774780273438,208.40695190429688,204.2022247314453,204.94046020507812,8099047
2015-12-17,205.22933959960938,206.54531860351562,203.04672241210938,205.74288940429688,9018268
2015-12-18,205.99966430664062,207.34774780273438,203.1109161376953,203.56028747558594,14774200
2015-12-21,205.4219207763672,210.2043914794922,203.52818298339844,209.62664794921875,8352379
2015-12-22,208.66372680664062,208.95260620117188,205.1009521484375,205.5823974609375,6326849
2015-12-23,206.705810546875,207.98968505859375,205.4219207763672,206.38482666015625,5475581
2015-12-24,207.34774780273438,208.4711456298828,205.8070831298828,207.79710388183594,3799114
2015-12-28,207.15516662597656,209.94761657714844,206.9946746826172,209.40196228027344,9432149
2015-12-29,209.5624542236328,210.55746459960938,207.5724334716797,208.53533935546875,4606143
2015-12-30,209.59454345703125,210.2364959716797,208.15017700195312,209.62664794921875,4984557
2015-12-31,208.95260620117188,211.8413543701172,207.5724334716797,210.4290771484375,8342404
2016-01-01,210.30068969726562,211.1994171142578,209.0489044189453,210.2364959716797,1536435
2016-01-04,208.95260620117188,209.3377685546875,206.41693115234375,208.69583129882812,6133919
2016-01-05,208.69583129882812,209.5303497314453,208.02178955078125,208.53533935546875,6040492
2016-01-06,209.91552734375,209.91552734375,201.92332458496094,202.27639770507812,15821205
2016-01-07,201.44186401367188,201.44186401367188,198.1358642578125,198.74571228027344,12264018
2016-01-08,199.77281188964844,203.49609375,198.8419952392578,201.3455810546875,10219316
2016-01-11,199.0024871826172,203.36770629882812,198.8419952392578,202.88624572753906,7141566
2016-01-12,202.3726806640625,203.43190002441406,200.6073455810547,202.30848693847656,7222615
2016-01-13,203.72076416015625,205.67869567871094,201.98751831054688,202.69366455078125,7126884
2016-01-14,201.3455810546875,204.61949157714844,200.4468536376953,203.6565704345703,11933785
2016-01-15,202.27639770507812,203.75286865234375,200.4789581298828,201.5060577392578,8287068
2016-01-18,201.5060577392578,204.5552978515625,201.08880615234375,202.46897888183594,12285620
2016-01-19,202.3726806640625,203.8170623779297,200.2542724609375,201.60235595703125,7099389
2016-01-20,199.25926208496094,205.4219207763672,195.7927703857422,198.3284454345703,10015115
2016-01-21,200.0616912841797,200.0616912841797,194.9261474609375,196.6914825439453,13042954
2016-01-22,198.36053466796875,200.767822265625,194.25210571289062,198.20005798339844,15828472
2016-01-25,196.01744079589844,200.19007873535156,195.18292236328125,198.6173095703125,9688748
2016-01-27,198.6494140625,201.69863891601562,197.0445556640625,200.89620971679688,8839231
2016-01-28,200.73573303222656,206.60951232910156,200.0616912841797,204.49110412597656,14425495
2016-01-29,207.25144958496094,209.27357482910156,203.39979553222656,205.55030822753906,12977498
2016-02-01,204.5552978515625,208.6316375732422,202.11590576171875,208.4711456298828,7634682
2016-02-02,207.9254913330078,209.20938110351562,206.3527374267578,208.15017700195312,7338991
2016-02-03,206.54531860351562,208.15017700195312,205.16514587402344,206.6737060546875,5111345
2016-02-04,206.96258544921875,208.37486267089844,206.06385803222656,206.57742309570312,3309501
2016-02-05,207.34774780273438,209.24148559570312,206.705810546875,207.9575958251953,6754583
2016-02-08,208.5032501220703,208.56744384765625,201.73074340820312,202.3726806640625,6509280
2016-02-09,201.08880615234375,201.40977478027344,198.8419952392578,200.54315185546875,11915170
2016-02-10,200.35057067871094,200.89620971679688,197.07666015625,198.36053466796875,8168586
2016-02-11,199.45184326171875,199.45184326171875,190.9460906982422,191.65223693847656,14580660
2016-02-12,192.06948852539062,195.88905334472656,191.84481811523438,192.64724731445312,13703734
2016-02-15,194.50888061523438,196.43470764160156,191.55593872070312,194.95823669433594,12478912
2016-02-16,195.47178649902344,196.43470764160156,188.5067138671875,189.69430541992188,10988951
2016-02-17,190.33624267578125,193.73854064941406,185.55377197265625,192.48675537109375,13598699
2016-02-18,193.54595947265625,196.88406372070312,193.1287078857422,196.08163452148438,9751124
2016-02-19,195.7927703857422,196.4989013671875,193.22499084472656,195.50389099121094,7194078
2016-02-22,194.28419494628906,194.28419494628906,188.34622192382812,192.48675537109375,15270590
2016-02-23,191.26705932617188,191.26705932617188,187.86476135253906,188.60299682617188,9198036
2016-02-24,188.08944702148438,189.63011169433594,183.59584045410156,184.62295532226562,14353186
2016-02-25,182.69711303710938,186.356201171875,182.31195068359375,183.72422790527344,15129076
2016-02-26,185.52166748046875,187.44749450683594,183.05018615722656,186.77345275878906,12468580
2016-02-29,186.1636199951172,193.6422576904297,172.04086303710938,189.79058837890625,79431944
2016-03-01,195.7927703857422,209.91552734375,195.7927703857422,208.8563232421875,67402048
2016-03-02,210.55746459960938,214.34494018554688,204.42691040039062,205.13304138183594,24680589
2016-03-03,207.34774780273438,208.6316375732422,203.33560180664062,204.2343292236328,10227569
2016-03-04,205.4219207763672,206.54531860351562,202.0517120361328,202.34059143066406,11818471
2016-03-08,202.85414123535156,207.98968505859375,202.85414123535156,205.5823974609375,13109801
2016-03-09,203.49609375,205.87127685546875,200.73573303222656,205.35772705078125,20903665
2016-03-10,205.2614288330078,206.57742309570312,200.83201599121094,202.9183349609375,13915900
2016-03-11,202.9183349609375,206.705810546875,202.2122039794922,206.25643920898438,12149994
2016-03-14,207.0267791748047,209.27357482910156,206.705810546875,208.66372680664062,7708725
2016-03-15,209.27357482910156,209.27357482910156,202.2122039794922,203.17510986328125,16209915
2016-03-16,203.20721435546875,207.60452270507812,202.85414123535156,206.73789978027344,9728463
2016-03-17,207.50823974609375,208.6316375732422,206.38482666015625,207.7650146484375,13035516
2016-03-18,208.88841247558594,209.78713989257812,206.705810546875,208.4711456298828,14383934
2016-03-21,209.75503540039062,215.82139587402344,209.43406677246094,212.7721710205078,16781906
2016-03-22,210.87843322753906,212.3549041748047,206.8662872314453,207.4440460205078,19781991
2016-03-23,208.6316375732422,208.69583129882812,205.6466064453125,208.15017700195312,16015333
2016-03-28,209.91552734375,211.7129669189453,205.614501953125,206.9946746826172,17073110
2016-03-29,206.16015625,209.94761657714844,204.77996826171875,205.4219207763672,18701607
2016-03-30,205.8070831298828,211.35989379882812,205.8070831298828,210.14019775390625,14435320
2016-03-31,209.1451873779297,213.4462127685547,208.56744384765625,210.71795654296875,28529105
2016-04-01,209.3377685546875,216.20657348632812,208.95260620117188,215.72511291503906,14850746
2016-04-04,209.91552734375,213.76718139648438,209.30567932128906,212.29071044921875,14209372
2016-04-05,210.6216583251953,212.0660400390625,208.1180877685547,209.5624542236328,8964083
2016-04-06,209.81922912597656,211.13522338867188,208.6316375732422,209.20938110351562,6892514
2016-04-07,209.91552734375,209.91552734375,204.77996826171875,205.06884765625,10412846
2016-04-08,205.1009521484375,206.9946746826172,204.77996826171875,206.19224548339844,4985755
2016-04-11,206.705810546875,210.7500457763672,203.49609375,210.0760040283203,14365804
2016-04-12,208.6316375732422,209.0489044189453,206.06385803222656,206.96258544921875,6187731
2016-04-13,208.6316375732422,213.57460021972656,208.3106689453125,212.64378356933594,12397612
2016-04-18,215.0510711669922,217.2015838623047,212.51539611816406,215.30784606933594,14746380
2016-04-20,215.2757568359375,217.1694793701172,213.51040649414062,215.37203979492188,9345601
2016-04-21,215.4362335205078,216.0139923095703,210.30068969726562,211.8092498779297,7212220
2016-04-22,209.24148559570312,212.57958984375,208.278564453125,209.1451873779297,6515084
2016-04-25,206.25643920898438,208.95260620117188,205.67869567871094,206.03176879882812,6324530
2016-04-26,201.05670166015625,210.7821502685547,200.6073455810547,210.17230224609375,15023308
2016-04-27,209.30567932128906,214.7301025390625,209.30567932128906,214.12025451660156,9677599
2016-04-28,211.8413543701172,213.125244140625,206.41693115234375,207.28355407714844,20225037
2016-04-29,207.4440460205078,209.3377685546875,205.48611450195312,208.5995330810547,10729330
2016-05-02,207.50823974609375,207.98968505859375,205.03675842285156,206.16015625,3388196
2016-05-03,206.4490203857422,207.63662719726562,201.57025146484375,202.88624572753906,11124246
2016-05-04,202.2122039794922,205.1009521484375,199.09877014160156,200.70362854003906,6402669
2016-05-05,200.286376953125,205.614501953125,200.0295867919922,203.91334533691406,6576427
2016-05-06,200.89620971679688,205.03675842285156,196.43470764160156,203.94544982910156,16183901
2016-05-09,205.4219207763672,209.20938110351562,205.1009521484375,208.5032501220703,8857475
2016-05-10,208.6316375732422,209.27357482910156,206.5132293701172,207.66871643066406,8564326
2016-05-11,205.4219207763672,206.54531860351562,202.9183349609375,204.13803100585938,11154663
2016-05-12,204.81207275390625,206.1280517578125,202.27639770507812,204.26641845703125,5782937
2016-05-13,204.13803100585938,206.5132293701172,202.30848693847656,205.00465393066406,9804509
2016-05-16,204.3306121826172,211.8413543701172,203.56028747558594,211.45619201660156,13469690
2016-05-17,211.8413543701172,214.05606079101562,211.00682067871094,212.16232299804688,12444300
2016-05-18,210.30068969726562,214.9226837158203,209.1451873779297,213.57460021972656,7908685
2016-05-19,214.4091339111328,214.4091339111328,207.0267791748047,208.53533935546875,8918517
2016-05-20,209.75503540039062,217.42626953125,208.5032501220703,212.0660400390625,21044560
2016-05-23,224.45553588867188,227.5689697265625,217.9398193359375,222.65809631347656,54852807
2016-05-24,223.39633178710938,225.83572387695312,222.5297088623047,223.42843627929688,16271995
2016-05-25,224.93699645996094,229.46270751953125,224.5839385986328,228.56398010253906,10338908
2016-05-26,228.53189086914062,233.6674346923828,226.99122619628906,232.67242431640625,13074273
2016-05-27,232.99339294433594,233.60324096679688,228.6602783203125,230.65029907226562,10925400
2016-05-30,226.86282348632812,230.13674926757812,226.4776611328125,228.8528594970703,7646107
2016-05-31,228.53189086914062,230.74658203125,224.19876098632812,225.35426330566406,15054842
2016-06-01,226.60604858398438,232.51193237304688,226.60604858398438,231.99838256835938,12409528
2016-06-02,231.0033721923828,231.42062377929688,226.73443603515625,229.81576538085938,13708259
2016-06-03,231.0033721923828,231.0033721923828,226.3171844482422,227.18380737304688,7381218
2016-06-06,227.055419921875,229.1417236328125,225.54684448242188,228.2751007080078,7694861
2016-06-07,229.173828125,233.50694274902344,229.173828125,232.86500549316406,11008034
2016-06-08,233.6674346923828,234.3093719482422,231.5490264892578,232.8970947265625,7611794
2016-06-09,232.76870727539062,232.99339294433594,226.34927368164062,227.31219482421875,12065100
2016-06-10,226.63815307617188,230.2330322265625,224.7123260498047,225.12957763671875,11163385
2016-06-13,223.78150939941406,226.95912170410156,221.8877716064453,224.61602783203125,12184759
2016-06-14,225.2579803466797,227.2480010986328,223.2679443359375,226.7986297607422,7849407
2016-06-15,227.2480010986328,231.0996551513672,227.08750915527344,230.810791015625,9890057
2016-06-16,230.71449279785156,230.71449279785156,225.38636779785156,227.82574462890625,9057747
2016-06-17,228.1146240234375,231.5490264892578,228.1146240234375,231.0033721923828,9326214
2016-06-20,231.42062377929688,231.74160766601562,227.95413208007812,229.84786987304688,9020745
2016-06-21,229.4947967529297,230.90707397460938,228.21090698242188,230.13674926757812,6913784
2016-06-22,228.49978637695312,230.5540008544922,226.3171844482422,227.69735717773438,9255264
2016-06-23,227.8899383544922,232.0625762939453,227.8899383544922,231.26014709472656,8991200
2016-06-24,226.3171844482422,231.16384887695312,224.80860900878906,227.31219482421875,12511364
2016-06-27,227.31219482421875,231.99838256835938,227.31219482421875,230.4256134033203,10639592
2016-06-28,231.0996551513672,236.9734344482422,230.4256134033203,236.55618286132812,16301081
2016-06-29,237.48699951171875,237.48699951171875,233.6674346923828,235.14390563964844,11999827
2016-06-30,236.23519897460938,238.6103973388672,235.047607421875,236.4919891357422,21706947
2016-07-01,234.27728271484375,250.1172332763672,233.60324096679688,242.99166870117188,29020448
2016-07-04,244.58047485351562,244.58047485351562,234.95132446289062,235.8179473876953,14535927
2016-07-05,236.7327117919922,237.84005737304688,233.21807861328125,234.51800537109375,9335877
2016-07-07,235.43276977539062,239.4288787841797,234.8550262451172,237.84005737304688,9305981
2016-07-08,238.22523498535156,238.22523498535156,233.50694274902344,236.7327117919922,7165465
2016-07-11,239.09185791015625,242.26947021484375,237.59933471679688,239.91033935546875,7547920
2016-07-12,241.64358520507812,242.6064910888672,237.84005737304688,239.18814086914062,4302932
2016-07-13,239.23629760742188,239.95848083496094,236.8771514892578,237.9363555908203,4510416
2016-07-14,237.84005737304688,241.6917266845703,236.01052856445312,239.47702026367188,6326605
2016-07-15,239.76589965820312,243.1842498779297,238.3696746826172,239.6214599609375,9705885
2016-07-18,239.8140411376953,240.6806640625,238.41781616210938,239.6696014404297,7088259
2016-07-19,239.76589965820312,240.7288055419922,236.4919891357422,239.8140411376953,6980063
2016-07-20,239.8140411376953,242.65464782714844,238.7548370361328,240.96954345703125,9671252
2016-07-21,243.6175537109375,244.09901428222656,237.35861206054688,241.3065643310547,12168179
2016-07-22,243.76199340820312,246.69888305664062,237.9844970703125,240.58438110351562,16388121
2016-07-25,240.2473602294922,242.65464782714844,239.76589965820312,242.41390991210938,9212323
2016-07-26,242.317626953125,244.14715576171875,241.21026611328125,242.41390991210938,7080363
2016-07-27,241.6917266845703,244.29159545898438,237.16603088378906,238.22523498535156,9241105
2016-07-28,240.15106201171875,245.92855834960938,239.04371643066406,244.8693389892578,11787316
2016-07-29,244.77305603027344,246.98776245117188,242.07688903808594,243.08795166015625,12596909
2016-08-01,242.65464782714844,245.73597717285156,240.29550170898438,241.3065643310547,9926094
2016-08-02,241.6917266845703,252.28379821777344,241.6917266845703,251.1282958984375,17425566
2016-08-03,250.3579559326172,250.3579559326172,241.9324493408203,243.3286895751953,11408861
2016-08-04,244.58047485351562,245.39895629882812,240.92138671875,242.7509307861328,8995366
2016-08-05,242.799072265625,246.98776245117188,241.78802490234375,243.1842498779297,4533189
2016-08-08,243.6175537109375,245.3026580810547,240.2473602294922,240.6806640625,8739307
2016-08-09,240.7288055419922,240.7288055419922,236.9734344482422,238.46595764160156,9718838
2016-08-10,238.802978515625,239.18814086914062,236.6845703125,237.35861206054688,5457692
2016-08-11,237.84005737304688,243.4249725341797,237.40675354003906,242.317626953125,11158153
2016-08-12,241.25840759277344,246.02484130859375,241.01768493652344,244.6767578125,8603626
2016-08-16,244.82119750976562,248.43212890625,244.05087280273438,245.63967895507812,10689714
2016-08-17,245.11007690429688,247.22848510742188,242.84722900390625,244.29159545898438,8649054
2016-08-18,244.96563720703125,245.92855834960938,242.17318725585938,242.799072265625,6939437
2016-08-19,242.65464782714844,243.03981018066406,240.4880828857422,241.64358520507812,5531361
2016-08-22,242.317626953125,245.3026580810547,242.17318725585938,244.6767578125,4345966
2016-08-23,244.96563720703125,245.5433807373047,241.01768493652344,242.07688903808594,6694732
2016-08-24,241.88430786132812,242.65464782714844,239.8621826171875,240.96954345703125,5590189
2016-08-25,242.7509307861328,245.5433807373047,240.96954345703125,244.05087280273438,9884849
2016-08-26,243.95457458496094,245.4470977783203,242.70278930664062,244.3878936767578,4936367
2016-08-29,243.6175537109375,244.53233337402344,241.7398681640625,243.4249725341797,4437169
2016-08-30,244.29159545898438,248.33584594726562,243.6656951904297,247.75808715820312,7989072
2016-08-31,248.72100830078125,251.80233764648438,246.89146423339844,250.40611267089844,13265582
2016-09-01,251.3208770751953,253.2467041015625,249.4913330078125,251.3208770751953,8695602
2016-09-02,252.28379821777344,253.92074584960938,250.59869384765625,253.15042114257812,9506919
2016-09-06,253.2467041015625,256.0391540527344,251.41717529296875,252.86154174804688,9519864
2016-09-07,254.20962524414062,255.1243896484375,252.28379821777344,253.0541229248047,6656556
2016-09-08,253.72816467285156,255.7021484375,252.9578399658203,255.0762481689453,8645619
2016-09-09,253.2467041015625,254.64292907714844,247.51736450195312,248.72100830078125,10131678
2016-09-12,246.45816040039062,247.1803436279297,242.41390991210938,242.89537048339844,7627126
2016-09-14,241.6917266845703,243.71385192871094,240.29550170898438,242.5102081298828,13020551
2016-09-15,243.13609313964844,248.33584594726562,243.13609313964844,246.41000366210938,8077776
2016-09-16,246.5063018798828,252.47637939453125,245.92855834960938,250.69497680664062,14578809
2016-09-19,251.80233764648438,252.86154174804688,248.67286682128906,249.2506103515625,6724348
2016-09-20,249.58763122558594,249.63577270507812,245.78411865234375,247.4210662841797,6944197
2016-09-21,247.1803436279297,249.2024688720703,243.6175537109375,244.2434539794922,9139238
2016-09-22,245.97669982910156,247.66180419921875,244.33973693847656,245.78411865234375,7988449
2016-09-23,245.5433807373047,247.46922302246094,242.46205139160156,244.05087280273438,5143011
2016-09-26,243.6175537109375,243.85829162597656,238.32151794433594,238.8511199951172,10060086
2016-09-27,239.4288787841797,240.00662231445312,235.9142303466797,236.7327117919922,6900812
2016-09-28,237.16603088378906,240.15106201171875,236.39569091796875,237.7919158935547,7646466
2016-09-29,238.89927673339844,240.0547637939453,232.0625762939453,236.58827209472656,18104875
2016-09-30,236.54013061523438,237.7919158935547,231.58111572265625,232.39959716796875,9912734
2016-10-03,235.14390563964844,235.14390563964844,232.59217834472656,233.31436157226562,6714964
2016-10-04,233.9884033203125,234.90316772460938,231.43667602539062,232.25515747070312,8002732
2016-10-05,232.83290100097656,234.2291259765625,230.32933044433594,231.292236328125,6470467
2016-10-06,233.02548217773438,233.02548217773438,226.91098022460938,228.59608459472656,8986109
2016-10-07,229.07752990722656,231.34039306640625,227.97018432617188,230.08859252929688,4164582
2016-10-10,233.02548217773438,233.60324096679688,230.66635131835938,231.19595336914062,5241260
2016-10-13,231.19595336914062,232.49588012695312,228.1627655029297,230.08859252929688,11089281
2016-10-14,230.13674926757812,231.58111572265625,229.2219696044922,231.0033721923828,9579094
2016-10-17,231.0033721923828,232.78475952148438,229.65528869628906,231.6774139404297,6379993
2016-10-18,232.0625762939453,237.40675354003906,231.38853454589844,236.82901000976562,12234489
2016-10-19,236.54013061523438,236.54013061523438,229.55899047851562,230.57005310058594,8734555
2016-10-20,232.0625762939453,232.39959716796875,229.27012634277344,230.47377014160156,4572220
2016-10-21,230.13674926757812,232.20701599121094,229.89601135253906,231.2440948486328,10999941
2016-10-24,232.0625762939453,233.02548217773438,230.810791015625,232.39959716796875,9944640
2016-10-25,233.89212036132812,233.89212036132812,229.31826782226562,229.89601135253906,6177333
2016-10-26,230.95521545410156,233.50694274902344,224.84071350097656,229.89601135253906,24852951
2016-10-27,232.25515747070312,235.72164916992188,230.76263427734375,234.08470153808594,15943817
2016-10-28,235.2401885986328,235.2401885986328,230.61819458007812,234.08470153808594,9674418
2016-11-01,233.7958221435547,233.7958221435547,230.2811737060547,231.051513671875,5730426
2016-11-02,228.21090698242188,230.08859252929688,226.38137817382812,228.49978637695312,4867894
2016-11-03,228.25906372070312,233.31436157226562,227.2480010986328,231.38853454589844,9210542
2016-11-04,242.17318725585938,246.89146423339844,237.88821411132812,239.8140411376953,36621117
2016-11-07,244.3878936767578,250.0209503173828,237.84005737304688,246.98776245117188,25202734
2016-11-08,246.98776245117188,247.85438537597656,242.84722900390625,246.1211395263672,10317962
2016-11-09,230.2811737060547,245.5433807373047,229.70343017578125,238.94741821289062,23914156
2016-11-10,243.47311401367188,243.6175537109375,236.44383239746094,241.7398681640625,12012673
2016-11-11,238.802978515625,239.71774291992188,232.0625762939453,233.9402618408203,13232720
2016-11-15,232.9773406982422,237.7437744140625,227.055419921875,228.69236755371094,22012736
2016-11-16,229.1256866455078,230.2330322265625,219.5928192138672,222.33712768554688,31846924
2016-11-17,219.9779815673828,225.32217407226562,219.92984008789062,222.91488647460938,9640577
2016-11-18,221.4705047607422,222.81858825683594,218.6780548095703,219.40023803710938,8575440
2016-11-21,219.7372589111328,220.12242126464844,215.30784606933594,215.88558959960938,7878052
2016-11-22,216.6559295654297,219.64096069335938,215.21156311035156,217.7151336669922,9570300
2016-11-23,218.82249450683594,219.3520965576172,215.21156311035156,216.31890869140625,10720504
2016-11-24,216.6559295654297,216.8966522216797,213.8634796142578,215.21156311035156,18697423
2016-11-25,216.17446899414062,221.90382385253906,214.7782440185547,220.31500244140625,7890103
2016-11-28,219.92984008789062,225.51475524902344,218.87063598632812,225.03329467773438,9472016
2016-11-29,224.4073944091797,226.91098022460938,221.7112274169922,222.4815673828125,8945347
2016-11-30,223.39633178710938,225.70733642578125,220.6520233154297,223.87779235839844,11507955
2016-12-01,224.1666717529297,226.2850799560547,222.4815673828125,224.84071350097656,5358757
2016-12-02,224.3592529296875,224.3592529296875,219.544677734375,220.02613830566406,8693600
2016-12-05,220.4113006591797,224.5518341064453,219.01507568359375,223.92593383789062,5320355
2016-12-06,224.3592529296875,224.3592529296875,220.6520233154297,221.6630859375,5100487
2016-12-07,222.91488647460938,222.91488647460938,218.1002960205078,218.7743377685547,8419775
2016-12-08,220.5557403564453,226.57395935058594,219.83355712890625,224.64813232421875,7648947
2016-12-09,225.3703155517578,230.71449279785156,223.92593383789062,227.39244079589844,8648965
2016-12-12,225.51475524902344,225.99620056152344,223.3481903076172,223.68521118164062,3155645
2016-12-13,226.09249877929688,228.1146240234375,223.5889129638672,226.91098022460938,7727181
2016-12-14,227.2480010986328,227.72946166992188,223.39633178710938,224.50369262695312,6556449
2016-12-15,223.39633178710938,225.70733642578125,220.02613830566406,221.18162536621094,5538310
2016-12-16,222.2408447265625,222.2408447265625,217.6188507080078,217.95587158203125,13422991
2016-12-19,216.99295043945312,220.50758361816406,216.99295043945312,218.58175659179688,5665425
2016-12-20,220.02613830566406,222.2408447265625,219.06321716308594,221.42236328125,6145411
2016-12-21,220.50758361816406,221.27792358398438,217.13739013671875,217.90771484375,13379223
2016-12-22,216.8966522216797,219.92984008789062,215.93374633789062,219.11135864257812,6668113
2016-12-23,219.06321716308594,219.06321716308594,215.50042724609375,216.36705017089844,11177602
2016-12-26,216.55963134765625,217.4744110107422,213.76718139648438,216.6559295654297,9071721
2016-12-27,217.6188507080078,226.1887969970703,216.030029296875,225.3703155517578,16206836
2016-12-28,224.07037353515625,227.63316345214844,224.07037353515625,226.71839904785156,14711711
2016-12-29,226.57395935058594,228.21090698242188,223.68521118164062,227.2480010986328,14593942
2016-12-30,228.64422607421875,233.41065979003906,227.536865234375,232.68846130371094,10821396
2017-01-02,233.02548217773438,233.26622009277344,229.75157165527344,232.01443481445312,5075736
2017-01-03,231.96627807617188,236.58827209472656,230.37747192382812,234.32542419433594,7798116
2017-01-04,233.84396362304688,237.84005737304688,231.19595336914062,236.34754943847656,9668664
2017-01-05,235.43276977539062,238.65853881835938,235.047607421875,237.59933471679688,9532162
2017-01-06,237.84005737304688,239.76589965820312,233.21807861328125,233.69952392578125,8404984
2017-01-09,233.84396362304688,237.45489501953125,233.1217803955078,236.7327117919922,5041639
2017-01-10,236.8771514892578,240.58438110351562,236.58827209472656,239.71774291992188,12438618
2017-01-11,240.53622436523438,241.21026611328125,237.45489501953125,238.3696746826172,7931415
2017-01-12,238.51409912109375,238.51409912109375,235.09576416015625,235.57720947265625,5816779
2017-01-13,236.8771514892578,241.6917266845703,233.50694274902344,240.39178466796875,4553691
2017-01-16,240.00662231445312,241.5472869873047,237.9363555908203,239.5733184814453,4813933
2017-01-17,239.5733184814453,242.94351196289062,239.5733184814453,242.6064910888672,4996927
2017-01-18,242.26947021484375,244.8693389892578,240.53622436523438,241.5472869873047,7534139
2017-01-19,240.4880828857422,245.3026580810547,240.29550170898438,244.72491455078125,9538148
2017-01-20,244.82119750976562,246.79518127441406,244.29159545898438,245.92855834960938,11261533
2017-01-23,245.63967895507812,250.5023956298828,245.59153747558594,250.0209503173828,11101905
2017-01-24,249.97279357910156,251.0801544189453,247.80624389648438,250.21353149414062,8341113
2017-01-25,250.309814453125,256.5206298828125,249.97279357910156,255.65399169921875,18123606
2017-01-27,253.72816467285156,257.05023193359375,246.60260009765625,247.85438537597656,25440485
2017-01-30,248.8173065185547,251.3208770751953,246.02484130859375,246.60260009765625,9253765
2017-01-31,246.69888305664062,250.309814453125,245.15821838378906,248.52842712402344,10380649
2017-02-01,250.3579559326172,260.0834045410156,248.91358947753906,259.6982421875,35144107
2017-02-02,260.9500427246094,269.5199890136719,259.5056457519531,264.1276550292969,30867395
2017-02-03,263.8387756347656,265.28314208984375,260.46856689453125,262.92401123046875,9356904
2017-02-06,264.7054138183594,268.6533508300781,263.93505859375,266.5349426269531,8538188
2017-02-07,268.2681884765625,281.315673828125,265.37945556640625,266.8238220214844,25251605
2017-02-08,265.28314208984375,268.6533508300781,261.9129333496094,264.6091003417969,11114871
2017-02-09,265.7646179199219,268.0755920410156,262.5388488769531,267.3534240722656,5070408
2017-02-10,268.3644714355469,268.7496337890625,261.4796447753906,263.212890625,7975779
2017-02-13,265.1868591308594,266.10162353515625,258.6390380859375,260.5648498535156,9312915
2017-02-14,259.98712158203125,263.3573303222656,259.16864013671875,260.7574462890625,6911954
2017-02-15,261.1426086425781,265.28314208984375,261.1426086425781,263.2610168457031,7827599
2017-02-16,260.0352478027344,261.4314880371094,255.84657287597656,256.7613525390625,10982700
2017-02-17,257.4353942871094,258.92791748046875,254.20962524414062,258.2057189941406,9700816
2017-02-20,256.1354675292969,257.53167724609375,255.7021484375,256.18359375,5934404
2017-02-21,256.1354675292969,256.3761901855469,251.1282958984375,253.39114379882812,10251239
2017-02-22,254.59478759765625,256.3761901855469,251.94677734375,253.68002319335938,8815003
2017-02-23,254.20962524414062,258.2538757324219,251.89862060546875,255.79843139648438,12837302
2017-02-27,255.7021484375,256.1354675292969,248.28768920898438,254.78736877441406,5270544
2017-02-28,253.2467041015625,254.78736877441406,251.22459411621094,252.47637939453125,8558167
2017-03-01,252.66896057128906,259.6982421875,252.66896057128906,258.5427551269531,15139871
2017-03-02,258.5427551269531,260.22784423828125,253.72816467285156,254.9318084716797,10453722
2017-03-03,252.28379821777344,253.6318817138672,248.57656860351562,251.85047912597656,10371862
2017-03-06,252.9578399658203,255.22068786621094,251.85047912597656,254.30592346191406,9927375
2017-03-07,254.49850463867188,255.17254638671875,251.46531677246094,254.45034790039062,7183529
2017-03-08,254.64292907714844,255.65399169921875,253.72816467285156,254.35406494140625,5993605
2017-03-09,256.23175048828125,256.42431640625,252.57266235351562,255.1243896484375,9847115
2017-03-10,255.1243896484375,255.22068786621094,252.90968322753906,253.68002319335938,5880374
2017-03-14,256.3280334472656,261.575927734375,255.36512756347656,257.1946716308594,18508020
2017-03-15,255.36512756347656,260.6611633300781,255.36512756347656,258.2538757324219,14475482
2017-03-16,260.22784423828125,261.1907653808594,257.579833984375,258.4945983886719,9020039
2017-03-17,266.5349426269531,278.18621826171875,266.5349426269531,270.8199157714844,54015422
2017-03-20,272.4087219238281,273.6605224609375,267.49786376953125,271.44580078125,16509511
2017-03-21,272.6976013183594,277.8973388671875,272.5050048828125,277.2232971191406,13734401
2017-03-22,274.43084716796875,277.1751403808594,268.2681884765625,269.4718322753906,12874461
2017-03-23,267.208984375,272.0235595703125,264.8979797363281,267.3052673339844,17547913
2017-03-24,268.5089111328125,272.5050048828125,268.4126281738281,270.5791931152344,7398317
2017-03-27,270.0495910644531,272.4087219238281,266.053466796875,271.15692138671875,12623097
2017-03-28,271.15692138671875,271.73468017578125,269.6644287109375,270.09771728515625,6532115
2017-03-29,269.808837890625,273.1790466308594,269.808837890625,272.6976013183594,8828112
2017-03-30,273.4679260253906,274.09381103515625,269.6644287109375,272.2642822265625,14948411
2017-03-31,270.5791931152344,272.5050048828125,268.4126281738281,269.9051513671875,9929324
2017-04-03,272.31243896484375,273.082763671875,268.31634521484375,271.1087951660156,7507187
2017-04-05,272.6976013183594,272.9864807128906,267.40155029296875,268.6051940917969,10685034
2017-04-06,267.8830261230469,268.79779052734375,263.0684509277344,263.93505859375,16243974
2017-04-07,262.8758544921875,263.98321533203125,260.8537292480469,262.5388488769531,9480161
2017-04-10,264.80169677734375,264.80169677734375,262.0092468261719,263.40545654296875,5687364
2017-04-11,262.97216796875,272.1198425292969,261.7203674316406,271.5902404785156,11355730
2017-04-12,271.25323486328125,274.2382507324219,269.1829528808594,271.44580078125,7507416
2017-04-13,271.44580078125,271.5421142578125,267.208984375,268.79779052734375,4085766
2017-04-17,266.2942199707031,272.0235595703125,265.331298828125,268.7496337890625,5017073
2017-04-18,269.808837890625,273.4679260253906,267.7867431640625,268.7015075683594,4497780
2017-04-19,270.7236328125,271.0606384277344,267.5459899902344,268.3644714355469,5143709
2017-04-20,269.327392578125,271.0606384277344,268.0274658203125,269.1347961425781,4400814
2017-04-21,271.5421142578125,271.5421142578125,262.58697509765625,264.1758117675781,9041742
2017-04-24,266.1497802734375,267.25714111328125,261.094482421875,266.4867858886719,7392939
2017-04-25,267.6904296875,271.5421142578125,263.74249267578125,270.8680725097656,13211107
2017-04-26,272.79388427734375,282.0378723144531,271.5421142578125,280.1120300292969,19671557
2017-04-27,280.593505859375,281.074951171875,273.94940185546875,275.201171875,14075606
2017-04-28,275.201171875,275.8752136230469,267.0645446777344,267.6904296875,12851433
2017-05-02,270.09771728515625,270.8680725097656,266.2460632324219,268.845947265625,7298698
2017-05-03,269.1347961425781,269.1347961425781,265.28314208984375,266.96826171875,6271881
2017-05-04,267.5941467285156,271.73468017578125,265.9090576171875,270.7717590332031,8070845
2017-05-05,270.5310363769531,270.5310363769531,266.1497802734375,266.8719482421875,4192254
2017-05-08,267.25714111328125,268.1719055175781,262.4425354003906,262.8277282714844,11038927
2017-05-09,263.3573303222656,266.3905029296875,260.9500427246094,261.4314880371094,7008749
2017-05-10,262.10552978515625,265.4757385253906,261.9129333496094,263.7906188964844,4754549
2017-05-11,265.28314208984375,268.79779052734375,263.8387756347656,266.3905029296875,9778012
2017-05-12,267.0163879394531,267.0163879394531,263.8869323730469,264.7535400390625,4672675
2017-05-15,265.6683044433594,268.55706787109375,265.28314208984375,267.6423034667969,5673245
2017-05-16,268.1719055175781,273.7568054199219,267.6904296875,272.9383239746094,11635819
2017-05-17,273.564208984375,273.85308837890625,268.8940734863281,271.205078125,8617269
2017-05-18,267.6904296875,270.6273193359375,266.7756652832031,267.5941467285156,8229448
2017-05-19,271.7828369140625,284.6858825683594,271.49395751953125,275.5863342285156,37099971
2017-05-22,281.60455322265625,293.4965515136719,280.4972229003906,292.341064453125,37323445
2017-05-23,290.7041015625,292.62994384765625,287.1894836425781,289.0190124511719,20546707
2017-05-24,288.87457275390625,290.75225830078125,286.8524475097656,288.7782897949219,9822098
2017-05-25,288.87457275390625,293.4002685546875,284.3970031738281,288.9227294921875,23646915
2017-05-26,290.8004150390625,302.1628112792969,288.4412536621094,297.6371154785156,22579834
2017-05-29,292.7262268066406,307.9884338378906,292.2447814941406,304.13677978515625,20422509
2017-05-30,301.2961730957031,303.5108947753906,298.5518798828125,299.89996337890625,8876322
2017-05-31,299.89996337890625,301.77764892578125,295.614990234375,300.2369689941406,12782086
2017-06-01,300.4295654296875,305.00341796875,299.2740478515625,302.5479736328125,8570891
2017-06-02,304.37750244140625,308.0365905761719,303.5108947753906,307.362548828125,11500232
2017-06-05,303.31829833984375,306.4477844238281,301.68133544921875,305.67742919921875,9847609
2017-06-06,305.7255859375,307.1699523925781,297.8296813964844,299.5148010253906,10220219
2017-06-07,299.7555236816406,303.07757568359375,298.84075927734375,300.6702880859375,11978598
2017-06-08,301.3924560546875,301.6332092285156,297.92596435546875,300.0444030761719,8081100
2017-06-09,299.2259216308594,301.0072937011719,293.4002685546875,294.6520690917969,10453119
2017-06-12,295.614990234375,296.096435546875,291.2818603515625,293.11138916015625,6507632
2017-06-13,293.7373046875,294.6520690917969,290.99298095703125,293.92987060546875,5303687
2017-06-14,293.6409912109375,294.6520690917969,288.05609130859375,288.7301330566406,15135338
2017-06-15,291.7151794433594,291.7151794433594,288.39312744140625,290.7041015625,7713717
2017-06-16,291.2818603515625,298.1185607910156,291.2818603515625,295.4223937988281,12798297
2017-06-19,297.5408020019531,300.2851257324219,296.6741943359375,299.370361328125,7251573
2017-06-20,300.4295654296875,300.62213134765625,296.6741943359375,297.2519226074219,8579082
2017-06-21,297.92596435546875,299.4666442871094,295.80755615234375,297.49267578125,8598645
2017-06-22,297.20379638671875,302.5479736328125,296.7704772949219,299.7555236816406,9289243
2017-06-23,298.50372314453125,301.2961730957031,297.1556396484375,299.4666442871094,7453263
2017-06-27,300.1888122558594,304.7626647949219,299.4666442871094,300.7665710449219,10061814
2017-06-28,300.0444030761719,300.0444030761719,295.7112731933594,296.9149169921875,8224059
2017-06-29,297.6371154785156,301.6332092285156,297.1556396484375,300.0444030761719,10311615
2017-06-30,298.74444580078125,312.6585693359375,298.74444580078125,311.64752197265625,24090343
2017-07-03,333.1686706542969,341.642333984375,327.6800537109375,329.7984619140625,48892799
2017-07-04,330.08734130859375,330.7132263183594,323.7802429199219,324.7431640625,11664585
2017-07-05,324.7431640625,325.3209228515625,318.00274658203125,318.7731018066406,12439637
2017-07-06,321.9025573730469,326.1875305175781,319.0138244628906,324.5987243652344,13946670
2017-07-07,325.4653625488281,325.6579284667969,320.69891357421875,321.9025573730469,10301830
2017-07-10,320.1211853027344,322.57659912109375,318.7249450683594,320.93963623046875,1316454
2017-07-11,322.57659912109375,322.624755859375,317.76202392578125,318.1471862792969,8657755
2017-07-12,316.22137451171875,321.228515625,315.2584533691406,316.6546630859375,10643992
2017-07-13,319.6878662109375,326.90972900390625,318.7249450683594,326.1875305175781,18165609
2017-07-14,327.3430480957031,327.3430480957031,322.384033203125,324.6468811035156,5801768
2017-07-17,322.57659912109375,322.57659912109375,308.8069152832031,313.0918884277344,21102802
2017-07-18,281.7971496582031,281.7971496582031,266.1497802734375,273.9975280761719,155236591
2017-07-19,277.12701416015625,282.0378723144531,275.5863342285156,280.64166259765625,40641441
2017-07-20,283.0970764160156,283.9637145996094,277.7047424316406,278.76397705078125,15896377
2017-07-21,280.6897888183594,280.9305114746094,275.9233703613281,278.18621826171875,13681787
2017-07-24,279.24542236328125,284.3970031738281,277.4158935546875,282.3749084472656,18479650
2017-07-25,284.05999755859375,284.2044372558594,280.06390380859375,280.593505859375,9927828
2017-07-26,281.1712646484375,283.3377990722656,280.6897888183594,282.76007080078125,9564282
2017-07-27,283.7711181640625,284.4451599121094,276.1159362792969,277.84918212890625,19620418
2017-07-28,283.3859558105469,283.81927490234375,276.5010986328125,280.7379455566406,19206912
2017-07-31,278.76397705078125,279.5343017578125,273.94940185546875,274.67156982421875,22065527
2017-08-01,274.7197265625,277.84918212890625,274.43084716796875,277.1751403808594,14063559
2017-08-02,279.0528259277344,279.1491394042969,273.7568054199219,274.8641662597656,10247374
2017-08-03,274.43084716796875,274.8160095214844,270.2421569824219,270.96435546875,10592033
2017-08-04,270.0014343261719,273.85308837890625,269.27923583984375,270.33843994140625,11717562
2017-08-07,271.15692138671875,272.5050048828125,269.086669921875,269.4718322753906,8776750
2017-08-08,269.7125549316406,270.96435546875,263.3573303222656,263.98321533203125,13231816
2017-08-09,263.8387756347656,265.1868591308594,260.3722839355469,262.7314147949219,10291858
2017-08-10,262.5388488769531,264.46466064453125,260.70928955078125,262.97216796875,10380837
2017-08-11,260.9500427246094,264.2720947265625,260.0834045410156,261.4314880371094,14964550
2017-08-14,264.22393798828125,264.22393798828125,260.46856689453125,261.1907653808594,10066349
2017-08-16,261.9129333496094,271.3013610839844,261.28704833984375,268.845947265625,19412233
2017-08-17,271.3976745605469,272.4087219238281,267.5941467285156,269.61627197265625,14231781
2017-08-18,268.8940734863281,273.4679260253906,266.5349426269531,271.3976745605469,15442589
2017-08-21,271.8791198730469,274.43084716796875,270.5310363769531,271.15692138671875,13592218
2017-08-22,271.5421142578125,274.43084716796875,269.9532775878906,272.4087219238281,12417415
2017-08-23,272.9864807128906,275.00860595703125,271.15692138671875,272.07171630859375,9084531
2017-08-24,271.5421142578125,272.9864807128906,270.67547607421875,271.0124816894531,11235986
2017-08-28,271.6383972167969,272.5050048828125,268.9422302246094,271.97540283203125,10358573
2017-08-29,271.8791198730469,272.4087219238281,269.03851318359375,269.85699462890625,6377756
2017-08-30,270.7236328125,272.4087219238281,270.19403076171875,271.5421142578125,6785885
2017-08-31,272.5050048828125,272.6494445800781,270.0014343261719,271.7828369140625,11654017
2017-09-01,271.73468017578125,273.8049621582031,270.2903137207031,273.082763671875,7526993
2017-09-04,272.9383239746094,273.323486328125,271.5421142578125,272.601318359375,8807199
2017-09-05,272.1679992675781,273.37164306640625,271.15692138671875,272.3605651855469,8121365
2017-09-06,270.09771728515625,270.5791931152344,265.04241943359375,265.4757385253906,14710804
2017-09-07,266.7275085449219,267.25714111328125,259.5538024902344,260.3722839355469,19958290
2017-09-08,261.094482421875,263.16473388671875,259.98712158203125,262.2499694824219,10090288
2017-09-11,262.2981262207031,264.22393798828125,261.4314880371094,263.45361328125,9672742
2017-09-12,265.28314208984375,267.93115234375,264.4165344238281,267.3534240722656,11906324
2017-09-13,267.1127014160156,267.208984375,260.9018859863281,261.4314880371094,12593161
2017-09-14,262.2018127441406,262.3944091796875,260.3722839355469,261.9129333496094,7312288
2017-09-15,261.9129333496094,262.6351318359375,258.2538757324219,259.3130798339844,13653947
2017-09-18,260.9500427246094,261.62408447265625,256.3761901855469,257.0983581542969,10543289
2017-09-19,258.061279296875,259.98712158203125,254.30592346191406,257.9168395996094,35187337
2017-09-20,259.40936279296875,261.9129333496094,257.820556640625,261.4796447753906,9974675
2017-09-21,261.9129333496094,262.2981262207031,257.1946716308594,259.5538024902344,8058682
2017-09-22,259.5056457519531,260.9018859863281,257.1465148925781,258.4945983886719,7142399
2017-09-25,258.5427551269531,259.65008544921875,251.22459411621094,252.52452087402344,18260404
2017-09-26,253.53558349609375,253.96890258789062,251.3690185546875,252.71710205078125,9950366
2017-09-27,255.26882934570312,255.65399169921875,247.27662658691406,248.91358947753906,18208892
2017-09-28,250.74313354492188,253.6318817138672,249.4913330078125,251.85047912597656,22436773
2017-09-29,253.0541229248047,253.15042114257812,247.90252685546875,248.72100830078125,12640792
2017-10-03,252.76524353027344,253.0059814453125,248.91358947753906,251.70603942871094,11940746
2017-10-04,254.30592346191406,258.5427551269531,253.39114379882812,257.4835510253906,11194466
2017-10-05,257.4835510253906,259.40936279296875,254.59478759765625,255.41326904296875,7204474
2017-10-06,255.94287109375,257.579833984375,254.8355255126953,256.2799072265625,8158755
2017-10-09,258.061279296875,259.16864013671875,256.5206298828125,258.061279296875,6323114
2017-10-10,257.1946716308594,257.9649963378906,255.3169708251953,256.3280334472656,5683301
2017-10-11,256.6169128417969,257.820556640625,254.64292907714844,255.55770874023438,7959877
2017-10-12,255.7021484375,259.216796875,254.20962524414062,257.0983581542969,9518815
2017-10-13,256.3761901855469,257.6761169433594,254.40220642089844,256.0873107910156,12504487
2017-10-16,256.1354675292969,259.93896484375,255.65399169921875,257.579833984375,9504724
2017-10-17,258.061279296875,258.7353210449219,256.0873107910156,257.339111328125,11038203
2017-10-18,258.061279296875,260.70928955078125,257.1946716308594,260.3241271972656,7508323
2017-10-19,260.9500427246094,261.2388916015625,259.0242004394531,259.65008544921875,1283342
2017-10-23,259.98712158203125,262.6351318359375,255.94287109375,257.1465148925781,10144269
2017-10-24,258.4945983886719,258.4945983886719,256.23175048828125,257.0983581542969,8723712
2017-10-25,258.4464416503906,261.4314880371094,258.2538757324219,259.2649230957031,6169387
2017-10-26,260.7574462890625,260.7574462890625,257.2427978515625,258.4464416503906,9616793
2017-10-27,260.5648498535156,265.7646179199219,257.53167724609375,259.3612060546875,23852749
2017-10-30,259.0242004394531,260.5648498535156,253.68002319335938,255.3169708251953,18266520
2017-10-31,256.18359375,257.05023193359375,254.1133270263672,255.84657287597656,8452918
2017-11-01,257.0983581542969,261.1426086425781,256.42431640625,259.8426818847656,7516426
2017-11-02,259.6982421875,259.93896484375,255.46141052246094,255.79843139648438,10056813
2017-11-03,257.0983581542969,257.9649963378906,255.0762481689453,255.55770874023438,6210456
2017-11-06,256.3761901855469,257.9649963378906,254.49850463867188,255.0762481689453,9368140
2017-11-07,255.84657287597656,257.77239990234375,253.8726043701172,255.46141052246094,9872847
2017-11-08,255.5095672607422,256.6169128417969,254.8836669921875,255.55770874023438,6186540
2017-11-09,256.5206298828125,256.6169128417969,249.68392944335938,250.40611267089844,21026098
2017-11-10,250.8875732421875,255.36512756347656,249.78021240234375,251.9949188232422,17438746
2017-11-13,253.2467041015625,253.53558349609375,248.43212890625,248.72100830078125,7681031
2017-11-14,248.91358947753906,251.1764373779297,246.5063018798828,247.03590393066406,8656529
2017-11-15,247.46922302246094,247.80624389648438,241.11398315429688,243.90643310546875,17666898
2017-11-16,245.2545166015625,246.1211395263672,243.03981018066406,245.63967895507812,10343428
2017-11-17,246.98776245117188,249.39505004882812,246.5063018798828,248.43212890625,10383570
2017-11-20,249.0098876953125,251.03199768066406,247.70994567871094,249.58763122558594,8221147
2017-11-21,249.8765106201172,249.8765106201172,245.73597717285156,246.313720703125,17266541
2017-11-22,246.5063018798828,249.0580291748047,246.1211395263672,248.57656860351562,8941555
2017-11-23,248.76914978027344,251.03199768066406,246.89146423339844,248.57656860351562,7814131
2017-11-24,248.91358947753906,251.7541961669922,248.48028564453125,251.0801544189453,7630740
2017-11-27,250.3579559326172,250.83941650390625,247.75808715820312,249.63577270507812,5022804
2017-11-28,249.4913330078125,249.58763122558594,246.5063018798828,247.46922302246094,18183221
2017-11-29,248.43212890625,249.10617065429688,247.46922302246094,248.48028564453125,9032800
2017-11-30,248.33584594726562,248.6247100830078,245.20635986328125,246.554443359375,22967997
2017-12-01,247.4210662841797,249.97279357910156,245.20635986328125,245.73597717285156,6847473
2017-12-04,246.5063018798828,246.79518127441406,244.14715576171875,245.63967895507812,6347174
2017-12-05,245.5433807373047,245.88040161132812,243.13609313964844,244.43603515625,9337698
2017-12-06,243.85829162597656,243.85829162597656,241.5472869873047,242.26947021484375,8562019
2017-12-07,240.7288055419922,244.6767578125,240.7288055419922,243.95457458496094,5635445
2017-12-08,244.33973693847656,253.4392852783203,244.00271606445312,252.47637939453125,13638732
2017-12-11,254.8355255126953,257.579833984375,253.53558349609375,256.3761901855469,17842707
2017-12-12,254.6910858154297,255.36512756347656,250.83941650390625,251.85047912597656,9599026
2017-12-13,249.97279357910156,252.66896057128906,248.04696655273438,249.39505004882812,8986735
2017-12-14,251.22459411621094,256.2799072265625,247.9988250732422,254.45034790039062,8353203
2017-12-15,256.1354675292969,257.1465148925781,253.68002319335938,254.78736877441406,12742052
2017-12-18,255.65399169921875,255.65399169921875,249.4431915283203,253.4392852783203,9650962
2017-12-19,253.6318817138672,255.55770874023438,253.34300231933594,254.45034790039062,6107682
2017-12-20,254.8836669921875,254.8836669921875,252.9578399658203,253.53558349609375,7728106
2017-12-21,256.0391540527344,256.0391540527344,251.89862060546875,253.29486083984375,7032195
2017-12-22,253.72816467285156,254.40220642089844,252.42823791503906,253.34300231933594,6652053
2017-12-26,253.48744201660156,255.17254638671875,252.90968322753906,254.35406494140625,9917650
2017-12-27,254.40220642089844,254.49850463867188,251.94677734375,252.42823791503906,6325599
2017-12-28,253.6318817138672,254.2577667236328,251.3690185546875,252.1393585205078,16501935
2017-12-29,252.76524353027344,254.20962524414062,252.52452087402344,253.48744201660156,6818477
2018-01-01,253.48744201660156,256.42431640625,251.5615997314453,252.57266235351562,10863895
2018-01-02,252.86154174804688,254.40220642089844,250.79127502441406,251.0801544189453,5907460
2018-01-03,251.60975646972656,252.90968322753906,250.9357147216797,251.46531677246094,11443370
2018-01-04,251.27273559570312,253.0059814453125,250.9357147216797,251.85047912597656,9729737
2018-01-05,252.1875,253.72816467285156,252.1875,253.15042114257812,9566733
2018-01-08,254.20962524414062,256.9057922363281,253.48744201660156,255.7502899169922,14989106
2018-01-09,255.65399169921875,261.9129333496094,254.9318084716797,260.5167236328125,26728897
2018-01-10,263.3091735839844,263.8387756347656,259.0723571777344,259.40936279296875,17074502
2018-01-11,259.5056457519531,260.9500427246094,258.1575622558594,259.7945251464844,11722150
2018-01-12,260.22784423828125,261.28704833984375,256.2799072265625,257.6279602050781,8494789
2018-01-15,258.061279296875,261.04632568359375,257.0983581542969,257.6761169433594,10944192
2018-01-16,258.2538757324219,258.7353210449219,251.1282958984375,251.9949188232422,13433905
2018-01-17,252.28379821777344,257.0983581542969,249.92465209960938,256.18359375,17006334
2018-01-18,258.061279296875,265.04241943359375,256.7613525390625,263.2610168457031,27461089
2018-01-19,265.7646179199219,267.208984375,261.04632568359375,264.3683776855469,26700710
2018-01-22,264.80169677734375,265.28314208984375,261.62408447265625,263.50177001953125,8660321
2018-01-23,263.8387756347656,266.96826171875,263.40545654296875,266.34234619140625,18947034
2018-01-24,266.3905029296875,271.5421142578125,265.812744140625,271.0124816894531,17971710
2018-01-25,270.5791931152344,272.6976013183594,268.2681884765625,270.8199157714844,13629982
2018-01-29,270.7236328125,272.79388427734375,264.80169677734375,265.4275817871094,9938281
2018-01-30,264.80169677734375,266.1979064941406,261.86480712890625,264.9942626953125,13560150
2018-01-31,263.74249267578125,265.7646179199219,259.8426818847656,261.335205078125,19675610
2018-02-01,261.9129333496094,279.5343017578125,257.4835510253906,265.090576171875,61648368
2018-02-02,264.22393798828125,275.0567321777344,260.7574462890625,265.1387023925781,36356576
2018-02-05,263.40545654296875,271.25323486328125,261.7685241699219,268.8940734863281,20465290
2018-02-06,259.93896484375,267.0163879394531,258.2057189941406,263.3573303222656,16432103
2018-02-07,267.6904296875,268.4126281738281,263.8387756347656,264.9461364746094,13455081
2018-02-08,265.4757385253906,266.6312255859375,262.5388488769531,263.93505859375,10156564
2018-02-09,260.9500427246094,262.3944091796875,257.86871337890625,261.28704833984375,14751166
2018-02-12,262.34625244140625,263.6943359375,259.3130798339844,259.8426818847656,6972242
2018-02-14,259.98712158203125,260.9500427246094,255.26882934570312,256.6169128417969,11738542
2018-02-15,256.6169128417969,259.8908386230469,254.97994995117188,258.1575622558594,12188244
2018-02-16,259.8426818847656,260.70928955078125,255.7502899169922,256.5687561035156,6401588
2018-02-19,256.1354675292969,257.86871337890625,252.76524353027344,254.30592346191406,6303342
2018-02-20,254.20962524414062,255.94287109375,252.42823791503906,253.48744201660156,9659227
2018-02-21,254.20962524414062,258.9760437011719,253.68002319335938,258.2538757324219,10961665
2018-02-22,257.29095458984375,259.0242004394531,255.60585021972656,257.1946716308594,19855003
2018-02-23,257.53167724609375,259.98712158203125,256.23175048828125,259.0723571777344,6780714
2018-02-26,258.59088134765625,259.5056457519531,256.1354675292969,256.6650695800781,8701511
2018-02-27,258.061279296875,258.2538757324219,255.65399169921875,256.5206298828125,7716072
2018-02-28,255.17254638671875,256.42431640625,253.29486083984375,255.22068786621094,13969189
2018-03-01,254.40220642089844,256.23175048828125,253.10226440429688,254.20962524414062,8081243
2018-03-05,253.53558349609375,253.53558349609375,250.3579559326172,250.59869384765625,6878708
2018-03-06,251.3690185546875,252.66896057128906,246.02484130859375,246.98776245117188,8495423
2018-03-07,246.98776245117188,250.83941650390625,244.14715576171875,250.2616729736328,15736814
2018-03-08,250.64683532714844,252.1875,248.19140625,249.2506103515625,6259151
2018-03-09,249.39505004882812,251.22459411621094,248.67286682128906,249.63577270507812,6345666
2018-03-12,254.20962524414062,260.80560302734375,253.1985626220703,260.0834045410156,20666810
2018-03-13,259.65008544921875,261.9129333496094,257.29095458984375,259.45751953125,8647577
2018-03-14,258.10943603515625,259.0723571777344,255.46141052246094,258.10943603515625,8211627
2018-03-15,257.0983581542969,259.8908386230469,255.36512756347656,255.7021484375,5771710
2018-03-16,256.5206298828125,256.5206298828125,249.2506103515625,250.83941650390625,21477001
2018-03-19,250.8875732421875,252.47637939453125,248.72100830078125,249.53948974609375,13423983
2018-03-20,248.57656860351562,250.309814453125,247.95066833496094,249.58763122558594,7769207
2018-03-21,250.40611267089844,251.94677734375,249.10617065429688,249.4431915283203,13418488
2018-03-22,250.3579559326172,251.7541961669922,248.28768920898438,248.72100830078125,8319663
2018-03-23,246.5063018798828,249.2024688720703,245.3026580810547,246.5063018798828,11616470
2018-03-26,243.52127075195312,250.3579559326172,243.13609313964844,248.52842712402344,12981125
2018-03-27,249.2024688720703,250.83941650390625,247.3729248046875,249.2987518310547,9107151
2018-03-28,248.43212890625,249.34690856933594,244.91749572753906,246.02484130859375,12743051
2018-04-02,247.46922302246094,249.34690856933594,245.97669982910156,248.67286682128906,7299774
2018-04-03,248.43212890625,250.3579559326172,247.95066833496094,248.91358947753906,5294559
2018-04-04,249.8765106201172,250.16537475585938,247.5655059814453,249.0098876953125,8716184
2018-04-05,246.02484130859375,250.3579559326172,246.02484130859375,250.0209503173828,9464602
2018-04-06,250.83941650390625,252.28379821777344,250.40611267089844,251.1764373779297,6333848
2018-04-09,251.46531677246094,256.71319580078125,251.22459411621094,255.94287109375,9572467
2018-04-10,256.47247314453125,258.7353210449219,255.26882934570312,256.80950927734375,15248015
2018-04-11,257.0020751953125,257.6279602050781,253.6318817138672,255.3169708251953,5433736
2018-04-12,255.26882934570312,255.3169708251953,251.70603942871094,252.2356414794922,6360898
2018-04-13,253.2467041015625,253.72816467285156,250.3579559326172,251.0801544189453,5183544
2018-04-16,250.83941650390625,255.0762481689453,250.3579559326172,254.64292907714844,5412918
2018-04-17,255.55770874023438,258.4464416503906,252.9578399658203,257.6761169433594,13716437
2018-04-18,258.7353210449219,268.55706787109375,258.061279296875,265.1387023925781,24733011
2018-04-19,266.96826171875,269.61627197265625,265.04241943359375,267.0645446777344,13317329
2018-04-20,265.7646179199219,268.8940734863281,263.3573303222656,265.9571838378906,11206130
2018-04-23,265.7646179199219,266.92010498046875,264.80169677734375,265.28314208984375,12198602
2018-04-24,265.7646179199219,268.5089111328125,264.46466064453125,265.7646179199219,8774762
2018-04-25,265.28314208984375,266.053466796875,262.58697509765625,263.93505859375,5118640
2018-04-26,264.3683776855469,268.7496337890625,262.8758544921875,267.93115234375,21064135
2018-04-27,269.2311096191406,270.5310363769531,268.0755920410156,269.03851318359375,10107682
2018-04-30,269.2311096191406,273.323486328125,269.2311096191406,271.0124816894531,6146923
2018-05-02,271.6383972167969,277.9936218261719,269.85699462890625,276.597412109375,16690653
2018-05-03,276.838134765625,278.95654296875,272.55316162109375,274.43084716796875,9727173
2018-05-04,276.356689453125,276.356689453125,265.62017822265625,266.8719482421875,11324148
2018-05-07,267.97930908203125,272.8901672363281,266.6312255859375,271.7828369140625,6725168
2018-05-08,272.6494445800781,275.3456115722656,271.5421142578125,272.21612548828125,6842664
2018-05-09,271.0606384277344,273.4679260253906,271.0606384277344,271.8309631347656,4376684
2018-05-10,272.4568786621094,273.4197692871094,267.0163879394531,269.7607116699219,5890656
2018-05-11,271.44580078125,273.4679260253906,269.37554931640625,273.13092041015625,4042002
2018-05-14,272.5050048828125,276.6455383300781,271.5421142578125,274.2382507324219,6728839
2018-05-15,274.2864074707031,275.3937683105469,270.2903137207031,271.3976745605469,8077078
2018-05-16,269.568115234375,278.0899353027344,269.1829528808594,275.24932861328125,18758524
2018-05-17,277.319580078125,277.9936218261719,268.1237487792969,268.6051940917969,11169294
2018-05-18,268.22003173828125,274.96044921875,265.7646179199219,271.8309631347656,16016090
2018-05-21,271.8309631347656,273.4679260253906,268.1719055175781,271.8791198730469,8909610
2018-05-22,271.5421142578125,272.601318359375,267.73858642578125,268.4126281738281,4913188
2018-05-23,268.6533508300781,269.03851318359375,262.8277282714844,263.3091735839844,8195839
2018-05-24,263.8387756347656,266.5349426269531,261.6722106933594,264.6572570800781,6524303
2018-05-25,262.2981262207031,264.80169677734375,258.7834777832031,262.2018127441406,9600297
2018-05-28,263.8387756347656,267.208984375,262.2981262207031,265.090576171875,7266559
2018-05-29,264.6091003417969,267.44970703125,262.34625244140625,263.8869323730469,9171106
2018-05-30,262.3944091796875,263.5498962402344,260.6130065917969,261.816650390625,8313920
2018-05-31,262.10552978515625,262.58697509765625,259.6019592285156,261.575927734375,13721531
2018-06-01,261.094482421875,261.62408447265625,259.1204833984375,259.93896484375,6862252
2018-06-04,260.22784423828125,261.86480712890625,257.579833984375,258.92791748046875,8291604
2018-06-05,259.0242004394531,259.8426818847656,256.95391845703125,257.579833984375,6011246
2018-06-06,258.061279296875,261.094482421875,257.86871337890625,260.3722839355469,7577818
2018-06-07,260.46856689453125,262.2018127441406,260.0834045410156,260.9981689453125,7059595
2018-06-08,261.04632568359375,261.4314880371094,257.0983581542969,257.9649963378906,7030323
2018-06-11,258.5427551269531,261.816650390625,258.2057189941406,259.2649230957031,8903144
2018-06-12,259.3130798339844,264.4165344238281,259.2649230957031,260.22784423828125,8774931
2018-06-13,261.4314880371094,261.7203674316406,257.29095458984375,257.9168395996094,8118945
2018-06-14,256.6169128417969,258.92791748046875,256.1354675292969,257.339111328125,9522749
2018-06-15,257.579833984375,257.820556640625,253.824462890625,254.6910858154297,11231098
2018-06-18,254.64292907714844,255.65399169921875,253.72816467285156,254.73922729492188,6522996
2018-06-19,255.0762481689453,257.2427978515625,252.90968322753906,256.18359375,7618626
2018-06-20,256.5687561035156,257.0983581542969,253.29486083984375,253.96890258789062,9907628
2018-06-21,254.59478759765625,254.97994995117188,250.74313354492188,251.1764373779297,7412366
2018-06-22,250.8875732421875,256.9057922363281,250.3579559326172,255.3169708251953,17468481
2018-06-25,255.3169708251953,255.55770874023438,250.1172332763672,252.86154174804688,14142177
2018-06-26,252.71710205078125,256.2799072265625,252.42823791503906,254.97994995117188,10475574
2018-06-27,255.0762481689453,255.17254638671875,251.80233764648438,253.0059814453125,10423520
2018-06-28,252.28379821777344,254.20962524414062,249.39505004882812,250.83941650390625,15200725
2018-06-29,252.09121704101562,257.6279602050781,250.64683532714844,256.3280334472656,11327082
2018-07-02,257.0983581542969,257.1946716308594,250.40611267089844,253.29486083984375,18794988
2018-07-03,253.72816467285156,256.8576354980469,251.46531677246094,255.60585021972656,10784961
2018-07-04,256.42431640625,256.42431640625,252.47637939453125,254.59478759765625,8184810
2018-07-05,254.78736877441406,263.64617919921875,253.72816467285156,262.3944091796875,16069118
2018-07-06,262.6351318359375,264.56097412109375,260.1315612792969,262.5388488769531,13434995
2018-07-09,264.80169677734375,265.7646179199219,262.10552978515625,264.22393798828125,10158808
2018-07-10,265.28314208984375,267.208984375,262.97216796875,266.7756652832031,11928591
2018-07-11,266.5830993652344,269.9051513671875,263.5980529785156,265.52386474609375,11800272
2018-07-12,265.52386474609375,267.8348693847656,263.16473388671875,266.92010498046875,10284221
2018-07-13,267.6904296875,267.97930908203125,259.216796875,260.3722839355469,19306087
2018-07-16,260.2760009765625,263.16473388671875,259.6982421875,261.52777099609375,10676970
2018-07-17,260.9981689453125,262.8758544921875,259.3130798339844,259.8426818847656,10419746
2018-07-18,261.04632568359375,261.2388916015625,257.6761169433594,258.59088134765625,7321779
2018-07-19,258.92791748046875,264.4165344238281,256.3761901855469,263.16473388671875,9301711
2018-07-20,263.1165771484375,264.6091003417969,260.6130065917969,263.8387756347656,6825663
2018-07-23,269.1347961425781,276.0196533203125,266.8719482421875,273.61236572265625,27059765
2018-07-24,273.94940185546875,276.356689453125,273.03460693359375,275.0567321777344,12577993
2018-07-25,273.7086486816406,276.30853271484375,272.6976013183594,275.5382080078125,13814116
2018-07-26,276.356689453125,280.352783203125,273.6605224609375,276.54925537109375,21495638
2018-07-27,288.87457275390625,295.7594299316406,284.05999755859375,291.33001708984375,78783846
2018-07-30,290.8004150390625,292.341064453125,288.87457275390625,289.8856201171875,17738557
2018-07-31,289.5967712402344,290.17449951171875,284.589599609375,286.6598815917969,15124149
2018-08-01,286.99688720703125,291.7151794433594,285.11920166015625,290.41522216796875,15187911
2018-08-02,289.35601806640625,292.2447814941406,286.2746887207031,288.104248046875,10226827
2018-08-03,288.87457275390625,294.0743103027344,287.0931701660156,292.6781005859375,12950643
2018-08-06,293.68914794921875,295.5186767578125,288.87457275390625,290.6078186035156,7979881
2018-08-07,291.7151794433594,292.9188232421875,288.63385009765625,289.93377685546875,7465742
2018-08-08,289.11529541015625,291.1855773925781,288.87457275390625,289.7893371582031,6690368
2018-08-09,290.5596618652344,293.3039855957031,288.9227294921875,291.2818603515625,9576528
2018-08-10,290.8004150390625,295.5186767578125,289.98193359375,293.4965515136719,15347074
2018-08-13,292.7262268066406,296.38531494140625,291.9077453613281,294.6039123535156,10341087
2018-08-14,295.614990234375,298.6963195800781,295.4705505371094,296.4815979003906,12790249
2018-08-16,296.4815979003906,297.0593566894531,293.7854309082031,296.04827880859375,19393491
2018-08-17,296.38531494140625,303.607177734375,296.38531494140625,302.1146545410156,26392504
2018-08-20,302.5479736328125,303.31829833984375,299.7555236816406,301.68133544921875,19958265
2018-08-21,302.83685302734375,305.244140625,300.4295654296875,301.2961730957031,14143291
2018-08-23,302.3553771972656,304.6663818359375,295.9519958496094,300.4295654296875,11745180
2018-08-24,299.4666442871094,300.4295654296875,295.614990234375,298.8888854980469,5655583
2018-08-27,299.6592102050781,303.1738586425781,298.98516845703125,301.77764892578125,5482067
2018-08-28,302.3553771972656,304.088623046875,299.4666442871094,300.092529296875,6864300
2018-08-29,300.14068603515625,303.7516174316406,298.50372314453125,301.19989013671875,10748094
2018-08-30,301.8739318847656,308.71063232421875,301.8739318847656,307.9884338378906,25934792
2018-08-31,310.0587158203125,310.6364440917969,305.43670654296875,307.9884338378906,18781195
2018-09-03,310.9734802246094,310.9734802246094,299.5148010253906,301.5850524902344,9463966
2018-09-04,300.4295654296875,300.62213134765625,295.614990234375,298.1185607910156,11615187
2018-09-05,298.8888854980469,302.7886962890625,297.7815246582031,298.74444580078125,10529696
2018-09-06,299.851806640625,300.1888122558594,296.62603759765625,299.2740478515625,7902786
2018-09-07,300.0444030761719,301.5850524902344,296.6741943359375,298.9370422363281,7465327
2018-09-10,298.6963195800781,299.2259216308594,294.21875,295.1816711425781,10006954
2018-09-11,295.2779541015625,295.3742370605469,284.589599609375,286.17840576171875,27008217
2018-09-12,286.7080078125,296.1927185058594,284.4451599121094,295.4223937988281,20171661
2018-09-14,295.614990234375,297.20379638671875,293.7373046875,295.7594299316406,13317349
2018-09-17,293.68914794921875,294.74835205078125,290.3189392089844,290.8004150390625,6049990
2018-09-18,290.99298095703125,293.5928649902344,288.2005310058594,292.0040588378906,8515415
2018-09-19,293.20770263671875,294.3150329589844,286.94873046875,288.5375671386719,6387203
2018-09-21,289.2597351074219,295.2298278808594,289.2597351074219,292.6781005859375,16966413
2018-09-24,293.68914794921875,294.98907470703125,281.6527099609375,286.9006042480469,15009283
2018-09-25,285.8895263671875,291.1374206542969,281.5082702636719,289.98193359375,13785151
2018-09-26,291.7633056640625,291.7633056640625,279.00469970703125,282.2785949707031,20657879
2018-09-27,282.6156311035156,284.1562805175781,278.76397705078125,282.42303466796875,12550275
2018-09-28,284.05999755859375,288.87457275390625,280.9786682128906,286.7080078125,25554548
2018-10-01,289.69305419921875,291.7151794433594,282.5193176269531,286.0821228027344,9373133
2018-10-03,285.98583984375,288.87457275390625,283.72296142578125,284.2525939941406,7861709
2018-10-04,282.95263671875,284.7340393066406,274.5752868652344,276.4529724121094,8417940
2018-10-05,274.91229248046875,275.3937683105469,264.8979797363281,266.2460632324219,18301682
2018-10-08,268.6533508300781,269.03851318359375,259.16864013671875,263.0684509277344,17063274
2018-10-09,265.28314208984375,265.28314208984375,257.820556640625,258.5427551269531,10946626
2018-10-10,259.8908386230469,261.094482421875,257.29095458984375,260.0834045410156,11921765
2018-10-11,255.17254638671875,259.3130798339844,253.8726043701172,255.36512756347656,11018554
2018-10-12,257.579833984375,267.3534240722656,257.3872375488281,264.9942626953125,13942941
2018-10-15,268.6051940917969,273.082763671875,265.7646179199219,272.0235595703125,18623988
2018-10-16,272.5050048828125,273.2272033691406,266.10162353515625,272.1679992675781,12325066
2018-10-17,273.37164306640625,280.834228515625,271.1087951660156,275.8270568847656,15896854
2018-10-19,274.43084716796875,280.7379455566406,274.19012451171875,278.7158203125,8341467
2018-10-22,281.1712646484375,282.23046875,276.6455383300781,277.8010559082031,12965700
2018-10-23,275.3937683105469,280.4009094238281,273.03460693359375,275.3937683105469,11261603
2018-10-24,277.9936218261719,278.90838623046875,275.73077392578125,277.078857421875,9024700
2018-10-25,275.3937683105469,278.76397705078125,273.94940185546875,276.88629150390625,9953333
2018-10-26,278.95654296875,279.0528259277344,265.7646179199219,270.4828796386719,22302628
2018-10-29,271.44580078125,274.67156982421875,268.6051940917969,272.9864807128906,11779416
2018-10-30,272.7457580566406,273.323486328125,267.6904296875,268.6051940917969,7110853
2018-10-31,269.1829528808594,270.5791931152344,262.7314147949219,269.7125549316406,14021856
2018-11-01,269.61627197265625,271.3495178222656,264.6091003417969,267.1127014160156,9816770
2018-11-02,267.97930908203125,275.3456115722656,267.97930908203125,272.7457580566406,12093152
2018-11-05,274.67156982421875,274.67156982421875,268.0755920410156,269.2311096191406,7665505
2018-11-06,270.67547607421875,271.3976745605469,265.86090087890625,267.0163879394531,10142476
2018-11-07,270.5791931152344,270.5791931152344,268.4607849121094,269.6644287109375,994001
2018-11-09,268.6533508300781,269.327392578125,265.6683044433594,266.96826171875,15613827
2018-11-12,267.49786376953125,267.8830261230469,263.1165771484375,263.6943359375,7318920
2018-11-13,263.7906188964844,267.5941467285156,263.0202941894531,266.5830993652344,6958821
2018-11-14,267.7867431640625,268.0755920410156,264.46466064453125,266.1979064941406,7182329
2018-11-15,266.5830993652344,268.8940734863281,263.3573303222656,264.3202209472656,12621945
2018-11-16,265.572021484375,267.97930908203125,265.04241943359375,266.2942199707031,13122152
2018-11-19,267.0645446777344,274.43084716796875,266.2460632324219,273.94940185546875,17364041
2018-11-20,274.43084716796875,276.0196533203125,271.3495178222656,273.323486328125,8096904
2018-11-21,273.94940185546875,274.2382507324219,269.61627197265625,271.3013610839844,5867663
2018-11-22,271.5421142578125,273.94940185546875,269.2311096191406,270.09771728515625,6937634
2018-11-26,270.8199157714844,275.73077392578125,270.2903137207031,275.0567321777344,9292657
2018-11-27,275.49005126953125,275.8270568847656,272.31243896484375,274.2864074707031,7146777
2018-11-28,274.8160095214844,277.2714538574219,270.3865966796875,271.73468017578125,9197861
2018-11-29,273.13092041015625,278.5713806152344,272.9383239746094,276.88629150390625,14183469
2018-11-30,278.76397705078125,279.24542236328125,274.2382507324219,275.201171875,8972623
2018-12-03,276.597412109375,278.76397705078125,272.07171630859375,272.4568786621094,8895477
2018-12-04,270.5791931152344,272.79388427734375,270.5310363769531,271.3976745605469,6548740
2018-12-05,270.5791931152344,271.3495178222656,264.0313720703125,265.1387023925781,11894383
2018-12-06,264.3202209472656,264.7054138183594,261.4314880371094,262.92401123046875,10055005
2018-12-07,264.7535400390625,265.9571838378906,263.16473388671875,263.8869323730469,8415885
2018-12-10,261.9129333496094,262.2018127441406,259.16864013671875,260.4204406738281,6940479
2018-12-11,258.4464416503906,265.812744140625,258.2538757324219,264.5128173828125,10633126
2018-12-12,265.4757385253906,267.40155029296875,262.4906921386719,265.812744140625,10473073
2018-12-13,268.6533508300781,269.03851318359375,263.3573303222656,265.090576171875,16430755
2018-12-14,264.1758117675781,266.96826171875,263.74249267578125,265.52386474609375,8925774
2018-12-17,266.7275085449219,270.96435546875,265.6683044433594,269.4718322753906,12703296
2018-12-18,268.7015075683594,270.19403076171875,266.7275085449219,267.8348693847656,9172963
2018-12-19,268.6533508300781,273.4679260253906,268.1719055175781,272.9383239746094,13639278
2018-12-20,270.5791931152344,273.85308837890625,270.5791931152344,272.1679992675781,5155693
2018-12-21,272.5050048828125,273.4679260253906,265.812744140625,266.4867858886719,7079146
2018-12-24,268.5089111328125,270.2903137207031,265.04241943359375,265.7646179199219,8869498
2018-12-26,266.10162353515625,268.4607849121094,264.6091003417969,266.3905029296875,8821251
2018-12-27,268.6533508300781,271.205078125,267.0163879394531,270.33843994140625,11881735
2018-12-28,268.79779052734375,273.4679260253906,268.79779052734375,271.7828369140625,13702437
2018-12-31,272.31243896484375,273.323486328125,270.67547607421875,271.205078125,5662393
2019-01-01,271.73468017578125,273.03460693359375,269.4236755371094,272.21612548828125,2586466
2019-01-02,271.7828369140625,272.7457580566406,267.25714111328125,270.19403076171875,10316782
2019-01-03,270.19403076171875,271.97540283203125,267.44970703125,268.5089111328125,6350450
2019-01-04,268.79779052734375,272.4568786621094,268.79779052734375,270.5310363769531,8105747
2019-01-07,273.7568054199219,274.67156982421875,270.5791931152344,271.205078125,10133320
2019-01-08,271.5421142578125,274.91229248046875,270.91619873046875,273.7086486816406,7768619
2019-01-09,275.00860595703125,280.88238525390625,274.0456848144531,279.6305847167969,12651287
2019-01-10,279.9676208496094,282.8081970214844,278.18621826171875,278.8602600097656,10684824
2019-01-11,281.074951171875,285.0229187011719,280.6897888183594,284.3970031738281,17419014
2019-01-14,283.57855224609375,283.8674011230469,279.24542236328125,283.3859558105469,6646635
2019-01-15,284.30072021484375,286.3710021972656,283.0970764160156,285.5525207519531,7490965
2019-01-16,285.0229187011719,285.5525207519531,280.88238525390625,283.1452331542969,8083821
2019-01-17,283.193359375,284.63775634765625,279.3898620605469,283.0489501953125,11009380
2019-01-18,282.3749084472656,284.1562805175781,279.8713073730469,280.64166259765625,11418250
2019-01-21,281.9897155761719,282.3267517089844,277.9936218261719,279.1491394042969,8519267
2019-01-22,279.1009826660156,280.2083435058594,274.5752868652344,279.00469970703125,10727385
2019-01-23,280.6897888183594,283.48223876953125,264.80169677734375,267.0163879394531,41735950
2019-01-24,268.9422302246094,272.842041015625,267.5459899902344,268.55706787109375,29105831
2019-01-25,269.61627197265625,272.21612548828125,268.1719055175781,268.845947265625,9240591
2019-01-28,268.55706787109375,269.086669921875,264.0313720703125,264.56097412109375,9338450
2019-01-29,265.090576171875,268.6533508300781,264.56097412109375,268.1237487792969,7267917
2019-01-30,269.7125549316406,269.808837890625,264.0313720703125,265.28314208984375,10852162
2019-01-31,266.2460632324219,269.2311096191406,263.45361328125,268.31634521484375,15937442
2019-02-01,270.2421569824219,274.6234130859375,268.7496337890625,270.43475341796875,19060690
2019-02-04,271.44580078125,271.44580078125,265.812744140625,266.8238220214844,6289877
2019-02-05,267.0645446777344,267.49786376953125,262.3944091796875,263.98321533203125,10205529
2019-02-06,264.80169677734375,268.0755920410156,264.3683776855469,267.40155029296875,8409442
2019-02-07,267.5941467285156,270.5791931152344,266.7275085449219,269.9051513671875,6177040
2019-02-08,269.1347961425781,270.7717590332031,264.4165344238281,265.28314208984375,4575570
2019-02-11,265.572021484375,267.8830261230469,258.4945983886719,266.8238220214844,10335615
2019-02-12,266.7756652832031,270.09771728515625,264.4165344238281,265.090576171875,7624089
2019-02-14,266.7275085449219,269.808837890625,266.7275085449219,267.5941467285156,10378675
2019-02-15,268.6533508300781,270.5310363769531,265.1868591308594,269.7125549316406,38998388
2019-02-18,268.4607849121094,271.97540283203125,263.74249267578125,264.5128173828125,42232590
2019-02-19,263.8387756347656,268.845947265625,263.8387756347656,265.6683044433594,35777932
2019-02-20,266.96826171875,267.208984375,264.0794982910156,265.62017822265625,6208106
2019-02-21,265.6683044433594,266.4867858886719,264.0313720703125,264.8498229980469,7264425
2019-02-22,265.37945556640625,265.7164611816406,262.97216796875,264.1276550292969,9100951
2019-02-25,264.3202209472656,266.8719482421875,262.8758544921875,266.43865966796875,31204722
2019-02-26,264.7535400390625,266.7275085449219,263.8869323730469,265.28314208984375,12233273
2019-02-27,265.7646179199219,268.55706787109375,263.74249267578125,264.8979797363281,13634026
2019-02-28,267.0163879394531,267.0163879394531,264.0794982910156,265.812744140625,44873000
2019-03-01,266.1979064941406,268.6533508300781,266.0053405761719,267.8830261230469,9170950
2019-03-05,269.61627197265625,273.4679260253906,265.812744140625,272.07171630859375,14103324
2019-03-06,274.43084716796875,278.47509765625,274.19012451171875,275.1530456542969,20817638
2019-03-07,276.06781005859375,280.2083435058594,275.24932861328125,279.3417053222656,14837761
2019-03-08,279.5343017578125,282.1341552734375,277.7047424316406,281.1712646484375,13169854
2019-03-11,282.1341552734375,283.9637145996094,280.30462646484375,282.0860290527344,15287916
2019-03-12,283.0970764160156,284.6858825683594,282.2785949707031,283.57855224609375,14686757
2019-03-13,284.05999755859375,285.98583984375,283.24151611328125,283.9637145996094,11496644
2019-03-14,284.4451599121094,285.0229187011719,279.6787414550781,284.54144287109375,10503481
2019-03-15,284.9747619628906,285.5525207519531,278.6195373535156,280.0157470703125,22219476
2019-03-18,281.1712646484375,283.2896728515625,280.4972229003906,282.66375732421875,9519926
2019-03-19,283.6748352050781,288.87457275390625,282.47119140625,288.344970703125,16363247
2019-03-20,288.87457275390625,290.75225830078125,285.60064697265625,287.81536865234375,16221492
2019-03-22,288.87457275390625,288.87457275390625,285.5525207519531,287.1413269042969,8378083
2019-03-25,285.98583984375,285.98583984375,282.3267517089844,284.108154296875,8324586
2019-03-26,284.05999755859375,285.35992431640625,280.2564697265625,282.5193176269531,11178168
2019-03-27,283.0970764160156,285.69696044921875,280.78607177734375,282.23046875,8757278
2019-03-28,283.193359375,290.8004150390625,282.1341552734375,288.87457275390625,18436077
2019-04-01,285.98583984375,288.104248046875,285.5525207519531,286.2265625,6442182
2019-04-02,286.3710021972656,288.87457275390625,283.72296142578125,286.8524475097656,10228747
2019-04-03,286.94873046875,287.9116516113281,284.2044372558594,285.1673583984375,9413878
2019-04-04,285.0229187011719,286.2746887207031,282.8563537597656,283.8674011230469,7233298
2019-04-05,284.108154296875,285.4080810546875,281.7971496582031,283.6266784667969,8107661
2019-04-08,283.72296142578125,284.05999755859375,280.88238525390625,281.8934326171875,5492542
2019-04-09,281.6527099609375,285.69696044921875,281.4119873046875,285.3117980957031,6413515
2019-04-10,285.071044921875,285.5525207519531,282.6156311035156,283.7711181640625,5540095
2019-04-11,283.6266784667969,286.41912841796875,282.1341552734375,285.4080810546875,11179559
2019-04-12,285.6488037109375,296.0001525878906,284.63775634765625,294.4113464355469,22658578
2019-04-15,296.4815979003906,298.50372314453125,293.0632629394531,294.17059326171875,13098155
2019-04-16,295.4223937988281,298.45556640625,294.7965087890625,295.80755615234375,10121522
2019-04-18,296.8186340332031,296.8186340332031,292.29290771484375,293.11138916015625,9178504
2019-04-22,292.581787109375,294.17059326171875,289.8856201171875,290.6078186035156,6929432
2019-04-23,290.9448547363281,293.4965515136719,290.3670959472656,292.14849853515625,7784732
2019-04-24,292.14849853515625,295.80755615234375,287.4302062988281,295.08538818359375,11888770
2019-04-25,295.855712890625,298.3111572265625,290.8004150390625,292.87066650390625,24135743
2019-04-26,293.3039855957031,295.0372314453125,291.33001708984375,293.2558288574219,4834044
2019-04-30,293.2558288574219,296.14459228515625,288.39312744140625,290.17449951171875,11593138
2019-05-02,289.93377685546875,295.1335144042969,289.45233154296875,293.68914794921875,7781859
2019-05-03,292.9669494628906,296.04827880859375,292.05218505859375,292.9669494628906,6112578
2019-05-06,292.7262268066406,296.096435546875,289.5967712402344,295.614990234375,6997113
2019-05-07,296.8186340332031,298.02227783203125,289.69305419921875,290.7041015625,8989234
2019-05-08,288.87457275390625,292.14849853515625,287.57464599609375,289.5004577636719,8179360
2019-05-09,288.29681396484375,290.1263732910156,285.35992431640625,288.7301330566406,10617358
2019-05-10,288.87457275390625,289.3078918457031,285.8895263671875,286.7080078125,7170576
2019-05-13,284.1562805175781,292.2447814941406,277.0307312011719,278.5713806152344,37262425
2019-05-14,280.2083435058594,287.1894836425781,278.1380615234375,283.4341125488281,21959611
2019-05-15,286.51544189453125,288.2005310058594,281.1712646484375,286.0339660644531,18583184
2019-05-16,285.98583984375,285.98583984375,282.3749084472656,283.81927490234375,7637614
2019-05-17,284.1562805175781,291.1374206542969,284.1562805175781,290.22265625,11626049
2019-05-20,295.4705505371094,296.14459228515625,290.8966979980469,295.614990234375,11437612
2019-05-21,295.614990234375,298.50372314453125,293.97802734375,294.5557861328125,10923996
2019-05-22,290.9448547363281,291.57073974609375,285.7932434082031,288.63385009765625,14266773
2019-05-23,293.68914794921875,294.26690673828125,276.356689453125,277.5121765136719,32589058
2019-05-24,280.6897888183594,280.834228515625,276.6455383300781,279.6787414550781,11298665
2019-05-27,280.4490661621094,282.66375732421875,278.3306579589844,280.06390380859375,9371741
2019-05-28,280.9786682128906,281.1712646484375,277.4158935546875,278.18621826171875,16199349
2019-05-29,278.0899353027344,280.88238525390625,276.9344177246094,277.4158935546875,7534947
2019-05-30,278.2825012207031,280.2564697265625,277.60845947265625,277.94549560546875,8989691
2019-05-31,278.6195373535156,280.6897888183594,267.16082763671875,268.22003173828125,27294002
2019-06-03,270.96435546875,271.0606384277344,265.090576171875,268.22003173828125,20323304
2019-06-04,268.8940734863281,271.6865234375,268.4607849121094,268.8940734863281,14384170
2019-06-06,270.0014343261719,270.0014343261719,265.090576171875,265.52386474609375,11071548
2019-06-07,266.5349426269531,266.5349426269531,264.0313720703125,265.04241943359375,7995725
2019-06-10,267.97930908203125,270.1458740234375,266.6312255859375,269.03851318359375,8947150
2019-06-11,270.4828796386719,270.96435546875,268.845947265625,269.4718322753906,8787243
2019-06-12,270.96435546875,270.96435546875,267.93115234375,269.568115234375,8565517
2019-06-13,268.55706787109375,270.91619873046875,268.22003173828125,270.19403076171875,7475823
2019-06-14,270.09771728515625,270.09771728515625,266.8719482421875,267.73858642578125,8212601
2019-06-17,268.5089111328125,268.5089111328125,264.2720947265625,264.80169677734375,10398919
2019-06-18,265.9090576171875,267.5459899902344,263.8387756347656,264.8979797363281,14378973
2019-06-19,265.4757385253906,268.55706787109375,265.37945556640625,266.92010498046875,9394923
2019-06-20,266.7275085449219,267.6423034667969,265.1387023925781,266.7275085449219,10973042
2019-06-21,266.3905029296875,266.3905029296875,263.1165771484375,264.0794982910156,19311989
2019-06-24,264.0794982910156,267.208984375,264.0794982910156,266.0053405761719,9279182
2019-06-25,264.8498229980469,269.61627197265625,264.0794982910156,268.1719055175781,12856683
2019-06-26,268.1237487792969,268.3644714355469,266.10162353515625,267.1127014160156,7707084
2019-06-27,267.6423034667969,267.8830261230469,262.68328857421875,263.3573303222656,24205884
2019-06-28,263.93505859375,265.2350158691406,262.3944091796875,263.6943359375,8775151
2019-07-01,264.22393798828125,266.0053405761719,263.98321533203125,264.7535400390625,5236646
2019-07-02,265.1387023925781,265.4275817871094,263.0684509277344,263.6943359375,10360661
2019-07-03,264.1276550292969,267.25714111328125,262.057373046875,266.43865966796875,18818695
2019-07-04,267.16082763671875,267.93115234375,264.9942626953125,267.3534240722656,10071080
2019-07-05,267.3534240722656,271.3976745605469,258.061279296875,269.086669921875,38474130
2019-07-08,269.7607116699219,272.4087219238281,265.572021484375,267.16082763671875,12637923
2019-07-09,266.67938232421875,267.25714111328125,262.057373046875,262.97216796875,8003290
2019-07-10,263.40545654296875,265.04241943359375,260.70928955078125,263.0202941894531,8477115
2019-07-11,263.8387756347656,266.6312255859375,263.45361328125,265.4275817871094,8727346
2019-07-12,265.1868591308594,266.1979064941406,262.97216796875,264.8498229980469,10872126
2019-07-15,264.80169677734375,265.37945556640625,260.5167236328125,260.9018859863281,8865479
2019-07-16,260.9500427246094,262.6351318359375,260.5648498535156,261.86480712890625,6602372
2019-07-17,262.34625244140625,263.0202941894531,260.6611633300781,262.7795715332031,6536611
2019-07-18,262.8277282714844,264.8979797363281,262.2018127441406,262.8758544921875,9447100
2019-07-19,263.93505859375,264.0794982910156,258.061279296875,258.35015869140625,8294444
2019-07-22,258.061279296875,258.2538757324219,254.20962524414062,254.59478759765625,14037538
2019-07-23,255.65399169921875,261.62408447265625,255.17254638671875,260.6130065917969,14951457
2019-07-24,260.2760009765625,263.212890625,257.9649963378906,260.80560302734375,12537555
2019-07-25,260.9500427246094,262.3944091796875,257.0020751953125,257.9168395996094,18350433
2019-07-26,258.7834777832031,260.9500427246094,257.0020751953125,260.3722839355469,4972441
2019-07-29,259.98712158203125,261.094482421875,256.6169128417969,257.820556640625,5738104
2019-07-30,258.061279296875,260.0834045410156,256.6650695800781,258.92791748046875,13743007
2019-07-31,258.6390380859375,261.04632568359375,256.1354675292969,260.1796875,14175457
2019-08-01,260.4204406738281,260.6611633300781,256.6169128417969,257.6279602050781,6153824
2019-08-02,257.29095458984375,257.29095458984375,253.34300231933594,254.6910858154297,9233326
2019-08-05,254.59478759765625,254.6910858154297,248.09510803222656,250.16537475585938,12001827
2019-08-06,249.15431213378906,251.80233764648438,248.57656860351562,249.2987518310547,9770895
2019-08-07,249.4431915283203,249.73207092285156,243.71385192871094,244.2434539794922,8816780
2019-08-08,245.5433807373047,249.10617065429688,243.6175537109375,248.19140625,6616227
2019-08-09,249.2506103515625,249.2506103515625,244.09901428222656,244.77305603027344,10309668
2019-08-13,244.3878936767578,244.58047485351562,234.95132446289062,237.16603088378906,21801393
2019-08-14,237.16603088378906,244.1953125,234.9994659423828,239.52516174316406,14340858
2019-08-16,239.52516174316406,244.00271606445312,238.22523498535156,243.6175537109375,10735480
2019-08-19,244.09901428222656,247.75808715820312,241.64358520507812,242.22132873535156,13006987
2019-08-20,242.26947021484375,242.6064910888672,236.34754943847656,237.35861206054688,15577976
2019-08-21,237.5511932373047,237.7437744140625,231.9181365966797,232.49588012695312,15303762
2019-08-22,233.21807861328125,236.8771514892578,230.13674926757812,231.14779663085938,10917955
2019-08-23,230.13674926757812,230.57005310058594,225.94805908203125,227.3442840576172,17073495
2019-08-26,231.77369689941406,234.42172241210938,226.2369384765625,233.50694274902344,13352257
2019-08-27,234.90316772460938,237.16603088378906,233.69952392578125,236.39569091796875,15089362
2019-08-28,237.02159118652344,238.46595764160156,234.08470153808594,236.82901000976562,9237042
2019-08-29,234.90316772460938,236.34754943847656,231.2440948486328,232.25515747070312,11532941
2019-08-30,233.7476806640625,238.03265380859375,230.1848907470703,236.54013061523438,12225631
2019-09-03,235.38462829589844,235.38462829589844,231.72555541992188,232.59217834472656,9913882
2019-09-04,232.64031982421875,235.48092651367188,232.3514404296875,234.2291259765625,7303230
2019-09-05,233.02548217773438,237.7437744140625,233.02548217773438,235.19204711914062,8777107
2019-09-06,235.2401885986328,236.7327117919922,234.2291259765625,234.8550262451172,9039911
2019-09-09,235.57720947265625,237.35861206054688,234.1809844970703,236.39569091796875,9435127
2019-09-11,235.52906799316406,236.34754943847656,233.9884033203125,234.71058654785156,9314093
2019-09-12,235.2401885986328,235.9142303466797,231.0996551513672,231.82183837890625,8395088
2019-09-13,232.0625762939453,233.45880126953125,229.75157165527344,231.0033721923828,14572355
2019-09-16,230.61819458007812,231.9181365966797,229.46270751953125,230.52191162109375,7357494
2019-09-17,230.90707397460938,231.19595336914062,228.01832580566406,228.40350341796875,11083300
2019-09-18,228.88494873046875,233.31436157226562,225.3703155517578,230.37747192382812,20724917
2019-09-19,231.051513671875,231.051513671875,227.3442840576172,227.9220428466797,8810026
2019-09-20,228.21090698242188,239.28443908691406,225.6110382080078,229.2219696044922,66016326
2019-09-23,240.7288055419922,250.83941650390625,240.6325225830078,245.39895629882812,54044544
2019-09-24,245.5433807373047,248.43212890625,244.3878936767578,246.5063018798828,17828419
2019-09-25,245.63967895507812,246.7470245361328,233.69952392578125,238.3696746826172,21390350
2019-09-26,238.12893676757812,242.07688903808594,237.1178741455078,241.11398315429688,18534981
2019-09-27,240.7288055419922,248.43212890625,240.7288055419922,243.5694122314453,18211017
2019-09-30,245.3026580810547,251.1282958984375,240.15106201171875,250.21353149414062,21381205
2019-10-01,249.4913330078125,252.71710205078125,245.5433807373047,246.41000366210938,16035574
2019-10-03,248.1432647705078,252.42823791503906,246.554443359375,251.94677734375,12832216
2019-10-04,253.2467041015625,254.1133270263672,245.73597717285156,247.70994567871094,18781574
2019-10-07,247.95066833496094,248.43212890625,241.40284729003906,242.558349609375,22082491
2019-10-09,241.98060607910156,242.84722900390625,237.16603088378906,237.9363555908203,22332047
2019-10-10,237.84005737304688,238.46595764160156,233.65138244628906,234.1809844970703,25230638
2019-10-11,234.1809844970703,237.06973266601562,232.1588592529297,234.90316772460938,26037798
2019-10-14,236.34754943847656,237.26231384277344,233.9884033203125,235.047607421875,15280471
2019-10-15,235.96238708496094,239.95848083496094,235.96238708496094,238.41781616210938,10373904
2019-10-16,238.22523498535156,238.41781616210938,233.169921875,234.6143035888672,16681940
2019-10-17,234.95132446289062,237.5511932373047,234.806884765625,236.7327117919922,14175284
2019-10-18,236.8771514892578,238.6103973388672,236.01052856445312,237.35861206054688,13327812
2019-10-22,235.9142303466797,241.78802490234375,235.8660888671875,239.6696014404297,18979485
2019-10-23,241.11398315429688,242.6064910888672,239.8140411376953,241.7398681640625,13325639
2019-10-24,243.23239135742188,244.58047485351562,238.7548370361328,239.8140411376953,17438024
2019-10-25,247.3729248046875,247.66180419921875,237.84005737304688,238.51409912109375,33846376
2019-10-27,240.6806640625,241.78802490234375,240.43994140625,241.11398315429688,3252338
2019-10-29,241.64358520507812,245.63967895507812,240.29550170898438,243.85829162597656,12397313
2019-10-30,246.5063018798828,254.20962524414062,244.8693389892578,249.78021240234375,35611812
2019-10-31,250.3579559326172,253.10226440429688,246.69888305664062,248.09510803222656,17296427
2019-11-01,249.73207092285156,253.2467041015625,249.15431213378906,251.60975646972656,13055757
2019-11-04,253.1985626220703,255.1243896484375,250.40611267089844,251.0801544189453,8199342
2019-11-05,251.3208770751953,254.20962524414062,249.0098876953125,253.15042114257812,10674212
2019-11-06,253.1985626220703,254.0170440673828,250.3579559326172,251.65789794921875,9198544
2019-11-07,253.15042114257812,256.42431640625,252.28379821777344,255.9910125732422,15351749
2019-11-08,255.02810668945312,255.60585021972656,250.3579559326172,250.83941650390625,12357632
2019-11-11,250.9357147216797,252.62081909179688,249.2024688720703,249.82835388183594,7524183
2019-11-13,249.2987518310547,249.63577270507812,243.76199340820312,244.43603515625,10664859
2019-11-14,244.6767578125,246.41000366210938,243.85829162597656,244.4841766357422,9222757
2019-11-15,244.82119750976562,246.2655792236328,240.7288055419922,241.35470581054688,17386229
2019-11-18,242.12503051757812,242.89537048339844,239.52516174316406,241.4510040283203,8167820
2019-11-19,242.41390991210938,242.46205139160156,239.5733184814453,240.0547637939453,12621028
2019-11-20,240.0547637939453,241.98060607910156,237.5511932373047,241.40284729003906,10362358
2019-11-21,242.07688903808594,242.07688903808594,235.96238708496094,236.58827209472656,10793493
2019-11-22,237.9844970703125,243.28053283691406,237.5030517578125,238.46595764160156,17000856
2019-11-25,238.562255859375,239.18814086914062,237.1178741455078,238.562255859375,10994413
2019-11-26,239.4288787841797,241.11398315429688,238.51409912109375,239.91033935546875,20539741
2019-11-27,240.4880828857422,240.77696228027344,237.45489501953125,237.7919158935547,9182137
2019-11-28,238.12893676757812,238.7548370361328,236.54013061523438,237.5511932373047,11416080
2019-11-29,237.59933471679688,238.22523498535156,235.9142303466797,237.26231384277344,10185713
2019-12-02,236.8771514892578,237.7437744140625,235.48092651367188,235.8660888671875,10356741
2019-12-03,235.8660888671875,236.6845703125,233.65138244628906,234.9994659423828,8442322
2019-12-04,234.46986389160156,234.9994659423828,233.02548217773438,234.13284301757812,12406762
2019-12-05,234.13284301757812,238.32151794433594,234.08470153808594,237.7919158935547,11699738
2019-12-06,237.84005737304688,237.9844970703125,233.50694274902344,234.32542419433594,10773814
2019-12-09,233.9884033203125,234.27728271484375,232.0625762939453,232.49588012695312,6981671
2019-12-10,232.64031982421875,232.7366180419922,226.2850799560547,226.86282348632812,15972570
2019-12-11,226.86282348632812,229.94415283203125,226.86282348632812,228.78866577148438,14331297
2019-12-12,229.2219696044922,231.292236328125,228.78866577148438,229.70343017578125,10704007
2019-12-13,231.0996551513672,233.50694274902344,230.32933044433594,232.64031982421875,8521473
2019-12-16,233.9884033203125,234.37356567382812,227.58502197265625,228.1146240234375,12476974
2019-12-17,228.69236755371094,232.7366180419922,228.69236755371094,232.1107177734375,16534369
2019-12-18,231.6774139404297,238.1770782470703,230.8589324951172,236.0586700439453,17794641
2019-12-19,236.92529296875,238.70669555664062,234.2291259765625,235.28834533691406,9699414
2019-12-20,235.28834533691406,236.01052856445312,231.2440948486328,232.20701599121094,14495913
2019-12-23,233.02548217773438,233.7958221435547,229.7997283935547,230.0404510498047,19817033
2019-12-24,230.13674926757812,231.292236328125,229.3664093017578,229.89601135253906,8200254
2019-12-26,230.0404510498047,230.52191162109375,227.58502197265625,228.01832580566406,15017235
2019-12-27,228.69236755371094,229.60714721679688,227.68130493164062,228.1146240234375,9048085
2019-12-30,229.173828125,231.96627807617188,228.69236755371094,229.3664093017578,13680470
2019-12-31,229.70343017578125,230.08859252929688,228.59608459472656,228.88494873046875,7417112
2020-01-01,229.75157165527344,229.75157165527344,228.3072052001953,229.27012634277344,4370931
2020-01-02,229.3664093017578,232.01443481445312,229.27012634277344,230.95521545410156,8726602
2020-01-03,232.0625762939453,232.0625762939453,229.173828125,229.65528869628906,9642051
2020-01-06,228.69236755371094,229.46270751953125,226.2850799560547,226.38137817382812,7930726
2020-01-07,227.296142578125,229.07752990722656,225.89991760253906,226.62210083007812,8740894
2020-01-08,225.32217407226562,227.055419921875,224.5999755859375,225.51475524902344,7314466
2020-01-09,226.86282348632812,227.82574462890625,226.33322143554688,227.055419921875,9816703
2020-01-10,228.78866577148438,229.89601135253906,228.01832580566406,229.173828125,10357864
2020-01-13,229.65528869628906,231.58111572265625,229.41455078125,230.37747192382812,12715178
2020-01-14,231.34039306640625,234.7587432861328,229.46270751953125,234.2291259765625,12299570
2020-01-15,233.5550994873047,233.9884033203125,232.1588592529297,233.41065979003906,5687654
2020-01-16,233.50694274902344,234.8550262451172,231.19595336914062,231.82183837890625,9730522
2020-01-17,231.82183837890625,233.1217803955078,230.52191162109375,231.051513671875,7677106
2020-01-20,231.14779663085938,234.2291259765625,231.14779663085938,232.92919921875,8329721
2020-01-21,232.49588012695312,232.49588012695312,229.173828125,229.60714721679688,9939680
2020-01-22,230.71449279785156,230.71449279785156,228.3072052001953,229.2219696044922,7949731
2020-01-23,229.27012634277344,229.89601135253906,228.1146240234375,229.07752990722656,6356150
2020-01-24,228.59608459472656,230.2330322265625,228.21090698242188,229.31826782226562,7063834
2020-01-27,228.21090698242188,228.59608459472656,225.6110382080078,225.89991760253906,7100949
2020-01-28,226.0443572998047,227.15170288085938,221.95196533203125,222.19268798828125,15144538
2020-01-29,222.91488647460938,228.83680725097656,222.57786560058594,227.87388610839844,21258057
2020-01-30,228.1627655029297,228.21090698242188,224.3592529296875,225.3703155517578,10794458
2020-01-31,227.00726318359375,229.55899047851562,225.3703155517578,226.4295196533203,19166671
2020-02-03,207.0267791748047,208.8563232421875,197.3976287841797,199.9011993408203,82836335
2020-02-04,202.98252868652344,209.5303497314453,201.3937225341797,207.65267944335938,37145337
2020-02-05,208.278564453125,209.43406677246094,203.6565704345703,208.42300415039062,22072147
2020-02-06,209.91552734375,211.74505615234375,203.94544982910156,205.63055419921875,28443398
2020-02-07,205.87127685546875,207.70082092285156,204.86021423339844,205.48611450195312,17793265
2020-02-10,206.06385803222656,206.1120147705078,202.26034545898438,202.74180603027344,9987781
2020-02-11,208.4711456298828,208.9044647216797,203.94544982910156,204.7157745361328,30951617
2020-02-12,205.48611450195312,206.83419799804688,203.94544982910156,205.1490936279297,10310789
2020-02-13,205.1490936279297,205.5342559814453,203.36770629882812,204.04173278808594,9505645
2020-02-14,204.37875366210938,205.00465393066406,199.13087463378906,199.99749755859375,14260540
2020-02-17,200.286376953125,200.91226196289062,196.43470764160156,197.20504760742188,16161290
2020-02-18,196.9643096923828,197.01246643066406,193.0644989013672,196.29026794433594,21741128
2020-02-19,197.6383514404297,199.4678955078125,196.29026794433594,199.03457641601562,9403278
2020-02-20,199.32345581054688,200.81597900390625,197.8309326171875,199.7567596435547,16193373
2020-02-24,199.32345581054688,199.7567596435547,194.31629943847656,195.47178649902344,17233132
2020-02-25,196.24212646484375,197.7827911376953,194.0274200439453,194.31629943847656,15903285
2020-02-26,193.2089385986328,194.4607391357422,189.020263671875,191.23497009277344,18557438
2020-02-27,191.04238891601562,191.7645721435547,188.63510131835938,190.22390747070312,17936226
2020-02-28,187.7684783935547,192.48675537109375,184.92787170410156,190.22390747070312,33885063
2020-03-02,192.10159301757812,195.9051055908203,186.46853637695312,188.05734252929688,19274852
2020-03-03,189.69430541992188,190.1276092529297,185.40933227539062,186.66111755371094,18638624
2020-03-04,187.72032165527344,188.29808044433594,179.6318359375,180.54661560058594,28729502
2020-03-05,180.59475708007812,184.10939025878906,179.6318359375,181.0762176513672,20797182
2020-03-06,177.99488830566406,177.99488830566406,173.08401489257812,175.0098419189453,27795285
2020-03-09,172.36183166503906,172.36183166503906,168.02871704101562,170.6285858154297,22633662
2020-03-11,167.54725646972656,170.1952667236328,165.95843505859375,169.1360626220703,29032759
2020-03-12,162.73268127441406,162.87710571289062,144.96688842773438,150.02220153808594,54043896
2020-03-13,144.43728637695312,157.91810607910156,129.6083984375,156.23300170898438,63962722
2020-03-16,152.14060974121094,152.2368927001953,139.86343383789062,141.78927612304688,34535653
2020-03-17,142.51145935058594,150.02220153808594,140.63377380371094,143.61880493164062,49492914
2020-03-18,146.45941162109375,148.9148406982422,141.88555908203125,145.111328125,52178352
2020-03-19,145.111328125,157.4847869873047,139.38198852539062,155.84783935546875,93204936
2020-03-20,158.97731018066406,169.9545440673828,158.97731018066406,168.9916229248047,64384067
2020-03-23,152.14060974121094,155.9922637939453,143.6669464111328,148.57781982421875,53330913
2020-03-24,156.90704345703125,157.6292266845703,141.93370056152344,144.14840698242188,54576761
2020-03-25,145.40020751953125,146.3631134033203,133.84521484375,141.88555908203125,64913270
2020-03-26,144.43728637695312,153.4886932373047,137.93760681152344,150.59994506835938,60694283
2020-03-27,155.9922637939453,159.84393310546875,149.25186157226562,157.14776611328125,33893412
2020-03-30,150.26292419433594,158.78472900390625,150.26292419433594,153.29611206054688,29203338
2020-03-31,157.91810607910156,167.40281677246094,155.5589599609375,165.33255004882812,44272500
2020-04-01,165.33255004882812,166.34361267089844,158.4477081298828,160.22909545898438,18840671
2020-04-03,161.6734619140625,175.97276306152344,160.8068389892578,171.30262756347656,65288649
2020-04-07,178.8133544921875,178.8133544921875,167.21023559570312,174.8172607421875,37509626
2020-04-08,174.14321899414062,177.17640686035156,170.09898376464844,172.02481079101562,39007671
2020-04-09,177.17640686035156,179.34295654296875,173.32473754882812,178.3800506591797,44268652
2020-04-13,177.65786743164062,179.72813415527344,174.33580017089844,174.8654022216797,18427550
2020-04-15,177.22454833984375,186.56483459472656,175.92462158203125,182.3280029296875,50983406
2020-04-16,182.61688232421875,184.10939025878906,178.5726318359375,179.4392547607422,28122965
2020-04-17,183.38720703125,184.30197143554688,180.01699829101562,181.12435913085938,27694463
2020-04-20,182.90574645996094,182.90574645996094,172.84329223632812,173.998779296875,37141676
2020-04-21,171.39891052246094,177.4652862548828,169.52122497558594,172.9395751953125,24232310
2020-04-22,172.36183166503906,176.7430877685547,169.47308349609375,175.49130249023438,26132520
2020-04-23,176.16534423828125,177.17640686035156,172.9877166748047,173.85433959960938,34237726
2020-04-24,174.28765869140625,176.02090454101562,172.65069580078125,173.37289428710938,18744844
2020-04-27,173.5654754638672,175.53944396972656,172.65069580078125,173.18031311035156,13589672
2020-04-28,173.32473754882812,174.09507751464844,171.44705200195312,172.79513549804688,18488267
2020-04-29,173.8061981201172,176.11720275878906,172.9877166748047,175.39500427246094,22287597
2020-04-30,178.04302978515625,178.04302978515625,173.758056640625,175.29872131347656,31326446
2020-05-04,175.0098419189453,175.0098419189453,164.3214874267578,167.59539794921875,31461042
2020-05-05,168.51016235351562,170.8693084716797,165.62142944335938,167.45095825195312,18389548
2020-05-06,165.04367065429688,165.04367065429688,154.5478973388672,157.82180786132812,68112675
2020-05-07,157.91810607910156,159.69949340820312,154.5478973388672,155.02935791015625,25183509
2020-05-08,157.8699493408203,158.06253051757812,151.27398681640625,152.38133239746094,26281664
2020-05-11,154.06643676757812,157.4366455078125,152.14060974121094,152.57391357421875,18792383
2020-05-12,152.57391357421875,159.7476348876953,151.65914916992188,158.9291534423828,22211224
2020-05-13,166.96949768066406,167.16207885742188,158.39955139160156,159.26617431640625,20785966
2020-05-14,158.39955139160156,162.01048278808594,155.94412231445312,157.7255096435547,15525762
2020-05-15,156.18484497070312,159.3624725341797,155.17379760742188,158.5439910888672,15526021
2020-05-18,159.84393310546875,161.09571838378906,157.09962463378906,158.64028930664062,21602419
2020-05-19,160.3253936767578,165.28440856933594,158.97731018066406,164.4177703857422,20917906
2020-05-20,165.57327270507812,170.43600463867188,164.65850830078125,169.23236083984375,26295911
2020-05-21,169.08792114257812,183.38720703125,166.247314453125,181.94284057617188,60630670
2020-05-22,181.02806091308594,184.78343200683594,177.754150390625,179.4392547607422,40516307
2020-05-26,182.9539031982422,187.72032165527344,180.83547973632812,184.59085083007812,55283582
2020-05-27,185.36119079589844,186.70925903320312,179.96885681152344,185.024169921875,25491463
2020-05-28,185.16859436035156,185.74635314941406,181.99098205566406,183.5797882080078,25524647
2020-05-29,183.38720703125,190.65721130371094,181.99098205566406,190.0313262939453,37214719
2020-06-01,193.54595947265625,197.6383514404297,191.62013244628906,193.11265563964844,29606349
2020-06-02,194.41258239746094,194.41258239746094,189.40542602539062,189.93502807617188,23502975
2020-06-03,192.5830535888672,193.44967651367188,188.34622192382812,189.40542602539062,19710133
2020-06-04,190.41648864746094,194.99034118652344,187.7684783935547,192.7274932861328,22843181
2020-06-05,194.31629943847656,194.50888061523438,191.28311157226562,192.5830535888672,15193091
2020-06-08,195.37550354003906,196.09768676757812,189.69430541992188,190.3201904296875,20304292
2020-06-09,190.89794921875,198.55311584472656,190.3201904296875,191.138671875,41451482
2020-06-10,192.05345153808594,195.61622619628906,190.9460906982422,191.66827392578125,28247205
2020-06-11,192.5830535888672,193.7866973876953,186.42039489746094,187.04627990722656,20611505
2020-06-12,181.94284057617188,187.9610595703125,180.8836212158203,186.70925903320312,23431727
2020-06-15,186.70925903320312,186.75741577148438,179.39111328125,180.2577362060547,25404661
2020-06-16,183.72422790527344,183.86866760253906,175.15428161621094,178.13931274414062,28700454
2020-06-17,177.17640686035156,178.13931274414062,173.998779296875,174.48023986816406,24952658
2020-06-18,174.48023986816406,180.54661560058594,173.998779296875,179.6799774169922,30000032
2020-06-19,180.16143798828125,180.97991943359375,176.79124450683594,177.22454833984375,31707306
2020-06-22,179.5836944580078,180.54661560058594,176.35792541503906,178.13931274414062,32605144
2020-06-23,178.5244903564453,180.54661560058594,177.89859008789062,178.95779418945312,27569189
2020-06-24,180.4503173828125,187.47959899902344,179.24667358398438,184.73529052734375,56757828
2020-06-25,185.12045288085938,195.9532470703125,184.54270935058594,194.60516357421875,78484846
2020-06-26,198.36053466796875,201.6344451904297,186.1315155029297,187.9610595703125,74727243
2020-06-29,194.99034118652344,195.47178649902344,188.92396545410156,189.93502807617188,95027403
2020-06-30,192.0052947998047,192.0052947998047,186.80555725097656,187.43145751953125,42797633
2020-07-01,187.43145751953125,196.29026794433594,187.43145751953125,195.37550354003906,46004000
2020-07-02,196.86802673339844,199.08273315429688,195.03848266601562,198.2161102294922,40835235
2020-07-03,200.286376953125,200.767822265625,198.36053466796875,199.85305786132812,39352660
2020-07-06,192.92007446289062,194.4607391357422,191.57199096679688,192.39047241210938,36046969
2020-07-07,192.5830535888672,193.0644989013672,186.80555725097656,187.04627990722656,32467210
2020-07-08,187.04627990722656,190.60906982421875,187.04627990722656,189.020263671875,22093693
2020-07-09,189.59800720214844,189.69430541992188,186.9499969482422,188.2017822265625,19492371
2020-07-10,187.91290283203125,189.2128448486328,186.80555725097656,187.142578125,16815128
2020-07-13,188.63510131835938,191.37940979003906,187.86476135253906,190.22390747070312,21079233
2020-07-14,190.0794677734375,192.10159301757812,185.60191345214844,188.63510131835938,19185879
2020-07-15,189.0684051513672,192.5830535888672,187.28701782226562,191.3312530517578,24692471
2020-07-16,191.3312530517578,191.47569274902344,184.87973022460938,186.66111755371094,22997164
2020-07-17,186.1315155029297,188.1536407470703,185.84263610839844,186.85369873046875,15455455
2020-07-20,187.7684783935547,188.10549926757812,185.2167510986328,185.55377197265625,19643434
2020-07-21,184.97601318359375,186.99813842773438,184.3982696533203,185.12045288085938,29089491
2020-07-22,185.84263610839844,190.56092834472656,185.36119079589844,189.260986328125,33826583
2020-07-23,190.3201904296875,194.0274200439453,189.50172424316406,193.25709533691406,32700809
2020-07-24,193.54595947265625,194.22000122070312,189.98316955566406,192.1978759765625,62500933
2020-07-27,193.0644989013672,193.0644989013672,187.91290283203125,189.11654663085938,23517850
2020-07-28,189.69430541992188,191.28311157226562,187.81661987304688,188.1536407470703,20029937
2020-07-29,186.2759552001953,190.8498077392578,186.22781372070312,189.40542602539062,15402845
2020-07-30,191.04238891601562,191.04238891601562,185.36119079589844,186.17965698242188,16943579
2020-07-31,186.3240966796875,189.6461639404297,186.3240966796875,186.9499969482422,17294202
2020-08-03,186.80555725097656,186.80555725097656,184.78343200683594,185.4574737548828,13776301
2020-08-04,185.4574737548828,188.53880310058594,185.4574737548828,186.46853637695312,17849565
2020-08-05,187.28701782226562,187.38330078125,184.59085083007812,185.65005493164062,50646546
2020-08-06,186.99813842773438,188.34622192382812,185.93893432617188,188.10549926757812,18574935
2020-08-07,188.2499237060547,189.69430541992188,186.9499969482422,188.77952575683594,21717194
2020-08-10,189.11654663085938,192.24603271484375,189.11654663085938,191.47569274902344,17108987
2020-08-11,192.5830535888672,199.99749755859375,192.5830535888672,195.5199432373047,57266693
2020-08-12,194.99034118652344,197.30133056640625,192.9682159423828,196.62728881835938,22106836
2020-08-13,195.9532470703125,196.62728881835938,189.79058837890625,193.97927856445312,23573090
2020-08-14,194.12371826171875,195.80880737304688,188.2499237060547,189.11654663085938,29858596
2020-08-17,190.7053680419922,192.10159301757812,189.54986572265625,191.37940979003906,12192938
2020-08-18,192.48675537109375,192.48675537109375,189.93502807617188,191.18682861328125,12969115
2020-08-19,191.23497009277344,194.22000122070312,190.75350952148438,191.0905303955078,16070316
2020-08-20,189.69430541992188,189.8868865966797,187.3351593017578,188.53880310058594,17561721
2020-08-21,190.65721130371094,191.81271362304688,189.020263671875,189.50172424316406,17897538
2020-08-24,189.93502807617188,191.62013244628906,189.0684051513672,189.40542602539062,15304895
2020-08-25,189.93502807617188,190.9460906982422,187.86476135253906,188.1536407470703,15784633
2020-08-26,189.2128448486328,189.260986328125,186.46853637695312,187.72032165527344,23502769
2020-08-27,191.138671875,191.5238494873047,186.70925903320312,187.04627990722656,49030500
2020-08-28,187.38330078125,189.020263671875,186.85369873046875,188.29808044433594,35979788
2020-08-31,191.62013244628906,191.62013244628906,182.9539031982422,184.0131072998047,100730476
2020-09-01,184.0131072998047,185.2167510986328,181.268798828125,183.146484375,41311165
2020-09-02,184.2056884765625,185.84263610839844,182.61688232421875,184.2538299560547,21378178
2020-09-03,184.30197143554688,186.0833740234375,182.9539031982422,184.4945526123047,16295787
2020-09-04,182.9539031982422,182.9539031982422,178.8133544921875,179.77627563476562,42983034
2020-09-07,180.30587768554688,183.4353485107422,174.09507751464844,182.08726501464844,33918419
2020-09-08,182.5687255859375,183.48350524902344,177.754150390625,181.17250061035156,26574542
2020-09-09,178.6207733154297,179.34295654296875,175.53944396972656,176.98382568359375,28901363
2020-09-10,177.27268981933594,178.8133544921875,176.40606689453125,178.04302978515625,18469229
2020-09-11,178.04302978515625,179.5836944580078,175.97276306152344,177.12826538085938,19997552
2020-09-14,178.90965270996094,178.95779418945312,176.21348571777344,176.55050659179688,32185628
2020-09-15,177.17640686035156,177.36898803710938,174.09507751464844,175.0579833984375,31956903
2020-09-16,175.10614013671875,176.6949462890625,173.37289428710938,173.9506378173828,52591750
2020-09-17,174.09507751464844,174.7691192626953,171.20632934570312,171.97666931152344,35240133
2020-09-18,172.8914337158203,173.18031311035156,170.43600463867188,172.45811462402344,30929813
2020-09-21,173.32473754882812,173.90249633789062,168.55831909179688,169.23236083984375,24811451
2020-09-22,169.23236083984375,170.1952667236328,167.3065185546875,167.73983764648438,19242719
2020-09-23,168.46202087402344,170.96560668945312,165.33255004882812,166.10287475585938,64164525
2020-09-24,165.33255004882812,165.3806915283203,159.98837280273438,160.37353515625,32698988
2020-09-25,162.63638305664062,164.85108947753906,160.8068389892578,164.4177703857422,27650738
2020-09-28,164.65850830078125,168.3175811767578,164.1770477294922,166.8732147216797,24087933
2020-09-29,168.26943969726562,168.26943969726562,162.73268127441406,163.1178436279297,26602326
2020-09-30,163.69558715820312,165.71771240234375,162.4438018798828,165.33255004882812,19193371
2020-10-01,168.02871704101562,168.125,163.79188537597656,164.51406860351562,20517295
2020-10-05,164.75479125976562,166.39175415039062,162.491943359375,162.97340393066406,25234767
2020-10-06,163.21412658691406,165.2362518310547,161.86605834960938,163.59930419921875,22728054
2020-10-07,163.69558715820312,164.5622100830078,162.73268127441406,163.21412658691406,16913783
2020-10-08,163.79188537597656,164.08074951171875,160.71055603027344,160.95127868652344,26484289
2020-10-09,161.28829956054688,162.63638305664062,160.1809539794922,161.6253204345703,23234939
2020-10-12,164.1770477294922,168.70274353027344,163.69558715820312,165.8140106201172,68801924
2020-10-13,166.4398956298828,168.36572265625,163.21412658691406,163.84002685546875,37058708
2020-10-14,164.22518920898438,164.65850830078125,160.85499572753906,161.57717895507812,39688050
2020-10-15,161.4808807373047,161.57717895507812,158.4477081298828,158.9291534423828,28161148
2020-10-16,159.3624725341797,160.6142578125,157.7255096435547,159.5550537109375,21006060
2020-10-19,160.6142578125,162.63638305664062,159.98837280273438,162.01048278808594,19748904
2020-10-20,161.76976013183594,162.0586395263672,160.51797485351562,161.2401580810547,16770677
2020-10-21,161.91419982910156,162.63638305664062,160.4216766357422,161.4327392578125,17113482
2020-10-22,161.33645629882812,162.82896423339844,160.8068389892578,162.2993621826172,22893091
2020-10-23,162.6845245361328,164.65850830078125,161.52903747558594,164.4177703857422,20921450
2020-10-26,165.1399688720703,165.2362518310547,162.01048278808594,162.2993621826172,16699886
2020-10-27,162.251220703125,163.02154541015625,160.5661163330078,160.9994354248047,47652264
2020-10-28,162.251220703125,162.251220703125,158.88101196289062,159.3624725341797,17468592
2020-10-29,158.88101196289062,159.79579162597656,157.38848876953125,157.77366638183594,21816186
2020-10-30,157.91810607910156,160.6142578125,157.29220581054688,159.1217498779297,16976909
2020-11-02,160.6142578125,160.9994354248047,158.35140991210938,160.5661163330078,14924105
2020-11-03,160.9994354248047,164.4177703857422,160.90313720703125,163.79188537597656,23473408
2020-11-04,163.74374389648438,165.4288330078125,161.96234130859375,163.5030059814453,19533203
2020-11-05,164.89923095703125,168.51016235351562,163.88816833496094,168.26943969726562,28037401
2020-11-06,169.9545440673828,170.6285858154297,166.96949768066406,167.4990997314453,35571152
2020-11-09,167.4990997314453,170.72486877441406,165.47698974609375,166.39175415039062,36645472
2020-11-10,168.51016235351562,172.8914337158203,165.47698974609375,171.73593139648438,59672371
2020-11-11,172.9395751953125,179.00595092773438,171.97666931152344,178.42819213867188,65757234
2020-11-12,178.3319091796875,181.75025939941406,177.03196716308594,181.02806091308594,48153554
2020-11-13,180.2577362060547,181.79840087890625,178.66893005371094,180.16143798828125,29284742
2020-11-14,182.03912353515625,182.9539031982422,181.0762176513672,181.60581970214844,8066280
2020-11-17,181.99098205566406,182.3761444091797,179.48739624023438,180.4021759033203,21757459
2020-11-18,179.87257385253906,181.4613800048828,175.97276306152344,177.22454833984375,27620283
2020-11-19,176.02090454101562,184.68714904785156,175.92462158203125,180.93177795410156,50871154
2020-11-20,181.79840087890625,184.87973022460938,179.15037536621094,184.59085083007812,47052232
2020-11-23,184.87973022460938,185.36119079589844,181.65396118164062,183.77236938476562,24073204
2020-11-24,183.53164672851562,189.16470336914062,183.53164672851562,188.29808044433594,47160760
2020-11-25,188.73138427734375,190.60906982421875,185.36119079589844,186.66111755371094,43263598
2020-11-26,187.86476135253906,188.58694458007812,185.40933227539062,187.5758819580078,25155854
2020-11-27,187.23887634277344,188.49066162109375,186.0352325439453,186.46853637695312,32594141
2020-12-01,187.7684783935547,189.0684051513672,185.264892578125,187.1907196044922,16505446
2020-12-02,187.7684783935547,191.37940979003906,186.3722381591797,188.68324279785156,29520716
2020-12-03,189.8868865966797,189.8868865966797,187.3351593017578,188.92396545410156,29087754
2020-12-04,189.54986572265625,191.9571533203125,189.2128448486328,190.8498077392578,23005484
2020-12-07,190.8498077392578,196.19398498535156,190.2720489501953,195.61622619628906,37068111
2020-12-08,196.3384246826172,197.10874938964844,192.1497344970703,194.9421844482422,32042241
2020-12-09,197.3976287841797,200.09378051757812,197.06060791015625,197.7827911376953,41212760
2020-12-10,198.98643493652344,205.72683715820312,195.61622619628906,204.81207275390625,67739601
2020-12-11,206.49717712402344,209.86737060546875,205.43797302246094,208.278564453125,62645643
2020-12-14,209.86737060546875,210.49327087402344,207.0267791748047,207.89340209960938,28029531
2020-12-15,207.2675018310547,208.37486267089844,203.75286865234375,205.63055419921875,24151252
2020-12-16,205.82313537597656,207.55638122558594,205.5823974609375,206.06385803222656,20304621
2020-12-17,206.25643920898438,207.12306213378906,203.4158477783203,205.1490936279297,23248344
2020-12-18,205.19723510742188,207.94154357910156,201.97146606445312,206.54531860351562,24690701
2020-12-21,206.54531860351562,206.73789978027344,191.7645721435547,195.42364501953125,43445980
2020-12-22,195.56808471679688,198.6012725830078,189.59800720214844,195.85696411132812,42564860
2020-12-23,195.47178649902344,200.527099609375,194.50888061523438,200.04563903808594,24608258
2020-12-24,202.2122039794922,202.8380889892578,197.97537231445312,200.86412048339844,23645158
2020-12-28,201.24928283691406,202.40478515625,200.14193725585938,201.73074340820312,16347233
2020-12-29,202.69366455078125,205.5823974609375,202.30848693847656,203.70472717285156,27568853
2020-12-30,204.81207275390625,205.5823974609375,201.7788848876953,203.31954956054688,19654130
2020-12-31,202.74180603027344,203.4639892578125,200.81597900390625,201.24928283691406,18947950
2021-01-01,202.11590576171875,206.25643920898438,201.5381622314453,205.91941833496094,20279389
2021-01-04,206.06385803222656,207.98968505859375,204.2343292236328,205.48611450195312,27927482
2021-01-05,204.57135009765625,205.3416748046875,202.78994750976562,203.60842895507812,18718244
2021-01-06,203.60842895507812,203.6565704345703,196.91616821289062,197.7827911376953,50957586
2021-01-07,198.4568328857422,199.9011993408203,194.60516357421875,195.27920532226562,36298522
2021-01-08,196.771728515625,198.36053466796875,192.8237762451172,194.0274200439453,58600546
2021-01-11,196.43470764160156,198.4568328857422,193.7866973876953,194.99034118652344,44625924
2021-01-12,195.47178649902344,199.22715759277344,194.12371826171875,198.79385375976562,36989137
2021-01-13,199.7567596435547,205.1009521484375,197.6383514404297,203.4158477783203,66387977
2021-01-14,204.13803100585938,208.4711456298828,203.75286865234375,206.2082977294922,50164605
2021-01-15,206.93048095703125,210.39698791503906,203.36770629882812,209.77108764648438,60567280
2021-01-18,210.30068969726562,213.76718139648438,206.64161682128906,211.6006317138672,70211602
2021-01-19,212.8042755126953,213.47830200195312,209.43406677246094,210.73399353027344,33009228
2021-01-20,210.39698791503906,210.87843322753906,207.70082092285156,209.57850646972656,46392916
2021-01-21,210.87843322753906,211.35989379882812,204.3306121826172,205.77499389648438,30116008
2021-01-22,206.06385803222656,206.78604125976562,201.3937225341797,202.88624572753906,25663922
2021-01-25,204.13803100585938,204.61949157714844,199.17901611328125,200.09378051757812,25929487
2021-01-27,200.286376953125,204.76393127441406,199.4197540283203,202.8380889892578,50338134
2021-01-28,201.49002075195312,203.17510986328125,198.11981201171875,198.93829345703125,22984352
2021-01-29,200.81597900390625,201.05670166015625,194.8459014892578,195.7125244140625,24679902
2021-02-01,196.43470764160156,209.86737060546875,194.31629943847656,207.94154357910156,59968324
2021-02-02,211.8413543701172,215.21156311035156,208.95260620117188,210.1081085205078,50324035
2021-02-03,213.2857208251953,213.76718139648438,207.70082092285156,208.71188354492188,55709225
2021-02-04,208.0859832763672,222.81858825683594,207.98968505859375,221.42236328125,109894300
2021-02-05,223.540771484375,229.9923095703125,218.82249450683594,225.6591796875,130323308
2021-02-08,228.69236755371094,229.2219696044922,222.91488647460938,224.45553588867188,43093963
2021-02-09,225.89991760253906,230.32933044433594,219.7372589111328,220.50758361816406,73377134
2021-02-10,220.50758361816406,222.5297088623047,214.82638549804688,219.11135864257812,49104142
2021-02-11,220.50758361816406,220.7964630126953,216.17446899414062,218.05215454101562,45311749
2021-02-12,217.37811279296875,217.37811279296875,207.79710388183594,209.38592529296875,114826417
2021-02-15,210.3488311767578,212.8042755126953,209.43406677246094,210.49327087402344,33000365
2021-02-16,210.9265899658203,213.57460021972656,209.19334411621094,210.15625,30271502
2021-02-17,209.5303497314453,210.30068969726562,208.51930236816406,209.67478942871094,20615018
2021-02-18,210.1081085205078,212.41909790039062,209.81922912597656,210.73399353027344,24997592
2021-02-19,210.73399353027344,210.7821502685547,206.06385803222656,207.94154357910156,29208388
2021-02-22,204.13803100585938,204.13803100585938,198.36053466796875,199.37159729003906,53531490
2021-02-23,200.286376953125,202.74180603027344,199.32345581054688,200.767822265625,27703323
2021-02-24,201.3455810546875,202.01962280273438,198.8419952392578,201.10484313964844,13667471
2021-02-25,201.73074340820312,203.36770629882812,201.05670166015625,201.3937225341797,26953713
2021-02-26,199.56417846679688,200.286376953125,195.47178649902344,196.29026794433594,45101885
2021-03-01,197.8309326171875,200.04563903808594,196.48284912109375,199.22715759277344,16850430
2021-03-02,199.32345581054688,202.98252868652344,198.8419952392578,202.11590576171875,26590262
2021-03-03,204.13803100585938,204.13803100585938,201.05670166015625,202.1640625,21648963
2021-03-04,201.05670166015625,203.4639892578125,199.9011993408203,201.92332458496094,25858155
2021-03-05,200.286376953125,202.2122039794922,199.5160369873047,200.81597900390625,17990773
2021-03-08,201.92332458496094,202.98252868652344,199.99749755859375,200.286376953125,23874105
2021-03-09,200.9604034423828,201.97146606445312,197.15689086914062,200.09378051757812,23463213
2021-03-10,201.3455810546875,201.44186401367188,198.16795349121094,198.8419952392578,20358192
2021-03-12,200.286376953125,200.286376953125,195.9532470703125,197.5902099609375,31973696
2021-03-15,198.2161102294922,198.36053466796875,194.12371826171875,197.8309326171875,42699297
2021-03-16,198.74571228027344,201.1529998779297,197.34947204589844,200.14193725585938,50641203
2021-03-17,204.3306121826172,205.9675750732422,200.81597900390625,202.78994750976562,81604999
2021-03-18,205.1009521484375,210.9747314453125,204.04173278808594,209.57850646972656,95536034
2021-03-19,210.87843322753906,217.76327514648438,207.55638122558594,214.68194580078125,139352860
2021-03-22,215.0189666748047,218.00401306152344,213.2857208251953,217.6188507080078,47823778
2021-03-23,216.6559295654297,219.64096069335938,213.0931396484375,213.9597625732422,43165463
2021-03-24,212.8042755126953,214.5375213623047,207.2675018310547,207.94154357910156,28672557
2021-03-25,207.1712188720703,207.94154357910156,201.2974395751953,203.75286865234375,42248040
2021-03-26,206.30459594726562,206.49717712402344,202.54922485351562,203.07882690429688,27083832
2021-03-30,205.3416748046875,207.0267791748047,202.5973663330078,206.5934600830078,28862387
2021-03-31,206.1120147705078,211.1673126220703,204.81207275390625,210.39698791503906,37890481
2021-04-01,211.8413543701172,212.41909790039062,209.24148559570312,211.88949584960938,30182056
2021-04-05,209.5303497314453,211.8413543701172,202.69366455078125,204.66763305664062,32586507
2021-04-06,205.87127685546875,206.9786376953125,202.3566436767578,204.76393127441406,26663018
2021-04-07,204.81207275390625,207.2193603515625,204.57135009765625,205.87127685546875,15790468
2021-04-08,206.88233947753906,208.0859832763672,204.95651245117188,205.3416748046875,14660557
2021-04-09,205.82313537597656,207.94154357910156,204.66763305664062,205.19723510742188,16994483
2021-04-12,202.2122039794922,203.17510986328125,197.3976287841797,197.68649291992188,35840817
2021-04-13,199.32345581054688,201.92332458496094,198.36053466796875,200.9604034423828,21027436
2021-04-15,201.24928283691406,202.6455078125,198.36053466796875,199.03457641601562,18205903
2021-04-16,200.286376953125,201.49002075195312,198.8419952392578,200.23822021484375,13824608
2021-04-19,197.3976287841797,198.4568328857422,196.19398498535156,197.97537231445312,16400507
2021-04-20,198.55311584472656,199.32345581054688,194.99034118652344,196.00140380859375,22187707
2021-04-22,194.50888061523438,198.6494140625,193.11265563964844,198.26425170898438,24030915
2021-04-23,196.67544555664062,199.32345581054688,196.67544555664062,197.73464965820312,20381213
2021-04-26,198.16795349121094,199.08273315429688,197.10874938964844,197.68649291992188,20652091
2021-04-27,197.68649291992188,199.2753143310547,197.44577026367188,197.7827911376953,11885588
2021-04-28,198.36053466796875,198.8419952392578,197.68649291992188,197.87908935546875,13197445
2021-04-29,199.4197540283203,199.85305786132812,196.48284912109375,196.7235870361328,13601150
2021-04-30,196.3384246826172,198.07167053222656,194.50888061523438,195.0866241455078,17130954
2021-05-03,193.73854064941406,194.36444091796875,192.5830535888672,193.49781799316406,21405441
2021-05-04,193.73854064941406,194.8459014892578,191.7164306640625,192.1978759765625,18962501
2021-05-05,193.97927856445312,194.50888061523438,192.10159301757812,193.93113708496094,14396547
2021-05-06,194.79776000976562,198.31239318847656,194.60516357421875,195.23106384277344,14872429
2021-05-07,195.42364501953125,198.79385375976562,195.42364501953125,197.73464965820312,20213092
2021-05-10,199.4678955078125,199.7567596435547,197.3976287841797,197.92723083496094,16922951
2021-05-11,196.3384246826172,198.8419952392578,196.19398498535156,196.43470764160156,14277000
2021-05-12,196.3384246826172,197.6383514404297,195.32736206054688,195.7125244140625,17174525
2021-05-14,197.3976287841797,205.2935333251953,196.43470764160156,204.37875366210938,64021335
2021-05-17,208.76002502441406,208.95260620117188,203.80101013183594,204.7157745361328,39465392
2021-05-18,206.16015625,206.64161682128906,201.87518310546875,202.26034545898438,31653409
2021-05-19,202.26034545898438,203.56028747558594,199.85305786132812,200.04563903808594,25345241
2021-05-20,200.7196807861328,201.5381622314453,199.13087463378906,199.32345581054688,21688686
2021-05-21,199.9011993408203,202.06776428222656,199.7086181640625,201.2974395751953,23509878
2021-05-24,201.73074340820312,204.18617248535156,200.04563903808594,203.6565704345703,29977506
2021-05-25,205.1009521484375,205.48611450195312,202.4529266357422,203.07882690429688,26310600
2021-05-26,203.94544982910156,204.57135009765625,202.50108337402344,202.78994750976562,18253046
2021-05-27,203.17510986328125,206.2082977294922,202.50108337402344,203.31954956054688,49385674
2021-05-28,204.61949157714844,205.5823974609375,203.70472717285156,205.00465393066406,26583388
2021-05-31,207.0267791748047,209.81922912597656,206.4490203857422,208.56744384765625,75852502
2021-06-01,209.91552734375,211.26361083984375,206.30459594726562,207.2675018310547,40247686
2021-06-02,202.69366455078125,204.57135009765625,200.86412048339844,201.24928283691406,100377464
2021-06-03,202.93438720703125,202.93438720703125,200.9604034423828,201.2974395751953,48454441
2021-06-04,201.73074340820312,201.92332458496094,200.286376953125,201.00856018066406,31286264
2021-06-07,202.5973663330078,204.523193359375,202.40478515625,203.60842895507812,32643869
2021-06-08,204.3306121826172,206.30459594726562,203.36770629882812,205.72683715820312,22080199
2021-06-09,206.06385803222656,206.78604125976562,203.6565704345703,204.61949157714844,25846432
2021-06-10,200.9604034423828,203.56028747558594,199.80491638183594,201.5381622314453,31902690
2021-06-11,202.50108337402344,202.6455078125,200.04563903808594,200.19007873535156,22249404
2021-06-14,200.23822021484375,200.7196807861328,197.5902099609375,199.61233520507812,18358717
2021-06-15,199.85305786132812,200.67153930664062,199.32345581054688,199.37159729003906,15426377
2021-06-16,199.37159729003906,201.5863037109375,199.37159729003906,200.14193725585938,20878518
2021-06-17,199.2753143310547,200.286376953125,197.3976287841797,198.0235137939453,22304032
2021-06-18,198.36053466796875,198.79385375976562,194.99034118652344,196.9643096923828,24475206
2021-06-21,195.56808471679688,198.36053466796875,194.89404296875,196.86802673339844,19809308
2021-06-22,198.4568328857422,198.6012725830078,196.771728515625,197.49391174316406,18737552
2021-06-23,198.0235137939453,198.2161102294922,196.04954528808594,196.38656616210938,13059519
2021-06-24,196.86802673339844,197.06060791015625,195.03848266601562,195.7125244140625,23299321
2021-06-25,196.43470764160156,197.97537231445312,196.19398498535156,197.44577026367188,14411660
2021-06-28,198.26425170898438,198.26425170898438,195.80880737304688,196.04954528808594,15190488
2021-06-29,196.04954528808594,197.68649291992188,195.61622619628906,195.7606658935547,13839294
2021-06-30,196.7235870361328,196.8198699951172,195.03848266601562,195.18292236328125,16556397
2021-07-01,195.37550354003906,196.24212646484375,194.6533203125,195.47178649902344,10583793
2021-07-02,195.7606658935547,196.1458282470703,194.74960327148438,194.89404296875,13187847
2021-07-05,195.47178649902344,196.531005859375,195.18292236328125,196.09768676757812,10642939
2021-07-06,195.7125244140625,196.24212646484375,194.74960327148438,194.99034118652344,11515716
2021-07-07,194.99034118652344,197.5902099609375,194.79776000976562,196.19398498535156,18568033
2021-07-08,195.9532470703125,196.91616821289062,194.31629943847656,194.50888061523438,21730892
2021-07-09,194.50888061523438,194.8459014892578,193.44967651367188,193.8829803466797,12289809
2021-07-12,194.50888061523438,195.03848266601562,193.49781799316406,193.6422576904297,13589278
2021-07-13,194.50888061523438,194.7014617919922,193.8829803466797,194.36444091796875,11247522
2021-07-14,194.36444091796875,197.5420684814453,194.22000122070312,196.531005859375,21269167
2021-07-15,196.8198699951172,200.767822265625,195.37550354003906,198.6012725830078,29963443
2021-07-16,199.99749755859375,201.87518310546875,199.5160369873047,200.19007873535156,30137464
2021-07-19,199.13087463378906,201.73074340820312,198.6975555419922,200.04563903808594,17099088
2021-07-20,200.4789581298828,201.5381622314453,198.74571228027344,199.13087463378906,24567907
2021-07-22,199.32345581054688,200.527099609375,198.2161102294922,199.32345581054688,19016769
2021-07-23,199.32345581054688,205.67869567871094,198.8419952392578,204.523193359375,46241640
2021-07-26,206.06385803222656,207.36380004882812,202.98252868652344,203.31954956054688,49084040
2021-07-27,204.13803100585938,205.1009521484375,200.23822021484375,200.91226196289062,25378089
2021-07-28,200.5752410888672,202.2122039794922,199.7567596435547,201.3455810546875,15304399
2021-07-29,201.3455810546875,202.40478515625,198.0235137939453,198.40869140625,16204679
2021-07-30,198.4568328857422,199.4197540283203,197.01246643066406,197.34947204589844,15515733
2021-08-02,198.79385375976562,199.80491638183594,197.8309326171875,199.61233520507812,10046707
2021-08-03,199.80491638183594,203.07882690429688,198.79385375976562,202.11590576171875,19179805
2021-08-04,203.07882690429688,203.2714080810547,200.38265991210938,200.86412048339844,11421835
2021-08-05,200.86412048339844,208.71188354492188,199.22715759277344,207.2675018310547,48995450
2021-08-06,207.4119415283203,207.98968505859375,204.7157745361328,206.30459594726562,24489836
2021-08-09,207.0267791748047,209.0970458984375,204.81207275390625,205.87127685546875,21142199
2021-08-10,206.06385803222656,206.49717712402344,200.81597900390625,202.06776428222656,18855165
2021-08-11,202.06776428222656,202.78994750976562,199.7567596435547,200.91226196289062,16012451
2021-08-12,202.4529266357422,206.25643920898438,200.62339782714844,201.1529998779297,28758718
2021-08-13,202.06776428222656,204.42691040039062,201.44186401367188,203.60842895507812,19576945
2021-08-16,203.56028747558594,205.3416748046875,202.69366455078125,203.07882690429688,11621038
2021-08-17,202.98252868652344,203.6565704345703,201.05670166015625,201.44186401367188,8161139
2021-08-18,201.82704162597656,203.6565704345703,200.62339782714844,201.20114135742188,11149120
2021-08-20,199.32345581054688,202.88624572753906,199.03457641601562,201.1529998779297,20168965
2021-08-23,201.73074340820312,202.40478515625,198.36053466796875,198.6494140625,10319044
2021-08-24,199.32345581054688,199.32345581054688,197.10874938964844,198.11981201171875,12971124
2021-08-25,198.74571228027344,200.19007873535156,198.36053466796875,198.74571228027344,10994627
2021-08-26,198.74571228027344,199.17901611328125,196.771728515625,197.01246643066406,15407558
2021-08-27,197.3976287841797,199.17901611328125,197.30133056640625,198.26425170898438,10879860
2021-08-30,198.36053466796875,200.4789581298828,198.36053466796875,200.286376953125,12550267
2021-08-31,200.3345184326172,203.75286865234375,199.56417846679688,203.4639892578125,26802390
2021-09-01,203.17510986328125,204.42691040039062,201.5381622314453,201.73074340820312,16867486
2021-09-02,201.24928283691406,203.6565704345703,201.24928283691406,201.97146606445312,14872714
2021-09-03,201.97146606445312,203.4158477783203,201.97146606445312,202.78994750976562,10622796
2021-09-06,203.17510986328125,203.36770629882812,201.2974395751953,201.5381622314453,11041632
2021-09-07,203.07882690429688,206.40087890625,202.3566436767578,203.89730834960938,38933378
2021-09-08,204.37875366210938,205.1009521484375,201.92332458496094,203.4158477783203,17897021
2021-09-09,203.2232666015625,205.9675750732422,202.74180603027344,204.76393127441406,19784972
2021-09-13,205.43797302246094,207.1712188720703,203.94544982910156,206.2082977294922,16661794
2021-09-14,206.93048095703125,209.19334411621094,206.25643920898438,208.0859832763672,20377545
2021-09-15,209.0489044189453,209.1451873779297,207.31565856933594,207.98968505859375,21028598
2021-09-16,208.9044647216797,224.9851531982422,208.278564453125,222.19268798828125,154986538
2021-09-17,224.3592529296875,228.49978637695312,220.6038818359375,222.57786560058594,82563658
2021-09-20,222.4334259033203,230.47377014160156,221.7112274169922,225.08143615722656,73101936
2021-09-21,226.2369384765625,233.45880126953125,223.1074676513672,232.54403686523438,58854434
2021-09-22,234.46986389160156,236.6845703125,231.77369689941406,234.46986389160156,54648494
2021-09-23,235.9142303466797,236.4919891357422,232.7366180419922,233.50694274902344,22630330
2021-09-24,234.95132446289062,234.95132446289062,228.88494873046875,229.60714721679688,25779310
2021-09-27,230.90707397460938,232.8810577392578,226.76654052734375,229.84786987304688,23772123
2021-09-28,230.95521545410156,232.64031982421875,227.536865234375,228.93310546875,16319138
2021-09-29,227.2480010986328,232.44773864746094,226.95912170410156,229.27012634277344,16045073
2021-09-30,231.0033721923828,231.4848175048828,226.52581787109375,227.39244079589844,16987893
2021-10-01,226.4776611328125,228.21090698242188,224.26295471191406,226.62210083007812,16570661
2021-10-04,227.2480010986328,229.51084899902344,226.6702423095703,227.82574462890625,11098123
2021-10-05,227.63316345214844,228.64422607421875,225.80361938476562,225.99620056152344,9578825
2021-10-06,226.09249877929688,227.63316345214844,222.04824829101562,222.6741485595703,18179336
2021-10-07,224.3592529296875,226.2369384765625,223.68521118164062,224.3111114501953,10770973
2021-10-08,226.0443572998047,226.09249877929688,222.62600708007812,223.1074676513672,10114327
2021-10-11,223.39633178710938,230.61819458007812,223.1074676513672,229.2219696044922,22000303
2021-10-12,229.75157165527344,233.9884033203125,229.173828125,232.3514404296875,30347455
2021-10-13,233.5550994873047,241.59542846679688,231.2440948486328,239.95848083496094,52091422
2021-10-14,243.85829162597656,252.1393585205078,241.06582641601562,247.03590393066406,88696178
2021-10-18,251.3208770751953,255.46141052246094,247.80624389648438,252.8134002685547,62614961
2021-10-19,251.70603942871094,252.8134002685547,235.96238708496094,236.82901000976562,61336411
2021-10-20,236.82901000976562,239.28443908691406,233.3625030517578,237.45489501953125,49663940
2021-10-21,238.802978515625,239.13999938964844,234.08470153808594,235.6253662109375,23385990
2021-10-22,235.6253662109375,236.6845703125,225.03329467773438,227.82574462890625,36905793
2021-10-25,225.41845703125,227.87388610839844,221.95196533203125,224.74441528320312,23194065
2021-10-26,225.41845703125,230.13674926757812,223.97409057617188,227.9220428466797,19663381
2021-10-27,231.34039306640625,232.3514404296875,227.44058227539062,229.60714721679688,26909428
2021-10-28,226.38137817382812,227.19985961914062,215.8374481201172,216.75222778320312,48064941
2021-10-29,216.6559295654297,219.785400390625,214.05606079101562,214.9226837158203,27668175
2021-11-01,215.8374481201172,219.11135864257812,214.24864196777344,218.43731689453125,24090945
2021-11-02,219.544677734375,220.74832153320312,216.17446899414062,217.23367309570312,14896284
2021-11-03,217.6188507080078,218.43731689453125,213.47830200195312,214.20050048828125,18530527
2021-11-04,216.51148986816406,218.87063598632812,215.69300842285156,218.14845275878906,7295341
2021-11-08,221.18162536621094,222.14454650878906,217.32997131347656,221.27792358398438,21051238
2021-11-09,221.32606506347656,222.33712768554688,219.40023803710938,220.26686096191406,11964518
2021-11-10,219.01507568359375,224.21481323242188,218.7743377685547,222.2889862060547,13948380
2021-11-11,221.8556671142578,222.91488647460938,220.07427978515625,221.4705047607422,8448263
2021-11-12,222.62600708007812,225.27401733398438,220.6520233154297,224.26295471191406,12312123
2021-11-15,225.27401733398438,230.13674926757812,224.45553588867188,229.27012634277344,40247848
2021-11-16,230.1848907470703,230.76263427734375,226.2850799560547,226.71839904785156,15241184
2021-11-17,227.2480010986328,236.15496826171875,226.91098022460938,230.61819458007812,48496295
2021-11-18,231.0996551513672,233.9884033203125,227.536865234375,228.69236755371094,21005037
2021-11-22,229.07752990722656,231.82183837890625,221.03720092773438,222.33712768554688,23443628
2021-11-23,220.6520233154297,224.07037353515625,220.6520233154297,223.01116943359375,13950744
2021-11-24,223.82965087890625,224.07037353515625,218.5336151123047,219.25579833984375,14684422
2021-11-25,218.58175659179688,223.5889129638672,217.37811279296875,222.7222900390625,24825493
2021-11-26,220.4113006591797,221.51864624023438,214.82638549804688,215.69300842285156,28067913
2021-11-29,213.76718139648438,215.35598754882812,212.033935546875,213.2857208251953,22985358
2021-11-30,213.76718139648438,216.8485107421875,211.8413543701172,212.94869995117188,24408641
2021-12-01,213.76718139648438,215.0189666748047,212.41909790039062,213.6708984375,13496307
2021-12-02,213.6708984375,217.76327514648438,213.0931396484375,217.08924865722656,16517389
2021-12-03,216.6559295654297,217.81143188476562,213.14129638671875,213.43016052246094,14325920
2021-12-06,213.43016052246094,213.9597625732422,209.43406677246094,209.81922912597656,13644352
2021-12-07,210.7821502685547,213.7190399169922,210.01181030273438,212.46725463867188,9246755
2021-12-08,212.8042755126953,217.28182983398438,212.8042755126953,216.6077880859375,10241656
2021-12-09,214.7301025390625,227.68130493164062,214.7301025390625,226.6702423095703,39714672
2021-12-10,227.44058227539062,230.08859252929688,225.08143615722656,227.3442840576172,36517117
2021-12-13,229.173828125,229.89601135253906,225.4665985107422,225.89991760253906,22903720
2021-12-14,226.2850799560547,228.3072052001953,219.11135864257812,220.12242126464844,38953007
2021-12-15,221.4705047607422,223.5889129638672,215.11526489257812,215.7411651611328,35987634
2021-12-16,217.6188507080078,217.76327514648438,212.61167907714844,214.63380432128906,25131188
2021-12-17,214.5375213623047,214.58566284179688,208.71188354492188,209.86737060546875,30827201
2021-12-20,208.2304229736328,208.2304229736328,202.01962280273438,204.523193359375,38778895
2021-12-21,206.06385803222656,207.4600830078125,203.2232666015625,204.61949157714844,20142586
2021-12-22,206.06385803222656,206.25643920898438,203.2714080810547,204.13803100585938,17903428
2021-12-23,205.9675750732422,210.3488311767578,205.2935333251953,209.24148559570312,23065082
2021-12-24,209.91552734375,212.274658203125,208.42300415039062,209.91552734375,17220191
2021-12-27,210.30068969726562,210.3488311767578,207.65267944335938,209.48220825195312,8467106
2021-12-28,209.91552734375,212.41909790039062,209.91552734375,211.88949584960938,12014352
2021-12-29,211.8413543701172,212.13023376464844,208.278564453125,208.71188354492188,11923119
2021-12-30,208.56744384765625,209.81922912597656,207.50823974609375,207.98968505859375,10116360
2021-12-31,208.8563232421875,210.68585205078125,208.13412475585938,209.9636688232422,7875890
2022-01-03,209.9636688232422,211.69691467285156,209.00074768066406,210.9747314453125,8064567
2022-01-04,211.35989379882812,213.47830200195312,210.9265899658203,212.0820770263672,9398805
2022-01-05,211.50433349609375,213.2857208251953,210.54141235351562,212.37095642089844,11663111
2022-01-06,210.87843322753906,212.2265167236328,210.1081085205078,210.58956909179688,9295303
2022-01-07,211.64877319335938,212.46725463867188,209.43406677246094,210.30068969726562,9196075
2022-01-10,211.74505615234375,216.36705017089844,210.7821502685547,215.0189666748047,16451394
2022-01-11,215.06712341308594,215.93374633789062,212.99685668945312,213.7190399169922,8329596
2022-01-12,214.24864196777344,215.35598754882812,213.38201904296875,214.48936462402344,13665682
2022-01-13,215.5967254638672,217.42626953125,214.48936462402344,215.64486694335938,11944029
2022-01-14,215.64486694335938,216.46334838867188,214.05606079101562,214.34494018554688,10976796
2022-01-17,214.34494018554688,217.23367309570312,213.14129638671875,216.27076721191406,12792728
2022-01-18,216.27076721191406,218.87063598632812,212.13023376464844,212.56353759765625,14948456
2022-01-19,212.56353759765625,214.15234375,210.58956909179688,212.17837524414062,11915686
2022-01-20,212.37095642089844,213.91162109375,209.91552734375,210.63771057128906,17997322
2022-01-21,210.39698791503906,212.32281494140625,207.98968505859375,209.00074768066406,17225050
2022-01-24,209.00074768066406,209.67478942871094,203.07882690429688,203.94544982910156,18023332
2022-01-25,204.13803100585938,206.73789978027344,201.7788848876953,206.3527374267578,19028606
2022-01-27,203.4158477783203,207.50823974609375,203.2714080810547,206.64161682128906,24041247
2022-01-28,207.12306213378906,211.11917114257812,207.12306213378906,209.5303497314453,15865353
2022-01-31,210.39698791503906,212.56353759765625,209.0489044189453,212.033935546875,15618203
2022-02-01,212.8042755126953,220.31500244140625,211.0228729248047,219.30393981933594,44871108
2022-02-02,221.4705047607422,224.64813232421875,220.50758361816406,223.540771484375,42714702
2022-02-03,223.540771484375,226.4776611328125,223.20375061035156,225.75547790527344,28918394
2022-02-04,228.45164489746094,229.65528869628906,222.96302795410156,225.6110382080078,58889867
2022-02-07,225.32217407226562,226.0443572998047,220.02613830566406,221.6630859375,25101983
2022-02-08,221.75938415527344,223.68521118164062,220.5557403564453,222.6741485595703,16825239
2022-02-09,223.68521118164062,224.3592529296875,220.26686096191406,221.6149444580078,12351873
2022-02-10,220.21871948242188,224.74441528320312,219.30393981933594,223.63706970214844,20317032
2022-02-11,223.39633178710938,224.64813232421875,221.27792358398438,223.82965087890625,18793513
2022-02-14,217.6188507080078,217.6188507080078,210.39698791503906,211.31175231933594,23621214
2022-02-15,212.8042755126953,215.21156311035156,210.44512939453125,214.7301025390625,13371177
2022-02-16,215.50042724609375,216.36705017089844,213.62274169921875,214.48936462402344,11664158
2022-02-17,214.7782440185547,216.030029296875,212.6598358154297,214.39308166503906,14564261
2022-02-18,214.39308166503906,215.1634063720703,213.2857208251953,213.6708984375,9004891
2022-02-21,212.13023376464844,213.0931396484375,209.0970458984375,209.91552734375,16750193
2022-02-22,207.0267791748047,208.8563232421875,205.1009521484375,206.88233947753906,26741024
2022-02-23,208.76002502441406,209.43406677246094,207.07492065429688,207.94154357910156,11438476
2022-02-24,202.2122039794922,205.3898162841797,199.32345581054688,200.767822265625,42933709
2022-02-25,203.6565704345703,208.4711456298828,202.74180603027344,206.01571655273438,24543858
2022-02-28,205.2935333251953,208.42300415039062,202.98252868652344,207.8452606201172,20806226
2022-03-02,206.4490203857422,208.56744384765625,204.57135009765625,207.31565856933594,20039140
2022-03-03,208.037841796875,212.033935546875,207.98968505859375,211.26361083984375,29631546
2022-03-04,209.62664794921875,218.9669189453125,208.95260620117188,217.13739013671875,69409780
2022-03-07,213.76718139648438,218.58175659179688,211.93765258789062,216.6077880859375,47001716
2022-03-08,215.5967254638672,219.9779815673828,215.45228576660156,218.4854736328125,37424203
2022-03-09,219.25579833984375,222.81858825683594,217.7151336669922,220.74832153320312,43923809
2022-03-10,222.4334259033203,223.87779235839844,219.40023803710938,223.39633178710938,37523806
2022-03-11,223.300048828125,228.3072052001953,221.6149444580078,227.58502197265625,43305144
2022-03-14,227.4887237548828,230.57005310058594,226.57395935058594,230.13674926757812,36465969
2022-03-15,230.13674926757812,232.44773864746094,227.15170288085938,229.02938842773438,34269168
2022-03-16,231.0996551513672,233.9884033203125,230.2330322265625,233.60324096679688,22462538
2022-03-17,236.15496826171875,236.29940795898438,233.69952392578125,235.8179473876953,35541798
2022-03-21,236.78085327148438,238.562255859375,234.7587432861328,235.43276977539062,29052540
2022-03-22,235.48092651367188,241.4510040283203,234.51800537109375,240.4880828857422,38368305
2022-03-23,242.12503051757812,244.29159545898438,239.28443908691406,242.65464782714844,42051087
2022-03-24,242.6064910888672,246.98776245117188,242.12503051757812,245.39895629882812,39712133
2022-03-25,245.83226013183594,246.2655792236328,240.00662231445312,243.95457458496094,30412482
2022-03-28,244.58047485351562,248.43212890625,243.1842498779297,247.51736450195312,25876007
2022-03-29,247.51736450195312,247.95066833496094,244.33973693847656,245.15821838378906,18820674
2022-03-30,245.63967895507812,246.89146423339844,239.4288787841797,239.95848083496094,18281803
2022-03-31,240.34364318847656,244.91749572753906,240.2473602294922,241.35470581054688,26644916
2022-04-01,240.7288055419922,245.88040161132812,239.5733184814453,243.90643310546875,14856664
2022-04-04,243.71385192871094,248.33584594726562,241.78802490234375,245.97669982910156,16520039
2022-04-05,246.554443359375,252.1393585205078,245.63967895507812,249.82835388183594,28230046
2022-04-06,247.95066833496094,253.58372497558594,247.75808715820312,249.97279357910156,20352716
2022-04-07,248.43212890625,252.47637939453125,246.313720703125,247.1322021484375,16679649
2022-04-08,248.43212890625,258.8797607421875,246.5063018798828,257.86871337890625,39283623
2022-04-11,258.7834777832031,263.0202941894531,256.1354675292969,257.579833984375,47924937
2022-04-12,257.0020751953125,258.68719482421875,253.34300231933594,254.97994995117188,24460888
2022-04-13,255.46141052246094,260.5648498535156,253.8726043701172,259.5538024902344,22239115
2022-04-18,258.061279296875,262.3944091796875,257.339111328125,260.0834045410156,25339139
2022-04-19,261.9129333496094,262.3944091796875,249.2024688720703,251.85047912597656,24280577
2022-04-20,253.15042114257812,255.60585021972656,247.9988250732422,249.92465209960938,25454589
2022-04-21,250.069091796875,254.64292907714844,249.97279357910156,250.74313354492188,24313956
2022-04-22,250.3579559326172,253.2467041015625,248.96173095703125,251.41717529296875,16274820
2022-04-25,249.2024688720703,249.39505004882812,243.13609313964844,245.78411865234375,25140992
2022-04-26,247.08404541015625,251.03199768066406,246.7470245361328,249.34690856933594,21327644
2022-04-27,246.69888305664062,248.91358947753906,246.2655792236328,247.95066833496094,17219401
2022-04-28,249.8765106201172,253.92074584960938,248.57656860351562,251.41717529296875,28999835
2022-04-29,253.2467041015625,253.2467041015625,248.91358947753906,249.92465209960938,21206335
2022-05-02,248.43212890625,254.6910858154297,247.51736450195312,253.39114379882812,19696250
2022-05-04,254.20962524414062,256.18359375,249.0098876953125,250.1172332763672,26951488
2022-05-05,252.28379821777344,255.36512756347656,250.74313354492188,252.33193969726562,18623544
2022-05-06,249.39505004882812,257.4353942871094,249.2987518310547,256.7613525390625,35818441
2022-05-09,256.2799072265625,256.2799072265625,250.8875732421875,253.1985626220703,22228031
2022-05-10,252.28379821777344,256.9057922363281,249.4913330078125,250.1172332763672,18727774
2022-05-11,249.39505004882812,252.47637939453125,242.41390991210938,246.16928100585938,18012072
2022-05-12,245.5433807373047,246.89146423339844,239.91033935546875,243.52127075195312,20816708
2022-05-13,245.4952392578125,251.1764373779297,245.0619354248047,249.0098876953125,12380764
2022-05-16,250.309814453125,250.309814453125,243.6175537109375,244.6767578125,8502159
2022-05-17,245.5433807373047,255.65399169921875,245.35079956054688,254.8836669921875,18483427
2022-05-18,256.1354675292969,257.86871337890625,253.39114379882812,256.9057922363281,20978307
2022-05-19,252.86154174804688,268.8940734863281,252.86154174804688,265.4275817871094,81302807
2022-05-20,266.7275085449219,271.8791198730469,266.7275085449219,269.61627197265625,33617466
2022-05-23,269.61627197265625,270.0495910644531,262.92401123046875,264.3202209472656,22535903
2022-05-24,264.80169677734375,264.80169677734375,259.98712158203125,260.80560302734375,16146766
2022-05-25,262.8277282714844,263.74249267578125,260.46856689453125,262.58697509765625,15877459
2022-05-26,258.302001953125,258.302001953125,254.065185546875,256.80950927734375,19129574
2022-05-27,259.0242004394531,260.6611633300781,255.22068786621094,259.216796875,13986762
2022-05-30,260.46856689453125,260.9500427246094,257.6761169433594,259.0723571777344,12274291
2022-05-31,259.0723571777344,264.3202209472656,256.5206298828125,260.6130065917969,24102167
2022-06-01,260.6130065917969,263.93505859375,260.1796875,261.7685241699219,15265925
2022-06-02,260.6611633300781,264.2720947265625,257.9168395996094,263.3573303222656,14789457
2022-06-03,264.80169677734375,265.4757385253906,261.52777099609375,262.58697509765625,12968807
2022-06-06,262.2981262207031,265.572021484375,259.6982421875,264.6091003417969,11345943
2022-06-07,263.0684509277344,264.80169677734375,262.1536865234375,263.74249267578125,11245578
2022-06-08,263.7906188964844,264.22393798828125,256.3280334472656,257.9649963378906,14915091
2022-06-09,257.86871337890625,261.62408447265625,255.8947296142578,260.80560302734375,10239939
2022-06-10,259.0723571777344,260.9500427246094,258.7834777832031,260.1315612792969,8693455
2022-06-13,256.5206298828125,259.1204833984375,253.2467041015625,254.8355255126953,11519902
2022-06-14,253.4392852783203,257.53167724609375,253.29486083984375,255.60585021972656,7708043
2022-06-15,256.1354675292969,257.3872375488281,253.29486083984375,253.6318817138672,5254329
2022-06-16,257.0983581542969,257.9649963378906,249.8765106201172,251.03199768066406,14843837
2022-06-17,249.39505004882812,254.35406494140625,248.96173095703125,253.53558349609375,17296080
2022-06-20,253.53558349609375,256.2799072265625,251.65789794921875,254.30592346191406,17738981
2022-06-21,255.17254638671875,260.80560302734375,254.30592346191406,259.8908386230469,14417711
2022-06-22,257.0983581542969,260.2760009765625,255.0762481689453,255.46141052246094,11756920
2022-06-23,255.65399169921875,257.339111328125,252.66896057128906,255.65399169921875,9416459
2022-06-24,256.23175048828125,258.3983154296875,255.36512756347656,255.9910125732422,7283228
2022-06-27,257.0983581542969,260.6130065917969,256.6169128417969,259.93896484375,8487729
2022-06-28,258.92791748046875,262.1536865234375,258.59088134765625,261.7685241699219,11673046
2022-06-29,259.2649230957031,264.80169677734375,259.16864013671875,263.8869323730469,16635367
2022-06-30,263.7906188964844,264.5128173828125,261.9129333496094,263.3573303222656,20003893
2022-07-01,263.3573303222656,274.43084716796875,261.1426086425781,273.8049621582031,36520000
2022-07-04,275.0567321777344,282.42303466796875,274.2382507324219,281.074951171875,41417701
2022-07-05,282.1341552734375,282.1341552734375,275.1530456542969,276.2603759765625,19283789
2022-07-06,275.49005126953125,279.24542236328125,274.7197265625,278.5713806152344,18997440
2022-07-07,280.2083435058594,282.2785949707031,277.8010559082031,281.12310791015625,14326277
2022-07-08,282.0378723144531,283.5303955078125,279.6305847167969,282.18231201171875,11538313
2022-07-11,282.1341552734375,285.93768310546875,281.2193908691406,284.05999755859375,12828405
2022-07-12,282.1341552734375,284.3970031738281,280.1120300292969,281.8453063964844,14616684
2022-07-13,282.1341552734375,283.8674011230469,281.8453063964844,283.1452331542969,9634877
2022-07-14,283.3859558105469,285.35992431640625,278.42694091796875,280.06390380859375,13930984
2022-07-15,281.1712646484375,283.0970764160156,278.76397705078125,282.66375732421875,11450042
2022-07-18,284.05999755859375,285.3117980957031,282.8563537597656,284.348876953125,11751684
2022-07-19,284.05999755859375,284.63775634765625,281.8453063964844,283.6748352050781,9542292
2022-07-20,283.9637145996094,288.39312744140625,282.7119140625,287.1413269042969,16397373
2022-07-21,287.9116516113281,290.99298095703125,286.94873046875,288.4412536621094,16660697
2022-07-22,288.87457275390625,291.2818603515625,287.0450439453125,289.4041748046875,10351425
2022-07-25,287.9116516113281,291.7151794433594,287.7190856933594,289.93377685546875,11050533
2022-07-26,289.8374938964844,292.4855041503906,289.3078918457031,291.23370361328125,10114261
2022-07-27,291.6188659667969,293.68914794921875,289.45233154296875,292.87066650390625,9706094
2022-07-28,293.5928649902344,293.8817443847656,291.1855773925781,292.1966247558594,11256515
2022-07-29,293.68914794921875,294.5557861328125,290.17449951171875,291.81146240234375,17584873
2022-08-01,292.7262268066406,297.3482360839844,291.859619140625,296.096435546875,16501510
2022-08-02,298.50372314453125,304.9071044921875,296.7704772949219,298.45556640625,40483892
2022-08-03,299.370361328125,299.370361328125,292.38922119140625,296.7223205566406,18376724
2022-08-04,296.577880859375,298.84075927734375,295.7594299316406,298.02227783203125,16514348
2022-08-05,298.02227783203125,300.2369689941406,297.6371154785156,299.32220458984375,10477269
2022-08-08,299.4184875488281,302.3072509765625,298.5518798828125,301.5368957519531,8627072
2022-08-10,301.5368957519531,302.4516906738281,299.2259216308594,299.6592102050781,9267241
2022-08-11,301.3924560546875,301.8257751464844,293.97802734375,294.8927917480469,11305242
2022-08-12,294.8927917480469,297.92596435546875,293.20770263671875,297.10748291015625,6669853
2022-08-16,297.10748291015625,299.9480895996094,297.10748291015625,299.0333251953125,8941455
2022-08-17,300.14068603515625,301.6332092285156,299.4666442871094,300.95916748046875,8283028
2022-08-18,301.3924560546875,304.2812194824219,301.0072937011719,303.9441833496094,10264507
2022-08-19,304.4256591796875,304.4256591796875,299.6592102050781,300.4295654296875,10823811
2022-08-22,299.6592102050781,305.244140625,299.4666442871094,302.74053955078125,11793184
2022-08-23,301.3443298339844,304.2812194824219,300.5258483886719,304.1849365234375,9698555
2022-08-24,304.0404968261719,307.603271484375,301.44061279296875,302.4516906738281,11783894
2022-08-25,303.7516174316406,304.6663818359375,300.0444030761719,300.7665710449219,8057930
2022-08-26,303.07757568359375,303.7034606933594,300.4295654296875,301.2961730957031,7224507
2022-08-29,298.50372314453125,303.2701416015625,297.3963623046875,301.9220886230469,11798961
2022-08-30,302.5960998535156,309.48095703125,302.5960998535156,308.6143493652344,18516092
2022-09-01,307.65142822265625,309.96240234375,304.2812194824219,305.8218688964844,13765474
2022-09-02,306.8810729980469,312.22528076171875,306.25518798828125,311.1660461425781,26750910
2022-09-05,312.94744873046875,317.3768615722656,311.7438049316406,316.6546630859375,18144801
2022-09-06,317.76202392578125,317.76202392578125,314.2955322265625,315.0177307128906,12431779
2022-09-07,313.9103698730469,316.12506103515625,313.18817138671875,314.00665283203125,8397233
2022-09-08,316.7991027832031,318.33978271484375,315.354736328125,317.6657409667969,11331350
2022-09-09,318.33978271484375,320.93963623046875,317.76202392578125,318.2434997558594,9770432
2022-09-12,319.6878662109375,320.0730285644531,317.76202392578125,318.628662109375,9048240
2022-09-13,319.39898681640625,322.57659912109375,318.33978271484375,321.9988708496094,10925371
2022-09-14,318.7249450683594,326.4282531738281,318.6767883300781,322.91363525390625,12739464
2022-09-15,323.9246826171875,324.55059814453125,320.5544738769531,321.7099914550781,8742900
2022-09-16,320.0248718261719,322.1914367675781,317.47314453125,319.0138244628906,12973988
2022-09-19,316.8954162597656,324.4061584472656,316.8954162597656,323.15435791015625,14918717
2022-09-20,326.1875305175781,327.0060119628906,322.57659912109375,323.5395202636719,9892945
2022-09-21,323.5395202636719,332.3983459472656,323.0580749511719,328.3059387207031,21800547
2022-09-22,328.3540954589844,335.8166809082031,328.2578125,332.25390625,25111230
2022-09-23,334.613037109375,336.5870361328125,330.5688171386719,333.5538330078125,23718397
2022-09-26,332.0613098144531,333.1205139160156,319.4471435546875,320.265625,16829922
2022-09-27,322.57659912109375,326.9578857421875,321.6136779785156,322.4321594238281,10375837
2022-09-28,319.63970947265625,320.93963623046875,312.2734069824219,312.8993225097656,16151900
2022-09-29,316.7991027832031,322.4803161621094,315.595458984375,320.69891357421875,18985406
2022-09-30,320.69891357421875,323.2987976074219,317.9064636230469,319.88043212890625,12906555
2022-10-03,320.5544738769531,320.6507873535156,311.2623596191406,312.36968994140625,9462192
2022-10-04,316.51025390625,321.6136779785156,315.8362121582031,320.50634765625,9142294
2022-10-06,322.57659912109375,326.7171325683594,320.21746826171875,324.1654052734375,23091432
2022-10-07,324.3098449707031,324.3580017089844,319.0138244628906,321.7099914550781,10910698
2022-10-10,317.76202392578125,319.15826416015625,313.9585266113281,315.6917724609375,9750594
2022-10-11,316.7991027832031,318.1953430175781,313.0437316894531,314.1992492675781,11018577
2022-10-12,315.7880554199219,319.15826416015625,312.70672607421875,317.8583068847656,10735673
2022-10-13,317.7138977050781,319.0138244628906,315.8362121582031,316.46209716796875,7546587
2022-10-14,319.97674560546875,321.51739501953125,318.58050537109375,319.7841491699219,6672357
2022-10-17,318.82122802734375,322.33587646484375,317.3768615722656,319.9285888671875,7195922
2022-10-18,321.5655517578125,328.3540954589844,321.1803894042969,327.6800537109375,21691854
2022-10-19,330.376220703125,334.5649108886719,327.1986083984375,333.5057067871094,16923690
2022-10-20,334.131591796875,337.93511962890625,332.01318359375,336.7314758300781,19186222
2022-10-21,340.1016540527344,340.1016540527344,331.72430419921875,332.78350830078125,28426343
2022-10-24,336.00927734375,336.7314758300781,334.131591796875,334.8056335449219,3292671
2022-10-25,336.49072265625,336.53887939453125,330.90582275390625,333.4575500488281,17906260
2022-10-27,333.7945556640625,335.4315185546875,331.0984191894531,332.9761047363281,19273344
2022-10-28,334.66119384765625,335.6722412109375,332.30206298828125,332.9761047363281,13572499
2022-10-31,335.0945129394531,337.5018005371094,331.96502685546875,335.7685546875,14358449
2022-11-01,336.29815673828125,337.5018005371094,334.3241882324219,336.53887939453125,20422565
2022-11-02,335.5759582519531,343.0385437011719,335.5759582519531,341.4978942871094,17427813
2022-11-03,340.87200927734375,345.2051086425781,339.9090881347656,340.5831298828125,11149636
2022-11-04,340.87200927734375,342.7978210449219,339.4276123046875,340.48681640625,8709851
2022-11-07,341.83489990234375,343.1348571777344,337.02032470703125,340.3905334472656,10437370
2022-11-09,340.3905334472656,348.04571533203125,340.1016540527344,347.3235168457031,21404869
2022-11-10,345.68658447265625,346.5531921386719,340.9682922363281,342.7978210449219,20071989
2022-11-11,346.64947509765625,347.56427001953125,341.4978942871094,343.1348571777344,11372654
2022-11-14,343.1348571777344,343.71258544921875,333.7464294433594,334.3241882324219,18319254
2022-11-15,336.00927734375,336.00927734375,326.57269287109375,332.4465026855469,16046491
2022-11-16,332.8797912597656,333.9871520996094,328.97998046875,331.3391418457031,7897812
2022-11-17,331.3391418457031,334.5649108886719,329.894775390625,330.9539794921875,10379179
2022-11-18,330.9539794921875,331.96502685546875,327.1986083984375,328.4022521972656,8140173
2022-11-21,326.5245666503906,327.39117431640625,321.9988708496094,324.69500732421875,9553090
2022-11-22,324.50244140625,328.3540954589844,323.2506408691406,327.63189697265625,6746019
2022-11-23,329.3170166015625,329.3170166015625,324.98388671875,327.1986083984375,8067471
2022-11-24,327.1986083984375,329.7984619140625,325.03204345703125,328.1133728027344,8454385
2022-11-25,328.3540954589844,329.2207336425781,325.27276611328125,327.6800537109375,7200274
2022-11-28,327.39117431640625,329.0762939453125,326.1875305175781,327.4393310546875,10284123
2022-11-29,327.39117431640625,332.20574951171875,327.39117431640625,329.60589599609375,10582296
2022-11-30,328.5948181152344,331.38726806640625,326.4282531738281,327.39117431640625,23425220
2022-12-01,329.02813720703125,329.02813720703125,324.3098449707031,326.9578857421875,17270904
2022-12-02,326.7652893066406,328.1615295410156,324.26171875,324.6468811035156,8711914
2022-12-05,325.1283264160156,326.2838439941406,321.75811767578125,324.26171875,10090597
2022-12-06,321.7099914550781,325.6579284667969,321.7099914550781,324.79132080078125,6571118
2022-12-07,325.9468078613281,328.8355407714844,324.1654052734375,327.48748779296875,10191144
2022-12-08,327.5837707519531,329.4614562988281,324.98388671875,325.85052490234375,6439244
2022-12-09,327.15045166015625,329.7984619140625,325.4653625488281,328.7392578125,8445424
2022-12-12,328.3540954589844,331.24285888671875,327.48748779296875,330.4725036621094,11646572
2022-12-13,331.72430419921875,333.1686706542969,329.7021789550781,332.78350830078125,11105261
2022-12-14,333.1686706542969,334.4685974121094,331.0021057128906,332.5909118652344,7664099
2022-12-15,331.96502685546875,333.26495361328125,325.4653625488281,326.2838439941406,8469001
2022-12-16,324.98388671875,326.33197021484375,319.0138244628906,322.67291259765625,12907968
2022-12-19,324.3098449707031,329.6540222167969,322.91363525390625,327.8726501464844,8113695
2022-12-20,327.4393310546875,328.3059387207031,324.26171875,327.5356140136719,5693354
2022-12-21,328.3540954589844,328.5948181152344,322.09515380859375,322.7210388183594,7316532
2022-12-22,323.2025146484375,324.8876037597656,317.6657409667969,320.1211853027344,6838031
2022-12-23,318.628662109375,319.5915832519531,313.28448486328125,314.58441162109375,10461859
2022-12-26,314.3918151855469,322.67291259765625,313.4289245605469,322.1914367675781,9934633
2022-12-27,323.15435791015625,323.9246826171875,317.9064636230469,320.79522705078125,6986433
2022-12-28,320.50634765625,322.57659912109375,319.2063903808594,321.9988708496094,8035558
2022-12-29,321.9507141113281,323.2987976074219,319.2545471191406,322.91363525390625,8417520
2022-12-30,322.9617614746094,324.26171875,318.2434997558594,319.2545471191406,7228324
2023-01-02,318.628662109375,321.6136779785156,317.4250183105469,320.50634765625,6181118
2023-01-03,319.2063903808594,320.98779296875,318.00274658203125,318.82122802734375,6228015
2023-01-04,319.5434265136719,320.1693115234375,313.9103698730469,314.873291015625,6947412
2023-01-05,316.46209716796875,321.51739501953125,316.0287780761719,321.0840759277344,8486143
2023-01-06,322.2877197265625,325.03204345703125,320.7470703125,322.624755859375,8603181
2023-01-09,324.45428466796875,328.6429748535156,323.6839599609375,325.51348876953125,11027747
2023-01-10,325.3690490722656,325.85052490234375,320.21746826171875,321.03594970703125,7217255
2023-01-11,322.67291259765625,322.67291259765625,319.0138244628906,319.4952697753906,4760847
2023-01-12,321.03594970703125,321.228515625,315.9324951171875,317.6175842285156,6894087
2023-01-13,317.6175842285156,319.9285888671875,314.2955322265625,316.5583801269531,14967746
2023-01-16,318.09906005859375,319.88043212890625,315.40289306640625,317.9546203613281,8571826
2023-01-17,317.9546203613281,321.1322326660156,316.8954162597656,319.9285888671875,14240647
2023-01-18,321.6136779785156,324.0691223144531,320.0730285644531,322.2395935058594,13039078
2023-01-19,321.6136779785156,323.2025146484375,319.350830078125,319.8323059082031,8667564
2023-01-20,319.6878662109375,322.7691955566406,317.03985595703125,322.1914367675781,13608325
2023-01-23,323.5395202636719,325.60980224609375,320.69891357421875,325.224609375,7399204
2023-01-24,325.27276611328125,328.1133728027344,325.0802001953125,326.380126953125,12776694
2023-01-25,326.33197021484375,328.3540954589844,322.81732177734375,326.66900634765625,12978859
2023-01-27,329.1244201660156,335.9129943847656,328.8355407714844,333.1686706542969,21850457
2023-01-30,334.0353088378906,338.7054443359375,329.1725769042969,332.01318359375,14634225
2023-01-31,333.1686706542969,341.83489990234375,328.4022521972656,339.2831726074219,17794183
2023-02-01,339.9090881347656,352.1380920410156,316.8954162597656,347.99755859375,67003785
2023-02-02,348.1901550292969,370.4335021972656,347.03466796875,364.5597229003906,57892084
2023-02-03,367.7373352050781,368.0743408203125,358.2044677734375,366.53369140625,23153980
2023-02-06,368.3150939941406,373.8037109375,365.5226135253906,369.18170166015625,26783409
2023-02-07,369.66314697265625,369.66314697265625,354.7861328125,359.4081115722656,21438758
2023-02-08,360.85247802734375,363.30792236328125,357.7711486816406,361.6228332519531,10821785
2023-02-09,360.13031005859375,365.9078063964844,358.3489074707031,360.37103271484375,12318006
2023-02-10,358.3970642089844,362.97088623046875,356.5675048828125,357.5785827636719,10674456
2023-02-13,359.1673889160156,361.2376403808594,356.27862548828125,360.3228759765625,10282470
2023-02-14,361.0932312011719,373.27410888671875,359.8895568847656,372.11859130859375,30246745
2023-02-15,367.5928955078125,368.652099609375,364.5115661621094,368.0262145996094,12679568
2023-02-16,367.8336181640625,370.9631042480469,366.8706970214844,368.36322021484375,10151755
2023-02-17,366.9188537597656,370.2890625,365.18560791015625,369.18170166015625,7967611
2023-02-20,370.4335021972656,373.1296691894531,367.1595764160156,369.8075866699219,8105569
2023-02-21,370.7223815917969,371.5889892578125,367.54473876953125,368.0743408203125,8577674
2023-02-22,367.8336181640625,370.6260681152344,365.9078063964844,369.6150207519531,9306194
2023-02-23,370.1927795410156,379.38861083984375,368.892822265625,373.2259521484375,19555814
2023-02-24,374.57403564453125,374.57403564453125,366.8706970214844,370.81866455078125,13407431
2023-02-27,370.81866455078125,372.45562744140625,364.0782470703125,368.0262145996094,8455904
2023-02-28,368.3150939941406,370.00018310546875,361.0932312011719,362.73016357421875,16997837
2023-03-01,360.37103271484375,366.29296875,359.7451477050781,364.656005859375,8065784
2023-03-02,365.42633056640625,365.66705322265625,360.8043518066406,361.6228332519531,5212922
2023-03-03,363.01904296875,371.1075439453125,362.1524353027344,370.6742248535156,8495772
2023-03-06,371.5889892578125,377.9442443847656,370.9631042480469,373.75555419921875,11126980
2023-03-08,373.6111145019531,378.57012939453125,370.81866455078125,377.8479309082031,9261146
2023-03-09,377.55908203125,379.0034484863281,371.3482666015625,373.1296691894531,10005328
2023-03-10,372.6000671386719,375.7295227050781,369.2779846191406,373.6111145019531,8684320
2023-03-13,374.7666015625,376.403564453125,368.3150939941406,369.42242431640625,9130473
2023-03-14,371.39642333984375,372.11859130859375,363.2116394042969,365.6189270019531,10623744
2023-03-15,366.8706970214844,370.04833984375,363.9819641113281,365.3300476074219,8748113
2023-03-16,366.48553466796875,368.170654296875,362.8746032714844,367.30401611328125,16315136
2023-03-17,370.7223815917969,370.7223815917969,355.9416198730469,361.6228332519531,50787703
2023-03-20,359.4562683105469,365.2818908691406,358.2044677734375,364.7522888183594,10512002
2023-03-21,364.7522888183594,364.7522888183594,360.1784362792969,362.97088623046875,12057999
2023-03-22,362.97088623046875,364.8004455566406,360.3228759765625,363.7412414550781,4958761
2023-03-23,363.01904296875,368.5558166503906,360.5154724121094,366.53369140625,10127917
2023-03-24,367.3521728515625,368.7965393066406,363.9819641113281,364.656005859375,10317108
2023-03-27,363.9338073730469,370.1446228027344,362.3931579589844,366.1003723144531,11232922
2023-03-28,366.1003723144531,368.170654296875,364.12640380859375,365.66705322265625,9523719
2023-03-29,366.1003723144531,369.75946044921875,363.1634826660156,368.5558166503906,10551626
2023-03-31,367.8336181640625,370.24090576171875,365.9078063964844,369.2779846191406,9877493
2023-04-03,369.75946044921875,369.75946044921875,364.4634094238281,364.84857177734375,7331070
2023-04-05,364.84857177734375,372.69635009765625,364.84857177734375,372.0704650878906,12055499
2023-04-06,372.3111877441406,375.8258056640625,369.9520263671875,372.9852294921875,13394394
2023-04-10,372.9852294921875,375.5369567871094,370.48162841796875,374.1407165527344,7044256
2023-04-11,374.1407165527344,383.3365478515625,373.6111145019531,381.3144226074219,18939829
2023-04-12,382.9995422363281,383.0476989746094,377.55908203125,378.9552917480469,10122932
2023-04-13,380.8329772949219,381.8921813964844,379.0997314453125,380.92926025390625,6292395
2023-04-17,378.32940673828125,387.0919189453125,378.32940673828125,385.310546875,11466474
2023-04-18,385.1661071777344,387.0919189453125,382.27734375,383.7217102050781,9860308
2023-04-19,381.3625793457031,386.4660339355469,381.3144226074219,383.96246337890625,10119480
2023-04-20,385.1661071777344,387.71783447265625,382.9513854980469,385.4549865722656,6924577
2023-04-21,385.4549865722656,393.83233642578125,384.2513427734375,393.1101379394531,14801099
2023-04-24,394.7952575683594,394.7952575683594,389.2103271484375,393.54345703125,6212135
2023-04-25,393.54345703125,398.2135925292969,392.2916564941406,396.28778076171875,9180650
2023-04-26,396.7210693359375,397.6839904785156,393.8804931640625,396.9618225097656,7914219
2023-04-27,396.9136657714844,401.92083740234375,395.7581787109375,400.57275390625,13100076
2023-04-28,402.4985656738281,412.3684387207031,398.3580322265625,409.7685852050781,13208557
2023-05-02,410.201904296875,411.164794921875,405.57989501953125,408.7093811035156,10648421
2023-05-03,408.27606201171875,412.60919189453125,406.39837646484375,411.3092346191406,7607609
2023-05-04,409.5278625488281,411.164794921875,408.27606201171875,408.85382080078125,8292456
2023-05-05,410.15374755859375,415.8830871582031,408.61309814453125,412.84991455078125,12890455
2023-05-08,415.0164794921875,417.3756103515625,413.42767333984375,415.44976806640625,7522610
2023-05-09,416.7497253417969,417.08673095703125,405.8687744140625,408.0834655761719,10377820
2023-05-10,408.2279052734375,410.5389099121094,406.5428161621094,409.57598876953125,10130159
2023-05-11,411.4055480957031,411.54998779296875,403.3652038574219,404.8095703125,16597954
2023-05-12,404.8095703125,407.0242614746094,400.6208801269531,404.85772705078125,11564770
2023-05-15,404.4244079589844,412.8017578125,403.5096435546875,411.9351501464844,9503538
2023-05-16,414.0535583496094,414.0535583496094,407.79461669921875,408.2279052734375,8302077
2023-05-17,408.4205017089844,413.04248046875,406.927978515625,411.7425537109375,9844782
2023-05-18,414.0535583496094,416.4126892089844,402.5948791503906,404.1355285644531,24919291
2023-05-19,405.33917236328125,407.4094543457031,396.0951843261719,404.27996826171875,26759905
2023-05-22,406.3020935058594,409.9611511230469,403.5577697753906,408.9982604980469,16015615
2023-05-23,410.201904296875,415.20904541015625,408.4686584472656,413.2350769042969,9068926
2023-05-24,412.4165954589844,418.6274108886719,411.164794921875,417.42376708984375,11921823
2023-05-25,420.7458190917969,426.0418395996094,418.675537109375,424.7900695800781,18905572
2023-05-26,426.95660400390625,428.2565612792969,423.2012634277344,427.1492004394531,13496209
2023-05-29,428.4972839355469,435.04510498046875,427.6306457519531,432.4452209472656,20589822
2023-05-30,424.6456298828125,434.7080993652344,424.6456298828125,433.215576171875,19627897
2023-05-31,432.6378173828125,435.2377014160156,426.0418395996094,428.9787292480469,14821960
2023-06-01,430.4231262207031,430.4231262207031,422.71978759765625,423.3938293457031,9142172
2023-06-02,423.6827087402344,428.4010009765625,423.4901123046875,426.95660400390625,9558309
2023-06-05,428.4972839355469,430.2786865234375,423.77899169921875,424.30859375,7427630
2023-06-06,424.4530334472656,427.1492004394531,424.06787109375,426.3788757324219,6703067
2023-06-07,427.53436279296875,429.1231689453125,426.3307189941406,427.4862365722656,7833952
2023-06-08,429.17132568359375,429.219482421875,425.5122375488281,426.47515869140625,7294955
2023-06-09,419.0125732421875,428.2084045410156,419.0125732421875,422.190185546875,7329661
2023-06-12,423.6827087402344,424.59747314453125,417.7607727050781,420.7458190917969,9054977
2023-06-13,424.6456298828125,429.8453674316406,422.0457458496094,428.8824462890625,16732376
2023-06-14,429.700927734375,431.1452941894531,427.29364013671875,428.0158386230469,9039402
2023-06-15,428.4972839355469,432.10821533203125,428.2565612792969,431.4823303222656,7787525
2023-06-16,432.34893798828125,438.7041931152344,431.28973388671875,436.2969055175781,12181426
2023-06-19,437.8857116699219,438.9930725097656,435.4784240722656,436.7783508300781,4350517
2023-06-20,437.933837890625,437.933837890625,433.456298828125,436.0561828613281,4644353
2023-06-21,435.2377014160156,437.3561096191406,428.5454406738281,430.47125244140625,6292873
2023-06-22,431.3860168457031,432.974853515625,429.3157653808594,431.04901123046875,6892713
2023-06-23,430.9045715332031,431.04901123046875,426.2825927734375,428.2565612792969,6325479
2023-06-26,430.3268127441406,434.6599426269531,427.53436279296875,429.17132568359375,5688287
2023-06-27,429.5564880371094,430.6156921386719,426.71588134765625,428.59356689453125,5052984
2023-06-28,428.4972839355469,433.8896179199219,428.0158386230469,432.68597412109375,12548096
2023-06-30,433.3118591308594,435.1895446777344,430.0379333496094,434.8525390625,9456776
2023-07-03,434.8525390625,448.67034912109375,433.3600158691406,446.07049560546875,11111199
2023-07-04,447.7555847167969,450.64434814453125,442.7484436035156,449.0555114746094,8022597
2023-07-05,449.0555114746094,462.8252258300781,447.08154296875,457.48101806640625,16878943
2023-07-06,459.6475830078125,459.69573974609375,453.0516357421875,456.3255310058594,9835812
2023-07-07,455.45892333984375,457.8662109375,450.2591552734375,451.0295104980469,7605499
2023-07-10,452.5701599121094,453.4367980957031,446.5037841796875,448.5740661621094,6772454
2023-07-11,448.718505859375,456.951416015625,448.718505859375,455.6033630371094,8783282
2023-07-12,460.0327453613281,460.0327453613281,453.00347900390625,454.7848815917969,12816220
2023-07-13,456.3255310058594,459.0698547363281,453.5330810546875,454.4960021972656,8214385
2023-07-14,455.45892333984375,457.3847351074219,453.8700866699219,455.36260986328125,5277090
2023-07-17,456.9032897949219,458.1550598144531,453.1479187011719,454.8330078125,6325310
2023-07-18,455.0256042480469,456.6144104003906,453.5330810546875,454.9774475097656,5558415
2023-07-19,455.2181701660156,462.63262939453125,450.7406311035156,461.09197998046875,14401395
2023-07-20,462.10302734375,475.3912658691406,458.63653564453125,473.89874267578125,21030102
2023-07-21,473.56170654296875,479.242919921875,468.9397277832031,472.26177978515625,14510084
2023-07-24,475.1505126953125,481.16876220703125,450.78875732421875,453.8700866699219,40477929
2023-07-25,450.54803466796875,451.12579345703125,438.5115966796875,445.1557312011719,45211370
2023-07-26,447.6593017578125,455.45892333984375,444.91497802734375,454.7367248535156,18842179
2023-07-27,456.8070068359375,457.5291748046875,444.0002136230469,447.8037414550781,14528232
2023-07-28,450.35546875,452.0405578613281,446.2149353027344,451.07763671875,10362522
2023-07-31,451.60723876953125,452.2812805175781,446.31121826171875,448.42962646484375,8510403
2023-08-01,448.718505859375,451.4627990722656,446.60009765625,447.5630187988281,6686176
2023-08-02,447.37042236328125,447.5630187988281,441.0151672363281,443.03729248046875,10715605
2023-08-03,443.03729248046875,446.55194091796875,437.452392578125,439.13751220703125,11026824
2023-08-04,439.37823486328125,444.2890930175781,437.40423583984375,438.0782775878906,7097614
2023-08-07,437.25982666015625,439.61895751953125,434.22662353515625,438.0301513671875,9513953
2023-08-08,440.0522766113281,440.0522766113281,434.3229064941406,435.57470703125,6638681
2023-08-09,435.57470703125,442.8447265625,430.3268127441406,441.6410827636719,10134166
2023-08-10,441.8818054199219,442.2669677734375,432.34893798828125,434.9969482421875,13702317
2023-08-11,437.0672302246094,437.0672302246094,428.2565612792969,432.10821533203125,12028396
2023-08-14,432.10821533203125,434.5155029296875,428.5454406738281,432.5415344238281,7854074
2023-08-16,434.2747802734375,440.43743896484375,431.57861328125,433.5525817871094,15494896
2023-08-17,433.3118591308594,433.3118591308594,423.6827087402344,424.6456298828125,16896158
2023-08-18,424.6456298828125,426.9084777832031,422.23834228515625,425.2715148925781,20068497
2023-08-21,425.6085510253906,431.86749267578125,424.9826354980469,431.1934509277344,9940689
2023-08-22,432.34893798828125,438.2708740234375,430.4231262207031,437.40423583984375,10234488
2023-08-23,438.7041931152344,438.7523193359375,431.9637756347656,433.74517822265625,8770272
2023-08-24,433.8896179199219,436.68206787109375,432.6378173828125,434.1784973144531,6322751
2023-08-25,434.1784973144531,434.2747802734375,425.65667724609375,426.9084777832031,9628041
2023-08-28,428.4972839355469,430.2786865234375,424.6456298828125,425.0307922363281,7176903
2023-08-29,426.5233154296875,427.53436279296875,422.9123840332031,423.77899169921875,9845106
2023-08-30,424.6456298828125,427.53436279296875,424.1641540527344,426.3788757324219,7648569
2023-08-31,426.5714416503906,428.4010009765625,419.9273376464844,423.3938293457031,20666732
2023-09-01,423.6827087402344,428.4972839355469,422.0457458496094,424.6937561035156,11879159
2023-09-04,426.9084777832031,426.9084777832031,420.4569396972656,421.2754211425781,14128562
2023-09-05,422.6235046386719,428.0158386230469,422.23834228515625,426.6677551269531,8701612
2023-09-06,427.4862365722656,431.86749267578125,425.6085510253906,430.8564147949219,13358433
2023-09-07,432.1563720703125,432.34893798828125,428.11212158203125,429.3639221191406,8401953
2023-09-08,431.28973388671875,431.28973388671875,425.464111328125,426.23443603515625,10322317
2023-09-11,429.460205078125,431.4823303222656,426.23443603515625,430.6156921386719,9679540
2023-09-12,432.2526550292969,437.452392578125,429.0750427246094,434.4192199707031,14961276
2023-09-13,435.4302673339844,440.0522766113281,434.3710632324219,436.68206787109375,12268130
2023-09-14,438.9930725097656,438.9930725097656,430.56756591796875,433.2637023925781,14986708
2023-09-15,431.4341735839844,435.333984375,430.4231262207031,431.7230529785156,15657801
2023-09-18,431.7230529785156,437.16351318359375,429.65277099609375,435.28582763671875,8513132
2023-09-20,434.9488220214844,438.22271728515625,432.8785400390625,436.1524658203125,10343224
2023-09-21,436.0080261230469,436.7301940917969,428.0158386230469,430.9045715332031,11132308
2023-09-22,430.9045715332031,431.7712097167969,425.8492736816406,426.6677551269531,7795399
2023-09-25,426.6677551269531,428.3046875,422.0939025878906,426.186279296875,6005673
2023-09-26,427.1492004394531,428.0158386230469,423.3938293457031,426.0418395996094,5533023
2023-09-27,426.0418395996094,433.1192626953125,422.5272216796875,432.4933776855469,10894817
2023-09-28,433.2637023925781,433.2637023925781,423.29754638671875,424.4049072265625,10610213
2023-09-29,425.6085510253906,429.0750427246094,422.9123840332031,427.9195251464844,8474326
2023-10-03,424.6456298828125,426.47515869140625,422.96051025390625,423.4419860839844,7770032
2023-10-04,423.4419860839844,425.3196716308594,417.2311706542969,419.9273376464844,13912656
2023-10-05,423.6827087402344,424.1641540527344,418.9162902832031,419.8791809082031,10416552
2023-10-06,421.6124267578125,427.1492004394531,420.4569396972656,425.7529602050781,8742804
2023-10-09,424.59747314453125,426.7640380859375,421.0346984863281,424.11602783203125,5827256
2023-10-10,424.11602783203125,428.35284423828125,424.11602783203125,427.9195251464844,5207891
2023-10-11,430.6156921386719,432.7822570800781,428.3046875,431.62677001953125,7946195
2023-10-12,432.974853515625,435.7191467285156,429.6046447753906,433.98590087890625,12227957
2023-10-13,433.16741943359375,435.04510498046875,430.4231262207031,431.7230529785156,7926432
2023-10-16,431.3860168457031,434.2747802734375,429.65277099609375,432.3008117675781,4377288
2023-10-17,433.1192626953125,437.6449890136719,432.34893798828125,436.6339111328125,7203352
2023-10-18,437.40423583984375,441.207763671875,434.2747802734375,434.9006652832031,7160492
2023-10-19,433.0711364746094,438.0301513671875,430.2786865234375,433.697021484375,9830006
2023-10-20,428.4972839355469,432.34893798828125,421.1309814453125,422.0457458496094,13521824
2023-10-23,421.7568664550781,423.6345520019531,417.0386047363281,419.7347412109375,7555671
2023-10-25,420.6976623535156,421.7568664550781,411.21295166015625,416.6534118652344,11308597
2023-10-26,413.6202392578125,420.4087829589844,413.6202392578125,418.24224853515625,19525305
2023-10-27,418.24224853515625,420.60137939453125,416.1719665527344,417.66448974609375,13638258
2023-10-30,418.434814453125,420.9383850097656,412.4647521972656,414.48687744140625,7911426
2023-10-31,414.0535583496094,417.2793273925781,412.03143310546875,412.51287841796875,8952141
2023-11-01,414.0535583496094,415.1127624511719,409.7204284667969,412.2240295410156,8297973
2023-11-02,414.1017150878906,416.6534118652344,412.7536315917969,415.1609191894531,8465990
2023-11-03,416.7497253417969,418.2903747558594,415.1127624511719,417.1830139160156,14334179
2023-11-06,417.42376708984375,420.60137939453125,416.5090026855469,419.20513916015625,7589690
2023-11-07,418.7718505859375,418.7718505859375,416.1238098144531,416.6534118652344,5321353
2023-11-08,417.08673095703125,421.2754211425781,416.26824951171875,420.7458190917969,7248663
2023-11-09,421.5643005371094,421.7568664550781,417.8089294433594,418.2903747558594,8085620
2023-11-10,418.2903747558594,421.7568664550781,416.4608459472656,420.36065673828125,4236307
2023-11-13,422.14202880859375,422.14202880859375,418.8681335449219,419.8310546875,3888975
2023-11-15,421.8531799316406,426.0899963378906,421.2754211425781,425.5603942871094,7722827
2023-11-16,425.5603942871094,428.0158386230469,421.3717041015625,422.3827819824219,11276031
2023-11-17,422.96051025390625,425.1270751953125,422.0457458496094,422.96051025390625,6911592
2023-11-20,423.53826904296875,423.9715881347656,418.3866882324219,420.60137939453125,4502356
2023-11-21,420.9383850097656,423.0086669921875,419.3495788574219,420.07177734375,6228803
2023-11-22,420.7939758300781,424.06787109375,418.675537109375,423.3938293457031,5074887
2023-11-23,424.59747314453125,425.8492736816406,421.99761962890625,424.01971435546875,6611803
2023-11-24,424.6456298828125,425.8492736816406,420.6495361328125,421.5643005371094,7084608
2023-11-28,421.7568664550781,422.71978759765625,418.7718505859375,419.1088562011719,9082513
2023-11-29,419.8310546875,422.23834228515625,418.0496520996094,420.9865417480469,14316126
2023-11-30,420.5050964355469,422.190185546875,418.3866882324219,419.6384582519531,15710110
2023-12-01,421.66058349609375,434.22662353515625,421.17913818359375,433.1192626953125,20081576
2023-12-04,438.1264343261719,439.4745178222656,434.2747802734375,437.211669921875,13293194
2023-12-05,438.1264343261719,440.8226013183594,433.40814208984375,434.9969482421875,12603697
2023-12-06,437.0672302246094,447.2741394042969,435.333984375,446.07049560546875,21203900
2023-12-07,447.5148620605469,447.5630187988281,440.43743896484375,441.1114807128906,11746535
2023-12-08,442.8928527832031,444.481689453125,431.86749267578125,432.4933776855469,19386851
2023-12-11,434.7562255859375,436.7783508300781,432.6378173828125,435.6709899902344,6854157
2023-12-12,437.3561096191406,442.9410095214844,435.57470703125,436.2969055175781,10549319
2023-12-13,439.37823486328125,441.8336486816406,436.2969055175781,438.7523193359375,11718443
2023-12-14,442.9410095214844,443.9039306640625,432.7822570800781,443.03729248046875,14924265
2023-12-15,444.7705383300781,445.7816162109375,438.1264343261719,441.207763671875,16397959
2023-12-18,438.1264343261719,439.08935546875,433.64886474609375,434.9006652832031,12490839
2023-12-19,436.5376281738281,441.0151672363281,435.28582763671875,439.1856384277344,10664235
2023-12-20,441.97808837890625,442.21881103515625,432.6378173828125,434.2747802734375,10766954
2023-12-21,432.34893798828125,436.92279052734375,427.9676818847656,434.7080993652344,11584223
2023-12-22,436.2005920410156,438.9930725097656,433.8414611816406,438.31903076171875,11450973
2023-12-26,439.13751220703125,441.8818054199219,437.8375549316406,439.5226745605469,6097422
2023-12-27,440.0522766113281,441.49664306640625,436.92279052734375,440.1485595703125,7833901
2023-12-28,440.2448425292969,447.4667053222656,439.1856384277344,446.88897705078125,21493169
2023-12-29,446.88897705078125,450.54803466796875,444.2409362792969,444.963134765625,13384631
2024-01-01,446.31121826171875,452.52203369140625,445.49273681640625,450.6924743652344,9706230
2024-01-02,452.5701599121094,453.8700866699219,446.4075012207031,452.9071960449219,10924918
2024-01-03,452.8108825683594,462.87335205078125,451.94427490234375,459.5513000488281,24961710
2024-01-04,462.1993103027344,463.5955505371094,456.6144104003906,458.7328186035156,12240910
2024-01-05,461.62158203125,461.62158203125,454.4960021972656,456.3736877441406,9564086
2024-01-08,457.3847351074219,457.8662109375,447.322265625,448.237060546875,8311403
2024-01-09,450.1628723144531,452.52203369140625,446.4556579589844,447.322265625,5916180
2024-01-10,447.322265625,449.4407043457031,442.9891662597656,446.1186218261719,6123200
2024-01-11,446.88897705078125,449.24810791015625,444.0002136230469,445.49273681640625,6786448
2024-01-12,446.07049560546875,450.35546875,443.2780456542969,449.3925476074219,9714589
2024-01-15,452.5701599121094,453.0516357421875,448.8147888183594,450.2591552734375,7167978
2024-01-16,450.4517517089844,457.3847351074219,447.0334167480469,454.7848815917969,12531058
2024-01-17,453.9182434082031,459.3105773925781,447.94818115234375,449.2962646484375,11536527
2024-01-18,447.9963073730469,450.4999084472656,437.693115234375,448.237060546875,9495938
2024-01-19,451.1739501953125,455.45892333984375,449.1036682128906,454.0145263671875,12673308
2024-01-23,456.18109130859375,456.18109130859375,439.4745178222656,442.2669677734375,8728196
2024-01-24,443.03729248046875,450.06658935546875,441.1114807128906,446.4075012207031,22459072
2024-01-25,446.359375,447.7074279785156,435.333984375,438.7523193359375,20435547
2024-01-29,438.9930725097656,440.2929992675781,430.9045715332031,433.1192626953125,18557346
2024-01-30,430.4231262207031,436.8746337890625,421.17913818359375,421.8050231933594,45190319
2024-01-31,423.6827087402344,426.0899963378906,422.430908203125,425.17523193359375,20648695
2024-02-01,425.6085510253906,431.1452941894531,423.0086669921875,426.47515869140625,19903526
2024-02-02,428.4972839355469,430.6156921386719,423.2012634277344,423.77899169921875,17816750
2024-02-05,425.6085510253906,427.1973571777344,420.36065673828125,421.8050231933594,12505666
2024-02-06,423.6827087402344,424.54931640625,413.57208251953125,415.4016418457031,19487043
2024-02-07,418.8681335449219,418.8681335449219,414.8238830566406,415.78680419921875,13376903
2024-02-08,413.09063720703125,413.1869201660156,393.4471740722656,399.176513671875,50039587
2024-02-09,394.89154052734375,408.4686584472656,393.4471740722656,400.0912780761719,33527317
2024-02-12,402.06524658203125,402.4985656738281,390.9917297363281,391.7620544433594,11326971
2024-02-13,391.8102111816406,395.5655822753906,388.3437194824219,391.665771484375,16207766
2024-02-14,390.943603515625,396.9618225097656,389.4029235839844,396.28778076171875,12618012
2024-02-15,397.6839904785156,399.176513671875,388.19927978515625,388.9214782714844,21169031
2024-02-16,389.9806823730469,394.3619384765625,384.5883483886719,389.59552001953125,38963810
2024-02-19,389.9806823730469,397.4432678222656,389.59552001953125,394.07305908203125,17602580
2024-02-20,395.22857666015625,395.22857666015625,389.306640625,391.0398864746094,14626643
2024-02-21,391.906494140625,394.89154052734375,386.4178771972656,388.3918762207031,20162369
2024-02-22,391.8102111816406,399.7542724609375,388.4881591796875,399.0802307128906,19321180
2024-02-23,400.4764404296875,400.4764404296875,395.2767028808594,396.1433410644531,11576964
2024-02-26,395.8544616699219,397.7321472167969,392.19537353515625,394.0249328613281,8289561
2024-02-27,394.7952575683594,397.4432678222656,393.3990173339844,395.902587890625,8083518
2024-02-28,395.902587890625,397.05810546875,391.71392822265625,393.1582946777344,8949664
2024-02-29,393.83233642578125,395.8063049316406,389.49920654296875,391.2324523925781,15468800
2024-03-01,393.7360534667969,397.82843017578125,392.3879699707031,394.31378173828125,12873024
2024-03-04,396.9618225097656,397.6358642578125,393.302734375,393.9286193847656,7103794
2024-03-05,394.4582214355469,396.1433410644531,388.9696044921875,391.0880126953125,10108373
2024-03-06,391.425048828125,394.7471008300781,385.84014892578125,392.7249755859375,11534613
2024-03-07,392.7249755859375,399.5616760253906,388.68072509765625,398.2135925292969,23907135
2024-03-11,401.34307861328125,402.7874450683594,392.8694152832031,394.2174987792969,18298683
2024-03-12,391.425048828125,391.425048828125,384.5401916503906,389.4510803222656,36226074
2024-03-13,418.8681335449219,421.7568664550781,405.5317687988281,406.7835388183594,105525827
2024-03-14,406.3020935058594,409.7204284667969,402.4985656738281,404.0873718261719,31949569
2024-03-15,401.7282409667969,412.6573181152344,399.8505554199219,403.5577697753906,76074975
2024-03-18,403.46148681640625,405.09844970703125,401.4393615722656,401.9689636230469,16547358
2024-03-19,402.4985656738281,403.9910888671875,393.54345703125,394.3619384765625,21803126
2024-03-20,394.7952575683594,401.1986389160156,394.3619384765625,400.28387451171875,20364534
2024-03-21,403.46148681640625,406.3502197265625,400.76531982421875,405.6280517578125,19968509
2024-03-22,405.6280517578125,413.7165222167969,405.6280517578125,412.7054748535156,40358503
2024-03-26,409.7685852050781,413.2832336425781,409.7685852050781,411.79071044921875,10669833
2024-03-27,411.164794921875,412.9943542480469,410.63519287109375,412.1277160644531,12698464
2024-03-28,412.1277160644531,417.1830139160156,411.164794921875,412.4647521972656,29009002
2024-04-01,413.1869201660156,415.3534851074219,409.9611511230469,410.8759460449219,9743648
2024-04-02,412.8017578125,412.8017578125,408.85382080078125,410.0574645996094,9194659
2024-04-03,410.201904296875,412.8980712890625,405.3873291015625,409.4315490722656,13152268
2024-04-04,409.7685852050781,411.5018310546875,404.328125,407.0724182128906,19065447
2024-04-05,406.8316955566406,415.6905212402344,404.3762512207031,411.6944274902344,16768902
2024-04-08,412.4165954589844,415.4016418457031,411.8869934082031,413.1869201660156,8844633
2024-04-09,414.48687744140625,415.4979248046875,409.7685852050781,410.5389099121094,6967273
2024-04-10,412.4165954589844,421.5643005371094,409.9611511230469,420.7458190917969,14547618
2024-04-12,418.8681335449219,419.59033203125,412.4165954589844,414.14984130859375,18785009
2024-04-15,412.1277160644531,413.2350769042969,407.21685791015625,410.1055908203125,9083087
2024-04-16,407.5538635253906,411.164794921875,407.5057373046875,410.1055908203125,10357752
2024-04-18,410.201904296875,411.0685119628906,402.16156005859375,403.3170471191406,22133191
2024-04-19,402.4985656738281,410.442626953125,400.57275390625,408.9982604980469,17221280
2024-04-22,411.164794921875,411.7425537109375,407.6501770019531,409.5278625488281,7386048
2024-04-23,409.5278625488281,414.5350036621094,409.33526611328125,413.2832336425781,12484384
2024-04-24,413.33135986328125,414.8238830566406,412.4165954589844,412.9943542480469,6070285
2024-04-25,415.0164794921875,422.0457458496094,413.09063720703125,421.3235778808594,30337038
2024-04-26,422.96051025390625,426.8603210449219,420.2162170410156,423.6827087402344,15342965
2024-04-29,425.6085510253906,426.0418395996094,418.48297119140625,421.949462890625,12075706
2024-04-30,423.6345520019531,424.1641540527344,418.96441650390625,419.4940185546875,12528665
2024-05-02,419.8310546875,426.186279296875,418.72369384765625,422.71978759765625,24123523
2024-05-03,423.7308654785156,423.7308654785156,415.3534851074219,420.26434326171875,23786388
2024-05-06,421.7568664550781,424.11602783203125,417.2793273925781,418.6274108886719,10753860
2024-05-07,420.6976623535156,429.460205078125,419.0606994628906,424.01971435546875,26969062
2024-05-08,424.8863525390625,428.2084045410156,421.949462890625,424.6456298828125,10916481
2024-05-09,423.7308654785156,425.1270751953125,407.6501770019531,409.33526611328125,24314298
2024-05-10,410.683349609375,420.1680603027344,410.683349609375,417.2793273925781,14524604
2024-05-13,417.1830139160156,419.30145263671875,413.57208251953125,415.8349609375,7584217
2024-05-14,414.5350036621094,417.2311706542969,412.6573181152344,413.7646789550781,11423749
2024-05-15,414.7757263183594,417.1830139160156,410.924072265625,411.9351501464844,7856433
2024-05-16,414.0535583496094,416.55712890625,407.21685791015625,415.44976806640625,23911954
2024-05-17,416.36456298828125,421.2754211425781,412.9943542480469,420.11993408203125,11894830
2024-05-21,419.8310546875,420.8902587890625,417.1348876953125,418.675537109375,11175153
2024-05-22,421.1309814453125,425.5603942871094,419.2532958984375,423.58642578125,11036895
2024-05-23,425.0307922363281,428.4010009765625,420.36065673828125,424.9826354980469,27244733
2024-05-24,424.6456298828125,426.0418395996094,419.1570129394531,420.02362060546875,13252938
2024-05-27,422.5272216796875,422.6235046386719,414.72760009765625,415.4979248046875,12282545
2024-05-28,416.07568359375,416.4608459472656,412.3684387207031,413.09063720703125,9668761
2024-05-29,409.7204284667969,416.36456298828125,409.7204284667969,414.96832275390625,10832067
2024-05-30,412.60919189453125,414.96832275390625,406.687255859375,408.1316223144531,21314885
2024-05-31,410.924072265625,413.6202392578125,408.51678466796875,410.63519287109375,29300711
2024-06-03,417.90521240234375,418.7718505859375,412.7536315917969,414.39056396484375,16116836
2024-06-04,410.201904296875,410.49078369140625,387.910400390625,399.8023986816406,47791986
2024-06-05,406.3502197265625,419.8310546875,402.5467224121094,414.3424377441406,28197030
2024-06-06,419.8310546875,421.4679870605469,415.1127624511719,419.2532958984375,32318523
2024-06-07,415.4016418457031,425.2715148925781,415.1127624511719,422.8642272949219,29543660
2024-06-10,423.6827087402344,424.6456298828125,419.6866149902344,420.6976623535156,11872688
2024-06-11,420.7939758300781,421.5643005371094,416.2201232910156,416.9422912597656,13158571
2024-06-12,414.5831604003906,418.2903747558594,414.2461242675781,416.26824951171875,10751658
2024-06-13,420.6976623535156,420.6976623535156,413.8128356933594,414.3424377441406,9641349
2024-06-14,415.0164794921875,415.8830871582031,413.1387939453125,415.1609191894531,9572809
2024-06-18,416.9422912597656,418.0978088378906,412.3203125,412.84991455078125,14641141
2024-06-19,414.0535583496094,414.7757263183594,407.3612976074219,407.9390563964844,11329972
2024-06-20,408.32421875,410.683349609375,405.8687744140625,407.6020202636719,15147549
2024-06-21,409.2389831542969,409.5278625488281,403.0281677246094,404.03924560546875,26176371
2024-06-24,404.4244079589844,408.2279052734375,404.4244079589844,407.6020202636719,9723008
2024-06-25,407.3131408691406,408.27606201171875,404.1836853027344,407.6020202636719,10655609
2024-06-26,407.3131408691406,410.5870666503906,406.39837646484375,408.2279052734375,11511714
2024-06-27,408.2279052734375,411.4055480957031,405.4836120605469,409.8167419433594,38438054
2024-06-28,409.7204284667969,412.1277160644531,407.79461669921875,409.1427001953125,18554411
2024-07-01,410.49078369140625,414.2942810058594,408.9019470214844,413.1387939453125,13391362
2024-07-02,414.0535583496094,414.679443359375,406.87982177734375,409.7204284667969,11177863
2024-07-03,410.2981872558594,413.7165222167969,409.7204284667969,412.4165954589844,7435499
2024-07-04,414.0535583496094,415.4979248046875,411.21295166015625,413.1387939453125,9478861
2024-07-05,413.09063720703125,417.90521240234375,411.7425537109375,417.5682067871094,13427543
2024-07-08,419.0125732421875,428.06396484375,417.5682067871094,427.1492004394531,21311436
2024-07-09,431.0008544921875,438.1264343261719,427.53436279296875,435.8154296875,27489709
2024-07-10,436.8746337890625,438.4634704589844,429.941650390625,434.7080993652344,12065662
2024-07-11,433.3118591308594,442.4595642089844,432.06005859375,441.6410827636719,19556596
2024-07-12,441.6410827636719,446.07049560546875,438.9449157714844,442.0262451171875,19693114
2024-07-15,442.0262451171875,449.1518249511719,440.2448425292969,446.2149353027344,16876907
2024-07-16,446.2630615234375,449.4407043457031,444.2890930175781,448.2851867675781,13497253
2024-07-18,445.82977294921875,453.4367980957031,445.49273681640625,452.8108825683594,21907158
2024-07-19,453.5330810546875,461.62158203125,451.9924011230469,456.951416015625,25939326
2024-07-22,456.99957275390625,461.6697082519531,448.5740661621094,449.24810791015625,18762384
2024-07-23,449.24810791015625,478.95404052734375,449.1036682128906,473.9468688964844,56125835
2024-07-24,477.60595703125,491.7126770019531,472.4543762207031,475.728271484375,43693692
2024-07-25,471.8284606933594,477.60595703125,466.6768798828125,471.78033447265625,18567567
2024-07-26,475.728271484375,487.6202697753906,469.32489013671875,483.5760498046875,21534703
2024-07-29,486.753662109375,487.4277038574219,475.728271484375,477.65411376953125,12978187
2024-07-30,477.89483642578125,479.3392028808594,470.5285339355469,471.732177734375,13891052
2024-07-31,474.1876220703125,479.483642578125,472.3099365234375,476.9800720214844,11982586
2024-08-01,477.55780029296875,478.3281555175781,472.74322509765625,475.3912658691406,12114803
2024-08-02,466.8213195800781,480.9280090332031,466.8213195800781,470.96185302734375,22141163
2024-08-05,462.2474670410156,473.65802001953125,461.7659912109375,467.976806640625,25022076
2024-08-06,468.217529296875,473.4654235839844,466.09912109375,468.26568603515625,14251363
2024-08-07,471.8284606933594,477.2207946777344,469.9989318847656,474.38018798828125,11320399
2024-08-08,475.6801452636719,479.53179931640625,474.2357482910156,476.4023132324219,21349889
2024-08-09,479.53179931640625,479.53179931640625,474.8135070800781,477.5096740722656,9556181
2024-08-12,473.7543029785156,481.4576110839844,473.7543029785156,476.25787353515625,9425644
2024-08-13,477.55780029296875,479.3873596191406,470.14337158203125,471.8284606933594,8056478
2024-08-14,473.7061462402344,480.4947204589844,471.732177734375,473.9468688964844,9609981
2024-08-16,476.1615905761719,485.5018615722656,474.38018798828125,484.00933837890625,13643352
2024-08-19,486.0314636230469,490.4127197265625,481.07244873046875,482.8538513183594,10591508
2024-08-20,482.4205322265625,484.7315368652344,479.242919921875,480.3021240234375,6888634
2024-08-21,481.4576110839844,490.1238708496094,480.5428466796875,486.6573791503906,8801221
2024-08-22,489.0165100097656,489.64239501953125,482.8538513183594,485.8388977050781,8686423
2024-08-23,486.3203430175781,488.1498718261719,481.40948486328125,487.04254150390625,8195369
2024-08-26,487.235107421875,489.16094970703125,483.3834533691406,486.94622802734375,8126402
2024-08-27,488.7276306152344,488.7757873535156,481.4576110839844,482.0353698730469,8260450
2024-08-28,481.8427734375,483.6723327636719,478.0874328613281,478.8577575683594,8081932
2024-08-29,479.53179931640625,488.8720703125,478.9058837890625,486.3684997558594,19389694
2024-08-30,483.3352966308594,490.268310546875,481.65020751953125,483.28717041015625,15523349
2024-09-02,485.3092956542969,493.8792419433594,484.63525390625,491.1349182128906,16497266
2024-09-03,491.1349182128906,496.8161315917969,489.0646667480469,490.509033203125,12481552
2024-09-04,481.4576110839844,491.1349182128906,481.40948486328125,487.5721435546875,8739052
2024-09-05,489.4979553222656,492.91632080078125,488.2461853027344,492.2422790527344,11318636
2024-09-06,493.0126037597656,493.0126037597656,478.71331787109375,483.0945739746094,14245025
2024-09-09,483.3834533691406,493.63848876953125,481.7946472167969,492.7718811035156,14265060
2024-09-10,492.91632080078125,495.9013366699219,489.88311767578125,494.55328369140625,11332248
2024-09-11,493.97552490234375,500.2344665527344,492.9644470214844,495.27545166015625,15497555
2024-09-12,495.9976501464844,501.1973876953125,489.6905517578125,500.2344665527344,19085324
2024-09-13,500.2344665527344,500.7159118652344,493.0126037597656,494.79400634765625,9165077
2024-09-16,496.7679748535156,497.8271789550781,490.79791259765625,492.14599609375,7821668
2024-09-17,492.09783935546875,494.505126953125,487.475830078125,488.92022705078125,10889862
2024-09-18,489.0165100097656,493.39776611328125,486.3684997558594,488.5350341796875,5638729
2024-09-19,491.0867614746094,495.7087707519531,488.6794738769531,489.40167236328125,14461616
2024-09-20,493.0126037597656,498.1642150878906,489.16094970703125,495.3236083984375,24725118
2024-09-23,496.33465576171875,500.1863098144531,494.55328369140625,497.7790222167969,8105508
2024-09-24,497.8271789550781,498.5975036621094,495.0828857421875,496.14208984375,7015487
2024-09-25,496.3828125,500.0419006347656,493.3014831542969,498.3567810058594,8802667
2024-09-26,498.45306396484375,504.3268737792969,497.8271789550781,503.36395263671875,16086557
2024-09-27,500.9566650390625,508.90069580078125,500.9566650390625,503.3157958984375,17916386
2024-09-30,501.2936706542969,504.90460205078125,494.986572265625,498.9345397949219,10936940
2024-10-01,498.9345397949219,500.4751892089844,494.9384460449219,497.0568542480469,5285319
2024-10-03,489.6905517578125,496.57537841796875,489.2572326660156,493.73480224609375,16481353
2024-10-04,491.0867614746094,498.1642150878906,482.95013427734375,484.8759765625,18930962
2024-10-07,488.1980285644531,495.85321044921875,487.9573059082031,491.27935791015625,17114457
2024-10-08,491.0867614746094,493.5422058105469,487.235107421875,489.11279296875,9868331
2024-10-09,490.8941955566406,490.8941955566406,472.3580627441406,473.4654235839844,24874940
2024-10-10,476.9800720214844,477.2689514160156,471.2988586425781,473.8024597167969,13292273
2024-10-11,474.71722412109375,475.6319885253906,469.32489013671875,470.09521484375,14949380
2024-10-14,472.7913818359375,480.4947204589844,470.5285339355469,478.5207214355469,6970606
2024-10-15,479.53179931640625,480.8798828125,476.1615905761719,480.0614013671875,8347216
2024-10-16,477.60595703125,480.35028076171875,474.09130859375,474.9097900390625,6939430
2024-10-17,476.6430358886719,476.6430358886719,469.90264892578125,470.7692565917969,7669729
2024-10-18,470.62481689453125,473.32098388671875,460.6586608886719,468.6508483886719,22616838
2024-10-21,468.6508483886719,469.5174865722656,459.6475830078125,465.7139587402344,7680088
2024-10-22,465.7139587402344,470.2878112792969,462.9696350097656,463.93255615234375,12772970
2024-10-23,463.1622314453125,465.3769226074219,461.7178649902344,462.5363464355469,10553961
2024-10-24,464.1251525878906,464.51031494140625,452.5701599121094,454.2071228027344,13596626
2024-10-25,458.1550598144531,475.19866943359375,456.6144104003906,464.4140319824219,32154050
2024-10-28,464.0769958496094,467.8805236816406,458.34765625,466.1954040527344,8946214
2024-10-29,467.0138854980469,471.0581359863281,463.45111083984375,469.8544921875,7131161
2024-10-30,469.8544921875,474.95794677734375,468.458251953125,473.32098388671875,6640080
2024-10-31,473.7543029785156,474.71722412109375,466.7250061035156,470.6729736328125,8111694
2024-11-01,472.7913818359375,473.8505859375,471.1544189453125,472.1173400878906,1517892
2024-11-04,475.1505126953125,475.1505126953125,461.7659912109375,466.62872314453125,8754385
2024-11-05,465.0399169921875,467.0620422363281,459.2624206542969,462.39190673828125,7610046
2024-11-06,462.39190673828125,466.4361572265625,460.27349853515625,463.2585144042969,11749720
2024-11-07,463.8844299316406,464.7991943359375,458.4439392089844,460.17718505859375,9267980
2024-11-08,460.17718505859375,462.87335205078125,456.99957275390625,460.3216247558594,6325023
2024-11-11,460.3216247558594,463.6436767578125,456.51812744140625,459.2624206542969,5700343
2024-11-12,459.8883361816406,460.225341796875,453.6775207519531,455.3144836425781,5236095
2024-11-13,452.6183166503906,457.0958557128906,450.88507080078125,454.6885681152344,11548660
2024-11-14,453.7256774902344,455.4107666015625,445.1075744628906,448.67034912109375,12087836
2024-11-18,448.718505859375,450.4517517089844,444.8668518066406,449.24810791015625,8448573
2024-11-19,450.64434814453125,456.18109130859375,448.959228515625,450.0184326171875,7121472
2024-11-21,443.9039306640625,446.8408203125,438.5115966796875,440.19671630859375,20313155
2024-11-22,439.28192138671875,458.8291015625,438.6078796386719,457.0477294921875,20214206
2024-11-25,461.23638916015625,464.3177185058594,454.88116455078125,459.11798095703125,14427013
2024-11-26,462.1993103027344,464.75103759765625,456.51812744140625,459.3105773925781,6791715
2024-11-27,459.7920227050781,462.2956237792969,455.45892333984375,459.2624206542969,7339184
2024-11-28,459.3105773925781,465.8583984375,453.0997619628906,457.2884521484375,14967609
2024-11-29,455.6514892578125,461.1401062011719,455.07373046875,459.0698547363281,8668142
2024-12-02,458.34765625,461.5252685546875,455.8440856933594,459.5031433105469,5689595
2024-12-03,448.718505859375,455.8440856933594,445.5890197753906,455.0256042480469,23073942
2024-12-04,456.8070068359375,460.466064453125,449.1036682128906,449.7777099609375,13957078
2024-12-05,450.2110290527344,455.2181701660156,445.3482971191406,450.1628723144531,27432375
2024-12-06,452.5701599121094,457.33660888671875,450.35546875,453.6775207519531,7842234
2024-12-09,454.0145263671875,454.4960021972656,445.7816162109375,447.7074279785156,12154116
2024-12-10,448.0926208496094,449.1518249511719,445.444580078125,448.18890380859375,9163636
2024-12-11,449.8739929199219,450.8369140625,447.4667053222656,447.9963073730469,7005617
2024-12-12,448.237060546875,450.54803466796875,442.1225280761719,443.5187683105469,13380617
2024-12-13,442.9410095214844,456.8070068359375,434.9006652832031,452.5701599121094,32976794
2024-12-16,452.8108825683594,456.8070068359375,450.64434814453125,452.66644287109375,9354160
2024-12-17,452.5701599121094,458.1550598144531,445.8778991699219,452.1368408203125,20608409
2024-12-18,455.1700439453125,456.229248046875,449.5851135253906,453.0516357421875,12841386
2024-12-19,451.60723876953125,456.75885009765625,448.0444641113281,449.24810791015625,15161531
2024-12-20,449.199951171875,450.11474609375,442.2669677734375,447.4185791015625,20231570
2024-12-23,453.7256774902344,459.984619140625,450.2591552734375,456.6625671386719,19562956
2024-12-24,457.2884521484375,462.4400329589844,455.12188720703125,460.706787109375,12009880
2024-12-26,462.7289123535156,463.980712890625,458.34765625,459.2624206542969,9188830
2024-12-27,461.9585876464844,464.02886962890625,458.34765625,460.8512268066406,16906420
2024-12-30,462.9215087890625,463.5955505371094,458.34765625,459.3105773925781,13578360
2024-12-31,460.706787109375,466.6768798828125,456.951416015625,465.7139587402344,13787501
2025-01-01,467.976806640625,468.7952880859375,464.26959228515625,466.0028381347656,18931186
2025-01-02,467.3509216308594,471.8284606933594,464.4140319824219,470.9136962890625,27131131
2025-01-03,472.0691833496094,472.7913818359375,462.05487060546875,463.739990234375,38500784
2025-01-06,455.6000061035156,461.75,441.25,442.6499938964844,22009958
2025-01-07,445.5,447.6000061035156,440.1499938964844,441.1000061035156,14294780
2025-01-08,443.0,452.04998779296875,437.1000061035156,449.54998779296875,13482926
2025-01-09,449.3999938964844,460.6499938964844,446.04998779296875,450.1000061035156,19732649
2025-01-10,449.95001220703125,452.0,442.5,444.8999938964844,9145729
2025-01-13,435.0,444.0,435.0,439.04998779296875,17799607
2025-01-14,441.0,441.5,435.8500061035156,436.6000061035156,18048459
2025-01-15,436.6000061035156,441.79998779296875,435.3500061035156,437.3500061035156,9786805
2025-01-16,438.04998779296875,439.45001220703125,431.1000061035156,432.8500061035156,15774070
2025-01-17,433.0,441.79998779296875,432.5,440.20001220703125,11270061
2025-01-20,439.0,441.20001220703125,436.0,437.70001220703125,8742771
2025-01-21,438.0,447.0,435.25,437.54998779296875,15686500
2025-01-22,439.8999938964844,441.95001220703125,436.54998779296875,437.0,9619648
2025-01-23,435.0,441.8500061035156,434.1000061035156,440.20001220703125,8888248
2025-01-24,439.3999938964844,445.0,439.04998779296875,441.6000061035156,9665384
2025-01-27,440.79998779296875,445.0,436.54998779296875,440.1000061035156,10480203
2025-01-28,440.0,441.79998779296875,434.5,435.45001220703125,20813072
2025-01-29,435.95001220703125,437.5,430.1000061035156,433.3500061035156,15158510
2025-01-30,433.0,438.0,431.45001220703125,436.20001220703125,22496695
2025-01-31,436.5,448.20001220703125,435.1000061035156,447.5,13546181
2025-02-01,448.0,471.5,439.54998779296875,462.54998779296875,30393007
2025-02-03,462.0,465.20001220703125,452.29998779296875,454.3500061035156,16991730
2025-02-04,458.0,460.3500061035156,448.75,455.1499938964844,18923681
2025-02-05,455.1499938964844,455.8500061035156,446.5,448.1499938964844,12836283
2025-02-06,450.0,450.0,438.20001220703125,441.1000061035156,17469129
2025-02-07,440.0,445.5,428.3999938964844,430.8500061035156,18875982
2025-02-10,427.0,433.29998779296875,426.5,427.20001220703125,12227140
2025-02-11,428.79998779296875,430.54998779296875,417.5,418.29998779296875,14288751
2025-02-12,413.1499938964844,413.79998779296875,407.6000061035156,409.8999938964844,13884574
2025-02-13,409.95001220703125,413.95001220703125,409.0,409.70001220703125,12989029
2025-02-14,411.75,416.20001220703125,408.3999938964844,410.25,14124236
2025-02-17,409.79998779296875,411.3999938964844,406.75,408.6000061035156,11975265
2025-02-18,408.0,410.8500061035156,404.0,405.25,12998403
2025-02-19,404.79998779296875,408.79998779296875,404.5,406.3999938964844,7079032
2025-02-20,399.95001220703125,403.8999938964844,396.20001220703125,402.04998779296875,15355585
2025-02-21,402.04998779296875,403.25,399.20001220703125,400.8999938964844,8240986
2025-02-24,400.0,403.3999938964844,398.75,401.8999938964844,7037625
2025-02-25,402.0,407.0,400.5,404.8500061035156,15760891
2025-02-27,404.8500061035156,406.5,399.5,401.6000061035156,19051003
2025-02-28,399.0,402.5,392.20001220703125,395.0,31954776
2025-03-03,395.95001220703125,399.0,391.20001220703125,397.45001220703125,10702826
2025-03-04,395.3999938964844,397.20001220703125,392.8500061035156,394.8500061035156,13404774
2025-03-05,394.5,412.75,394.5,405.04998779296875,15665018
2025-03-06,409.1499938964844,409.70001220703125,400.54998779296875,405.70001220703125,17869996
2025-03-07,403.54998779296875,405.8500061035156,401.70001220703125,403.8999938964844,11180761
2025-03-10,401.04998779296875,406.8500061035156,400.3999938964844,405.0,9785018
2025-03-11,401.5,408.3999938964844,401.20001220703125,406.20001220703125,11099475
2025-03-12,406.3999938964844,413.29998779296875,404.0,412.3999938964844,13844306
2025-03-13,413.0,414.3999938964844,408.20001220703125,412.04998779296875,8196569
2025-03-17,413.0,416.25,407.0,407.95001220703125,5257805
2025-03-18,410.0,411.95001220703125,407.75,409.1000061035156,13861897
2025-03-19,410.0,410.75,402.6000061035156,403.04998779296875,12830387
2025-03-20,405.0,406.6499938964844,401.8999938964844,403.95001220703125,16994037
2025-03-21,405.95001220703125,407.5,401.70001220703125,405.54998779296875,25302035
2025-03-24,407.0,412.8500061035156,405.6000061035156,410.8999938964844,14362572
2025-03-25,412.0,415.25,408.70001220703125,409.79998779296875,20338110
2025-03-26,410.29998779296875,411.20001220703125,406.25,407.3500061035156,13891436
2025-03-27,408.0,410.70001220703125,405.6499938964844,409.45001220703125,18642328
2025-03-28,410.8999938964844,415.6000061035156,408.1499938964844,409.75,12981873
2025-04-01,409.79998779296875,414.3999938964844,405.6000061035156,406.6499938964844,15206240
2025-04-02,407.04998779296875,410.0,406.04998779296875,409.04998779296875,8001323
2025-04-03,407.04998779296875,410.20001220703125,406.70001220703125,409.3999938964844,7059566
2025-04-04,407.5,412.79998779296875,404.5,409.70001220703125,18627592
2025-04-07,390.1499938964844,408.1000061035156,390.1499938964844,406.04998779296875,26762866
2025-04-08,411.8999938964844,415.79998779296875,407.25,412.54998779296875,18600796
2025-04-09,413.0,419.04998779296875,411.25,416.29998779296875,21785572
2025-04-11,420.0,422.45001220703125,417.0,421.54998779296875,8939356
2025-04-15,429.20001220703125,429.20001220703125,419.0,420.3999938964844,11685880
2025-04-16,418.0,426.04998779296875,418.0,424.45001220703125,13034594
2025-04-17,425.0,427.8500061035156,421.54998779296875,427.25,22410217
2025-04-21,428.04998779296875,429.1000061035156,421.5,422.8500061035156,27388236
2025-04-22,425.95001220703125,434.79998779296875,423.54998779296875,433.6000061035156,32031936
2025-04-23,436.20001220703125,437.45001220703125,428.8500061035156,430.8500061035156,19566317
2025-04-24,431.8500061035156,436.04998779296875,429.29998779296875,430.04998779296875,26064089
2025-04-25,430.04998779296875,432.70001220703125,423.29998779296875,427.79998779296875,22944377
2025-04-28,426.6499938964844,430.5,424.75,428.79998779296875,6287095
2025-04-29,428.8999938964844,429.6000061035156,425.0,426.0,11189930
2025-04-30,427.3999938964844,429.29998779296875,422.0,425.79998779296875,10026546
2025-05-02,424.1000061035156,431.5,424.1000061035156,429.5,9263372
2025-05-05,430.25,438.5,429.3500061035156,436.95001220703125,11525305
2025-05-06,437.5,439.6499938964844,433.0,435.54998779296875,15026568
2025-05-07,433.3999938964844,435.0,429.70001220703125,431.1499938964844,9710361
2025-05-08,429.0,431.5,423.54998779296875,430.6000061035156,19937960
2025-05-09,425.95001220703125,429.1499938964844,423.0,423.54998779296875,8226512
2025-05-12,429.5,436.20001220703125,428.1499938964844,435.5,8031891
2025-05-13,434.8999938964844,437.95001220703125,425.3500061035156,427.8999938964844,14976369
2025-05-14,427.1000061035156,431.8500061035156,425.8999938964844,429.1000061035156,9557309
2025-05-15,429.1000061035156,435.3999938964844,426.0,432.6499938964844,24263510
2025-05-16,434.8999938964844,436.20001220703125,432.1000061035156,435.70001220703125,16402035
2025-05-19,435.0,438.5,432.6499938964844,435.3500061035156,7543854
2025-05-20,437.0,440.79998779296875,432.8999938964844,434.8999938964844,9868414
2025-05-21,436.6000061035156,438.20001220703125,432.0,433.0,5776672
2025-05-22,433.0,433.0,422.8999938964844,426.1000061035156,19451749
2025-05-23,434.0,439.0,429.0,436.29998779296875,18536884
2025-05-26,438.25,443.54998779296875,436.75,442.8999938964844,13107662
2025-05-27,442.8999938964844,444.20001220703125,430.8500061035156,433.8999938964844,26986022
2025-05-28,417.70001220703125,422.6000061035156,413.0,420.20001220703125,431851622
2025-05-29,422.0,422.79998779296875,416.6000061035156,418.75,21478547
2025-05-30,419.1000061035156,420.04998779296875,416.3999938964844,418.04998779296875,30656239
2025-06-02,418.29998779296875,420.45001220703125,414.54998779296875,419.29998779296875,14973380
2025-06-03,419.0,421.70001220703125,415.6499938964844,416.95001220703125,13216486
2025-06-04,417.1499938964844,419.0,415.95001220703125,417.0,12598933
2025-06-05,418.5,420.95001220703125,415.75,419.1000061035156,13212523
2025-06-06,420.29998779296875,421.29998779296875,419.0,421.04998779296875,8774988
2025-06-09,422.0,423.6000061035156,420.5,423.04998779296875,10473123
2025-06-10,424.5,428.54998779296875,423.04998779296875,427.0,13041075
2025-06-11,428.0,428.1000061035156,424.8500061035156,426.1499938964844,20789182
2025-06-12,427.0,427.20001220703125,419.54998779296875,421.0,18508835
2025-06-13,415.0,419.3500061035156,413.5,413.8999938964844,17873926
2025-06-16,414.95001220703125,418.8999938964844,413.25,418.20001220703125,7006629
2025-06-17,418.1000061035156,419.04998779296875,415.70001220703125,417.3999938964844,9028406
2025-06-18,417.0,418.45001220703125,414.8999938964844,415.8999938964844,8036215
2025-06-19,415.6499938964844,418.25,414.79998779296875,416.0,12601006
2025-06-20,416.0,419.5,416.0,418.54998779296875,13203184
2025-06-23,417.0,417.5,411.75,413.8999938964844,14839890
2025-06-24,416.8999938964844,420.6499938964844,413.75,414.3500061035156,16690068
2025-06-25,416.3999938964844,418.1499938964844,415.1000061035156,416.3500061035156,9946718
2025-06-26,417.20001220703125,420.8999938964844,416.25,420.29998779296875,13703918
2025-06-27,421.0,422.0,417.79998779296875,418.6499938964844,21409935
2025-06-30,419.79998779296875,420.75,415.79998779296875,416.45001220703125,12317124
2025-07-01,417.0,418.8500061035156,414.8999938964844,415.1000061035156,13670465
2025-07-02,416.8999938964844,416.8999938964844,411.70001220703125,412.95001220703125,15990899
2025-07-03,414.0,416.0,411.25,413.3500061035156,14185298
2025-07-04,414.8999938964844,415.0,411.75,412.54998779296875,8256733
2025-07-07,413.0,417.20001220703125,412.0,416.1499938964844,6845218
2025-07-08,416.1499938964844,418.1000061035156,414.6499938964844,417.20001220703125,6807192
2025-07-09,416.20001220703125,420.29998779296875,415.45001220703125,419.45001220703125,9930533
2025-07-10,420.29998779296875,420.29998779296875,416.3999938964844,416.8500061035156,6220360
2025-07-11,417.0,418.04998779296875,415.5,416.79998779296875,8578844
2025-07-14,417.04998779296875,419.95001220703125,416.54998779296875,419.3999938964844,6896989
2025-07-15,420.8999938964844,422.3999938964844,419.0,422.1000061035156,8532755
2025-07-16,422.1000061035156,425.45001220703125,420.29998779296875,424.6000061035156,9780773
2025-07-17,425.79998779296875,425.8999938964844,423.0,423.95001220703125,7240795
2025-07-18,425.20001220703125,425.20001220703125,420.1000061035156,422.75,6730256
2025-07-21,422.0,422.75,418.3999938964844,420.1000061035156,4822343
2025-07-22,420.1000061035156,420.3999938964844,415.20001220703125,416.0,9869507
2025-07-23,417.1000061035156,417.8999938964844,414.0,414.95001220703125,12196187
2025-07-24,415.8500061035156,415.8500061035156,409.45001220703125,409.95001220703125,9005157
2025-07-25,410.0,410.25,407.75,409.3999938964844,5824089
2025-07-28,410.79998779296875,410.8500061035156,408.6000061035156,409.8999938964844,8123337
2025-07-29,410.0,411.3999938964844,408.0,408.45001220703125,6811772
2025-07-30,409.0,409.29998779296875,405.75,407.6000061035156,10915863
2025-07-31,405.95001220703125,414.0,405.54998779296875,411.95001220703125,19364174
2025-08-01,412.3999938964844,419.3500061035156,411.79998779296875,416.45001220703125,14324065
2025-08-04,420.20001220703125,422.5,415.1000061035156,416.8500061035156,18352458
2025-08-05,417.20001220703125,417.95001220703125,413.0,414.1499938964844,8495104
2025-08-06,414.1499938964844,415.0,410.5,412.0,9080543
2025-08-07,412.0,414.75,411.6499938964844,413.6000061035156,11514878
2025-08-08,413.8999938964844,415.3500061035156,412.95001220703125,414.5,9814361
2025-08-11,414.5,417.0,414.0,416.8500061035156,8514272
2025-08-12,417.0,419.79998779296875,415.29998779296875,416.3500061035156,13635738
2025-08-13,417.20001220703125,417.5,413.6000061035156,414.1000061035156,10874910
2025-08-14,414.25,415.04998779296875,411.0,411.45001220703125,9580361
2025-08-18,413.0,413.70001220703125,404.8500061035156,406.29998779296875,30950814
2025-08-19,406.3500061035156,409.3999938964844,404.5,409.1000061035156,16681331
2025-08-20,409.1000061035156,410.25,405.45001220703125,406.04998779296875,18188129
2025-08-21,406.04998779296875,406.8500061035156,403.3500061035156,405.54998779296875,15028966
2025-08-22,406.0,406.5,397.5,398.29998779296875,13087624
2025-08-25,399.0,400.54998779296875,396.25,399.3500061035156,10440286
2025-08-26,399.29998779296875,405.3999938964844,398.3999938964844,403.3500061035156,13715752
2025-08-28,404.5,404.5,400.0,400.8999938964844,12471719
2025-08-29,402.0,410.45001220703125,401.8999938964844,409.75,25255050
2025-09-01,409.75,410.20001220703125,405.0,405.8500061035156,12268090
2025-09-02,406.54998779296875,407.8500061035156,404.45001220703125,406.75,19808255
2025-09-03,408.5,413.25,407.29998779296875,411.75,12936588
2025-09-04,423.95001220703125,427.0,415.0,415.8999938964844,27274123
2025-09-05,416.8999938964844,417.0,404.3999938964844,407.3500061035156,16000675
2025-09-08,407.45001220703125,410.54998779296875,406.79998779296875,407.54998779296875,7419022
2025-09-09,408.5,410.95001220703125,407.3999938964844,410.04998779296875,8825896
2025-09-10,411.0,413.70001220703125,408.95001220703125,413.04998779296875,9252397
2025-09-11,413.04998779296875,416.70001220703125,412.45001220703125,415.04998779296875,8274406
2025-09-12,415.3500061035156,417.04998779296875,412.8500061035156,413.75,7803379
2025-09-15,413.04998779296875,414.29998779296875,411.75,412.6499938964844,5707331
2025-09-16,413.20001220703125,414.3500061035156,412.0,413.1000061035156,8239087
2025-09-17,413.95001220703125,414.6000061035156,408.04998779296875,409.29998779296875,14113882
2025-09-18,411.3500061035156,413.04998779296875,410.1000061035156,411.54998779296875,15647808
2025-09-19,411.54998779296875,412.6000061035156,408.95001220703125,410.6499938964844,19505321
2025-09-22,410.6499938964844,411.0,406.04998779296875,406.95001220703125,8930779
2025-09-23,407.1000061035156,408.1000061035156,402.1000061035156,403.20001220703125,14936357
2025-09-24,403.20001220703125,404.6499938964844,400.70001220703125,401.0,12380865
2025-09-25,401.45001220703125,403.0,398.0,400.1000061035156,22006368
2025-09-26,400.1000061035156,405.8999938964844,399.79998779296875,405.1000061035156,14414044
2025-09-29,406.8999938964844,408.0,403.20001220703125,407.25,19717660
2025-09-30,406.75,406.75,400.3999938964844,401.54998779296875,9465490
2025-10-01,402.3500061035156,406.0,399.75,405.6000061035156,17643039
2025-10-03,404.8999938964844,405.5,402.29998779296875,404.29998779296875,16987141
2025-10-06,403.0,403.8999938964844,399.79998779296875,400.75,13989077
2025-10-07,402.5,402.6000061035156,399.5,399.79998779296875,12298968
2025-10-08,400.0,401.75,398.0,399.75,8402463
2025-10-09,399.0,401.3999938964844,398.95001220703125,399.8999938964844,15656267
2025-10-10,400.45001220703125,403.8500061035156,399.5,402.79998779296875,15085738
2025-10-13,400.0,400.95001220703125,398.54998779296875,399.25,9508594
2025-10-14,400.0,400.8500061035156,396.20001220703125,396.79998779296875,10291102
2025-10-15,398.0,400.8500061035156,397.25,399.8999938964844,16043867
2025-10-16,401.0,406.0,399.54998779296875,405.1499938964844,22962049
2025-10-17,405.3500061035156,413.8500061035156,405.25,412.1499938964844,21071344
2025-10-20,412.54998779296875,414.8500061035156,411.29998779296875,413.04998779296875,13083621
2025-10-21,413.5,413.95001220703125,412.3500061035156,412.8500061035156,1142130
2025-10-23,416.0,420.45001220703125,413.54998779296875,415.95001220703125,24305990
2025-10-24,415.95001220703125,417.95001220703125,413.45001220703125,416.79998779296875,14935678
2025-10-27,417.0,422.70001220703125,416.6000061035156,420.6499938964844,11603679
2025-10-28,420.5,421.6499938964844,415.8999938964844,417.8999938964844,17163147
2025-10-29,418.20001220703125,422.20001220703125,416.04998779296875,421.6000061035156,11470661
2025-10-30,421.6000061035156,421.70001220703125,416.1499938964844,418.75,12938674
2025-10-31,420.5,426.3999938964844,418.20001220703125,420.3500061035156,18599864
2025-11-03,419.95001220703125,421.6499938964844,413.29998779296875,413.95001220703125,7635440
2025-11-04,414.0,414.5,408.3500061035156,408.8999938964844,10085404
2025-11-06,410.0,413.29998779296875,406.54998779296875,407.5,10095563
2025-11-07,406.04998779296875,409.1000061035156,403.1000061035156,404.04998779296875,8411611
2025-11-10,404.04998779296875,407.1000061035156,403.6499938964844,405.54998779296875,6650003
2025-11-11,406.0,408.04998779296875,404.6000061035156,406.8500061035156,12005318
2025-11-12,408.0,408.1000061035156,405.54998779296875,407.0,7987236
2025-11-13,407.0,407.5,404.5,405.70001220703125,6617185
2025-11-14,404.70001220703125,408.75,400.1000061035156,408.1499938964844,64020258
2025-11-17,409.75,412.0,406.0,407.1000061035156,7855399
2025-11-18,408.25,409.79998779296875,404.54998779296875,405.8500061035156,7661681
2025-11-19,404.8500061035156,405.54998779296875,402.79998779296875,403.54998779296875,7882450
2025-11-20,403.54998779296875,407.0,403.25,405.45001220703125,6693410
2025-11-21,405.0,408.5,404.70001220703125,407.8500061035156,5808131
2025-11-24,408.3999938964844,408.79998779296875,402.8500061035156,403.54998779296875,11037491
2025-11-25,403.54998779296875,404.5,400.1000061035156,400.79998779296875,8199785
2025-11-26,401.0,403.95001220703125,400.95001220703125,402.29998779296875,11443953
2025-11-27,403.5,405.95001220703125,402.1000061035156,404.29998779296875,8679529
2025-11-28,404.29998779296875,405.0,402.5,404.25,6883500
2025-12-01,402.79998779296875,405.5,398.20001220703125,404.25,13442658
2025-12-02,404.25,405.5,400.5,400.95001220703125,8093808
2025-12-03,401.70001220703125,402.20001220703125,398.8500061035156,400.5,10772192
2025-12-04,400.1000061035156,403.54998779296875,399.04998779296875,403.04998779296875,8057989
2025-12-05,403.04998779296875,405.3500061035156,402.0,404.95001220703125,4419747
2025-12-08,404.95001220703125,405.25,400.54998779296875,402.29998779296875,6056866
2025-12-09,402.0,404.5,400.0,401.04998779296875,9426717
2025-12-10,401.1000061035156,404.3999938964844,401.0,403.1499938964844,6969146
2025-12-11,403.1499938964844,404.0,401.1000061035156,402.8999938964844,6980147
2025-12-12,402.8999938964844,404.0,399.8500061035156,400.1000061035156,12407516
2025-12-15,400.1000061035156,403.3500061035156,399.5,402.29998779296875,7756564
2025-12-16,401.3999938964844,405.75,401.04998779296875,401.70001220703125,12347384
2025-12-17,401.0,403.1000061035156,399.1000061035156,399.79998779296875,8087490
2025-12-18,400.0,401.95001220703125,399.8500061035156,400.3999938964844,7227668
2025-12-19,400.25,402.6499938964844,400.25,401.04998779296875,10654835
2025-12-22,401.6000061035156,403.6499938964844,401.20001220703125,402.70001220703125,6847871
2025-12-23,402.5,408.8999938964844,401.79998779296875,407.3500061035156,10081997
2025-12-24,407.95001220703125,409.5,405.6499938964844,406.6000061035156,5777430
2025-12-26,406.5,407.1499938964844,403.8500061035156,404.1499938964844,3152453
2025-12-29,404.1000061035156,404.79998779296875,401.45001220703125,402.6000061035156,6647710
2025-12-30,403.0,403.45001220703125,400.29998779296875,400.6000061035156,12340527
2025-12-31,401.1000061035156,403.75,400.8500061035156,403.0,9945109
2026-01-01,402.70001220703125,402.70001220703125,362.70001220703125,363.8500061035156,282626710
2026-01-02,360.0,360.0,345.25,350.04998779296875,118790358
2026-01-05,350.20001220703125,353.95001220703125,346.04998779296875,349.70001220703125,48358124
2026-01-06,350.25,350.70001220703125,337.75,342.45001220703125,72582738
2026-01-07,343.0,344.54998779296875,339.29998779296875,341.25,29440734
2026-01-08,341.5,345.1499938964844,339.04998779296875,340.8999938964844,36706319
2026-01-09,340.8999938964844,341.0,336.1000061035156,337.1499938964844,35193201
2026-01-12,338.25,339.5,335.79998779296875,338.3999938964844,16156143
2026-01-13,339.0,339.5,333.70001220703125,334.70001220703125,24922339
2026-01-14,336.0,336.0,333.45001220703125,334.75,14913422
2026-01-16,337.5,337.5,328.54998779296875,329.20001220703125,30526898
2026-01-19,330.0,334.6499938964844,327.29998779296875,333.20001220703125,15507440
2026-01-20,334.04998779296875,334.5,325.5,326.29998779296875,18771011
2026-01-21,326.0,329.29998779296875,324.3500061035156,324.75,14177965
2026-01-22,326.1000061035156,328.70001220703125,321.04998779296875,324.8500061035156,18622852
2026-01-23,325.54998779296875,326.3999938964844,322.70001220703125,323.3999938964844,11950089
2026-01-27,323.6000061035156,324.70001220703125,317.8500061035156,318.6499938964844,47847784
2026-01-28,319.95001220703125,323.70001220703125,319.3500061035156,321.1499938964844,28400238
2026-01-29,322.6000061035156,322.6000061035156,318.04998779296875,318.6000061035156,17719420
2026-01-30,318.79998779296875,325.1499938964844,316.45001220703125,322.1499938964844,41975824
2026-02-02,309.45001220703125,315.3999938964844,302.0,314.70001220703125,35227572
2026-02-03,321.20001220703125,324.75,311.6000061035156,316.6499938964844,33168353
2026-02-04,312.5,314.95001220703125,311.3500061035156,313.8500061035156,11196759
2026-02-05,313.95001220703125,315.3500061035156,309.29998779296875,310.20001220703125,15816704
2026-02-06,310.0,327.70001220703125,308.29998779296875,325.79998779296875,68057745
2026-02-09,327.95001220703125,328.70001220703125,321.6499938964844,322.79998779296875,20059198
2026-02-10,323.0,323.54998779296875,320.75,321.3999938964844,11489090
2026-02-11,321.95001220703125,322.20001220703125,316.29998779296875,318.25,24843366
2026-02-12,317.29998779296875,320.3999938964844,316.8999938964844,317.45001220703125,13294561
2026-02-13,316.0,318.3999938964844,313.25,313.75,8730618
2026-02-16,313.75,318.25,313.1499938964844,317.95001220703125,11693763
2026-02-17,318.45001220703125,328.04998779296875,318.1499938964844,325.45001220703125,39360672
2026-02-18,326.0,332.95001220703125,324.79998779296875,332.45001220703125,35473203
2026-02-19,334.04998779296875,334.25,325.0,326.0,19911747
2026-02-20,325.04998779296875,327.8500061035156,325.04998779296875,327.0,11282027
2026-02-23,327.0,328.1000061035156,324.3999938964844,325.3999938964844,13486092
2026-02-24,324.0,325.3999938964844,322.04998779296875,323.5,13135859
2026-02-25,325.5,326.6000061035156,318.1000061035156,319.75,13492101
2026-02-26,320.0,321.3999938964844,317.6000061035156,318.29998779296875,11270119
2026-02-27,316.0,317.75,312.6499938964844,313.6000061035156,13892595
2026-03-02,307.0,315.75,307.0,314.8999938964844,22194311
2026-03-04,310.6000061035156,315.5,310.5,311.95001220703125,24165489
2026-03-05,312.20001220703125,313.6000061035156,308.20001220703125,311.5,19938009
2026-03-06,310.04998779296875,312.29998779296875,309.20001220703125,309.70001220703125,21288269
2026-03-09,305.0,307.20001220703125,303.6000061035156,306.0,14084931
2026-03-10,309.0,310.0,303.75,309.04998779296875,18352950
2026-03-11,309.04998779296875,310.6499938964844,307.70001220703125,309.0,14842485
2026-03-12,307.04998779296875,308.0,302.8500061035156,304.1000061035156,23319679
2026-03-13,304.0,306.0,300.6499938964844,301.45001220703125,25659996
2026-03-16,302.54998779296875,309.45001220703125,302.0,308.25,37472204
2026-03-17,309.95001220703125,309.95001220703125,304.04998779296875,304.8500061035156,25649286
2026-03-18,305.8999938964844,306.95001220703125,303.5,304.04998779296875,16702554
2026-03-19,301.5,305.5,297.1000061035156,298.0,17851126
2026-03-20,301.04998779296875,308.75,298.1499938964844,299.95001220703125,58679529
2026-03-23,298.8999938964844,299.0,289.54998779296875,290.45001220703125,31788160
2026-03-24,295.95001220703125,296.0,288.75,291.25,33335721
2026-03-25,292.70001220703125,298.5,292.25,295.70001220703125,26184716
2026-03-27,294.70001220703125,296.8500061035156,291.54998779296875,294.70001220703125,22179022
2026-03-30,293.6000061035156,294.45001220703125,287.0,287.70001220703125,24586921
2026-04-01,293.0,294.45001220703125,290.8999938964844,291.70001220703125,18604340
2026-04-02,290.25,293.6499938964844,288.3999938964844,292.8500061035156,18082775
2026-04-06,293.0,295.3500061035156,290.25,294.8500061035156,18047063
2026-04-07,294.1499938964844,299.0,292.75,298.45001220703125,26963485
2026-04-08,303.8999938964844,304.6000061035156,301.54998779296875,302.45001220703125,22310207
2026-04-09,301.5,304.3999938964844,301.25,303.0,17691477
2026-04-10,303.0,305.3999938964844,302.6000061035156,304.25,17744386
2026-04-13,300.0,301.45001220703125,298.1000061035156,298.6499938964844,16522014
2026-04-15,300.70001220703125,304.0,300.54998779296875,302.04998779296875,18701403
2026-04-16,302.95001220703125,305.3500061035156,301.8500061035156,303.3999938964844,16512053
2026-04-17,303.8500061035156,309.95001220703125,303.8500061035156,306.79998779296875,35111203
2026-04-20,307.0,307.95001220703125,304.45001220703125,305.0,13540471
2026-04-21,305.0,311.1000061035156,304.54998779296875,309.6499938964844,24411865
2026-04-22,310.0,310.54998779296875,305.1000061035156,305.5,24500511
2026-04-23,304.0,306.3500061035156,303.25,305.29998779296875,10701849
2026-04-24,306.6499938964844,306.6499938964844,301.1000061035156,301.6000061035156,17011704
2026-04-27,303.6499938964844,305.6499938964844,302.8500061035156,303.8500061035156,14382348
2026-04-28,304.3999938964844,305.79998779296875,302.54998779296875,304.45001220703125,12907339
2026-04-29,305.1000061035156,317.5,305.1000061035156,316.25,31199038
2026-04-30,316.25,317.5,313.29998779296875,314.8999938964844,11541956
2026-05-04,317.8999938964844,317.8999938964844,310.5,311.1000061035156,20245091
2026-05-05,311.1000061035156,313.70001220703125,309.6499938964844,311.45001220703125,26795704
2026-05-06,312.79998779296875,313.6000061035156,309.25,310.70001220703125,20287609
2026-05-07,311.45001220703125,311.6499938964844,307.0,307.3999938964844,25718615
2026-05-08,308.8999938964844,308.8999938964844,305.70001220703125,307.45001220703125,17739844
2026-05-11,307.0,308.0,305.1499938964844,305.8500061035156,14968661
2026-05-12,305.3500061035156,306.25,300.1000061035156,300.70001220703125,15968338
2026-05-13,302.0,305.79998779296875,301.04998779296875,304.45001220703125,13024778
2026-05-14,305.0,309.20001220703125,304.8500061035156,307.20001220703125,11113377
2026-05-15,307.20001220703125,312.04998779296875,306.29998779296875,309.45001220703125,11954564
2026-05-18,309.45001220703125,312.29998779296875,306.5,310.1499938964844,14422870
2026-05-19,311.95001220703125,314.25,308.3500061035156,310.29998779296875,17519355
2026-05-20,309.0,309.6499938964844,306.20001220703125,307.54998779296875,12127920
2026-05-21,309.8500061035156,311.29998779296875,305.79998779296875,308.04998779296875,21868988
2026-05-22,305.8999938964844,307.0,301.0,301.70001220703125,30751752
2026-05-25,303.95001220703125,305.5,302.3500061035156,303.95001220703125,15734247
2026-05-26,304.3500061035156,304.3999938964844,301.1000061035156,301.6499938964844,37560542
2026-05-27,295.6499938964844,296.3500061035156,291.04998779296875,291.95001220703125,25446093
2026-05-29,292.0,292.3999938964844,285.8999938964844,286.8999938964844,31930439
2026-06-01,287.79998779296875,288.54998779296875,278.29998779296875,279.6499938964844,23477875
2026-06-02,279.5,283.6000061035156,277.1000061035156,283.25,20206131
2026-06-03,282.3500061035156,282.3500061035156,275.20001220703125,277.0,28001438
2026-06-04,277.0,280.6499938964844,275.04998779296875,280.29998779296875,22017634
2026-06-05,280.0,281.3999938964844,277.8500061035156,280.70001220703125,16065822
2026-06-08,279.0,283.45001220703125,276.95001220703125,279.45001220703125,15779677
2026-06-09,281.70001220703125,281.70001220703125,277.1499938964844,280.0,12302522
2026-06-10,280.0,285.8500061035156,278.6499938964844,283.6499938964844,19823743
2026-06-11,283.0,283.25,281.20001220703125,282.3999938964844,12603100
2026-06-12,283.54998779296875,285.8500061035156,283.0,285.1000061035156,12893433
2026-06-15,287.0,288.8500061035156,286.70001220703125,287.8999938964844,11194950
2026-06-16,288.1499938964844,292.1499938964844,287.5,291.6499938964844,14467499
2026-06-17,291.95001220703125,292.3500061035156,290.0,290.75,8626353
2026-06-18,291.04998779296875,291.8999938964844,288.0,291.1499938964844,10409670
2026-06-19,289.79998779296875,294.54998779296875,288.3999938964844,292.5,13874008
2026-06-22,292.79998779296875,293.95001220703125,290.04998779296875,291.25,9947873
2026-06-23,291.25,293.1499938964844,289.6499938964844,290.0,9410364
2026-06-24,290.0,291.3999938964844,289.45001220703125,290.3500061035156,6218635
2026-06-25,290.3500061035156,292.25,289.20001220703125,290.0,11230239
2026-06-29,290.45001220703125,291.8999938964844,289.3500061035156,290.70001220703125,10110022
2026-06-30,291.5,291.6000061035156,285.5,286.95001220703125,18180676
2026-07-01,287.8500061035156,291.0,287.1000061035156,290.29998779296875,6551425
2026-07-02,290.70001220703125,291.0,287.70001220703125,289.8999938964844,12722639
2026-07-03,291.29998779296875,291.6000061035156,289.0,289.95001220703125,6517591
2026-07-06,289.95001220703125,290.3999938964844,287.6000061035156,288.25,27126124
2026-07-07,288.29998779296875,290.70001220703125,286.54998779296875,288.75,18491160
2026-07-08,286.8999938964844,287.8500061035156,280.0,280.6499938964844,21593793
2026-07-09,281.25,284.3999938964844,281.0,282.04998779296875,12512120
2026-07-10,282.8500061035156,283.6499938964844,280.8500061035156,281.75,11774274
2026-07-13,281.3500061035156,281.5,279.5,279.6499938964844,12559492
2026-07-14,279.25,280.6499938964844,275.0,275.54998779296875,15018851
2026-07-15,276.6499938964844,277.70001220703125,275.29998779296875,276.6499938964844,8523722
2026-07-16,277.0,280.45001220703125,276.0,279.3500061035156,11220653
2026-07-17,279.3500061035156,281.95001220703125,277.79998779296875,280.70001220703125,15215868
2026-07-20,280.70001220703125,283.70001220703125,279.5,282.70001220703125,9913943
2026-07-21,283.0,283.95001220703125,278.79998779296875,281.0,9858768
2026-07-22,280.5,282.20001220703125,278.5,280.79998779296875,12995017
2026-07-23,279.95001220703125,284.0,279.6499938964844,281.29998779296875,21143589
2026-07-24,279.54998779296875,284.8500061035156,279.54998779296875,283.45001220703125,24954082
2026-07-27,287.75,287.8999938964844,285.5,285.8500061035156,19312804
2026-07-28,284.8999938964844,287.95001220703125,282.29998779296875,284.6499938964844,14843878
2026-07-29,285.6000061035156,289.04998779296875,284.1499938964844,286.25,19029524
