Date,Open,High,Low,Close,Volume
2011-08-02,21.25,21.5,20.700000762939453,20.799999237060547,43025
2011-08-03,20.200000762939453,21.100000381469727,20.049999237060547,20.450000762939453,40613
2011-08-04,20.649999618530273,21.0,20.0,20.100000381469727,30187
2011-08-05,19.25,19.600000381469727,16.200000762939453,18.850000381469727,86785
2011-08-08,18.5,18.799999237060547,17.549999237060547,18.100000381469727,54623
2011-08-09,17.100000381469727,18.850000381469727,14.649999618530273,17.649999618530273,41914
2011-08-10,18.399999618530273,19.25,18.0,19.100000381469727,68840
2011-08-11,19.100000381469727,19.399999618530273,18.399999618530273,19.149999618530273,39113
2011-08-12,19.600000381469727,19.899999618530273,18.75,19.0,32647
2011-08-16,18.799999237060547,19.649999618530273,18.200000762939453,18.450000762939453,11710
2011-08-17,18.350000381469727,18.850000381469727,17.299999237060547,17.600000381469727,32144
2011-08-18,17.100000381469727,17.600000381469727,16.5,16.850000381469727,41457
2011-08-19,16.549999237060547,16.799999237060547,15.300000190734863,15.850000381469727,74395
2011-08-22,16.0,16.25,15.100000381469727,16.049999237060547,71562
2011-08-23,15.699999809265137,16.700000762939453,15.699999809265137,16.600000381469727,34241
2011-08-24,16.049999237060547,17.0,16.049999237060547,16.549999237060547,32949
2011-08-25,16.600000381469727,17.25,16.25,16.700000762939453,49766
2011-08-26,16.600000381469727,16.899999618530273,16.100000381469727,16.299999237060547,23686
2011-08-29,16.399999618530273,17.049999237060547,16.25,16.950000762939453,33178
2011-08-30,17.799999237060547,17.799999237060547,16.950000762939453,17.200000762939453,39004
2011-09-02,17.200000762939453,17.5,16.799999237060547,16.950000762939453,14662
2011-09-05,17.0,17.25,16.450000762939453,17.149999618530273,18963
2011-09-06,17.399999618530273,17.399999618530273,16.799999237060547,16.899999618530273,36041
2011-09-07,17.0,17.350000381469727,17.0,17.100000381469727,28053
2011-09-08,17.25,17.75,17.100000381469727,17.450000762939453,39703
2011-09-09,17.850000381469727,17.850000381469727,17.149999618530273,17.350000381469727,16453
2011-09-12,17.0,17.100000381469727,16.649999618530273,16.75,29914
2011-09-13,16.350000381469727,17.399999618530273,16.350000381469727,16.899999618530273,45651
2011-09-14,17.600000381469727,17.600000381469727,16.600000381469727,17.149999618530273,53067
2011-09-15,17.399999618530273,17.399999618530273,16.799999237060547,16.899999618530273,28840
2011-09-16,17.200000762939453,17.25,16.75,16.850000381469727,15329
2011-09-19,16.649999618530273,17.0,16.5,16.600000381469727,19135
2011-09-20,16.850000381469727,16.899999618530273,16.5,16.649999618530273,49102
2011-09-21,16.700000762939453,17.0,16.5,16.700000762939453,41834
2011-09-22,16.399999618530273,16.799999237060547,16.049999237060547,16.149999618530273,32492
2011-09-23,15.5,16.700000762939453,15.5,15.850000381469727,31472
2011-09-26,15.899999618530273,16.5,15.449999809265137,15.649999618530273,40915
2011-09-27,15.649999618530273,17.0,15.649999618530273,16.5,77695
2011-09-28,16.5,16.899999618530273,16.049999237060547,16.100000381469727,34425
2011-09-29,15.75,16.25,15.75,15.949999809265137,16634
2011-09-30,15.449999809265137,16.299999237060547,15.25,15.75,14183
2011-10-03,16.649999618530273,16.649999618530273,15.600000381469727,15.699999809265137,7881
2011-10-04,15.600000381469727,15.850000381469727,15.199999809265137,15.600000381469727,18964
2011-10-05,15.300000190734863,15.550000190734863,14.899999618530273,15.0,89079
2011-10-07,15.100000381469727,15.5,14.800000190734863,14.949999809265137,44444
2011-10-10,14.649999618530273,15.350000381469727,14.649999618530273,15.100000381469727,24402
2011-10-11,15.649999618530273,15.649999618530273,15.0,15.050000190734863,31557
2011-10-12,14.850000381469727,15.449999809265137,14.850000381469727,15.350000381469727,27016
2011-10-13,15.699999809265137,15.699999809265137,15.149999618530273,15.449999809265137,39296
2011-10-14,15.899999618530273,15.899999618530273,15.199999809265137,15.5,23435
2011-10-17,15.5,15.75,15.449999809265137,15.5,18772
2011-10-18,15.050000190734863,15.550000190734863,15.050000190734863,15.399999618530273,5234
2011-10-19,15.25,15.649999618530273,14.899999618530273,15.149999618530273,19297
2011-10-20,15.050000190734863,15.25,14.850000381469727,14.899999618530273,26507
2011-10-21,14.800000190734863,15.350000381469727,14.800000190734863,14.899999618530273,32058
2011-10-24,14.899999618530273,15.850000381469727,14.649999618530273,15.399999618530273,22133
2011-10-25,16.0,17.399999618530273,16.0,16.649999618530273,344042
2011-10-28,17.100000381469727,17.350000381469727,16.549999237060547,16.799999237060547,69511
2011-10-31,17.5,17.5,16.549999237060547,16.950000762939453,55018
2011-11-01,17.200000762939453,17.25,16.450000762939453,16.899999618530273,26053
2011-11-02,16.950000762939453,17.25,16.600000381469727,16.950000762939453,31545
2011-11-03,16.75,17.25,16.600000381469727,16.950000762939453,23288
2011-11-04,17.450000762939453,17.450000762939453,16.799999237060547,16.899999618530273,24714
2011-11-08,17.600000381469727,17.600000381469727,16.799999237060547,17.0,20623
2011-11-09,17.549999237060547,17.549999237060547,16.600000381469727,16.649999618530273,24360
2011-11-11,16.700000762939453,16.799999237060547,15.899999618530273,16.100000381469727,19379
2011-11-14,16.799999237060547,16.799999237060547,15.5,15.600000381469727,14142
2011-11-15,15.649999618530273,16.0,15.149999618530273,15.449999809265137,34699
2011-11-16,15.0,17.950000762939453,15.0,16.850000381469727,314111
2011-11-17,17.299999237060547,17.299999237060547,16.100000381469727,16.25,40663
2011-11-18,15.649999618530273,15.800000190734863,14.899999618530273,15.399999618530273,84183
2011-11-21,15.0,15.399999618530273,14.600000381469727,14.75,40213
2011-11-22,14.899999618530273,15.300000190734863,14.899999618530273,15.100000381469727,16794
2011-11-23,14.699999809265137,15.550000190734863,14.5,14.899999618530273,30539
2011-11-24,14.699999809265137,15.300000190734863,14.600000381469727,14.699999809265137,28947
2011-11-25,14.649999618530273,15.0,14.0,14.149999618530273,73277
2011-11-28,14.850000381469727,15.399999618530273,14.25,15.050000190734863,34224
2011-11-29,15.0,15.5,15.0,15.199999809265137,23182
2011-11-30,15.350000381469727,15.350000381469727,14.75,14.949999809265137,22702
2011-12-01,15.399999618530273,15.850000381469727,15.149999618530273,15.199999809265137,52334
2011-12-02,15.899999618530273,16.5,15.25,16.299999237060547,99848
2011-12-05,16.5,16.5,15.699999809265137,15.800000190734863,20940
2011-12-07,15.550000190734863,16.25,15.550000190734863,15.949999809265137,6098
2011-12-08,15.850000381469727,15.850000381469727,15.100000381469727,15.199999809265137,23976
2011-12-09,15.0,15.899999618530273,14.600000381469727,15.5,72415
2011-12-12,15.850000381469727,15.850000381469727,15.100000381469727,15.300000190734863,12465
2011-12-13,15.100000381469727,15.149999618530273,14.5,14.600000381469727,30171
2011-12-14,14.550000190734863,15.0,14.550000190734863,14.800000190734863,9870
2011-12-15,14.5,14.800000190734863,14.5,14.550000190734863,17203
2011-12-16,14.649999618530273,15.100000381469727,14.300000190734863,14.550000190734863,27530
2011-12-19,14.600000381469727,14.600000381469727,13.5,13.699999809265137,24978
2011-12-20,14.399999618530273,14.399999618530273,12.899999618530273,13.0,45119
2011-12-21,13.25,13.699999809265137,13.050000190734863,13.300000190734863,21812
2011-12-22,13.0,13.449999809265137,12.5,13.149999618530273,23905
2011-12-23,13.149999618530273,13.399999618530273,12.800000190734863,12.949999809265137,69348
2011-12-26,12.800000190734863,13.5,12.800000190734863,13.300000190734863,14121
2011-12-27,13.300000190734863,13.600000381469727,12.75,13.050000190734863,20132
2011-12-28,12.850000381469727,13.149999618530273,12.75,13.100000381469727,7858
2011-12-29,12.899999618530273,13.350000381469727,12.850000381469727,13.199999809265137,20025
2011-12-30,13.0,13.5,12.949999809265137,13.050000190734863,15579
2012-01-02,12.800000190734863,13.449999809265137,12.800000190734863,12.949999809265137,7067
2012-01-03,12.899999618530273,13.350000381469727,12.899999618530273,13.149999618530273,24144
2012-01-04,13.149999618530273,13.949999809265137,13.149999618530273,13.75,23268
2012-01-05,13.399999618530273,14.5,13.399999618530273,14.25,44306
2012-01-06,14.300000190734863,15.100000381469727,14.0,14.850000381469727,32776
2012-01-09,15.300000190734863,15.449999809265137,14.550000190734863,15.100000381469727,14260
2012-01-10,15.5,16.549999237060547,15.199999809265137,15.699999809265137,82532
2012-01-11,15.699999809265137,18.799999237060547,15.25,18.799999237060547,582239
2012-01-12,18.799999237060547,19.850000381469727,17.5,17.850000381469727,207069
2012-01-13,18.700000762939453,18.700000762939453,17.600000381469727,17.850000381469727,53814
2012-01-16,21.0,21.0,17.399999618530273,17.549999237060547,29070
2012-01-17,17.200000762939453,18.100000381469727,17.200000762939453,17.450000762939453,39476
2012-01-18,18.200000762939453,18.200000762939453,16.899999618530273,17.049999237060547,47795
2012-01-19,17.600000381469727,17.600000381469727,16.649999618530273,16.850000381469727,41672
2012-01-20,16.649999618530273,16.950000762939453,16.5,16.700000762939453,30378
2012-01-23,16.75,16.899999618530273,16.25,16.350000381469727,19785
2012-01-24,16.100000381469727,16.850000381469727,16.100000381469727,16.600000381469727,22304
2012-01-25,16.5,17.350000381469727,16.5,17.049999237060547,37837
2012-01-27,17.0,17.549999237060547,16.5,17.25,29018
2012-01-30,17.100000381469727,17.850000381469727,17.0,17.25,56949
2012-01-31,17.25,17.5,16.950000762939453,17.0,29362
2012-02-01,17.5,17.5,16.700000762939453,16.899999618530273,47385
2012-02-02,17.0,18.399999618530273,17.0,17.600000381469727,71076
2012-02-03,18.350000381469727,18.350000381469727,17.100000381469727,17.950000762939453,43952
2012-02-06,18.399999618530273,21.399999618530273,18.399999618530273,21.0,380191
2012-02-07,21.299999237060547,22.0,19.049999237060547,19.200000762939453,270802
2012-02-08,19.399999618530273,19.75,18.600000381469727,18.799999237060547,212202
2012-02-09,18.850000381469727,20.399999618530273,18.600000381469727,19.649999618530273,101807
2012-02-10,20.299999237060547,20.299999237060547,19.299999237060547,19.549999237060547,75694
2012-02-13,20.799999237060547,20.799999237060547,19.049999237060547,19.399999618530273,24555
2012-02-14,20.899999618530273,20.899999618530273,18.5,19.399999618530273,116541
2012-02-15,19.299999237060547,20.5,19.299999237060547,20.299999237060547,111410
2012-02-16,21.0,22.25,20.649999618530273,21.549999237060547,386930
2012-02-17,22.0,22.100000381469727,20.600000381469727,20.950000762939453,153832
2012-02-21,21.100000381469727,21.350000381469727,20.100000381469727,20.700000762939453,36310
2012-02-22,20.649999618530273,21.600000381469727,20.5,20.75,169141
2012-02-23,21.600000381469727,21.75,20.5,20.649999618530273,187561
2012-02-24,21.25,21.25,19.899999618530273,20.25,143224
2012-02-27,20.200000762939453,20.200000762939453,18.450000762939453,18.649999618530273,68974
2012-02-28,18.899999618530273,19.5,18.200000762939453,19.200000762939453,31975
2012-02-29,19.799999237060547,20.200000762939453,19.0,19.100000381469727,43149
2012-03-01,19.200000762939453,19.200000762939453,18.700000762939453,18.950000762939453,26899
2012-03-02,19.700000762939453,19.700000762939453,18.25,18.549999237060547,55382
2012-03-05,18.399999618530273,19.200000762939453,18.100000381469727,18.399999618530273,19896
2012-03-06,18.200000762939453,19.100000381469727,18.200000762939453,18.5,19939
2012-03-07,18.5,18.75,17.149999618530273,17.549999237060547,75124
2012-03-09,18.450000762939453,18.600000381469727,18.049999237060547,18.25,135781
2012-03-12,18.549999237060547,18.899999618530273,18.149999618530273,18.299999237060547,22816
2012-03-13,18.799999237060547,18.799999237060547,18.149999618530273,18.350000381469727,34828
2012-03-14,18.899999618530273,19.0,18.149999618530273,18.399999618530273,31909
2012-03-15,18.049999237060547,18.5,17.549999237060547,17.75,76613
2012-03-16,18.0,18.25,17.5,17.649999618530273,21471
2012-03-19,17.350000381469727,18.299999237060547,17.0,17.100000381469727,43289
2012-03-20,17.049999237060547,17.950000762939453,17.0,17.25,26059
2012-03-21,17.600000381469727,17.899999618530273,17.100000381469727,17.75,17308
2012-03-22,17.600000381469727,18.149999618530273,17.200000762939453,17.450000762939453,52615
2012-03-23,17.899999618530273,17.899999618530273,17.0,17.299999237060547,20083
2012-03-26,17.0,17.200000762939453,16.549999237060547,16.649999618530273,43491
2012-03-27,17.350000381469727,17.350000381469727,16.5,16.549999237060547,19298
2012-03-28,17.0,17.0,16.149999618530273,16.25,33180
2012-03-29,16.25,16.700000762939453,16.049999237060547,16.600000381469727,14173
2012-03-30,17.0,17.0,16.25,16.700000762939453,49248
2012-04-02,18.200000762939453,18.200000762939453,16.850000381469727,17.5,22574
2012-04-03,18.200000762939453,18.200000762939453,17.549999237060547,17.700000762939453,31500
2012-04-04,17.899999618530273,17.899999618530273,17.299999237060547,17.450000762939453,16798
2012-04-09,17.299999237060547,17.399999618530273,14.0,16.850000381469727,49390
2012-04-10,16.700000762939453,17.25,16.5,17.25,14295
2012-04-11,17.850000381469727,17.850000381469727,16.700000762939453,16.799999237060547,32831
2012-04-12,17.0,17.399999618530273,16.600000381469727,17.049999237060547,32071
2012-04-13,20.0,20.0,16.899999618530273,17.049999237060547,15975
2012-04-16,17.25,17.5,16.649999618530273,17.100000381469727,15631
2012-04-17,16.600000381469727,17.5,16.5,17.25,38349
2012-04-18,17.100000381469727,17.450000762939453,17.0,17.350000381469727,17702
2012-04-19,17.649999618530273,17.649999618530273,17.049999237060547,17.149999618530273,16152
2012-04-20,17.899999618530273,17.899999618530273,16.149999618530273,16.950000762939453,34290
2012-04-23,20.0,20.0,16.600000381469727,16.799999237060547,38769
2012-04-24,20.0,20.0,16.5,16.649999618530273,15215
2012-04-25,17.700000762939453,17.700000762939453,16.149999618530273,16.549999237060547,14328
2012-04-26,17.0,17.0,16.0,16.100000381469727,29988
2012-04-27,16.0,16.5,15.899999618530273,15.899999618530273,35815
2012-04-30,16.5,16.5,15.600000381469727,16.25,7672
2012-05-02,13.0,16.600000381469727,13.0,16.100000381469727,18727
2012-05-03,16.149999618530273,16.200000762939453,15.75,15.850000381469727,12972
2012-05-04,15.5,16.200000762939453,15.5,15.550000190734863,16835
2012-05-07,15.949999809265137,15.949999809265137,15.0,15.5,28125
2012-05-08,15.75,15.75,15.149999618530273,15.449999809265137,17347
2012-05-09,15.100000381469727,15.449999809265137,15.0,15.050000190734863,20379
2012-05-10,15.050000190734863,15.75,15.050000190734863,15.300000190734863,17931
2012-05-11,15.0,15.300000190734863,14.600000381469727,14.949999809265137,41655
2012-05-14,15.899999618530273,15.899999618530273,14.399999618530273,14.399999618530273,26939
2012-05-15,14.5,15.25,14.050000190734863,14.350000381469727,15959
2012-05-16,14.100000381469727,15.5,14.100000381469727,15.25,98561
2012-05-17,15.350000381469727,15.699999809265137,14.850000381469727,15.050000190734863,26495
2012-05-18,15.0,15.149999618530273,14.25,14.899999618530273,9750
2012-05-21,14.899999618530273,15.0,14.5,14.649999618530273,30648
2012-05-22,14.699999809265137,15.050000190734863,14.5,14.550000190734863,5471
2012-05-23,14.25,14.75,14.25,14.5,14660
2012-05-24,14.300000190734863,14.899999618530273,14.199999809265137,14.75,19236
2012-05-25,14.399999618530273,16.200000762939453,14.199999809265137,15.949999809265137,68991
2012-05-28,15.899999618530273,17.200000762939453,15.899999618530273,17.049999237060547,91958
2012-05-29,18.899999618530273,18.899999618530273,15.850000381469727,16.200000762939453,64083
2012-05-30,17.25,17.899999618530273,16.899999618530273,17.149999618530273,336756
2012-05-31,17.5,17.850000381469727,16.850000381469727,17.200000762939453,106481
2012-06-01,17.75,17.75,16.299999237060547,16.5,36988
2012-06-04,16.450000762939453,16.450000762939453,15.800000190734863,16.25,22559
2012-06-05,16.25,17.100000381469727,16.100000381469727,16.649999618530273,55153
2012-06-06,19.0,19.0,16.5,16.950000762939453,42143
2012-06-07,17.149999618530273,17.350000381469727,16.649999618530273,16.799999237060547,58697
2012-06-08,17.25,17.25,16.549999237060547,16.799999237060547,12957
2012-06-11,16.649999618530273,17.700000762939453,16.5,17.0,69829
2012-06-12,16.850000381469727,17.100000381469727,16.700000762939453,17.0,22768
2012-06-13,17.049999237060547,17.25,16.799999237060547,16.850000381469727,24826
2012-06-14,16.899999618530273,17.0,16.600000381469727,16.600000381469727,13164
2012-06-15,17.0,17.200000762939453,16.5,16.600000381469727,16561
2012-06-18,16.549999237060547,16.950000762939453,16.299999237060547,16.399999618530273,19498
2012-06-19,16.299999237060547,16.700000762939453,16.25,16.399999618530273,11217
2012-06-20,18.0,18.0,16.350000381469727,16.350000381469727,34481
2012-06-21,16.200000762939453,16.649999618530273,16.149999618530273,16.450000762939453,21665
2012-06-22,17.0,17.0,16.25,16.350000381469727,24311
2012-06-25,19.0,19.0,16.350000381469727,16.549999237060547,32059
2012-06-26,16.899999618530273,17.25,16.399999618530273,16.950000762939453,79734
2012-06-27,17.5,17.5,16.700000762939453,16.75,18633
2012-06-28,17.049999237060547,17.049999237060547,16.649999618530273,16.850000381469727,19174
2012-06-29,17.200000762939453,17.649999618530273,16.850000381469727,17.100000381469727,64533
2012-07-02,17.5,17.700000762939453,17.049999237060547,17.600000381469727,55657
2012-07-03,18.0,18.0,17.200000762939453,17.350000381469727,41625
2012-07-04,17.75,18.899999618530273,17.350000381469727,18.5,152976
2012-07-05,18.700000762939453,19.200000762939453,18.399999618530273,18.899999618530273,71711
2012-07-06,19.200000762939453,19.200000762939453,18.149999618530273,18.350000381469727,34475
2012-07-09,18.600000381469727,18.600000381469727,17.799999237060547,17.899999618530273,53412
2012-07-10,18.25,18.25,17.75,18.100000381469727,21992
2012-07-11,18.0,18.350000381469727,17.799999237060547,17.850000381469727,31945
2012-07-12,17.850000381469727,18.0,17.700000762939453,17.799999237060547,13376
2012-07-13,17.700000762939453,18.399999618530273,17.700000762939453,18.0,48485
2012-07-16,18.200000762939453,18.799999237060547,17.549999237060547,17.799999237060547,42027
2012-07-17,17.899999618530273,17.899999618530273,17.399999618530273,17.5,19157
2012-07-18,17.399999618530273,17.600000381469727,17.299999237060547,17.5,4149
2012-07-19,17.549999237060547,17.899999618530273,17.350000381469727,17.5,13690
2012-07-20,17.399999618530273,17.700000762939453,17.200000762939453,17.549999237060547,35689
2012-07-23,17.399999618530273,17.5,17.0,17.149999618530273,19729
2012-07-24,16.899999618530273,17.600000381469727,16.899999618530273,17.200000762939453,24338
2012-07-25,17.0,17.25,16.899999618530273,16.899999618530273,11112
2012-07-26,16.75,17.350000381469727,16.700000762939453,16.700000762939453,14759
2012-07-27,17.0,17.100000381469727,16.299999237060547,16.450000762939453,17863
2012-07-30,16.299999237060547,17.0,16.299999237060547,16.75,20018
2012-07-31,16.600000381469727,16.850000381469727,16.5,16.649999618530273,5827
2012-08-01,16.399999618530273,19.75,16.200000762939453,18.350000381469727,87316
2012-08-02,18.0,19.350000381469727,18.0,18.100000381469727,56227
2012-08-03,18.100000381469727,18.100000381469727,17.5,17.600000381469727,12574
2012-08-06,18.049999237060547,18.049999237060547,17.25,17.549999237060547,12692
2012-08-07,17.649999618530273,18.299999237060547,17.5,17.600000381469727,15915
2012-08-08,17.799999237060547,18.100000381469727,17.549999237060547,17.899999618530273,20371
2012-08-09,18.100000381469727,19.299999237060547,18.100000381469727,18.600000381469727,99548
2012-08-10,18.25,18.399999618530273,17.600000381469727,17.950000762939453,14464
2012-08-13,17.700000762939453,17.799999237060547,17.350000381469727,17.649999618530273,20240
2012-08-14,17.799999237060547,18.0,17.700000762939453,17.799999237060547,15518
2012-08-16,18.299999237060547,18.350000381469727,16.850000381469727,17.149999618530273,75863
2012-08-17,17.5,18.0,16.799999237060547,16.899999618530273,92912
2012-08-21,16.799999237060547,17.350000381469727,16.799999237060547,17.25,9750
2012-08-22,17.600000381469727,18.0,17.0,17.850000381469727,30413
2012-08-23,17.700000762939453,17.899999618530273,17.100000381469727,17.25,25787
2012-08-24,17.600000381469727,17.600000381469727,17.0,17.25,8830
2012-08-27,17.0,17.700000762939453,16.899999618530273,16.950000762939453,23766
2012-08-28,17.0,17.0,16.299999237060547,16.5,15890
2012-08-29,16.899999618530273,16.899999618530273,16.350000381469727,16.399999618530273,19892
2012-08-30,16.100000381469727,16.450000762939453,16.100000381469727,16.399999618530273,19568
2012-08-31,16.100000381469727,16.399999618530273,15.949999809265137,16.0,19464
2012-09-03,16.399999618530273,16.450000762939453,15.199999809265137,15.5,67694
2012-09-04,16.299999237060547,16.799999237060547,15.75,16.0,238619
2012-09-05,16.899999618530273,16.899999618530273,16.0,16.299999237060547,39870
2012-09-06,16.399999618530273,16.5,16.0,16.100000381469727,39731
2012-09-07,16.5,16.5,16.0,16.200000762939453,46679
2012-09-10,16.5,16.899999618530273,16.149999618530273,16.25,38970
2012-09-11,16.25,16.399999618530273,15.5,16.049999237060547,36723
2012-09-12,16.399999618530273,16.5,15.699999809265137,16.049999237060547,95264
2012-09-13,16.850000381469727,16.850000381469727,16.0,16.200000762939453,39409
2012-09-14,16.450000762939453,16.450000762939453,15.899999618530273,15.949999809265137,72167
2012-09-17,16.25,16.700000762939453,16.0,16.100000381469727,102606
2012-09-18,16.75,17.399999618530273,15.949999809265137,16.049999237060547,207496
2012-09-20,16.399999618530273,16.399999618530273,15.75,15.899999618530273,59561
2012-09-21,16.299999237060547,16.600000381469727,16.100000381469727,16.350000381469727,80318
2012-09-24,16.399999618530273,17.100000381469727,16.049999237060547,16.850000381469727,111457
2012-09-25,17.0,17.0,16.350000381469727,16.549999237060547,118675
2012-09-26,19.5,19.5,16.549999237060547,17.049999237060547,114938
2012-09-27,17.299999237060547,17.350000381469727,16.700000762939453,16.950000762939453,75131
2012-09-28,17.299999237060547,17.299999237060547,16.700000762939453,16.799999237060547,43151
2012-10-01,16.850000381469727,17.350000381469727,16.700000762939453,17.25,57307
2012-10-03,17.399999618530273,18.25,17.149999618530273,17.799999237060547,272138
2012-10-04,17.200000762939453,18.100000381469727,17.200000762939453,17.700000762939453,89097
2012-10-05,17.799999237060547,17.799999237060547,17.049999237060547,17.25,39232
2012-10-08,17.0,17.450000762939453,16.899999618530273,17.100000381469727,37625
2012-10-09,16.299999237060547,17.799999237060547,16.299999237060547,17.100000381469727,20100
2012-10-10,17.0,17.200000762939453,16.700000762939453,16.850000381469727,84686
2012-10-11,16.700000762939453,17.0,16.700000762939453,16.950000762939453,36232
2012-10-12,16.75,17.350000381469727,16.75,17.0,30331
2012-10-15,16.850000381469727,17.600000381469727,16.850000381469727,17.100000381469727,37853
2012-10-16,17.0,17.5,16.799999237060547,16.850000381469727,26803
2012-10-17,17.100000381469727,17.149999618530273,16.75,16.850000381469727,11070
2012-10-18,16.850000381469727,18.700000762939453,16.850000381469727,18.049999237060547,317649
2012-10-19,18.200000762939453,18.25,17.649999618530273,17.899999618530273,71600
2012-10-22,17.899999618530273,19.850000381469727,17.700000762939453,18.799999237060547,258730
2012-10-23,18.75,19.399999618530273,18.75,18.950000762939453,100750
2012-10-25,19.049999237060547,20.200000762939453,18.950000762939453,19.350000381469727,209747
2012-10-29,18.700000762939453,18.75,18.200000762939453,18.25,26647
2012-10-30,18.0,18.549999237060547,17.950000762939453,18.200000762939453,67619
2012-10-31,18.350000381469727,18.350000381469727,18.100000381469727,18.100000381469727,17044
2012-11-01,18.399999618530273,19.399999618530273,17.799999237060547,18.0,144437
2012-11-02,18.149999618530273,18.5,16.899999618530273,17.0,211281
2012-11-05,17.450000762939453,19.100000381469727,17.450000762939453,18.0,305939
2012-11-06,18.0,19.5,17.899999618530273,18.799999237060547,491571
2012-11-07,19.0,19.399999618530273,18.899999618530273,19.25,117414
2012-11-08,18.899999618530273,19.799999237060547,18.899999618530273,19.25,67228
2012-11-09,19.399999618530273,19.399999618530273,19.0,19.049999237060547,80311
2012-11-12,19.0,19.200000762939453,18.100000381469727,18.649999618530273,43365
2012-11-15,18.850000381469727,19.0,18.350000381469727,18.850000381469727,33233
2012-11-16,18.899999618530273,19.950000762939453,18.399999618530273,18.549999237060547,310061
2012-11-19,18.399999618530273,18.799999237060547,18.200000762939453,18.25,70758
2012-11-20,18.5,18.5,17.5,17.850000381469727,56752
2012-11-21,17.700000762939453,18.549999237060547,17.399999618530273,18.350000381469727,28206
2012-11-22,18.25,18.5,18.100000381469727,18.149999618530273,17790
2012-11-23,18.149999618530273,18.200000762939453,17.799999237060547,18.049999237060547,58095
2012-11-26,18.450000762939453,18.450000762939453,17.799999237060547,18.049999237060547,18594
2012-11-27,18.100000381469727,18.25,17.799999237060547,17.899999618530273,48005
2012-11-29,18.0,18.350000381469727,17.5,17.75,260503
2012-11-30,18.049999237060547,18.25,17.75,17.950000762939453,43406
2012-12-03,18.25,18.25,17.899999618530273,18.049999237060547,34126
2012-12-04,18.0,18.700000762939453,17.600000381469727,17.899999618530273,133396
2012-12-05,18.149999618530273,18.399999618530273,17.950000762939453,18.049999237060547,55668
2012-12-06,18.149999618530273,18.399999618530273,17.75,18.049999237060547,51670
2012-12-07,18.299999237060547,18.350000381469727,17.799999237060547,18.0,74376
2012-12-10,18.049999237060547,18.25,17.75,17.850000381469727,29849
2012-12-11,17.899999618530273,18.149999618530273,17.75,18.0,35562
2012-12-12,17.75,18.0,17.200000762939453,17.5,88836
2012-12-13,17.649999618530273,17.899999618530273,17.049999237060547,17.200000762939453,55322
2012-12-14,17.399999618530273,17.450000762939453,17.0,17.100000381469727,34525
2012-12-17,17.0,17.5,16.899999618530273,17.0,24291
2012-12-18,17.100000381469727,17.5,16.950000762939453,17.299999237060547,19287
2012-12-19,17.450000762939453,17.5,17.049999237060547,17.149999618530273,30563
2012-12-20,17.0,17.450000762939453,16.899999618530273,17.049999237060547,29257
2012-12-21,17.200000762939453,17.450000762939453,16.649999618530273,16.75,44752
2012-12-24,16.700000762939453,17.0,16.700000762939453,16.899999618530273,19257
2012-12-26,16.799999237060547,17.100000381469727,16.799999237060547,16.950000762939453,11305
2012-12-27,16.950000762939453,17.0,16.799999237060547,16.899999618530273,12777
2012-12-28,16.700000762939453,17.200000762939453,16.700000762939453,16.799999237060547,9791
2012-12-31,17.299999237060547,18.450000762939453,15.899999618530273,16.75,91224
2013-01-01,16.75,17.899999618530273,16.700000762939453,17.149999618530273,27538
2013-01-02,17.200000762939453,17.450000762939453,17.149999618530273,17.350000381469727,86295
2013-01-03,17.549999237060547,17.549999237060547,17.0,17.200000762939453,29412
2013-01-04,17.049999237060547,17.25,17.049999237060547,17.100000381469727,23151
2013-01-07,17.5,17.549999237060547,17.200000762939453,17.350000381469727,32633
2013-01-08,17.399999618530273,17.399999618530273,17.100000381469727,17.200000762939453,8727
2013-01-09,17.0,17.450000762939453,16.950000762939453,17.149999618530273,23515
2013-01-10,17.149999618530273,17.299999237060547,16.799999237060547,16.899999618530273,31823
2013-01-11,17.100000381469727,17.100000381469727,16.600000381469727,16.649999618530273,44282
2013-01-14,16.700000762939453,16.850000381469727,16.5,16.600000381469727,15054
2013-01-15,16.75,17.100000381469727,16.5,16.850000381469727,34782
2013-01-16,16.700000762939453,16.899999618530273,16.299999237060547,16.350000381469727,30668
2013-01-17,16.350000381469727,16.549999237060547,15.899999618530273,16.0,238907
2013-01-18,16.049999237060547,16.450000762939453,15.949999809265137,16.100000381469727,19901
2013-01-21,15.800000190734863,16.25,15.300000190734863,16.149999618530273,21276
2013-01-22,16.149999618530273,16.149999618530273,15.550000190734863,15.649999618530273,40329
2013-01-23,15.699999809265137,15.899999618530273,15.0,15.149999618530273,47172
2013-01-24,15.050000190734863,15.300000190734863,14.649999618530273,14.800000190734863,37986
2013-01-25,14.850000381469727,15.100000381469727,14.0,15.0,35581
2013-01-28,15.050000190734863,15.300000190734863,15.0,15.0,6870
2013-01-29,15.149999618530273,15.199999809265137,14.75,14.75,15967
2013-01-30,14.75,15.0,14.649999618530273,14.850000381469727,30919
2013-01-31,14.800000190734863,15.0,14.5,14.600000381469727,14546
2013-02-01,14.649999618530273,14.800000190734863,14.399999618530273,14.449999809265137,20972
2013-02-04,14.399999618530273,14.75,14.050000190734863,14.149999618530273,33232
2013-02-05,14.100000381469727,14.300000190734863,13.75,14.050000190734863,30044
2013-02-06,14.100000381469727,14.300000190734863,13.300000190734863,14.050000190734863,38152
2013-02-07,14.0,14.25,13.899999618530273,14.0,13910
2013-02-08,14.050000190734863,14.100000381469727,13.800000190734863,14.0,9965
2013-02-11,13.899999618530273,14.149999618530273,13.699999809265137,13.75,13281
2013-02-12,14.800000190734863,15.399999618530273,13.75,13.850000381469727,34173
2013-02-13,14.100000381469727,14.25,13.449999809265137,13.699999809265137,32782
2013-02-14,13.649999618530273,13.75,13.350000381469727,13.5,18702
2013-02-15,13.399999618530273,13.399999618530273,12.5,13.350000381469727,33434
2013-02-18,13.399999618530273,14.600000381469727,13.350000381469727,13.899999618530273,26569
2013-02-19,14.399999618530273,14.699999809265137,13.75,13.75,22065
2013-02-20,13.899999618530273,14.149999618530273,13.449999809265137,13.850000381469727,44072
2013-02-21,13.600000381469727,13.699999809265137,13.350000381469727,13.5,38222
2013-02-22,13.399999618530273,13.899999618530273,13.399999618530273,13.75,19035
2013-02-25,13.699999809265137,13.800000190734863,13.0,13.25,17419
2013-02-26,13.050000190734863,13.100000381469727,12.600000381469727,12.800000190734863,13297
2013-02-27,12.600000381469727,13.0,12.100000381469727,12.800000190734863,43596
2013-02-28,13.050000190734863,13.5,12.25,12.899999618530273,35302
2013-03-01,12.699999809265137,13.399999618530273,12.550000190734863,12.949999809265137,14380
2013-03-04,12.699999809265137,12.899999618530273,12.149999618530273,12.449999809265137,27246
2013-03-05,12.449999809265137,12.949999809265137,12.199999809265137,12.300000190734863,12457
2013-03-06,12.449999809265137,12.5,12.149999618530273,12.300000190734863,41013
2013-03-07,12.399999618530273,12.399999618530273,11.800000190734863,12.300000190734863,22770
2013-03-08,12.199999809265137,12.550000190734863,12.149999618530273,12.5,11105
2013-03-11,12.699999809265137,12.699999809265137,12.050000190734863,12.25,26156
2013-03-12,12.149999618530273,12.199999809265137,11.800000190734863,12.050000190734863,33533
2013-03-13,12.050000190734863,12.050000190734863,11.850000381469727,11.899999618530273,28403
2013-03-14,11.850000381469727,12.0,11.699999809265137,11.899999618530273,27542
2013-03-15,11.800000190734863,12.600000381469727,11.5,11.5,28391
2013-03-18,11.5,11.600000381469727,11.050000190734863,11.300000190734863,14441
2013-03-19,11.199999809265137,11.399999618530273,11.0,11.050000190734863,17332
2013-03-20,11.0,11.399999618530273,9.5,9.949999809265137,67842
2013-03-21,10.050000190734863,11.649999618530273,10.0,11.199999809265137,94889
2013-03-22,11.5,11.5,10.100000381469727,11.0,44271
2013-03-25,11.0,11.649999618530273,10.899999618530273,11.399999618530273,47252
2013-03-26,11.5,11.600000381469727,10.5,11.199999809265137,32465
2013-03-28,11.100000381469727,11.25,10.5,10.850000381469727,23836
2013-04-01,11.050000190734863,11.600000381469727,11.0,11.550000190734863,59859
2013-04-02,11.600000381469727,12.199999809265137,11.399999618530273,12.050000190734863,54253
2013-04-03,11.75,12.399999618530273,11.399999618530273,11.75,35484
2013-04-04,11.5,11.5,11.050000190734863,11.25,9671
2013-04-05,11.199999809265137,11.600000381469727,11.050000190734863,11.350000381469727,11383
2013-04-08,11.050000190734863,11.149999618530273,10.699999809265137,10.75,16231
2013-04-09,10.949999809265137,11.149999618530273,10.75,10.850000381469727,13103
2013-04-10,10.649999618530273,11.0,10.649999618530273,10.949999809265137,5775
2013-04-11,10.649999618530273,11.050000190734863,10.649999618530273,10.800000190734863,34751
2013-04-12,10.5,11.149999618530273,10.25,10.850000381469727,11599
2013-04-15,10.5,11.25,10.5,10.850000381469727,14270
2013-04-16,10.5,11.300000190734863,10.100000381469727,11.050000190734863,33157
2013-04-17,11.0,11.600000381469727,11.0,11.350000381469727,36091
2013-04-18,11.050000190734863,11.75,10.899999618530273,11.149999618530273,48815
2013-04-22,11.0,11.449999809265137,10.800000190734863,11.399999618530273,14940
2013-04-23,11.199999809265137,11.600000381469727,11.0,11.199999809265137,8519
2013-04-25,11.149999618530273,11.449999809265137,11.100000381469727,11.300000190734863,12076
2013-04-26,11.149999618530273,11.550000190734863,10.800000190734863,10.899999618530273,40132
2013-04-29,11.0,11.25,10.850000381469727,10.949999809265137,14404
2013-04-30,11.100000381469727,11.199999809265137,10.899999618530273,11.050000190734863,3509
2013-05-02,11.25,11.5,11.199999809265137,11.350000381469727,23439
2013-05-03,11.100000381469727,11.449999809265137,11.100000381469727,11.350000381469727,20331
2013-05-06,11.300000190734863,11.5,11.300000190734863,11.399999618530273,7781
2013-05-07,11.5,11.600000381469727,11.300000190734863,11.550000190734863,6886
2013-05-08,11.649999618530273,12.350000381469727,11.399999618530273,12.0,51020
2013-05-09,12.050000190734863,12.300000190734863,11.800000190734863,12.100000381469727,28897
2013-05-10,12.0,12.0,11.399999618530273,11.600000381469727,38866
2013-05-13,11.449999809265137,11.949999809265137,11.199999809265137,11.550000190734863,9810
2013-05-14,10.75,11.850000381469727,10.75,11.600000381469727,30028
2013-05-15,11.399999618530273,12.0,11.399999618530273,11.850000381469727,29265
2013-05-16,11.699999809265137,12.399999618530273,11.199999809265137,12.100000381469727,45476
2013-05-17,11.800000190734863,12.25,10.699999809265137,12.0,221313
2013-05-20,11.899999618530273,11.949999809265137,11.300000190734863,11.550000190734863,14176
2013-05-21,11.899999618530273,11.899999618530273,11.399999618530273,11.550000190734863,6008
2013-05-22,11.449999809265137,11.699999809265137,10.75,11.050000190734863,20543
2013-05-23,10.800000190734863,11.0,10.050000190734863,10.350000381469727,42169
2013-05-24,10.25,11.399999618530273,10.25,11.100000381469727,21871
2013-05-27,11.0,11.399999618530273,10.850000381469727,10.850000381469727,25466
2013-05-28,10.75,11.050000190734863,10.699999809265137,10.75,14436
2013-05-29,10.649999618530273,10.899999618530273,10.25,10.649999618530273,18942
2013-05-30,10.550000190734863,10.899999618530273,10.399999618530273,10.699999809265137,17530
2013-05-31,10.550000190734863,11.300000190734863,10.300000190734863,10.899999618530273,20677
2013-06-03,10.399999618530273,11.25,10.25,10.899999618530273,35099
2013-06-04,10.699999809265137,10.949999809265137,10.550000190734863,10.699999809265137,19244
2013-06-05,10.5,10.949999809265137,10.350000381469727,10.600000381469727,7777
2013-06-06,10.600000381469727,10.850000381469727,10.449999809265137,10.649999618530273,10432
2013-06-07,10.800000190734863,10.899999618530273,10.449999809265137,10.550000190734863,25863
2013-06-10,11.350000381469727,11.350000381469727,10.350000381469727,10.75,11255
2013-06-11,11.199999809265137,11.199999809265137,10.0,10.300000190734863,8489
2013-06-12,10.149999618530273,10.600000381469727,9.550000190734863,10.0,55871
2013-06-13,10.899999618530273,11.0,9.649999618530273,10.850000381469727,54588
2013-06-14,10.600000381469727,10.649999618530273,10.100000381469727,10.350000381469727,10517
2013-06-17,10.5,10.899999618530273,10.0,10.5,30022
2013-06-18,10.399999618530273,11.399999618530273,9.949999809265137,10.899999618530273,78537
2013-06-19,11.0,11.0,10.550000190734863,10.699999809265137,17332
2013-06-20,10.5,10.800000190734863,10.350000381469727,10.649999618530273,6813
2013-06-21,10.5,10.800000190734863,10.25,10.550000190734863,14536
2013-06-24,10.399999618530273,10.600000381469727,9.75,10.050000190734863,22551
2013-06-25,10.0,11.0,9.949999809265137,9.949999809265137,63017
2013-06-26,10.699999809265137,10.699999809265137,9.699999809265137,9.800000190734863,8582
2013-06-27,9.699999809265137,10.350000381469727,9.5,9.75,25125
2013-06-28,9.649999618530273,10.350000381469727,9.649999618530273,9.949999809265137,18115
2013-07-01,10.0,10.25,9.949999809265137,10.0,9940
2013-07-02,10.0,10.149999618530273,9.949999809265137,10.0,8916
2013-07-03,9.850000381469727,10.5,9.75,10.399999618530273,34493
2013-07-04,10.300000190734863,10.449999809265137,9.949999809265137,10.0,10959
2013-07-05,10.399999618530273,11.149999618530273,10.0,10.949999809265137,97236
2013-07-08,10.699999809265137,10.699999809265137,10.300000190734863,10.399999618530273,1417
2013-07-09,10.399999618530273,10.800000190734863,10.300000190734863,10.300000190734863,2560
2013-07-10,10.300000190734863,10.899999618530273,10.25,10.5,6160
2013-07-11,10.600000381469727,10.699999809265137,10.399999618530273,10.550000190734863,9796
2013-07-12,11.25,11.25,10.149999618530273,10.5,5594
2013-07-15,10.850000381469727,10.949999809265137,10.5,10.550000190734863,18493
2013-07-16,10.600000381469727,10.600000381469727,10.0,10.149999618530273,8561
2013-07-17,10.050000190734863,10.199999809265137,9.800000190734863,9.949999809265137,32051
2013-07-18,9.800000190734863,10.199999809265137,9.449999809265137,9.600000381469727,66142
2013-07-19,9.800000190734863,9.800000190734863,9.550000190734863,9.600000381469727,10343
2013-07-22,9.5,9.649999618530273,8.800000190734863,8.949999809265137,96259
2013-07-23,8.850000381469727,8.899999618530273,8.550000190734863,8.75,20844
2013-07-24,8.649999618530273,8.75,8.300000190734863,8.449999809265137,22144
2013-07-25,8.300000190734863,8.399999618530273,7.800000190734863,7.900000095367432,40232
2013-07-26,7.550000190734863,8.25,7.550000190734863,8.149999618530273,29328
2013-07-29,8.5,8.699999809265137,8.149999618530273,8.25,7756
2013-07-30,8.0,8.800000190734863,7.699999809265137,7.949999809265137,30101
2013-07-31,7.800000190734863,7.800000190734863,7.5,7.75,20385
2013-08-01,7.900000095367432,8.350000381469727,7.0,7.25,68388
2013-08-02,7.099999904632568,7.550000190734863,7.099999904632568,7.150000095367432,6807
2013-08-05,7.050000190734863,7.349999904632568,6.900000095367432,7.150000095367432,25744
2013-08-06,7.5,7.5,7.0,7.0,14394
2013-08-07,6.900000095367432,7.599999904632568,6.800000190734863,7.449999809265137,11491
2013-08-08,7.849999904632568,7.900000095367432,7.599999904632568,7.599999904632568,22797
2013-08-12,7.800000190734863,7.800000190734863,7.699999809265137,7.800000190734863,5328
2013-08-13,7.650000095367432,7.75,7.300000190734863,7.650000095367432,6074
2013-08-14,7.650000095367432,8.100000381469727,7.650000095367432,7.800000190734863,14970
2013-08-16,8.0,8.0,6.699999809265137,7.0,64324
2013-08-19,7.449999809265137,7.5,6.800000190734863,7.150000095367432,19109
2013-08-20,7.0,7.449999809265137,6.699999809265137,7.099999904632568,12329
2013-08-21,7.199999809265137,7.400000095367432,7.050000190734863,7.050000190734863,21643
2013-08-22,7.099999904632568,7.25,6.949999809265137,7.099999904632568,12705
2013-08-23,7.050000190734863,7.449999809265137,7.0,7.449999809265137,14486
2013-08-26,7.699999809265137,7.849999904632568,7.449999809265137,7.550000190734863,23581
2013-08-27,7.449999809265137,7.449999809265137,7.25,7.300000190734863,6730
2013-08-28,7.25,7.25,6.800000190734863,7.199999809265137,11912
2013-08-29,7.199999809265137,7.300000190734863,7.0,7.099999904632568,15804
2013-08-30,7.349999904632568,7.349999904632568,7.0,7.050000190734863,19181
2013-09-02,7.349999904632568,7.349999904632568,7.099999904632568,7.099999904632568,6292
2013-09-03,7.099999904632568,7.300000190734863,7.0,7.099999904632568,11639
2013-09-04,7.25,7.25,6.900000095367432,7.150000095367432,34588
2013-09-05,7.150000095367432,7.300000190734863,7.099999904632568,7.150000095367432,7861
2013-09-06,7.25,7.75,7.050000190734863,7.449999809265137,12418
2013-09-10,8.699999809265137,8.699999809265137,7.300000190734863,8.100000381469727,30414
2013-09-11,8.0,8.649999618530273,8.0,8.649999618530273,18916
2013-09-12,8.399999618530273,8.75,7.699999809265137,8.0,33646
2013-09-13,7.900000095367432,8.300000190734863,7.900000095367432,8.199999809265137,32469
2013-09-16,8.300000190734863,8.300000190734863,7.800000190734863,7.849999904632568,18390
2013-09-17,7.75,7.849999904632568,7.5,7.599999904632568,41853
2013-09-18,7.5,8.149999618530273,7.300000190734863,7.650000095367432,12703
2013-09-19,7.599999904632568,8.0,7.599999904632568,7.699999809265137,7491
2013-09-20,7.75,7.75,7.400000095367432,7.550000190734863,6609
2013-09-23,8.149999618530273,8.149999618530273,7.400000095367432,7.5,28559
2013-09-24,7.400000095367432,7.650000095367432,7.0,7.150000095367432,22765
2013-09-25,7.099999904632568,7.300000190734863,7.050000190734863,7.199999809265137,13001
2013-09-26,7.300000190734863,7.400000095367432,7.199999809265137,7.300000190734863,10136
2013-09-27,7.150000095367432,7.5,7.150000095367432,7.25,4577
2013-09-30,7.849999904632568,7.900000095367432,7.199999809265137,7.400000095367432,25910
2013-10-01,7.550000190734863,7.550000190734863,7.199999809265137,7.300000190734863,23623
2013-10-03,7.5,7.5,7.0,7.150000095367432,25006
2013-10-04,7.150000095367432,7.349999904632568,7.050000190734863,7.25,11282
2013-10-07,7.300000190734863,7.5,6.900000095367432,7.150000095367432,47375
2013-10-08,7.349999904632568,7.400000095367432,6.800000190734863,6.900000095367432,131742
2013-10-09,7.75,7.75,6.900000095367432,7.099999904632568,45262
2013-10-10,7.849999904632568,8.5,7.25,8.399999618530273,360353
2013-10-11,8.850000381469727,8.850000381469727,7.849999904632568,7.849999904632568,258405
2013-10-14,7.75,8.199999809265137,7.75,8.0,37875
2013-10-15,7.800000190734863,8.149999618530273,7.650000095367432,7.849999904632568,25205
2013-10-17,7.900000095367432,8.300000190734863,7.75,8.149999618530273,40983
2013-10-18,8.199999809265137,8.300000190734863,8.0,8.050000190734863,35360
2013-10-21,8.100000381469727,8.350000381469727,8.050000190734863,8.100000381469727,53119
2013-10-22,8.350000381469727,8.699999809265137,8.149999618530273,8.399999618530273,95312
2013-10-23,8.5,9.399999618530273,8.5,9.0,82772
2013-10-24,9.100000381469727,9.300000190734863,9.0,9.050000190734863,34881
2013-10-25,9.149999618530273,9.449999809265137,8.800000190734863,8.899999618530273,48843
2013-10-28,9.199999809265137,9.199999809265137,8.649999618530273,8.800000190734863,35079
2013-10-29,9.0,9.0,8.5,8.649999618530273,17563
2013-10-30,9.0,9.199999809265137,8.649999618530273,8.899999618530273,59647
2013-10-31,9.0,9.0,8.5,8.600000381469727,23221
2013-11-01,8.949999809265137,8.949999809265137,8.5,8.600000381469727,33476
2013-11-05,8.949999809265137,9.899999618530273,8.899999618530273,9.5,93466
2013-11-06,9.75,9.800000190734863,9.25,9.350000381469727,71675
2013-11-07,9.5,9.699999809265137,9.100000381469727,9.199999809265137,43539
2013-11-08,9.149999618530273,9.600000381469727,9.100000381469727,9.149999618530273,19474
2013-11-11,9.100000381469727,9.149999618530273,8.399999618530273,8.449999809265137,94805
2013-11-12,8.300000190734863,8.5,8.100000381469727,8.149999618530273,34339
2013-11-13,8.0,8.449999809265137,7.949999809265137,8.100000381469727,14673
2013-11-14,8.149999618530273,8.699999809265137,8.100000381469727,8.199999809265137,18976
2013-11-18,9.100000381469727,9.100000381469727,8.25,8.399999618530273,30360
2013-11-19,8.399999618530273,8.550000190734863,8.350000381469727,8.399999618530273,17581
2013-11-20,8.5,8.699999809265137,8.449999809265137,8.600000381469727,13270
2013-11-21,8.600000381469727,8.649999618530273,8.350000381469727,8.5,8779
2013-11-22,8.699999809265137,8.699999809265137,8.050000190734863,8.25,5556
2013-11-25,8.199999809265137,8.449999809265137,8.100000381469727,8.350000381469727,10618
2013-11-26,8.449999809265137,8.550000190734863,8.25,8.350000381469727,16265
2013-11-27,8.649999618530273,8.649999618530273,8.199999809265137,8.25,16724
2013-11-28,8.75,8.75,8.350000381469727,8.399999618530273,13605
2013-11-29,8.399999618530273,9.649999618530273,8.399999618530273,9.350000381469727,119483
2013-12-02,9.449999809265137,9.699999809265137,9.149999618530273,9.399999618530273,50467
2013-12-03,9.399999618530273,10.25,9.399999618530273,9.949999809265137,94887
2013-12-04,9.899999618530273,10.399999618530273,9.800000190734863,10.0,78727
2013-12-05,10.100000381469727,10.899999618530273,9.600000381469727,9.699999809265137,64713
2013-12-06,10.0,10.25,9.600000381469727,9.699999809265137,41258
2013-12-09,9.949999809265137,9.949999809265137,9.600000381469727,9.649999618530273,43003
2013-12-10,9.649999618530273,9.850000381469727,9.399999618530273,9.5,31521
2013-12-11,9.199999809265137,9.5,9.199999809265137,9.350000381469727,54356
2013-12-12,9.199999809265137,9.5,9.0,9.399999618530273,12912
2013-12-13,9.600000381469727,9.600000381469727,9.050000190734863,9.100000381469727,15245
2013-12-16,8.899999618530273,9.149999618530273,8.850000381469727,8.899999618530273,19963
2013-12-17,9.0,9.0,8.550000190734863,8.800000190734863,25074
2013-12-18,8.800000190734863,9.0,8.600000381469727,8.899999618530273,6167
2013-12-19,8.800000190734863,9.25,8.649999618530273,9.0,20866
2013-12-20,9.100000381469727,9.5,8.949999809265137,9.100000381469727,13825
2013-12-23,9.100000381469727,9.5,9.050000190734863,9.399999618530273,33327
2013-12-24,9.449999809265137,9.800000190734863,9.449999809265137,9.699999809265137,37507
2013-12-26,10.0,11.600000381469727,9.600000381469727,11.600000381469727,224847
2013-12-27,12.699999809265137,12.699999809265137,11.25,11.449999809265137,233866
2013-12-30,11.199999809265137,12.199999809265137,10.699999809265137,11.550000190734863,179741
2013-12-31,11.600000381469727,11.800000190734863,11.399999618530273,11.649999618530273,62091
2014-01-01,11.850000381469727,12.5,11.699999809265137,12.25,100677
2014-01-02,12.399999618530273,12.800000190734863,11.75,11.850000381469727,93172
2014-01-03,11.75,13.449999809265137,11.600000381469727,13.149999618530273,156402
2014-01-06,13.399999618530273,14.5,13.0,14.0,142609
2014-01-07,14.0,14.5,13.25,13.550000190734863,119981
2014-01-08,13.550000190734863,14.199999809265137,13.0,13.949999809265137,140069
2014-01-09,13.850000381469727,14.0,13.199999809265137,13.300000190734863,68494
2014-01-10,13.600000381469727,13.600000381469727,12.600000381469727,12.800000190734863,58807
2014-01-13,13.300000190734863,13.350000381469727,12.149999618530273,12.25,55868
2014-01-14,12.5,12.899999618530273,12.100000381469727,12.199999809265137,36465
2014-01-15,12.199999809265137,12.550000190734863,11.800000190734863,11.850000381469727,32075
2014-01-16,11.75,12.350000381469727,11.75,12.149999618530273,38353
2014-01-17,12.0,12.149999618530273,11.25,11.350000381469727,34387
2014-01-20,11.649999618530273,11.899999618530273,11.5,11.699999809265137,19440
2014-01-21,11.5,13.449999809265137,11.5,13.0,48843
2014-01-22,12.800000190734863,13.399999618530273,12.149999618530273,12.699999809265137,68117
2014-01-23,12.600000381469727,12.800000190734863,12.100000381469727,12.199999809265137,17639
2014-01-24,12.25,12.25,11.899999618530273,12.199999809265137,41574
2014-01-27,12.199999809265137,12.199999809265137,11.25,11.399999618530273,24971
2014-01-28,11.449999809265137,11.899999618530273,11.25,11.5,28816
2014-01-29,11.550000190734863,13.0,11.550000190734863,12.199999809265137,46306
2014-01-30,12.100000381469727,12.5,11.5,11.800000190734863,74774
2014-01-31,11.800000190734863,12.050000190734863,11.300000190734863,11.899999618530273,56881
2014-02-03,12.0,12.149999618530273,11.800000190734863,12.050000190734863,55592
2014-02-04,11.800000190734863,12.050000190734863,11.300000190734863,11.949999809265137,10361
2014-02-05,11.850000381469727,12.050000190734863,11.649999618530273,11.899999618530273,12201
2014-02-06,11.899999618530273,11.949999809265137,11.649999618530273,11.75,3747
2014-02-07,11.699999809265137,11.949999809265137,11.550000190734863,11.600000381469727,128678
2014-02-10,11.449999809265137,12.100000381469727,11.399999618530273,12.0,16240
2014-02-11,11.899999618530273,11.949999809265137,11.649999618530273,11.75,17048
2014-02-12,11.949999809265137,11.949999809265137,11.600000381469727,11.649999618530273,16967
2014-02-13,11.600000381469727,11.699999809265137,11.350000381469727,11.449999809265137,6951
2014-02-14,11.75,11.75,11.050000190734863,11.300000190734863,16728
2014-02-17,11.399999618530273,11.449999809265137,10.850000381469727,11.350000381469727,20005
2014-02-18,11.050000190734863,12.449999809265137,11.050000190734863,12.25,41345
2014-02-19,12.399999618530273,12.449999809265137,11.800000190734863,12.300000190734863,32138
2014-02-20,12.149999618530273,12.850000381469727,11.899999618530273,12.649999618530273,66996
2014-02-21,12.399999618530273,13.800000190734863,12.0,13.550000190734863,143870
2014-02-24,14.199999809265137,14.199999809265137,12.949999809265137,13.100000381469727,368094
2014-02-25,13.0,13.25,12.550000190734863,12.649999618530273,35365
2014-02-26,12.5,12.800000190734863,12.300000190734863,12.449999809265137,17518
2014-02-28,12.399999618530273,12.550000190734863,11.699999809265137,11.949999809265137,38344
2014-03-03,11.600000381469727,12.100000381469727,11.600000381469727,11.899999618530273,19463
2014-03-04,11.699999809265137,12.149999618530273,11.699999809265137,11.949999809265137,16120
2014-03-05,12.199999809265137,12.199999809265137,11.899999618530273,11.949999809265137,18604
2014-03-06,11.899999618530273,12.649999618530273,11.899999618530273,12.149999618530273,41346
2014-03-07,12.350000381469727,12.5,11.75,12.0,74783
2014-03-10,12.0,12.25,11.949999809265137,12.050000190734863,29299
2014-03-11,12.0,12.149999618530273,11.800000190734863,11.899999618530273,14749
2014-03-12,12.0,12.0,11.75,11.899999618530273,16311
2014-03-13,12.0,12.050000190734863,11.649999618530273,11.699999809265137,23134
2014-03-14,11.699999809265137,11.75,11.399999618530273,11.550000190734863,17051
2014-03-18,11.550000190734863,12.0,11.550000190734863,11.850000381469727,20149
2014-03-19,11.949999809265137,12.149999618530273,11.699999809265137,11.850000381469727,30160
2014-03-20,11.75,11.899999618530273,11.399999618530273,11.449999809265137,35950
2014-03-21,11.699999809265137,11.699999809265137,11.399999618530273,11.600000381469727,27541
2014-03-24,11.550000190734863,12.050000190734863,11.5,11.600000381469727,52510
2014-03-25,11.550000190734863,11.850000381469727,11.050000190734863,11.149999618530273,72785
2014-03-26,11.300000190734863,11.850000381469727,11.149999618530273,11.550000190734863,74738
2014-03-27,11.600000381469727,11.75,11.5,11.600000381469727,11898
2014-03-28,11.75,12.149999618530273,11.550000190734863,12.0,44069
2014-03-31,12.350000381469727,12.800000190734863,12.0,12.550000190734863,53934
2014-04-01,12.050000190734863,12.75,12.050000190734863,12.399999618530273,16106
2014-04-02,12.699999809265137,13.0,12.5,12.850000381469727,98597
2014-04-03,12.850000381469727,13.199999809265137,12.25,12.449999809265137,57393
2014-04-04,12.449999809265137,13.0,12.449999809265137,12.850000381469727,49780
2014-04-07,13.149999618530273,13.949999809265137,12.949999809265137,13.550000190734863,153515
2014-04-09,13.100000381469727,16.25,13.100000381469727,16.25,926711
2014-04-10,16.450000762939453,16.75,15.5,16.299999237060547,451080
2014-04-11,16.200000762939453,18.600000381469727,16.0,18.049999237060547,548401
2014-04-15,18.049999237060547,18.799999237060547,17.450000762939453,18.049999237060547,176500
2014-04-16,18.0,18.200000762939453,17.049999237060547,17.5,158850
2014-04-17,17.649999618530273,18.200000762939453,17.0,18.0,137382
2014-04-21,18.200000762939453,19.149999618530273,17.399999618530273,19.0,183335
2014-04-22,19.350000381469727,20.899999618530273,19.350000381469727,20.899999618530273,485107
2014-04-23,21.0,22.950000762939453,21.0,22.0,765193
2014-04-25,22.200000762939453,22.899999618530273,20.100000381469727,20.350000381469727,264425
2014-04-28,21.200000762939453,21.200000762939453,19.299999237060547,19.700000762939453,170695
2014-04-29,20.450000762939453,20.450000762939453,19.0,19.799999237060547,101757
2014-04-30,19.75,20.399999618530273,19.5,19.649999618530273,272649
2014-05-02,19.649999618530273,20.0,18.399999618530273,18.799999237060547,357802
2014-05-05,19.399999618530273,20.600000381469727,18.700000762939453,18.850000381469727,418254
2014-05-06,18.899999618530273,19.0,17.950000762939453,18.25,167656
2014-05-07,18.600000381469727,18.600000381469727,17.799999237060547,18.049999237060547,69040
2014-05-08,18.25,18.5,17.549999237060547,18.149999618530273,58191
2014-05-09,18.899999618530273,19.5,18.5,19.100000381469727,192061
2014-05-12,18.5,19.899999618530273,18.5,19.0,160964
2014-05-13,19.350000381469727,19.5,18.799999237060547,19.350000381469727,78164
2014-05-14,19.200000762939453,20.950000762939453,19.200000762939453,20.049999237060547,214044
2014-05-15,20.0,20.5,19.0,19.899999618530273,217074
2014-05-16,19.899999618530273,20.200000762939453,18.25,19.049999237060547,232176
2014-05-19,19.350000381469727,21.399999618530273,19.149999618530273,20.200000762939453,305108
2014-05-20,20.25,23.700000762939453,20.25,23.200000762939453,562771
2014-05-21,23.450000762939453,27.799999237060547,23.450000762939453,27.700000762939453,1031316
2014-05-22,28.600000381469727,31.25,27.600000381469727,28.399999618530273,818204
2014-05-23,28.75,28.899999618530273,26.399999618530273,27.899999618530273,352416
2014-05-26,28.799999237060547,28.799999237060547,25.149999618530273,25.399999618530273,431606
2014-05-27,25.850000381469727,26.0,23.600000381469727,24.649999618530273,196200
2014-05-28,24.649999618530273,27.100000381469727,24.649999618530273,26.200000762939453,141792
2014-05-29,26.0,26.25,25.200000762939453,25.299999237060547,63091
2014-05-30,25.600000381469727,26.799999237060547,25.0,25.549999237060547,88983
2014-06-02,25.299999237060547,27.799999237060547,24.899999618530273,27.350000381469727,250194
2014-06-03,27.700000762939453,28.799999237060547,26.299999237060547,28.25,215817
2014-06-04,28.0,29.399999618530273,27.649999618530273,28.299999237060547,205090
2014-06-05,28.5,28.899999618530273,27.700000762939453,27.899999618530273,117293
2014-06-06,28.149999618530273,28.799999237060547,27.0,27.350000381469727,123236
2014-06-09,25.799999237060547,28.350000381469727,25.799999237060547,27.950000762939453,123598
2014-06-10,28.100000381469727,28.600000381469727,25.5,27.549999237060547,152146
2014-06-11,27.450000762939453,28.25,26.0,27.149999618530273,102321
2014-06-12,27.149999618530273,28.450000762939453,26.850000381469727,27.049999237060547,94199
2014-06-13,26.899999618530273,27.950000762939453,25.200000762939453,25.75,147606
2014-06-16,25.75,25.75,23.899999618530273,24.799999237060547,111499
2014-06-17,24.950000762939453,25.350000381469727,24.0,24.950000762939453,53594
2014-06-18,25.200000762939453,26.0,25.100000381469727,25.549999237060547,83816
2014-06-19,25.649999618530273,25.950000762939453,23.649999618530273,24.25,88915
2014-06-20,24.25,24.600000381469727,23.399999618530273,24.149999618530273,103234
2014-06-23,26.549999237060547,26.549999237060547,26.549999237060547,26.549999237060547,48144
2014-06-24,29.200000762939453,29.200000762939453,28.549999237060547,29.200000762939453,787233
2014-06-25,31.5,31.5,28.100000381469727,29.5,359293
2014-06-26,29.5,29.899999618530273,28.100000381469727,28.549999237060547,183214
2014-06-27,28.850000381469727,30.399999618530273,28.0,29.75,164654
2014-06-30,30.0,30.450000762939453,29.25,30.0,163111
2014-07-01,30.0,33.0,28.799999237060547,31.799999237060547,596215
2014-07-02,32.25,32.95000076293945,31.350000381469727,31.799999237060547,234720
2014-07-03,32.0,32.75,30.649999618530273,31.049999237060547,129876
2014-07-04,30.100000381469727,31.5,29.049999237060547,30.899999618530273,172182
2014-07-07,31.299999237060547,32.0,30.850000381469727,31.399999618530273,105277
2014-07-08,30.649999618530273,31.950000762939453,26.700000762939453,29.75,250813
2014-07-09,30.0,31.950000762939453,27.0,29.649999618530273,238950
2014-07-10,29.700000762939453,31.75,28.799999237060547,30.149999618530273,284965
2014-07-11,31.0,31.5,28.5,29.149999618530273,148924
2014-07-14,29.350000381469727,29.799999237060547,28.049999237060547,28.350000381469727,70902
2014-07-15,28.700000762939453,29.5,28.5,29.200000762939453,62960
2014-07-16,29.700000762939453,30.049999237060547,29.299999237060547,29.899999618530273,84154
2014-07-17,29.700000762939453,31.799999237060547,29.5,31.399999618530273,195333
2014-07-18,31.399999618530273,33.900001525878906,30.950000762939453,33.150001525878906,564724
2014-07-21,34.0,35.900001525878906,33.75,35.45000076293945,594450
2014-07-22,35.150001525878906,36.75,33.29999923706055,34.099998474121094,392253
2014-07-23,34.099998474121094,34.95000076293945,32.70000076293945,33.0,119742
2014-07-24,33.25,34.29999923706055,33.25,33.849998474121094,82312
2014-07-25,34.150001525878906,34.20000076293945,31.299999237060547,32.79999923706055,154223
2014-07-28,30.0,33.0,30.0,31.5,520266
2014-07-30,31.200000762939453,32.599998474121094,30.049999237060547,31.700000762939453,141561
2014-07-31,31.950000762939453,32.400001525878906,31.5,31.950000762939453,37097
2014-08-01,31.399999618530273,33.79999923706055,31.0,32.849998474121094,175246
2014-08-04,33.75,34.5,32.650001525878906,34.04999923706055,201989
2014-08-05,34.20000076293945,34.20000076293945,33.29999923706055,33.95000076293945,35074
2014-08-06,33.599998474121094,35.0,33.599998474121094,33.95000076293945,139273
2014-08-07,34.5,34.5,33.20000076293945,34.0,86213
2014-08-08,33.900001525878906,33.900001525878906,31.399999618530273,32.0,183480
2014-08-11,33.400001525878906,33.400001525878906,31.399999618530273,32.04999923706055,103144
2014-08-12,32.04999923706055,33.95000076293945,32.0,33.29999923706055,172666
2014-08-13,33.20000076293945,33.25,31.100000381469727,31.899999618530273,115280
2014-08-14,32.099998474121094,32.099998474121094,31.100000381469727,31.450000762939453,72358
2014-08-18,31.549999237060547,33.099998474121094,31.5,32.25,59980
2014-08-19,32.04999923706055,33.20000076293945,31.600000381469727,32.04999923706055,60103
2014-08-20,32.04999923706055,32.900001525878906,31.75,32.400001525878906,116982
2014-08-21,32.5,32.5,31.75,31.850000381469727,49425
2014-08-22,32.0,32.400001525878906,30.799999237060547,31.200000762939453,293939
2014-08-25,31.799999237060547,31.899999618530273,30.100000381469727,30.299999237060547,47320
2014-08-26,30.75,30.75,29.049999237060547,29.799999237060547,55125
2014-08-27,29.549999237060547,31.399999618530273,29.549999237060547,30.850000381469727,58337
2014-08-28,31.0,31.899999618530273,30.700000762939453,31.149999618530273,70724
2014-09-01,31.700000762939453,31.700000762939453,30.350000381469727,30.799999237060547,48235
2014-09-02,30.700000762939453,31.399999618530273,30.100000381469727,30.799999237060547,49985
2014-09-03,30.799999237060547,33.900001525878906,30.049999237060547,33.45000076293945,310488
2014-09-04,33.5,34.0,31.200000762939453,31.75,145481
2014-09-05,32.45000076293945,32.79999923706055,30.350000381469727,32.04999923706055,139556
2014-09-08,32.5,33.29999923706055,31.799999237060547,32.0,111407
2014-09-09,31.899999618530273,32.75,31.399999618530273,32.150001525878906,107279
2014-09-10,32.150001525878906,35.54999923706055,31.850000381469727,35.04999923706055,522778
2014-09-11,35.45000076293945,38.599998474121094,34.54999923706055,37.79999923706055,1206442
2014-09-12,37.849998474121094,39.79999923706055,36.099998474121094,37.70000076293945,560862
2014-09-15,37.599998474121094,38.79999923706055,36.349998474121094,37.70000076293945,363876
2014-09-16,38.0,38.5,33.45000076293945,35.150001525878906,270585
2014-09-17,35.5,35.95000076293945,33.75,34.599998474121094,119521
2014-09-18,35.29999923706055,36.79999923706055,34.29999923706055,36.0,175356
2014-09-19,36.0,36.70000076293945,34.70000076293945,35.20000076293945,115703
2014-09-22,35.0,36.70000076293945,34.79999923706055,35.349998474121094,102086
2014-09-23,35.349998474121094,36.5,34.5,34.54999923706055,116073
2014-09-24,34.25,36.0,33.45000076293945,35.29999923706055,114448
2014-09-25,35.5,35.5,31.899999618530273,33.54999923706055,190760
2014-09-26,34.0,35.29999923706055,32.0,34.349998474121094,97757
2014-09-29,34.95000076293945,35.54999923706055,33.75,33.849998474121094,64245
2014-09-30,33.900001525878906,34.45000076293945,33.099998474121094,33.29999923706055,49335
2014-10-01,33.29999923706055,33.79999923706055,33.04999923706055,33.29999923706055,36363
2014-10-07,33.5,33.599998474121094,32.45000076293945,32.650001525878906,38742
2014-10-08,32.29999923706055,33.400001525878906,31.299999237060547,32.70000076293945,70060
2014-10-09,33.599998474121094,34.349998474121094,32.75,33.20000076293945,84465
2014-10-10,33.099998474121094,33.650001525878906,32.04999923706055,32.5,32415
2014-10-13,32.25,33.29999923706055,32.150001525878906,33.099998474121094,27296
2014-10-14,33.099998474121094,33.599998474121094,32.400001525878906,32.70000076293945,139607
2014-10-16,32.400001525878906,32.849998474121094,30.049999237060547,30.350000381469727,77997
2014-10-17,30.549999237060547,31.799999237060547,29.149999618530273,31.299999237060547,82123
2014-10-20,31.450000762939453,32.5,30.299999237060547,31.049999237060547,160336
2014-10-21,31.100000381469727,32.20000076293945,30.899999618530273,31.75,135009
2014-10-22,31.799999237060547,33.650001525878906,31.700000762939453,33.20000076293945,96703
2014-10-27,32.5,33.79999923706055,32.5,33.25,34424
2014-10-28,32.849998474121094,33.650001525878906,32.400001525878906,32.54999923706055,57839
2014-10-29,33.5,33.599998474121094,32.20000076293945,33.099998474121094,45245
2014-10-30,32.79999923706055,33.349998474121094,32.25,32.79999923706055,55897
2014-10-31,33.0,35.400001525878906,32.599998474121094,34.849998474121094,269950
2014-11-03,35.20000076293945,35.900001525878906,34.20000076293945,35.349998474121094,132483
2014-11-05,35.54999923706055,36.70000076293945,35.0,35.45000076293945,142988
2014-11-07,36.75,42.5,36.75,42.5,1585992
2014-11-10,43.400001525878906,47.650001525878906,42.29999923706055,46.25,1792577
2014-11-11,46.54999923706055,46.54999923706055,43.25,44.75,391252
2014-11-12,44.25,45.20000076293945,42.900001525878906,43.349998474121094,177847
2014-11-13,44.20000076293945,47.599998474121094,43.75,46.900001525878906,538628
2014-11-14,47.45000076293945,50.20000076293945,46.900001525878906,48.349998474121094,653151
2014-11-17,49.75,50.0,47.400001525878906,48.150001525878906,162073
2014-11-18,48.0,49.900001525878906,47.29999923706055,47.599998474121094,231402
2014-11-19,48.099998474121094,48.70000076293945,45.25,46.0,165487
2014-11-20,45.599998474121094,47.5,45.25,46.29999923706055,150338
2014-11-21,46.54999923706055,47.650001525878906,45.20000076293945,46.0,152057
2014-11-24,45.95000076293945,46.900001525878906,43.349998474121094,45.599998474121094,98105
2014-11-25,45.54999923706055,45.79999923706055,43.0,44.349998474121094,151276
2014-11-26,44.25,46.0,43.79999923706055,44.650001525878906,61509
2014-11-27,44.29999923706055,45.79999923706055,44.099998474121094,44.400001525878906,62496
2014-11-28,45.5,47.400001525878906,44.5,46.099998474121094,206854
2014-12-01,42.75,47.45000076293945,42.75,46.54999923706055,223287
2014-12-02,46.099998474121094,46.099998474121094,44.5,45.349998474121094,87592
2014-12-03,45.95000076293945,46.20000076293945,43.0,44.75,308040
2014-12-04,44.900001525878906,48.25,44.599998474121094,47.70000076293945,394721
2014-12-05,48.70000076293945,49.400001525878906,46.400001525878906,47.150001525878906,424500
2014-12-08,47.95000076293945,48.400001525878906,46.0,46.29999923706055,246417
2014-12-09,46.0,47.5,43.70000076293945,45.54999923706055,161663
2014-12-10,45.29999923706055,46.099998474121094,44.400001525878906,45.79999923706055,115598
2014-12-11,50.29999923706055,51.0,44.54999923706055,45.04999923706055,934306
2014-12-12,46.400001525878906,46.599998474121094,45.0,45.45000076293945,278644
2014-12-15,44.900001525878906,46.25,44.5,45.650001525878906,137632
2014-12-16,45.25,45.75,43.25,44.20000076293945,262261
2014-12-17,44.099998474121094,44.95000076293945,40.20000076293945,42.099998474121094,249314
2014-12-18,42.849998474121094,44.5,42.849998474121094,43.849998474121094,92749
2014-12-19,44.25,45.20000076293945,41.150001525878906,42.900001525878906,274743
2014-12-22,43.20000076293945,44.70000076293945,43.0,43.849998474121094,163387
2014-12-23,44.20000076293945,44.95000076293945,42.599998474121094,43.45000076293945,375777
2014-12-24,43.0,44.25,43.0,43.599998474121094,78553
2014-12-26,43.29999923706055,46.20000076293945,42.900001525878906,44.849998474121094,162765
2014-12-29,45.599998474121094,46.45000076293945,44.95000076293945,45.54999923706055,145039
2014-12-30,47.5,47.5,45.5,46.75,138209
2014-12-31,46.650001525878906,49.900001525878906,46.25,48.29999923706055,345408
2015-01-01,48.599998474121094,49.900001525878906,47.95000076293945,49.70000076293945,298318
2015-01-02,50.0,54.599998474121094,49.5,52.45000076293945,1084276
2015-01-05,52.849998474121094,54.0,51.099998474121094,52.0,310536
2015-01-06,50.349998474121094,53.79999923706055,50.0,51.099998474121094,458559
2015-01-07,52.400001525878906,52.400001525878906,49.5,50.900001525878906,306569
2015-01-08,51.70000076293945,56.70000076293945,51.400001525878906,55.75,934485
2015-01-09,56.150001525878906,56.29999923706055,53.25,54.0,355376
2015-01-12,54.29999923706055,55.650001525878906,52.650001525878906,54.150001525878906,222703
2015-01-13,55.0,55.0,53.20000076293945,53.79999923706055,223751
2015-01-14,54.0,54.29999923706055,52.70000076293945,53.0,164132
2015-01-15,54.0,55.5,53.04999923706055,54.20000076293945,206463
2015-01-16,54.5,55.45000076293945,53.5,53.849998474121094,163012
2015-01-19,55.0,57.79999923706055,54.54999923706055,57.0,718079
2015-01-20,57.400001525878906,58.650001525878906,56.79999923706055,56.900001525878906,345904
2015-01-21,56.900001525878906,57.599998474121094,55.099998474121094,56.349998474121094,181956
2015-01-22,57.400001525878906,57.400001525878906,55.95000076293945,56.04999923706055,117361
2015-01-23,56.04999923706055,57.400001525878906,54.20000076293945,54.79999923706055,201011
2015-01-27,55.79999923706055,55.79999923706055,52.25,53.5,161018
2015-01-28,54.0,54.0,51.45000076293945,52.04999923706055,226331
2015-01-29,51.849998474121094,58.70000076293945,51.400001525878906,57.25,1014135
2015-01-30,56.900001525878906,59.25,55.45000076293945,57.400001525878906,546061
2015-02-02,57.45000076293945,61.20000076293945,57.400001525878906,60.25,659138
2015-02-03,60.5,61.70000076293945,59.0,59.45000076293945,328792
2015-02-04,59.79999923706055,61.349998474121094,59.54999923706055,59.849998474121094,274013
2015-02-05,60.20000076293945,60.20000076293945,57.400001525878906,58.75,196085
2015-02-06,59.0,59.75,56.5,57.54999923706055,173061
2015-02-09,57.95000076293945,58.79999923706055,56.099998474121094,57.5,155907
2015-02-10,57.95000076293945,59.849998474121094,55.5,58.20000076293945,316810
2015-02-11,60.349998474121094,60.79999923706055,54.5,57.650001525878906,953956
2015-02-12,58.5,59.5,56.20000076293945,57.349998474121094,306103
2015-02-13,57.5,58.20000076293945,56.0,56.900001525878906,172107
2015-02-16,56.900001525878906,57.54999923706055,55.54999923706055,56.900001525878906,138674
2015-02-18,56.400001525878906,57.45000076293945,56.20000076293945,56.5,146026
2015-02-19,57.150001525878906,57.25,55.5,56.04999923706055,98713
2015-02-20,56.0,58.79999923706055,56.0,57.25,345822
2015-02-23,58.29999923706055,58.5,56.0,56.29999923706055,139473
2015-02-24,56.5,57.20000076293945,55.400001525878906,56.04999923706055,126057
2015-02-25,56.150001525878906,57.0,56.0,56.29999923706055,94199
2015-02-26,55.5,56.95000076293945,55.5,56.29999923706055,95223
2015-02-27,56.349998474121094,57.0,56.0,56.599998474121094,82826
2015-03-02,56.70000076293945,61.25,56.099998474121094,60.29999923706055,606199
2015-03-03,61.0,69.94999694824219,60.79999923706055,68.19999694824219,1954313
2015-03-04,68.5,72.0,65.3499984741211,65.94999694824219,1252883
2015-03-05,65.80000305175781,67.69999694824219,65.0999984741211,66.30000305175781,424910
2015-03-09,65.94999694824219,65.94999694824219,62.5,63.599998474121094,451821
2015-03-10,64.0,66.80000305175781,63.099998474121094,65.1500015258789,282805
2015-03-11,65.30000305175781,66.05000305175781,63.79999923706055,64.9000015258789,155508
2015-03-12,65.0,67.9000015258789,64.1500015258789,67.05000305175781,467446
2015-03-13,67.75,68.8499984741211,64.3499984741211,65.4000015258789,338536
2015-03-16,64.05000305175781,67.0,63.20000076293945,63.75,206383
2015-03-17,64.3499984741211,65.0,63.0,63.599998474121094,184820
2015-03-18,63.5,63.79999923706055,62.25,63.04999923706055,149615
2015-03-19,63.70000076293945,64.8499984741211,61.54999923706055,61.95000076293945,124184
2015-03-20,62.0,62.70000076293945,60.650001525878906,61.04999923706055,114107
2015-03-23,61.150001525878906,62.0,57.75,58.79999923706055,187279
2015-03-24,59.70000076293945,59.70000076293945,57.599998474121094,58.650001525878906,109672
2015-03-25,59.099998474121094,59.20000076293945,57.150001525878906,57.45000076293945,189158
2015-03-26,57.04999923706055,57.79999923706055,56.099998474121094,56.5,95705
2015-03-27,63.0,63.0,55.650001525878906,57.650001525878906,518227
2015-03-30,58.79999923706055,61.400001525878906,58.04999923706055,60.70000076293945,203231
2015-03-31,62.0,63.900001525878906,60.5,62.25,267235
2015-04-01,63.0,65.3499984741211,61.599998474121094,64.5,333388
2015-04-06,64.0999984741211,65.30000305175781,64.0999984741211,64.94999694824219,168635
2015-04-07,65.19999694824219,77.9000015258789,63.70000076293945,77.30000305175781,6069709
2015-04-08,78.0,84.19999694824219,76.5,81.44999694824219,3321981
2015-04-09,81.19999694824219,83.69999694824219,78.44999694824219,79.44999694824219,1233264
2015-04-10,79.0,81.3499984741211,77.80000305175781,78.44999694824219,702852
2015-04-13,78.19999694824219,84.69999694824219,77.25,83.5,1436405
2015-04-15,83.25,89.0,81.0,84.19999694824219,1883687
2015-04-16,84.19999694824219,85.0,80.9000015258789,83.25,573036
2015-04-17,82.25,84.80000305175781,80.30000305175781,81.69999694824219,691475
2015-04-20,82.6500015258789,82.80000305175781,74.94999694824219,75.75,682264
2015-04-21,75.25,79.3499984741211,74.4000015258789,76.25,528183
2015-04-22,77.4000015258789,78.6500015258789,73.05000305175781,76.4000015258789,440949
2015-04-23,77.0999984741211,78.0,75.6500015258789,76.25,349243
2015-04-24,76.8499984741211,76.8499984741211,72.0999984741211,73.55000305175781,442080
2015-04-27,74.80000305175781,74.80000305175781,66.25,67.55000305175781,388187
2015-04-28,68.80000305175781,70.9000015258789,64.4000015258789,69.80000305175781,299895
2015-04-29,68.5,71.9000015258789,68.4000015258789,70.05000305175781,431359
2015-04-30,70.0999984741211,74.69999694824219,68.19999694824219,71.5999984741211,501304
2015-05-04,71.0,73.5999984741211,69.9000015258789,71.5,316453
2015-05-05,72.44999694824219,73.0,70.6500015258789,71.5999984741211,239253
2015-05-06,71.0999984741211,71.30000305175781,65.0999984741211,65.6500015258789,404196
2015-05-07,66.4000015258789,66.4000015258789,58.25,60.5,880615
2015-05-08,61.900001525878906,64.4000015258789,61.849998474121094,63.650001525878906,244711
2015-05-11,63.5,67.5,63.5,65.55000305175781,293915
2015-05-12,65.19999694824219,65.19999694824219,62.25,63.099998474121094,192730
2015-05-13,62.75,64.3499984741211,61.099998474121094,63.70000076293945,191477
2015-05-14,63.20000076293945,67.25,62.599998474121094,65.9000015258789,304179
2015-05-15,67.0,68.5,65.80000305175781,67.25,193841
2015-05-18,67.19999694824219,71.05000305175781,67.19999694824219,68.9000015258789,293687
2015-05-19,69.44999694824219,73.80000305175781,68.9000015258789,71.8499984741211,459736
2015-05-20,72.0,74.69999694824219,72.0,72.5999984741211,227839
2015-05-21,73.0999984741211,73.0999984741211,71.1500015258789,71.5999984741211,79861
2015-05-22,71.80000305175781,73.9000015258789,71.69999694824219,72.30000305175781,183284
2015-05-25,72.5999984741211,74.0,71.5999984741211,72.25,127169
2015-05-26,72.9000015258789,73.1500015258789,71.5,72.3499984741211,99498
2015-05-27,71.8499984741211,76.0,71.5,75.30000305175781,360906
2015-05-28,76.0,78.8499984741211,71.69999694824219,72.6500015258789,1051709
2015-05-29,75.0,75.94999694824219,72.0999984741211,73.69999694824219,1180540
2015-06-01,76.0,76.0,74.0,74.3499984741211,236696
2015-06-02,74.5999984741211,74.5999984741211,68.80000305175781,70.4000015258789,336513
2015-06-03,70.30000305175781,70.30000305175781,63.29999923706055,64.0999984741211,460653
2015-06-04,65.0,67.3499984741211,64.5,65.94999694824219,269042
2015-06-05,65.94999694824219,67.4000015258789,65.1500015258789,66.44999694824219,155031
2015-06-08,67.4000015258789,67.5,63.29999923706055,63.900001525878906,117846
2015-06-09,64.0999984741211,64.0999984741211,61.20000076293945,61.95000076293945,180361
2015-06-10,62.5,66.4000015258789,62.099998474121094,63.5,214593
2015-06-11,63.95000076293945,64.25,60.349998474121094,60.900001525878906,204479
2015-06-12,60.900001525878906,62.79999923706055,60.150001525878906,62.150001525878906,161867
2015-06-15,62.400001525878906,63.599998474121094,61.5,62.29999923706055,165333
2015-06-16,62.5,63.45000076293945,60.849998474121094,61.54999923706055,265175
2015-06-17,62.25,63.5,61.349998474121094,62.099998474121094,304408
2015-06-18,62.70000076293945,64.44999694824219,62.349998474121094,62.79999923706055,306192
2015-06-19,63.349998474121094,67.0,63.150001525878906,65.80000305175781,571254
2015-06-22,66.9000015258789,67.8499984741211,64.55000305175781,66.30000305175781,338273
2015-06-23,66.44999694824219,67.9000015258789,65.55000305175781,66.4000015258789,252188
2015-06-24,66.75,69.80000305175781,66.0999984741211,67.1500015258789,607122
2015-06-25,66.19999694824219,67.80000305175781,65.19999694824219,67.25,363731
2015-06-26,67.6500015258789,69.5999984741211,66.1500015258789,67.94999694824219,475685
2015-06-29,66.4000015258789,67.0,63.5,66.44999694824219,385171
2015-06-30,66.5999984741211,70.9000015258789,66.3499984741211,70.0,627731
2015-07-01,78.0,78.0999984741211,72.1500015258789,73.05000305175781,1668444
2015-07-02,73.3499984741211,74.1500015258789,70.55000305175781,71.30000305175781,447585
2015-07-03,70.5,72.9000015258789,70.5,71.25,274574
2015-07-06,70.0,77.30000305175781,69.0999984741211,76.25,1072176
2015-07-07,77.19999694824219,80.8499984741211,77.0999984741211,79.19999694824219,1925798
2015-07-08,79.44999694824219,81.5,76.0,78.8499984741211,1201925
2015-07-09,79.9000015258789,81.19999694824219,76.1500015258789,77.19999694824219,456907
2015-07-10,79.6500015258789,79.6500015258789,75.4000015258789,78.0,350824
2015-07-13,79.0,90.9000015258789,78.94999694824219,89.8499984741211,8046566
2015-07-14,89.8499984741211,91.4000015258789,87.69999694824219,88.5999984741211,2514103
2015-07-15,88.75,89.5,86.4000015258789,87.4000015258789,894894
2015-07-16,87.55000305175781,87.8499984741211,83.44999694824219,84.25,875330
2015-07-17,84.6500015258789,86.4000015258789,83.30000305175781,84.1500015258789,802669
2015-07-20,84.0,91.5999984741211,82.80000305175781,90.55000305175781,1862127
2015-07-21,90.94999694824219,91.19999694824219,85.3499984741211,87.80000305175781,1006224
2015-07-22,88.80000305175781,94.69999694824219,87.80000305175781,94.0999984741211,1848454
2015-07-23,94.5,94.5,91.5,93.0,746359
2015-07-24,93.5,103.5,92.25,101.6500015258789,4357115
2015-07-27,101.44999694824219,104.9000015258789,98.5,99.3499984741211,3258258
2015-07-28,100.19999694824219,107.69999694824219,99.25,106.3499984741211,3668012
2015-07-29,107.0,108.0,104.30000305175781,105.75,807056
2015-07-30,105.75,110.44999694824219,105.4000015258789,108.25,1207453
2015-07-31,108.19999694824219,108.9000015258789,105.69999694824219,107.19999694824219,688538
2015-08-03,107.0,108.5999984741211,104.5,107.0999984741211,608127
2015-08-04,107.5999984741211,107.9000015258789,104.69999694824219,106.30000305175781,454508
2015-08-05,106.9000015258789,114.0,106.5,112.80000305175781,1474684
2015-08-06,113.6500015258789,113.6500015258789,107.80000305175781,110.75,832719
2015-08-07,116.0,118.0,112.5,115.94999694824219,3001560
2015-08-10,116.69999694824219,117.19999694824219,113.25,114.80000305175781,932373
2015-08-11,115.19999694824219,115.69999694824219,107.8499984741211,111.0999984741211,688162
2015-08-12,113.0,113.05000305175781,100.55000305175781,102.80000305175781,604700
2015-08-13,103.25,105.80000305175781,96.0999984741211,97.4000015258789,706735
2015-08-14,98.94999694824219,106.44999694824219,97.6500015258789,105.6500015258789,763405
2015-08-17,105.0,109.75,100.55000305175781,108.5999984741211,668499
2015-08-18,107.1500015258789,115.4000015258789,107.1500015258789,113.94999694824219,1019220
2015-08-19,113.69999694824219,118.9000015258789,111.0999984741211,116.55000305175781,1110246
2015-08-20,116.4000015258789,121.4000015258789,112.5,114.55000305175781,1350650
2015-08-21,109.0,113.19999694824219,107.1500015258789,110.8499984741211,487100
2015-08-24,102.75,109.0,92.19999694824219,98.0,1175999
2015-08-25,103.9000015258789,105.0,90.0,99.4000015258789,951289
2015-08-26,100.8499984741211,104.5,96.19999694824219,100.1500015258789,471937
2015-08-27,105.0,105.80000305175781,103.25,104.69999694824219,336200
2015-08-28,106.5999984741211,110.0999984741211,102.0,104.69999694824219,482032
2015-08-31,104.9000015258789,106.75,102.4000015258789,104.5,242955
2015-09-01,102.94999694824219,104.94999694824219,98.05000305175781,101.05000305175781,276520
2015-09-02,102.5,103.9000015258789,99.0,100.5,228554
2015-09-03,101.0,105.5,101.0,102.0,352762
2015-09-04,101.9000015258789,101.9000015258789,98.19999694824219,99.5,267332
2015-09-07,98.0,100.69999694824219,95.55000305175781,96.5999984741211,287071
2015-09-08,95.0,96.8499984741211,91.19999694824219,94.69999694824219,389218
2015-09-09,98.5,98.5,95.30000305175781,96.0999984741211,302005
2015-09-10,94.8499984741211,102.9000015258789,91.5,97.80000305175781,333414
2015-09-11,100.6500015258789,103.0,98.05000305175781,100.0,355895
2015-09-14,100.0,101.80000305175781,99.0,100.1500015258789,190681
2015-09-15,99.8499984741211,101.5,96.0999984741211,97.05000305175781,133250
2015-09-16,98.19999694824219,101.1500015258789,96.5999984741211,97.69999694824219,214326
2015-09-18,98.80000305175781,101.5,98.5,99.05000305175781,224803
2015-09-21,98.9000015258789,103.8499984741211,96.94999694824219,101.25,291502
2015-09-22,102.4000015258789,103.5,97.5,98.44999694824219,291396
2015-09-23,97.0999984741211,99.80000305175781,97.0,99.25,105480
2015-09-24,99.25,101.69999694824219,98.0,98.9000015258789,128008
2015-09-28,101.19999694824219,103.5,98.75,99.5999984741211,288183
2015-09-29,99.0,99.0,96.4000015258789,96.75,260877
2015-09-30,97.9000015258789,99.30000305175781,95.0999984741211,96.55000305175781,211140
2015-10-01,97.69999694824219,99.25,96.9000015258789,97.8499984741211,435644
2015-10-05,98.80000305175781,106.80000305175781,98.5,105.44999694824219,834203
2015-10-06,107.0,108.80000305175781,104.75,105.5999984741211,661837
2015-10-07,105.94999694824219,108.0,103.0,103.5999984741211,301637
2015-10-08,104.5,110.0,103.0,107.44999694824219,1337645
2015-10-09,108.6500015258789,112.75,108.5,111.8499984741211,1421331
2015-10-12,113.0,113.80000305175781,108.19999694824219,109.5999984741211,414873
2015-10-13,110.4000015258789,111.6500015258789,109.0999984741211,110.3499984741211,233125
2015-10-14,110.75,113.5,108.6500015258789,110.75,397569
2015-10-15,110.75,112.19999694824219,108.30000305175781,108.80000305175781,240843
2015-10-16,109.55000305175781,111.80000305175781,107.1500015258789,107.75,328735
2015-10-19,107.19999694824219,109.6500015258789,107.19999694824219,109.0,201189
2015-10-20,109.80000305175781,110.8499984741211,108.0,108.69999694824219,230481
2015-10-21,108.30000305175781,109.80000305175781,103.5999984741211,105.6500015258789,284207
2015-10-23,106.19999694824219,107.19999694824219,103.69999694824219,104.25,207223
2015-10-26,104.9000015258789,105.1500015258789,101.0999984741211,101.69999694824219,180531
2015-10-27,102.0,106.94999694824219,100.0999984741211,105.9000015258789,301855
2015-10-28,107.0999984741211,109.4000015258789,106.19999694824219,108.30000305175781,517279
2015-10-29,108.0,109.44999694824219,105.4000015258789,106.1500015258789,183686
2015-10-30,106.1500015258789,107.25,102.0,102.9000015258789,163971
2015-11-02,100.1500015258789,102.0,99.5,101.25,158144
2015-11-03,101.0,102.69999694824219,98.6500015258789,99.80000305175781,169750
2015-11-04,100.30000305175781,102.80000305175781,98.8499984741211,100.6500015258789,278157
2015-11-05,101.0,103.0,100.4000015258789,102.0999984741211,219523
2015-11-06,107.3499984741211,108.0,102.5,103.30000305175781,802030
2015-11-09,100.0,106.25,98.0,104.5,315229
2015-11-10,104.0,107.5,103.1500015258789,104.5,278835
2015-11-13,105.4000015258789,105.5,102.5999984741211,103.05000305175781,104152
2015-11-16,102.4000015258789,107.0,101.94999694824219,105.6500015258789,228204
2015-11-17,106.1500015258789,109.4000015258789,106.1500015258789,106.9000015258789,488653
2015-11-18,106.75,108.44999694824219,101.80000305175781,102.30000305175781,292612
2015-11-19,103.0,104.9000015258789,103.0,103.8499984741211,154552
2015-11-20,104.80000305175781,117.80000305175781,102.5,113.19999694824219,1961162
2015-11-23,113.5,117.1500015258789,112.1500015258789,112.75,1295100
2015-11-24,113.0,115.05000305175781,111.0,112.1500015258789,747838
2015-11-26,113.19999694824219,113.19999694824219,110.0,110.3499984741211,257429
2015-11-27,110.44999694824219,114.4000015258789,109.94999694824219,110.94999694824219,654199
2015-11-30,111.05000305175781,113.4000015258789,108.0,112.6500015258789,501700
2015-12-01,112.44999694824219,112.44999694824219,107.4000015258789,108.69999694824219,486737
2015-12-02,109.94999694824219,110.8499984741211,107.5999984741211,108.69999694824219,248869
2015-12-03,108.44999694824219,116.9000015258789,107.4000015258789,109.3499984741211,1812300
2015-12-04,107.80000305175781,111.5999984741211,107.0,108.5999984741211,461022
2015-12-07,109.3499984741211,111.19999694824219,108.1500015258789,108.4000015258789,244531
2015-12-08,108.0,108.9000015258789,105.0999984741211,105.6500015258789,250455
2015-12-09,105.0999984741211,106.4000015258789,102.0,103.55000305175781,384049
2015-12-10,105.0,106.9000015258789,102.19999694824219,106.19999694824219,470919
2015-12-11,105.5999984741211,106.19999694824219,102.25,103.5,307958
2015-12-14,99.6500015258789,104.25,99.6500015258789,102.0999984741211,219422
2015-12-15,107.9000015258789,107.9000015258789,102.5,103.3499984741211,140788
2015-12-16,103.3499984741211,105.4000015258789,102.19999694824219,102.80000305175781,196803
2015-12-17,105.0,106.8499984741211,104.3499984741211,105.8499984741211,353478
2015-12-18,105.8499984741211,108.9000015258789,104.19999694824219,107.25,447560
2015-12-21,107.25,108.94999694824219,107.0,108.4000015258789,197309
2015-12-22,108.9000015258789,109.9000015258789,107.4000015258789,108.19999694824219,162363
2015-12-23,108.5,108.94999694824219,105.30000305175781,105.80000305175781,218251
2015-12-24,106.0999984741211,107.30000305175781,105.30000305175781,105.69999694824219,134108
2015-12-28,111.0,115.8499984741211,109.30000305175781,114.69999694824219,1585530
2015-12-29,114.69999694824219,115.5,112.0,113.80000305175781,477714
2015-12-30,114.0,121.9000015258789,114.0,119.44999694824219,2475044
2015-12-31,120.3499984741211,123.5,119.55000305175781,120.25,1429953
2016-01-01,120.6500015258789,121.19999694824219,117.19999694824219,118.1500015258789,374249
2016-01-04,118.6500015258789,122.05000305175781,115.5,116.19999694824219,469061
2016-01-05,117.4000015258789,120.8499984741211,115.30000305175781,119.5,857376
2016-01-06,120.5,122.25,117.80000305175781,119.25,397222
2016-01-07,115.5999984741211,117.0,112.80000305175781,115.6500015258789,433059
2016-01-08,116.0,124.0,116.0,121.94999694824219,811298
2016-01-11,119.5999984741211,125.80000305175781,118.0,124.0,774674
2016-01-12,124.6500015258789,125.80000305175781,120.3499984741211,122.5,326387
2016-01-13,124.0,126.4000015258789,111.0999984741211,119.94999694824219,762292
2016-01-14,116.5,121.80000305175781,113.0999984741211,118.6500015258789,346220
2016-01-15,119.25,123.0,115.0,117.94999694824219,310528
2016-01-18,121.05000305175781,122.0,109.0,110.30000305175781,1217367
2016-01-19,110.69999694824219,114.80000305175781,110.5999984741211,114.1500015258789,239824
2016-01-20,113.0,113.0,108.80000305175781,110.69999694824219,244493
2016-01-21,112.1500015258789,114.0999984741211,110.0,110.9000015258789,238405
2016-01-22,113.80000305175781,115.9000015258789,111.19999694824219,114.6500015258789,196667
2016-01-25,116.1500015258789,119.94999694824219,113.25,114.19999694824219,789609
2016-01-27,115.9000015258789,116.69999694824219,113.80000305175781,114.5,474828
2016-01-28,115.0,115.8499984741211,112.19999694824219,112.69999694824219,230164
2016-01-29,113.0,114.1500015258789,108.5,110.05000305175781,453665
2016-02-01,110.5,113.0,110.0999984741211,112.0999984741211,200095
2016-02-02,112.80000305175781,112.80000305175781,110.4000015258789,110.5999984741211,121534
2016-02-03,108.0999984741211,113.19999694824219,107.3499984741211,111.69999694824219,233660
2016-02-04,112.94999694824219,114.69999694824219,110.80000305175781,113.19999694824219,571247
2016-02-05,113.25,114.3499984741211,112.1500015258789,113.3499984741211,172817
2016-02-08,113.5999984741211,115.6500015258789,113.25,114.3499984741211,172433
2016-02-09,112.0,113.75,111.8499984741211,112.5,52785
2016-02-10,111.05000305175781,113.5,111.05000305175781,112.55000305175781,143937
2016-02-11,110.75,113.0,98.19999694824219,103.19999694824219,563303
2016-02-12,104.0,106.5,94.4000015258789,102.0999984741211,532420
2016-02-15,104.80000305175781,107.9000015258789,103.55000305175781,104.69999694824219,135591
2016-02-16,106.4000015258789,106.4000015258789,99.55000305175781,100.55000305175781,103561
2016-02-17,100.0,100.0,94.6500015258789,95.6500015258789,244610
2016-02-18,96.9000015258789,99.5999984741211,96.9000015258789,98.0,113591
2016-02-19,97.0,97.80000305175781,92.5,93.94999694824219,145674
2016-02-22,94.0,94.0,91.0,92.5,160983
2016-02-23,93.80000305175781,97.0,92.44999694824219,96.1500015258789,173196
2016-02-24,96.1500015258789,97.69999694824219,93.0,94.1500015258789,162609
2016-02-25,93.05000305175781,94.5,90.5,91.1500015258789,63316
2016-02-26,90.4000015258789,92.75,88.0999984741211,90.44999694824219,150802
2016-02-29,89.0,92.5,85.30000305175781,90.19999694824219,286616
2016-03-01,91.0,96.5,90.0999984741211,95.5,186450
2016-03-02,95.5,104.44999694824219,95.5,101.75,163938
2016-03-03,102.5,102.80000305175781,99.0,100.55000305175781,145539
2016-03-04,101.0,101.05000305175781,98.5999984741211,99.05000305175781,106980
2016-03-08,100.0999984741211,101.9000015258789,98.25,100.05000305175781,202591
2016-03-09,100.69999694824219,101.8499984741211,99.25,100.9000015258789,160162
2016-03-10,101.0,103.4000015258789,99.5,100.19999694824219,147018
2016-03-11,99.5,101.69999694824219,98.55000305175781,98.80000305175781,153089
2016-03-14,99.69999694824219,101.0,99.0,99.19999694824219,72902
2016-03-15,98.0,99.69999694824219,97.30000305175781,98.0,58548
2016-03-16,97.0,99.0,97.0,97.4000015258789,82022
2016-03-17,98.0,99.3499984741211,97.0999984741211,97.5,122749
2016-03-18,97.55000305175781,98.55000305175781,96.05000305175781,96.69999694824219,67192
2016-03-21,96.5999984741211,98.0999984741211,96.0999984741211,97.05000305175781,78916
2016-03-22,97.30000305175781,98.5,97.0,97.6500015258789,58055
2016-03-23,98.0999984741211,98.0999984741211,96.4000015258789,97.0,54685
2016-03-28,97.5999984741211,98.0,91.5,93.19999694824219,198975
2016-03-29,93.94999694824219,96.5999984741211,92.19999694824219,95.69999694824219,178077
2016-03-30,96.4000015258789,98.9000015258789,95.8499984741211,97.8499984741211,107561
2016-03-31,97.9000015258789,100.5,97.19999694824219,98.0,140314
2016-04-01,101.4000015258789,103.0,100.94999694824219,101.4000015258789,523702
2016-04-04,102.05000305175781,102.05000305175781,99.19999694824219,99.5,70350
2016-04-05,98.0999984741211,99.25,97.0,97.5,80308
2016-04-06,98.0,99.5999984741211,97.6500015258789,98.69999694824219,298456
2016-04-07,98.55000305175781,99.5,97.1500015258789,97.6500015258789,61802
2016-04-08,96.94999694824219,99.3499984741211,95.5,97.55000305175781,48769
2016-04-11,97.6500015258789,98.0,96.6500015258789,97.6500015258789,57367
2016-04-12,97.9000015258789,104.69999694824219,97.1500015258789,103.55000305175781,382395
2016-04-13,104.5,105.9000015258789,102.5,102.9000015258789,232872
2016-04-18,102.9000015258789,102.9000015258789,100.0,100.80000305175781,76577
2016-04-20,101.9000015258789,103.9000015258789,100.55000305175781,101.55000305175781,84091
2016-04-21,101.05000305175781,104.55000305175781,101.0,101.6500015258789,162482
2016-04-22,101.9000015258789,102.3499984741211,99.5,99.8499984741211,107458
2016-04-25,99.0,100.9000015258789,98.0,99.30000305175781,93863
2016-04-26,98.1500015258789,102.0,98.1500015258789,101.05000305175781,90849
2016-04-27,100.25,106.44999694824219,100.25,104.30000305175781,371381
2016-04-28,103.25,104.5999984741211,101.0999984741211,101.69999694824219,96190
2016-04-29,101.80000305175781,102.94999694824219,100.0999984741211,102.4000015258789,110784
2016-05-02,102.30000305175781,102.69999694824219,100.5,102.25,76337
2016-05-03,101.19999694824219,103.80000305175781,101.19999694824219,102.1500015258789,72139
2016-05-04,101.25,106.44999694824219,101.0,106.05000305175781,288957
2016-05-05,106.0,109.44999694824219,104.5,108.30000305175781,303534
2016-05-06,108.1500015258789,111.0,106.19999694824219,109.80000305175781,804144
2016-05-09,110.25,112.69999694824219,110.0,110.55000305175781,234915
2016-05-10,111.4000015258789,111.9000015258789,109.0,109.75,170312
2016-05-11,109.0,110.30000305175781,107.0,109.5,173641
2016-05-12,110.3499984741211,112.19999694824219,108.8499984741211,110.05000305175781,89961
2016-05-13,110.0999984741211,110.0999984741211,107.3499984741211,107.75,69216
2016-05-16,107.75,109.5,105.0999984741211,107.5,136998
2016-05-17,108.5,117.5999984741211,108.0,116.0,420761
2016-05-18,114.0,120.4000015258789,114.0,118.5999984741211,531981
2016-05-19,117.0,119.5,113.69999694824219,114.19999694824219,163150
2016-05-20,114.5,115.75,111.0999984741211,112.0,155075
2016-05-23,114.80000305175781,115.9000015258789,111.6500015258789,113.44999694824219,357595
2016-05-24,111.6500015258789,114.80000305175781,110.3499984741211,111.0999984741211,423897
2016-05-25,112.75,112.80000305175781,110.69999694824219,112.25,100880
2016-05-26,112.44999694824219,112.8499984741211,110.0,110.55000305175781,93227
2016-05-27,110.25,112.1500015258789,109.30000305175781,109.5999984741211,86229
2016-05-30,110.75,112.5,106.5,107.75,104260
2016-05-31,108.5,108.5,105.80000305175781,107.0999984741211,95099
2016-06-01,105.0,109.75,105.0,108.5,79961
2016-06-02,108.80000305175781,109.4000015258789,107.94999694824219,108.4000015258789,35162
2016-06-03,108.44999694824219,109.0,105.0999984741211,105.3499984741211,63556
2016-06-06,106.19999694824219,106.19999694824219,103.5999984741211,104.1500015258789,62983
2016-06-07,104.0,107.80000305175781,103.1500015258789,105.5999984741211,131770
2016-06-08,106.44999694824219,106.94999694824219,105.0,106.6500015258789,56374
2016-06-09,107.0999984741211,107.9000015258789,105.5,105.8499984741211,37397
2016-06-10,105.30000305175781,107.5,103.55000305175781,103.94999694824219,122719
2016-06-13,102.5,103.44999694824219,101.80000305175781,102.5,67153
2016-06-14,102.05000305175781,104.5,102.05000305175781,102.75,68616
2016-06-15,103.6500015258789,107.75,103.1500015258789,106.75,122501
2016-06-16,107.8499984741211,109.55000305175781,106.0,107.69999694824219,153990
2016-06-17,108.94999694824219,108.94999694824219,104.4000015258789,105.44999694824219,85845
2016-06-20,104.5,105.9000015258789,103.30000305175781,105.19999694824219,50745
2016-06-21,105.0,105.9000015258789,104.19999694824219,104.4000015258789,42542
2016-06-22,104.25,106.4000015258789,103.9000015258789,105.05000305175781,709117
2016-06-23,105.94999694824219,106.94999694824219,104.4000015258789,105.55000305175781,79530
2016-06-24,102.0,103.80000305175781,93.80000305175781,103.05000305175781,182169
2016-06-27,103.80000305175781,107.0,103.0,106.69999694824219,130407
2016-06-28,106.0,109.4000015258789,106.0,108.44999694824219,143675
2016-06-29,106.80000305175781,109.3499984741211,106.80000305175781,108.0,80628
2016-06-30,108.94999694824219,112.5,108.55000305175781,112.1500015258789,177418
2016-07-01,113.0,116.9000015258789,112.0,114.94999694824219,198231
2016-07-04,115.80000305175781,122.80000305175781,115.0,120.69999694824219,556241
2016-07-05,120.05000305175781,125.5,120.05000305175781,124.05000305175781,378635
2016-07-07,123.69999694824219,125.55000305175781,121.0999984741211,123.25,136950
2016-07-08,124.30000305175781,127.9000015258789,121.44999694824219,126.30000305175781,336242
2016-07-11,127.80000305175781,129.0,124.6500015258789,127.05000305175781,148949
2016-07-12,127.05000305175781,128.39999389648438,121.6500015258789,125.05000305175781,199785
2016-07-13,125.05000305175781,126.69999694824219,120.0999984741211,121.75,129944
2016-07-14,121.0,124.69999694824219,121.0,122.05000305175781,101913
2016-07-15,122.05000305175781,122.75,121.55000305175781,121.75,80627
2016-07-18,122.94999694824219,124.0,121.5,123.0,82520
2016-07-19,123.8499984741211,124.4000015258789,122.0,123.44999694824219,67808
2016-07-20,123.44999694824219,124.4000015258789,122.0,123.0,90955
2016-07-21,125.30000305175781,126.8499984741211,113.5999984741211,117.1500015258789,561224
2016-07-22,117.9000015258789,121.9000015258789,117.3499984741211,118.0,195642
2016-07-25,118.94999694824219,123.0,116.25,116.75,163617
2016-07-26,117.19999694824219,120.0,116.0,118.5999984741211,151401
2016-07-27,122.94999694824219,124.69999694824219,118.9000015258789,119.8499984741211,443351
2016-07-28,120.44999694824219,121.5,117.69999694824219,118.3499984741211,74295
2016-07-29,117.0,118.5999984741211,116.1500015258789,116.94999694824219,340477
2016-08-01,117.75,117.80000305175781,112.5999984741211,114.55000305175781,99069
2016-08-02,114.55000305175781,115.25,112.55000305175781,113.5999984741211,158302
2016-08-03,112.5,115.55000305175781,112.5,114.0999984741211,134879
2016-08-04,114.5,116.0,113.5,114.19999694824219,98870
2016-08-05,114.0,115.9000015258789,113.30000305175781,114.5,65391
2016-08-08,116.0,116.0,113.44999694824219,114.5,188179
2016-08-09,113.30000305175781,115.69999694824219,113.30000305175781,114.19999694824219,153561
2016-08-10,113.5,117.0,113.5,114.5,128339
2016-08-11,112.80000305175781,114.5,112.0999984741211,113.0,37930
2016-08-12,113.0999984741211,114.8499984741211,111.4000015258789,111.94999694824219,58175
2016-08-16,112.0999984741211,115.30000305175781,112.05000305175781,113.30000305175781,419293
2016-08-17,113.30000305175781,115.0999984741211,112.75,114.4000015258789,39754
2016-08-18,114.5,116.0,114.44999694824219,115.6500015258789,39228
2016-08-19,115.94999694824219,117.0,115.0,115.6500015258789,50733
2016-08-22,114.0,118.4000015258789,114.0,118.0,163825
2016-08-23,118.55000305175781,121.9000015258789,118.05000305175781,119.30000305175781,205336
2016-08-24,119.5,120.05000305175781,115.80000305175781,118.30000305175781,154832
2016-08-25,118.5,121.1500015258789,117.55000305175781,118.44999694824219,92520
2016-08-26,118.0,119.44999694824219,116.80000305175781,117.75,67952
2016-08-29,116.0,119.80000305175781,116.0,118.75,108562
2016-08-30,118.0999984741211,119.5999984741211,116.4000015258789,117.6500015258789,56461
2016-08-31,116.0999984741211,117.94999694824219,115.55000305175781,116.30000305175781,72040
2016-09-01,115.19999694824219,116.69999694824219,113.55000305175781,113.69999694824219,69431
2016-09-02,113.0,116.4000015258789,113.0,114.80000305175781,78470
2016-09-06,114.80000305175781,116.69999694824219,114.5,115.0,53793
2016-09-07,115.0,117.94999694824219,114.69999694824219,116.30000305175781,114823
2016-09-08,116.69999694824219,119.9000015258789,116.0,116.44999694824219,111820
2016-09-09,117.4000015258789,119.80000305175781,116.0,116.94999694824219,217282
2016-09-12,114.5999984741211,115.94999694824219,113.0,114.0999984741211,58470
2016-09-14,113.75,115.80000305175781,113.75,114.94999694824219,46363
2016-09-15,114.0,115.9000015258789,114.0,114.30000305175781,48071
2016-09-16,115.19999694824219,116.0999984741211,114.0,114.75,58736
2016-09-19,115.75,115.9000015258789,112.3499984741211,113.30000305175781,44676
2016-09-20,113.3499984741211,115.0,112.44999694824219,114.30000305175781,46315
2016-09-21,113.94999694824219,115.0,113.0,113.75,30497
2016-09-22,114.5,116.4000015258789,114.0,115.8499984741211,59185
2016-09-23,116.55000305175781,123.0,115.0999984741211,120.94999694824219,385609
2016-09-26,121.30000305175781,121.69999694824219,117.19999694824219,118.0,297503
2016-09-27,117.5,120.0,116.19999694824219,116.5999984741211,72353
2016-09-28,117.0,119.4000015258789,117.0,117.5,61238
2016-09-29,118.0,119.94999694824219,108.0,112.05000305175781,341996
2016-09-30,109.0,115.94999694824219,109.0,114.0999984741211,64608
2016-10-03,115.5,120.0,114.5999984741211,117.8499984741211,174311
2016-10-04,117.5999984741211,120.5,116.94999694824219,117.44999694824219,70826
2016-10-05,117.0999984741211,121.19999694824219,117.0999984741211,120.4000015258789,179123
2016-10-06,119.0999984741211,121.5,118.75,120.05000305175781,82498
2016-10-07,119.0,121.5,119.0,120.0,90242
2016-10-10,119.05000305175781,122.0,118.9000015258789,119.1500015258789,178308
2016-10-13,119.0999984741211,119.5999984741211,112.0,114.0,97035
2016-10-14,115.4000015258789,116.4000015258789,113.9000015258789,114.9000015258789,61163
2016-10-17,121.25,124.19999694824219,117.19999694824219,122.55000305175781,410486
2016-10-18,121.19999694824219,123.5,119.8499984741211,120.9000015258789,123538
2016-10-19,122.0,122.5,120.0,120.80000305175781,54186
2016-10-20,121.19999694824219,122.5,119.0,119.44999694824219,104667
2016-10-21,118.05000305175781,119.80000305175781,116.5,117.4000015258789,154583
2016-10-24,117.1500015258789,121.19999694824219,117.1500015258789,119.9000015258789,99549
2016-10-25,118.5999984741211,120.05000305175781,118.5999984741211,119.05000305175781,82722
2016-10-26,119.6500015258789,119.94999694824219,115.75,116.69999694824219,92522
2016-10-27,116.0999984741211,118.94999694824219,115.8499984741211,116.44999694824219,362605
2016-10-28,116.80000305175781,118.75,116.5999984741211,117.4000015258789,347040
2016-11-01,121.3499984741211,123.05000305175781,119.6500015258789,122.5,86192
2016-11-02,121.9000015258789,121.9000015258789,118.44999694824219,118.94999694824219,49896
2016-11-03,119.0,121.4000015258789,116.55000305175781,117.6500015258789,46843
2016-11-04,116.80000305175781,118.8499984741211,114.1500015258789,114.75,67995
2016-11-07,118.05000305175781,127.5,117.3499984741211,124.0,601526
2016-11-08,122.5,136.39999389648438,122.5,132.5,1952420
2016-11-09,111.6500015258789,132.25,106.0999984741211,130.3000030517578,718298
2016-11-10,131.6999969482422,139.5,131.6999969482422,135.3000030517578,913154
2016-11-11,133.8000030517578,137.89999389648438,127.1500015258789,127.9000015258789,236149
2016-11-15,129.89999389648438,129.89999389648438,115.0,118.30000305175781,211390
2016-11-16,120.0,123.69999694824219,116.19999694824219,118.19999694824219,98269
2016-11-17,119.1500015258789,119.80000305175781,116.0,116.75,61659
2016-11-18,116.5,118.9000015258789,113.94999694824219,116.44999694824219,138961
2016-11-21,123.0,123.19999694824219,107.69999694824219,110.05000305175781,418455
2016-11-22,112.30000305175781,113.8499984741211,110.0,111.30000305175781,99285
2016-11-23,113.94999694824219,114.80000305175781,111.0,112.94999694824219,215245
2016-11-24,112.0,114.9000015258789,111.25,112.05000305175781,124590
2016-11-25,112.9000015258789,114.0,111.9000015258789,112.9000015258789,90425
2016-11-28,113.0999984741211,124.0,112.19999694824219,122.05000305175781,389449
2016-11-29,122.05000305175781,130.6999969482422,120.0999984741211,126.75,466722
2016-11-30,127.0,127.8499984741211,124.3499984741211,127.0,134265
2016-12-01,128.3000030517578,128.89999389648438,124.30000305175781,125.55000305175781,93549
2016-12-02,123.69999694824219,124.55000305175781,120.55000305175781,121.0,52471
2016-12-05,122.0,122.75,118.80000305175781,120.30000305175781,56870
2016-12-06,120.19999694824219,121.5,119.6500015258789,120.4000015258789,39503
2016-12-07,124.05000305175781,124.80000305175781,119.05000305175781,119.9000015258789,200310
2016-12-08,120.9000015258789,125.5999984741211,120.5999984741211,122.19999694824219,173137
2016-12-09,123.3499984741211,123.8499984741211,120.0,121.3499984741211,109029
2016-12-12,120.94999694824219,122.05000305175781,119.1500015258789,120.0999984741211,40176
2016-12-13,120.05000305175781,123.5,119.25,122.69999694824219,56891
2016-12-14,121.55000305175781,123.0999984741211,119.0,119.5999984741211,40498
2016-12-15,119.5,121.80000305175781,119.05000305175781,120.0,38869
2016-12-16,121.0999984741211,130.0,118.44999694824219,125.0999984741211,924929
2016-12-19,125.0,125.0,120.94999694824219,121.44999694824219,112905
2016-12-20,124.0,127.0,122.19999694824219,124.55000305175781,611605
2016-12-21,125.0,125.05000305175781,121.05000305175781,122.05000305175781,75617
2016-12-22,122.3499984741211,122.9000015258789,118.4000015258789,118.9000015258789,82822
2016-12-23,116.80000305175781,127.5,116.80000305175781,125.25,216205
2016-12-26,124.0999984741211,125.0,121.0,123.19999694824219,84829
2016-12-27,123.19999694824219,125.80000305175781,117.69999694824219,121.8499984741211,137199
2016-12-28,122.3499984741211,125.44999694824219,121.80000305175781,122.3499984741211,69895
2016-12-29,122.0,125.19999694824219,122.0,124.0999984741211,97304
2016-12-30,124.05000305175781,125.30000305175781,123.1500015258789,123.8499984741211,65581
2017-01-02,124.0,125.80000305175781,124.0,124.9000015258789,61883
2017-01-03,125.3499984741211,126.5,124.55000305175781,125.80000305175781,96688
2017-01-04,126.05000305175781,127.30000305175781,124.9000015258789,125.1500015258789,57633
2017-01-05,125.5,127.44999694824219,125.0,126.05000305175781,61694
2017-01-06,126.80000305175781,138.6999969482422,125.6500015258789,134.89999389648438,791352
2017-01-09,135.89999389648438,135.89999389648438,130.64999389648438,134.10000610351562,252555
2017-01-10,134.5500030517578,146.39999389648438,134.0500030517578,143.75,972613
2017-01-11,144.4499969482422,145.3000030517578,140.5500030517578,141.5500030517578,308579
2017-01-12,142.60000610351562,142.60000610351562,136.0,138.8000030517578,342286
2017-01-13,138.9499969482422,143.8000030517578,137.35000610351562,138.39999389648438,282612
2017-01-16,138.0,141.1999969482422,137.10000610351562,138.39999389648438,112355
2017-01-17,138.75,143.5,138.0,139.5,273631
2017-01-18,140.0,141.0500030517578,136.64999389648438,137.3000030517578,108563
2017-01-19,137.6999969482422,139.4499969482422,137.10000610351562,137.6999969482422,95240
2017-01-20,138.10000610351562,139.85000610351562,133.0,135.5,144067
2017-01-23,134.8000030517578,137.5,134.8000030517578,136.3000030517578,63288
2017-01-24,137.0,141.4499969482422,135.39999389648438,137.60000610351562,190288
2017-01-25,138.4499969482422,139.64999389648438,136.75,139.0,89523
2017-01-27,138.0,141.1999969482422,135.64999389648438,140.5,316526
2017-01-30,139.0500030517578,141.10000610351562,137.8000030517578,139.85000610351562,111759
2017-01-31,140.89999389648438,140.89999389648438,136.60000610351562,137.4499969482422,99499
2017-02-01,136.0,140.85000610351562,134.25,139.9499969482422,132811
2017-02-02,140.0,144.0,140.0,143.5,365834
2017-02-03,152.0,171.39999389648438,152.0,168.10000610351562,3848883
2017-02-06,169.14999389648438,172.0,163.60000610351562,167.14999389648438,843328
2017-02-07,167.39999389648438,170.4499969482422,164.0500030517578,169.5,905624
2017-02-08,170.0,170.85000610351562,164.5500030517578,165.4499969482422,272231
2017-02-09,165.4499969482422,166.75,161.8000030517578,162.14999389648438,119346
2017-02-10,163.39999389648438,167.85000610351562,162.0500030517578,163.3000030517578,376125
2017-02-13,164.25,170.0,160.1999969482422,168.6999969482422,310625
2017-02-14,171.0,186.8000030517578,170.0,176.0500030517578,2205997
2017-02-15,176.0,176.39999389648438,170.85000610351562,173.6999969482422,231599
2017-02-16,175.0,179.9499969482422,174.25,178.39999389648438,470728
2017-02-17,180.0,185.5,172.0,181.25,3031668
2017-02-20,178.0,179.3000030517578,174.60000610351562,177.60000610351562,433781
2017-02-21,178.14999389648438,179.25,175.5,176.64999389648438,197069
2017-02-22,177.0,177.25,172.0,172.1999969482422,194478
2017-02-23,172.4499969482422,173.6999969482422,167.85000610351562,172.10000610351562,267520
2017-02-27,172.10000610351562,177.6999969482422,171.64999389648438,174.6999969482422,247405
2017-02-28,175.0,179.6999969482422,174.5,178.60000610351562,211459
2017-03-01,178.9499969482422,183.5,175.5,182.64999389648438,540319
2017-03-02,182.9499969482422,183.89999389648438,172.1999969482422,173.3000030517578,259790
2017-03-03,173.9499969482422,177.3000030517578,172.1999969482422,172.9499969482422,161904
2017-03-06,173.89999389648438,174.5,172.1999969482422,172.64999389648438,78668
2017-03-07,173.5,174.5,166.8000030517578,168.0500030517578,230798
2017-03-08,168.39999389648438,170.39999389648438,166.6999969482422,167.64999389648438,313429
2017-03-09,167.60000610351562,174.5,167.14999389648438,172.9499969482422,324005
2017-03-10,173.60000610351562,175.0,168.35000610351562,169.85000610351562,76319
2017-03-14,171.60000610351562,176.39999389648438,170.6999969482422,175.4499969482422,198009
2017-03-15,176.85000610351562,177.6999969482422,170.5,171.1999969482422,311127
2017-03-16,172.89999389648438,174.89999389648438,171.8000030517578,172.25,358768
2017-03-17,172.25,173.89999389648438,170.60000610351562,171.35000610351562,100322
2017-03-20,172.5500030517578,174.25,168.8000030517578,173.25,97596
2017-03-21,175.0,178.5,172.1999969482422,173.1999969482422,317555
2017-03-22,172.0500030517578,175.75,171.25,173.10000610351562,113724
2017-03-23,172.10000610351562,177.5,172.10000610351562,174.14999389648438,187621
2017-03-24,175.0,176.89999389648438,173.60000610351562,175.0,262775
2017-03-27,176.1999969482422,177.1999969482422,174.0,175.5,118700
2017-03-28,175.5500030517578,186.0,175.5500030517578,176.64999389648438,368421
2017-03-29,177.9499969482422,181.5,176.0,179.4499969482422,191322
2017-03-30,180.8000030517578,182.85000610351562,177.5,179.0500030517578,225740
2017-03-31,181.0,184.0,178.85000610351562,182.6999969482422,269704
2017-04-03,185.0500030517578,196.0,185.0500030517578,189.64999389648438,996190
2017-04-05,191.89999389648438,198.8000030517578,191.6999969482422,195.0,892842
2017-04-06,194.5,197.39999389648438,192.3000030517578,194.14999389648438,241489
2017-04-07,194.25,198.25,190.5,191.1999969482422,238600
2017-04-10,192.75,194.89999389648438,191.5,192.1999969482422,423446
2017-04-11,193.35000610351562,199.8000030517578,193.0,197.85000610351562,413872
2017-04-12,199.0,204.3000030517578,192.5,195.89999389648438,277074
2017-04-13,195.10000610351562,198.0,191.0,191.75,397835
2017-04-17,194.0,195.89999389648438,191.25,193.4499969482422,166051
2017-04-18,193.89999389648438,201.0,193.89999389648438,196.35000610351562,392613
2017-04-19,196.0,208.39999389648438,195.0,206.89999389648438,969358
2017-04-20,208.6999969482422,214.5,207.0500030517578,210.39999389648438,617779
2017-04-21,212.4499969482422,214.0,207.0,211.89999389648438,271313
2017-04-24,213.89999389648438,219.0,213.10000610351562,215.4499969482422,355233
2017-04-25,217.60000610351562,219.3000030517578,210.5,212.14999389648438,202234
2017-04-26,214.1999969482422,216.4499969482422,207.0,212.89999389648438,247875
2017-04-27,213.10000610351562,214.0,210.10000610351562,211.5500030517578,106219
2017-04-28,211.8000030517578,217.8000030517578,211.8000030517578,216.8000030517578,217140
2017-05-02,218.39999389648438,219.39999389648438,213.0,214.35000610351562,162325
2017-05-03,215.85000610351562,217.0,213.4499969482422,216.14999389648438,242783
2017-05-04,217.89999389648438,217.89999389648438,214.9499969482422,215.35000610351562,83870
2017-05-05,215.5,217.5,211.0,213.0500030517578,120247
2017-05-08,214.1999969482422,219.35000610351562,214.1999969482422,216.4499969482422,176995
2017-05-09,216.0,228.35000610351562,216.0,227.14999389648438,426271
2017-05-10,228.75,236.5,228.75,235.10000610351562,521769
2017-05-11,236.0,238.0,220.14999389648438,221.5500030517578,1457849
2017-05-12,222.8000030517578,227.0,216.64999389648438,217.5500030517578,498982
2017-05-15,219.5,223.39999389648438,218.35000610351562,219.6999969482422,179020
2017-05-16,219.4499969482422,222.8000030517578,219.0,220.0500030517578,114259
2017-05-17,220.5,222.8000030517578,218.5,219.9499969482422,205059
2017-05-18,218.1999969482422,223.1999969482422,216.5500030517578,220.0,178146
2017-05-19,221.9499969482422,223.5,216.25,217.0,155268
2017-05-22,219.75,219.75,212.5,213.5500030517578,167612
2017-05-23,213.6999969482422,215.60000610351562,200.10000610351562,203.5,228012
2017-05-24,202.0,210.9499969482422,199.3000030517578,200.89999389648438,223425
2017-05-25,201.9499969482422,203.5,198.0,201.25,211631
2017-05-26,201.60000610351562,207.5,200.4499969482422,202.35000610351562,208796
2017-05-29,202.14999389648438,214.5500030517578,202.0500030517578,213.0500030517578,286301
2017-05-30,214.0,215.89999389648438,209.89999389648438,211.4499969482422,74421
2017-05-31,212.0500030517578,220.85000610351562,211.60000610351562,217.64999389648438,177935
2017-06-01,219.0,224.39999389648438,218.0,219.5,220900
2017-06-02,221.4499969482422,221.4499969482422,213.5,214.8000030517578,155425
2017-06-05,215.0,221.9499969482422,214.14999389648438,218.10000610351562,173906
2017-06-06,220.14999389648438,220.14999389648438,216.0,216.6999969482422,65880
2017-06-07,217.0500030517578,219.4499969482422,214.0,216.10000610351562,89588
2017-06-08,216.85000610351562,219.6999969482422,215.0,218.60000610351562,91249
2017-06-09,216.0,221.0,216.0,219.39999389648438,90116
2017-06-12,218.0500030517578,218.9499969482422,214.4499969482422,216.0500030517578,60837
2017-06-13,218.0,218.0,211.1999969482422,213.89999389648438,69107
2017-06-14,216.75,216.75,211.0500030517578,211.39999389648438,54426
2017-06-15,211.39999389648438,215.5500030517578,210.0,212.1999969482422,95187
2017-06-16,213.85000610351562,221.85000610351562,212.10000610351562,220.39999389648438,210045
2017-06-19,220.0,229.3000030517578,218.25,224.64999389648438,360888
2017-06-20,225.0,227.1999969482422,220.0,225.3000030517578,125398
2017-06-21,225.0,225.0,221.0,221.89999389648438,50239
2017-06-22,224.0,232.5,221.85000610351562,230.1999969482422,410702
2017-06-23,232.0500030517578,232.0500030517578,225.0,228.4499969482422,187689
2017-06-27,229.0,232.85000610351562,219.35000610351562,223.6999969482422,176461
2017-06-28,223.0,227.0,220.60000610351562,223.1999969482422,113827
2017-06-29,225.5,239.5,224.8000030517578,231.39999389648438,514054
2017-06-30,228.5,236.4499969482422,226.4499969482422,232.35000610351562,234871
2017-07-03,232.3000030517578,243.3000030517578,228.4499969482422,236.4499969482422,332438
2017-07-04,236.60000610351562,241.0,231.1999969482422,232.4499969482422,350979
2017-07-05,233.0,236.0,230.14999389648438,234.1999969482422,113168
2017-07-06,236.0,237.6999969482422,228.5,231.5500030517578,166749
2017-07-07,232.0,234.0,227.5,229.35000610351562,141503
2017-07-10,231.0,263.79998779296875,229.39999389648438,234.9499969482422,45649
2017-07-11,235.5,239.9499969482422,231.5,232.6999969482422,475139
2017-07-12,235.39999389648438,235.9499969482422,231.0500030517578,232.1999969482422,386672
2017-07-13,232.14999389648438,249.0,232.14999389648438,236.89999389648438,533766
2017-07-14,238.10000610351562,248.0,236.35000610351562,237.5,391079
2017-07-17,239.3000030517578,243.3000030517578,234.3000030517578,235.8000030517578,208370
2017-07-18,236.3000030517578,239.60000610351562,233.0,234.4499969482422,762180
2017-07-19,236.39999389648438,246.0,235.10000610351562,239.8000030517578,418378
2017-07-20,241.25,245.1999969482422,239.0,239.60000610351562,277684
2017-07-21,239.60000610351562,243.0500030517578,235.5500030517578,239.6999969482422,139586
2017-07-24,240.0,240.64999389648438,232.0,233.0,150270
2017-07-25,233.0500030517578,234.89999389648438,228.4499969482422,231.39999389648438,199775
2017-07-26,233.5,233.5,231.0,232.89999389648438,221058
2017-07-27,232.0,249.0,232.0,233.5,775336
2017-07-28,233.5,235.3000030517578,231.0,234.75,94051
2017-07-31,237.64999389648438,237.64999389648438,230.5500030517578,231.25,100225
2017-08-01,232.8000030517578,233.85000610351562,230.0,231.5500030517578,361129
2017-08-02,231.10000610351562,232.5500030517578,225.10000610351562,226.8000030517578,115568
2017-08-03,227.0,229.3000030517578,224.0,226.0500030517578,91194
2017-08-04,224.10000610351562,229.0,221.5,223.85000610351562,76295
2017-08-07,224.10000610351562,227.4499969482422,222.10000610351562,226.39999389648438,78454
2017-08-08,228.0,230.4499969482422,224.1999969482422,224.89999389648438,362123
2017-08-09,228.0,228.0,219.0,219.89999389648438,174486
2017-08-10,221.0,221.75,211.1999969482422,215.39999389648438,134179
2017-08-11,211.0,214.0,206.0,209.39999389648438,147901
2017-08-14,208.3000030517578,217.1999969482422,208.3000030517578,215.39999389648438,81113
2017-08-16,219.0,219.5500030517578,216.0,217.6999969482422,449644
2017-08-17,222.0,222.0,208.3000030517578,210.35000610351562,477852
2017-08-18,211.9499969482422,217.3000030517578,209.0,215.6999969482422,188995
2017-08-21,218.0,222.9499969482422,215.5,220.75,189113
2017-08-22,221.0500030517578,223.8000030517578,220.0,221.1999969482422,89004
2017-08-23,223.0,225.0,222.0,224.3000030517578,70558
2017-08-24,225.9499969482422,237.0,223.60000610351562,233.25,294750
2017-08-28,232.5,247.5500030517578,232.5,245.35000610351562,872535
2017-08-29,244.9499969482422,247.0,242.10000610351562,246.10000610351562,603346
2017-08-30,257.8999938964844,262.79998779296875,249.0,259.8500061035156,2250568
2017-08-31,260.0,264.8999938964844,253.39999389648438,255.89999389648438,771866
2017-09-01,261.0,266.0,260.0,264.79998779296875,1410375
2017-09-04,264.0,268.0,253.25,255.89999389648438,402481
2017-09-05,257.0,263.0,256.20001220703125,260.45001220703125,237238
2017-09-06,259.5,263.0,255.0,261.6000061035156,179190
2017-09-07,262.0,264.8999938964844,257.25,263.95001220703125,263017
2017-09-08,257.04998779296875,278.6499938964844,257.04998779296875,275.3999938964844,835700
2017-09-11,280.8999938964844,329.8999938964844,280.1000061035156,326.1499938964844,3206037
2017-09-12,328.6000061035156,338.0,303.04998779296875,312.3999938964844,1887691
2017-09-13,311.0,316.5,297.0,298.79998779296875,895094
2017-09-14,298.0,309.8999938964844,298.0,305.5,457093
2017-09-15,305.5,346.29998779296875,304.0,323.29998779296875,2782421
2017-09-18,325.3500061035156,342.95001220703125,316.25,336.3500061035156,1569862
2017-09-19,337.29998779296875,366.70001220703125,330.20001220703125,349.45001220703125,2124522
2017-09-20,351.8999938964844,351.8999938964844,338.0,339.95001220703125,504049
2017-09-21,341.0,344.8999938964844,325.0,331.3999938964844,560235
2017-09-22,330.0,330.0,316.0,318.04998779296875,407949
2017-09-25,314.3999938964844,324.3500061035156,300.1000061035156,317.5,731418
2017-09-26,316.5,325.45001220703125,316.5,319.45001220703125,319286
2017-09-27,322.45001220703125,324.8999938964844,308.1000061035156,311.6499938964844,377936
2017-09-28,313.0,327.95001220703125,309.0,318.95001220703125,481743
2017-09-29,321.70001220703125,329.8999938964844,319.0,325.1000061035156,313208
2017-10-03,329.0,366.45001220703125,328.0,359.79998779296875,1679088
2017-10-04,358.95001220703125,369.0,349.5,356.3500061035156,1488066
2017-10-05,355.79998779296875,363.3999938964844,353.0,355.6499938964844,400178
2017-10-06,357.70001220703125,371.8999938964844,353.1000061035156,358.25,945363
2017-10-09,359.8999938964844,363.70001220703125,354.0,355.5,324054
2017-10-10,358.20001220703125,361.5,350.1000061035156,352.1000061035156,308488
2017-10-11,353.0,354.5,331.1000061035156,334.3500061035156,645834
2017-10-12,337.0,344.0,330.5,332.8500061035156,478665
2017-10-13,328.70001220703125,344.25,328.70001220703125,336.1000061035156,332581
2017-10-16,339.70001220703125,341.0,327.0,329.6000061035156,345740
2017-10-17,332.3999938964844,332.3999938964844,326.0,327.04998779296875,195106
2017-10-18,327.5,327.79998779296875,321.1499938964844,322.8500061035156,152825
2017-10-19,323.20001220703125,328.79998779296875,323.0,326.54998779296875,58501
2017-10-23,327.0,328.8999938964844,319.0,322.29998779296875,153127
2017-10-24,324.0,324.0,317.0,317.6499938964844,131505
2017-10-25,320.0,333.79998779296875,312.1000061035156,329.6499938964844,625228
2017-10-26,328.70001220703125,331.0,323.0,325.6499938964844,330238
2017-10-27,323.5,327.79998779296875,321.29998779296875,324.1000061035156,262835
2017-10-30,326.79998779296875,339.25,324.1000061035156,333.0,553060
2017-10-31,336.79998779296875,339.0,333.0,334.70001220703125,184586
2017-11-01,338.0,338.0,328.0,329.5,132965
2017-11-02,330.04998779296875,345.0,328.5,336.20001220703125,308560
2017-11-03,340.8999938964844,345.0,334.79998779296875,337.95001220703125,1241044
2017-11-06,338.8999938964844,339.6000061035156,331.25,333.79998779296875,169195
2017-11-07,336.75,344.70001220703125,331.5,339.1499938964844,442499
2017-11-08,344.0,344.6000061035156,335.0,340.5,288430
2017-11-09,339.5,352.0,337.0,343.3999938964844,729174
2017-11-10,344.0,349.0,339.0,340.5,247437
2017-11-13,342.20001220703125,344.0,327.0,328.75,228471
2017-11-14,333.0,341.0,328.1000061035156,331.70001220703125,553990
2017-11-15,334.0,334.45001220703125,314.45001220703125,321.6000061035156,291276
2017-11-16,322.1499938964844,340.0,322.1499938964844,338.70001220703125,353621
2017-11-17,342.0,346.45001220703125,336.0,339.3500061035156,261438
2017-11-20,336.79998779296875,342.0,332.0,335.1499938964844,187896
2017-11-21,337.04998779296875,337.75,332.25,334.29998779296875,159733
2017-11-22,335.0,340.0,330.3500061035156,332.70001220703125,315069
2017-11-23,335.0,341.70001220703125,331.0,336.45001220703125,252559
2017-11-24,336.0,342.3999938964844,334.75,338.8999938964844,169770
2017-11-27,339.8999938964844,370.0,335.45001220703125,360.6000061035156,1643389
2017-11-28,363.04998779296875,396.0,362.0,393.29998779296875,2331032
2017-11-29,397.0,398.6499938964844,385.5,388.04998779296875,755173
2017-11-30,387.0,409.70001220703125,372.6000061035156,396.95001220703125,1511712
2017-12-01,399.0,407.0,384.0,386.95001220703125,493673
2017-12-04,388.5,398.0,381.04998779296875,393.6000061035156,347102
2017-12-05,390.0,412.0,386.1000061035156,401.20001220703125,903790
2017-12-06,398.20001220703125,404.54998779296875,382.95001220703125,385.8500061035156,548547
2017-12-07,388.8999938964844,399.5,385.6000061035156,395.1000061035156,408261
2017-12-08,391.54998779296875,414.0,391.54998779296875,408.45001220703125,822088
2017-12-11,412.1499938964844,417.0,406.0,409.45001220703125,428870
2017-12-12,409.8999938964844,423.5,391.75,393.54998779296875,1019832
2017-12-13,396.29998779296875,398.54998779296875,378.1499938964844,382.20001220703125,476486
2017-12-14,385.3999938964844,387.0,362.1000061035156,364.6499938964844,551185
2017-12-15,368.1499938964844,384.95001220703125,365.0,368.20001220703125,702066
2017-12-18,371.0,375.45001220703125,351.0,368.3500061035156,637913
2017-12-19,371.45001220703125,371.70001220703125,358.0,359.6000061035156,520081
2017-12-20,362.6000061035156,367.5,358.0,358.95001220703125,440400
2017-12-21,360.20001220703125,364.0,354.25,356.54998779296875,297789
2017-12-22,357.0,366.0,354.1000061035156,363.79998779296875,399430
2017-12-26,365.0,366.45001220703125,358.29998779296875,360.3500061035156,249475
2017-12-27,362.70001220703125,369.6499938964844,360.5,361.8500061035156,388803
2017-12-28,365.3999938964844,366.0,360.54998779296875,362.20001220703125,169103
2017-12-29,363.95001220703125,379.5,361.5,376.54998779296875,618839
2018-01-01,378.70001220703125,381.8999938964844,372.0,374.0,245528
2018-01-02,384.79998779296875,384.79998779296875,370.0,373.6000061035156,205883
2018-01-03,376.5,379.5,373.04998779296875,377.1499938964844,156160
2018-01-04,377.20001220703125,379.79998779296875,354.5,377.1499938964844,170850
2018-01-05,378.79998779296875,385.8500061035156,376.0,378.95001220703125,192244
2018-01-08,382.0,383.8999938964844,376.75,379.75,156639
2018-01-09,379.75,379.75,373.1499938964844,374.95001220703125,103964
2018-01-10,374.95001220703125,378.29998779296875,372.0,374.6499938964844,105938
2018-01-11,375.79998779296875,380.3999938964844,370.0,372.25,232035
2018-01-12,400.04998779296875,421.0,400.04998779296875,406.45001220703125,2418444
2018-01-15,410.25,416.0,405.6499938964844,410.45001220703125,513279
2018-01-16,412.0,414.79998779296875,395.0,399.20001220703125,381947
2018-01-17,396.0,400.20001220703125,383.3999938964844,399.04998779296875,264740
2018-01-18,403.6499938964844,404.54998779296875,381.54998779296875,386.70001220703125,205873
2018-01-19,381.75,396.79998779296875,375.25,392.75,290298
2018-01-22,394.8500061035156,400.8500061035156,388.20001220703125,396.54998779296875,294973
2018-01-23,399.8999938964844,409.0,395.6499938964844,400.8500061035156,344932
2018-01-24,403.0,407.70001220703125,386.0,398.8999938964844,414518
2018-01-25,412.29998779296875,414.95001220703125,391.1000061035156,400.1000061035156,731719
2018-01-29,406.5,406.5,387.0,388.79998779296875,322837
2018-01-30,387.6499938964844,387.6499938964844,376.0,385.0,248434
2018-01-31,382.0,390.0,376.0,386.79998779296875,237408
2018-02-01,397.1499938964844,407.6000061035156,392.0,400.8999938964844,723450
2018-02-02,396.0,396.0,371.1499938964844,373.5,557686
2018-02-05,370.0,374.1499938964844,356.0,367.79998779296875,323563
2018-02-06,350.0,359.95001220703125,331.1000061035156,351.8500061035156,324819
2018-02-07,360.0,398.29998779296875,359.1000061035156,389.54998779296875,536301
2018-02-08,389.54998779296875,397.6000061035156,385.0,388.29998779296875,341450
2018-02-09,372.5,386.79998779296875,370.0,382.1000061035156,165676
2018-02-12,385.5,395.0,383.0,389.6000061035156,191872
2018-02-14,392.0,399.5,381.1499938964844,386.04998779296875,185762
2018-02-15,388.0,392.8500061035156,378.1000061035156,381.0,190672
2018-02-16,382.5,390.0,380.0,385.20001220703125,199073
2018-02-19,384.1499938964844,387.6000061035156,370.5,374.8999938964844,141545
2018-02-20,375.0,382.0,372.0,374.6000061035156,85523
2018-02-21,378.0,378.20001220703125,362.5,366.6000061035156,179849
2018-02-22,368.25,369.0,359.6000061035156,366.1499938964844,102368
2018-02-23,370.0,377.8999938964844,367.54998779296875,373.3999938964844,153150
2018-02-26,377.6499938964844,383.25,370.29998779296875,380.25,183020
2018-02-27,382.54998779296875,389.0,382.0,385.0,150537
2018-02-28,384.25,389.5,377.95001220703125,387.8999938964844,151592
2018-03-01,385.0,391.79998779296875,382.04998779296875,384.29998779296875,89744
2018-03-05,377.29998779296875,383.8999938964844,375.25,379.20001220703125,110681
2018-03-06,382.0,383.0,367.0,370.25,91121
2018-03-07,371.0,377.1000061035156,360.0,361.1000061035156,118469
2018-03-08,371.6499938964844,372.04998779296875,345.25,357.5,231555
2018-03-09,362.6499938964844,366.0,353.0,361.54998779296875,123271
2018-03-12,367.0,368.1000061035156,361.0,364.54998779296875,103458
2018-03-13,365.3500061035156,371.79998779296875,362.0,369.54998779296875,136058
2018-03-14,366.79998779296875,374.29998779296875,363.8999938964844,371.75,172916
2018-03-15,369.45001220703125,376.20001220703125,367.6000061035156,373.04998779296875,109114
2018-03-16,375.6000061035156,375.6000061035156,363.1000061035156,368.04998779296875,110409
2018-03-19,369.6499938964844,369.95001220703125,360.1000061035156,363.29998779296875,101221
2018-03-20,357.54998779296875,363.8999938964844,351.1000061035156,360.95001220703125,93191
2018-03-21,364.79998779296875,373.0,363.3500061035156,367.29998779296875,177247
2018-03-22,368.45001220703125,375.3999938964844,366.54998779296875,369.29998779296875,173798
2018-03-23,360.29998779296875,365.0,356.25,362.75,107982
2018-03-26,365.95001220703125,369.45001220703125,363.0,367.3500061035156,114618
2018-03-27,371.0,385.79998779296875,368.6499938964844,379.5,260404
2018-03-28,379.5,386.0,376.29998779296875,385.0,209986
2018-04-02,387.8500061035156,406.5,387.8500061035156,400.8999938964844,449038
2018-04-03,398.3999938964844,425.0,396.75,422.1499938964844,578812
2018-04-04,425.04998779296875,431.8999938964844,401.8999938964844,410.95001220703125,386978
2018-04-05,420.0,423.0,413.29998779296875,415.25,116449
2018-04-06,415.25,416.0,406.3500061035156,412.20001220703125,113801
2018-04-09,413.95001220703125,433.45001220703125,409.04998779296875,429.79998779296875,363775
2018-04-10,434.0,439.0,426.3999938964844,435.5,304604
2018-04-11,437.6000061035156,457.8999938964844,431.0,453.8999938964844,750678
2018-04-12,453.8999938964844,453.8999938964844,435.29998779296875,440.54998779296875,271152
2018-04-13,443.0,460.0,438.25,456.70001220703125,332978
2018-04-16,451.0,471.8999938964844,449.29998779296875,456.70001220703125,489923
2018-04-17,456.29998779296875,456.29998779296875,432.0,433.95001220703125,360879
2018-04-18,436.0,443.79998779296875,434.0,441.75,328384
2018-04-19,441.04998779296875,443.20001220703125,426.1000061035156,434.45001220703125,295943
2018-04-20,434.5,438.25,426.0,432.8999938964844,177536
2018-04-23,436.5,445.3999938964844,428.0,442.6499938964844,220950
2018-04-24,440.0,446.0,435.6000061035156,439.45001220703125,101319
2018-04-25,435.5,441.0,425.0,428.45001220703125,156219
2018-04-26,432.1000061035156,432.1000061035156,420.6000061035156,425.95001220703125,103537
2018-04-27,428.3999938964844,431.79998779296875,421.0,429.25,102177
2018-04-30,432.75,442.0,423.25,436.54998779296875,141562
2018-05-02,440.0,446.3999938964844,432.8999938964844,437.1499938964844,180470
2018-05-03,437.1499938964844,437.95001220703125,426.1499938964844,427.8999938964844,90528
2018-05-04,425.25,433.0,424.3500061035156,425.6499938964844,73040
2018-05-07,425.6499938964844,431.20001220703125,422.0,427.6000061035156,103015
2018-05-08,428.0,449.0,425.0,445.3999938964844,209965
2018-05-09,448.5,452.5,435.54998779296875,439.95001220703125,179723
2018-05-10,443.3999938964844,443.3999938964844,430.0,437.70001220703125,96126
2018-05-11,441.0,444.0,429.1499938964844,438.8500061035156,102335
2018-05-14,441.95001220703125,443.5,415.5,422.25,188239
2018-05-15,422.25,441.70001220703125,421.6000061035156,434.3500061035156,321476
2018-05-16,434.54998779296875,443.45001220703125,431.1000061035156,441.1000061035156,156042
2018-05-17,443.45001220703125,445.5,435.0,438.6000061035156,105912
2018-05-18,443.79998779296875,444.8999938964844,426.1499938964844,435.0,560293
2018-05-21,436.0,451.8999938964844,435.8500061035156,450.3999938964844,345461
2018-05-22,451.25,460.0,439.3999938964844,457.79998779296875,368859
2018-05-23,459.75,490.0,455.6499938964844,482.1499938964844,794255
2018-05-24,480.3999938964844,484.5,468.0,479.3500061035156,254994
2018-05-25,477.75,493.6499938964844,470.1000061035156,474.79998779296875,276798
2018-05-28,478.75,484.95001220703125,474.0,479.95001220703125,133069
2018-05-29,480.0,480.0,472.6499938964844,477.6499938964844,96720
2018-05-30,477.0,496.0,473.54998779296875,478.3999938964844,301126
2018-05-31,481.70001220703125,488.79998779296875,473.3500061035156,482.25,487429
2018-06-01,484.95001220703125,489.29998779296875,478.29998779296875,481.70001220703125,264902
2018-06-04,486.8999938964844,486.8999938964844,451.04998779296875,454.45001220703125,216702
2018-06-05,445.45001220703125,451.8999938964844,371.1499938964844,387.95001220703125,2241228
2018-06-06,389.8999938964844,418.0,378.04998779296875,412.79998779296875,968967
2018-06-07,420.0,434.0,416.0,430.3999938964844,377149
2018-06-08,425.0,443.8500061035156,421.0,430.25,243426
2018-06-11,433.1000061035156,441.8999938964844,432.0,436.6499938964844,184380
2018-06-12,436.0,437.8999938964844,427.0,431.04998779296875,132620
2018-06-13,428.25,433.75,426.1499938964844,428.1000061035156,95064
2018-06-14,426.0,433.8500061035156,422.25,429.5,103113
2018-06-15,427.54998779296875,442.79998779296875,427.29998779296875,437.79998779296875,236864
2018-06-18,437.0,445.70001220703125,435.04998779296875,438.0,182474
2018-06-19,438.0,439.0,410.3999938964844,413.5,246021
2018-06-20,415.0,432.0,415.0,430.1000061035156,200580
2018-06-21,431.8999938964844,434.3999938964844,424.70001220703125,432.6499938964844,142285
2018-06-22,428.29998779296875,432.54998779296875,423.0,430.6000061035156,76263
2018-06-25,435.0,435.0,425.20001220703125,430.45001220703125,104790
2018-06-26,424.0,428.0,417.54998779296875,421.8500061035156,147250
2018-06-27,418.20001220703125,420.95001220703125,410.6499938964844,417.79998779296875,156985
2018-06-28,417.1499938964844,417.70001220703125,402.6000061035156,405.29998779296875,240663
2018-06-29,401.6499938964844,419.8999938964844,401.0,408.6000061035156,189891
2018-07-02,405.5,409.1000061035156,398.29998779296875,405.45001220703125,102680
2018-07-03,403.29998779296875,412.20001220703125,400.0,409.8999938964844,52717
2018-07-04,411.0,414.79998779296875,408.0,412.6000061035156,71861
2018-07-05,412.6000061035156,415.6000061035156,401.04998779296875,407.1499938964844,110394
2018-07-06,408.8999938964844,413.0,402.04998779296875,411.8999938964844,81658
2018-07-09,412.3999938964844,416.79998779296875,411.54998779296875,412.8500061035156,53336
2018-07-10,412.8500061035156,419.8999938964844,409.8500061035156,414.6499938964844,85406
2018-07-11,416.0,419.0,405.0,411.54998779296875,109035
2018-07-12,411.54998779296875,417.3999938964844,408.0,415.75,123378
2018-07-13,419.0,419.0,387.20001220703125,397.79998779296875,149091
2018-07-16,400.0,405.0,390.0,393.20001220703125,78472
2018-07-17,396.0,409.6499938964844,390.8999938964844,405.1499938964844,210844
2018-07-18,409.70001220703125,418.0,398.3500061035156,414.29998779296875,213363
2018-07-19,416.8500061035156,421.8999938964844,403.0,419.29998779296875,321353
2018-07-20,421.79998779296875,424.6000061035156,414.0,421.95001220703125,93687
2018-07-23,421.95001220703125,425.8999938964844,416.25,423.1000061035156,57963
2018-07-24,425.0,439.5,421.0,436.8500061035156,176748
2018-07-25,439.95001220703125,440.79998779296875,432.0,435.3999938964844,128822
2018-07-26,443.45001220703125,456.45001220703125,436.3999938964844,452.5,273986
2018-07-27,455.0,455.8999938964844,448.45001220703125,450.45001220703125,116721
2018-07-30,450.0,452.0,445.75,449.54998779296875,72513
2018-07-31,450.20001220703125,451.5,444.6000061035156,447.5,81033
2018-08-01,452.79998779296875,454.0,431.3999938964844,436.1000061035156,194458
2018-08-02,437.5,439.0,424.25,437.1000061035156,110154
2018-08-03,442.0,442.0,429.5,434.25,102017
2018-08-06,431.3500061035156,452.0,431.3500061035156,448.70001220703125,171462
2018-08-07,452.29998779296875,452.29998779296875,440.1000061035156,441.1000061035156,661567
2018-08-08,444.0,445.0,438.0,442.8500061035156,57870
2018-08-09,442.0,442.0,425.1000061035156,427.1499938964844,244116
2018-08-10,409.0,424.0,401.1000061035156,403.04998779296875,466811
2018-08-13,402.0,402.0,376.1000061035156,382.75,249194
2018-08-14,385.0,395.3500061035156,385.0,393.0,253590
2018-08-16,395.0,415.95001220703125,395.0,407.8999938964844,490363
2018-08-17,412.0,413.6000061035156,405.29998779296875,407.8999938964844,101563
2018-08-20,407.8999938964844,414.8999938964844,407.0,410.1499938964844,113824
2018-08-21,411.0,412.04998779296875,400.0,402.04998779296875,131039
2018-08-23,405.29998779296875,408.6000061035156,400.0,407.04998779296875,95749
2018-08-24,410.0,410.75,403.75,408.5,74790
2018-08-27,411.0,412.5,405.20001220703125,407.8500061035156,55892
2018-08-28,411.75,422.04998779296875,407.0,417.75,216206
2018-08-29,420.75,420.75,414.75,417.8999938964844,104400
2018-08-30,419.6499938964844,419.6499938964844,409.54998779296875,413.8500061035156,57222
2018-08-31,418.95001220703125,421.0,414.0,418.6000061035156,160286
2018-09-03,428.0,428.0,418.0,424.79998779296875,93645
2018-09-04,426.0,426.0,411.04998779296875,419.3500061035156,135806
2018-09-05,420.0,422.0,407.1000061035156,419.8500061035156,132194
2018-09-06,420.0,423.45001220703125,417.0,421.3500061035156,44964
2018-09-07,425.79998779296875,425.79998779296875,408.29998779296875,410.1000061035156,169692
2018-09-10,410.0,416.6499938964844,407.5,410.1499938964844,56491
2018-09-11,411.1499938964844,413.04998779296875,405.04998779296875,410.1499938964844,96380
2018-09-12,407.25,409.95001220703125,395.0,399.70001220703125,217563
2018-09-14,408.79998779296875,409.8500061035156,396.0,404.8999938964844,148267
2018-09-17,404.79998779296875,404.79998779296875,386.1499938964844,390.54998779296875,192081
2018-09-18,392.95001220703125,393.04998779296875,376.0,377.79998779296875,180830
2018-09-19,379.45001220703125,385.0,351.8500061035156,364.79998779296875,554952
2018-09-21,368.04998779296875,373.45001220703125,292.0,360.79998779296875,476500
2018-09-24,354.6499938964844,360.3999938964844,328.3999938964844,333.70001220703125,203165
2018-09-25,338.0,342.5,330.0,335.75,178462
2018-09-26,339.6000061035156,342.0,330.0,333.6000061035156,92452
2018-09-27,334.0,345.5,334.0,342.8999938964844,151053
2018-09-28,347.8500061035156,363.3999938964844,337.3500061035156,359.0,402612
2018-10-01,358.0,376.8999938964844,328.45001220703125,374.20001220703125,180873
2018-10-03,370.0,373.8500061035156,359.0,368.6000061035156,95729
2018-10-04,360.0,362.3500061035156,333.0,336.29998779296875,399595
2018-10-05,336.79998779296875,339.0,300.0,304.3500061035156,396378
2018-10-08,304.3500061035156,304.3500061035156,271.1499938964844,273.75,506861
2018-10-09,273.0,291.6000061035156,253.5,282.54998779296875,1085458
2018-10-10,283.0,311.0,282.0,298.79998779296875,618948
2018-10-11,285.0,299.5,271.0,294.25,295580
2018-10-12,300.0,304.1000061035156,285.0,289.1499938964844,281745
2018-10-15,291.5,291.5,280.0,281.79998779296875,119598
2018-10-16,284.1000061035156,292.0,282.1499938964844,288.3500061035156,177630
2018-10-17,296.70001220703125,296.70001220703125,275.75,277.70001220703125,155213
2018-10-19,279.0,279.3500061035156,263.25,266.6499938964844,243464
2018-10-22,266.29998779296875,270.1000061035156,251.85000610351562,255.0500030517578,109246
2018-10-23,259.70001220703125,259.70001220703125,248.0,251.5,144269
2018-10-24,252.0,261.1499938964844,252.0,257.45001220703125,90937
2018-10-25,255.0,262.0,253.0500030517578,260.6499938964844,87482
2018-10-26,258.0,278.95001220703125,255.85000610351562,277.20001220703125,111979
2018-10-29,276.95001220703125,292.0,271.1000061035156,290.45001220703125,119095
2018-10-30,289.8999938964844,299.5,284.0,297.3999938964844,110059
2018-10-31,297.0,311.79998779296875,295.25,308.25,177636
2018-11-01,322.5,363.8999938964844,322.5,349.70001220703125,1191289
2018-11-02,349.70001220703125,372.0,348.8500061035156,363.8500061035156,411073
2018-11-05,361.5,384.3999938964844,350.25,378.1000061035156,382435
2018-11-06,375.20001220703125,384.0,367.25,371.8500061035156,136793
2018-11-07,374.79998779296875,393.8500061035156,373.5,376.70001220703125,79800
2018-11-09,376.70001220703125,376.70001220703125,362.0,363.29998779296875,112765
2018-11-12,367.75,374.79998779296875,363.54998779296875,369.3999938964844,85597
2018-11-13,368.8999938964844,397.29998779296875,364.75,386.45001220703125,574409
2018-11-14,386.45001220703125,388.1000061035156,371.3500061035156,378.95001220703125,187896
2018-11-15,375.0,375.95001220703125,368.1000061035156,370.6499938964844,71930
2018-11-16,369.0,369.0,358.0,360.5,118351
2018-11-19,355.0,360.0,350.0,352.04998779296875,107612
2018-11-20,351.1000061035156,359.95001220703125,346.0,350.0,93939
2018-11-21,348.1000061035156,353.45001220703125,341.3999938964844,345.25,75404
2018-11-22,341.6000061035156,346.8999938964844,336.1000061035156,340.0,103870
2018-11-26,347.8999938964844,356.20001220703125,342.29998779296875,348.6499938964844,81698
2018-11-27,349.6000061035156,356.8500061035156,343.0,354.04998779296875,57949
2018-11-28,356.5,362.3500061035156,350.0,357.8500061035156,70424
2018-11-29,360.0,367.79998779296875,357.3999938964844,360.6000061035156,79365
2018-11-30,363.3999938964844,366.95001220703125,354.0,358.79998779296875,107690
2018-12-03,355.54998779296875,363.0,355.29998779296875,360.1499938964844,49781
2018-12-04,357.1000061035156,378.0,357.1000061035156,374.6499938964844,147461
2018-12-05,376.95001220703125,387.54998779296875,371.6000061035156,379.79998779296875,578280
2018-12-06,378.0,378.95001220703125,355.0,358.45001220703125,122345
2018-12-07,360.0,379.0,359.3999938964844,373.0,193945
2018-12-10,360.0,371.8999938964844,355.0,367.04998779296875,107529
2018-12-11,356.0,369.0,356.0,359.5,154393
2018-12-12,359.1000061035156,369.0,358.95001220703125,364.79998779296875,133487
2018-12-13,363.20001220703125,384.0,363.20001220703125,380.25,317930
2018-12-14,376.54998779296875,385.0,376.54998779296875,379.8999938964844,84159
2018-12-17,382.8999938964844,386.8500061035156,378.0,380.3500061035156,84793
2018-12-18,382.75,389.0,379.0,384.75,158284
2018-12-19,384.79998779296875,393.0,377.8500061035156,385.54998779296875,175402
2018-12-20,386.79998779296875,388.8999938964844,371.79998779296875,377.20001220703125,242486
2018-12-21,377.0,378.54998779296875,374.04998779296875,376.1000061035156,107659
2018-12-24,376.1000061035156,377.6000061035156,362.29998779296875,364.75,91349
2018-12-26,363.95001220703125,363.95001220703125,351.0,357.6000061035156,91816
2018-12-27,359.0,363.8999938964844,354.6499938964844,355.6000061035156,112097
2018-12-28,355.04998779296875,362.20001220703125,345.3500061035156,350.1499938964844,504386
2018-12-31,350.0,362.0,350.0,359.20001220703125,146457
2019-01-01,359.20001220703125,363.79998779296875,351.20001220703125,361.1499938964844,65383
2019-01-02,360.0,363.8999938964844,355.29998779296875,358.45001220703125,78989
2019-01-03,358.0,362.8500061035156,352.29998779296875,356.95001220703125,316985
2019-01-04,355.1000061035156,359.3500061035156,352.04998779296875,356.3500061035156,59346
2019-01-07,358.8500061035156,362.79998779296875,354.95001220703125,356.6000061035156,110900
2019-01-08,352.54998779296875,358.6000061035156,352.20001220703125,355.6499938964844,111738
2019-01-09,355.04998779296875,362.3500061035156,355.04998779296875,360.6499938964844,104889
2019-01-10,360.0,362.5,355.20001220703125,359.6000061035156,191290
2019-01-11,357.1000061035156,362.0,355.0,356.0,119697
2019-01-14,356.0,358.95001220703125,350.25,352.6499938964844,194250
2019-01-15,356.25,361.1000061035156,354.25,359.3999938964844,62085
2019-01-16,356.6000061035156,359.95001220703125,355.54998779296875,357.79998779296875,452361
2019-01-17,358.0,359.8999938964844,354.5,355.1000061035156,73518
2019-01-18,355.54998779296875,358.5,354.3999938964844,355.8500061035156,16483
2019-01-21,355.0,357.5,352.5,354.54998779296875,26474
2019-01-22,354.54998779296875,367.79998779296875,352.54998779296875,361.54998779296875,89044
2019-01-23,366.5,373.0,360.25,361.8500061035156,151991
2019-01-24,362.8500061035156,365.70001220703125,352.04998779296875,353.79998779296875,131512
2019-01-25,355.20001220703125,362.3500061035156,345.3500061035156,347.95001220703125,501145
2019-01-28,350.0,350.0,333.6000061035156,348.20001220703125,111012
2019-01-29,348.1499938964844,357.79998779296875,345.0,347.75,63011
2019-01-30,351.5,365.0,345.1499938964844,361.29998779296875,165427
2019-01-31,361.29998779296875,366.54998779296875,358.25,360.6000061035156,69728
2019-02-01,360.0,369.8999938964844,360.0,366.5,118137
2019-02-04,366.5,379.95001220703125,358.25,371.8999938964844,128413
2019-02-05,375.0,375.0,362.1000061035156,369.8500061035156,284662
2019-02-06,370.0,371.1499938964844,364.8999938964844,366.6000061035156,87200
2019-02-07,363.8999938964844,371.5,361.1000061035156,365.95001220703125,88797
2019-02-08,359.20001220703125,366.45001220703125,356.3999938964844,359.8500061035156,112871
2019-02-11,364.0,364.0,345.0,348.8500061035156,62069
2019-02-12,349.79998779296875,352.0,344.6000061035156,346.3999938964844,158902
2019-02-14,340.1499938964844,346.45001220703125,338.25,340.95001220703125,33336
2019-02-15,340.0,344.6000061035156,323.29998779296875,327.75,73994
2019-02-18,327.0,331.95001220703125,311.0,312.5,92819
2019-02-19,305.1000061035156,315.0,305.1000061035156,310.0,59808
2019-02-20,311.54998779296875,328.0,311.54998779296875,322.0,330352
2019-02-21,324.6499938964844,326.75,318.3999938964844,323.6499938964844,129594
2019-02-22,326.45001220703125,326.45001220703125,318.0,319.5,149217
2019-02-25,322.0,332.0,322.0,328.54998779296875,145029
2019-02-26,328.0,330.75,323.04998779296875,326.54998779296875,68534
2019-02-27,325.3500061035156,334.54998779296875,321.0,322.29998779296875,92775
2019-02-28,326.0,351.0,323.0,342.1000061035156,663305
2019-03-01,347.1000061035156,354.6000061035156,347.1000061035156,352.25,565107
2019-03-05,353.45001220703125,378.0,353.0,376.04998779296875,250144
2019-03-06,379.79998779296875,399.0,376.5,391.04998779296875,421356
2019-03-07,392.0,395.0,382.1000061035156,391.0,148011
2019-03-08,389.8999938964844,390.8999938964844,382.3999938964844,389.04998779296875,54843
2019-03-11,392.0,399.5,389.1000061035156,397.3999938964844,207003
2019-03-12,399.8999938964844,444.0,399.0,433.29998779296875,769989
2019-03-13,433.20001220703125,435.0,416.5,418.8999938964844,200099
2019-03-14,418.8999938964844,432.20001220703125,418.8999938964844,427.5,375463
2019-03-15,430.0,436.0,395.20001220703125,405.29998779296875,244986
2019-03-18,406.6000061035156,409.8500061035156,395.3500061035156,398.3500061035156,128515
2019-03-19,400.0,400.25,393.0,398.8500061035156,99336
2019-03-20,398.8500061035156,400.3999938964844,390.0,392.70001220703125,70210
2019-03-22,392.70001220703125,408.0,391.20001220703125,404.20001220703125,178961
2019-03-25,401.79998779296875,419.0,398.04998779296875,406.75,237925
2019-03-26,405.5,411.8999938964844,403.0,409.6499938964844,99012
2019-03-27,405.0,429.0,405.0,426.25,431075
2019-03-28,423.45001220703125,428.3500061035156,412.5,422.0,165467
2019-04-01,428.3999938964844,434.70001220703125,418.04998779296875,421.1000061035156,66966
2019-04-02,422.0,429.5,415.0,421.3500061035156,70627
2019-04-03,423.0,425.8999938964844,401.20001220703125,418.1499938964844,178872
2019-04-04,418.0,418.3999938964844,410.0,412.1000061035156,68026
2019-04-05,413.75,418.0,408.0,409.6499938964844,54316
2019-04-08,410.75,419.0,409.0,410.54998779296875,55365
2019-04-09,412.0,415.1499938964844,401.0,404.8500061035156,64605
2019-04-10,405.0,408.95001220703125,396.3999938964844,398.8999938964844,69583
2019-04-11,400.8999938964844,403.54998779296875,386.54998779296875,398.0,110459
2019-04-12,398.0,409.0,398.0,406.6000061035156,63585
2019-04-15,410.0,423.29998779296875,406.8500061035156,415.6000061035156,180890
2019-04-16,421.70001220703125,431.0,419.6499938964844,420.8500061035156,285850
2019-04-18,415.25,434.79998779296875,415.25,422.5,123954
2019-04-22,420.5,424.95001220703125,407.79998779296875,409.95001220703125,92385
2019-04-23,411.0,415.79998779296875,411.0,413.6000061035156,31123
2019-04-24,418.79998779296875,424.0,411.79998779296875,420.79998779296875,106227
2019-04-25,424.95001220703125,425.6000061035156,418.0,420.8999938964844,76946
2019-04-26,420.8999938964844,424.5,410.0,414.54998779296875,54462
2019-04-30,413.0,415.0,400.25,407.95001220703125,57108
2019-05-02,403.5,415.95001220703125,403.0,411.8999938964844,61932
2019-05-03,406.5,416.54998779296875,403.0,404.20001220703125,40303
2019-05-06,400.0,400.6499938964844,392.1000061035156,393.8999938964844,76023
2019-05-07,399.0,400.45001220703125,392.1000061035156,394.04998779296875,79594
2019-05-08,392.0,392.45001220703125,358.8999938964844,372.6000061035156,66962
2019-05-09,365.0,372.04998779296875,360.8500061035156,366.95001220703125,105898
2019-05-10,368.8999938964844,377.0,363.3500061035156,376.8999938964844,58863
2019-05-13,376.79998779296875,392.0,356.6499938964844,368.3999938964844,166250
2019-05-14,369.8999938964844,378.3500061035156,365.70001220703125,374.8999938964844,42631
2019-05-15,375.95001220703125,388.1499938964844,375.95001220703125,385.70001220703125,60208
2019-05-16,387.45001220703125,390.0,384.6000061035156,388.95001220703125,67872
2019-05-17,388.95001220703125,394.75,381.54998779296875,388.0,113107
2019-05-20,398.0,414.45001220703125,397.54998779296875,409.45001220703125,114763
2019-05-21,414.70001220703125,423.0,412.20001220703125,416.6499938964844,120355
2019-05-22,423.0,452.95001220703125,423.0,445.75,810846
2019-05-23,446.5,478.29998779296875,446.5,468.3999938964844,851383
2019-05-24,472.0,513.7999877929688,468.0,492.29998779296875,1401761
2019-05-27,496.79998779296875,496.79998779296875,484.45001220703125,488.8500061035156,260321
2019-05-28,492.95001220703125,507.70001220703125,486.8500061035156,504.5,487989
2019-05-29,509.29998779296875,532.5,504.54998779296875,528.5,875418
2019-05-30,521.4000244140625,525.2000122070312,515.0,517.1500244140625,317247
2019-05-31,519.2999877929688,528.0,512.0,525.7000122070312,462206
2019-06-03,518.7000122070312,523.5999755859375,508.6499938964844,510.45001220703125,200074
2019-06-04,510.04998779296875,517.9000244140625,498.3999938964844,500.0,104687
2019-06-06,501.0,501.04998779296875,480.0,483.29998779296875,121744
2019-06-07,485.45001220703125,494.70001220703125,466.75,485.8999938964844,86845
2019-06-10,487.0,492.79998779296875,476.04998779296875,480.20001220703125,69734
2019-06-11,480.04998779296875,484.04998779296875,466.6000061035156,474.29998779296875,96372
2019-06-12,481.0,483.3999938964844,465.0,468.5,282467
2019-06-13,465.0,466.1000061035156,447.0,455.20001220703125,176976
2019-06-14,459.79998779296875,472.45001220703125,454.54998779296875,465.79998779296875,185140
2019-06-17,465.79998779296875,467.8500061035156,439.8999938964844,444.5,86717
2019-06-18,446.6499938964844,448.79998779296875,436.04998779296875,446.75,225336
2019-06-19,445.04998779296875,455.0,439.8500061035156,440.3999938964844,126706
2019-06-20,440.04998779296875,452.0,432.20001220703125,445.8999938964844,98854
2019-06-21,444.0,471.0,444.0,469.3999938964844,308064
2019-06-24,470.04998779296875,476.45001220703125,458.5,470.29998779296875,97316
2019-06-25,465.20001220703125,475.0,461.79998779296875,472.04998779296875,72595
2019-06-26,474.0,478.29998779296875,472.0,476.1000061035156,100263
2019-06-27,476.3999938964844,488.29998779296875,476.0,479.79998779296875,69204
2019-06-28,481.8999938964844,481.8999938964844,475.8500061035156,480.1000061035156,67525
2019-07-01,482.95001220703125,492.5,480.3999938964844,482.6499938964844,113450
2019-07-02,483.0,486.5,475.04998779296875,476.54998779296875,59659
2019-07-03,475.04998779296875,479.95001220703125,473.0,478.0,57124
2019-07-04,478.0,481.0,474.25,475.75,43437
2019-07-05,475.0,478.8999938964844,468.1000061035156,472.54998779296875,70775
2019-07-08,470.0,472.45001220703125,450.75,453.8999938964844,104650
2019-07-09,448.0,469.8999938964844,441.54998779296875,466.20001220703125,95674
2019-07-10,470.0,475.45001220703125,456.1000061035156,459.70001220703125,65934
2019-07-11,460.6000061035156,467.70001220703125,456.95001220703125,466.1499938964844,59632
2019-07-12,464.0,472.79998779296875,459.25,469.79998779296875,52629
2019-07-15,471.0,477.3500061035156,468.0,473.1499938964844,46236
2019-07-16,478.95001220703125,478.95001220703125,463.29998779296875,465.29998779296875,38660
2019-07-17,469.04998779296875,470.0,462.8999938964844,466.1000061035156,73624
2019-07-18,466.3999938964844,473.0,456.0,458.20001220703125,53504
2019-07-19,460.0,474.95001220703125,450.0,471.29998779296875,87354
2019-07-22,470.0,472.8999938964844,453.54998779296875,465.8500061035156,52322
2019-07-23,475.0,475.0,458.20001220703125,462.6000061035156,33461
2019-07-24,468.6000061035156,468.6000061035156,455.0,459.8500061035156,40765
2019-07-25,463.70001220703125,463.95001220703125,450.3500061035156,451.45001220703125,28789
2019-07-26,451.1499938964844,464.0,449.04998779296875,460.8500061035156,40861
2019-07-29,464.0,472.0,452.0,467.6499938964844,62172
2019-07-30,471.95001220703125,473.6499938964844,450.20001220703125,454.75,40897
2019-07-31,451.0,462.0,434.0,438.54998779296875,133258
2019-08-01,435.0,442.0,429.25,439.8500061035156,94463
2019-08-02,436.04998779296875,438.70001220703125,415.29998779296875,420.1000061035156,106791
2019-08-05,405.54998779296875,419.0,401.0,411.0,121885
2019-08-06,420.0,449.5,412.29998779296875,440.3999938964844,412677
2019-08-07,446.1499938964844,469.0,446.1499938964844,465.20001220703125,219194
2019-08-08,469.8999938964844,474.20001220703125,460.75,470.79998779296875,88018
2019-08-09,474.0,491.6499938964844,471.04998779296875,488.8500061035156,165591
2019-08-13,490.0,492.0,472.54998779296875,481.04998779296875,74195
2019-08-14,481.04998779296875,481.3999938964844,467.1000061035156,468.54998779296875,57255
2019-08-16,463.1000061035156,474.0,450.1000061035156,468.20001220703125,86109
2019-08-19,470.0,482.0,463.1000061035156,464.79998779296875,36257
2019-08-20,468.54998779296875,475.6000061035156,451.95001220703125,454.3500061035156,82275
2019-08-21,454.0,471.0,451.20001220703125,460.1000061035156,76082
2019-08-22,462.79998779296875,462.79998779296875,390.29998779296875,415.95001220703125,154792
2019-08-23,413.1499938964844,459.20001220703125,413.1499938964844,450.95001220703125,204604
2019-08-26,458.8500061035156,475.0,457.20001220703125,472.3999938964844,184191
2019-08-27,475.0,485.0,472.5,477.70001220703125,115438
2019-08-28,479.8999938964844,480.0,467.95001220703125,472.04998779296875,74936
2019-08-29,469.0,474.6000061035156,464.0,466.54998779296875,30239
2019-08-30,467.70001220703125,473.3999938964844,467.70001220703125,470.5,42005
2019-09-03,475.0,488.5,470.8500061035156,474.1499938964844,133950
2019-09-04,474.1499938964844,480.0,470.04998779296875,472.3500061035156,31451
2019-09-05,477.54998779296875,479.8500061035156,471.29998779296875,473.45001220703125,35728
2019-09-06,473.0,475.70001220703125,463.20001220703125,470.75,264207
2019-09-09,466.45001220703125,474.29998779296875,456.5,460.1499938964844,105400
2019-09-11,467.0,477.0,461.0,474.0,94912
2019-09-12,475.0,484.0,464.0,468.0,82348
2019-09-13,473.95001220703125,476.25,467.04998779296875,471.8500061035156,26780
2019-09-16,472.3500061035156,474.8999938964844,464.20001220703125,469.3999938964844,47183
2019-09-17,472.8999938964844,472.8999938964844,462.25,467.70001220703125,56678
2019-09-18,468.79998779296875,472.8999938964844,460.29998779296875,465.1499938964844,35604
2019-09-19,465.1499938964844,470.0,451.0,455.3999938964844,45364
2019-09-20,463.0,505.0,455.0,503.3500061035156,244133
2019-09-23,510.0,544.7000122070312,509.8999938964844,527.9500122070312,690467
2019-09-24,522.0,544.9000244140625,520.0,531.4500122070312,327224
2019-09-25,534.0,541.9500122070312,514.0,519.75,140163
2019-09-26,518.0,527.9500122070312,515.0499877929688,525.9000244140625,115174
2019-09-27,525.9000244140625,550.0,525.9000244140625,545.4500122070312,265736
2019-09-30,551.9000244140625,562.0,536.0,543.4000244140625,213877
2019-10-01,544.9000244140625,544.9000244140625,505.1000061035156,513.7000122070312,179960
2019-10-03,512.0,530.9500122070312,497.3500061035156,526.4500122070312,130170
2019-10-04,529.0,536.7000122070312,526.5,532.2000122070312,88734
2019-10-07,525.0,545.0,525.0,529.3499755859375,100266
2019-10-09,534.5,535.9500122070312,526.5,529.0999755859375,85380
2019-10-10,534.0,538.9000244140625,525.0,533.4500122070312,64818
2019-10-11,535.0,537.5,531.3499755859375,534.9500122070312,45600
2019-10-14,537.4500122070312,545.0,528.0,534.7000122070312,122923
2019-10-15,539.9000244140625,545.0,533.0,543.0499877929688,135188
2019-10-16,553.0,554.0,540.0,546.5999755859375,80312
2019-10-17,545.0,549.7999877929688,541.5,543.1500244140625,64086
2019-10-18,542.0,549.7999877929688,536.1500244140625,544.8499755859375,115907
2019-10-22,552.4000244140625,552.4000244140625,530.0999755859375,532.3499755859375,117623
2019-10-23,539.9000244140625,544.7999877929688,533.0,539.5999755859375,107561
2019-10-24,544.4500122070312,544.4500122070312,535.0,539.25,99960
2019-10-25,542.0,544.7999877929688,536.0,541.5499877929688,115557
2019-10-27,544.0,550.0,542.0,546.8499755859375,26622
2019-10-29,548.0,577.7000122070312,544.0499877929688,575.25,361117
2019-10-30,579.8499755859375,614.6500244140625,577.3499755859375,593.9500122070312,660436
2019-10-31,599.9000244140625,600.0999755859375,583.7999877929688,590.4500122070312,117143
2019-11-01,595.7999877929688,595.7999877929688,580.2000122070312,582.9500122070312,125324
2019-11-04,586.0,586.0,565.0499877929688,568.0499877929688,85198
2019-11-05,568.0499877929688,572.9000244140625,543.0999755859375,546.1500244140625,213890
2019-11-06,546.0,546.0,522.0999755859375,525.5,180141
2019-11-07,528.1500244140625,546.7000122070312,526.0999755859375,540.7999877929688,190836
2019-11-08,540.9000244140625,575.0,536.0999755859375,570.75,289328
2019-11-11,573.8499755859375,580.0,546.5,551.3499755859375,312746
2019-11-13,550.0,551.3499755859375,535.2999877929688,540.6500244140625,297200
2019-11-14,545.7999877929688,545.7999877929688,534.0,536.2000122070312,101644
2019-11-15,537.9000244140625,543.5,528.6500244140625,531.0999755859375,82328
2019-11-18,534.0,536.5,523.7999877929688,525.9500122070312,97843
2019-11-19,533.2999877929688,533.2999877929688,526.0,530.7999877929688,129187
2019-11-20,536.0,537.4500122070312,530.0,532.8499755859375,105930
2019-11-21,535.0,535.0,515.0,520.0999755859375,105742
2019-11-22,524.5999755859375,524.5999755859375,507.0,510.95001220703125,111237
2019-11-25,511.0,535.0,510.45001220703125,531.4500122070312,154897
2019-11-26,534.9000244140625,546.6500244140625,533.0,542.5499877929688,174376
2019-11-27,543.0499877929688,546.5499877929688,532.0,537.1500244140625,75212
2019-11-28,535.1500244140625,538.1500244140625,514.0,524.9500122070312,66197
2019-11-29,524.9500122070312,530.9500122070312,515.4000244140625,519.0499877929688,78559
2019-12-02,522.5,528.0,512.5,515.0499877929688,75189
2019-12-03,515.9500122070312,522.0,511.1499938964844,514.75,90680
2019-12-04,515.0,515.4000244140625,509.0,511.75,70794
2019-12-05,512.0,515.9000244140625,501.0,503.20001220703125,131824
2019-12-06,498.0,506.5,490.29998779296875,495.45001220703125,123135
2019-12-09,490.5,495.0,470.20001220703125,475.1000061035156,152276
2019-12-10,471.5,484.75,462.45001220703125,471.95001220703125,224248
2019-12-11,477.20001220703125,480.6000061035156,467.04998779296875,476.04998779296875,160804
2019-12-12,482.8999938964844,483.5,455.5,458.75,156031
2019-12-13,460.8999938964844,466.75,443.0,445.25,260575
2019-12-16,448.70001220703125,448.79998779296875,434.1000061035156,437.1499938964844,174160
2019-12-17,444.45001220703125,452.6000061035156,438.45001220703125,443.3999938964844,414782
2019-12-18,445.0,448.20001220703125,440.0,443.25,254560
2019-12-19,442.20001220703125,442.79998779296875,430.29998779296875,433.5,149850
2019-12-20,436.79998779296875,440.0,431.0,437.04998779296875,561948
2019-12-23,439.25,449.45001220703125,438.04998779296875,447.95001220703125,224328
2019-12-24,451.0,453.6000061035156,443.5,449.70001220703125,169364
2019-12-26,451.79998779296875,468.70001220703125,448.1499938964844,465.3500061035156,461882
2019-12-27,474.0,484.8999938964844,470.1000061035156,477.8999938964844,307785
2019-12-30,479.8999938964844,485.0,463.3500061035156,468.45001220703125,154564
2019-12-31,470.8500061035156,470.8500061035156,452.6499938964844,458.25,309565
2020-01-01,464.0,484.3500061035156,458.25,474.95001220703125,201518
2020-01-02,470.0,477.95001220703125,469.8999938964844,473.25,97618
2020-01-03,474.3999938964844,474.95001220703125,465.0,467.3999938964844,74621
2020-01-06,458.20001220703125,463.95001220703125,451.20001220703125,460.04998779296875,157459
2020-01-07,466.0,477.04998779296875,460.8999938964844,471.0,155540
2020-01-08,461.0,496.5,460.0,489.6000061035156,523550
2020-01-09,498.0,509.70001220703125,491.0,506.3999938964844,278362
2020-01-10,507.8999938964844,508.8999938964844,488.04998779296875,496.8999938964844,214726
2020-01-13,499.70001220703125,505.0,491.04998779296875,499.8999938964844,119999
2020-01-14,496.0,515.7999877929688,496.0,507.8500061035156,127620
2020-01-15,508.6499938964844,529.5,508.54998779296875,527.0999755859375,277944
2020-01-16,530.0,538.4000244140625,525.0,530.3499755859375,190796
2020-01-17,533.9500122070312,537.0,521.5999755859375,528.4000244140625,301545
2020-01-20,534.9000244140625,537.5,490.1000061035156,517.3499755859375,253761
2020-01-21,534.0,550.9000244140625,527.3499755859375,531.2000122070312,1155461
2020-01-22,537.7000122070312,547.0,518.8499755859375,521.9000244140625,375332
2020-01-23,525.0999755859375,537.9000244140625,519.5999755859375,523.9500122070312,205073
2020-01-24,530.9000244140625,551.0,530.9000244140625,547.9500122070312,693006
2020-01-27,546.9000244140625,567.2999877929688,545.0,560.5,472320
2020-01-28,562.0,579.9000244140625,562.0,574.9500122070312,387391
2020-01-29,579.4500122070312,579.9000244140625,554.5,562.3499755859375,376038
2020-01-30,560.0,564.5,551.7000122070312,558.4500122070312,204378
2020-01-31,555.1500244140625,574.0,555.1500244140625,566.8499755859375,391707
2020-02-03,546.0,565.0,546.0,560.2999877929688,136329
2020-02-04,560.2999877929688,563.75,542.5,548.8499755859375,382448
2020-02-05,551.0,555.5999755859375,536.3499755859375,538.9500122070312,238642
2020-02-06,540.5,546.5,535.0,537.1500244140625,150351
2020-02-07,540.5,540.5,529.9000244140625,531.4500122070312,145840
2020-02-10,526.2000122070312,544.5,525.0,532.7000122070312,129281
2020-02-11,533.0,541.5,528.8499755859375,532.5999755859375,74405
2020-02-12,533.2999877929688,538.0,527.5,529.5499877929688,224570
2020-02-13,541.0,542.5499877929688,530.0,535.0499877929688,119157
2020-02-14,537.75,540.0,531.2999877929688,534.5,291911
2020-02-17,540.0,540.0,526.8499755859375,528.7999877929688,61679
2020-02-18,531.9000244140625,534.4500122070312,527.25,529.9500122070312,98666
2020-02-19,534.0,537.5499877929688,528.0499877929688,536.5,116581
2020-02-20,538.0,538.0,519.0,522.0999755859375,129949
2020-02-24,524.5,524.5,504.0,506.1499938964844,516956
2020-02-25,507.5,529.0,498.6499938964844,506.75,270601
2020-02-26,502.0,514.5,501.6000061035156,507.3500061035156,282066
2020-02-27,507.5,515.0,490.5,509.8999938964844,136797
2020-02-28,487.8500061035156,509.75,486.0,490.5,216845
2020-03-02,496.0,498.95001220703125,455.0,464.04998779296875,285324
2020-03-03,466.8999938964844,523.0,466.8999938964844,512.9000244140625,456048
2020-03-04,513.5,522.0,491.6000061035156,507.1499938964844,253593
2020-03-05,503.04998779296875,513.5,495.6000061035156,505.8500061035156,309120
2020-03-06,475.0,499.1000061035156,475.0,479.04998779296875,139991
2020-03-09,470.0,474.75,445.0,454.3999938964844,207640
2020-03-11,454.0,474.0,445.0,458.6499938964844,183419
2020-03-12,433.20001220703125,433.20001220703125,382.0,392.54998779296875,520637
2020-03-13,349.3999938964844,420.1499938964844,314.04998779296875,380.3500061035156,488661
2020-03-16,354.0,368.25,348.0,359.8500061035156,173482
2020-03-17,357.0,366.0,331.20001220703125,338.70001220703125,264204
2020-03-18,345.0,345.0,284.20001220703125,298.20001220703125,502440
2020-03-19,280.0,282.25,267.04998779296875,269.6499938964844,525057
2020-03-20,270.0,280.0,250.1999969482422,257.1000061035156,397411
2020-03-23,242.0,242.0,231.39999389648438,231.39999389648438,148980
2020-03-24,243.89999389648438,244.75,208.3000030517578,220.5,409937
2020-03-25,220.0,231.5,217.8000030517578,231.5,64321
2020-03-26,243.0500030517578,243.0500030517578,243.0500030517578,243.0500030517578,82874
2020-03-27,255.1999969482422,255.1999969482422,250.0,255.1999969482422,484325
2020-03-30,255.1999969482422,266.3999938964844,243.10000610351562,255.60000610351562,169453
2020-03-31,265.0,268.3500061035156,256.8999938964844,268.3500061035156,193840
2020-04-01,281.75,281.75,272.04998779296875,281.75,66288
2020-04-03,295.79998779296875,295.79998779296875,288.0,295.79998779296875,132945
2020-04-07,310.54998779296875,310.54998779296875,302.0,310.45001220703125,168284
2020-04-08,310.0,318.5,294.95001220703125,299.5,302118
2020-04-09,303.29998779296875,308.0,292.25,297.1000061035156,141259
2020-04-13,296.6499938964844,297.1000061035156,282.25,282.25,74539
2020-04-15,282.0,288.0,268.1499938964844,280.1499938964844,300971
2020-04-16,279.95001220703125,285.0,274.0,278.70001220703125,230974
2020-04-17,288.8999938964844,290.0,282.1000061035156,284.79998779296875,148318
2020-04-20,287.0,292.0,284.20001220703125,288.25,249119
2020-04-21,285.0,286.0,274.0,275.1000061035156,86026
2020-04-22,273.8999938964844,288.8500061035156,270.0,288.25,205430
2020-04-23,295.0,299.0,284.0,287.8500061035156,558967
2020-04-24,286.0,290.0,278.04998779296875,281.70001220703125,180673
2020-04-27,286.5,287.8999938964844,275.0,279.3500061035156,116326
2020-04-28,283.0,287.5,279.0,286.20001220703125,92500
2020-04-29,287.8999938964844,290.45001220703125,283.0,285.20001220703125,177743
2020-04-30,292.0,295.0,285.0,290.5,243707
2020-05-04,278.5,283.8999938964844,277.0,278.70001220703125,122938
2020-05-05,280.95001220703125,286.8500061035156,273.25,275.70001220703125,88617
2020-05-06,276.5,276.5,268.0,270.79998779296875,165816
2020-05-07,268.0,275.0,268.0,272.8999938964844,35215
2020-05-08,277.0,279.8999938964844,268.0,269.0,92309
2020-05-11,269.04998779296875,275.1499938964844,259.5,261.75,99521
2020-05-12,260.1000061035156,262.0,249.0,254.0,114559
2020-05-13,266.70001220703125,266.70001220703125,266.70001220703125,266.70001220703125,20583
2020-05-14,279.0,280.0,269.54998779296875,280.0,226118
2020-05-15,284.0,287.6499938964844,274.8500061035156,275.54998779296875,125875
2020-05-18,277.0,279.8999938964844,267.29998779296875,270.75,145689
2020-05-19,274.0,274.0,269.1499938964844,270.0,82646
2020-05-20,272.0,279.79998779296875,268.04998779296875,273.29998779296875,81792
2020-05-21,275.95001220703125,278.8500061035156,272.20001220703125,274.0,54741
2020-05-22,274.0,283.3999938964844,272.79998779296875,275.25,88773
2020-05-26,275.5,288.3999938964844,273.5,285.8500061035156,161466
2020-05-27,288.3500061035156,288.3500061035156,279.0,281.04998779296875,106366
2020-05-28,282.6000061035156,285.0,274.75,276.0,117441
2020-05-29,272.0,289.0,272.0,279.1000061035156,246270
2020-06-01,285.0,293.04998779296875,283.5,293.04998779296875,259911
2020-06-02,299.8999938964844,307.70001220703125,297.0,307.70001220703125,316060
2020-06-03,323.04998779296875,323.04998779296875,309.0,318.45001220703125,329070
2020-06-04,330.0,334.3500061035156,318.0,332.20001220703125,447147
2020-06-05,340.0,362.0,336.25,352.0,466421
2020-06-08,362.0,367.0,340.29998779296875,349.25,373141
2020-06-09,355.0,355.0,328.0,333.8999938964844,258281
2020-06-10,333.8999938964844,338.8999938964844,325.20001220703125,326.95001220703125,159966
2020-06-11,329.0,342.0,326.95001220703125,330.3500061035156,214114
2020-06-12,315.1000061035156,338.3500061035156,303.29998779296875,337.1499938964844,301571
2020-06-15,337.1499938964844,341.95001220703125,330.0,331.45001220703125,145793
2020-06-16,335.25,348.0,326.0,332.75,331507
2020-06-17,332.75,342.0,325.0,337.1499938964844,167678
2020-06-18,336.0,348.0,334.0,340.1000061035156,157595
2020-06-19,350.0,351.0,342.0,343.3999938964844,215685
2020-06-22,353.0,359.0,346.29998779296875,348.20001220703125,356518
2020-06-23,352.0,355.1000061035156,347.0,352.6000061035156,291629
2020-06-24,360.0,369.8999938964844,348.70001220703125,351.79998779296875,560830
2020-06-25,345.0,356.8999938964844,342.8500061035156,346.20001220703125,176638
2020-06-26,352.0,353.75,344.5,347.3500061035156,104059
2020-06-29,350.0,350.0,337.1000061035156,347.3999938964844,119526
2020-06-30,348.29998779296875,352.8999938964844,346.0,348.79998779296875,91428
2020-07-01,349.0,350.0,336.3500061035156,343.3500061035156,306888
2020-07-02,347.8999938964844,358.3999938964844,342.1000061035156,353.70001220703125,274433
2020-07-03,355.95001220703125,360.8999938964844,354.0,357.1000061035156,221922
2020-07-06,357.1000061035156,359.0,349.0,353.8500061035156,172555
2020-07-07,353.8999938964844,365.0,349.0,351.6000061035156,328672
2020-07-08,356.0,365.0,353.0,356.45001220703125,308642
2020-07-09,357.0,389.5,356.6000061035156,385.6499938964844,1840733
2020-07-10,388.95001220703125,395.0,382.6000061035156,388.1499938964844,750991
2020-07-13,390.8500061035156,398.0,385.0,388.54998779296875,358298
2020-07-14,385.04998779296875,385.3999938964844,360.1000061035156,371.25,325413
2020-07-15,373.70001220703125,380.0,370.0,371.6000061035156,222320
2020-07-16,371.6000061035156,373.29998779296875,361.6499938964844,367.0,380265
2020-07-17,369.8999938964844,371.3500061035156,362.20001220703125,365.3999938964844,378904
2020-07-20,369.0,369.79998779296875,362.8500061035156,365.54998779296875,290969
2020-07-21,367.79998779296875,385.5,366.25,379.04998779296875,377434
2020-07-22,389.0,389.0,367.0,367.95001220703125,365523
2020-07-23,370.95001220703125,372.5,366.45001220703125,369.04998779296875,89589
2020-07-24,368.8999938964844,368.8999938964844,362.20001220703125,363.79998779296875,177213
2020-07-27,361.0,364.5,346.29998779296875,348.79998779296875,286354
2020-07-28,350.0,354.0,346.0,350.6499938964844,121683
2020-07-29,352.70001220703125,366.0,351.3500061035156,362.6000061035156,188051
2020-07-30,364.6000061035156,364.6000061035156,350.3999938964844,351.6499938964844,144130
2020-07-31,354.0,354.95001220703125,346.04998779296875,348.1499938964844,131639
2020-08-03,349.79998779296875,363.0,349.79998779296875,355.25,198048
2020-08-04,355.1499938964844,365.5,355.04998779296875,357.20001220703125,123122
2020-08-05,361.6000061035156,361.6000061035156,352.0,354.04998779296875,128887
2020-08-06,357.0,365.0,350.1000061035156,353.6499938964844,161551
2020-08-07,356.5,381.5,355.0,377.1000061035156,1122814
2020-08-10,379.70001220703125,382.5,360.0,366.70001220703125,482434
2020-08-11,369.8999938964844,370.3500061035156,363.3999938964844,366.70001220703125,227461
2020-08-12,366.0,367.5,360.8500061035156,364.8999938964844,179358
2020-08-13,366.8999938964844,367.0,362.79998779296875,364.54998779296875,146814
2020-08-14,366.3999938964844,376.79998779296875,361.0,371.1499938964844,202047
2020-08-17,375.0,391.3500061035156,372.45001220703125,389.20001220703125,1105456
2020-08-18,392.95001220703125,402.70001220703125,392.1000061035156,400.3999938964844,1059814
2020-08-19,406.0,409.8999938964844,401.5,403.1000061035156,486771
2020-08-20,401.75,401.75,390.3999938964844,395.3999938964844,222526
2020-08-21,397.3999938964844,403.8500061035156,395.04998779296875,398.70001220703125,258501
2020-08-24,405.0,405.0,395.5,397.25,151371
2020-08-25,399.6000061035156,404.3500061035156,396.70001220703125,398.70001220703125,164259
2020-08-26,401.1499938964844,402.95001220703125,390.0,398.25,193756
2020-08-27,401.79998779296875,413.79998779296875,398.0,406.5,898673
2020-08-28,410.0,422.0,407.1000061035156,414.5,1051071
2020-08-31,418.6000061035156,426.0,375.25,396.5,448641
2020-09-01,396.0,415.70001220703125,381.6000061035156,409.6499938964844,390599
2020-09-02,406.70001220703125,407.45001220703125,397.79998779296875,401.75,89240
2020-09-03,403.70001220703125,403.8999938964844,396.0,397.3500061035156,77205
2020-09-04,385.0,394.0,385.0,388.3500061035156,173248
2020-09-07,393.0,393.8999938964844,376.5,379.0,143741
2020-09-08,381.0,381.6499938964844,366.1499938964844,369.6000061035156,242566
2020-09-09,365.0,368.0,356.5,358.1000061035156,147514
2020-09-10,360.1000061035156,364.70001220703125,354.20001220703125,358.6000061035156,191151
2020-09-11,362.0,369.79998779296875,356.6000061035156,359.04998779296875,360637
2020-09-14,364.0,391.0,363.20001220703125,384.3999938964844,603636
2020-09-15,390.79998779296875,390.79998779296875,379.0,382.75,135474
2020-09-16,384.75,387.5,375.25,379.79998779296875,293395
2020-09-17,379.0,379.0,367.29998779296875,370.6499938964844,177223
2020-09-18,371.3999938964844,374.95001220703125,366.29998779296875,372.54998779296875,196226
2020-09-21,374.0,378.29998779296875,361.54998779296875,362.29998779296875,106243
2020-09-22,360.0,367.25,349.6499938964844,356.75,166904
2020-09-23,362.0,364.8999938964844,349.0,354.0,108068
2020-09-24,347.0,352.54998779296875,334.6499938964844,338.6000061035156,190849
2020-09-25,343.5,352.5,343.5,347.25,134463
2020-09-28,354.95001220703125,360.6000061035156,348.25,354.45001220703125,159413
2020-09-29,356.0,357.0,345.95001220703125,349.1000061035156,185845
2020-09-30,349.79998779296875,350.0,345.1000061035156,348.79998779296875,119187
2020-10-01,354.6000061035156,354.6000061035156,341.5,343.54998779296875,156865
2020-10-05,343.6499938964844,349.0,340.04998779296875,343.8500061035156,131609
2020-10-06,344.8999938964844,352.0,343.79998779296875,348.3500061035156,139407
2020-10-07,348.8999938964844,349.8999938964844,339.79998779296875,341.6000061035156,118371
2020-10-08,344.75,350.0,338.6000061035156,340.04998779296875,139517
2020-10-09,343.3999938964844,344.5,333.8500061035156,334.8999938964844,168207
2020-10-12,337.3500061035156,344.95001220703125,332.0,338.29998779296875,159499
2020-10-13,338.8999938964844,341.70001220703125,335.0,335.8999938964844,90076
2020-10-14,336.79998779296875,347.95001220703125,336.0,345.75,227090
2020-10-15,348.8999938964844,348.8999938964844,332.0,333.8999938964844,196079
2020-10-16,332.04998779296875,337.6000061035156,325.25,326.8999938964844,185334
2020-10-19,330.70001220703125,335.20001220703125,322.0,323.70001220703125,152664
2020-10-20,326.75,330.95001220703125,319.6000061035156,320.29998779296875,139961
2020-10-21,322.25,324.1499938964844,320.29998779296875,321.29998779296875,92237
2020-10-22,320.04998779296875,328.25,319.8999938964844,324.20001220703125,96345
2020-10-23,326.5,338.1000061035156,324.6000061035156,335.20001220703125,340477
2020-10-26,340.0,349.1499938964844,337.20001220703125,346.3999938964844,327159
2020-10-27,346.20001220703125,350.04998779296875,341.04998779296875,345.04998779296875,166184
2020-10-28,345.04998779296875,348.0,336.3500061035156,339.79998779296875,91641
2020-10-29,336.0,344.0,331.04998779296875,339.95001220703125,94275
2020-10-30,343.8999938964844,346.75,338.0,341.3500061035156,72760
2020-11-02,343.8999938964844,351.0,330.6000061035156,334.6499938964844,305879
2020-11-03,331.20001220703125,338.0,326.3500061035156,328.6499938964844,214415
2020-11-04,324.20001220703125,335.0,323.45001220703125,324.79998779296875,194813
2020-11-05,329.0,330.95001220703125,325.6499938964844,326.3999938964844,287564
2020-11-06,326.8999938964844,333.0,326.3999938964844,331.1000061035156,111583
2020-11-09,333.8999938964844,336.5,332.6499938964844,334.79998779296875,114588
2020-11-10,340.0,346.8999938964844,335.20001220703125,345.54998779296875,486816
2020-11-11,347.8999938964844,347.8999938964844,335.29998779296875,340.5,87216
2020-11-12,341.8999938964844,345.95001220703125,339.0,342.70001220703125,62152
2020-11-13,345.70001220703125,352.3999938964844,342.0,348.0,753319
2020-11-14,354.0,355.0,348.29998779296875,351.54998779296875,47431
2020-11-17,354.0,358.70001220703125,344.8500061035156,356.1000061035156,262351
2020-11-18,355.3999938964844,367.6000061035156,352.45001220703125,365.1000061035156,369532
2020-11-19,365.1000061035156,376.0,360.0,366.70001220703125,517007
2020-11-20,365.0,375.8500061035156,362.0,373.45001220703125,294976
2020-11-23,376.5,383.25,374.95001220703125,380.1000061035156,269436
2020-11-24,383.70001220703125,393.1000061035156,380.75,391.0,339809
2020-11-25,396.95001220703125,411.0,394.20001220703125,399.95001220703125,630363
2020-11-26,411.0,411.0,388.3500061035156,402.5,234240
2020-11-27,409.04998779296875,429.20001220703125,403.1499938964844,424.8999938964844,532853
2020-12-01,448.0,448.0,414.1000061035156,417.95001220703125,344188
2020-12-02,419.0,429.0,419.0,422.8999938964844,222118
2020-12-03,426.8999938964844,429.79998779296875,422.95001220703125,424.20001220703125,115249
2020-12-04,427.6000061035156,431.54998779296875,423.6499938964844,430.1499938964844,151295
2020-12-07,427.0,432.0,426.0,429.25,135505
2020-12-08,429.25,433.8500061035156,427.54998779296875,428.54998779296875,171031
2020-12-09,429.0,432.5,428.0,430.95001220703125,134934
2020-12-10,430.95001220703125,433.0,417.04998779296875,424.3999938964844,99604
2020-12-11,429.0,429.0,419.0,420.8500061035156,149159
2020-12-14,420.04998779296875,425.95001220703125,415.1000061035156,421.1499938964844,118517
2020-12-15,422.95001220703125,450.0,421.29998779296875,448.54998779296875,659697
2020-12-16,453.3500061035156,466.45001220703125,451.04998779296875,460.3500061035156,575392
2020-12-17,466.0,490.0,462.1499938964844,486.25,561999
2020-12-18,496.0,496.0,468.0,482.20001220703125,358639
2020-12-21,481.0,484.3999938964844,463.20001220703125,474.70001220703125,448202
2020-12-22,462.3500061035156,483.3999938964844,454.04998779296875,479.25,263886
2020-12-23,483.8999938964844,494.6499938964844,480.0,485.3999938964844,122572
2020-12-24,490.0,490.0,480.3500061035156,482.25,63457
2020-12-28,485.04998779296875,498.6000061035156,480.54998779296875,483.0,182690
2020-12-29,483.1000061035156,490.0,479.0,483.75,183267
2020-12-30,488.5,495.5,484.20001220703125,490.1000061035156,266265
2020-12-31,490.1000061035156,496.0,475.0,476.75,179628
2021-01-01,482.79998779296875,482.95001220703125,472.0,477.1000061035156,110362
2021-01-04,479.0,483.1000061035156,473.0,475.75,109505
2021-01-05,473.0,475.25,458.0,466.75,104281
2021-01-06,467.04998779296875,490.0,467.04998779296875,479.54998779296875,363530
2021-01-07,484.45001220703125,489.0,468.79998779296875,477.3999938964844,185521
2021-01-08,481.5,486.45001220703125,481.0,483.6000061035156,87637
2021-01-11,485.95001220703125,494.5,482.04998779296875,486.29998779296875,201523
2021-01-12,488.75,491.04998779296875,482.8999938964844,486.1000061035156,86699
2021-01-13,486.1000061035156,490.0,480.04998779296875,481.70001220703125,82571
2021-01-14,475.04998779296875,480.0,472.0,473.75,43652
2021-01-15,478.95001220703125,486.8500061035156,471.0,479.75,108118
2021-01-18,482.0,517.9000244140625,470.1000061035156,508.1000061035156,1604743
2021-01-19,516.25,524.9000244140625,503.6000061035156,510.75,484692
2021-01-20,513.0,513.4000244140625,495.0,498.8500061035156,155151
2021-01-21,500.0,530.0,499.6499938964844,512.8499755859375,730971
2021-01-22,515.9000244140625,521.0999755859375,503.04998779296875,510.29998779296875,138142
2021-01-25,510.20001220703125,515.3499755859375,495.0,496.45001220703125,147383
2021-01-27,499.0,500.0,484.20001220703125,493.5,303283
2021-01-28,490.6000061035156,511.29998779296875,485.0,497.79998779296875,226965
2021-01-29,498.0,499.6000061035156,459.6499938964844,464.04998779296875,516556
2021-02-01,472.0,475.0,460.45001220703125,471.8999938964844,153852
2021-02-02,477.0,499.0,476.0,488.1000061035156,262428
2021-02-03,488.1000061035156,493.70001220703125,474.8999938964844,476.5,149908
2021-02-04,480.0,491.95001220703125,478.1499938964844,482.04998779296875,74804
2021-02-05,484.8999938964844,494.0,481.0,486.79998779296875,108317
2021-02-08,488.0,508.0,486.8500061035156,501.3999938964844,287115
2021-02-09,506.8999938964844,506.8999938964844,484.1000061035156,488.29998779296875,100077
2021-02-10,489.3999938964844,502.8999938964844,484.1000061035156,499.3999938964844,199708
2021-02-11,499.70001220703125,499.70001220703125,493.79998779296875,495.29998779296875,55302
2021-02-12,486.25,514.2000122070312,486.25,500.3999938964844,216377
2021-02-15,511.3999938964844,529.7999877929688,504.0,519.5,581451
2021-02-16,523.4000244140625,523.4000244140625,504.45001220703125,509.1499938964844,120715
2021-02-17,509.95001220703125,510.95001220703125,493.3999938964844,499.5,163295
2021-02-18,498.0,505.6499938964844,493.20001220703125,502.8500061035156,527664
2021-02-19,504.8500061035156,504.8500061035156,481.5,490.70001220703125,103181
2021-02-22,495.1000061035156,502.95001220703125,493.1499938964844,497.3500061035156,187435
2021-02-23,491.29998779296875,509.95001220703125,488.6000061035156,507.8500061035156,328330
2021-02-24,509.0,518.7000122070312,464.0,498.1000061035156,65856
2021-02-25,506.8999938964844,507.0,498.79998779296875,505.6499938964844,74089
2021-02-26,501.04998779296875,509.54998779296875,485.0,500.20001220703125,190962
2021-03-01,502.70001220703125,504.8999938964844,489.6000061035156,494.1000061035156,328960
2021-03-02,495.8999938964844,500.0,492.95001220703125,496.54998779296875,189438
2021-03-03,500.0,505.0,495.1499938964844,499.20001220703125,85788
2021-03-04,495.04998779296875,508.0,495.04998779296875,498.25,125866
2021-03-05,500.0,500.0,488.70001220703125,494.04998779296875,154797
2021-03-08,488.20001220703125,494.8999938964844,488.20001220703125,492.29998779296875,130042
2021-03-09,492.0,497.45001220703125,488.25,495.1499938964844,93457
2021-03-10,498.5,501.0,489.0,490.8999938964844,61211
2021-03-12,485.29998779296875,497.0,485.29998779296875,494.70001220703125,96291
2021-03-15,490.04998779296875,495.54998779296875,481.1499938964844,490.1499938964844,209971
2021-03-16,494.95001220703125,524.7000122070312,487.20001220703125,516.9000244140625,487120
2021-03-17,522.0,558.0,522.0,543.3499755859375,2846730
2021-03-18,555.0,556.0,502.3999938964844,510.04998779296875,1082354
2021-03-19,512.9500122070312,527.75,496.0,512.0499877929688,909992
2021-03-22,522.0,554.9500122070312,510.8999938964844,549.2000122070312,855289
2021-03-23,550.0,562.8499755859375,526.1500244140625,533.0499877929688,787865
2021-03-24,538.2999877929688,539.8499755859375,520.0,527.4000244140625,385584
2021-03-25,531.0,538.0,509.3999938964844,517.5,251114
2021-03-26,520.2000122070312,527.0,510.25,518.5999755859375,244097
2021-03-30,520.2000122070312,534.0,516.6500244140625,527.6500244140625,252661
2021-03-31,522.2000122070312,528.0,515.0,522.7000122070312,129149
2021-04-01,519.5999755859375,534.0,519.5999755859375,528.5999755859375,131317
2021-04-05,528.5999755859375,528.5999755859375,505.0,509.1499938964844,137175
2021-04-06,509.3500061035156,517.9000244140625,505.3500061035156,515.0999755859375,111809
2021-04-07,510.3999938964844,517.6500244140625,500.0,509.3999938964844,66530
2021-04-08,510.0,538.0,510.0,532.7999877929688,257953
2021-04-09,533.0499877929688,554.5,531.8499755859375,543.5,365006
2021-04-12,536.0,537.5999755859375,510.54998779296875,524.0999755859375,211616
2021-04-13,524.0,529.1500244140625,500.0,502.20001220703125,206899
2021-04-15,505.95001220703125,512.0,490.1000061035156,496.70001220703125,128923
2021-04-16,497.3999938964844,511.0,491.0,494.6499938964844,113100
2021-04-19,491.0,498.79998779296875,474.70001220703125,485.95001220703125,148380
2021-04-20,494.0,496.8999938964844,479.3500061035156,495.0,272746
2021-04-22,496.0,506.0,494.04998779296875,499.70001220703125,84327
2021-04-23,499.8999938964844,517.7999877929688,479.70001220703125,513.25,244903
2021-04-26,516.25,523.1500244140625,509.0,510.79998779296875,75734
2021-04-27,515.5,532.4500122070312,508.0,521.0499877929688,178540
2021-04-28,520.0,525.1500244140625,510.54998779296875,514.5499877929688,98644
2021-04-29,517.2999877929688,522.8499755859375,512.0,519.9000244140625,66292
2021-04-30,516.5999755859375,525.0,515.0499877929688,520.9000244140625,159092
2021-05-03,518.0,535.0,517.75,530.9000244140625,103502
2021-05-04,535.0,537.4500122070312,515.7000122070312,521.3499755859375,54431
2021-05-05,522.2000122070312,524.25,517.7000122070312,522.5,84371
2021-05-06,525.0,533.0,518.5999755859375,522.2999877929688,81130
2021-05-07,526.4500122070312,533.0,518.2999877929688,521.4000244140625,117272
2021-05-10,528.5,530.0499877929688,519.0499877929688,521.3499755859375,66832
2021-05-11,519.0,529.0,518.4000244140625,520.0999755859375,58341
2021-05-12,521.0499877929688,528.7000122070312,517.5,519.7999877929688,62004
2021-05-14,522.4000244140625,526.5999755859375,505.3999938964844,507.45001220703125,283526
2021-05-17,508.5,528.25,508.5,527.1500244140625,189632
2021-05-18,530.2000122070312,607.2999877929688,530.2000122070312,601.1500244140625,3470541
2021-05-19,592.9500122070312,638.7999877929688,580.0,607.1500244140625,3352539
2021-05-20,602.0,612.6500244140625,588.0,597.5999755859375,441273
2021-05-21,599.0499877929688,618.7000122070312,591.0999755859375,605.4500122070312,836110
2021-05-24,611.0,635.0,605.0,612.2999877929688,876526
2021-05-25,612.2999877929688,621.5,591.2999877929688,602.4500122070312,295616
2021-05-26,600.0,613.25,597.0,602.8499755859375,251749
2021-05-27,603.0,634.0,603.0,623.5999755859375,622080
2021-05-28,628.9000244140625,645.5,615.0,623.0999755859375,430542
2021-05-31,624.0,633.7000122070312,608.5999755859375,616.2999877929688,359206
2021-06-01,622.6500244140625,629.0999755859375,612.2999877929688,623.7999877929688,316612
2021-06-02,622.0,673.9000244140625,620.0,666.2000122070312,875682
2021-06-03,685.0,685.0,650.9500122070312,664.2999877929688,1014257
2021-06-04,670.5,718.9000244140625,665.5499877929688,706.5999755859375,825988
2021-06-07,714.0,717.8499755859375,676.4500122070312,684.7000122070312,442847
2021-06-08,682.0,687.75,672.5,678.7000122070312,155041
2021-06-09,679.4500122070312,697.2999877929688,672.0999755859375,686.0499877929688,215339
2021-06-10,692.0,694.0999755859375,676.0,679.4500122070312,99536
2021-06-11,685.7000122070312,685.7000122070312,665.2999877929688,671.6500244140625,199308
2021-06-14,671.7999877929688,672.9000244140625,640.0,646.8499755859375,337589
2021-06-15,651.9500122070312,725.0,651.9500122070312,717.2000122070312,1778842
2021-06-16,720.5499877929688,731.0,690.0,694.7999877929688,1593705
2021-06-17,680.0999755859375,717.0,679.9500122070312,700.75,561732
2021-06-18,700.2000122070312,710.4500122070312,662.2999877929688,702.0999755859375,309630
2021-06-21,682.2000122070312,706.0,682.2000122070312,690.3499755859375,193584
2021-06-22,696.5999755859375,701.6500244140625,673.6500244140625,678.2000122070312,134195
2021-06-23,685.0,687.7999877929688,670.7999877929688,672.7999877929688,79762
2021-06-24,677.0,697.0,664.0,669.9500122070312,207788
2021-06-25,674.9500122070312,719.6500244140625,664.0,708.0999755859375,655238
2021-06-28,715.5,716.8499755859375,686.0,693.4500122070312,1022353
2021-06-29,694.9000244140625,719.7999877929688,692.0,696.1500244140625,842224
2021-06-30,702.5499877929688,708.9000244140625,687.5,693.4500122070312,1060997
2021-07-01,693.4000244140625,763.6500244140625,691.1500244140625,753.3499755859375,3202139
2021-07-02,759.0,759.7999877929688,729.0,735.5499877929688,840890
2021-07-05,739.75,739.9000244140625,716.0999755859375,721.4500122070312,459963
2021-07-06,724.0,742.0,720.0,722.1500244140625,397281
2021-07-07,722.0,746.75,713.9000244140625,735.8499755859375,712031
2021-07-08,733.0,737.9000244140625,721.2999877929688,730.2999877929688,215049
2021-07-09,732.7999877929688,740.0,725.5,731.3499755859375,148097
2021-07-12,740.5,740.5,717.0,721.4500122070312,158153
2021-07-13,727.9500122070312,733.75,719.0,722.7999877929688,209469
2021-07-14,720.0,729.2000122070312,715.7999877929688,717.2000122070312,97661
2021-07-15,717.25,728.7999877929688,704.4500122070312,710.9500122070312,153421
2021-07-16,714.0,719.6500244140625,703.75,710.9500122070312,274924
2021-07-19,708.4000244140625,734.0499877929688,705.0499877929688,712.9500122070312,593507
2021-07-20,718.7999877929688,719.5499877929688,708.5,712.4500122070312,120693
2021-07-22,707.0999755859375,729.75,707.0999755859375,715.5499877929688,222846
2021-07-23,717.0,724.9000244140625,716.5999755859375,719.6500244140625,89658
2021-07-26,711.0,728.0,711.0,715.9000244140625,232509
2021-07-27,716.0,730.9500122070312,711.0999755859375,713.9000244140625,187002
2021-07-28,717.0,717.9000244140625,689.5,702.6500244140625,283584
2021-07-29,703.0,728.0,703.0,721.6500244140625,100205
2021-07-30,720.0999755859375,737.0,701.1500244140625,708.7999877929688,404659
2021-08-02,725.0,754.2999877929688,717.6500244140625,749.2999877929688,1256649
2021-08-03,753.3499755859375,762.0,735.0,738.4500122070312,643612
2021-08-04,739.5499877929688,748.0,708.7999877929688,715.2000122070312,266763
2021-08-05,717.0,719.9000244140625,698.2000122070312,710.0499877929688,159595
2021-08-06,705.6500244140625,733.4500122070312,705.6500244140625,726.7999877929688,318176
2021-08-09,727.0,749.0,727.0,742.0499877929688,481133
2021-08-10,742.0,754.0999755859375,703.5,717.75,470430
2021-08-11,715.0,758.0,701.3499755859375,739.5,718351
2021-08-12,730.4000244140625,783.7000122070312,724.5499877929688,752.5499877929688,1945229
2021-08-13,752.9000244140625,758.4500122070312,742.0,747.9000244140625,242172
2021-08-16,744.9500122070312,770.0,730.8499755859375,739.4500122070312,705211
2021-08-17,736.4000244140625,752.0,720.0,740.8499755859375,351569
2021-08-18,730.0,737.0,720.0,723.6500244140625,175012
2021-08-20,720.0,721.2999877929688,705.0999755859375,708.4000244140625,168520
2021-08-23,711.9500122070312,736.0,705.0,713.4500122070312,733496
2021-08-24,713.4500122070312,734.5,713.4500122070312,722.2000122070312,258045
2021-08-25,726.0,746.0,711.0999755859375,715.2000122070312,544279
2021-08-26,716.4500122070312,732.0,716.1500244140625,725.6500244140625,204698
2021-08-27,734.0,744.0,729.2999877929688,739.5,235637
2021-08-30,750.0,787.0,744.9500122070312,775.5,935515
2021-08-31,780.0,792.9500122070312,756.1500244140625,762.0999755859375,579484
2021-09-01,765.9500122070312,785.0,762.5499877929688,774.5499877929688,410363
2021-09-02,776.0,787.7000122070312,756.0,764.25,338976
2021-09-03,764.7000122070312,788.0,759.25,779.6500244140625,340025
2021-09-06,782.9000244140625,784.8499755859375,770.0,775.0499877929688,393645
2021-09-07,775.0,793.7999877929688,770.9500122070312,775.5499877929688,382140
2021-09-08,780.7999877929688,841.0,775.0,825.9000244140625,2558679
2021-09-09,829.5,835.9000244140625,787.0499877929688,793.7999877929688,1100983
2021-09-13,796.7000122070312,814.7999877929688,776.2000122070312,805.0,639182
2021-09-14,804.6500244140625,824.8499755859375,803.25,809.8499755859375,424343
2021-09-15,815.7999877929688,823.7000122070312,805.0,819.5999755859375,270638
2021-09-16,820.0,857.0,812.0,835.4500122070312,1488788
2021-09-17,842.75,886.0,835.6500244140625,844.1500244140625,3366028
2021-09-20,849.0,894.2000122070312,841.25,866.5499877929688,2113627
2021-09-21,873.8499755859375,873.8499755859375,833.9000244140625,855.9000244140625,622734
2021-09-22,857.0,871.0999755859375,842.4000244140625,850.2000122070312,415050
2021-09-23,861.0,911.7000122070312,861.0,899.75,1453327
2021-09-24,907.0999755859375,994.7000122070312,902.0499877929688,979.2000122070312,2488847
2021-09-27,988.4000244140625,997.7000122070312,954.2000122070312,965.9500122070312,547874
2021-09-28,969.9000244140625,972.4500122070312,910.0,920.2000122070312,530470
2021-09-29,915.0,944.2000122070312,898.0,918.4500122070312,554001
2021-09-30,918.5999755859375,934.0,910.5,927.0999755859375,608286
2021-10-01,913.7999877929688,980.0,913.7999877929688,965.4500122070312,797866
2021-10-04,975.8499755859375,1010.9000244140625,956.0,997.5499877929688,777795
2021-10-05,987.0,1053.949951171875,975.0,1031.800048828125,1011731
2021-10-06,1040.0,1045.949951171875,987.0,1001.25,490950
2021-10-07,1008.5,1031.6500244140625,985.0,991.6500244140625,227254
2021-10-08,997.2999877929688,1009.75,967.5499877929688,978.9000244140625,362181
2021-10-11,983.7999877929688,1003.9500122070312,963.0,966.2999877929688,364934
2021-10-12,974.3499755859375,984.0,960.0,963.5499877929688,156989
2021-10-13,973.6500244140625,973.6500244140625,950.5,954.4500122070312,133960
2021-10-14,965.0,967.8499755859375,936.0999755859375,939.7000122070312,127580
2021-10-18,951.0,1008.0,948.0499877929688,997.5999755859375,524594
2021-10-19,998.0,1005.5,960.3499755859375,985.7999877929688,244365
2021-10-20,993.0,993.0,922.4500122070312,942.5499877929688,323934
2021-10-21,942.0499877929688,960.6500244140625,871.9000244140625,880.7000122070312,410483
2021-10-22,872.25,901.5499877929688,841.0,887.5499877929688,606529
2021-10-25,905.0,915.0,801.0,810.25,729251
2021-10-26,824.7999877929688,972.2999877929688,819.8499755859375,965.3499755859375,3609018
2021-10-27,972.0,972.0,904.0,931.25,1070596
2021-10-28,934.5499877929688,984.0,907.0,920.6500244140625,1312599
2021-10-29,925.0,938.0499877929688,893.4000244140625,913.0499877929688,750628
2021-11-01,928.7000122070312,956.0999755859375,912.0499877929688,938.0999755859375,254809
2021-11-02,935.7000122070312,961.75,933.0499877929688,957.7000122070312,208101
2021-11-03,960.0,979.7000122070312,939.8499755859375,973.2999877929688,320926
2021-11-04,978.7000122070312,987.0,965.0499877929688,969.5,41167
2021-11-08,978.0,983.7000122070312,955.2999877929688,979.7999877929688,637489
2021-11-09,979.7999877929688,995.0,961.25,982.3499755859375,217039
2021-11-10,982.0,1018.4000244140625,968.3499755859375,1006.3499755859375,920764
2021-11-11,995.2000122070312,1017.1500244140625,976.6500244140625,987.2000122070312,510033
2021-11-12,985.0,1014.5,983.5499877929688,1009.2999877929688,295068
2021-11-15,1016.9000244140625,1056.800048828125,992.4000244140625,1027.5999755859375,512598
2021-11-16,1034.0999755859375,1054.6500244140625,1023.0499877929688,1036.75,380450
2021-11-17,1036.75,1040.0,1017.0,1024.0,127616
2021-11-18,1030.199951171875,1054.0,1021.8499755859375,1036.4000244140625,254257
2021-11-22,1036.0,1085.0,1010.0499877929688,1032.5999755859375,410020
2021-11-23,1032.550048828125,1070.0,1029.25,1053.199951171875,300692
2021-11-24,1061.800048828125,1130.949951171875,1054.0999755859375,1090.5999755859375,738584
2021-11-25,1095.0,1145.0,1074.0,1121.9000244140625,485108
2021-11-26,1119.0,1164.4000244140625,1040.0,1067.4000244140625,482587
2021-11-29,1040.199951171875,1057.25,982.0,1000.3499755859375,427380
2021-11-30,1000.0,1144.699951171875,999.4500122070312,1104.9000244140625,584204
2021-12-01,1120.0,1175.0,1106.449951171875,1134.5,827599
2021-12-02,1125.0,1170.0,1113.4000244140625,1148.0,396576
2021-12-03,1149.800048828125,1223.949951171875,1149.800048828125,1179.699951171875,922219
2021-12-06,1169.0,1265.0,1166.699951171875,1223.800048828125,1269351
2021-12-07,1215.0,1222.0,1152.5999755859375,1168.6500244140625,483693
2021-12-08,1176.0,1225.0,1161.3499755859375,1184.550048828125,440658
2021-12-09,1185.0,1188.8499755859375,1121.25,1136.550048828125,369648
2021-12-10,1136.550048828125,1158.0,1101.550048828125,1114.050048828125,364658
2021-12-13,1121.0,1137.550048828125,1080.6500244140625,1088.699951171875,458800
2021-12-14,1080.0999755859375,1150.3499755859375,1079.0999755859375,1141.1500244140625,408557
2021-12-15,1141.1500244140625,1162.0,1110.199951171875,1119.6500244140625,218418
2021-12-16,1122.9000244140625,1147.0,1100.0,1119.300048828125,184316
2021-12-17,1120.0,1122.0,1090.699951171875,1105.75,190192
2021-12-20,1075.0,1079.949951171875,1050.0999755859375,1064.949951171875,253488
2021-12-21,1081.0,1101.949951171875,1042.5,1055.550048828125,129669
2021-12-22,1068.0,1098.0,1053.050048828125,1060.199951171875,138400
2021-12-23,1072.0,1134.9000244140625,1067.199951171875,1126.199951171875,674525
2021-12-24,1148.9000244140625,1160.0,1120.0,1144.5,346092
2021-12-27,1146.0,1146.0,1110.0,1133.300048828125,153930
2021-12-28,1149.9000244140625,1164.9000244140625,1136.199951171875,1159.550048828125,202872
2021-12-29,1159.550048828125,1168.0,1144.0,1158.199951171875,124881
2021-12-30,1158.199951171875,1164.4000244140625,1146.3499755859375,1156.9000244140625,72696
2021-12-31,1146.0999755859375,1180.800048828125,1145.5,1168.050048828125,164023
2022-01-03,1172.0,1177.550048828125,1130.0,1139.5,207951
2022-01-04,1142.0,1169.0,1132.0,1156.8499755859375,156538
2022-01-05,1146.0,1177.0,1140.449951171875,1157.199951171875,206191
2022-01-06,1160.0,1163.0,1133.300048828125,1139.449951171875,142588
2022-01-07,1149.949951171875,1156.449951171875,1104.0,1112.1500244140625,305744
2022-01-10,1120.0,1148.300048828125,1092.25,1141.1500244140625,186124
2022-01-11,1147.9000244140625,1156.3499755859375,1125.0999755859375,1131.25,91694
2022-01-12,1139.9000244140625,1151.9000244140625,1135.0,1148.550048828125,156853
2022-01-13,1148.0,1177.9000244140625,1132.1500244140625,1142.949951171875,175012
2022-01-14,1141.9000244140625,1194.0,1125.75,1169.1500244140625,343820
2022-01-17,1175.25,1187.300048828125,1156.6500244140625,1170.550048828125,105244
2022-01-18,1179.5,1221.5999755859375,1162.3499755859375,1173.800048828125,304564
2022-01-19,1165.0,1226.5999755859375,1165.0,1210.8499755859375,524384
2022-01-20,1223.949951171875,1230.8499755859375,1201.300048828125,1213.199951171875,179793
2022-01-21,1213.199951171875,1219.0,1143.199951171875,1165.800048828125,353759
2022-01-24,1145.0,1159.949951171875,1081.1500244140625,1108.949951171875,394578
2022-01-25,1088.0,1134.4000244140625,1078.800048828125,1108.4000244140625,443423
2022-01-27,1100.0,1130.0,1098.300048828125,1102.1500244140625,481446
2022-01-28,1100.0,1126.6500244140625,1079.0,1089.550048828125,601828
2022-01-31,1089.0,1110.0,1069.9000244140625,1076.199951171875,194383
2022-02-01,1090.0,1106.0,1084.0,1096.8499755859375,137350
2022-02-02,1110.25,1136.0,1108.0,1129.0,332320
2022-02-03,1136.699951171875,1141.9000244140625,1106.3499755859375,1112.9000244140625,98429
2022-02-04,1122.0,1127.0,1094.4000244140625,1099.5,177968
2022-02-07,1104.9000244140625,1120.449951171875,1082.300048828125,1091.550048828125,103993
2022-02-08,1110.4000244140625,1110.4000244140625,1047.300048828125,1056.199951171875,153491
2022-02-09,1065.0,1079.0,1018.3499755859375,1048.5999755859375,273599
2022-02-10,1053.8499755859375,1056.75,1030.0,1035.25,74102
2022-02-11,1040.0,1045.550048828125,993.2999877929688,1003.5499877929688,431367
2022-02-14,975.5,1014.7000122070312,952.4500122070312,1005.8499755859375,282513
2022-02-15,1008.75,1028.800048828125,985.0,1024.050048828125,152152
2022-02-16,1035.0,1049.5999755859375,1005.0,1009.6500244140625,95154
2022-02-17,1020.0,1025.0,990.0,1000.6500244140625,110039
2022-02-18,997.3499755859375,1011.75,989.0,996.4000244140625,208084
2022-02-21,996.4000244140625,1013.9500122070312,981.75,996.0999755859375,192213
2022-02-22,980.0,1023.2000122070312,951.0,1010.75,142403
2022-02-23,1015.8499755859375,1043.800048828125,1015.7999877929688,1034.5999755859375,170573
2022-02-24,1011.0999755859375,1021.0999755859375,980.0,993.4000244140625,281686
2022-02-25,1022.0,1036.0999755859375,1002.5999755859375,1021.6500244140625,92262
2022-02-28,1022.0,1022.0,982.2000122070312,988.0999755859375,255258
2022-03-02,988.0999755859375,1059.5,988.0999755859375,1051.8499755859375,342376
2022-03-03,1082.0,1149.0,1042.199951171875,1056.449951171875,499359
2022-03-04,1049.0,1068.0999755859375,999.0,1002.9500122070312,183262
2022-03-07,985.0,1049.0,978.3499755859375,1024.300048828125,188989
2022-03-08,1020.0,1049.0,996.2000122070312,1040.4000244140625,149713
2022-03-09,1050.0,1059.8499755859375,1026.4000244140625,1052.449951171875,117319
2022-03-10,1074.6500244140625,1074.6500244140625,1015.0499877929688,1021.0999755859375,194132
2022-03-11,1028.0,1028.0,1005.9500122070312,1011.0999755859375,88069
2022-03-14,1011.5,1044.0,1011.0999755859375,1031.8499755859375,202313
2022-03-15,1032.75,1048.0,1015.3499755859375,1023.7000122070312,103044
2022-03-16,1028.8499755859375,1038.0999755859375,1000.0,1004.25,562843
2022-03-17,1019.0,1195.9000244140625,1015.0,1131.550048828125,388881
2022-03-21,1132.5,1164.550048828125,1132.0999755859375,1156.3499755859375,331324
2022-03-22,1155.0,1159.0,1100.0,1144.0999755859375,116561
2022-03-23,1147.949951171875,1159.949951171875,1125.8499755859375,1134.800048828125,101217
2022-03-24,1132.6500244140625,1230.0,1123.1500244140625,1204.0,276708
2022-03-25,1231.0,1231.0,1175.0,1190.699951171875,262224
2022-03-28,1194.9000244140625,1208.6500244140625,1185.5,1200.199951171875,430120
2022-03-29,1206.25,1214.8499755859375,1175.550048828125,1182.6500244140625,104010
2022-03-30,1195.0,1212.050048828125,1181.0,1195.6500244140625,88212
2022-03-31,1201.0,1277.949951171875,1192.6500244140625,1261.0,1305492
2022-04-01,1280.0,1296.050048828125,1240.0,1248.0,445433
2022-04-04,1266.0,1281.5999755859375,1248.0,1264.75,154669
2022-04-05,1275.0,1275.0,1230.0,1233.199951171875,190994
2022-04-06,1232.0,1238.5999755859375,1195.0999755859375,1218.5999755859375,487344
2022-04-07,1230.0,1259.949951171875,1225.4000244140625,1243.800048828125,364746
2022-04-08,1249.800048828125,1308.800048828125,1237.300048828125,1275.75,755280
2022-04-11,1280.0,1320.0,1273.0,1278.699951171875,368086
2022-04-12,1285.1500244140625,1289.5,1231.25,1255.0,144757
2022-04-13,1267.5999755859375,1273.050048828125,1227.5,1234.8499755859375,68881
2022-04-18,1234.6500244140625,1275.0,1224.4000244140625,1242.25,162894
2022-04-19,1254.050048828125,1265.0,1162.300048828125,1201.5,114121
2022-04-20,1200.0,1227.0,1172.0999755859375,1194.3499755859375,183665
2022-04-21,1200.3499755859375,1234.0,1197.050048828125,1208.800048828125,125733
2022-04-22,1209.5,1225.0,1187.550048828125,1193.3499755859375,137144
2022-04-25,1193.0,1198.0,1167.550048828125,1176.75,64606
2022-04-26,1198.5,1232.0,1184.0,1211.1500244140625,111402
2022-04-27,1191.5999755859375,1229.0,1183.699951171875,1194.8499755859375,107644
2022-04-28,1213.199951171875,1264.5,1201.199951171875,1251.5999755859375,178847
2022-04-29,1264.0,1271.949951171875,1200.0,1207.199951171875,115696
2022-05-02,1206.0,1281.949951171875,1200.050048828125,1253.0999755859375,551190
2022-05-04,1252.9000244140625,1258.9000244140625,1208.3499755859375,1240.5999755859375,203355
2022-05-05,1266.699951171875,1274.8499755859375,1195.3499755859375,1204.300048828125,98255
2022-05-06,1161.199951171875,1200.0,1143.800048828125,1164.0,318391
2022-05-09,1160.0,1178.5,1132.0,1146.699951171875,110304
2022-05-10,1170.0,1189.5,1136.0,1149.1500244140625,259921
2022-05-11,1157.0,1170.0,1060.550048828125,1080.699951171875,212547
2022-05-12,1075.0,1100.3499755859375,1040.0,1053.5999755859375,153638
2022-05-13,1083.050048828125,1169.800048828125,1073.550048828125,1149.550048828125,286397
2022-05-16,1148.0,1169.9000244140625,1137.949951171875,1155.6500244140625,133022
2022-05-17,1160.449951171875,1235.0,1140.0,1229.3499755859375,306504
2022-05-18,1233.0,1235.8499755859375,1198.0,1222.050048828125,166254
2022-05-19,1176.0,1244.6500244140625,1175.0,1219.550048828125,187005
2022-05-20,1242.0,1250.0,1219.5999755859375,1237.1500244140625,88027
2022-05-23,1247.25,1253.949951171875,1210.050048828125,1220.800048828125,62932
2022-05-24,1226.25,1227.699951171875,1185.0,1193.5,72503
2022-05-25,1193.5,1207.4000244140625,1101.0,1114.0,168055
2022-05-26,1112.5,1155.0,1098.800048828125,1149.0,187345
2022-05-27,1169.6500244140625,1210.0,1157.0,1205.050048828125,160152
2022-05-30,1236.5,1248.0,1223.3499755859375,1244.3499755859375,130344
2022-05-31,1269.5,1274.0,1217.0999755859375,1236.300048828125,221269
2022-06-01,1234.949951171875,1341.5,1232.699951171875,1297.25,788311
2022-06-02,1307.0,1377.3499755859375,1282.050048828125,1302.800048828125,803313
2022-06-03,1334.0,1334.0,1289.050048828125,1298.699951171875,245564
2022-06-06,1296.0,1312.949951171875,1288.050048828125,1299.5,126917
2022-06-07,1297.0,1349.6500244140625,1281.0999755859375,1316.9000244140625,267290
2022-06-08,1328.800048828125,1330.0,1283.050048828125,1301.1500244140625,164841
2022-06-09,1280.0,1310.0,1275.0,1299.050048828125,131687
2022-06-10,1275.0,1320.0,1275.0,1295.9000244140625,113899
2022-06-13,1279.800048828125,1319.800048828125,1255.550048828125,1265.300048828125,360874
2022-06-14,1260.0,1294.0,1242.0,1247.199951171875,769099
2022-06-15,1260.0,1284.75,1245.0,1258.6500244140625,229899
2022-06-16,1278.0,1283.0,1219.25,1237.9000244140625,365465
2022-06-17,1222.0,1254.3499755859375,1180.949951171875,1193.449951171875,195990
2022-06-20,1199.449951171875,1258.800048828125,1191.800048828125,1207.699951171875,527757
2022-06-21,1217.0,1220.699951171875,1184.199951171875,1193.050048828125,105656
2022-06-22,1196.449951171875,1200.050048828125,1140.4000244140625,1146.699951171875,119515
2022-06-23,1156.3499755859375,1203.0,1154.050048828125,1181.300048828125,137593
2022-06-24,1199.800048828125,1201.0,1171.3499755859375,1178.3499755859375,82383
2022-06-27,1202.9000244140625,1212.449951171875,1189.0,1200.449951171875,104684
2022-06-28,1203.8499755859375,1203.8499755859375,1163.6500244140625,1172.199951171875,119145
2022-06-29,1172.199951171875,1189.949951171875,1166.0,1169.4000244140625,120659
2022-06-30,1177.9000244140625,1179.0,1107.0999755859375,1152.550048828125,225841
2022-07-01,1152.550048828125,1208.0,1152.5,1197.9000244140625,340326
2022-07-04,1206.949951171875,1209.25,1190.050048828125,1197.5999755859375,91174
2022-07-05,1196.0,1225.8499755859375,1196.0,1216.550048828125,295493
2022-07-06,1213.050048828125,1242.4000244140625,1204.449951171875,1222.75,215296
2022-07-07,1230.550048828125,1239.75,1204.300048828125,1209.4000244140625,162330
2022-07-08,1219.9000244140625,1224.699951171875,1207.0,1211.1500244140625,382581
2022-07-11,1210.0,1223.199951171875,1200.5999755859375,1210.0,735836
2022-07-12,1208.6500244140625,1235.0,1185.0,1203.9000244140625,610165
2022-07-13,1208.0,1222.0,1198.699951171875,1209.8499755859375,142718
2022-07-14,1217.550048828125,1223.199951171875,1155.050048828125,1166.0999755859375,240872
2022-07-15,1173.449951171875,1205.0,1172.300048828125,1199.0999755859375,119282
2022-07-18,1209.9000244140625,1219.800048828125,1183.0,1194.5,194201
2022-07-19,1190.0,1207.0,1185.0,1200.300048828125,124106
2022-07-20,1208.699951171875,1249.5,1207.050048828125,1226.550048828125,322685
2022-07-21,1230.0,1230.0,1181.300048828125,1194.1500244140625,245759
2022-07-22,1198.9000244140625,1199.949951171875,1182.0,1187.6500244140625,86182
2022-07-25,1192.9000244140625,1224.0,1187.1500244140625,1198.699951171875,225988
2022-07-26,1198.4000244140625,1207.9000244140625,1178.199951171875,1200.0999755859375,161450
2022-07-27,1200.0,1220.0,1177.550048828125,1213.75,329203
2022-07-28,1220.0,1257.8499755859375,1218.0,1247.0999755859375,587642
2022-07-29,1255.0,1268.949951171875,1231.800048828125,1238.0,209035
2022-08-01,1239.800048828125,1268.0,1221.0,1255.3499755859375,145075
2022-08-02,1259.699951171875,1324.0999755859375,1255.5,1299.1500244140625,333788
2022-08-03,1306.0,1314.8499755859375,1275.1500244140625,1298.300048828125,195441
2022-08-04,1317.9000244140625,1400.0,1295.199951171875,1389.25,1095640
2022-08-05,1396.199951171875,1430.0,1361.0,1400.1500244140625,933481
2022-08-08,1407.0,1408.949951171875,1347.0,1355.949951171875,294949
2022-08-10,1356.0,1444.699951171875,1337.050048828125,1404.199951171875,631035
2022-08-11,1425.0,1428.6500244140625,1377.0,1391.0,305809
2022-08-12,1385.0,1410.449951171875,1380.0,1399.300048828125,259255
2022-08-16,1400.0,1427.25,1398.6500244140625,1416.3499755859375,304899
2022-08-17,1424.949951171875,1426.8499755859375,1403.050048828125,1408.8499755859375,155155
2022-08-18,1398.0,1404.800048828125,1362.9000244140625,1387.800048828125,138834
2022-08-19,1394.75,1404.949951171875,1384.5,1395.6500244140625,85670
2022-08-22,1385.699951171875,1414.449951171875,1360.449951171875,1386.199951171875,261878
2022-08-23,1369.4000244140625,1397.949951171875,1337.0,1390.1500244140625,84466
2022-08-24,1396.949951171875,1423.949951171875,1390.050048828125,1401.199951171875,162384
2022-08-25,1413.25,1458.0999755859375,1391.0,1403.3499755859375,292454
2022-08-26,1409.8499755859375,1415.25,1386.0999755859375,1400.800048828125,143233
2022-08-29,1350.0,1428.699951171875,1350.0,1413.050048828125,127367
2022-08-30,1405.0,1482.199951171875,1405.0,1472.0,353215
2022-09-01,1480.0,1505.0,1435.0,1441.8499755859375,372609
2022-09-02,1454.4000244140625,1467.9000244140625,1437.25,1444.199951171875,145983
2022-09-05,1453.949951171875,1499.0,1438.199951171875,1474.300048828125,419343
2022-09-06,1475.0999755859375,1508.800048828125,1475.0999755859375,1494.25,242597
2022-09-07,1495.75,1559.800048828125,1481.199951171875,1539.4000244140625,462442
2022-09-08,1552.0,1553.0,1527.199951171875,1536.9000244140625,185731
2022-09-09,1530.0,1566.0,1514.9000244140625,1536.0999755859375,174841
2022-09-12,1546.9000244140625,1606.949951171875,1541.050048828125,1596.5,380602
2022-09-13,1603.0,1603.0,1534.25,1542.5999755859375,289027
2022-09-14,1530.0,1551.300048828125,1511.0,1522.1500244140625,155216
2022-09-15,1522.1500244140625,1550.0,1515.300048828125,1524.75,140989
2022-09-16,1525.9000244140625,1535.449951171875,1465.550048828125,1501.6500244140625,172874
2022-09-19,1516.0,1534.699951171875,1491.8499755859375,1507.25,106135
2022-09-20,1514.9000244140625,1560.800048828125,1495.699951171875,1545.1500244140625,268405
2022-09-21,1538.0,1559.75,1482.25,1491.050048828125,271286
2022-09-22,1483.0,1512.300048828125,1478.0,1490.699951171875,67887
2022-09-23,1470.1500244140625,1488.949951171875,1441.199951171875,1450.449951171875,204138
2022-09-26,1436.0,1436.949951171875,1395.0,1401.050048828125,115067
2022-09-27,1405.0999755859375,1421.050048828125,1382.050048828125,1399.449951171875,77113
2022-09-28,1393.0,1444.949951171875,1387.050048828125,1409.550048828125,137281
2022-09-29,1433.0,1464.8499755859375,1415.449951171875,1430.949951171875,157626
2022-09-30,1418.0,1455.0,1394.4000244140625,1445.300048828125,132292
2022-10-03,1428.0999755859375,1436.25,1405.0,1411.8499755859375,80103
2022-10-04,1429.0,1432.8499755859375,1408.0,1415.0999755859375,84713
2022-10-06,1422.199951171875,1449.0,1420.0,1425.050048828125,81837
2022-10-07,1421.0,1425.949951171875,1411.0,1414.699951171875,131217
2022-10-10,1393.0,1425.0,1388.6500244140625,1408.0999755859375,80170
2022-10-11,1412.6500244140625,1425.0,1406.050048828125,1416.550048828125,77941
2022-10-12,1417.0,1435.0,1400.1500244140625,1432.1500244140625,162480
2022-10-13,1432.1500244140625,1481.949951171875,1422.25,1453.0999755859375,498594
2022-10-14,1487.0,1487.0,1425.050048828125,1432.9000244140625,170873
2022-10-17,1432.9000244140625,1465.0,1426.050048828125,1452.199951171875,113471
2022-10-18,1458.0,1506.0,1458.0,1494.050048828125,210437
2022-10-19,1510.0,1544.0,1471.800048828125,1526.5,223523
2022-10-20,1512.5999755859375,1539.1500244140625,1485.0,1496.4000244140625,89493
2022-10-21,1494.949951171875,1539.9000244140625,1490.0,1534.5,261242
2022-10-24,1570.0,1570.0,1521.0,1532.449951171875,30189
2022-10-25,1532.4000244140625,1654.5999755859375,1530.0,1630.3499755859375,851589
2022-10-27,1650.550048828125,1661.949951171875,1614.699951171875,1641.25,307241
2022-10-28,1635.0,1635.9000244140625,1580.0999755859375,1596.699951171875,238467
2022-10-31,1602.0,1648.5,1589.0,1615.199951171875,323844
2022-11-01,1613.0,1634.949951171875,1597.0,1600.6500244140625,206229
2022-11-02,1608.699951171875,1648.0,1584.8499755859375,1600.300048828125,407777
2022-11-03,1607.9000244140625,1608.949951171875,1587.300048828125,1598.6500244140625,193742
2022-11-04,1595.0,1603.0,1514.550048828125,1563.3499755859375,518952
2022-11-07,1571.800048828125,1596.0,1558.0,1564.199951171875,176515
2022-11-09,1574.0,1605.0,1554.0999755859375,1593.75,216269
2022-11-10,1593.0,1600.0,1565.0,1574.949951171875,111079
2022-11-11,1583.050048828125,1624.0,1583.050048828125,1599.949951171875,203112
2022-11-14,1607.949951171875,1620.0,1591.050048828125,1615.6500244140625,78841
2022-11-15,1614.0,1629.0,1599.050048828125,1611.5999755859375,73068
2022-11-16,1618.800048828125,1618.800048828125,1557.050048828125,1573.199951171875,111733
2022-11-17,1573.0,1648.0,1573.0,1625.3499755859375,160404
2022-11-18,1628.25,1656.0,1595.050048828125,1610.550048828125,460908
2022-11-21,1607.0,1630.0,1592.199951171875,1606.300048828125,112203
2022-11-22,1604.9000244140625,1629.9000244140625,1579.5,1599.050048828125,266761
2022-11-23,1599.199951171875,1637.949951171875,1550.050048828125,1571.3499755859375,115541
2022-11-24,1565.0,1590.0,1560.050048828125,1580.0,117204
2022-11-25,1587.0,1595.8499755859375,1562.0,1572.699951171875,30425
2022-11-28,1570.0,1601.0,1560.0,1593.300048828125,87831
2022-11-29,1593.300048828125,1611.9000244140625,1581.199951171875,1588.9000244140625,71684
2022-11-30,1590.5999755859375,1595.75,1503.0,1527.300048828125,378096
2022-12-01,1528.699951171875,1600.0,1528.699951171875,1586.300048828125,344610
2022-12-02,1585.0,1624.0,1580.699951171875,1616.3499755859375,193392
2022-12-05,1624.4000244140625,1644.0,1601.199951171875,1610.6500244140625,234630
2022-12-06,1610.0,1616.25,1568.0,1575.1500244140625,180421
2022-12-07,1575.050048828125,1588.300048828125,1565.0,1578.300048828125,91250
2022-12-08,1586.199951171875,1586.199951171875,1552.5,1565.75,95695
2022-12-09,1567.949951171875,1645.949951171875,1567.0,1614.75,107304
2022-12-12,1621.0,1621.0,1560.0,1568.300048828125,260089
2022-12-13,1573.949951171875,1573.949951171875,1520.0,1525.3499755859375,297320
2022-12-14,1526.5,1544.949951171875,1488.0,1524.8499755859375,347400
2022-12-15,1533.0,1548.0,1501.199951171875,1512.1500244140625,129628
2022-12-16,1514.0,1546.0,1505.9000244140625,1529.9000244140625,258752
2022-12-19,1529.9000244140625,1544.0,1520.050048828125,1537.1500244140625,145130
2022-12-20,1540.0,1544.699951171875,1500.300048828125,1508.699951171875,360828
2022-12-21,1515.0,1524.4000244140625,1465.5,1477.199951171875,98678
2022-12-22,1475.5,1502.5,1443.050048828125,1462.550048828125,257157
2022-12-23,1449.0,1449.0,1352.949951171875,1409.0,279056
2022-12-26,1410.0,1501.0,1385.25,1493.0999755859375,183410
2022-12-27,1500.0,1525.1500244140625,1474.199951171875,1498.1500244140625,108102
2022-12-28,1487.0,1495.9000244140625,1450.0,1466.25,120738
2022-12-29,1460.4000244140625,1463.300048828125,1436.949951171875,1448.8499755859375,633951
2022-12-30,1455.9000244140625,1499.949951171875,1451.1500244140625,1464.699951171875,76950
2023-01-02,1470.449951171875,1510.0,1465.0,1480.75,440094
2023-01-03,1488.0,1525.0,1466.3499755859375,1515.4000244140625,115418
2023-01-04,1515.550048828125,1529.800048828125,1501.0999755859375,1516.9000244140625,99376
2023-01-05,1516.9000244140625,1526.0,1493.0,1519.050048828125,261215
2023-01-06,1519.050048828125,1519.949951171875,1470.0,1489.9000244140625,90755
2023-01-09,1497.3499755859375,1507.0,1458.0,1489.949951171875,64639
2023-01-10,1489.949951171875,1489.949951171875,1438.0,1462.0,129373
2023-01-11,1469.25,1469.300048828125,1411.0999755859375,1426.3499755859375,293841
2023-01-12,1426.75,1446.0,1422.1500244140625,1436.75,127395
2023-01-13,1443.949951171875,1454.550048828125,1428.75,1435.699951171875,43741
2023-01-16,1435.699951171875,1447.75,1425.0,1433.0,37011
2023-01-17,1432.0,1462.0,1421.4000244140625,1448.699951171875,158052
2023-01-18,1465.0,1484.1500244140625,1452.0,1466.8499755859375,151142
2023-01-19,1468.699951171875,1556.6500244140625,1466.0,1539.75,456510
2023-01-20,1558.0,1563.949951171875,1501.449951171875,1517.1500244140625,182891
2023-01-23,1517.25,1541.0,1513.25,1531.050048828125,65678
2023-01-24,1550.0,1569.949951171875,1503.0,1514.0999755859375,285093
2023-01-25,1508.0,1554.8499755859375,1508.0,1550.550048828125,247475
2023-01-27,1558.0,1585.0,1542.0,1573.199951171875,332045
2023-01-30,1573.0,1620.3499755859375,1560.800048828125,1608.550048828125,278805
2023-01-31,1620.0,1653.5,1590.0,1615.6500244140625,337973
2023-02-01,1640.0,1696.0,1621.1500244140625,1660.9000244140625,357478
2023-02-02,1657.8499755859375,1730.949951171875,1652.050048828125,1668.699951171875,282330
2023-02-03,1682.9000244140625,1698.0,1655.050048828125,1677.9000244140625,169881
2023-02-06,1708.0,1726.0,1695.3499755859375,1713.4000244140625,252684
2023-02-07,1724.75,1728.949951171875,1700.0,1707.25,117805
2023-02-08,1707.25,1708.800048828125,1642.300048828125,1652.800048828125,127115
2023-02-09,1650.0,1668.949951171875,1630.0,1639.75,209045
2023-02-10,1638.9000244140625,1690.0,1630.0,1676.6500244140625,112926
2023-02-13,1685.050048828125,1689.949951171875,1612.0,1629.8499755859375,82352
2023-02-14,1633.0,1642.050048828125,1600.199951171875,1605.75,50555
2023-02-15,1581.8499755859375,1631.0,1558.0,1612.550048828125,220188
2023-02-16,1619.0,1685.0,1613.0,1677.699951171875,117120
2023-02-17,1676.800048828125,1717.949951171875,1665.050048828125,1699.949951171875,178331
2023-02-20,1705.0,1725.0,1663.550048828125,1701.9000244140625,134760
2023-02-21,1701.8499755859375,1708.949951171875,1664.0,1668.800048828125,68177
2023-02-22,1672.3499755859375,1677.1500244140625,1648.0,1654.3499755859375,86941
2023-02-23,1662.6500244140625,1677.949951171875,1626.1500244140625,1649.25,90795
2023-02-24,1657.1500244140625,1677.0,1648.300048828125,1657.800048828125,118865
2023-02-27,1633.0,1653.949951171875,1602.550048828125,1629.75,275238
2023-02-28,1637.9000244140625,1649.949951171875,1607.0999755859375,1625.25,69568
2023-03-01,1625.25,1684.800048828125,1625.25,1672.3499755859375,338616
2023-03-02,1650.0,1659.8499755859375,1618.0,1625.300048828125,134739
2023-03-03,1627.949951171875,1694.8499755859375,1622.25,1684.699951171875,175273
2023-03-06,1704.0,1738.0,1690.0,1718.1500244140625,204449
2023-03-08,1710.050048828125,1740.0,1697.1500244140625,1709.5,166029
2023-03-09,1710.0,1712.9000244140625,1664.0,1671.6500244140625,80285
2023-03-10,1664.0999755859375,1664.8499755859375,1626.449951171875,1646.9000244140625,88218
2023-03-13,1600.199951171875,1634.0,1554.050048828125,1580.199951171875,454437
2023-03-14,1581.25,1609.0999755859375,1561.25,1595.449951171875,99081
2023-03-15,1609.699951171875,1623.5999755859375,1589.0,1599.0999755859375,83380
2023-03-16,1599.800048828125,1616.0,1591.050048828125,1598.6500244140625,109251
2023-03-17,1617.4000244140625,1623.25,1603.0,1619.949951171875,73572
2023-03-20,1599.8499755859375,1608.449951171875,1557.050048828125,1596.3499755859375,93270
2023-03-21,1596.3499755859375,1629.699951171875,1591.25,1614.9000244140625,78279
2023-03-22,1615.0,1652.300048828125,1611.5,1641.199951171875,75408
2023-03-23,1640.0,1657.9000244140625,1630.050048828125,1652.1500244140625,72027
2023-03-24,1652.1500244140625,1681.9000244140625,1652.1500244140625,1662.300048828125,123028
2023-03-27,1669.9000244140625,1679.949951171875,1626.1500244140625,1675.4000244140625,76450
2023-03-28,1680.949951171875,1692.300048828125,1648.0,1661.550048828125,69701
2023-03-29,1662.0,1729.0,1661.0999755859375,1701.5999755859375,359298
2023-03-31,1713.949951171875,1744.0,1670.0,1698.6500244140625,361340
2023-04-03,1704.949951171875,1719.199951171875,1685.0,1696.699951171875,59470
2023-04-05,1727.949951171875,1820.0,1708.5999755859375,1744.3499755859375,720665
2023-04-06,1750.0,1798.0999755859375,1716.050048828125,1762.8499755859375,277338
2023-04-10,1777.949951171875,1777.949951171875,1702.5999755859375,1709.949951171875,157893
2023-04-11,1719.9000244140625,1769.8499755859375,1715.1500244140625,1751.9000244140625,391364
2023-04-12,1752.0,1766.9000244140625,1742.0,1753.1500244140625,53868
2023-04-13,1755.0,1779.0999755859375,1745.8499755859375,1753.949951171875,70383
2023-04-17,1770.0,1787.050048828125,1742.0999755859375,1779.6500244140625,108128
2023-04-18,1790.0,1792.550048828125,1768.0999755859375,1779.75,79674
2023-04-19,1775.0999755859375,1775.25,1745.0999755859375,1751.550048828125,110504
2023-04-20,1763.25,1763.25,1715.199951171875,1738.0,182620
2023-04-21,1759.0,1764.199951171875,1739.3499755859375,1749.1500244140625,66898
2023-04-24,1761.0,1795.0,1748.5,1790.0999755859375,193396
2023-04-25,1799.0,1800.0,1775.4000244140625,1789.5,194735
2023-04-26,1785.0,1900.0,1773.199951171875,1890.6500244140625,1097431
2023-04-27,1890.0,1901.0,1865.0,1898.3499755859375,165034
2023-04-28,1900.449951171875,1922.550048828125,1883.050048828125,1895.050048828125,275394
2023-05-02,1924.0,1940.0,1860.0,1883.5,222312
2023-05-03,1935.0,1935.0,1825.5,1836.1500244140625,434582
2023-05-04,1836.1500244140625,1931.5999755859375,1817.5,1911.3499755859375,277814
2023-05-05,1913.050048828125,1999.0,1910.8499755859375,1936.4000244140625,540972
2023-05-08,1953.0,2009.0,1931.0,1986.9000244140625,447623
2023-05-09,2004.0999755859375,2095.0,1992.3499755859375,2069.949951171875,381103
2023-05-10,2075.050048828125,2090.0,1925.0,1979.199951171875,281618
2023-05-11,1997.6500244140625,2097.0,1965.5,2074.550048828125,276335
2023-05-12,2080.0,2080.0,2025.050048828125,2034.0,219143
2023-05-15,2045.0,2047.449951171875,1994.550048828125,2003.1500244140625,115021
2023-05-16,2022.0,2060.300048828125,1993.199951171875,2005.4000244140625,238651
2023-05-17,2007.9000244140625,2012.949951171875,1965.0999755859375,1971.800048828125,105380
2023-05-18,1975.199951171875,1988.949951171875,1912.0,1920.800048828125,296751
2023-05-19,1934.949951171875,2035.0,1930.050048828125,2024.949951171875,856971
2023-05-22,2036.800048828125,2036.800048828125,1980.0,2000.699951171875,94315
2023-05-23,2015.25,2046.0,1982.300048828125,1994.300048828125,129360
2023-05-24,1999.800048828125,2026.0,1950.0,1959.949951171875,146761
2023-05-25,1968.800048828125,2009.0,1950.050048828125,1988.5999755859375,139853
2023-05-26,1996.9000244140625,2015.0,1980.0,2001.75,99750
2023-05-29,2000.0,2028.449951171875,1984.199951171875,1993.0999755859375,183379
2023-05-30,1993.0999755859375,2020.0,1989.8499755859375,1997.25,74776
2023-05-31,2004.0,2030.0,1987.0,1997.1500244140625,156500
2023-06-01,1997.1500244140625,2068.0,1997.0,2058.0,306978
2023-06-02,2068.89990234375,2122.39990234375,2050.25,2094.300048828125,301987
2023-06-05,2114.0,2144.699951171875,2095.25,2115.050048828125,153265
2023-06-06,2125.0,2144.699951171875,2085.0,2091.89990234375,316724
2023-06-07,2092.550048828125,2179.0,2092.5,2166.050048828125,269961
2023-06-08,2177.0,2183.449951171875,2120.050048828125,2131.5,106095
2023-06-09,2135.10009765625,2161.0,2088.0,2103.550048828125,103735
2023-06-12,2120.64990234375,2125.14990234375,2051.199951171875,2069.949951171875,174327
2023-06-13,2085.0,2114.0,2048.300048828125,2104.550048828125,137294
2023-06-14,2121.35009765625,2233.14990234375,2115.0,2205.699951171875,911788
2023-06-15,2219.0,2375.0,2182.050048828125,2312.550048828125,398499
2023-06-16,2300.0,2311.949951171875,2238.85009765625,2242.89990234375,239670
2023-06-19,2261.39990234375,2261.5,2201.050048828125,2238.800048828125,168537
2023-06-20,2258.800048828125,2258.800048828125,2216.0,2234.300048828125,95112
2023-06-21,2244.0,2260.0,2222.10009765625,2240.5,133110
2023-06-22,2242.60009765625,2392.0,2242.60009765625,2353.60009765625,1188034
2023-06-23,2366.85009765625,2370.0,2320.050048828125,2343.25,300328
2023-06-26,2358.550048828125,2358.550048828125,2315.0,2349.25,133192
2023-06-27,2349.25,2362.0,2329.0,2345.550048828125,110812
2023-06-28,2364.0,2364.0,2295.050048828125,2318.800048828125,94901
2023-06-30,2333.949951171875,2334.85009765625,2285.0,2315.60009765625,90608
2023-07-03,2323.949951171875,2334.75,2276.5,2293.39990234375,86057
2023-07-04,2303.949951171875,2359.0,2303.39990234375,2329.449951171875,156280
2023-07-05,2347.949951171875,2347.949951171875,2325.050048828125,2328.85009765625,97318
2023-07-06,2337.949951171875,2352.5,2292.14990234375,2311.60009765625,137876
2023-07-07,2305.0,2334.949951171875,2292.050048828125,2308.75,56078
2023-07-10,2325.0,2340.0,2290.050048828125,2299.550048828125,75541
2023-07-11,2300.39990234375,2385.0,2292.550048828125,2364.5,128198
2023-07-12,2377.85009765625,2433.699951171875,2342.64990234375,2420.949951171875,228569
2023-07-13,2444.800048828125,2462.949951171875,2418.25,2433.64990234375,130802
2023-07-14,2445.85009765625,2464.89990234375,2427.64990234375,2446.449951171875,93974
2023-07-17,2450.0,2459.0,2410.449951171875,2422.050048828125,77156
2023-07-18,2440.25,2474.699951171875,2365.39990234375,2439.449951171875,404636
2023-07-19,2449.449951171875,2815.14990234375,2441.199951171875,2563.10009765625,2730713
2023-07-20,2591.949951171875,2624.0,2544.89990234375,2570.75,440085
2023-07-21,2569.949951171875,2640.0,2550.0,2568.75,425969
2023-07-24,2582.89990234375,2654.5,2563.64990234375,2623.0,221077
2023-07-25,2636.14990234375,2644.0,2566.199951171875,2587.800048828125,136068
2023-07-26,2606.0,2606.0,2406.25,2477.550048828125,415893
2023-07-27,2499.300048828125,2518.85009765625,2451.0,2497.5,193278
2023-07-28,2496.949951171875,2506.800048828125,2430.0,2437.60009765625,164773
2023-07-31,2460.0,2487.89990234375,2405.5,2429.550048828125,279900
2023-08-01,2300.0,2406.25,2225.10009765625,2270.35009765625,2364777
2023-08-02,2275.050048828125,2411.89990234375,2275.050048828125,2372.75,1136598
2023-08-03,2356.0,2402.699951171875,2314.25,2337.699951171875,275212
2023-08-04,2340.0,2444.5,2337.0,2425.050048828125,462360
2023-08-07,2455.39990234375,2462.35009765625,2362.0,2374.35009765625,216418
2023-08-08,2428.0,2473.89990234375,2403.10009765625,2421.449951171875,392503
2023-08-09,2425.0,2441.89990234375,2400.0,2412.800048828125,119973
2023-08-10,2419.5,2439.5,2350.199951171875,2366.050048828125,122585
2023-08-11,2377.800048828125,2381.949951171875,2321.0,2328.699951171875,129798
2023-08-14,2325.0,2328.699951171875,2268.64990234375,2278.949951171875,151844
2023-08-16,2280.14990234375,2366.800048828125,2223.0,2345.64990234375,212987
2023-08-17,2356.89990234375,2454.14990234375,2350.0,2415.300048828125,361173
2023-08-18,2428.949951171875,2485.949951171875,2422.0,2454.75,573159
2023-08-21,2485.14990234375,2529.0,2474.60009765625,2522.89990234375,441391
2023-08-22,2550.0,2562.0,2533.449951171875,2545.550048828125,157055
2023-08-23,2545.0,2593.449951171875,2526.050048828125,2580.0,147239
2023-08-24,2598.800048828125,2627.0,2590.0,2618.25,290762
2023-08-25,2600.0,2630.0,2556.10009765625,2614.60009765625,196170
2023-08-28,2626.0,2638.5,2595.050048828125,2607.449951171875,266512
2023-08-29,2608.39990234375,2628.0,2585.0,2618.949951171875,99043
2023-08-30,2635.0,2717.85009765625,2631.199951171875,2684.14990234375,451237
2023-08-31,2699.949951171875,2719.89990234375,2666.300048828125,2707.5,239004
2023-09-01,2712.550048828125,2724.949951171875,2662.25,2681.39990234375,187873
2023-09-04,2681.300048828125,2689.85009765625,2595.0,2603.89990234375,201320
2023-09-05,2638.0,2657.800048828125,2586.050048828125,2627.39990234375,200772
2023-09-06,2640.550048828125,2640.85009765625,2560.199951171875,2567.14990234375,203543
2023-09-07,2588.85009765625,2588.85009765625,2539.949951171875,2547.800048828125,207312
2023-09-08,2564.800048828125,2568.89990234375,2476.35009765625,2518.449951171875,345522
2023-09-11,2545.300048828125,2599.85009765625,2530.050048828125,2593.050048828125,312594
2023-09-12,2613.949951171875,2643.300048828125,2503.550048828125,2563.85009765625,483036
2023-09-13,2565.0,2604.949951171875,2485.10009765625,2576.10009765625,242626
2023-09-14,2593.89990234375,2646.699951171875,2578.10009765625,2630.300048828125,197236
2023-09-15,2643.5,2672.0,2595.199951171875,2651.64990234375,338057
2023-09-18,2682.75,2682.75,2605.5,2627.050048828125,276325
2023-09-20,2627.0,2633.25,2581.35009765625,2597.89990234375,150192
2023-09-21,2597.89990234375,2597.89990234375,2560.0,2573.60009765625,106617
2023-09-22,2564.0,2570.0,2431.300048828125,2479.699951171875,404893
2023-09-25,2431.0,2479.699951171875,2363.0,2415.35009765625,372051
2023-09-26,2436.14990234375,2557.0,2435.75,2508.949951171875,491368
2023-09-27,2525.0,2626.050048828125,2505.0,2617.14990234375,423911
2023-09-28,2617.14990234375,2671.0,2600.0,2658.800048828125,321974
2023-09-29,2665.0,2669.949951171875,2616.0,2653.199951171875,275756
2023-10-03,2659.89990234375,2725.0,2575.0,2700.60009765625,392069
2023-10-04,2709.0,2710.0,2640.0,2655.25,346847
2023-10-05,2679.89990234375,2735.0,2624.0,2698.0,520925
2023-10-06,2700.0,2740.0,2698.0,2725.800048828125,205213
2023-10-09,2657.949951171875,2709.800048828125,2644.949951171875,2672.699951171875,173841
2023-10-10,2697.949951171875,2718.64990234375,2665.0,2684.0,182368
2023-10-11,2697.0,2701.449951171875,2650.949951171875,2670.5,314798
2023-10-12,2684.0,2705.89990234375,2675.050048828125,2698.550048828125,198401
2023-10-13,2691.0,2765.949951171875,2691.0,2713.60009765625,168334
2023-10-16,2742.0,2755.5,2665.699951171875,2684.449951171875,121084
2023-10-17,2709.89990234375,2730.0,2670.0,2685.64990234375,170963
2023-10-18,2706.699951171875,2744.5,2692.25,2722.449951171875,194343
2023-10-19,2715.0,2720.0,2655.050048828125,2665.050048828125,147301
2023-10-20,2665.050048828125,2690.0,2621.25,2629.199951171875,86450
2023-10-23,2629.199951171875,2629.199951171875,2526.5,2545.89990234375,273059
2023-10-25,2545.89990234375,2558.64990234375,2356.60009765625,2450.10009765625,433461
2023-10-26,2450.10009765625,2524.85009765625,2361.14990234375,2494.25,290303
2023-10-27,2538.449951171875,2552.0,2494.0,2510.300048828125,151416
2023-10-30,2519.89990234375,2519.89990234375,2408.35009765625,2472.25,296043
2023-10-31,2430.0,2437.85009765625,2321.10009765625,2402.39990234375,530865
2023-11-01,2452.0,2494.0,2411.64990234375,2470.10009765625,629811
2023-11-02,2505.0,2622.0,2500.0,2585.699951171875,757976
2023-11-03,2586.0,2648.39990234375,2555.300048828125,2570.0,277805
2023-11-06,2604.699951171875,2628.0,2564.050048828125,2593.10009765625,116235
2023-11-07,2593.10009765625,2595.75,2552.5,2566.60009765625,68178
2023-11-08,2575.050048828125,2585.0,2523.39990234375,2556.35009765625,100906
2023-11-09,2568.0,2575.89990234375,2515.5,2528.5,114032
2023-11-10,2507.0,2598.0,2485.0,2575.449951171875,242057
2023-11-13,2584.89990234375,2593.85009765625,2556.949951171875,2579.050048828125,122805
2023-11-15,2600.550048828125,2602.0,2547.0,2553.199951171875,201096
2023-11-16,2569.800048828125,2675.0,2553.25,2666.39990234375,327435
2023-11-17,2665.0,2820.0,2629.64990234375,2722.75,773780
2023-11-20,2722.75,2814.0,2693.050048828125,2774.800048828125,547577
2023-11-21,2800.0,2998.949951171875,2786.199951171875,2965.35009765625,1027821
2023-11-22,2959.949951171875,2959.949951171875,2816.0,2847.89990234375,468966
2023-11-23,2863.89990234375,2874.0,2773.050048828125,2802.75,298929
2023-11-24,2824.0,2883.14990234375,2800.0,2808.0,174816
2023-11-28,2832.0,2846.89990234375,2740.0,2760.550048828125,252864
2023-11-29,2790.0,2811.0,2740.050048828125,2801.050048828125,180749
2023-11-30,2809.0,2895.0,2801.0,2880.550048828125,236920
2023-12-01,2894.89990234375,2951.0,2855.10009765625,2870.550048828125,135852
2023-12-04,2888.949951171875,2903.550048828125,2840.699951171875,2871.5,143752
2023-12-05,2889.949951171875,2964.5,2870.64990234375,2925.89990234375,258464
2023-12-06,2940.5,2952.550048828125,2858.050048828125,2901.800048828125,298338
2023-12-07,2901.949951171875,3060.0,2893.64990234375,3032.25,873692
2023-12-08,3030.050048828125,3031.14990234375,2958.0,2966.60009765625,172026
2023-12-11,2974.0,2995.949951171875,2918.050048828125,2930.35009765625,211079
2023-12-12,2950.0,3030.0,2950.0,2963.300048828125,214391
2023-12-13,2963.300048828125,3021.300048828125,2943.449951171875,3012.75,163635
2023-12-14,3029.0,3153.949951171875,3000.0,3045.25,461627
2023-12-15,3076.0,3127.5,3001.050048828125,3075.89990234375,245279
2023-12-18,3049.0,3050.0,3010.14990234375,3037.10009765625,131499
2023-12-19,3030.0,3053.5,2975.050048828125,2983.35009765625,363943
2023-12-20,3050.0,3050.0,2930.0,2979.39990234375,219556
2023-12-21,2944.949951171875,2989.0,2848.550048828125,2959.75,351149
2023-12-22,2985.0,3076.0,2970.0,3056.64990234375,250175
2023-12-26,3065.0,3087.0,3037.550048828125,3061.75,105637
2023-12-27,3084.0,3199.0,3067.35009765625,3123.300048828125,288120
2023-12-28,3126.14990234375,3308.0,3126.14990234375,3286.699951171875,611727
2023-12-29,3278.0,3284.949951171875,3214.449951171875,3249.449951171875,199794
2024-01-01,3249.949951171875,3249.949951171875,3167.0,3192.75,147099
2024-01-02,3198.949951171875,3225.0,3114.050048828125,3183.300048828125,173926
2024-01-03,3208.550048828125,3259.949951171875,3131.10009765625,3226.449951171875,175970
2024-01-04,3258.60009765625,3415.0,3240.449951171875,3345.89990234375,420591
2024-01-05,3390.10009765625,3416.0,3316.0,3380.25,163745
2024-01-08,3404.949951171875,3418.85009765625,3294.0,3314.39990234375,196051
2024-01-09,3387.949951171875,3387.949951171875,3200.0,3220.85009765625,219380
2024-01-10,3220.949951171875,3290.85009765625,3137.949951171875,3148.199951171875,208506
2024-01-11,3085.199951171875,3088.949951171875,2822.449951171875,2980.949951171875,2342717
2024-01-12,3039.949951171875,3039.949951171875,2976.10009765625,2988.0,460861
2024-01-15,3025.0,3060.449951171875,2992.35009765625,3012.89990234375,430646
2024-01-16,3034.0,3079.800048828125,3015.75,3062.75,400705
2024-01-17,3050.0,3164.0,3020.0,3149.949951171875,345298
2024-01-18,3143.050048828125,3168.10009765625,3057.699951171875,3140.39990234375,333355
2024-01-19,3147.0,3159.0,3026.949951171875,3112.85009765625,369313
2024-01-23,3029.0,3142.050048828125,2977.050048828125,3014.25,355554
2024-01-24,3050.0,3360.0,2994.35009765625,3314.75,1351575
2024-01-25,3318.0,3318.0,3161.5,3183.0,342393
2024-01-29,3199.800048828125,3221.75,3119.050048828125,3193.14990234375,285287
2024-01-30,3228.64990234375,3249.89990234375,3040.0,3061.949951171875,330910
2024-01-31,3080.89990234375,3215.0,3050.0,3193.10009765625,300884
2024-02-01,3217.699951171875,3217.699951171875,3135.10009765625,3158.550048828125,89462
2024-02-02,3178.0,3240.0,3161.35009765625,3200.800048828125,152460
2024-02-05,3200.75,3204.050048828125,3135.0,3172.64990234375,92970
2024-02-06,3188.550048828125,3295.60009765625,3184.050048828125,3259.89990234375,258068
2024-02-07,3269.5,3319.0,3240.14990234375,3295.25,120893
2024-02-08,3300.0,3369.800048828125,3218.89990234375,3228.35009765625,177028
2024-02-09,3260.0,3339.0,3184.5,3320.0,213348
2024-02-12,3348.89990234375,3348.89990234375,3200.0,3220.64990234375,114560
2024-02-13,3225.0,3326.800048828125,3180.0,3305.25,116487
2024-02-14,3250.0,3319.949951171875,3201.0,3307.89990234375,90283
2024-02-15,3317.75,3359.10009765625,3296.89990234375,3328.699951171875,98488
2024-02-16,3331.0,3378.449951171875,3268.75,3274.5,174215
2024-02-19,3281.0,3309.89990234375,3200.050048828125,3276.14990234375,148258
2024-02-20,3275.0,3300.39990234375,3252.800048828125,3291.0,120005
2024-02-21,3294.050048828125,3299.699951171875,3200.0,3210.449951171875,110341
2024-02-22,3222.75,3222.75,3100.0,3116.199951171875,210071
2024-02-23,3136.25,3196.89990234375,3092.550048828125,3159.800048828125,304576
2024-02-26,3159.800048828125,3204.60009765625,3128.0,3183.60009765625,231860
2024-02-27,3180.0,3290.0,3165.10009765625,3262.10009765625,197113
2024-02-28,3280.0,3314.75,3238.449951171875,3268.050048828125,139443
2024-02-29,3269.949951171875,3283.14990234375,3195.0,3210.75,177010
2024-03-01,3230.0,3249.949951171875,3195.0,3207.14990234375,82358
2024-03-04,3215.89990234375,3444.949951171875,3206.39990234375,3420.39990234375,574464
2024-03-05,3422.14990234375,3438.75,3358.60009765625,3382.25,170976
2024-03-06,3379.949951171875,3397.199951171875,3225.0,3356.550048828125,224695
2024-03-07,3356.550048828125,3410.0,3293.550048828125,3394.75,198796
2024-03-11,3439.60009765625,3475.0,3326.0,3352.800048828125,176591
2024-03-12,3359.89990234375,3378.050048828125,3260.050048828125,3266.75,94662
2024-03-13,3266.75,3283.949951171875,2950.050048828125,3005.550048828125,362409
2024-03-14,3003.5,3144.699951171875,2900.10009765625,3097.64990234375,321260
2024-03-15,3103.85009765625,3275.0,3060.10009765625,3217.89990234375,309103
2024-03-18,3214.89990234375,3221.550048828125,3112.5,3184.14990234375,193304
2024-03-19,3185.25,3324.949951171875,3169.64990234375,3301.550048828125,399577
2024-03-20,3300.10009765625,3432.0,3206.60009765625,3420.10009765625,407532
2024-03-21,3440.0,3464.949951171875,3340.39990234375,3405.10009765625,362859
2024-03-22,3405.10009765625,3472.75,3367.35009765625,3422.949951171875,143188
2024-03-26,3422.949951171875,3510.0,3362.0,3473.85009765625,175861
2024-03-27,3530.0,3593.0,3437.449951171875,3476.300048828125,566239
2024-03-28,3524.0,3530.0,3428.14990234375,3459.800048828125,121508
2024-04-01,3465.0,3624.699951171875,3444.85009765625,3500.199951171875,291555
2024-04-02,3504.800048828125,3573.449951171875,3466.0,3505.699951171875,225687
2024-04-03,3502.89990234375,3564.050048828125,3436.199951171875,3466.35009765625,245999
2024-04-04,3477.800048828125,3602.0,3437.800048828125,3586.949951171875,252338
2024-04-05,3589.0,3667.39990234375,3508.0,3574.199951171875,246902
2024-04-08,3600.050048828125,3817.0,3600.050048828125,3764.0,508093
2024-04-09,3807.949951171875,3807.949951171875,3662.0,3700.39990234375,252824
2024-04-10,3737.0,3830.0,3709.75,3801.39990234375,226878
2024-04-12,3804.14990234375,4043.0,3804.14990234375,3992.550048828125,872342
2024-04-15,3930.0,4039.0,3788.75,4005.14990234375,601366
2024-04-16,3947.14990234375,3976.949951171875,3836.0,3849.199951171875,372639
2024-04-18,3842.050048828125,3927.75,3771.949951171875,3792.699951171875,369685
2024-04-19,3758.949951171875,3884.35009765625,3751.0,3759.14990234375,199296
2024-04-22,3798.0,3855.0,3731.85009765625,3818.25,160608
2024-04-23,3862.39990234375,4049.89990234375,3840.14990234375,4016.75,487913
2024-04-24,4006.800048828125,4117.0,3929.14990234375,3949.050048828125,224574
2024-04-25,3955.0,3964.60009765625,3897.0,3918.14990234375,135590
2024-04-26,3919.0,3956.89990234375,3855.0,3897.14990234375,107344
2024-04-29,3950.0,3964.0,3812.35009765625,3846.10009765625,173482
2024-04-30,3884.14990234375,4030.0,3870.0,3995.60009765625,293819
2024-05-02,4046.0,4073.89990234375,3957.60009765625,3999.0,233416
2024-05-03,4100.0,4102.0,3880.0,3892.85009765625,561539
2024-05-06,3939.0,3939.0,3762.25,3798.14990234375,263366
2024-05-07,3828.0,3860.0,3770.199951171875,3834.75,218127
2024-05-08,3835.0,3837.0,3725.0,3773.35009765625,264257
2024-05-09,3780.0,3888.0,3768.699951171875,3841.64990234375,234632
2024-05-10,3888.699951171875,3973.800048828125,3806.300048828125,3928.5,224910
2024-05-13,3953.89990234375,3953.89990234375,3815.0,3905.050048828125,195636
2024-05-14,3895.199951171875,4084.39990234375,3883.85009765625,4066.550048828125,348261
2024-05-15,4064.050048828125,4137.9501953125,4007.699951171875,4050.300048828125,241513
2024-05-16,4000.0,4263.0,3972.550048828125,4248.64990234375,507594
2024-05-17,4248.64990234375,4248.64990234375,4153.10009765625,4168.7998046875,190087
2024-05-21,4250.0,4251.0,4100.0,4133.5,225438
2024-05-22,4149.9501953125,4197.4501953125,4103.0,4160.5,128255
2024-05-23,4101.35009765625,4300.0,4101.35009765625,4286.2998046875,204554
2024-05-24,4253.0,4350.0,4240.0498046875,4284.35009765625,140378
2024-05-27,4289.9501953125,4299.89990234375,4150.0,4171.14990234375,217676
2024-05-28,4184.0,4271.0498046875,4130.60009765625,4142.0498046875,163755
2024-05-29,4152.10009765625,4222.0,4119.0,4207.9501953125,106969
2024-05-30,4220.0,4233.60009765625,4067.39990234375,4097.0498046875,104178
2024-05-31,4110.0,4177.9501953125,4065.0,4099.7998046875,245848
2024-06-03,4200.0,4250.0,4142.7001953125,4207.5498046875,161467
2024-06-04,4235.0,4284.0,3375.60009765625,4068.89990234375,401664
2024-06-05,4150.0,4150.0,3860.75,4089.10009765625,346365
2024-06-06,4128.0,4191.0,4091.949951171875,4135.89990234375,212289
2024-06-07,4187.9501953125,4299.0,4141.75,4220.89990234375,169590
2024-06-10,4300.0,4618.39990234375,4270.0,4565.7001953125,638699
2024-06-11,4575.0,4676.9501953125,4434.14990234375,4503.2998046875,371758
2024-06-12,4520.0,4683.25,4482.2001953125,4658.9501953125,314421
2024-06-13,4700.0,4889.0,4683.35009765625,4825.89990234375,488106
2024-06-14,4805.0,5039.7001953125,4721.4501953125,4799.7001953125,531231
2024-06-18,4829.7998046875,4844.9501953125,4681.0,4690.2998046875,264532
2024-06-19,4700.0,4701.5498046875,4422.0,4435.35009765625,482325
2024-06-20,4420.35009765625,4456.85009765625,4301.0498046875,4422.25,568497
2024-06-21,4450.0,4580.0,4392.2998046875,4556.4501953125,442218
2024-06-24,4599.14990234375,4621.25,4450.0,4472.85009765625,416935
2024-06-25,4533.0498046875,4575.35009765625,4485.14990234375,4500.0,233927
2024-06-26,4477.0,4531.0498046875,4409.85009765625,4420.39990234375,200782
2024-06-27,4484.89990234375,4505.0,4434.85009765625,4491.89990234375,444170
2024-06-28,4530.0,4530.0,4385.0,4419.89990234375,403797
2024-07-01,4486.0,4499.0498046875,4401.0,4481.35009765625,192011
2024-07-02,4495.0,4590.0,4465.0,4551.39990234375,308007
2024-07-03,4603.0,4606.0,4480.0,4508.10009765625,249421
2024-07-04,4530.0,4696.0,4530.0,4685.7998046875,279099
2024-07-05,4680.5498046875,4770.0,4590.64990234375,4691.4501953125,263431
2024-07-08,4680.0,4709.9501953125,4586.0,4602.89990234375,120817
2024-07-09,4690.0,4690.0,4510.0498046875,4564.60009765625,139098
2024-07-10,4599.9501953125,4651.0,4450.0,4524.4501953125,168596
2024-07-11,4538.25,4545.25,4445.5,4505.85009765625,120805
2024-07-12,4510.0,4620.0,4510.0,4594.35009765625,194457
2024-07-15,4610.0,4665.0498046875,4595.0,4622.85009765625,106895
2024-07-16,4669.0,4669.0,4466.0,4479.89990234375,138365
2024-07-18,4550.0,4550.0,4242.4501953125,4266.0,413754
2024-07-19,4264.0498046875,4276.85009765625,3990.0,4011.85009765625,595668
2024-07-22,4011.85009765625,4143.4501953125,3926.0,4121.2998046875,446554
2024-07-23,4148.0498046875,4199.85009765625,3985.14990234375,4177.35009765625,278594
2024-07-24,4220.0,4310.0,4145.5498046875,4175.2001953125,255414
2024-07-25,4175.2001953125,4262.9501953125,4126.25,4234.14990234375,148349
2024-07-26,4250.0,4370.0,4223.14990234375,4356.75,188885
2024-07-29,4400.0,4428.2001953125,4234.0,4328.5,357983
2024-07-30,4410.0,4480.0,4291.0,4307.0498046875,463177
2024-07-31,4307.0498046875,4440.0,4305.64990234375,4329.85009765625,274376
2024-08-01,4382.9501953125,4386.85009765625,4313.0,4333.75,116152
2024-08-02,4314.0,4323.64990234375,4220.0,4246.2001953125,107588
2024-08-05,4110.0,4177.39990234375,4027.800048828125,4040.75,228324
2024-08-06,4112.9501953125,4140.7001953125,3950.050048828125,3988.949951171875,248884
2024-08-07,4090.0,4170.2001953125,4001.0,4137.2001953125,163041
2024-08-08,4130.0,4165.7998046875,4083.5,4133.10009765625,158282
2024-08-09,4163.0498046875,4253.0,4163.0,4224.25,118270
2024-08-12,4222.14990234375,4325.0,4159.64990234375,4304.5,119023
2024-08-13,4290.0,4369.0498046875,4253.5498046875,4338.75,112684
2024-08-14,4334.9501953125,4334.9501953125,4202.10009765625,4289.60009765625,107558
2024-08-16,4320.0,4385.0,4272.5498046875,4298.2001953125,120199
2024-08-19,4300.0,4379.9501953125,4300.0,4367.35009765625,107939
2024-08-20,4550.0,4779.89990234375,4475.0,4709.0,1460593
2024-08-21,4715.4501953125,4730.0,4635.0,4674.0498046875,207750
2024-08-22,4714.9501953125,4714.9501953125,4595.25,4700.7001953125,305227
2024-08-23,4700.0,4723.5,4609.0,4633.2001953125,211182
2024-08-26,4674.7998046875,4693.0,4531.10009765625,4546.85009765625,130941
2024-08-27,4509.5,4618.0,4509.39990234375,4546.2001953125,84288
2024-08-28,4569.89990234375,4594.9501953125,4505.5498046875,4544.14990234375,80855
2024-08-29,4575.0,4579.0,4509.0,4549.5,219833
2024-08-30,4578.25,4630.60009765625,4525.0498046875,4609.7998046875,112405
2024-09-02,4647.5,4647.5,4505.5498046875,4512.2001953125,93293
2024-09-03,4537.5,4547.85009765625,4448.39990234375,4457.64990234375,117092
2024-09-04,4429.4501953125,4572.89990234375,4412.35009765625,4489.25,168231
2024-09-05,4494.0,4518.7998046875,4455.25,4485.60009765625,164697
2024-09-06,4485.60009765625,4502.0,4405.0,4421.64990234375,74305
2024-09-09,4398.9501953125,4419.0,4311.5,4355.5498046875,268497
2024-09-10,4352.7998046875,4499.9501953125,4350.5498046875,4402.7998046875,175514
2024-09-11,4402.85009765625,4458.9501953125,4353.2001953125,4377.35009765625,224020
2024-09-12,4438.4501953125,4481.10009765625,4380.0498046875,4403.2001953125,100226
2024-09-13,4418.7001953125,4464.2998046875,4391.14990234375,4441.5,168561
2024-09-16,4497.9501953125,4506.0,4410.89990234375,4427.60009765625,134706
2024-09-17,4474.4501953125,4474.4501953125,4387.5498046875,4425.10009765625,220638
2024-09-18,4459.4501953125,4581.7998046875,4415.0498046875,4501.14990234375,247647
2024-09-19,4535.75,4560.0,4362.0498046875,4394.7998046875,252327
2024-09-20,4384.7998046875,4384.7998046875,4243.0,4284.85009765625,1048476
2024-09-23,4354.60009765625,4370.0,4200.0,4210.85009765625,303904
2024-09-24,4210.85009765625,4313.75,4150.2001953125,4305.5498046875,328785
2024-09-25,4309.89990234375,4315.0,4207.0,4225.5,140232
2024-09-26,4232.89990234375,4232.89990234375,4183.0498046875,4196.7998046875,148166
2024-09-27,4228.7998046875,4254.9501953125,4190.0,4200.2001953125,332059
2024-09-30,4143.64990234375,4309.9501953125,4143.64990234375,4297.2998046875,332491
2024-10-01,4290.0,4325.0,4202.0,4317.0498046875,168408
2024-10-03,4248.0,4320.0,4218.0,4268.89990234375,232658
2024-10-04,4270.0,4320.0,4153.9501953125,4285.39990234375,260212
2024-10-07,4260.0,4288.89990234375,4053.550048828125,4107.89990234375,238565
2024-10-08,4052.14990234375,4218.10009765625,4022.550048828125,4201.75,507625
2024-10-09,4240.0,4411.4501953125,4175.7998046875,4394.9501953125,290728
2024-10-10,4405.85009765625,4553.0,4375.0498046875,4528.7998046875,312943
2024-10-11,4563.75,4606.0,4468.2998046875,4575.9501953125,179913
2024-10-14,4600.9501953125,4619.89990234375,4541.9501953125,4579.35009765625,123056
2024-10-15,4579.5498046875,4725.0,4551.14990234375,4690.64990234375,420269
2024-10-16,4589.9501953125,4590.0,4151.39990234375,4384.7998046875,2539999
2024-10-17,4419.9501953125,4420.0,4115.0,4144.5498046875,1366014
2024-10-18,4111.5,4185.0,3980.050048828125,4057.550048828125,836796
2024-10-21,4095.14990234375,4115.0,4041.050048828125,4059.64990234375,306633
2024-10-22,4062.449951171875,4088.0,4000.0,4002.39990234375,364073
2024-10-23,4000.0,4139.7001953125,3926.550048828125,4051.550048828125,359027
2024-10-24,4089.0,4098.9501953125,3953.14990234375,3961.64990234375,250850
2024-10-25,3999.300048828125,4004.949951171875,3803.050048828125,3851.25,291453
2024-10-28,3851.25,3981.35009765625,3823.5,3840.550048828125,202516
2024-10-29,3850.0,3851.800048828125,3722.10009765625,3792.39990234375,295822
2024-10-30,3800.0,3890.0,3757.0,3866.050048828125,357476
2024-10-31,3860.0,4082.39990234375,3850.0,4051.75,478520
2024-11-01,4090.0,4097.9501953125,4010.0,4055.14990234375,15397
2024-11-04,4000.050048828125,4069.35009765625,3932.60009765625,4056.35009765625,267953
2024-11-05,3999.5,4074.300048828125,3885.0,3975.14990234375,333134
2024-11-06,3980.0,3989.0,3919.0,3965.39990234375,349292
2024-11-07,4005.949951171875,4076.0,3989.14990234375,4012.60009765625,402938
2024-11-08,4025.0,4049.949951171875,3960.0,3987.60009765625,113058
2024-11-11,3980.0,4016.0,3912.300048828125,3990.14990234375,255016
2024-11-12,4006.0,4034.050048828125,3960.0,3998.39990234375,146246
2024-11-13,3940.0,3959.050048828125,3856.0,3889.949951171875,203014
2024-11-14,3889.949951171875,3909.449951171875,3780.0,3811.949951171875,156409
2024-11-18,3817.0,3842.449951171875,3705.0,3716.949951171875,188200
2024-11-19,3760.0,3881.89990234375,3715.0,3842.25,297339
2024-11-21,3801.0,3836.0,3728.25,3791.39990234375,189476
2024-11-22,3799.949951171875,4020.0,3775.949951171875,3994.85009765625,349846
2024-11-25,4016.0,4099.5,3985.25,4021.0,404438
2024-11-26,4005.0,4085.85009765625,3950.0,4071.39990234375,205258
2024-11-27,4120.0,4399.0,4115.0,4319.75,965868
2024-11-28,4300.0,4372.14990234375,4267.4501953125,4307.2001953125,129952
2024-11-29,4290.0498046875,4329.5,4255.0,4313.25,259243
2024-12-02,4313.2001953125,4423.64990234375,4244.0,4354.89990234375,209077
2024-12-03,4318.14990234375,4382.0,4300.25,4340.25,274021
2024-12-04,4345.0,4531.9501953125,4345.0,4420.2001953125,625600
2024-12-05,4399.0,4496.9501953125,4381.2998046875,4454.0,317643
2024-12-06,4451.0,4522.0,4450.0,4500.35009765625,183410
2024-12-09,4510.0,4520.0,4471.0498046875,4487.7998046875,226946
2024-12-10,4476.0498046875,4590.0,4400.0,4559.2001953125,841918
2024-12-11,4570.0,4706.0,4470.5498046875,4630.9501953125,448630
2024-12-12,4643.4501953125,4643.4501953125,4521.4501953125,4543.5498046875,187801
2024-12-13,4539.75,4549.4501953125,4441.14990234375,4448.35009765625,221922
2024-12-16,4444.5498046875,4536.2001953125,4441.0,4469.7998046875,249525
2024-12-17,4449.5,4476.5,4360.0,4391.2998046875,229819
2024-12-18,4392.9501953125,4411.9501953125,4286.64990234375,4302.2998046875,151185
2024-12-19,4239.9501953125,4302.2998046875,4171.5498046875,4269.0,511114
2024-12-20,4269.0,4303.4501953125,4141.0,4166.25,251027
2024-12-23,4248.0,4251.85009765625,4155.35009765625,4195.85009765625,157692
2024-12-24,4199.9501953125,4260.0,4150.0,4177.2998046875,220376
2024-12-26,4177.2998046875,4330.0,4161.0,4320.25,314120
2024-12-27,4320.9501953125,4385.0,4293.5498046875,4343.4501953125,209640
2024-12-30,4375.2998046875,4424.25,4340.0,4352.89990234375,253438
2024-12-31,4373.85009765625,4465.0,4310.0,4436.64990234375,289788
2025-01-01,4429.9501953125,4476.75,4387.0,4469.5,82106
2025-01-02,4488.0,4520.0,4442.0,4477.75,106897
2025-01-03,4500.0,4519.2001953125,4338.35009765625,4363.85009765625,127570
2025-01-06,4350.0,4369.64990234375,4211.5,4254.14990234375,220456
2025-01-07,4225.0,4333.9501953125,4212.0498046875,4312.7001953125,164182
2025-01-08,4312.7001953125,4328.5,4237.2001953125,4264.5,92274
2025-01-09,4259.4501953125,4297.0,4189.64990234375,4202.9501953125,157635
2025-01-10,4197.0498046875,4247.7001953125,4160.0,4177.0498046875,209091
2025-01-13,4126.0,4139.4501953125,3951.5,3994.449951171875,868973
2025-01-14,3974.949951171875,4048.5,3867.949951171875,4020.300048828125,280853
2025-01-15,4055.0,4118.0,4022.949951171875,4068.35009765625,170471
2025-01-16,4100.0,4152.89990234375,4051.0,4109.35009765625,152201
2025-01-17,4095.949951171875,4121.9501953125,4050.050048828125,4104.7001953125,76025
2025-01-20,4104.7001953125,4198.2001953125,4094.39990234375,4148.35009765625,66671
2025-01-21,4177.0,4196.0,4007.0,4034.550048828125,191973
2025-01-22,3999.449951171875,4161.7001953125,3910.39990234375,4127.5498046875,1244810
2025-01-23,4117.10009765625,4572.7001953125,4101.75,4480.60009765625,1440639
2025-01-24,4478.25,4484.10009765625,4235.0,4253.5,250147
2025-01-27,4182.64990234375,4184.64990234375,3983.699951171875,3998.550048828125,296376
2025-01-28,3991.0,4064.85009765625,3848.050048828125,3911.5,369542
2025-01-29,3925.25,4029.64990234375,3912.0,4017.050048828125,140623
2025-01-30,4011.300048828125,4059.699951171875,3907.14990234375,3961.14990234375,240651
2025-01-31,3974.949951171875,4092.89990234375,3963.0,4023.60009765625,139970
2025-02-01,4060.0,4126.5498046875,3846.75,3917.75,201342
2025-02-03,3875.5,3931.449951171875,3840.10009765625,3902.89990234375,192921
2025-02-04,3900.0,3920.0,3808.39990234375,3877.0,393527
2025-02-05,3878.050048828125,3964.85009765625,3878.050048828125,3895.050048828125,396028
2025-02-06,3910.0,3945.0,3885.0,3921.14990234375,172402
2025-02-07,3940.800048828125,3955.800048828125,3885.75,3912.25,152667
2025-02-10,3912.25,3917.75,3781.5,3794.89990234375,144490
2025-02-11,3799.949951171875,3809.0,3500.64990234375,3560.35009765625,540824
2025-02-12,3560.35009765625,3565.89990234375,3401.0,3479.949951171875,1011381
2025-02-13,3518.10009765625,3518.10009765625,3390.39990234375,3404.0,869828
2025-02-14,3410.0,3475.0,3330.949951171875,3411.64990234375,321223
2025-02-17,3399.0,3474.0,3335.050048828125,3447.25,340083
2025-02-18,3410.35009765625,3468.75,3366.5,3403.60009765625,296138
2025-02-19,3380.0,3587.949951171875,3379.0,3568.60009765625,563786
2025-02-20,3570.0,3753.949951171875,3525.0,3732.449951171875,523328
2025-02-21,3739.10009765625,3932.35009765625,3735.0,3844.449951171875,807902
2025-02-24,3810.10009765625,3859.5,3716.10009765625,3741.89990234375,408922
2025-02-25,3749.949951171875,3836.89990234375,3740.0,3797.85009765625,289870
2025-02-27,3450.0,3450.0,2974.39990234375,2999.050048828125,5271343
2025-02-28,2974.0,3225.0,2902.85009765625,3070.14990234375,5860362
2025-03-03,3151.300048828125,3239.89990234375,3025.5,3137.14990234375,1638079
2025-03-04,3080.0,3169.0,3074.39990234375,3140.85009765625,837292
2025-03-05,3129.050048828125,3305.0,3121.25,3287.199951171875,1260570
2025-03-06,3310.050048828125,3344.35009765625,3246.050048828125,3287.25,585854
2025-03-07,3277.050048828125,3285.0,3204.0,3223.85009765625,454725
2025-03-10,3235.64990234375,3242.5,3020.0,3030.75,716195
2025-03-11,2975.0,3059.0,2963.050048828125,3028.449951171875,566221
2025-03-12,3035.949951171875,3096.949951171875,3018.64990234375,3065.449951171875,271429
2025-03-13,3085.0,3090.0,3036.0,3053.949951171875,248157
2025-03-17,3036.0,3140.5,3020.10009765625,3124.050048828125,468552
2025-03-19,3268.050048828125,3324.0,3240.35009765625,3283.25,416246
2025-03-20,3155.25,3169.949951171875,2762.25,2841.10009765625,8380075
2025-03-21,2892.0,2936.75,2853.0,2890.300048828125,3012943
2025-03-24,2907.050048828125,2943.5,2874.199951171875,2882.64990234375,1313628
2025-03-25,2907.0,2936.949951171875,2825.0,2835.199951171875,1049515
2025-03-26,2844.5,2884.75,2815.0,2819.949951171875,727654
2025-03-27,2830.10009765625,2912.0,2805.300048828125,2883.25,887991
2025-03-28,2904.64990234375,2944.949951171875,2872.800048828125,2892.85009765625,722128
2025-04-01,2864.0,2908.199951171875,2812.0,2829.39990234375,399933
2025-04-02,2830.0,2883.0,2762.0,2879.699951171875,766198
2025-04-03,2850.0,2886.550048828125,2817.25,2824.39990234375,419420
2025-04-04,2824.89990234375,2839.0,2613.35009765625,2645.10009765625,975173
2025-04-07,2500.0,2577.699951171875,2424.0,2509.75,708097
2025-04-08,2580.0,2618.89990234375,2537.35009765625,2589.85009765625,574236
2025-04-09,2615.0,2639.300048828125,2570.050048828125,2599.699951171875,642997
2025-04-11,2689.89990234375,2689.949951171875,2592.14990234375,2607.35009765625,779654
2025-04-15,2659.5,2745.89990234375,2625.10009765625,2736.39990234375,847398
2025-04-16,2736.39990234375,2765.199951171875,2712.300048828125,2754.89990234375,586575
2025-04-17,2785.0,2878.300048828125,2782.39990234375,2826.0,1111301
2025-04-21,2843.0,2925.0,2791.0,2896.10009765625,453196
2025-04-22,2897.0,2974.89990234375,2883.0,2955.60009765625,536950
2025-04-23,2986.0,3050.5,2926.0,3019.10009765625,779938
2025-04-24,3020.0,3032.60009765625,2965.0,2980.5,310870
2025-04-25,2967.0,3009.5,2903.60009765625,2967.10009765625,471789
2025-04-28,2942.0,3013.89990234375,2942.0,2999.89990234375,269206
2025-04-29,3010.0,3067.300048828125,3006.0,3037.89990234375,379027
2025-04-30,3035.0,3085.0,3000.0,3063.60009765625,358054
2025-05-02,3063.60009765625,3128.5,3033.39990234375,3037.0,273948
2025-05-05,3058.699951171875,3230.0,3050.60009765625,3210.10009765625,703149
2025-05-06,3239.699951171875,3282.39990234375,3154.10009765625,3193.89990234375,774151
2025-05-07,3200.0,3371.39990234375,3199.89990234375,3295.300048828125,1765212
2025-05-08,3300.0,3406.0,3238.199951171875,3262.10009765625,814287
2025-05-09,3150.5,3249.0,3150.5,3232.5,328404
2025-05-12,3380.0,3400.10009765625,3332.89990234375,3386.0,269435
2025-05-13,3398.0,3447.0,3372.89990234375,3425.300048828125,376110
2025-05-14,3450.0,3453.0,3361.0,3398.39990234375,294684
2025-05-15,3422.0,3512.39990234375,3396.0,3499.0,374416
2025-05-16,3519.60009765625,3522.699951171875,3449.0,3463.199951171875,313300
2025-05-19,3500.0,3500.0,3437.89990234375,3461.699951171875,400712
2025-05-20,3469.10009765625,3490.89990234375,3417.0,3461.199951171875,411846
2025-05-21,3465.0,3489.0,3411.39990234375,3431.39990234375,190955
2025-05-22,3450.0,3498.5,3425.10009765625,3458.199951171875,208151
2025-05-23,3468.800048828125,3476.89990234375,3420.0,3440.5,102741
2025-05-26,3453.0,3504.5,3416.60009765625,3496.39990234375,231906
2025-05-27,3484.10009765625,3567.800048828125,3484.0,3533.60009765625,362315
2025-05-28,3558.0,3653.5,3550.89990234375,3638.10009765625,450883
2025-05-29,3670.0,3678.300048828125,3603.39990234375,3665.300048828125,329014
2025-05-30,3670.0,3673.5,3561.800048828125,3610.199951171875,221218
2025-06-02,3610.199951171875,3625.0,3577.0,3596.0,108306
2025-06-03,3605.0,3639.199951171875,3527.10009765625,3535.5,152085
2025-06-04,3530.0,3641.0,3500.0,3628.60009765625,290300
2025-06-05,3656.10009765625,3686.0,3610.5,3641.39990234375,236648
2025-06-06,3667.0,3768.0,3649.199951171875,3747.800048828125,429812
2025-06-09,3790.0,3837.89990234375,3755.39990234375,3812.800048828125,246729
2025-06-10,3821.10009765625,3846.89990234375,3787.10009765625,3794.199951171875,128036
2025-06-11,3794.89990234375,3861.0,3766.10009765625,3793.5,155511
2025-06-12,3793.5,3802.300048828125,3666.699951171875,3676.800048828125,228442
2025-06-13,3600.0,3682.699951171875,3591.699951171875,3670.699951171875,194489
2025-06-16,3660.10009765625,3705.0,3608.0,3685.199951171875,155748
2025-06-17,3685.199951171875,3699.89990234375,3602.39990234375,3612.699951171875,401604
2025-06-18,3600.5,3674.800048828125,3575.60009765625,3590.699951171875,1053137
2025-06-19,3590.60009765625,3642.699951171875,3567.300048828125,3600.800048828125,690638
2025-06-20,3592.0,3609.60009765625,3540.0,3574.5,232065
2025-06-23,3540.60009765625,3807.199951171875,3525.300048828125,3758.89990234375,1365996
2025-06-24,3760.0,3854.300048828125,3692.39990234375,3839.60009765625,592144
2025-06-25,3839.0,3940.60009765625,3785.0,3806.0,517702
2025-06-26,3838.0,3853.300048828125,3741.39990234375,3774.5,288150
2025-06-27,3776.39990234375,3834.89990234375,3765.300048828125,3780.0,347440
2025-06-30,3780.0,3833.0,3758.39990234375,3792.60009765625,129827
2025-07-01,3805.0,3862.10009765625,3795.0,3810.800048828125,171315
2025-07-02,3810.5,3810.800048828125,3720.0,3764.0,335785
2025-07-03,3765.0,3874.0,3760.300048828125,3840.699951171875,612719
2025-07-04,3855.0,3875.89990234375,3736.89990234375,3781.800048828125,358266
2025-07-07,3781.0,3864.0,3771.10009765625,3806.60009765625,178862
2025-07-08,3830.0,3837.39990234375,3756.0,3771.10009765625,134964
2025-07-09,3759.0,3759.0,3678.0,3694.0,595581
2025-07-10,3700.0,3725.199951171875,3673.60009765625,3696.60009765625,352135
2025-07-11,3704.0,3704.0,3601.10009765625,3612.300048828125,133241
2025-07-14,3650.0,3755.0,3612.0,3732.60009765625,541391
2025-07-15,3758.0,3900.0,3748.800048828125,3892.39990234375,428669
2025-07-16,3892.39990234375,3915.0,3857.5,3891.10009765625,330694
2025-07-17,3871.199951171875,3984.699951171875,3869.699951171875,3933.300048828125,479900
2025-07-18,3950.89990234375,4008.89990234375,3915.0,3928.800048828125,492660
2025-07-21,3928.800048828125,4000.0,3866.10009765625,3972.39990234375,368099
2025-07-22,3999.89990234375,4034.300048828125,3939.60009765625,3990.300048828125,341163
2025-07-23,4024.89990234375,4034.39990234375,3881.300048828125,3970.300048828125,776885
2025-07-24,3970.39990234375,3974.300048828125,3891.0,3905.800048828125,461587
2025-07-25,3905.800048828125,3925.0,3831.300048828125,3881.800048828125,331338
2025-07-28,3889.89990234375,3948.0,3861.0,3908.699951171875,277144
2025-07-29,3932.10009765625,3943.800048828125,3860.0,3922.0,130692
2025-07-30,3935.0,3938.0,3847.199951171875,3901.39990234375,156034
2025-07-31,3860.0,3880.199951171875,3783.0,3844.199951171875,351630
2025-08-01,3858.0,3889.89990234375,3802.0,3816.300048828125,161240
2025-08-04,3820.0,3900.0,3765.300048828125,3883.300048828125,285393
2025-08-05,3900.0,3905.0,3810.0,3816.699951171875,299828
2025-08-06,3812.0,3819.10009765625,3726.5,3810.0,159190
2025-08-07,3779.0,3859.89990234375,3764.89990234375,3842.39990234375,188489
2025-08-08,3842.39990234375,3871.5,3820.10009765625,3840.89990234375,213342
2025-08-11,3839.0,3871.0,3781.0,3810.39990234375,194520
2025-08-12,3809.0,3824.5,3712.199951171875,3764.699951171875,175427
2025-08-13,3770.0,3841.39990234375,3770.0,3803.800048828125,132653
2025-08-14,3803.800048828125,3825.0,3760.0,3814.10009765625,69004
2025-08-18,3825.10009765625,3933.5,3808.89990234375,3901.39990234375,204248
2025-08-19,3911.699951171875,3972.39990234375,3878.0,3946.60009765625,503218
2025-08-20,3950.0,4079.0,3904.199951171875,3986.39990234375,382428
2025-08-21,3995.0,3999.0,3906.300048828125,3953.300048828125,162082
2025-08-22,3959.0,4015.0,3938.0,3954.800048828125,195264
2025-08-25,3954.89990234375,4006.39990234375,3930.0,3942.699951171875,252653
2025-08-26,3941.0,3958.89990234375,3855.89990234375,3874.800048828125,165170
2025-08-28,3874.800048828125,3935.60009765625,3814.199951171875,3863.5,240799
2025-08-29,3825.0,3855.89990234375,3783.0,3810.60009765625,202714
2025-09-01,3814.800048828125,3934.0,3805.60009765625,3920.300048828125,206918
2025-09-02,3935.0,3975.0,3896.0,3963.300048828125,121719
2025-09-03,3980.0,4026.699951171875,3955.89990234375,4021.39990234375,243019
2025-09-04,4010.199951171875,4143.0,4010.199951171875,4125.7998046875,532878
2025-09-05,4140.0,4142.5,4015.699951171875,4037.699951171875,131771
2025-09-08,4059.0,4095.0,4036.699951171875,4055.699951171875,92057
2025-09-09,4056.0,4094.89990234375,4004.10009765625,4027.199951171875,98221
2025-09-10,4048.0,4097.0,4045.0,4081.89990234375,259998
2025-09-11,4091.0,4146.89990234375,4070.199951171875,4084.0,268126
2025-09-12,4091.0,4138.89990234375,4075.800048828125,4125.89990234375,110221
2025-09-15,4131.0,4144.89990234375,4080.800048828125,4095.89990234375,102415
2025-09-16,4095.89990234375,4202.7001953125,4021.10009765625,4179.7001953125,382656
2025-09-17,4205.0,4205.0,4130.0,4142.2001953125,117939
2025-09-18,4142.2001953125,4175.89990234375,4120.10009765625,4149.39990234375,225112
2025-09-19,4175.0,4235.0,4135.39990234375,4200.0,361152
2025-09-22,4224.60009765625,4224.60009765625,4115.0,4131.39990234375,182799
2025-09-23,4131.39990234375,4210.10009765625,4055.0,4190.2998046875,522204
2025-09-24,4165.7998046875,4170.0,4063.10009765625,4079.300048828125,229105
2025-09-25,4110.0,4184.0,4090.0,4157.89990234375,403469
2025-09-26,4110.10009765625,4190.0,4024.800048828125,4049.300048828125,277563
2025-09-29,4069.199951171875,4111.0,3994.300048828125,4054.199951171875,300514
2025-09-30,4065.0,4082.0,3973.699951171875,4062.300048828125,264786
2025-10-01,4048.60009765625,4057.0,3995.300048828125,4034.0,306108
2025-10-03,4050.39990234375,4070.0,3977.0,4037.199951171875,321537
2025-10-06,4050.0,4155.0,4050.0,4131.7001953125,283710
2025-10-07,4132.5,4213.7001953125,4124.0,4201.5,143928
2025-10-08,4175.0,4297.0,4170.2001953125,4254.89990234375,225852
2025-10-09,4268.0,4300.0,4210.0,4250.7998046875,163108
2025-10-10,4242.39990234375,4304.39990234375,4232.0,4278.2001953125,125166
2025-10-13,4250.0,4325.0,4227.2998046875,4311.60009765625,144821
2025-10-14,4338.0,4376.89990234375,4240.5,4361.7998046875,282255
2025-10-15,4390.0,4452.0,4342.2998046875,4420.60009765625,339777
2025-10-16,4435.0,4435.0,4031.89990234375,4172.60009765625,2234751
2025-10-17,4172.60009765625,4189.7001953125,4095.699951171875,4131.10009765625,756601
2025-10-20,4140.0,4224.0,4083.10009765625,4145.5,460659
2025-10-21,4180.0,4209.89990234375,4130.0,4143.7998046875,53168
2025-10-23,4151.39990234375,4182.5,4066.89990234375,4081.199951171875,267544
2025-10-24,4098.5,4148.0,4084.10009765625,4125.7001953125,237809
2025-10-27,4150.0,4169.0,4070.0,4084.800048828125,158580
2025-10-28,4092.800048828125,4106.0,4042.39990234375,4063.800048828125,221079
2025-10-29,4068.89990234375,4096.7998046875,4060.0,4088.199951171875,124995
2025-10-30,4095.89990234375,4128.89990234375,4065.0,4109.0,135151
2025-10-31,4108.0,4118.0,4010.0,4032.0,146559
2025-11-03,4001.10009765625,4060.699951171875,3972.0,3984.10009765625,117226
2025-11-04,4006.800048828125,4034.89990234375,3971.300048828125,3990.10009765625,157170
2025-11-06,3990.10009765625,3992.5,3918.0,3927.60009765625,145324
2025-11-07,3921.199951171875,3968.89990234375,3856.800048828125,3936.800048828125,192921
2025-11-10,3936.89990234375,4046.199951171875,3936.89990234375,4032.39990234375,117565
2025-11-11,4059.60009765625,4075.0,4019.0,4062.699951171875,90590
2025-11-12,4074.89990234375,4098.2001953125,4062.0,4073.199951171875,133502
2025-11-13,4075.0,4131.89990234375,4061.0,4113.60009765625,83236
2025-11-14,4130.0,4130.0,4072.199951171875,4112.7998046875,71271
2025-11-17,4120.89990234375,4164.0,4112.0,4150.89990234375,191767
2025-11-18,4170.0,4170.7998046875,4084.0,4125.89990234375,158991
2025-11-19,4125.89990234375,4149.89990234375,4093.10009765625,4119.10009765625,57883
2025-11-20,4129.89990234375,4173.39990234375,4106.2001953125,4167.2998046875,140954
2025-11-21,4181.5,4181.5,4048.0,4080.39990234375,203118
2025-11-24,4080.39990234375,4130.39990234375,4080.39990234375,4107.7998046875,225356
2025-11-25,4107.7998046875,4128.39990234375,4045.0,4071.5,196940
2025-11-26,4073.89990234375,4157.60009765625,4040.0,4133.10009765625,165192
2025-11-27,4150.0,4150.0,4092.699951171875,4135.7001953125,92208
2025-11-28,4121.10009765625,4206.0,4121.10009765625,4145.60009765625,168545
2025-12-01,4144.0,4169.0,4091.699951171875,4107.0,104502
2025-12-02,4110.0,4195.0,4076.0,4184.2998046875,143908
2025-12-03,4200.0,4200.0,4112.39990234375,4161.60009765625,163110
2025-12-04,4157.0,4205.0,4119.2001953125,4185.10009765625,150609
2025-12-05,4191.7001953125,4191.7001953125,4122.7998046875,4163.5,124291
2025-12-08,4161.7998046875,4162.7001953125,4049.300048828125,4095.199951171875,258231
2025-12-09,4051.10009765625,4090.0,3987.0,4073.0,167542
2025-12-10,4071.0,4105.2998046875,3929.0,3947.89990234375,116624
2025-12-11,3968.89990234375,4074.5,3950.0,4057.300048828125,249915
2025-12-12,4057.0,4088.800048828125,4014.300048828125,4067.10009765625,131698
2025-12-15,4067.10009765625,4198.89990234375,4053.5,4167.89990234375,443216
2025-12-16,4161.0,4174.0,4124.0,4156.2998046875,132769
2025-12-17,4140.0,4140.0,4061.60009765625,4106.60009765625,276811
2025-12-18,4090.0,4099.0,4037.300048828125,4086.800048828125,135330
2025-12-19,4100.0,4296.39990234375,4088.10009765625,4284.39990234375,376557
2025-12-22,4326.0,4480.7001953125,4305.0,4441.60009765625,631106
2025-12-23,4426.7001953125,4462.39990234375,4383.0,4409.5,201217
2025-12-24,4409.7001953125,4435.0,4387.0,4408.7998046875,136899
2025-12-26,4409.0,4452.89990234375,4345.60009765625,4367.39990234375,110584
2025-12-29,4367.39990234375,4433.2001953125,4350.10009765625,4393.10009765625,212176
2025-12-30,4410.0,4425.0,4342.10009765625,4352.5,181297
2025-12-31,4356.0,4469.0,4356.0,4460.2001953125,280104
2026-01-01,4489.39990234375,4523.0,4444.5,4514.5,161348
2026-01-02,4530.0,4582.60009765625,4492.7001953125,4529.60009765625,128302
2026-01-05,4531.5,4560.5,4486.0,4528.89990234375,118266
2026-01-06,4540.0,4577.0,4506.0,4526.2001953125,104585
2026-01-07,4500.0,4587.2998046875,4488.0,4538.2001953125,98814
2026-01-08,4550.7001953125,4559.2001953125,4391.39990234375,4404.39990234375,158501
2026-01-09,4404.39990234375,4427.89990234375,4312.10009765625,4328.7998046875,156050
2026-01-12,4351.0,4384.7998046875,4295.0,4368.10009765625,96185
2026-01-13,4360.2001953125,4392.2998046875,4222.39990234375,4310.7998046875,353665
2026-01-14,4290.0,4393.5,4267.0,4384.60009765625,280180
2026-01-16,4418.5,4448.2001953125,4320.60009765625,4370.10009765625,197286
2026-01-19,4340.0,4400.0,4295.0,4318.39990234375,212411
2026-01-20,4286.0,4318.39990234375,4050.0,4069.89990234375,575781
2026-01-21,4063.0,4068.699951171875,3867.300048828125,3939.300048828125,420151
2026-01-22,3990.0,3990.0,3728.699951171875,3848.39990234375,1265952
2026-01-23,3859.0,3945.0,3789.10009765625,3807.199951171875,490458
2026-01-27,3814.89990234375,3857.800048828125,3759.199951171875,3805.199951171875,401341
2026-01-28,3830.0,3898.0,3826.10009765625,3879.10009765625,116453
2026-01-29,3900.0,4026.89990234375,3878.199951171875,4005.300048828125,456449
2026-01-30,4011.89990234375,4047.199951171875,3940.39990234375,4021.10009765625,430431
2026-02-02,3949.89990234375,4101.7998046875,3928.39990234375,4079.800048828125,360527
2026-02-03,4300.0,4560.0,4282.10009765625,4367.0,969623
2026-02-04,4353.2001953125,4477.10009765625,4301.0,4423.2998046875,312397
2026-02-05,4423.2998046875,4467.7001953125,4342.60009765625,4443.0,252191
2026-02-06,4425.0,4485.2998046875,4408.0,4462.60009765625,204878
2026-02-09,4489.89990234375,4610.0,4455.7001953125,4599.10009765625,212259
2026-02-10,4628.0,4628.7998046875,4540.0,4590.60009765625,147718
2026-02-11,4592.0,4646.0,4585.2998046875,4605.89990234375,175173
2026-02-12,4627.0,4628.89990234375,4555.0,4591.2998046875,158260
2026-02-13,4589.10009765625,4618.89990234375,4510.0,4566.7998046875,184007
2026-02-16,4574.0,4585.0,4456.60009765625,4483.60009765625,111473
2026-02-17,4479.10009765625,4578.7998046875,4450.0,4567.7998046875,274597
2026-02-18,4589.0,4647.0,4567.7998046875,4606.89990234375,222240
2026-02-19,4644.39990234375,4644.39990234375,4551.0,4568.60009765625,99931
2026-02-20,4565.0,4785.0,4505.0,4756.0,410082
2026-02-23,4806.0,4849.89990234375,4687.60009765625,4765.7001953125,448451
2026-02-24,4760.10009765625,4823.0,4711.10009765625,4781.0,309101
2026-02-25,4819.39990234375,4974.5,4796.5,4944.0,362593
2026-02-26,4950.0,5061.0,4935.0,5009.10009765625,336133
2026-02-27,5009.39990234375,5110.0,4936.2998046875,5080.39990234375,394177
2026-03-02,4920.5,5303.0,4915.0,5206.0,1582606
2026-03-04,5123.0,5174.5,4963.0,4979.0,552306
2026-03-05,5042.0,5042.0,4861.5,4920.5,581342
2026-03-06,4930.5,5000.5,4903.0,4921.0,336511
2026-03-09,4860.0,4875.0,4670.5,4789.5,475141
2026-03-10,4854.5,4865.5,4429.0,4537.0,884481
2026-03-11,4537.0,4554.0,4303.5,4321.0,896337
2026-03-12,4300.0,4425.0,4265.0,4330.0,523034
2026-03-13,4330.0,4330.0,4144.0,4158.0,526941
2026-03-16,4117.0,4218.0,4063.0,4174.0,311508
2026-03-17,4200.0,4237.0,4110.5,4216.5,287485
2026-03-18,4248.0,4424.0,4224.0,4390.0,381581
2026-03-19,4331.0,4340.0,4185.0,4213.0,434290
2026-03-20,4234.0,4323.0,4176.5,4188.0,241373
2026-03-23,4110.0,4121.5,3937.0,3990.5,370258
2026-03-24,4123.5,4142.5,4000.0,4126.0,356052
2026-03-25,4219.0,4319.0,4166.0,4196.0,681413
2026-03-27,4196.0,4230.5,4101.5,4124.0,598658
2026-03-30,4074.0,4135.5,3962.0,4038.0,740360
2026-04-01,4131.2001953125,4217.7998046875,4092.300048828125,4134.7998046875,639264
2026-04-02,4100.0,4109.5,3953.300048828125,4048.10009765625,559572
2026-04-06,4058.199951171875,4150.89990234375,4009.300048828125,4123.10009765625,257078
2026-04-07,4137.0,4246.0,4031.0,4236.60009765625,400852
2026-04-08,4450.0,4580.5,4427.60009765625,4507.2001953125,758851
2026-04-09,4507.7998046875,4529.89990234375,4385.10009765625,4416.89990234375,476450
2026-04-10,4440.2998046875,4565.0,4419.39990234375,4459.0,312000
2026-04-13,4362.2001953125,4499.0,4301.0,4458.7001953125,334642
2026-04-15,4579.2998046875,4640.0,4535.0,4598.5,279299
2026-04-16,4640.0,4694.0,4587.0,4647.39990234375,340276
2026-04-17,4689.89990234375,4866.2001953125,4634.5,4839.2998046875,489014
2026-04-20,4839.2998046875,4954.39990234375,4725.39990234375,4880.60009765625,360940
2026-04-21,4930.7001953125,4996.89990234375,4807.0,4825.7001953125,411620
2026-04-22,4825.7998046875,4942.2998046875,4803.5,4909.7001953125,280906
2026-04-23,4859.0,4984.0,4826.2998046875,4839.5,367334
2026-04-24,4850.0,4887.39990234375,4750.0,4816.10009765625,262223
2026-04-27,4884.10009765625,5009.2001953125,4825.0,4888.7001953125,338902
2026-04-28,4899.0,4998.0,4889.39990234375,4965.10009765625,236667
2026-04-29,4997.0,5050.0,4917.10009765625,4935.2001953125,354086
2026-04-30,4935.2001953125,4935.2001953125,4747.60009765625,4857.5,724328
2026-05-04,4900.89990234375,5070.10009765625,4791.89990234375,5058.2998046875,662781
2026-05-05,4950.0,5136.0,4720.10009765625,5018.2001953125,1875678
2026-05-06,5049.7998046875,5225.0,5048.10009765625,5148.60009765625,587088
2026-05-07,5127.89990234375,5245.0,4956.60009765625,5110.2001953125,1118993
2026-05-08,5126.0,5179.89990234375,5064.2998046875,5099.60009765625,361665
2026-05-11,5050.0,5221.0,5021.7001953125,5120.0,442843
2026-05-12,5120.0,5176.10009765625,4964.7998046875,4997.10009765625,236015
2026-05-13,4991.10009765625,5006.60009765625,4822.60009765625,4919.5,593722
2026-05-14,4942.7998046875,5180.0,4871.0,5144.7001953125,387925
2026-05-15,5228.89990234375,5247.7998046875,5073.0,5117.5,357710
2026-05-18,5074.89990234375,5115.7001953125,4950.0,5088.10009765625,374326
2026-05-19,5080.0,5180.0,5028.2998046875,5082.39990234375,324895
2026-05-20,5050.0,5139.0,5040.10009765625,5119.7998046875,266512
2026-05-21,5146.2001953125,5295.0,5146.2001953125,5237.0,550071
2026-05-22,5262.5,5325.0,5232.60009765625,5260.5,410075
2026-05-25,5325.0,5345.0,5264.0,5281.5,239111
2026-05-26,5289.60009765625,5328.89990234375,5267.2001953125,5305.5,239510
2026-05-27,5320.0,5455.0,5306.39990234375,5446.2001953125,328358
2026-05-29,5474.89990234375,5476.2998046875,5230.0,5267.5,348840
2026-06-01,5289.5,5350.5,5157.0,5174.0,163199
2026-06-02,5109.0,5281.0,5067.5,5261.5,204472
2026-06-03,5299.0,5347.5,5204.5,5222.0,265111
2026-06-04,5222.0,5374.5,5186.0,5296.0,201738
2026-06-05,5336.0,5398.0,5287.0,5335.5,203971
2026-06-08,5289.0,5289.0,5107.0,5148.0,188537
2026-06-09,5218.0,5308.0,5131.0,5281.0,204371
2026-06-10,5295.0,5333.0,5152.0,5166.5,152639
2026-06-11,5159.0,5235.0,5118.0,5181.5,275475
2026-06-12,5234.0,5383.0,5211.5,5369.5,225909
2026-06-15,5444.5,5520.0,5409.0,5460.5,244814
2026-06-16,5469.5,5499.0,5345.0,5386.5,163833
2026-06-17,5430.0,5673.0,5410.5,5643.5,440733
2026-06-18,5643.5,5685.0,5580.0,5630.5,243449
2026-06-19,5649.5,5649.5,5470.5,5631.0,339856
2026-06-22,5639.0,5686.0,5603.0,5660.5,210697
2026-06-23,5669.0,5708.0,5542.5,5576.0,393864
2026-06-24,5589.0,5605.5,5401.0,5419.0,276743
2026-06-25,5440.0,5466.5,5230.0,5268.0,574864
2026-06-29,5294.0,5600.0,5155.0,5452.0,1621316
2026-06-30,5390.0,5475.5,5261.0,5427.5,549555
2026-07-01,5454.0,5485.5,5191.5,5247.5,344483
2026-07-02,5273.5,5328.0,5169.0,5276.5,343597
2026-07-03,5275.0,5339.5,5231.0,5270.5,227732
2026-07-06,5287.0,5291.0,5195.5,5251.0,233716
2026-07-07,5253.5,5279.5,5073.5,5106.0,330868
2026-07-08,5085.0,5110.0,4959.5,5030.5,297571
2026-07-09,5030.5,5078.5,4925.0,5007.5,341857
2026-07-10,5037.0,5166.0,5037.0,5149.5,247260
2026-07-13,5139.0,5233.0,5090.0,5112.0,323058
2026-07-14,5062.0,5142.5,4998.0,5120.5,299911
2026-07-15,5120.0,5185.0,5032.0,5092.5,346133
2026-07-16,5131.5,5146.0,5027.5,5075.5,309292
2026-07-17,5077.5,5078.0,4881.0,4906.5,569747
2026-07-20,4870.0,4949.0,4861.5,4928.5,205653
2026-07-21,4940.0,4988.5,4914.0,4974.5,193449
2026-07-22,4965.0,5062.5,4936.0,4971.0,206064
2026-07-23,4971.0,5003.5,4870.5,4897.5,173938
2026-07-24,4897.0,4900.0,4792.0,4868.0,127284
2026-07-27,4902.0,4945.0,4850.0,4873.0,136296
2026-07-28,4853.0,4876.5,4821.0,4843.0,278239
2026-07-29,4850.0,4906.0,4815.5,4853.5,207369
