Date,Open,High,Low,Close,Volume
2011-10-25,1365.0,1810.7142333984375,1365.0,1628.8214111328125,15264
2011-10-28,1795.8214111328125,1795.8214111328125,1750.0,1795.8214111328125,5654
2011-10-31,1870.7142333984375,1870.7142333984375,1713.5714111328125,1721.3214111328125,5077
2011-11-01,1807.142822265625,1807.142822265625,1635.2857666015625,1635.2857666015625,2412
2011-11-02,1553.5714111328125,1649.2857666015625,1553.5357666015625,1553.5357666015625,2377
2011-11-03,1488.7142333984375,1507.142822265625,1475.857177734375,1475.857177734375,1983
2011-11-04,1534.2857666015625,1534.2857666015625,1432.5,1474.8214111328125,764
2011-11-08,1446.4285888671875,1500.0,1436.4285888671875,1461.2142333984375,478
2011-11-09,1442.857177734375,1479.2142333984375,1428.5714111328125,1431.5,410
2011-11-11,1464.2142333984375,1464.2142333984375,1377.142822265625,1379.857177734375,453
2011-11-14,1392.857177734375,1428.5714111328125,1357.142822265625,1371.2142333984375,275
2011-11-15,1308.5714111328125,1397.5,1302.6785888671875,1303.7857666015625,1057
2011-11-16,1245.0,1281.4285888671875,1238.607177734375,1242.7142333984375,418
2011-11-17,1188.5714111328125,1237.857177734375,1180.607177734375,1181.0,688
2011-11-18,1132.142822265625,1202.5,1121.9642333984375,1122.857177734375,567
2011-11-21,1153.5714111328125,1153.5714111328125,1121.4285888671875,1135.892822265625,82
2011-11-22,1142.857177734375,1158.5714111328125,1142.142822265625,1157.607177734375,196
2011-11-23,1153.5714111328125,1153.5714111328125,1107.142822265625,1113.7142333984375,414
2011-11-24,1141.4285888671875,1141.4285888671875,1117.857177734375,1123.6785888671875,89
2011-11-25,1154.2857666015625,1154.2857666015625,1114.2857666015625,1114.392822265625,190
2011-11-28,1115.0,1143.5714111328125,1104.0357666015625,1129.6785888671875,228
2011-11-29,1135.7142333984375,1138.5714111328125,1107.142822265625,1125.0,161
2011-11-30,1091.4285888671875,1120.0,1078.5714111328125,1091.142822265625,134
2011-12-01,1108.0357666015625,1137.857177734375,1107.142822265625,1110.7142333984375,105
2011-12-02,1089.2857666015625,1130.7142333984375,1071.4285888671875,1127.607177734375,163
2011-12-05,1142.857177734375,1150.0,1139.642822265625,1142.857177734375,253
2011-12-07,1188.5714111328125,1188.5714111328125,1145.0,1151.8214111328125,70
2011-12-08,1143.5714111328125,1143.5714111328125,1130.7142333984375,1131.392822265625,81
2011-12-09,1097.142822265625,1142.857177734375,1097.142822265625,1138.3214111328125,49
2011-12-12,1142.857177734375,1149.25,1081.4285888671875,1086.7857666015625,273
2011-12-13,1088.5714111328125,1088.5714111328125,1060.7857666015625,1061.25,1450
2011-12-14,1043.75,1089.2857666015625,1043.75,1071.4285888671875,98
2011-12-15,1057.142822265625,1071.4285888671875,1035.892822265625,1071.4285888671875,103
2011-12-16,1064.642822265625,1078.5714111328125,1050.0714111328125,1066.107177734375,450
2011-12-19,1053.607177734375,1071.4285888671875,1051.4285888671875,1056.75,464
2011-12-20,1054.2857666015625,1071.4285888671875,1036.4285888671875,1051.0714111328125,2034
2011-12-21,1053.5714111328125,1070.6785888671875,1036.4285888671875,1063.7142333984375,93
2011-12-22,1018.5714111328125,1085.7142333984375,1018.5714111328125,1074.642822265625,344
2011-12-23,1078.5714111328125,1078.5714111328125,1071.4285888671875,1077.392822265625,155
2011-12-26,1071.7857666015625,1083.5357666015625,1071.4285888671875,1073.142822265625,264
2011-12-27,1070.7142333984375,1075.0,1070.7142333984375,1072.857177734375,233
2011-12-28,1071.4285888671875,1075.0,1071.4285888671875,1075.0,84
2011-12-29,1085.7142333984375,1089.2857666015625,1064.2857666015625,1068.3214111328125,109
2011-12-30,1080.7142333984375,1083.5357666015625,1062.142822265625,1064.3214111328125,380
2012-01-02,1037.142822265625,1070.7142333984375,1037.142822265625,1065.4642333984375,68
2012-01-03,1082.142822265625,1085.7142333984375,1057.142822265625,1060.7142333984375,126
2012-01-04,1063.5714111328125,1064.2857666015625,1046.4285888671875,1056.5714111328125,163
2012-01-05,1070.0,1070.7142333984375,1064.2857666015625,1066.392822265625,88
2012-01-06,1064.2857666015625,1064.2857666015625,1042.857177734375,1053.2142333984375,44
2012-01-09,1072.0714111328125,1072.0714111328125,1057.2142333984375,1071.392822265625,30
2012-01-10,1071.4285888671875,1080.0,1057.142822265625,1080.0,140
2012-01-11,1071.1785888671875,1084.2857666015625,1059.2857666015625,1067.25,166
2012-01-12,1107.142822265625,1107.142822265625,1068.5714111328125,1070.4642333984375,299
2012-01-13,1078.5714111328125,1089.2857666015625,1057.2142333984375,1066.8214111328125,298
2012-01-16,1071.4285888671875,1071.4285888671875,1057.25,1057.25,113
2012-01-17,1080.0,1080.0,1060.0357666015625,1080.0,53
2012-01-18,1075.7142333984375,1075.7142333984375,1075.7142333984375,1075.7142333984375,2
2012-01-19,1120.7142333984375,1120.7142333984375,1062.857177734375,1071.4285888671875,2282
2012-01-20,1072.857177734375,1088.5714111328125,1072.857177734375,1075.7142333984375,70
2012-01-23,1072.142822265625,1072.5357666015625,1071.4285888671875,1071.4285888671875,123
2012-01-24,1085.7142333984375,1085.7142333984375,1035.7857666015625,1064.857177734375,252
2012-01-25,1071.4285888671875,1082.142822265625,1071.4285888671875,1082.107177734375,23
2012-01-27,1071.4285888671875,1071.4285888671875,1059.2857666015625,1071.4285888671875,175
2012-01-30,1071.4285888671875,1071.4285888671875,1071.4285888671875,1071.4285888671875,16
2012-01-31,1065.0,1088.5714111328125,1064.2857666015625,1078.5714111328125,361
2012-02-01,1077.142822265625,1082.142822265625,1073.607177734375,1082.142822265625,274
2012-02-02,1077.857177734375,1088.5714111328125,1075.0,1088.5714111328125,26
2012-02-03,1103.5357666015625,1103.5357666015625,1078.5714111328125,1097.857177734375,109
2012-02-06,1107.107177734375,1152.75,1092.857177734375,1152.75,719
2012-02-07,1202.857177734375,1210.357177734375,1186.4285888671875,1210.357177734375,1122
2012-02-08,1214.642822265625,1270.857177734375,1214.642822265625,1270.857177734375,1730
2012-02-09,1285.7142333984375,1334.392822265625,1285.7142333984375,1333.7142333984375,1799
2012-02-10,1350.0,1399.9285888671875,1285.7142333984375,1358.2857666015625,1373
2012-02-13,1392.857177734375,1395.0,1353.75,1381.0714111328125,446
2012-02-14,1371.4285888671875,1390.7142333984375,1343.5714111328125,1374.7142333984375,249
2012-02-15,1346.4285888671875,1382.5,1314.2857666015625,1316.607177734375,155
2012-02-16,1328.5714111328125,1354.9642333984375,1257.142822265625,1260.7142333984375,928
2012-02-17,1321.4285888671875,1323.5714111328125,1214.2857666015625,1306.4642333984375,957
2012-02-21,1264.3214111328125,1302.857177734375,1264.2857666015625,1294.8214111328125,29
2012-02-22,1287.142822265625,1296.4285888671875,1257.142822265625,1258.4285888671875,264
2012-02-23,1250.0,1285.7142333984375,1232.142822265625,1242.892822265625,123
2012-02-24,1285.6785888671875,1285.6785888671875,1182.142822265625,1191.107177734375,312
2012-02-27,1207.107177734375,1207.107177734375,1131.5714111328125,1131.5714111328125,320
2012-02-28,1107.2857666015625,1143.5714111328125,1075.0,1126.3214111328125,778
2012-02-29,1149.2857666015625,1157.142822265625,1142.857177734375,1151.607177734375,124
2012-03-01,1100.357177734375,1178.5357666015625,1100.357177734375,1150.0357666015625,26
2012-03-02,1165.142822265625,1166.4285888671875,1142.857177734375,1149.9642333984375,145
2012-03-05,1153.5714111328125,1155.0,1142.857177734375,1153.392822265625,68
2012-03-06,1108.2142333984375,1181.357177734375,1108.2142333984375,1115.857177734375,47
2012-03-07,1096.5,1162.8214111328125,1092.857177734375,1100.0,268
2012-03-09,1150.7142333984375,1150.7142333984375,1121.4285888671875,1139.25,23
2012-03-12,1112.142822265625,1112.142822265625,1112.0714111328125,1112.0714111328125,15
2012-03-13,1089.2857666015625,1142.142822265625,1062.142822265625,1142.142822265625,9
2012-03-14,1154.2857666015625,1185.7142333984375,1153.5714111328125,1169.7142333984375,208
2012-03-15,1123.2142333984375,1170.7142333984375,1122.857177734375,1163.5714111328125,77
2012-03-16,1178.5357666015625,1178.5357666015625,1142.857177734375,1142.857177734375,161
2012-03-19,1108.607177734375,1139.2857666015625,1108.607177734375,1128.0714111328125,70
2012-03-20,1142.857177734375,1142.857177734375,1127.142822265625,1127.142822265625,56
2012-03-21,1140.7142333984375,1164.2857666015625,1140.7142333984375,1157.142822265625,186
2012-03-22,1164.2857666015625,1164.2857666015625,1115.0357666015625,1131.0714111328125,124
2012-03-23,1153.5714111328125,1153.5714111328125,1110.7142333984375,1112.3214111328125,43
2012-03-26,1107.142822265625,1107.142822265625,1088.5714111328125,1095.25,43
2012-03-27,1114.2857666015625,1117.857177734375,1070.7142333984375,1089.892822265625,169
2012-03-28,1092.892822265625,1120.642822265625,1071.4285888671875,1073.0,163
2012-03-29,1092.857177734375,1096.4285888671875,1078.5714111328125,1085.4285888671875,404
2012-03-30,1072.857177734375,1089.2857666015625,1072.857177734375,1083.0714111328125,176
2012-04-02,1092.857177734375,1118.9285888671875,1071.4285888671875,1079.9642333984375,201
2012-04-03,1047.142822265625,1133.9285888671875,1047.142822265625,1133.9285888671875,350
2012-04-04,1128.5714111328125,1171.4285888671875,1128.5714111328125,1150.0714111328125,180
2012-04-09,1142.857177734375,1147.857177734375,1142.857177734375,1143.7857666015625,432
2012-04-10,1092.142822265625,1177.0714111328125,1092.142822265625,1157.142822265625,84
2012-04-11,1150.0,1156.4285888671875,1142.857177734375,1143.25,43
2012-04-12,1142.892822265625,1142.892822265625,1142.857177734375,1142.892822265625,142
2012-04-13,1150.7142333984375,1150.7142333984375,1142.857177734375,1142.857177734375,151
2012-04-16,1142.857177734375,1142.857177734375,1142.857177734375,1142.857177734375,28
2012-04-17,1142.892822265625,1149.9642333984375,1142.857177734375,1142.857177734375,217
2012-04-18,1142.892822265625,1149.2857666015625,1142.857177734375,1142.857177734375,261
2012-04-19,1142.892822265625,1157.142822265625,1142.857177734375,1152.107177734375,2084
2012-04-20,1150.7142333984375,1153.5714111328125,1142.857177734375,1142.857177734375,704
2012-04-23,1164.2857666015625,1171.4285888671875,1128.5714111328125,1128.5714111328125,550
2012-04-24,1121.4285888671875,1121.4285888671875,1107.142822265625,1108.9285888671875,103
2012-04-25,1137.8214111328125,1137.857177734375,1137.8214111328125,1137.857177734375,49
2012-04-26,1135.7142333984375,1157.142822265625,1107.142822265625,1136.3214111328125,51
2012-04-27,1115.0,1115.0,1114.2857666015625,1114.75,21
2012-04-30,1117.857177734375,1117.857177734375,1107.1785888671875,1107.1785888671875,7
2012-05-02,1135.7142333984375,1135.7142333984375,1100.0,1100.1785888671875,315
2012-05-03,1100.0,1114.2857666015625,1100.0,1105.0,51
2012-05-04,1078.5714111328125,1101.4285888671875,1071.5714111328125,1100.7142333984375,361
2012-05-07,1121.392822265625,1121.392822265625,1100.0,1101.4285888671875,187
2012-05-08,1107.107177734375,1107.142822265625,1100.0,1100.4285888671875,277
2012-05-09,1100.0714111328125,1100.0714111328125,1100.0,1100.0,596
2012-05-10,1100.0,1114.2857666015625,1100.0,1100.0,123
2012-05-11,1100.0,1100.0,1100.0,1100.0,1
2012-05-14,1071.7857666015625,1100.0,1071.7857666015625,1077.6785888671875,22
2012-05-15,1073.2142333984375,1073.2142333984375,1073.142822265625,1073.142822265625,2
2012-05-16,1071.4285888671875,1078.5714111328125,1071.4285888671875,1072.9642333984375,501
2012-05-17,1025.0,1078.5714111328125,1025.0,1071.9285888671875,469
2012-05-18,1098.5714111328125,1098.5714111328125,1071.4285888671875,1071.4285888671875,611
2012-05-21,1071.4285888671875,1078.5714111328125,1071.4285888671875,1071.4285888671875,295
2012-05-22,1071.4285888671875,1071.4285888671875,1071.4285888671875,1071.4285888671875,840
2012-05-23,1071.4285888671875,1071.4285888671875,1018.6071166992188,1063.5714111328125,491
2012-05-24,1071.4285888671875,1071.4285888671875,1067.142822265625,1067.142822265625,11
2012-05-25,1078.5714111328125,1078.5714111328125,1040.0,1040.0,4
2012-05-28,1067.857177734375,1071.4285888671875,1040.0,1071.4285888671875,96
2012-05-29,1071.4285888671875,1071.4285888671875,1035.7142333984375,1056.107177734375,732
2012-05-30,1078.5714111328125,1085.7142333984375,1053.5714111328125,1064.0714111328125,70
2012-05-31,1071.357177734375,1071.4285888671875,1070.0,1071.4285888671875,7
2012-06-01,1022.8571166992188,1071.4285888671875,1022.8571166992188,1051.892822265625,58
2012-06-04,1071.357177734375,1071.357177734375,1035.7857666015625,1064.25,22
2012-06-05,1067.857177734375,1067.857177734375,1064.25,1064.25,8
2012-06-06,1050.7142333984375,1067.142822265625,1035.7142333984375,1064.9285888671875,252
2012-06-07,1071.357177734375,1071.357177734375,1067.857177734375,1071.357177734375,39
2012-06-08,1071.357177734375,1071.357177734375,1051.4285888671875,1062.7857666015625,68
2012-06-11,1071.392822265625,1071.392822265625,1060.7142333984375,1067.5,43
2012-06-12,1067.857177734375,1067.857177734375,1042.9285888671875,1063.642822265625,61
2012-06-13,1067.142822265625,1067.857177734375,1064.2857666015625,1067.857177734375,176
2012-06-14,1082.142822265625,1082.142822265625,1035.7142333984375,1057.142822265625,376
2012-06-15,1092.142822265625,1092.142822265625,1015.0,1057.107177734375,439
2012-06-18,1071.392822265625,1071.392822265625,1053.5714111328125,1053.5714111328125,36
2012-06-19,1070.6785888671875,1070.6785888671875,1064.2142333984375,1064.2142333984375,15
2012-06-20,1057.142822265625,1057.142822265625,1037.142822265625,1054.0714111328125,86
2012-06-21,1057.0714111328125,1057.142822265625,1039.2857666015625,1057.142822265625,78
2012-06-22,1075.0,1075.0,1035.7142333984375,1049.2857666015625,602
2012-06-25,1075.0,1075.0,1042.857177734375,1050.857177734375,415
2012-06-26,1071.4285888671875,1071.4285888671875,1035.7142333984375,1053.5357666015625,334
2012-06-27,1050.0,1071.4285888671875,1036.5,1057.7857666015625,334
2012-06-28,1071.4285888671875,1071.4285888671875,1029.642822265625,1050.607177734375,1727
2012-06-29,1053.5714111328125,1053.5714111328125,1053.5714111328125,1053.5714111328125,1
2012-07-02,1057.0714111328125,1057.0714111328125,1036.5,1051.5,750
2012-07-03,1039.357177734375,1056.4285888671875,1039.357177734375,1046.642822265625,1457
2012-07-04,1064.2142333984375,1064.2857666015625,1042.857177734375,1060.5,116
2012-07-05,1090.7142333984375,1090.7142333984375,1042.857177734375,1063.392822265625,40
2012-07-06,1060.7142333984375,1060.7142333984375,1060.7142333984375,1060.7142333984375,36
2012-07-09,1053.5714111328125,1053.5714111328125,1053.5714111328125,1053.5714111328125,7
2012-07-10,1046.4285888671875,1057.142822265625,1035.7142333984375,1051.607177734375,378
2012-07-11,1050.0,1053.5714111328125,1050.0,1053.5714111328125,91
2012-07-12,1046.4285888671875,1053.5714111328125,1046.4285888671875,1052.7142333984375,43
2012-07-13,1060.642822265625,1060.7142333984375,1032.142822265625,1053.1785888671875,44
2012-07-16,1046.4285888671875,1057.142822265625,1046.4285888671875,1054.0714111328125,29
2012-07-17,1043.5714111328125,1058.5714111328125,1036.4285888671875,1057.25,36
2012-07-18,1050.0,1064.2142333984375,1043.5714111328125,1062.4642333984375,165
2012-07-19,1051.4642333984375,1060.7142333984375,1050.0,1053.6785888671875,21
2012-07-20,1060.0,1064.2857666015625,1060.0,1064.0357666015625,28
2012-07-24,1057.142822265625,1057.142822265625,1052.857177734375,1053.6785888671875,187
2012-07-25,1046.4285888671875,1053.5714111328125,1032.142822265625,1050.9285888671875,462
2012-07-26,1020.75,1053.5714111328125,1017.8571166992188,1051.6785888671875,547
2012-07-27,1025.0,1053.5714111328125,1021.4285888671875,1050.607177734375,282
2012-07-30,1007.1428833007812,1057.142822265625,1007.1428833007812,1050.5714111328125,306
2012-07-31,1046.4285888671875,1053.5714111328125,1046.4285888671875,1051.7857666015625,77
2012-08-01,1035.7857666015625,1053.5714111328125,1035.7142333984375,1050.607177734375,462
2012-08-02,1052.8214111328125,1053.5357666015625,1029.0357666015625,1052.357177734375,208
2012-08-03,1042.857177734375,1071.4285888671875,1017.8571166992188,1049.8214111328125,1792
2012-08-06,1035.7857666015625,1052.142822265625,1035.7142333984375,1052.0714111328125,92
2012-08-07,1042.857177734375,1052.142822265625,1017.8571166992188,1050.0714111328125,2773
2012-08-08,1053.357177734375,1053.357177734375,1040.357177734375,1051.2857666015625,116
2012-08-09,1014.3571166992188,1052.2857666015625,1014.3571166992188,1050.0,287
2012-08-10,1046.4285888671875,1053.5714111328125,1039.2857666015625,1049.8214111328125,505
2012-08-13,1035.7142333984375,1050.0,1035.7142333984375,1048.607177734375,351
2012-08-14,1046.4285888671875,1057.142822265625,1042.857177734375,1050.392822265625,635
2012-08-16,1050.0,1050.0,1050.0,1050.0,23
2012-08-17,1060.7142333984375,1060.7142333984375,1033.5714111328125,1050.0,737
2012-08-21,1049.2857666015625,1049.2857666015625,1049.2857666015625,1049.2857666015625,140
2012-08-22,1046.4285888671875,1050.0,1042.857177734375,1049.2857666015625,298
2012-08-23,1050.0,1050.0,1049.2142333984375,1049.25,210
2012-08-24,1050.0,1050.0,1035.7142333984375,1049.2857666015625,308
2012-08-27,1042.857177734375,1049.2857666015625,1042.857177734375,1049.142822265625,387
2012-08-28,1035.75,1050.0,1035.75,1048.5714111328125,270
2012-08-29,1027.5357666015625,1050.0,1027.5357666015625,1047.607177734375,424
2012-08-30,1042.857177734375,1049.2142333984375,1042.857177734375,1049.2142333984375,9
2012-08-31,1042.857177734375,1049.142822265625,1037.142822265625,1045.5714111328125,291
2012-09-03,1039.2857666015625,1045.7142333984375,1035.7142333984375,1045.0,214
2012-09-04,1021.5,1049.2857666015625,1021.4285888671875,1043.0357666015625,862
2012-09-05,1025.0357666015625,1046.4285888671875,1025.0,1046.142822265625,665
2012-09-06,1059.892822265625,1059.892822265625,1042.892822265625,1042.892822265625,63
2012-09-07,1042.857177734375,1050.0,1034.357177734375,1044.892822265625,58
2012-09-10,1032.857177734375,1052.857177734375,1032.857177734375,1042.857177734375,85
2012-09-11,1032.9285888671875,1050.0,1032.9285888671875,1049.2857666015625,91
2012-09-12,1050.0,1050.0,1050.0,1050.0,7
2012-09-13,1049.642822265625,1050.0,1035.7857666015625,1049.25,159
2012-09-14,1042.892822265625,1050.0,1042.857177734375,1050.0,343
2012-09-17,1032.857177734375,1050.0,1032.857177734375,1044.892822265625,26
2012-09-18,1044.2857666015625,1044.2857666015625,1042.857177734375,1043.0,15
2012-09-20,1035.7857666015625,1057.142822265625,1035.7857666015625,1057.142822265625,11
2012-09-21,1064.2857666015625,1064.2857666015625,1042.857177734375,1050.0,879
2012-09-24,1060.7142333984375,1064.2857666015625,1060.7142333984375,1064.2857666015625,16
2012-09-25,1060.75,1060.75,1046.4285888671875,1047.2142333984375,135
2012-09-26,1053.5714111328125,1074.107177734375,1046.4285888671875,1074.107177734375,47
2012-09-27,1057.1785888671875,1085.7142333984375,1050.0,1066.2857666015625,338
2012-09-28,1078.5714111328125,1078.5714111328125,1057.2142333984375,1071.5,77
2012-10-01,1089.2857666015625,1099.2857666015625,1089.2857666015625,1099.2857666015625,93
2012-10-03,1103.5714111328125,1154.25,1103.5714111328125,1154.25,1230
2012-10-04,1199.2857666015625,1199.642822265625,1158.5714111328125,1181.9642333984375,726
2012-10-05,1171.4285888671875,1171.4285888671875,1139.642822265625,1159.2857666015625,246
2012-10-08,1189.2857666015625,1192.857177734375,1139.642822265625,1150.0,116
2012-10-09,1170.7142333984375,1171.4285888671875,1146.4285888671875,1146.4285888671875,186
2012-10-10,1187.8214111328125,1189.2857666015625,1142.857177734375,1143.4642333984375,189
2012-10-11,1150.7142333984375,1160.6785888671875,1150.0,1150.1785888671875,259
2012-10-12,1174.2857666015625,1175.0,1157.142822265625,1161.75,569
2012-10-15,1160.7142333984375,1164.2857666015625,1157.142822265625,1157.142822265625,29
2012-10-16,1160.7142333984375,1175.0,1099.3214111328125,1125.0,473
2012-10-17,1144.2857666015625,1144.2857666015625,1096.4642333984375,1103.8214111328125,228
2012-10-18,1110.7142333984375,1124.9642333984375,1107.142822265625,1115.0,175
2012-10-19,1119.2857666015625,1135.7142333984375,1119.2857666015625,1135.7142333984375,88
2012-10-22,1117.857177734375,1117.857177734375,1107.142822265625,1116.4285888671875,201
2012-10-23,1135.7142333984375,1135.7142333984375,1117.857177734375,1128.142822265625,182
2012-10-25,1134.5714111328125,1142.857177734375,1134.5714111328125,1142.857177734375,413
2012-10-29,1139.25,1139.25,1139.2142333984375,1139.2142333984375,2
2012-10-30,1178.5714111328125,1178.5714111328125,1090.392822265625,1090.392822265625,22
2012-10-31,1121.4285888671875,1121.4285888671875,1085.7142333984375,1096.7857666015625,152
2012-11-01,1100.0357666015625,1100.0357666015625,1092.857177734375,1096.0,70
2012-11-02,1107.107177734375,1107.142822265625,1092.857177734375,1093.607177734375,176
2012-11-05,1093.642822265625,1107.142822265625,1092.857177734375,1097.142822265625,140
2012-11-06,1122.5,1122.5,1100.0,1100.0,15
2012-11-07,1096.4642333984375,1096.4642333984375,1096.4285888671875,1096.4285888671875,77
2012-11-09,1089.2857666015625,1103.5357666015625,1085.7142333984375,1086.0,47
2012-11-12,1110.7142333984375,1125.0,1079.7142333984375,1100.857177734375,417
2012-11-15,1107.142822265625,1107.142822265625,1096.4285888671875,1096.4285888671875,110
2012-11-16,1096.4285888671875,1100.7142333984375,1096.4285888671875,1100.0,117
2012-11-19,1096.2142333984375,1096.2142333984375,1096.2142333984375,1096.2142333984375,4
2012-11-20,1080.0357666015625,1080.0357666015625,1079.2857666015625,1079.2857666015625,44
2012-11-21,1075.7142333984375,1076.0714111328125,1075.7142333984375,1076.0714111328125,7
2012-11-22,1079.2857666015625,1095.6785888671875,1072.857177734375,1072.857177734375,726
2012-11-23,1079.3214111328125,1079.357177734375,1079.3214111328125,1079.3214111328125,8
2012-11-26,1072.142822265625,1072.142822265625,1071.4285888671875,1071.4285888671875,130
2012-11-27,1072.142822265625,1072.142822265625,1050.0,1068.5357666015625,779
2012-11-29,1071.4285888671875,1105.357177734375,1064.2857666015625,1071.4285888671875,1680
2012-11-30,1071.4285888671875,1071.4285888671875,1064.2857666015625,1066.0714111328125,49
2012-12-03,1064.2857666015625,1064.2857666015625,1039.2857666015625,1063.107177734375,611
2012-12-04,1060.7142333984375,1067.857177734375,1060.7142333984375,1066.8214111328125,77
2012-12-05,1060.7142333984375,1071.4285888671875,1039.2857666015625,1063.107177734375,796
2012-12-06,1067.142822265625,1071.4285888671875,1053.5714111328125,1064.642822265625,128
2012-12-07,1062.857177734375,1070.0,1054.2857666015625,1061.8214111328125,270
2012-12-10,1071.4285888671875,1071.4285888671875,1055.0,1060.7142333984375,432
2012-12-11,1019.6785888671875,1067.142822265625,1019.6785888671875,1058.1785888671875,298
2012-12-12,1105.357177734375,1105.357177734375,1020.0,1060.607177734375,435
2012-12-13,1060.7142333984375,1064.2857666015625,1050.0714111328125,1059.2142333984375,158
2012-12-14,1071.0714111328125,1071.0714111328125,1038.0,1055.642822265625,1680
2012-12-17,1079.6785888671875,1079.6785888671875,1042.857177734375,1051.392822265625,323
2012-12-18,1060.642822265625,1060.642822265625,1060.642822265625,1060.642822265625,5
2012-12-19,1060.642822265625,1067.857177734375,1053.5714111328125,1067.0714111328125,562
2012-12-20,1079.6785888671875,1079.6785888671875,1060.7142333984375,1064.2142333984375,56
2012-12-21,1067.142822265625,1071.4285888671875,1046.4642333984375,1062.142822265625,340
2012-12-24,1064.2857666015625,1066.4285888671875,1046.4285888671875,1059.7142333984375,219
2012-12-26,1056.4285888671875,1064.2857666015625,1056.4285888671875,1057.142822265625,166
2012-12-27,1057.142822265625,1063.5714111328125,1057.142822265625,1060.7142333984375,51
2012-12-28,1062.857177734375,1062.857177734375,1042.1785888671875,1057.5,49
2012-12-31,1035.7142333984375,1057.0714111328125,1035.7142333984375,1053.4285888671875,208
2013-01-01,1064.2857666015625,1067.142822265625,1057.0714111328125,1058.357177734375,455
2013-01-02,1064.2857666015625,1067.7857666015625,1051.5,1057.142822265625,219
2013-01-03,1060.7142333984375,1065.0,1048.5714111328125,1060.7142333984375,656
2013-01-04,1057.2142333984375,1064.2857666015625,1057.142822265625,1057.142822265625,49
2013-01-07,1057.142822265625,1071.4285888671875,1057.142822265625,1071.4285888671875,317
2013-01-08,1089.2857666015625,1089.2857666015625,1053.5714111328125,1056.357177734375,310
2013-01-09,1067.857177734375,1067.857177734375,1053.5714111328125,1060.7142333984375,288
2013-01-10,1057.857177734375,1060.7142333984375,1053.5714111328125,1053.5714111328125,131
2013-01-11,1063.5714111328125,1064.2857666015625,1063.5714111328125,1063.857177734375,35
2013-01-14,1040.0,1067.107177734375,1040.0,1057.4285888671875,30
2013-01-15,1050.107177734375,1063.5714111328125,1047.857177734375,1059.25,32
2013-01-16,1064.25,1064.25,1050.0714111328125,1053.4642333984375,42
2013-01-17,1020.7857055664062,1057.142822265625,1020.7857055664062,1057.142822265625,26
2013-01-18,1057.142822265625,1064.2857666015625,1024.2857666015625,1064.25,70
2013-01-21,1053.5714111328125,1065.0,1039.2857666015625,1058.0714111328125,215
2013-01-22,1030.75,1071.392822265625,1030.75,1051.2142333984375,392
2013-01-23,1053.5714111328125,1060.642822265625,1041.4285888671875,1059.2142333984375,127
2013-01-24,1028.642822265625,1052.642822265625,1027.2142333984375,1052.392822265625,91
2013-01-25,1037.1785888671875,1057.0,1035.7142333984375,1053.392822265625,229
2013-01-28,1026.5,1060.0,1026.5,1052.142822265625,117
2013-01-29,1031.5,1054.857177734375,1028.5714111328125,1052.5,478
2013-01-30,1029.2857666015625,1057.142822265625,1018.5714111328125,1049.107177734375,852
2013-01-31,1052.142822265625,1057.142822265625,1036.5,1049.892822265625,316
2013-02-01,1059.5714111328125,1059.5714111328125,1059.5714111328125,1059.5714111328125,21
2013-02-04,1060.0,1060.0,1035.7142333984375,1049.892822265625,168
2013-02-05,1042.857177734375,1042.857177734375,1042.857177734375,1042.857177734375,4
2013-02-06,1032.142822265625,1032.142822265625,1022.1428833007812,1022.1428833007812,103
2013-02-08,1020.0,1035.0,1017.8214111328125,1032.142822265625,61
2013-02-11,1022.1428833007812,1022.1428833007812,1008.0357055664062,1018.75,109
2013-02-12,1009.8214111328125,1015.7142944335938,1000.0,1008.5714111328125,186
2013-02-13,1007.1428833007812,1055.0,989.2857055664062,1006.4285888671875,306
2013-02-14,1014.2857055664062,1014.2857055664062,967.8571166992188,981.9285888671875,281
2013-02-15,989.6428833007812,1000.0,989.6428833007812,1000.0,9
2013-02-18,993.7142944335938,1017.8214111328125,993.7142944335938,1011.7857055664062,145
2013-02-19,1014.2857055664062,1014.2857055664062,1000.7142944335938,1002.2857055664062,37
2013-02-20,971.9285888671875,1000.7142944335938,971.9285888671875,986.1428833007812,43
2013-02-21,982.8571166992188,989.2142944335938,964.25,982.1428833007812,208
2013-02-22,993.4285888671875,998.5714111328125,986.4285888671875,992.7857055664062,176
2013-02-25,968.5714111328125,978.5714111328125,967.8571166992188,976.25,91
2013-02-26,957.1428833007812,991.7857055664062,957.1428833007812,984.0357055664062,242
2013-02-27,958.5714111328125,992.8571166992188,958.5714111328125,992.7857055664062,102
2013-02-28,992.8571166992188,996.4285888671875,968.9285888671875,986.5714111328125,331
2013-03-01,959.6428833007812,985.7142944335938,937.8571166992188,979.3571166992188,462
2013-03-04,978.5714111328125,985.7142944335938,970.7142944335938,975.3571166992188,204
2013-03-05,984.1071166992188,984.1071166992188,984.1071166992188,984.1071166992188,7
2013-03-06,984.5714111328125,984.5714111328125,984.5714111328125,984.5714111328125,14
2013-03-07,965.0,978.5714111328125,964.2857055664062,978.5714111328125,14
2013-03-08,965.7142944335938,987.0714111328125,965.7142944335938,978.5357055664062,58
2013-03-11,965.7142944335938,978.5714111328125,965.0,978.2857055664062,373
2013-03-12,971.4285888671875,982.1428833007812,964.2857055664062,975.9285888671875,340
2013-03-13,965.0,982.1428833007812,965.0,971.6071166992188,326
2013-03-14,954.2857055664062,993.5714111328125,953.5714111328125,975.7857055664062,477
2013-03-15,978.5714111328125,982.1428833007812,964.2857055664062,981.9642944335938,84
2013-03-18,964.3571166992188,988.5714111328125,957.1428833007812,977.6071166992188,369
2013-03-19,978.5714111328125,978.5714111328125,961.5,977.25,1932
2013-03-20,950.0714111328125,980.6785888671875,949.2857055664062,979.25,176
2013-03-21,957.1785888671875,982.1428833007812,957.1785888671875,975.4642944335938,432
2013-03-22,970.7142944335938,982.1428833007812,970.7142944335938,977.2142944335938,30
2013-03-25,982.0714111328125,1000.0,952.3214111328125,975.8214111328125,63
2013-03-26,960.7142944335938,978.5714111328125,957.8571166992188,975.0,148
2013-03-28,976.6428833007812,977.0714111328125,976.6428833007812,977.0714111328125,70
2013-04-02,975.0,975.0,975.0,975.0,14
2013-04-03,965.0,978.5714111328125,965.0,975.5,224
2013-04-04,954.2857055664062,984.5714111328125,954.2857055664062,976.3571166992188,98
2013-04-05,975.0,984.2857055664062,965.1785888671875,981.4285888671875,112
2013-04-12,978.5714111328125,978.5714111328125,946.4285888671875,978.5714111328125,196
2013-04-15,975.0,975.0,957.8928833007812,975.0,378
2013-04-16,957.1428833007812,962.8571166992188,950.0,957.1428833007812,424
2013-04-17,960.6785888671875,960.6785888671875,957.1428833007812,960.6785888671875,42
2013-04-18,952.8214111328125,955.7142944335938,952.8214111328125,952.8214111328125,23
2013-04-22,957.0714111328125,957.0714111328125,957.0714111328125,957.0714111328125,2
2013-04-23,955.0,957.0714111328125,955.0,955.0,176
2013-04-25,957.1428833007812,957.1428833007812,946.4285888671875,957.1428833007812,296
2013-04-26,964.2857055664062,964.2857055664062,928.5714111328125,964.2857055664062,224
2013-04-29,959.2857055664062,959.2857055664062,935.7142944335938,959.2857055664062,1674
2013-04-30,957.1428833007812,957.1428833007812,957.1428833007812,957.1428833007812,1
2013-05-02,949.2857055664062,949.2857055664062,932.1428833007812,949.2857055664062,60
2013-05-03,942.8571166992188,942.8571166992188,916.4285888671875,942.8571166992188,288
2013-05-06,949.9642944335938,949.9642944335938,949.9642944335938,949.9642944335938,25
2013-05-07,948.5357055664062,952.8214111328125,942.8571166992188,948.5357055664062,64
2013-05-08,942.1428833007812,942.1428833007812,942.1428833007812,942.1428833007812,7
2013-05-09,928.5714111328125,935.7857055664062,928.5714111328125,928.5714111328125,526
2013-05-14,926.4285888671875,928.5,922.1428833007812,926.4285888671875,25
2013-05-15,937.1428833007812,937.1428833007812,927.8571166992188,937.1428833007812,233
2013-05-16,946.4285888671875,946.4285888671875,946.4285888671875,946.4285888671875,1
2013-05-20,925.0,925.0,925.0,925.0,42
2013-05-22,928.4642944335938,928.4642944335938,928.4642944335938,928.4642944335938,14
2013-05-23,925.0,925.0,916.7857055664062,925.0,42
2013-05-28,925.0,925.0,925.0,925.0,1
2013-05-31,928.5714111328125,928.5714111328125,917.8571166992188,928.5714111328125,2
2013-06-05,927.0714111328125,927.0714111328125,927.0714111328125,927.0714111328125,70
2013-06-06,921.4285888671875,921.4285888671875,900.0,921.4285888671875,278
2013-06-07,917.8571166992188,917.8571166992188,892.8571166992188,917.8571166992188,455
2013-06-10,927.8571166992188,927.8571166992188,880.7142944335938,927.8571166992188,287
2013-06-13,910.7142944335938,910.7142944335938,892.8571166992188,910.7142944335938,140
2013-06-17,910.7142944335938,910.7142944335938,910.7142944335938,910.7142944335938,70
2013-06-18,939.2857055664062,939.2857055664062,879.2857055664062,939.2857055664062,9
2013-06-19,932.1428833007812,932.1428833007812,892.8571166992188,932.1428833007812,71
2013-06-20,932.1428833007812,932.1428833007812,932.1428833007812,932.1428833007812,1
2013-06-21,957.1428833007812,957.1428833007812,957.1428833007812,957.1428833007812,1
2013-07-05,909.2857055664062,909.2857055664062,909.2857055664062,909.2857055664062,1
2013-07-08,920.0,920.0,893.5714111328125,920.0,8
2013-07-09,895.7142944335938,895.7142944335938,895.7142944335938,895.7142944335938,7
2013-07-10,873.5714111328125,892.5,857.1428833007812,873.5714111328125,91
2013-07-11,875.0,875.0,857.0714111328125,875.0,175
2013-07-15,891.4285888671875,891.4285888671875,847.1785888671875,891.4285888671875,211
2013-07-16,874.2857055664062,874.2857055664062,874.2857055664062,874.2857055664062,1
2013-07-18,849.9642944335938,849.9642944335938,849.9642944335938,849.9642944335938,28
2013-07-19,871.4285888671875,871.4285888671875,871.4285888671875,871.4285888671875,49
2013-07-22,871.4285888671875,871.4285888671875,871.4285888671875,871.4285888671875,1
2013-07-24,870.7142944335938,870.7142944335938,870.7142944335938,870.7142944335938,1
2013-07-29,857.1428833007812,885.0,857.1428833007812,857.1428833007812,16
2013-08-01,857.1428833007812,857.1428833007812,857.1428833007812,857.1428833007812,91
2013-08-02,857.1428833007812,857.1428833007812,817.9285888671875,857.1428833007812,240
2013-08-05,856.4285888671875,856.4285888671875,832.1428833007812,856.4285888671875,71
2013-08-07,856.4285888671875,856.4285888671875,843.5714111328125,856.4285888671875,232
2013-08-08,856.4285888671875,856.4285888671875,855.7142944335938,856.4285888671875,226
2013-08-14,855.7142944335938,874.2857055664062,835.7142944335938,855.7142944335938,177
2013-08-21,857.1071166992188,857.1071166992188,835.3571166992188,857.1071166992188,15
2013-08-23,825.1428833007812,825.1428833007812,825.1428833007812,825.1428833007812,25
2013-08-26,857.1428833007812,857.1428833007812,857.1428833007812,857.1428833007812,2
2013-08-30,842.8571166992188,842.8571166992188,842.8571166992188,842.8571166992188,28
2013-09-02,842.8571166992188,842.8571166992188,800.7142944335938,842.8571166992188,8
2013-09-03,839.2857055664062,842.1428833007812,803.5714111328125,839.2857055664062,70
2013-09-06,839.2857055664062,839.2857055664062,839.2857055664062,839.2857055664062,8
2013-09-10,842.8571166992188,842.8571166992188,842.8571166992188,842.8571166992188,71
2013-09-11,839.2857055664062,842.8571166992188,828.5714111328125,839.2857055664062,43
2013-09-12,821.4285888671875,835.0,821.4285888671875,821.4285888671875,61
2013-09-13,845.7142944335938,845.7142944335938,814.2857055664062,845.7142944335938,100
2013-09-16,856.4285888671875,856.4285888671875,803.4285888671875,856.4285888671875,30
2013-09-17,853.5714111328125,853.5714111328125,814.2857055664062,853.5714111328125,70
2013-09-18,856.4285888671875,856.4285888671875,810.8928833007812,856.4285888671875,299
2013-09-19,823.5714111328125,823.5714111328125,813.6071166992188,823.5714111328125,36
2013-09-20,833.5714111328125,833.5714111328125,813.5714111328125,833.5714111328125,2
2013-09-25,807.1428833007812,807.1428833007812,803.5714111328125,807.1428833007812,60
2013-09-26,832.1428833007812,832.1428833007812,832.1428833007812,832.1428833007812,149
2013-09-27,855.7142944335938,855.7142944335938,855.7142944335938,855.7142944335938,7
2013-10-01,855.7142944335938,855.7142944335938,855.7142944335938,855.7142944335938,1
2013-10-03,857.1428833007812,857.1428833007812,857.1428833007812,857.1428833007812,16
2013-10-09,850.5714111328125,850.5714111328125,850.5714111328125,850.5714111328125,1
2013-10-14,850.0,892.7857055664062,850.0,850.0,12
2013-10-15,857.1428833007812,857.1428833007812,850.7142944335938,857.1428833007812,8
2013-10-17,857.1428833007812,857.1428833007812,857.1428833007812,857.1428833007812,1
2013-10-18,846.4285888671875,846.4285888671875,846.4285888671875,846.4285888671875,5
2013-10-21,845.0,845.0,821.4285888671875,845.0,8
2013-10-22,835.7142944335938,841.3571166992188,821.0714111328125,835.7142944335938,50
2013-10-23,857.1428833007812,857.1428833007812,833.5714111328125,857.1428833007812,19
2013-10-24,849.2857055664062,849.2857055664062,849.2857055664062,849.2857055664062,2
2013-10-25,850.0,850.0,820.6785888671875,850.0,15
2013-10-28,850.0,850.0,832.1428833007812,850.0,8
2013-10-29,850.0,850.0,832.1428833007812,850.0,42
2013-10-30,845.0,845.0,821.4285888671875,845.0,133
2013-10-31,838.5714111328125,838.5714111328125,819.2857055664062,838.5714111328125,22
2013-11-05,835.7142944335938,835.7142944335938,821.4285888671875,835.7142944335938,14
2013-11-06,835.6428833007812,835.6428833007812,835.6428833007812,835.6428833007812,70
2013-11-08,835.7142944335938,839.2857055664062,830.7142944335938,835.7142944335938,32
2013-11-11,841.4285888671875,841.4285888671875,832.1428833007812,841.4285888671875,7
2013-11-19,828.5714111328125,828.5714111328125,800.0,828.5714111328125,49
2013-11-20,849.2857055664062,849.2857055664062,802.1428833007812,849.2857055664062,77
2013-11-21,820.7142944335938,820.7142944335938,807.1428833007812,820.7142944335938,100
2013-11-26,851.4285888671875,851.4285888671875,851.4285888671875,851.4285888671875,1
2013-11-28,838.5714111328125,838.5714111328125,838.5714111328125,838.5714111328125,7
2013-11-29,820.6785888671875,820.7142944335938,820.6785888671875,820.6785888671875,2
2013-12-02,819.2857055664062,819.2857055664062,819.2857055664062,819.2857055664062,5
2013-12-03,814.2857055664062,817.1428833007812,804.2857055664062,814.2857055664062,252
2013-12-04,817.8571166992188,817.8571166992188,805.7142944335938,817.8571166992188,91
2013-12-05,821.4285888671875,821.4285888671875,821.4285888671875,821.4285888671875,350
2013-12-09,817.8571166992188,820.0,817.8571166992188,817.8571166992188,144
2013-12-10,817.8571166992188,817.8571166992188,817.8571166992188,817.8571166992188,211
2013-12-16,811.4285888671875,821.4285888671875,811.4285888671875,811.4285888671875,126
2013-12-17,817.8571166992188,817.8571166992188,813.5714111328125,817.8571166992188,18
2013-12-18,809.3571166992188,811.4285888671875,809.3571166992188,809.3571166992188,186
2013-12-20,819.2857055664062,819.2857055664062,819.2857055664062,819.2857055664062,5
2013-12-24,810.7142944335938,810.7142944335938,810.7142944335938,810.7142944335938,42
2013-12-26,820.5714111328125,825.0,820.5714111328125,820.5714111328125,456
2013-12-30,819.2857055664062,820.0,816.4285888671875,819.2857055664062,226
2013-12-31,821.4285888671875,821.4285888671875,821.4285888671875,821.4285888671875,28
2014-01-01,811.4285888671875,820.7142944335938,811.4285888671875,811.4285888671875,49
2014-01-02,815.0,815.0,814.2857055664062,815.0,148
2014-01-06,800.0357055664062,842.8571166992188,800.0357055664062,800.0357055664062,107
2014-01-07,800.0,807.1785888671875,796.4285888671875,800.0,156
2014-01-09,800.0,800.0,800.0,800.0,14
2014-01-10,800.0,811.4285888671875,800.0,800.0,47
2014-01-13,814.2857055664062,814.2857055664062,804.6428833007812,805.0,119
2014-01-14,805.7142944335938,807.1428833007812,805.7142944335938,807.1428833007812,32
2014-01-15,796.4285888671875,796.4285888671875,796.4285888671875,796.4285888671875,14
2014-01-16,800.0357055664062,800.0357055664062,764.2857055664062,796.5,82
2014-01-17,785.7142944335938,810.0,769.3571166992188,794.4285888671875,336
2014-01-20,800.0,800.0714111328125,800.0,800.0714111328125,44
2014-01-21,800.1071166992188,800.1071166992188,800.0,800.0357055664062,42
2014-01-22,817.8571166992188,817.8571166992188,815.6071166992188,815.6071166992188,4
2014-01-23,803.5714111328125,803.5714111328125,803.5714111328125,803.5714111328125,54
2014-01-24,803.5714111328125,803.5714111328125,792.8571166992188,792.8571166992188,154
2014-01-28,790.7142944335938,792.8571166992188,767.8571166992188,792.8571166992188,221
2014-01-29,785.7142944335938,785.7142944335938,780.7142944335938,785.0714111328125,96
2014-01-30,789.2857055664062,789.2857055664062,789.2857055664062,789.2857055664062,1
2014-01-31,767.8571166992188,795.7142944335938,765.7142944335938,795.7142944335938,5
2014-02-06,790.7142944335938,790.7142944335938,760.7142944335938,771.9642944335938,289
2014-02-10,778.5714111328125,778.5714111328125,778.5714111328125,778.5714111328125,7
2014-02-11,775.0,785.7142944335938,771.4285888671875,785.6785888671875,30
2014-02-12,771.4285888671875,782.0714111328125,755.75,782.0714111328125,621
2014-02-13,795.7142944335938,795.7142944335938,779.25,779.25,28
2014-02-14,757.1428833007812,776.4285888671875,757.1428833007812,773.2142944335938,7
2014-02-17,764.2857055664062,778.5714111328125,764.2857055664062,778.5714111328125,2
2014-02-18,757.1428833007812,778.5,748.5714111328125,778.5,37
2014-02-19,782.0714111328125,782.0714111328125,752.1428833007812,777.1428833007812,21
2014-02-20,746.4285888671875,781.7857055664062,746.4285888671875,764.2857055664062,169
2014-02-21,739.3571166992188,764.2857055664062,739.3571166992188,764.2857055664062,231
2014-02-24,766.4285888671875,771.4285888671875,757.8571166992188,764.5357055664062,232
2014-02-25,757.1428833007812,763.6071166992188,753.5714111328125,763.5714111328125,212
2014-02-26,771.4285888671875,771.4285888671875,758.5714111328125,764.8571166992188,51
2014-02-28,752.8571166992188,764.2857055664062,751.7857055664062,764.2857055664062,37
2014-03-03,778.5714111328125,778.5714111328125,742.8571166992188,745.9642944335938,688
2014-03-04,755.7142944335938,757.1428833007812,728.5714111328125,753.5714111328125,235
2014-03-05,728.5714111328125,757.1428833007812,728.5714111328125,757.1428833007812,22
2014-03-06,732.8571166992188,764.2857055664062,732.8571166992188,760.7142944335938,50
2014-03-07,732.8571166992188,760.7142944335938,732.1428833007812,745.0,175
2014-03-10,734.2857055664062,750.0,732.1428833007812,745.6428833007812,410
2014-03-11,751.2857055664062,751.2857055664062,728.7142944335938,749.7857055664062,105
2014-03-12,728.5714111328125,731.4285888671875,717.8571166992188,726.4285888671875,963
2014-03-13,721.4285888671875,732.1428833007812,721.4285888671875,721.4285888671875,205
2014-03-14,717.8571166992188,739.2857055664062,712.8571166992188,739.2857055664062,278
2014-03-18,763.5714111328125,763.5714111328125,704.2857055664062,740.5714111328125,340
2014-03-19,739.2857055664062,739.2857055664062,739.2857055664062,739.2857055664062,7
2014-03-20,718.5714111328125,730.7142944335938,717.8571166992188,721.1071166992188,1678
2014-03-21,715.0,730.0,715.0,728.5714111328125,54
2014-03-24,715.1785888671875,730.7142944335938,715.1785888671875,723.6428833007812,67
2014-03-25,717.8571166992188,726.4285888671875,714.2857055664062,726.4285888671875,303
2014-03-26,733.5714111328125,733.5714111328125,722.8571166992188,723.5714111328125,70
2014-03-27,723.9285888671875,735.6428833007812,707.1785888671875,720.0,204
2014-03-28,738.5714111328125,739.2857055664062,738.5714111328125,739.2857055664062,98
2014-03-31,770.7142944335938,776.25,749.9285888671875,776.25,1682
2014-04-01,813.5357055664062,815.0357055664062,800.0,815.0357055664062,368
2014-04-02,855.7142944335938,855.7857055664062,842.8928833007812,855.7857055664062,613
2014-04-03,898.5714111328125,898.5714111328125,898.5714111328125,898.5714111328125,1013
2014-04-04,941.4285888671875,943.5,897.1428833007812,921.3571166992188,1730
2014-04-07,876.4285888671875,960.7142944335938,876.4285888671875,931.5,613
2014-04-09,935.7142944335938,935.7142944335938,900.0,910.7142944335938,512
2014-04-10,910.7142944335938,926.3928833007812,894.2857055664062,904.4642944335938,100
2014-04-11,867.8571166992188,907.1428833007812,867.8571166992188,907.1428833007812,98
2014-04-15,892.8571166992188,910.6785888671875,871.4285888671875,872.3928833007812,166
2014-04-16,871.4285888671875,878.5714111328125,857.2142944335938,878.5714111328125,448
2014-04-17,868.5714111328125,896.4285888671875,868.5714111328125,872.8571166992188,43
2014-04-21,882.1428833007812,914.25,867.9642944335938,910.5714111328125,194
2014-04-22,896.4285888671875,896.4285888671875,896.4285888671875,896.4285888671875,7
2014-04-23,892.8571166992188,893.5714111328125,877.8571166992188,879.2857055664062,148
2014-04-25,892.8571166992188,892.8571166992188,851.5,852.3214111328125,513
2014-04-29,892.8214111328125,892.8571166992188,854.2857055664062,854.2857055664062,22
2014-04-30,887.1428833007812,887.1428833007812,814.2857055664062,814.2857055664062,487
2014-05-02,850.0,852.7142944335938,828.5714111328125,840.4642944335938,46
2014-05-05,842.8571166992188,882.1428833007812,817.8571166992188,882.1428833007812,320
2014-05-06,882.1428833007812,882.1428833007812,860.7142944335938,861.4642944335938,21
2014-05-07,864.2857055664062,864.2857055664062,857.1428833007812,857.1428833007812,277
2014-05-08,857.1428833007812,898.5714111328125,857.1428833007812,888.5,184
2014-05-09,844.3571166992188,875.0,844.2857055664062,871.4285888671875,84
2014-05-14,857.1428833007812,875.0,857.1428833007812,867.8571166992188,134
2014-05-15,871.4285888671875,871.4285888671875,861.4285888671875,862.25,253
2014-05-16,871.4285888671875,871.4285888671875,819.2857055664062,857.1428833007812,296
2014-05-19,874.9642944335938,900.0,857.1428833007812,900.0,957
2014-05-20,907.1428833007812,939.2857055664062,900.0,903.5714111328125,436
2014-05-21,942.8571166992188,942.8571166992188,907.1428833007812,914.6071166992188,268
2014-05-22,935.7142944335938,960.0,921.4285888671875,952.1428833007812,351
2014-05-23,964.2857055664062,985.7142944335938,953.5714111328125,973.75,635
2014-05-26,1014.2857055664062,1022.1428833007812,971.4285888671875,988.5,1908
2014-05-27,985.7142944335938,985.7142944335938,965.0714111328125,985.7142944335938,259
2014-05-28,971.4285888671875,973.6428833007812,971.4285888671875,973.6428833007812,47
2014-05-29,989.2857055664062,1007.1428833007812,988.9285888671875,996.6785888671875,348
2014-05-30,1046.4285888671875,1046.4285888671875,1000.0,1000.0,891
2014-06-02,1035.7142333984375,1048.5714111328125,1000.0,1029.75,1381
2014-06-03,1077.857177734375,1079.2857666015625,1039.2857666015625,1065.5714111328125,1523
2014-06-04,1113.5714111328125,1118.8214111328125,1068.607177734375,1117.9285888671875,1848
2014-06-05,1071.4285888671875,1142.857177734375,1071.4285888671875,1103.4642333984375,2765
2014-06-06,1104.2857666015625,1142.142822265625,1050.7142333984375,1110.1785888671875,1155
2014-06-09,1135.7142333984375,1135.7142333984375,1096.4285888671875,1119.3214111328125,4240
2014-06-10,1114.2857666015625,1119.9642333984375,1096.4285888671875,1117.857177734375,1199
2014-06-11,1120.7142333984375,1123.392822265625,1072.5,1077.892822265625,840
2014-06-12,1100.0,1107.142822265625,1077.2142333984375,1080.642822265625,527
2014-06-13,1105.642822265625,1105.7142333984375,1062.857177734375,1064.2857666015625,350
2014-06-16,1036.4285888671875,1063.5714111328125,1036.4285888671875,1063.5714111328125,168
2014-06-17,1090.0,1102.7857666015625,1078.5714111328125,1082.142822265625,152
2014-06-18,1107.0714111328125,1110.6785888671875,1079.357177734375,1080.357177734375,389
2014-06-19,1108.5714111328125,1133.5714111328125,1092.5,1095.5357666015625,740
2014-06-20,1122.857177734375,1124.25,1094.2857666015625,1094.6785888671875,635
2014-06-23,1075.7142333984375,1125.0,1075.7142333984375,1114.2857666015625,247
2014-06-24,1125.0,1142.857177734375,1107.142822265625,1127.857177734375,750
2014-06-25,1115.7142333984375,1135.0,1102.1785888671875,1119.642822265625,197
2014-06-26,1107.2857666015625,1132.142822265625,1098.642822265625,1098.642822265625,407
2014-06-27,1127.142822265625,1127.142822265625,1100.0714111328125,1114.357177734375,306
2014-06-30,1142.857177734375,1142.857177734375,1086.4285888671875,1110.0,1013
2014-07-01,1125.0,1125.0,1095.7142333984375,1104.0,750
2014-07-02,1104.2857666015625,1107.142822265625,1100.0,1100.0,715
2014-07-03,1089.642822265625,1110.6785888671875,1089.2857666015625,1100.892822265625,820
2014-07-04,1092.857177734375,1121.4285888671875,1089.2857666015625,1092.892822265625,470
2014-07-07,1093.5714111328125,1120.642822265625,1088.9285888671875,1088.9285888671875,329
2014-07-08,1107.142822265625,1107.142822265625,1035.7142333984375,1035.892822265625,880
2014-07-09,1015.7142944335938,1024.2857666015625,1015.6785888671875,1023.6071166992188,235
2014-07-10,1046.4285888671875,1050.0,1002.8571166992188,1035.6785888671875,229
2014-07-11,990.0,1019.2857055664062,990.0,1007.1428833007812,312
2014-07-14,1000.0,1026.3214111328125,957.1428833007812,1026.3214111328125,329
2014-07-15,1013.5714111328125,1013.5714111328125,1000.0,1000.0,7
2014-07-16,951.4285888671875,1032.142822265625,951.4285888671875,999.5357055664062,375
2014-07-17,965.0714111328125,1049.5,965.0714111328125,1037.1785888671875,60
2014-07-18,1056.4285888671875,1057.142822265625,1022.8571166992188,1027.9285888671875,74
2014-07-21,1050.0,1064.1785888671875,1018.5714111328125,1031.2857666015625,208
2014-07-22,1007.2142944335938,1053.5714111328125,1000.0,1053.5714111328125,1083
2014-07-23,1067.857177734375,1067.857177734375,1028.5714111328125,1047.857177734375,226
2014-07-24,1042.142822265625,1050.0,1042.142822265625,1050.0,147
2014-07-25,1014.3214111328125,1021.4285888671875,1014.2857055664062,1021.4285888671875,42
2014-07-28,1021.4285888671875,1025.357177734375,1000.0357055664062,1000.0357055664062,88
2014-07-30,1001.4285888671875,1049.2857666015625,1001.4285888671875,1028.607177734375,648
2014-07-31,1035.357177734375,1060.0,1035.357177734375,1036.4642333984375,135
2014-08-01,1036.4285888671875,1036.4285888671875,1015.0,1025.7142333984375,148
2014-08-04,1021.4285888671875,1052.8214111328125,1021.4285888671875,1042.8214111328125,306
2014-08-05,1040.7142333984375,1055.3214111328125,1028.5714111328125,1055.3214111328125,86
2014-08-06,1014.2857055664062,1042.857177734375,1014.2857055664062,1015.0,268
2014-08-07,1059.25,1059.25,1048.8214111328125,1048.8214111328125,98
2014-08-08,1035.7142333984375,1046.392822265625,1014.2857055664062,1033.8214111328125,142
2014-08-11,1043.0357666015625,1047.857177734375,1028.5714111328125,1047.857177734375,93
2014-08-12,1047.857177734375,1052.6785888671875,1023.2142944335938,1023.9642944335938,393
2014-08-13,1029.3214111328125,1032.142822265625,1025.0357666015625,1025.0357666015625,228
2014-08-14,1015.7142944335938,1064.2857666015625,1015.7142944335938,1052.8214111328125,553
2014-08-18,1083.5714111328125,1083.5714111328125,1021.5357055664062,1061.4285888671875,758
2014-08-19,1071.392822265625,1084.25,1065.7142333984375,1073.857177734375,1444
2014-08-20,1102.142822265625,1102.142822265625,1042.892822265625,1064.2142333984375,950
2014-08-21,1064.2857666015625,1100.0,1050.0357666015625,1064.2857666015625,1598
2014-08-22,1064.2857666015625,1064.2857666015625,1042.857177734375,1064.2857666015625,82
2014-08-25,1064.2857666015625,1071.0714111328125,1035.7142333984375,1064.2857666015625,893
2014-08-26,1070.0,1070.7142333984375,1064.2857666015625,1064.2857666015625,88
2014-08-27,1071.4285888671875,1071.4285888671875,1036.0714111328125,1037.5357666015625,135
2014-09-02,1071.3214111328125,1071.3214111328125,1054.5,1064.0714111328125,498
2014-09-03,1078.5714111328125,1087.8214111328125,1048.5714111328125,1070.5357666015625,359
2014-09-04,1092.857177734375,1092.857177734375,1053.5714111328125,1082.5714111328125,275
2014-09-05,1096.4285888671875,1096.4285888671875,1075.0357666015625,1090.9642333984375,1498
2014-09-08,1071.4285888671875,1090.7142333984375,1071.4285888671875,1088.892822265625,553
2014-09-09,1103.5714111328125,1107.142822265625,1077.857177734375,1089.2857666015625,527
2014-09-10,1089.2857666015625,1107.142822265625,1089.2857666015625,1089.857177734375,1716
2014-09-11,1096.4285888671875,1099.9285888671875,1078.6785888671875,1099.2857666015625,1106
2014-09-12,1088.5714111328125,1096.4285888671875,1088.5714111328125,1095.0,666
2014-09-15,1089.357177734375,1100.0,1082.6785888671875,1086.5714111328125,422
2014-09-16,1099.9642333984375,1100.0,1071.4285888671875,1085.5714111328125,5002
2014-09-17,1089.2857666015625,1089.2857666015625,1039.2857666015625,1039.3214111328125,1680
2014-09-18,1036.4285888671875,1089.25,1036.4285888671875,1088.7142333984375,1058
2014-09-19,1107.142822265625,1117.142822265625,1047.3214111328125,1069.9285888671875,319
2014-09-22,1070.7142333984375,1078.5714111328125,1017.8571166992188,1076.6785888671875,1978
2014-09-23,1078.5714111328125,1078.5714111328125,1035.357177734375,1035.4642333984375,1548
2014-09-24,1021.4642944335938,1073.5714111328125,1021.4642944335938,1059.142822265625,2087
2014-09-25,1022.1428833007812,1100.0,1022.1428833007812,1075.2857666015625,2163
2014-09-26,1043.5714111328125,1089.2857666015625,1043.5714111328125,1059.642822265625,716
2014-09-29,1090.7142333984375,1090.7142333984375,1044.2857666015625,1054.642822265625,326
2014-09-30,1039.2857666015625,1071.4285888671875,1039.2857666015625,1055.0,581
2014-10-01,1044.2857666015625,1062.75,1042.857177734375,1060.107177734375,492
2014-10-07,1044.2857666015625,1070.0,1043.5714111328125,1045.7142333984375,284
2014-10-08,1035.75,1062.8214111328125,1035.7142333984375,1040.0714111328125,273
2014-10-09,1043.5714111328125,1043.5714111328125,1039.6785888671875,1039.6785888671875,350
2014-10-10,1025.0357666015625,1071.4285888671875,1025.0357666015625,1063.5714111328125,536
2014-10-13,1053.5714111328125,1053.5714111328125,1036.4285888671875,1036.4285888671875,191
2014-10-14,1014.4642944335938,1053.5357666015625,1014.3571166992188,1025.75,3621
2014-10-16,1042.8214111328125,1042.8214111328125,1000.0,1008.75,184
2014-10-17,1035.6785888671875,1035.6785888671875,1000.7857055664062,1000.7857055664062,277
2014-10-20,1007.8571166992188,1033.5714111328125,1007.8571166992188,1033.5714111328125,49
2014-10-21,1012.8571166992188,1014.2857055664062,1012.8571166992188,1014.2857055664062,42
2014-10-22,1035.7142333984375,1048.4642333984375,1035.7142333984375,1038.0714111328125,512
2014-10-27,1025.357177734375,1070.7142333984375,1025.357177734375,1060.6785888671875,156
2014-10-28,1056.4285888671875,1060.7142333984375,1040.0,1049.9642333984375,824
2014-10-29,1036.4642333984375,1040.0,1036.4642333984375,1039.3214111328125,315
2014-10-30,1037.142822265625,1037.142822265625,1014.2857055664062,1026.7142333984375,1103
2014-10-31,1029.357177734375,1042.857177734375,1028.5714111328125,1041.9642333984375,567
2014-11-03,1025.7142333984375,1052.142822265625,1025.7142333984375,1041.142822265625,565
2014-11-05,1049.9285888671875,1053.5714111328125,1039.2857666015625,1049.0357666015625,992
2014-11-07,1059.2142333984375,1059.2142333984375,1041.4285888671875,1047.9285888671875,16
2014-11-10,1049.2142333984375,1050.7142333984375,1042.857177734375,1048.5714111328125,922
2014-11-11,1031.0714111328125,1042.857177734375,1030.0,1042.857177734375,287
2014-11-12,1052.142822265625,1052.8214111328125,1035.7142333984375,1049.9642333984375,189
2014-11-13,1052.142822265625,1052.142822265625,1032.142822265625,1042.142822265625,287
2014-11-14,1018.2142944335938,1047.8214111328125,1018.2142944335938,1042.5,67
2014-11-17,1043.5714111328125,1046.4285888671875,1043.5714111328125,1046.4285888671875,11
2014-11-18,1070.0,1070.0,1010.7142944335938,1051.4285888671875,2318
2014-11-19,1026.4642333984375,1050.0,1015.0,1035.857177734375,435
2014-11-20,1053.1785888671875,1064.2857666015625,1045.0,1045.0,238
2014-11-21,1029.357177734375,1065.6785888671875,1029.357177734375,1040.8214111328125,123
2014-11-24,1062.0714111328125,1067.857177734375,1060.6785888671875,1066.392822265625,385
2014-11-25,1057.142822265625,1058.5714111328125,1037.142822265625,1037.142822265625,287
2014-11-26,1056.4285888671875,1064.9642333984375,1040.142822265625,1040.142822265625,72
2014-11-27,1050.0,1064.2857666015625,1037.857177734375,1064.2857666015625,193
2014-11-28,1070.7142333984375,1070.7142333984375,1046.5714111328125,1068.607177734375,597
2014-12-01,1060.0,1075.0,1047.857177734375,1073.7142333984375,1062
2014-12-02,1071.4285888671875,1071.4285888671875,1039.357177734375,1059.2857666015625,610
2014-12-08,1042.857177734375,1050.0,1042.857177734375,1050.0,92
2014-12-09,1053.5714111328125,1053.5714111328125,1035.0,1037.357177734375,807
2014-12-10,1057.107177734375,1057.142822265625,1042.857177734375,1042.857177734375,78
2014-12-11,1050.0,1064.2142333984375,1030.0714111328125,1046.392822265625,904
2014-12-12,1057.142822265625,1071.392822265625,1040.4285888671875,1040.4285888671875,184
2014-12-15,1051.4285888671875,1051.4285888671875,1013.0,1015.2142944335938,131
2014-12-16,1000.0714111328125,1027.857177734375,1000.0,1009.4285888671875,673
2014-12-17,1000.0,1035.7142333984375,992.8928833007812,1024.5357666015625,716
2014-12-19,1028.607177734375,1049.2857666015625,1028.5714111328125,1042.0714111328125,394
2014-12-22,1035.7142333984375,1060.0,1010.0357055664062,1044.7142333984375,729
2014-12-23,1035.7142333984375,1035.7142333984375,1000.0,1017.8571166992188,609
2014-12-24,1035.6785888671875,1035.6785888671875,1034.9642333984375,1034.9642333984375,23
2014-12-26,1010.7142944335938,1017.8571166992188,1009.6428833007812,1017.8571166992188,21
2014-12-29,1008.6428833007812,1021.4642944335938,1008.2142944335938,1012.4642944335938,315
2014-12-30,1040.7142333984375,1040.7142333984375,1015.7142944335938,1015.7142944335938,9
2014-12-31,1035.6785888671875,1035.6785888671875,1014.3571166992188,1014.3571166992188,46
2015-01-01,1015.0,1035.7142333984375,1014.2857055664062,1034.25,133
2015-01-02,1025.0,1025.0,1021.4285888671875,1024.857177734375,625
2015-01-05,1019.7142944335938,1042.857177734375,1019.7142944335938,1028.5714111328125,310
2015-01-06,1017.8571166992188,1042.142822265625,1014.2857055664062,1014.2857055664062,126
2015-01-07,1035.7142333984375,1044.642822265625,1035.7142333984375,1044.642822265625,43
2015-01-08,992.8571166992188,1035.7142333984375,992.8571166992188,1028.5714111328125,428
2015-01-09,1028.5714111328125,1034.25,1008.5714111328125,1015.8571166992188,176
2015-01-12,1064.25,1064.25,1011.0714111328125,1017.8571166992188,387
2015-01-13,1035.7142333984375,1035.7142333984375,997.8571166992188,1005.0714111328125,473
2015-01-14,1028.5357666015625,1028.5357666015625,1001.4285888671875,1002.8571166992188,282
2015-01-15,1005.0714111328125,1017.8214111328125,1003.5714111328125,1007.4285888671875,792
2015-01-16,1001.9285888671875,1014.2857055664062,1001.8571166992188,1002.1785888671875,292
2015-01-20,1027.8214111328125,1049.2857666015625,1004.3928833007812,1025.0714111328125,688
2015-01-21,1005.0,1022.1428833007812,1005.0,1022.1428833007812,23
2015-01-22,1039.2857666015625,1039.2857666015625,1027.142822265625,1027.142822265625,32
2015-01-23,1021.4285888671875,1053.5714111328125,1014.2857055664062,1050.0,567
2015-01-27,1015.0,1035.7142333984375,1007.1428833007812,1032.142822265625,135
2015-01-28,1053.5714111328125,1053.5714111328125,1007.8571166992188,1014.3571166992188,86
2015-01-29,1016.4285888671875,1023.5,1010.7142944335938,1022.8571166992188,901
2015-12-09,1135.7142333984375,1160.7142333984375,1078.9285888671875,1078.9285888671875,4636
2015-12-10,1036.4285888671875,1036.4285888671875,1025.0,1025.0,1967
2015-12-11,975.0,975.0,973.75,973.75,2035
2015-12-14,971.4285888671875,978.5,928.5714111328125,933.25,1778
2015-12-15,934.2857055664062,978.5714111328125,932.1428833007812,949.8571166992188,1453
2015-12-16,974.3571166992188,977.8214111328125,950.7142944335938,957.7857055664062,642
2015-12-17,959.2857055664062,964.2857055664062,950.0,959.1785888671875,828
2015-12-18,935.7142944335938,977.5,934.2857055664062,967.5714111328125,926
2015-12-21,964.3571166992188,1003.4642944335938,951.8214111328125,984.6785888671875,841
2015-12-22,980.0,1033.892822265625,978.5714111328125,1033.892822265625,6020
2015-12-23,1107.142822265625,1231.2857666015625,1107.142822265625,1173.2857666015625,35001
2015-12-24,1213.5714111328125,1213.5714111328125,1132.857177734375,1147.5,5721
2015-12-28,1177.7857666015625,1177.7857666015625,1100.7142333984375,1108.0357666015625,3502
2015-12-29,1114.25,1121.1785888671875,1045.0,1063.8214111328125,3764
2015-12-30,1072.857177734375,1091.392822265625,1053.607177734375,1063.6785888671875,7991
2015-12-31,1053.5714111328125,1099.2857666015625,1035.7142333984375,1071.4642333984375,6024
2016-02-22,814.2857055664062,854.9285888671875,785.7142944335938,833.8571166992188,56
2016-02-23,821.4285888671875,821.4285888671875,792.1785888671875,792.1785888671875,401
2016-02-24,814.2857055664062,814.2857055664062,787.1428833007812,806.25,354
2016-02-25,771.4285888671875,805.7142944335938,771.4285888671875,795.0,166
2016-02-26,757.8571166992188,811.0714111328125,757.8571166992188,774.1785888671875,138
2016-02-29,751.4642944335938,795.6785888671875,745.3571166992188,763.9285888671875,890
2016-03-01,754.2857055664062,777.8571166992188,754.2857055664062,762.6428833007812,634
2016-03-02,769.2857055664062,785.3571166992188,757.9285888671875,768.0,1678
2016-03-03,768.5714111328125,788.5714111328125,764.2857055664062,769.8928833007812,952
2016-03-04,774.6428833007812,787.1428833007812,769.4642944335938,774.25,947
2016-03-08,770.0357055664062,785.0,770.0357055664062,777.0714111328125,63
2016-03-09,785.0,792.1428833007812,771.4285888671875,785.6428833007812,196
2016-03-10,803.5714111328125,803.5714111328125,772.8571166992188,775.0,175
2016-03-11,775.0714111328125,796.4285888671875,775.0,785.6785888671875,218
2016-03-14,785.0,785.7142944335938,776.4285888671875,785.7142944335938,312
2016-03-15,786.4285888671875,803.5714111328125,775.0,789.2857055664062,520
2016-03-16,813.5714111328125,813.5714111328125,778.5714111328125,785.7142944335938,449
2016-03-17,814.2857055664062,821.4285888671875,778.5714111328125,807.1428833007812,432
2016-03-18,797.1428833007812,834.2857055664062,782.8571166992188,815.5357055664062,719
2016-03-21,821.4285888671875,832.8571166992188,792.8571166992188,832.8571166992188,197
2016-03-22,849.2857055664062,874.5,818.6428833007812,873.3928833007812,424
2016-03-23,913.5714111328125,913.5714111328125,873.5714111328125,895.9285888671875,765
2016-03-28,920.7142944335938,935.7142944335938,885.7142944335938,886.2857055664062,362
2016-03-29,887.1428833007812,887.1428833007812,857.8571166992188,858.9285888671875,394
2016-03-30,882.8571166992188,885.0,871.4642944335938,884.9642944335938,57
2016-03-31,890.0,892.5714111328125,867.8571166992188,868.7142944335938,289
2016-04-01,867.8571166992188,892.8571166992188,865.7142944335938,892.6785888671875,387
2016-04-04,892.1428833007812,904.2857055664062,885.7142944335938,885.7142944335938,61
2016-04-05,887.1428833007812,903.5714111328125,887.1428833007812,899.5,546
2016-04-06,919.8928833007812,919.8928833007812,889.2857055664062,902.3571166992188,697
2016-04-07,896.4285888671875,913.5714111328125,894.2857055664062,894.2857055664062,421
2016-04-08,909.2857055664062,909.2857055664062,894.2857055664062,906.3928833007812,317
2016-04-11,908.5714111328125,910.0,895.0,905.7142944335938,177
2016-04-12,900.7142944335938,912.8571166992188,886.4285888671875,893.5,420
2016-04-13,900.0,902.8571166992188,889.2857055664062,895.7857055664062,1397
2016-04-18,901.4285888671875,911.3928833007812,893.5714111328125,904.2857055664062,155
2016-04-20,910.7142944335938,920.0,896.4285888671875,910.7142944335938,1202
2016-04-21,892.8571166992188,906.4285888671875,887.8928833007812,897.1428833007812,267
2016-04-22,905.6785888671875,928.5714111328125,905.6785888671875,915.7142944335938,392
2016-04-25,908.6071166992188,918.5714111328125,908.5714111328125,917.8214111328125,232
2016-04-26,896.4285888671875,917.8571166992188,896.4285888671875,907.8571166992188,294
2016-04-27,950.0,950.0,897.1428833007812,903.5357055664062,176
2016-04-28,932.1428833007812,932.1428833007812,917.8928833007812,917.8928833007812,414
2016-04-29,920.6785888671875,920.6785888671875,890.0,913.5357055664062,193
2016-05-02,914.2857055664062,921.2857055664062,900.0357055664062,921.2857055664062,39
2016-05-03,878.5714111328125,964.2857055664062,878.5714111328125,945.7142944335938,1583
2016-05-04,963.5714111328125,963.5714111328125,915.0357055664062,917.9285888671875,274
2016-05-05,910.7142944335938,928.5714111328125,910.7142944335938,910.7142944335938,1002
2016-05-06,920.7142944335938,927.8571166992188,897.1428833007812,923.2142944335938,834
2016-05-09,963.9285888671875,963.9285888671875,917.9285888671875,926.5357055664062,226
2016-05-10,942.1428833007812,942.1428833007812,921.4285888671875,928.2142944335938,25
2016-05-11,921.4285888671875,930.6785888671875,921.4285888671875,930.6785888671875,72
2016-05-12,907.8571166992188,930.7142944335938,907.8571166992188,930.25,49
2016-05-13,902.1428833007812,910.7142944335938,897.1428833007812,909.7857055664062,476
2016-05-16,907.1428833007812,920.7142944335938,900.0,920.7142944335938,187
2016-05-17,946.4285888671875,946.4285888671875,894.2857055664062,924.2857055664062,228
2016-05-18,925.0,928.5714111328125,908.5714111328125,925.9285888671875,406
2016-05-19,935.6785888671875,963.0,915.0,917.8571166992188,716
2016-05-20,942.1428833007812,950.0,907.1428833007812,912.6785888671875,196
2016-05-23,921.4285888671875,935.7142944335938,921.4285888671875,921.4285888671875,147
2016-05-24,915.0,915.0,878.5714111328125,904.2857055664062,502
2016-05-25,917.8571166992188,917.8571166992188,917.8571166992188,917.8571166992188,7
2016-05-26,900.0,921.4285888671875,900.0,921.4285888671875,119
2016-05-27,921.4285888671875,928.5714111328125,915.7142944335938,919.9285888671875,686
2016-05-30,921.4285888671875,921.4285888671875,910.7142944335938,914.2857055664062,357
2016-05-31,901.7857055664062,910.7142944335938,901.4285888671875,910.7142944335938,64
2016-06-01,927.1428833007812,927.1428833007812,914.2857055664062,914.7857055664062,309
2016-06-02,935.6785888671875,935.6785888671875,915.0714111328125,928.1428833007812,323
2016-06-03,928.5714111328125,935.7142944335938,928.5714111328125,935.7142944335938,616
2016-06-06,935.0,942.8571166992188,926.4285888671875,941.2142944335938,253
2016-06-07,941.2142944335938,982.1428833007812,932.1428833007812,932.1428833007812,609
2016-06-08,932.1428833007812,936.4285888671875,928.5714111328125,928.5714111328125,1558
2016-06-09,914.6428833007812,950.0,914.6428833007812,928.5714111328125,393
2016-06-10,928.5714111328125,929.2857055664062,910.7142944335938,921.4285888671875,564
2016-06-13,907.5,920.7142944335938,900.7142944335938,905.5357055664062,1167
2016-06-14,907.1428833007812,919.2857055664062,903.5714111328125,903.5714111328125,355
2016-06-15,907.1428833007812,919.2142944335938,905.7142944335938,917.1428833007812,320
2016-06-16,894.6428833007812,910.7142944335938,894.6428833007812,904.0,383
2016-06-17,935.0,935.0,902.8571166992188,907.1428833007812,268
2016-06-20,917.8571166992188,917.8571166992188,907.1428833007812,910.7142944335938,410
2016-06-21,914.2857055664062,930.7142944335938,902.8571166992188,906.2857055664062,1006
2016-06-22,907.8571166992188,917.0714111328125,902.1428833007812,917.0714111328125,67
2016-06-23,903.5714111328125,920.0,903.5714111328125,919.9642944335938,147
2016-06-24,900.0,913.5714111328125,880.0,880.0,635
2016-06-27,892.8571166992188,919.2857055664062,892.8571166992188,914.8214111328125,879
2016-06-28,914.2857055664062,914.2857055664062,896.5714111328125,901.4642944335938,753
2016-06-29,907.1428833007812,912.1428833007812,900.0,905.7142944335938,351
2016-06-30,892.8571166992188,910.7142944335938,892.8571166992188,899.3928833007812,1825
2016-07-01,900.0,900.0,893.0,900.0,753
2016-07-04,893.75,932.1428833007812,893.75,906.4285888671875,1377
2016-07-05,907.1428833007812,907.1428833007812,900.7142944335938,906.4285888671875,1390
2016-07-07,910.7142944335938,910.7142944335938,900.0,900.0,952
2016-07-08,885.7142944335938,917.1428833007812,885.7142944335938,907.1428833007812,82
2016-07-11,911.4285888671875,927.1428833007812,903.5714111328125,905.5714111328125,1075
2016-07-12,914.2857055664062,914.2857055664062,903.75,907.1428833007812,760
2016-07-13,917.1428833007812,921.4285888671875,900.0,901.9642944335938,2202
2016-07-14,910.7142944335938,910.7142944335938,897.8571166992188,900.0,446
2016-07-15,921.3928833007812,921.4285888671875,896.5714111328125,904.1071166992188,744
2016-07-18,900.0,906.4285888671875,900.0,900.4642944335938,105
2016-07-19,921.4285888671875,942.8571166992188,896.4285888671875,900.0,1708
2016-07-20,900.0,920.6785888671875,892.8571166992188,900.1428833007812,1121
2016-07-21,900.7142944335938,912.1428833007812,892.8571166992188,896.4642944335938,1808
2016-07-22,902.8571166992188,902.8571166992188,893.5714111328125,896.4285888671875,210
2016-07-25,894.2857055664062,903.5714111328125,879.2857055664062,892.5357055664062,1316
2016-07-26,892.8571166992188,910.7142944335938,892.8571166992188,900.0,875
2016-07-27,882.1428833007812,903.5714111328125,882.1428833007812,890.6071166992188,1695
2016-07-28,885.7142944335938,892.8571166992188,880.8214111328125,889.2857055664062,1703
2016-07-29,886.4285888671875,900.0,886.4285888671875,892.8571166992188,1089
2016-08-01,892.8571166992188,903.5714111328125,892.8571166992188,892.8571166992188,1115
2016-08-02,882.8928833007812,892.8571166992188,882.8928833007812,890.7857055664062,589
2016-08-03,892.8571166992188,892.8571166992188,883.6071166992188,885.75,541
2016-08-04,885.7142944335938,889.2142944335938,882.1428833007812,885.7142944335938,221
2016-08-05,892.8571166992188,917.8571166992188,879.3571166992188,911.0,1722
2016-08-08,920.0,956.5357055664062,910.7142944335938,956.5357055664062,2709
2016-08-09,1003.5357055664062,1003.5357055664062,964.2857055664062,966.6428833007812,1079
2016-08-10,1003.5714111328125,1010.0,957.8571166992188,963.1428833007812,1600
2016-08-11,932.9285888671875,964.2857055664062,932.9285888671875,958.1428833007812,406
2016-08-12,957.1428833007812,957.1428833007812,936.4642944335938,937.6071166992188,833
2016-08-16,916.9285888671875,960.7142944335938,916.9285888671875,927.2857055664062,596
2016-08-17,918.6428833007812,942.8571166992188,918.5714111328125,931.1785888671875,817
2016-08-18,925.3571166992188,928.5714111328125,917.8571166992188,921.4285888671875,893
2016-08-19,921.4285888671875,953.5714111328125,921.4285888671875,949.7857055664062,856
2016-08-22,928.5714111328125,942.1428833007812,923.9285888671875,941.0,630
2016-08-23,932.1428833007812,932.1428833007812,918.6428833007812,921.8571166992188,3049
2016-08-24,915.0714111328125,967.9285888671875,914.2857055664062,967.9285888671875,1568
2016-08-25,996.4285888671875,1016.3214111328125,973.7142944335938,1015.5357055664062,3602
2016-08-26,1028.5714111328125,1028.5714111328125,992.8571166992188,1001.1071166992188,1572
2016-08-29,982.1428833007812,1000.0,982.1428833007812,1000.0,718
2016-08-30,1000.0,1013.5714111328125,989.2857055664062,1010.1428833007812,697
2016-08-31,1014.2857055664062,1017.8571166992188,989.9285888671875,995.6071166992188,1213
2016-09-01,991.0714111328125,1015.7142944335938,991.0714111328125,1007.25,956
2016-09-02,992.8928833007812,1014.1428833007812,992.8571166992188,1006.6428833007812,749
2016-09-06,1006.7142944335938,1017.8214111328125,1003.5714111328125,1013.8928833007812,3215
2016-09-07,1013.5714111328125,1035.7142333984375,992.8571166992188,1015.6428833007812,1246
2016-09-08,1000.0714111328125,1066.357177734375,1000.0714111328125,1025.392822265625,2976
2016-09-09,1028.5714111328125,1046.4285888671875,1014.3214111328125,1018.25,1444
2016-09-12,1035.7142333984375,1035.7142333984375,1000.8571166992188,1013.7142944335938,505
2016-09-14,986.0714111328125,1022.1428833007812,986.0714111328125,1011.1785888671875,168
2016-09-15,1020.7142944335938,1061.7142333984375,1000.0,1054.607177734375,4242
2016-09-16,1071.2857666015625,1088.5714111328125,1021.4642944335938,1029.857177734375,2065
2016-09-19,1027.857177734375,1030.0,1021.4285888671875,1027.6785888671875,1209
2016-09-20,1004.3571166992188,1027.0,1004.25,1011.6071166992188,488
2016-09-21,1032.142822265625,1032.142822265625,1004.3214111328125,1012.9285888671875,1149
2016-09-22,1007.8571166992188,1026.4285888671875,1000.7857055664062,1020.5,464
2016-09-23,1025.0,1025.0,1007.2142944335938,1012.5714111328125,534
2016-09-26,1000.0,1025.0,992.8571166992188,1006.6785888671875,1229
2016-09-27,1003.2857055664062,1021.4285888671875,992.8571166992188,1009.9642944335938,1260
2016-09-28,1010.7142944335938,1014.2857055664062,1001.4285888671875,1012.2857055664062,298
2016-09-29,1017.8571166992188,1020.0,975.7142944335938,981.8928833007812,919
2016-09-30,975.3571166992188,998.5714111328125,964.2857055664062,983.6071166992188,527
2016-10-03,995.1785888671875,1018.5714111328125,995.1785888671875,1016.2142944335938,1045
2016-10-04,1059.2857666015625,1064.2857666015625,1035.7142333984375,1051.4285888671875,665
2016-10-05,1070.6785888671875,1104.0,1064.25,1104.0,2893
2016-10-06,1155.7142333984375,1159.1785888671875,1135.7142333984375,1158.5,3050
2016-10-07,1207.142822265625,1207.142822265625,1110.892822265625,1140.4642333984375,1367
2016-10-10,1164.2857666015625,1171.4285888671875,1140.7142333984375,1141.4285888671875,634
2016-10-13,1185.7142333984375,1185.7142333984375,1103.5714111328125,1121.25,1810
2016-10-14,1157.142822265625,1157.142822265625,1107.142822265625,1114.2857666015625,1405
2016-10-17,1142.107177734375,1151.392822265625,1117.9285888671875,1122.4285888671875,600
2016-10-18,1153.5,1160.7142333984375,1121.4285888671875,1121.4642333984375,1103
2016-10-19,1132.857177734375,1142.3214111328125,1110.0,1125.3214111328125,597
2016-10-20,1140.7142333984375,1153.5714111328125,1135.7142333984375,1135.7142333984375,393
2016-10-21,1157.142822265625,1160.7142333984375,1137.857177734375,1156.4285888671875,828
2016-10-24,1167.857177734375,1167.857177734375,1143.5714111328125,1154.75,134
2016-10-25,1142.857177734375,1163.5714111328125,1136.4285888671875,1143.2142333984375,453
2016-10-26,1142.857177734375,1153.5714111328125,1114.2857666015625,1122.0714111328125,876
2016-10-27,1107.142822265625,1134.25,1099.75,1106.4285888671875,928
2016-10-28,1103.642822265625,1124.2857666015625,1085.7142333984375,1102.892822265625,210
2016-11-01,1128.5714111328125,1193.0,1128.5714111328125,1186.357177734375,2858
2016-11-02,1142.857177734375,1160.7142333984375,1141.7857666015625,1142.8214111328125,560
2016-11-03,1146.4642333984375,1160.7142333984375,1128.5714111328125,1147.892822265625,439
2016-11-04,1128.642822265625,1147.142822265625,1104.2857666015625,1110.0714111328125,420
2016-11-07,1110.7142333984375,1139.2857666015625,1110.7142333984375,1124.642822265625,267
2016-11-08,1139.2857666015625,1150.5714111328125,1125.0,1125.0357666015625,179
2016-11-09,1070.0,1107.142822265625,1070.0,1103.7857666015625,693
2016-11-10,1138.5714111328125,1139.2857666015625,1111.5357666015625,1135.0,245
2016-11-11,1089.2857666015625,1121.357177734375,1078.25,1080.3214111328125,655
2016-11-15,1026.4285888671875,1071.4285888671875,1026.4285888671875,1044.2857666015625,170
2016-11-16,1064.2857666015625,1064.2857666015625,992.8571166992188,994.1071166992188,1101
2016-11-17,957.1428833007812,1028.5714111328125,957.1428833007812,980.8928833007812,701
2016-11-18,946.4285888671875,985.7142944335938,946.4285888671875,985.7142944335938,735
2016-11-21,967.8571166992188,987.8571166992188,949.3571166992188,966.0714111328125,243
2016-11-22,958.5714111328125,982.1785888671875,947.25,982.1785888671875,162
2016-11-23,982.1785888671875,996.4285888671875,982.1428833007812,996.4285888671875,72
2016-11-24,971.5,1011.4285888671875,971.5,999.0714111328125,147
2016-11-25,1014.2857055664062,1030.0,993.5714111328125,1019.9285888671875,218
2016-11-28,1027.142822265625,1027.142822265625,987.1428833007812,1010.2857055664062,387
2016-11-29,1000.7142944335938,1007.1428833007812,1000.0,1007.1428833007812,109
2016-11-30,1007.8571166992188,1021.4285888671875,1007.1428833007812,1021.25,408
2016-12-01,980.0,1057.142822265625,980.0,1035.642822265625,365
2016-12-02,1028.5714111328125,1035.7142333984375,987.8571166992188,987.8571166992188,499
2016-12-05,1025.7142333984375,1025.7142333984375,982.3214111328125,1009.4642944335938,275
2016-12-06,985.7142944335938,1019.25,985.7142944335938,1019.25,15
2016-12-07,1035.0,1048.9285888671875,1002.1428833007812,1002.2857055664062,92
2016-12-08,1010.7142944335938,1029.642822265625,1003.5714111328125,1028.2142333984375,364
2016-12-09,1014.2857055664062,1035.7142333984375,1014.2857055664062,1035.7142333984375,58
2016-12-12,1035.7142333984375,1035.7142333984375,1001.4642944335938,1035.6785888671875,163
2016-12-15,1001.5,1045.7142333984375,1001.5,1028.5714111328125,602
2016-12-16,1007.8928833007812,1042.857177734375,1007.8571166992188,1020.2857055664062,862
2016-12-20,1028.5714111328125,1028.5714111328125,1007.2142944335938,1007.2142944335938,18
2016-12-22,1000.7142944335938,1032.142822265625,992.8571166992188,1032.142822265625,259
2016-12-23,993.0,1028.5714111328125,993.0,1025.8214111328125,105
2016-12-26,1007.8571166992188,1035.5714111328125,1001.1071166992188,1001.1071166992188,302
2016-12-27,957.8571166992188,1031.4285888671875,957.8571166992188,1014.2857055664062,217
2016-12-28,1033.5714111328125,1033.5714111328125,993.5714111328125,1000.0,501
2016-12-29,1000.0,1000.0357055664062,1000.0,1000.0357055664062,21
2016-12-30,1000.7857055664062,1026.4285888671875,1000.7857055664062,1026.4285888671875,515
2017-01-02,1007.1428833007812,1028.5714111328125,1007.1428833007812,1027.857177734375,176
2017-01-03,1026.4285888671875,1034.2857666015625,1026.4285888671875,1031.75,218
2017-01-04,1028.5714111328125,1050.0,1028.5714111328125,1042.6785888671875,632
2017-01-05,1053.5714111328125,1064.2857666015625,1035.7142333984375,1050.0,1188
2017-01-06,1050.0,1053.5714111328125,1017.1428833007812,1039.3214111328125,905
2017-01-09,1064.2142333984375,1064.2142333984375,1035.7142333984375,1050.0,264
2017-01-10,1100.0,1100.0,1015.3571166992188,1055.607177734375,1050
2017-01-11,1034.857177734375,1057.142822265625,1034.857177734375,1057.142822265625,35
2017-01-12,1053.5714111328125,1053.5714111328125,1046.4285888671875,1049.5,121
2017-01-13,1046.4285888671875,1057.142822265625,1025.392822265625,1051.0714111328125,240
2017-01-16,1052.5,1052.857177734375,1040.0357666015625,1050.0,231
2017-01-17,1029.857177734375,1039.2857666015625,1029.857177734375,1039.2857666015625,242
2017-01-18,1039.2857666015625,1048.5714111328125,1035.7142333984375,1035.7142333984375,54
2017-01-19,1035.7142333984375,1042.857177734375,1035.7142333984375,1042.857177734375,308
2017-01-20,1029.7142333984375,1049.9642333984375,1029.7142333984375,1043.9285888671875,516
2017-01-23,1046.4285888671875,1046.4285888671875,1035.7142333984375,1046.4285888671875,173
2017-01-24,1042.857177734375,1057.142822265625,1034.2857666015625,1056.7857666015625,281
2017-01-25,1050.607177734375,1050.607177734375,1042.857177734375,1042.857177734375,84
2017-01-27,1078.5357666015625,1078.5357666015625,1057.142822265625,1057.142822265625,78
2017-01-30,1057.142822265625,1110.0,1053.642822265625,1107.75,2786
2017-01-31,1142.7142333984375,1142.857177734375,1107.2142333984375,1128.5714111328125,1083
2017-02-01,1128.5714111328125,1138.5,1098.0,1129.9642333984375,449
2017-02-02,1119.4285888671875,1128.5714111328125,1098.0,1128.5357666015625,373
2017-02-03,1075.7142333984375,1150.0,1075.0,1137.607177734375,795
2017-02-06,1167.857177734375,1178.5714111328125,1142.9285888671875,1175.0,1905
2017-02-07,1174.9642333984375,1200.0,1172.857177734375,1179.2857666015625,775
2017-02-08,1185.7142333984375,1199.2142333984375,1178.5714111328125,1194.7857666015625,471
2017-02-09,1200.0,1211.357177734375,1180.0714111328125,1204.857177734375,1507
2017-02-10,1211.392822265625,1227.142822265625,1196.4285888671875,1224.2857666015625,1306
2017-02-13,1224.2142333984375,1224.2142333984375,1196.607177734375,1202.5,638
2017-02-14,1228.4642333984375,1228.4642333984375,1208.392822265625,1213.3214111328125,1020
2017-02-15,1215.7142333984375,1215.7142333984375,1185.7142333984375,1192.142822265625,779
2017-02-16,1210.0,1213.5714111328125,1178.5714111328125,1200.0,373
2017-02-17,1200.0,1200.0,1171.4642333984375,1189.607177734375,305
2017-02-20,1182.142822265625,1209.2857666015625,1178.5714111328125,1192.392822265625,541
2017-02-21,1214.2857666015625,1232.142822265625,1178.5714111328125,1232.142822265625,240
2017-02-22,1232.0714111328125,1263.1785888671875,1231.4285888671875,1250.0,1568
2017-02-23,1254.2857666015625,1305.7142333984375,1250.0,1298.9642333984375,4741
2017-02-27,1311.9285888671875,1363.892822265625,1292.857177734375,1363.892822265625,2766
2017-02-28,1392.857177734375,1432.0714111328125,1392.857177734375,1432.0714111328125,2732
2017-03-01,1499.9642333984375,1503.642822265625,1499.2857666015625,1503.642822265625,3677
2017-03-02,1578.8214111328125,1578.8214111328125,1578.8214111328125,1578.8214111328125,1825
2017-03-03,1642.142822265625,1642.142822265625,1535.7142333984375,1563.7857666015625,10130
2017-03-06,1592.857177734375,1641.9642333984375,1592.857177734375,1641.7142333984375,4988
2017-03-07,1625.0714111328125,1723.7857666015625,1614.357177734375,1723.7857666015625,4032
2017-03-08,1777.857177734375,1785.0,1671.5357666015625,1768.2142333984375,3838
2017-03-09,1785.7142333984375,1785.7142333984375,1702.5,1718.357177734375,630
2017-03-10,1687.3214111328125,1750.0,1682.857177734375,1737.7857666015625,1685
2017-03-14,1802.142822265625,1821.4285888671875,1735.7142333984375,1750.357177734375,2107
2017-03-15,1714.357177734375,1767.857177734375,1714.2857666015625,1717.5714111328125,548
2017-03-16,1714.2857666015625,1739.2142333984375,1642.857177734375,1642.857177734375,939
2017-03-17,1685.7142333984375,1685.7142333984375,1576.142822265625,1594.3214111328125,648
2017-03-20,1607.892822265625,1625.0,1592.857177734375,1624.25,730
2017-03-21,1607.142822265625,1625.0,1582.142822265625,1585.107177734375,1638
2017-03-22,1605.7142333984375,1605.7142333984375,1528.5714111328125,1534.7857666015625,928
2017-03-23,1535.7142333984375,1535.7142333984375,1507.142822265625,1511.857177734375,1073
2017-03-24,1552.142822265625,1552.142822265625,1500.0,1509.9642333984375,1094
2017-03-27,1507.142822265625,1548.9285888671875,1507.142822265625,1519.7142333984375,1439
2017-03-28,1534.2142333984375,1534.2857666015625,1489.2857666015625,1513.2857666015625,982
2017-03-29,1513.75,1554.9285888671875,1513.75,1526.2857666015625,5145
2017-03-30,1542.8214111328125,1570.0,1518.2142333984375,1521.75,882
2017-03-31,1521.4285888671875,1557.0714111328125,1521.4285888671875,1534.642822265625,240
2017-04-03,1571.4285888671875,1571.4285888671875,1540.0,1557.142822265625,197
2017-04-05,1557.142822265625,1606.4285888671875,1541.0714111328125,1605.4642333984375,887
2017-04-06,1641.392822265625,1641.392822265625,1543.5714111328125,1575.25,1268
2017-04-07,1588.5714111328125,1603.5714111328125,1564.2857666015625,1584.4285888671875,2268
2017-04-10,1592.142822265625,1592.857177734375,1553.5714111328125,1579.9285888671875,1127
2017-04-11,1588.9285888671875,1589.2857666015625,1557.142822265625,1578.75,616
2017-04-12,1564.2857666015625,1599.9642333984375,1557.142822265625,1561.9642333984375,511
2017-04-13,1585.0,1585.0,1564.2857666015625,1576.9642333984375,240
2017-04-17,1606.0714111328125,1606.0714111328125,1572.1785888671875,1580.5,371
2017-04-18,1564.357177734375,1599.1785888671875,1536.5357666015625,1577.357177734375,1051
2017-04-19,1571.4285888671875,1577.357177734375,1567.857177734375,1571.4285888671875,655
2017-04-20,1573.5714111328125,1607.142822265625,1573.5714111328125,1593.3214111328125,772
2017-04-21,1579.2857666015625,1607.142822265625,1579.2857666015625,1585.6785888671875,386
2017-04-24,1628.5714111328125,1635.0,1602.2857666015625,1612.2857666015625,495
2017-04-25,1628.5714111328125,1664.2857666015625,1610.7142333984375,1653.25,2125
2017-04-26,1672.142822265625,1696.2857666015625,1642.857177734375,1646.607177734375,845
2017-04-27,1646.607177734375,1678.5714111328125,1628.5714111328125,1628.5714111328125,963
2017-04-28,1636.5,1663.5714111328125,1614.2857666015625,1660.7142333984375,961
2017-05-02,1660.7142333984375,1672.142822265625,1625.0,1670.5714111328125,765
2017-05-03,1675.0,1684.2857666015625,1647.8214111328125,1684.142822265625,1264
2017-05-04,1684.142822265625,1684.2857666015625,1628.5714111328125,1663.857177734375,1254
2017-05-05,1664.2857666015625,1675.0,1635.7142333984375,1671.4642333984375,1507
2017-05-08,1650.0,1692.857177734375,1650.0,1665.0,483
2017-05-09,1653.5714111328125,1689.2857666015625,1653.5714111328125,1673.7142333984375,463
2017-05-10,1689.2857666015625,1692.142822265625,1676.4285888671875,1688.5714111328125,99
2017-05-11,1689.2857666015625,1750.0,1680.0,1708.75,1297
2017-05-12,1691.4285888671875,1727.142822265625,1678.5714111328125,1711.392822265625,610
2017-05-15,1714.25,1714.25,1672.142822265625,1673.7857666015625,1043
2017-05-16,1707.142822265625,1707.142822265625,1672.142822265625,1678.5714111328125,770
2017-05-17,1707.142822265625,1707.142822265625,1671.4285888671875,1685.7142333984375,467
2017-05-18,1682.142822265625,1699.2857666015625,1664.2857666015625,1678.392822265625,834
2017-05-19,1678.5714111328125,1678.5714111328125,1625.0,1663.5714111328125,1083
2017-05-22,1657.142822265625,1657.142822265625,1621.4285888671875,1642.857177734375,380
2017-05-23,1614.2857666015625,1614.2857666015625,1589.857177734375,1607.5714111328125,639
2017-05-24,1635.7142333984375,1635.7142333984375,1585.7142333984375,1588.75,359
2017-05-25,1624.2857666015625,1624.2857666015625,1572.857177734375,1577.107177734375,232
2017-05-26,1621.357177734375,1621.357177734375,1586.5,1606.857177734375,238
2017-05-29,1536.4285888671875,1598.5714111328125,1536.4285888671875,1595.6785888671875,434
2017-05-30,1550.7857666015625,1603.5714111328125,1550.7857666015625,1578.4642333984375,768
2017-05-31,1621.357177734375,1621.357177734375,1576.4285888671875,1578.607177734375,163
2017-06-01,1610.5714111328125,1610.7142333984375,1582.142822265625,1601.25,351
2017-06-02,1607.142822265625,1610.7142333984375,1592.857177734375,1610.107177734375,889
2017-06-05,1628.5714111328125,1628.5714111328125,1587.857177734375,1600.0,392
2017-06-06,1600.0,1628.5714111328125,1561.4285888671875,1592.857177734375,351
2017-06-07,1628.5714111328125,1628.5714111328125,1597.142822265625,1608.7142333984375,175
2017-06-08,1625.0,1625.0,1600.0714111328125,1600.7142333984375,8
2017-06-09,1600.0,1621.4285888671875,1600.0,1617.1785888671875,175
2017-06-12,1596.4285888671875,1628.5714111328125,1589.2857666015625,1613.5714111328125,254
2017-06-13,1614.2857666015625,1621.4285888671875,1607.142822265625,1613.3214111328125,1296
2017-06-14,1603.5714111328125,1671.4285888671875,1603.5714111328125,1643.392822265625,1073
2017-06-15,1664.2857666015625,1678.5714111328125,1629.0,1645.5357666015625,316
2017-06-16,1664.25,1677.142822265625,1606.0714111328125,1645.7142333984375,277
2017-06-19,1692.142822265625,1692.142822265625,1643.5714111328125,1664.7142333984375,848
2017-06-20,1677.142822265625,1677.142822265625,1634.2857666015625,1658.4642333984375,296
2017-06-21,1673.5714111328125,1673.5714111328125,1642.857177734375,1642.857177734375,439
2017-06-22,1621.4285888671875,1675.0,1621.4285888671875,1635.5357666015625,361
2017-06-23,1635.0,1635.0,1591.4285888671875,1592.9285888671875,1038
2017-06-27,1592.142822265625,1607.142822265625,1572.142822265625,1585.7142333984375,1040
2017-06-28,1602.857177734375,1602.857177734375,1550.357177734375,1564.357177734375,190
2017-06-29,1571.4285888671875,1628.5714111328125,1571.4285888671875,1628.142822265625,1500
2017-06-30,1607.142822265625,1607.142822265625,1586.4285888671875,1587.5,2046
2017-07-03,1592.857177734375,1642.857177734375,1592.857177734375,1613.4285888671875,204
2017-07-04,1607.142822265625,1635.7142333984375,1607.142822265625,1633.4642333984375,1324
2017-07-05,1642.857177734375,1642.857177734375,1607.142822265625,1635.7142333984375,485
2017-07-06,1597.142822265625,1656.4285888671875,1597.142822265625,1635.7142333984375,530
2017-07-07,1614.2857666015625,1641.4285888671875,1614.2857666015625,1616.7857666015625,474
2017-07-10,1642.857177734375,1652.857177734375,1628.5714111328125,1650.5714111328125,135
2017-07-11,1647.857177734375,1650.0,1628.5714111328125,1628.9285888671875,310
2017-07-12,1608.5714111328125,1617.857177734375,1590.7142333984375,1593.5714111328125,1138
2017-07-13,1631.4285888671875,1631.4285888671875,1593.2142333984375,1600.75,491
2017-07-14,1586.4642333984375,1635.6785888671875,1585.7142333984375,1621.3214111328125,737
2017-07-17,1624.9285888671875,1624.9285888671875,1600.7857666015625,1608.5,302
2017-07-18,1593.642822265625,1621.4285888671875,1593.642822265625,1614.2857666015625,414
2017-07-19,1632.142822265625,1642.857177734375,1607.142822265625,1640.0714111328125,497
2017-07-20,1656.3214111328125,1657.142822265625,1609.357177734375,1634.7857666015625,707
2017-07-21,1635.0,1642.857177734375,1607.142822265625,1640.107177734375,1537
2017-07-24,1646.4285888671875,1653.5714111328125,1600.0,1647.0714111328125,963
2017-07-25,1614.2857666015625,1646.4285888671875,1614.2857666015625,1645.107177734375,593
2017-07-26,1646.4285888671875,1651.7857666015625,1629.2857666015625,1646.5357666015625,673
2017-07-27,1629.2857666015625,1650.0,1629.2857666015625,1640.142822265625,735
2017-07-28,1650.0,1664.2857666015625,1621.5,1632.1785888671875,621
2017-07-31,1622.9285888671875,1685.7142333984375,1622.9285888671875,1681.607177734375,1944
2017-08-01,1681.7857666015625,1692.857177734375,1657.142822265625,1689.9285888671875,954
2017-08-02,1685.7142333984375,1750.0,1685.7142333984375,1714.2857666015625,2114
2017-08-03,1714.2857666015625,1728.5714111328125,1703.5714111328125,1710.642822265625,624
2017-08-04,1707.142822265625,1707.142822265625,1675.0,1690.7142333984375,613
2017-08-07,1692.857177734375,1725.0,1686.0714111328125,1686.4285888671875,266
2017-08-08,1685.7142333984375,1767.857177734375,1685.7142333984375,1740.2857666015625,2531
2017-08-09,1750.0,1785.7142333984375,1714.2857666015625,1724.7857666015625,2107
2017-08-10,1679.2857666015625,1714.2857666015625,1650.7857666015625,1660.7857666015625,1670
2017-08-11,1642.142822265625,1660.7142333984375,1589.2857666015625,1646.607177734375,655
2017-08-14,1567.857177734375,1671.4285888671875,1567.857177734375,1670.642822265625,135
2017-08-16,1707.142822265625,1707.142822265625,1678.5714111328125,1682.107177734375,623
2017-08-17,1654.2857666015625,1695.7142333984375,1654.2857666015625,1689.2142333984375,807
2017-08-18,1706.4285888671875,1706.4285888671875,1660.7142333984375,1663.0714111328125,499
2017-08-21,1662.857177734375,1707.142822265625,1662.857177734375,1689.142822265625,534
2017-08-22,1671.4285888671875,1692.857177734375,1642.857177734375,1671.4285888671875,565
2017-08-23,1692.857177734375,1692.857177734375,1646.4285888671875,1651.25,1330
2017-08-24,1699.25,1699.25,1650.7142333984375,1653.5,347
2017-08-28,1689.2142333984375,1689.2142333984375,1647.857177734375,1655.8214111328125,722
2017-08-29,1652.142822265625,1678.5714111328125,1651.0714111328125,1653.5714111328125,249
2017-08-30,1695.7142333984375,1696.4285888671875,1657.142822265625,1665.0,424
2017-08-31,1700.0,1714.2857666015625,1664.2857666015625,1686.142822265625,1386
2017-09-01,1672.142822265625,1701.4285888671875,1672.142822265625,1679.0714111328125,625
2017-09-04,1735.7142333984375,1735.7142333984375,1678.5714111328125,1690.3214111328125,537
2017-09-05,1710.7142333984375,1710.7142333984375,1686.4285888671875,1701.642822265625,240
2017-09-06,1728.5714111328125,1756.357177734375,1692.857177734375,1714.2857666015625,1547
2017-09-07,1710.7142333984375,1728.5714111328125,1700.0,1725.3214111328125,947
2017-09-08,1714.2857666015625,1745.642822265625,1707.857177734375,1735.0714111328125,1789
2017-09-11,1742.857177734375,1821.4285888671875,1742.857177734375,1808.7142333984375,5521
2017-09-12,1889.2857666015625,1899.142822265625,1875.0,1899.142822265625,2861
2017-09-13,1985.7142333984375,1994.0714111328125,1929.2857666015625,1994.0714111328125,2720
2017-09-14,2071.428466796875,2085.71435546875,1964.2857666015625,2059.142822265625,3655
2017-09-15,2128.571533203125,2128.571533203125,2057.142822265625,2096.857177734375,2297
2017-09-18,2149.96435546875,2201.678466796875,2109.28564453125,2201.678466796875,4702
2017-09-19,2263.571533203125,2298.571533203125,2250.0,2282.0,3101
2017-09-20,2250.0,2342.821533203125,2243.321533203125,2261.571533203125,1890
2017-09-21,2321.428466796875,2321.428466796875,2178.571533203125,2236.892822265625,1001
2017-09-22,2164.428466796875,2207.142822265625,2125.071533203125,2130.5,1614
2017-09-25,2024.2857666015625,2139.28564453125,2024.2857666015625,2027.392822265625,1744
2017-09-26,2025.0,2100.0,2000.0,2075.75,336
2017-09-27,2053.571533203125,2064.28564453125,1982.142822265625,1996.392822265625,303
2017-09-28,1976.4285888671875,2014.2857666015625,1946.4285888671875,1971.5,471
2017-09-29,1964.2857666015625,2050.0,1964.2857666015625,1970.857177734375,1698
2017-10-03,1951.4285888671875,1996.4285888671875,1942.857177734375,1964.607177734375,1594
2017-10-04,1992.857177734375,1992.857177734375,1972.9285888671875,1987.4642333984375,907
2017-10-05,2013.5714111328125,2050.0,1968.5714111328125,2009.5357666015625,617
2017-10-06,2049.28564453125,2049.928466796875,2003.5714111328125,2022.0,481
2017-10-09,2017.857177734375,2050.0,2011.0714111328125,2018.1785888671875,547
2017-10-10,2071.357177734375,2071.392822265625,2036.5357666015625,2060.0,359
2017-10-11,2035.7142333984375,2056.428466796875,2001.4285888671875,2007.4642333984375,477
2017-10-12,2035.642822265625,2035.642822265625,2007.857177734375,2014.357177734375,254
2017-10-13,2007.857177734375,2035.7142333984375,2007.857177734375,2019.2142333984375,425
2017-10-16,1964.2857666015625,2035.0,1964.2857666015625,2025.0,554
2017-10-17,2025.0,2053.53564453125,2000.7142333984375,2010.392822265625,320
2017-10-18,2050.0,2053.571533203125,2014.2857666015625,2035.2857666015625,1328
2017-10-19,2077.857177734375,2077.857177734375,2035.7142333984375,2037.357177734375,722
2017-10-23,2053.571533203125,2070.0,2035.7142333984375,2053.928466796875,427
2017-10-24,2064.28564453125,2082.142822265625,2044.4642333984375,2047.107177734375,277
2017-10-25,2071.428466796875,2100.0,2071.428466796875,2082.142822265625,793
2017-10-26,2081.428466796875,2089.28564453125,2058.571533203125,2078.571533203125,810
2017-10-27,2085.71435546875,2119.28564453125,2085.71435546875,2092.857177734375,270
2017-10-30,2114.21435546875,2142.857177734375,2114.21435546875,2120.96435546875,789
2017-10-31,2122.857177734375,2128.571533203125,2107.857177734375,2119.357177734375,1677
2017-11-01,2135.71435546875,2135.71435546875,2114.28564453125,2126.71435546875,532
2017-11-02,2135.71435546875,2135.71435546875,2107.142822265625,2108.03564453125,778
2017-11-03,2121.428466796875,2160.0,2111.428466796875,2149.107177734375,1234
2017-11-06,2178.571533203125,2178.571533203125,2118.571533203125,2160.71435546875,555
2017-11-07,2157.857177734375,2160.71435546875,2089.28564453125,2089.642822265625,796
2017-11-08,2089.678466796875,2107.142822265625,2057.857177734375,2065.571533203125,764
2017-11-09,2036.4642333984375,2100.0,2036.4642333984375,2055.071533203125,572
2017-11-10,2067.857177734375,2078.571533203125,2028.5714111328125,2050.46435546875,191
2017-11-13,2082.142822265625,2082.142822265625,2049.28564453125,2050.321533203125,285
2017-11-14,2071.428466796875,2071.428466796875,2028.5714111328125,2051.21435546875,558
2017-11-15,2071.75,2089.857177734375,2042.857177734375,2046.0714111328125,456
2017-11-16,2035.7142333984375,2078.571533203125,2033.5714111328125,2036.7142333984375,863
2017-11-17,2071.392822265625,2071.392822265625,2028.5714111328125,2057.75,1894
2017-11-20,2071.178466796875,2084.928466796875,2036.4642333984375,2071.178466796875,506
2017-11-21,2099.28564453125,2135.71435546875,2070.71435546875,2079.25,786
2017-11-22,2108.571533203125,2108.571533203125,2071.428466796875,2088.46435546875,891
2017-11-23,2089.28564453125,2107.142822265625,2039.2857666015625,2054.5,1118
2017-11-24,2051.428466796875,2089.28564453125,2000.0,2051.96435546875,1143
2017-11-27,2054.28564453125,2102.142822265625,2050.0,2058.03564453125,887
2017-11-28,2071.428466796875,2085.71435546875,2038.2142333984375,2062.857177734375,421
2017-11-29,2078.571533203125,2085.71435546875,2042.857177734375,2077.892822265625,693
2017-11-30,2088.571533203125,2088.571533203125,2053.571533203125,2069.78564453125,721
2017-12-01,2135.0,2135.0,2053.607177734375,2071.03564453125,763
2017-12-04,2114.28564453125,2114.28564453125,2035.7142333984375,2041.9285888671875,1090
2017-12-05,2032.142822265625,2084.28564453125,2032.142822265625,2081.28564453125,624
2017-12-06,2089.28564453125,2092.857177734375,2035.7142333984375,2047.0357666015625,743
2017-12-07,2089.28564453125,2089.28564453125,2042.857177734375,2064.392822265625,511
2017-12-08,2082.107177734375,2082.142822265625,2043.5714111328125,2053.0,600
2017-12-11,2036.4285888671875,2085.0,2036.4285888671875,2053.178466796875,1156
2017-12-12,2046.4285888671875,2071.392822265625,2034.2857666015625,2042.857177734375,921
2017-12-13,2071.321533203125,2071.321533203125,2033.5714111328125,2035.7142333984375,351
2017-12-14,2050.0,2070.71435546875,2022.2142333984375,2039.857177734375,784
2017-12-15,2063.571533203125,2063.571533203125,2029.2857666015625,2039.2857666015625,483
2017-12-18,2017.892822265625,2063.571533203125,1939.2857666015625,2032.892822265625,1491
2017-12-19,2057.142822265625,2059.928466796875,2037.142822265625,2044.8214111328125,982
2017-12-20,2064.28564453125,2085.0,2029.2857666015625,2068.21435546875,940
2017-12-21,2074.21435546875,2074.21435546875,2050.0,2057.21435546875,1170
2017-12-22,2071.428466796875,2092.857177734375,2065.0,2077.678466796875,1306
2017-12-26,2107.142822265625,2181.53564453125,2098.21435546875,2181.53564453125,4631
2017-12-27,2214.28564453125,2290.607177734375,2200.0,2270.607177734375,3087
2017-12-28,2292.857177734375,2292.857177734375,2257.142822265625,2281.892822265625,1309
2017-12-29,2289.28564453125,2364.28564453125,2267.857177734375,2276.178466796875,1731
2018-01-01,2292.857177734375,2320.0,2264.28564453125,2270.53564453125,782
2018-01-02,2275.71435546875,2285.71435546875,2214.28564453125,2237.53564453125,1122
2018-01-03,2257.142822265625,2270.71435546875,2235.71435546875,2238.46435546875,1016
2018-01-04,2238.46435546875,2277.78564453125,2238.46435546875,2264.21435546875,889
2018-01-05,2221.428466796875,2314.25,2221.428466796875,2283.25,1534
2018-01-08,2215.0,2300.0,2215.0,2275.71435546875,900
2018-01-09,2275.71435546875,2292.857177734375,2257.857177734375,2265.821533203125,14733
2018-01-10,2310.0,2357.142822265625,2258.21435546875,2258.53564453125,2849
2018-01-11,2258.53564453125,2258.53564453125,2180.0,2206.821533203125,3053
2018-01-12,2250.0,2271.428466796875,2182.142822265625,2185.71435546875,1110
2018-01-15,2214.28564453125,2232.142822265625,2182.142822265625,2224.5,2364
2018-01-16,2225.0,2250.0,2200.0,2249.821533203125,114101
2018-01-17,2249.607177734375,2250.0,2201.857177734375,2217.857177734375,582
2018-01-18,2221.428466796875,2221.428466796875,2142.857177734375,2165.0,1636
2018-01-19,2205.71435546875,2205.71435546875,2164.71435546875,2204.5,1992
2018-01-22,2214.28564453125,2220.71435546875,2142.857177734375,2210.571533203125,1454
2018-01-23,2225.0,2275.0,2200.0,2239.678466796875,79451
2018-01-24,2196.428466796875,2242.142822265625,2151.428466796875,2173.96435546875,1960
2018-01-25,2178.571533203125,2214.28564453125,2175.21435546875,2185.75,2242
2018-01-29,2207.142822265625,2214.28564453125,2182.857177734375,2186.46435546875,1747
2018-01-30,2157.857177734375,2194.642822265625,2153.571533203125,2160.0,280
2018-01-31,2160.0,2172.857177734375,2132.142822265625,2148.5,1576
2018-02-01,2164.25,2164.25,2115.0,2125.0,147
2018-02-02,2128.571533203125,2142.857177734375,2053.571533203125,2062.46435546875,2478
2018-02-05,2035.7142333984375,2089.28564453125,1964.2857666015625,2053.571533203125,565
2018-02-06,2029.4285888671875,2107.142822265625,1957.857177734375,2033.3214111328125,1793
2018-02-07,2071.428466796875,2096.428466796875,2042.857177734375,2076.21435546875,1589
2018-02-08,2089.28564453125,2089.28564453125,1972.857177734375,2074.821533203125,863
2018-02-09,2085.71435546875,2085.71435546875,2035.7142333984375,2064.28564453125,79
2018-02-12,2095.71435546875,2106.428466796875,2053.571533203125,2098.571533203125,627
2018-02-14,2090.0,2202.857177734375,2000.7142333984375,2105.821533203125,541
2018-02-15,2112.857177734375,2132.5,2057.142822265625,2071.428466796875,422
2018-02-16,2035.7857666015625,2106.428466796875,2000.0,2004.7857666015625,774
2018-02-19,2064.25,2064.28564453125,1982.142822265625,1985.5714111328125,438
2018-02-20,1985.0,2000.0,1968.5714111328125,1987.2857666015625,1421
2018-02-21,1999.9642333984375,2000.0,1957.142822265625,1970.6785888671875,1041
2018-02-22,1896.4285888671875,1992.857177734375,1896.4285888671875,1973.392822265625,890
2018-02-23,2000.0,2013.5714111328125,1950.0,1964.7142333984375,667
2018-02-26,1964.2857666015625,2000.0,1960.7142333984375,1991.5,512
2018-02-27,1985.7142333984375,2000.0,1974.7142333984375,1987.7142333984375,865
2018-02-28,1964.2857666015625,1964.2857666015625,1936.4285888671875,1955.9285888671875,564
2018-03-01,1957.142822265625,1974.9285888671875,1935.8214111328125,1956.25,309
2018-03-05,1989.2857666015625,1989.2857666015625,1930.0357666015625,1957.392822265625,2305
2018-03-06,1989.2857666015625,2000.0,1937.2142333984375,1970.642822265625,1586
2018-03-07,1970.0,1984.2857666015625,1929.3214111328125,1964.0357666015625,8391
2018-03-08,1960.0,1964.2857666015625,1928.5714111328125,1963.8214111328125,4624
2018-03-09,1964.25,1964.2857666015625,1949.2857666015625,1960.6785888671875,838
2018-03-12,2000.0,2000.0,1946.5,1959.75,1652
2018-03-13,1939.357177734375,1941.4642333984375,1939.357177734375,1940.0357666015625,229
2018-03-14,1956.357177734375,1964.2857666015625,1954.857177734375,1958.5714111328125,280
2018-03-15,1932.2142333984375,1963.5714111328125,1928.5714111328125,1943.2142333984375,1675
2018-03-16,1943.2142333984375,1957.142822265625,1928.5714111328125,1931.5357666015625,1362
2018-03-19,1939.25,1955.7142333984375,1907.9285888671875,1928.5357666015625,991
2018-03-20,1927.857177734375,1941.0714111328125,1915.7857666015625,1928.2142333984375,1131
2018-03-21,1928.5714111328125,1944.2857666015625,1915.0,1940.5,840
2018-03-22,1916.4642333984375,1945.2857666015625,1915.5714111328125,1917.75,827
2018-03-23,1903.5714111328125,1907.142822265625,1865.75,1875.0,420
2018-03-26,1891.4285888671875,1891.4285888671875,1850.0,1857.142822265625,978
2018-03-27,1822.142822265625,1899.6785888671875,1785.7142333984375,1839.892822265625,659
2018-03-28,1852.4285888671875,1857.142822265625,1793.5714111328125,1835.3214111328125,945
2018-04-02,1875.0,1927.0714111328125,1875.0,1922.857177734375,722
2018-04-03,1922.142822265625,1928.5714111328125,1907.142822265625,1911.9642333984375,103
2018-04-04,1911.9642333984375,1932.142822265625,1875.0,1921.392822265625,127
2018-04-05,1921.4285888671875,1964.2857666015625,1896.4285888671875,1957.107177734375,351
2018-04-06,1964.2857666015625,1985.7142333984375,1900.0,1967.3214111328125,2338
2018-04-09,1971.4285888671875,1971.4285888671875,1928.5714111328125,1964.857177734375,1164
2018-04-10,1971.4285888671875,1971.4285888671875,1940.75,1955.2142333984375,326
2018-04-11,1971.392822265625,1971.392822265625,1936.4285888671875,1936.4285888671875,12
2018-04-12,1964.2142333984375,1964.2142333984375,1964.2142333984375,1964.2142333984375,2
2018-04-13,1963.5714111328125,1964.2857666015625,1937.142822265625,1961.2857666015625,403
2018-04-16,1964.2142333984375,1964.2142333984375,1935.7142333984375,1936.0714111328125,88
2018-04-17,1932.857177734375,1964.2857666015625,1929.2857666015625,1963.5714111328125,345
2018-04-18,1964.2857666015625,1964.2857666015625,1960.7142333984375,1964.25,151
2018-04-19,1964.2857666015625,1964.2857666015625,1932.142822265625,1964.142822265625,257
2018-04-20,1963.5714111328125,1964.2857666015625,1928.5714111328125,1964.1785888671875,795
2018-04-23,1957.107177734375,1957.107177734375,1935.7142333984375,1935.7142333984375,239
2018-04-24,1953.5714111328125,1953.5714111328125,1942.857177734375,1946.1785888671875,355
2018-04-25,1946.1785888671875,1958.2142333984375,1907.25,1938.107177734375,497
2018-04-26,1960.0,1960.0,1900.0,1900.7142333984375,436
2018-04-27,1935.7142333984375,1938.5714111328125,1917.857177734375,1927.75,235
2018-04-30,1953.5714111328125,1960.7142333984375,1928.5714111328125,1945.7142333984375,354
2018-05-02,1957.142822265625,1957.142822265625,1892.857177734375,1903.5714111328125,1072
2018-05-03,1928.5714111328125,1928.5714111328125,1846.5,1857.5357666015625,582
2018-05-04,1842.857177734375,1885.7142333984375,1841.5,1884.2142333984375,427
2018-05-07,1914.2857666015625,1925.0,1842.857177734375,1882.142822265625,47
2018-05-08,1902.142822265625,1902.142822265625,1865.0,1896.5,439
2018-05-09,1907.142822265625,1910.0,1864.2857666015625,1885.642822265625,523
2018-05-10,1875.392822265625,1905.7142333984375,1860.7142333984375,1860.75,123
2018-05-11,1860.75,1860.75,1846.4285888671875,1857.0714111328125,884
2018-05-14,1875.0,1875.0,1842.142822265625,1850.9285888671875,845
2018-05-15,1864.2857666015625,1924.2857666015625,1841.142822265625,1921.642822265625,3140
2018-05-16,1863.9285888671875,1863.9285888671875,1857.142822265625,1857.142822265625,236
2018-05-17,1885.642822265625,1921.4285888671875,1864.2857666015625,1883.6785888671875,1101
2018-05-18,1819.2857666015625,1857.142822265625,1819.2857666015625,1835.7142333984375,68
2018-05-21,1786.4285888671875,1822.142822265625,1785.7142333984375,1811.357177734375,1125
2018-05-22,1800.0,1835.7142333984375,1797.857177734375,1835.7142333984375,64
2018-05-23,1801.4285888671875,1835.0,1801.4285888671875,1825.0,3392
2018-05-24,1788.4642333984375,1825.0,1785.75,1823.107177734375,1467
2018-05-25,1832.107177734375,1832.107177734375,1807.1785888671875,1824.9642333984375,1779
2018-05-28,1832.142822265625,1835.0,1797.142822265625,1828.5714111328125,159
2018-05-29,1828.5714111328125,1834.642822265625,1787.7857666015625,1797.4642333984375,275
2018-05-30,1785.7142333984375,1813.5,1753.0714111328125,1787.142822265625,49
2018-05-31,1775.0,1807.0714111328125,1744.2857666015625,1807.0714111328125,415
2018-06-01,1832.142822265625,1832.142822265625,1750.0,1750.7142333984375,366
2018-06-04,1725.357177734375,1767.142822265625,1685.7142333984375,1748.607177734375,896
2018-06-05,1715.0,1715.0,1678.5714111328125,1683.0357666015625,400
2018-06-06,1683.0357666015625,1721.4285888671875,1679.7142333984375,1721.4285888671875,382
2018-06-07,1735.7142333984375,1742.8214111328125,1696.142822265625,1738.2142333984375,582
2018-06-08,1739.2857666015625,1757.142822265625,1722.1785888671875,1751.0714111328125,700
2018-06-11,1721.4285888671875,1810.0,1721.4285888671875,1767.892822265625,887
2018-06-12,1767.9285888671875,1796.4285888671875,1723.2142333984375,1784.642822265625,1134
2018-06-13,1796.4285888671875,1796.4285888671875,1746.4285888671875,1746.4285888671875,144
2018-06-14,1792.8214111328125,1792.8214111328125,1750.0,1767.857177734375,396
2018-06-15,1771.4285888671875,1771.4285888671875,1728.5714111328125,1738.9642333984375,21
2018-06-18,1729.2857666015625,1745.0,1721.5,1724.4642333984375,369
2018-06-19,1782.142822265625,1792.857177734375,1696.4285888671875,1729.5714111328125,2014
2018-06-20,1753.5714111328125,1753.5714111328125,1728.5714111328125,1728.5714111328125,9
2018-06-21,1732.107177734375,1732.142822265625,1692.857177734375,1698.392822265625,70
2018-06-22,1714.2857666015625,1773.5714111328125,1678.607177734375,1715.3214111328125,562
2018-06-25,1675.75,1707.857177734375,1675.75,1684.0357666015625,519
2018-06-26,1671.4285888671875,1694.2857666015625,1667.857177734375,1693.5714111328125,1652
2018-06-27,1628.5714111328125,1659.2857666015625,1610.7142333984375,1612.142822265625,317
2018-06-28,1607.142822265625,1628.5714111328125,1532.142822265625,1614.9642333984375,767
2018-06-29,1571.4285888671875,1607.142822265625,1535.7142333984375,1583.5,460
2018-07-02,1642.857177734375,1642.857177734375,1607.142822265625,1635.7142333984375,247
2018-07-03,1572.857177734375,1626.4285888671875,1572.857177734375,1617.2857666015625,225
2018-07-05,1585.7142333984375,1585.7142333984375,1575.0,1575.0,210
2018-07-06,1606.4285888671875,1632.142822265625,1575.7142333984375,1585.5,235
2018-07-09,1571.4285888671875,1589.2857666015625,1564.2857666015625,1570.4285888671875,65
2018-07-10,1646.4285888671875,1648.9285888671875,1615.0357666015625,1646.5357666015625,1295
2018-07-11,1642.857177734375,1671.4285888671875,1642.857177734375,1671.4285888671875,25
2018-07-12,1642.857177734375,1714.2857666015625,1642.857177734375,1706.5,974
2018-07-13,1660.0357666015625,1690.0,1660.0,1665.4285888671875,190
2018-07-16,1696.4285888671875,1696.4285888671875,1628.5714111328125,1644.0714111328125,247
2018-07-17,1665.7142333984375,1695.7142333984375,1625.0,1685.642822265625,375
2018-07-18,1646.4285888671875,1695.7142333984375,1614.2857666015625,1615.607177734375,502
2018-07-19,1621.4285888671875,1621.4285888671875,1578.5714111328125,1585.5714111328125,497
2018-07-20,1614.2857666015625,1614.2857666015625,1578.5714111328125,1592.1785888671875,427
2018-07-23,1571.4285888671875,1582.142822265625,1562.857177734375,1576.4285888671875,800
2018-07-24,1637.142822265625,1655.25,1622.857177734375,1622.857177734375,105
2018-07-25,1667.142822265625,1667.4642333984375,1628.642822265625,1646.4285888671875,70
2018-07-26,1646.4285888671875,1646.4285888671875,1625.0,1646.4285888671875,130
2018-07-27,1660.7142333984375,1660.7142333984375,1647.857177734375,1649.3214111328125,274
2018-07-30,1678.5714111328125,1714.25,1678.5714111328125,1703.5714111328125,313
2018-07-31,1703.5714111328125,1735.7142333984375,1665.142822265625,1669.3214111328125,127
2018-08-01,1660.7142333984375,1662.857177734375,1645.107177734375,1647.357177734375,67
2018-08-02,1642.857177734375,1701.4285888671875,1642.857177734375,1701.4285888671875,5
2018-08-03,1639.2857666015625,1699.2857666015625,1639.2857666015625,1678.5,82
2018-08-06,1671.4285888671875,1707.142822265625,1637.142822265625,1644.3214111328125,403
2018-08-07,1642.857177734375,1706.7857666015625,1642.857177734375,1702.607177734375,834
2018-08-08,1647.142822265625,1707.142822265625,1647.142822265625,1706.7857666015625,1087
2018-08-09,1714.25,1714.2857666015625,1679.392822265625,1706.357177734375,802
2018-08-10,1663.2142333984375,1692.857177734375,1663.2142333984375,1692.8214111328125,714
2018-08-13,1689.2857666015625,1696.4285888671875,1671.4285888671875,1691.892822265625,1583
2018-08-14,1654.2857666015625,1686.4285888671875,1654.2857666015625,1686.4285888671875,51
2018-08-16,1664.2857666015625,1678.5,1629.2857666015625,1677.2142333984375,44154
2018-08-17,1700.357177734375,1700.642822265625,1679.2857666015625,1695.607177734375,3099
2018-08-20,1714.2857666015625,1725.0,1677.5714111328125,1700.4285888671875,823
2018-08-21,1712.857177734375,1714.2857666015625,1685.7857666015625,1705.5,3624
2018-08-23,1705.5,1785.7142333984375,1686.5,1769.0357666015625,5128
2018-08-24,1782.142822265625,1785.7142333984375,1735.0,1775.607177734375,758
2018-08-27,1803.5,1803.5,1750.0714111328125,1784.2857666015625,393
2018-08-28,1856.4285888671875,1857.107177734375,1764.2857666015625,1802.4642333984375,624
2018-08-29,1817.142822265625,1817.142822265625,1785.7142333984375,1793.5714111328125,516
2018-08-30,1857.142822265625,1857.142822265625,1785.7142333984375,1802.9285888671875,292
2018-08-31,1807.142822265625,1817.857177734375,1796.4285888671875,1802.0714111328125,497
2018-09-03,1814.2857666015625,1828.5714111328125,1785.7142333984375,1801.5357666015625,1325
2018-09-04,1803.5714111328125,1825.0,1764.2857666015625,1776.4642333984375,806
2018-09-05,1857.142822265625,1857.142822265625,1750.0,1771.4285888671875,509
2018-09-06,1817.142822265625,1817.142822265625,1764.2857666015625,1806.4285888671875,498
2018-09-07,1857.142822265625,1857.142822265625,1785.7142333984375,1807.142822265625,455
2018-09-10,1821.4285888671875,1821.4285888671875,1750.0,1790.642822265625,204
2018-09-11,1842.142822265625,1842.142822265625,1721.4285888671875,1739.25,445
2018-09-12,1821.4285888671875,1821.4285888671875,1721.4285888671875,1764.857177734375,386
2018-09-14,1849.2857666015625,1849.2857666015625,1778.5714111328125,1786.25,263
2018-09-17,1848.5357666015625,1848.5357666015625,1785.7142333984375,1797.4285888671875,637
2018-09-18,1792.857177734375,1827.857177734375,1775.0,1782.75,564
2018-09-19,1800.0,1800.0,1750.0,1757.9642333984375,354
2018-09-21,1786.4285888671875,1817.857177734375,1696.4285888671875,1757.75,590
2018-09-24,1757.75,1760.7142333984375,1671.4285888671875,1685.857177734375,1047
2018-09-25,1689.2857666015625,1704.9285888671875,1611.4285888671875,1669.0357666015625,646
2018-09-26,1671.4285888671875,1742.857177734375,1615.0,1696.5714111328125,1136
2018-09-27,1705.7142333984375,1713.5714111328125,1642.857177734375,1662.0714111328125,530
2018-09-28,1685.7857666015625,1707.142822265625,1582.142822265625,1642.9285888671875,14407
2018-10-01,1707.142822265625,1707.142822265625,1607.142822265625,1662.3214111328125,292
2018-10-03,1657.142822265625,1677.857177734375,1629.2857666015625,1665.7142333984375,98
2018-10-04,1642.857177734375,1642.857177734375,1607.142822265625,1624.857177734375,135
2018-10-05,1642.857177734375,1642.857177734375,1546.4285888671875,1583.857177734375,218
2018-10-08,1571.4285888671875,1635.7142333984375,1535.7142333984375,1549.8214111328125,135
2018-10-09,1617.857177734375,1617.857177734375,1517.857177734375,1527.642822265625,238
2018-10-10,1571.4285888671875,1571.4285888671875,1500.0,1544.9642333984375,319
2018-10-11,1570.7142333984375,1570.7142333984375,1492.857177734375,1503.2142333984375,403
2018-10-12,1570.7142333984375,1570.7142333984375,1527.142822265625,1566.9285888671875,277
2018-10-15,1642.857177734375,1642.857177734375,1550.0,1555.642822265625,205
2018-10-16,1535.7142333984375,1571.4285888671875,1535.7142333984375,1564.2857666015625,86
2018-10-17,1607.142822265625,1607.142822265625,1500.0,1509.3214111328125,777
2018-10-19,1557.142822265625,1557.142822265625,1485.7142333984375,1500.0,117
2018-10-22,1500.0,1500.0,1442.857177734375,1449.892822265625,200
2018-10-23,1482.142822265625,1482.142822265625,1382.142822265625,1392.642822265625,355
2018-10-24,1446.4285888671875,1446.4285888671875,1335.4642333984375,1354.7857666015625,436
2018-10-25,1414.2857666015625,1414.2857666015625,1321.4285888671875,1357.142822265625,274
2018-10-26,1375.0,1375.0,1335.7142333984375,1357.142822265625,133
2018-10-29,1424.2857666015625,1424.2857666015625,1303.5714111328125,1353.5714111328125,673
2018-10-30,1407.142822265625,1407.142822265625,1324.2142333984375,1357.107177734375,148
2018-10-31,1382.142822265625,1382.142822265625,1335.7142333984375,1347.5,282
2018-11-01,1382.142822265625,1382.142822265625,1339.2857666015625,1358.5714111328125,1493
2018-11-02,1407.142822265625,1426.4285888671875,1374.9642333984375,1420.142822265625,732
2018-11-05,1490.0,1491.142822265625,1446.4285888671875,1488.892822265625,238
2018-11-06,1535.6785888671875,1563.3214111328125,1471.4285888671875,1545.892822265625,883
2018-11-07,1598.5714111328125,1617.8214111328125,1500.7142333984375,1600.4642333984375,175
2018-11-09,1642.857177734375,1642.857177734375,1566.4285888671875,1607.642822265625,368
2018-11-12,1660.7142333984375,1660.7142333984375,1527.2857666015625,1539.5,812
2018-11-13,1588.5714111328125,1589.2857666015625,1535.7142333984375,1588.1785888671875,908
2018-11-14,1624.9285888671875,1625.0,1571.4285888671875,1591.5714111328125,366
2018-11-15,1639.2857666015625,1639.2857666015625,1557.142822265625,1586.75,81
2018-11-16,1634.2857666015625,1634.2857666015625,1539.642822265625,1559.5714111328125,670
2018-11-19,1607.142822265625,1607.142822265625,1515.7142333984375,1551.0714111328125,557
2018-11-20,1571.4285888671875,1606.4285888671875,1521.5,1559.6785888671875,292
2018-11-21,1589.2142333984375,1589.2857666015625,1568.607177734375,1587.8214111328125,204
2018-11-22,1589.2857666015625,1589.2857666015625,1543.5714111328125,1564.2857666015625,481
2018-11-26,1589.2857666015625,1589.2857666015625,1507.857177734375,1521.75,574
2018-11-27,1589.2142333984375,1589.2142333984375,1510.7142333984375,1546.0357666015625,547
2018-11-28,1585.7142333984375,1585.7142333984375,1525.0714111328125,1563.6785888671875,102
2018-11-29,1576.1785888671875,1585.7142333984375,1522.2142333984375,1534.7142333984375,562
2018-11-30,1577.857177734375,1577.857177734375,1500.892822265625,1516.5,603
2018-12-03,1557.142822265625,1557.142822265625,1472.1785888671875,1511.607177734375,718
2018-12-04,1578.5714111328125,1578.5714111328125,1471.4642333984375,1545.642822265625,1274
2018-12-05,1553.5714111328125,1571.4285888671875,1489.642822265625,1553.857177734375,1537
2018-12-06,1571.4285888671875,1571.4285888671875,1517.857177734375,1551.9642333984375,376
2018-12-07,1564.2857666015625,1571.4285888671875,1500.75,1565.1785888671875,1142
2018-12-10,1562.857177734375,1562.857177734375,1505.7142333984375,1517.642822265625,148
2018-12-11,1442.142822265625,1563.5714111328125,1442.142822265625,1493.7142333984375,803
2018-12-12,1560.7142333984375,1560.7142333984375,1477.857177734375,1522.142822265625,880
2018-12-13,1557.5,1557.5,1500.0,1529.107177734375,898
2018-12-14,1552.857177734375,1552.857177734375,1483.7142333984375,1520.642822265625,662
2018-12-17,1553.4285888671875,1557.142822265625,1490.0714111328125,1534.6785888671875,655
2018-12-18,1564.2142333984375,1564.2142333984375,1500.0714111328125,1528.6785888671875,656
2018-12-19,1569.2857666015625,1569.2857666015625,1513.392822265625,1527.7857666015625,1218
2018-12-20,1560.0,1560.0,1507.9285888671875,1524.8214111328125,1115
2018-12-21,1552.857177734375,1552.857177734375,1485.7142333984375,1495.2142333984375,744
2018-12-24,1548.5714111328125,1548.5714111328125,1480.0,1517.392822265625,793
2018-12-26,1533.5714111328125,1533.5714111328125,1487.2142333984375,1506.5,1094
2018-12-27,1535.0,1535.0,1476.607177734375,1485.5357666015625,420
2018-12-28,1514.2857666015625,1514.2857666015625,1471.4285888671875,1489.5357666015625,603
2018-12-31,1510.0,1560.7142333984375,1479.2857666015625,1545.9285888671875,292
2019-01-01,1552.7857666015625,1552.7857666015625,1514.2857666015625,1534.2857666015625,98
2019-01-02,1542.857177734375,1542.857177734375,1488.2857666015625,1494.0,449
2019-01-03,1525.0,1525.0,1478.5714111328125,1501.2142333984375,611
2019-01-04,1524.642822265625,1524.642822265625,1471.4285888671875,1473.892822265625,576
2019-01-07,1477.2142333984375,1484.107177734375,1428.5714111328125,1431.607177734375,1376
2019-01-08,1463.5714111328125,1463.5714111328125,1430.7142333984375,1435.892822265625,687
2019-01-09,1448.5714111328125,1456.4285888671875,1435.7142333984375,1440.0714111328125,757
2019-01-10,1463.5357666015625,1496.4285888671875,1425.6785888671875,1473.142822265625,980
2019-01-11,1500.0,1500.0,1435.7142333984375,1452.8214111328125,933
2019-01-14,1468.4642333984375,1468.4642333984375,1394.2857666015625,1410.642822265625,681
2019-01-15,1462.857177734375,1462.857177734375,1396.4285888671875,1417.642822265625,891
2019-01-16,1442.142822265625,1442.142822265625,1407.2142333984375,1419.75,361
2019-01-17,1453.5714111328125,1453.5714111328125,1392.857177734375,1420.0,330
2019-01-18,1462.142822265625,1462.142822265625,1405.7142333984375,1430.2142333984375,86
2019-01-21,1453.5714111328125,1453.5714111328125,1392.142822265625,1414.25,236
2019-01-22,1428.5357666015625,1428.5357666015625,1393.5714111328125,1403.7142333984375,320
2019-01-23,1425.7142333984375,1446.4285888671875,1400.0,1437.642822265625,329
2019-01-24,1460.0,1460.0,1421.4285888671875,1424.9642333984375,137
2019-01-25,1432.857177734375,1432.857177734375,1378.5714111328125,1390.0,296
2019-01-28,1428.5714111328125,1428.5714111328125,1346.4642333984375,1373.9285888671875,51
2019-01-29,1403.5714111328125,1403.5714111328125,1357.9285888671875,1365.0,114
2019-01-30,1392.142822265625,1392.142822265625,1298.5714111328125,1376.142822265625,285
2019-01-31,1427.857177734375,1427.857177734375,1378.5714111328125,1392.357177734375,172
2019-02-01,1410.7142333984375,1410.7142333984375,1390.9642333984375,1395.392822265625,407
2019-02-04,1427.7857666015625,1427.7857666015625,1416.4285888671875,1416.4285888671875,64
2019-02-05,1426.4285888671875,1426.4285888671875,1378.5714111328125,1388.857177734375,112
2019-02-06,1410.0,1410.0,1322.142822265625,1375.0,84
2019-02-07,1406.392822265625,1406.392822265625,1369.4642333984375,1390.4642333984375,28
2019-02-08,1389.2142333984375,1389.2142333984375,1339.2857666015625,1352.7142333984375,43
2019-02-11,1412.857177734375,1412.857177734375,1342.892822265625,1357.3214111328125,299
2019-02-12,1407.142822265625,1407.142822265625,1343.5714111328125,1344.357177734375,197
2019-02-14,1355.5357666015625,1362.0714111328125,1342.857177734375,1351.0714111328125,117
2019-02-15,1359.2857666015625,1359.2857666015625,1337.142822265625,1347.607177734375,67
2019-02-18,1400.0,1400.0,1280.7142333984375,1355.357177734375,386
2019-02-19,1413.5714111328125,1413.5714111328125,1321.4285888671875,1373.4285888671875,740
2019-02-20,1399.9642333984375,1399.9642333984375,1367.857177734375,1388.0714111328125,341
2019-02-21,1399.4642333984375,1442.142822265625,1372.892822265625,1403.2142333984375,588
2019-02-22,1467.8214111328125,1473.357177734375,1428.5714111328125,1466.25,1195
2019-02-25,1517.857177734375,1539.5357666015625,1460.7142333984375,1512.4642333984375,841
2019-02-26,1532.142822265625,1535.7142333984375,1472.107177734375,1491.142822265625,848
2019-02-27,1546.4285888671875,1546.4285888671875,1476.4285888671875,1503.2142333984375,589
2019-02-28,1545.7142333984375,1545.7142333984375,1489.2857666015625,1513.107177734375,401
2019-03-01,1535.0,1535.0,1492.857177734375,1499.607177734375,253
2019-03-05,1532.142822265625,1570.7142333984375,1425.0,1531.75,1650
2019-03-06,1553.5714111328125,1556.4285888671875,1489.2857666015625,1505.857177734375,603
2019-03-07,1528.5357666015625,1528.5357666015625,1492.9285888671875,1507.142822265625,379
2019-03-08,1527.142822265625,1529.9642333984375,1485.7142333984375,1494.5357666015625,406
2019-03-11,1526.4285888671875,1546.2857666015625,1510.7142333984375,1533.1785888671875,3323
2019-03-12,1557.142822265625,1557.142822265625,1492.857177734375,1541.9642333984375,3651
2019-03-13,1549.642822265625,1549.642822265625,1517.9642333984375,1541.5714111328125,3455
2019-03-14,1549.9285888671875,1564.2857666015625,1482.2142333984375,1550.2142333984375,3291
2019-03-15,1557.142822265625,1599.9642333984375,1528.5714111328125,1563.392822265625,3635
2019-03-18,1598.9285888671875,1598.9285888671875,1542.892822265625,1556.857177734375,2993
2019-03-19,1590.7142333984375,1590.7142333984375,1542.857177734375,1551.357177734375,4537
2019-03-20,1585.7142333984375,1585.7142333984375,1514.2857666015625,1548.5357666015625,4495
2019-03-22,1571.4285888671875,1571.4285888671875,1528.5714111328125,1544.0357666015625,4716
2019-03-25,1548.5714111328125,1548.5714111328125,1498.2142333984375,1514.9285888671875,5033
2019-03-26,1546.0714111328125,1546.4285888671875,1478.5714111328125,1500.2142333984375,9742
2019-03-27,1535.7142333984375,1536.0357666015625,1498.9642333984375,1518.0714111328125,4762
2019-03-28,1528.5714111328125,1541.9642333984375,1517.857177734375,1518.9642333984375,4321
2019-04-01,1538.7142333984375,1615.642822265625,1538.7142333984375,1578.5357666015625,5483
2019-04-02,1578.5714111328125,1578.5714111328125,1551.4285888671875,1562.607177734375,5986
2019-04-03,1562.642822265625,1571.0714111328125,1551.4285888671875,1561.607177734375,5959
2019-04-04,1571.4285888671875,1587.1785888671875,1565.0357666015625,1566.8214111328125,9020
2019-04-05,1566.4642333984375,1606.7857666015625,1550.0,1605.0,7669
2019-04-08,1607.142822265625,1696.4285888671875,1571.642822265625,1651.4285888671875,17889
2019-04-09,1713.5714111328125,1770.357177734375,1642.9285888671875,1765.357177734375,17931
2019-04-10,1782.7857666015625,1807.892822265625,1764.2857666015625,1781.5,14246
2019-04-11,1781.392822265625,1803.5,1714.3214111328125,1735.75,7739
2019-04-12,1735.7142333984375,1757.107177734375,1725.0,1745.7142333984375,6284
2019-04-15,1760.642822265625,1760.642822265625,1696.4285888671875,1749.5714111328125,17935
2019-04-16,1774.2857666015625,1774.2857666015625,1719.3214111328125,1748.2142333984375,7331
2019-04-18,1774.2857666015625,1774.2857666015625,1671.357177734375,1757.2857666015625,6774
2019-04-22,1780.7142333984375,1780.7142333984375,1728.5714111328125,1747.857177734375,6512
2019-04-23,1781.357177734375,1781.357177734375,1721.4285888671875,1747.3214111328125,6258
2019-04-24,1784.2857666015625,1785.7142333984375,1732.142822265625,1766.892822265625,6909
2019-04-25,1778.5714111328125,1804.1785888671875,1764.2857666015625,1798.25,7036
2019-04-26,1814.2857666015625,1887.9642333984375,1785.7142333984375,1832.75,9430
2019-04-30,1853.5714111328125,1853.5714111328125,1775.0,1799.25,7789
2019-05-02,1836.4285888671875,1836.4285888671875,1777.3214111328125,1788.2857666015625,7330
2019-05-03,1817.857177734375,1820.6785888671875,1775.0,1790.9285888671875,7639
2019-05-06,1800.0,1800.0,1771.4285888671875,1784.7857666015625,7483
2019-05-07,1798.5,1798.5,1714.357177734375,1733.6785888671875,8198
2019-05-08,1767.142822265625,1767.8214111328125,1714.2857666015625,1720.5357666015625,7450
2019-05-09,1748.5714111328125,1748.5714111328125,1712.5,1722.392822265625,7417
2019-05-10,1750.0,1750.0,1696.5,1711.7142333984375,7663
2019-05-13,1746.4285888671875,1746.4285888671875,1642.857177734375,1673.7142333984375,7847
2019-05-14,1713.5714111328125,1713.5714111328125,1652.857177734375,1663.142822265625,7595
2019-05-15,1714.2857666015625,1714.2857666015625,1607.142822265625,1647.2142333984375,7709
2019-05-16,1675.1785888671875,1675.1785888671875,1587.142822265625,1627.642822265625,7851
2019-05-17,1685.7142333984375,1685.7142333984375,1617.892822265625,1625.0714111328125,7721
2019-05-20,1692.4642333984375,1714.2857666015625,1677.857177734375,1694.8214111328125,8069
2019-05-21,1732.142822265625,1732.142822265625,1571.4642333984375,1639.8214111328125,9584
2019-05-22,1714.2142333984375,1714.2142333984375,1567.3214111328125,1638.2857666015625,8510
2019-05-23,1712.7857666015625,1712.7857666015625,1636.4285888671875,1652.9285888671875,7900
2019-05-24,1714.2857666015625,1749.9642333984375,1642.892822265625,1696.0,7740
2019-05-27,1731.4285888671875,1749.2857666015625,1687.5,1739.7857666015625,8178
2019-05-28,1763.5714111328125,1763.5714111328125,1723.6785888671875,1740.0,7667
2019-05-29,1749.2857666015625,1784.2857666015625,1743.9285888671875,1775.2142333984375,5490
2019-05-30,1785.7142333984375,1828.5714111328125,1725.0357666015625,1813.2857666015625,5835
2019-05-31,1821.4285888671875,1821.4285888671875,1780.75,1793.0357666015625,5699
2019-06-03,1835.7142333984375,1835.7142333984375,1782.142822265625,1792.642822265625,5111
2019-06-04,1827.142822265625,1827.142822265625,1755.2857666015625,1770.9285888671875,5320
2019-06-06,1817.857177734375,1817.857177734375,1735.7142333984375,1745.1785888671875,4909
2019-06-07,1785.0,1785.0,1735.7142333984375,1742.4285888671875,4879
2019-06-10,1785.6785888671875,1785.6785888671875,1732.142822265625,1741.642822265625,7638
2019-06-11,1777.857177734375,1777.857177734375,1707.142822265625,1723.0,8030
2019-06-12,1782.142822265625,1782.142822265625,1707.2857666015625,1743.0357666015625,7778
2019-06-13,1776.4285888671875,1777.857177734375,1721.4285888671875,1739.8214111328125,7294
2019-06-14,1762.4285888671875,1762.4285888671875,1707.142822265625,1720.6785888671875,9066
2019-06-17,1720.6785888671875,1720.6785888671875,1636.5,1657.2142333984375,7750
2019-06-18,1744.2857666015625,1744.2857666015625,1565.4285888671875,1574.5,5965
2019-06-19,1646.4285888671875,1646.4285888671875,1540.7142333984375,1576.2857666015625,4743
2019-06-20,1635.7142333984375,1635.7142333984375,1402.9285888671875,1575.8214111328125,4452
2019-06-21,1635.642822265625,1635.642822265625,1550.0,1573.4642333984375,3416
2019-06-24,1607.142822265625,1607.142822265625,1546.4285888671875,1570.1785888671875,4379
2019-06-25,1632.857177734375,1642.857177734375,1557.2857666015625,1574.2857666015625,4187
2019-06-26,1589.2857666015625,1632.142822265625,1564.3214111328125,1577.2142333984375,3467
2019-06-27,1589.25,1605.0,1565.7142333984375,1570.9642333984375,3739
2019-06-28,1646.4285888671875,1646.4285888671875,1541.7857666015625,1551.9285888671875,3704
2019-07-01,1610.7142333984375,1610.7142333984375,1540.7142333984375,1550.607177734375,3322
2019-07-02,1605.7142333984375,1621.4285888671875,1528.5714111328125,1535.2142333984375,3515
2019-07-03,1569.2857666015625,1592.857177734375,1512.0357666015625,1535.392822265625,4614
2019-07-04,1549.9285888671875,1557.0714111328125,1518.607177734375,1526.357177734375,3994
2019-07-05,1575.0,1588.5714111328125,1499.2857666015625,1500.2857666015625,4048
2019-07-08,1535.7142333984375,1562.857177734375,1460.0,1463.857177734375,3789
2019-07-09,1464.2142333984375,1477.6785888671875,1424.1785888671875,1433.8214111328125,4209
2019-07-10,1435.7142333984375,1455.642822265625,1414.2857666015625,1425.857177734375,3458
2019-07-11,1400.0,1428.8214111328125,1392.857177734375,1427.607177734375,3515
2019-07-12,1446.357177734375,1459.357177734375,1417.7857666015625,1430.892822265625,3523
2019-07-15,1458.5714111328125,1459.3214111328125,1422.857177734375,1438.5,3379
2019-07-16,1499.2857666015625,1499.2857666015625,1411.4285888671875,1447.25,3633
2019-07-17,1530.0,1531.25,1440.7142333984375,1450.6785888671875,3423
2019-07-18,1471.4285888671875,1471.4285888671875,1407.142822265625,1422.0,3978
2019-07-19,1499.2857666015625,1499.2857666015625,1412.892822265625,1424.0357666015625,3480
2019-07-22,1450.0,1464.3214111328125,1405.0,1425.2142333984375,3495
2019-07-23,1472.8214111328125,1473.9285888671875,1428.5714111328125,1454.642822265625,3407
2019-07-24,1474.2857666015625,1474.2857666015625,1410.7142333984375,1434.392822265625,3141
2019-07-25,1460.7142333984375,1460.7142333984375,1393.5714111328125,1410.892822265625,3508
2019-07-26,1500.0,1500.0,1407.142822265625,1431.9285888671875,3306
2019-07-29,1496.4285888671875,1496.4285888671875,1376.1785888671875,1399.1785888671875,3784
2019-07-30,1414.2857666015625,1414.2857666015625,1370.7142333984375,1378.107177734375,3225
2019-07-31,1389.2857666015625,1392.0714111328125,1359.0357666015625,1373.607177734375,3334
2019-08-01,1428.5714111328125,1446.4285888671875,1357.142822265625,1364.75,3659
2019-08-02,1421.4285888671875,1421.4285888671875,1348.5357666015625,1359.0357666015625,3452
2019-08-05,1414.2857666015625,1414.2857666015625,1328.6785888671875,1348.0357666015625,3404
2019-08-06,1422.107177734375,1422.107177734375,1350.0,1372.392822265625,3278
2019-08-07,1385.0,1385.0,1342.892822265625,1357.2142333984375,3418
2019-08-08,1428.5714111328125,1428.5714111328125,1335.75,1368.75,3620
2019-08-09,1428.5714111328125,1435.7142333984375,1364.2857666015625,1375.607177734375,3311
2019-08-13,1427.142822265625,1427.142822265625,1350.0357666015625,1367.5,3487
2019-08-14,1381.7857666015625,1403.607177734375,1360.7142333984375,1394.9285888671875,4204
2019-08-16,1394.9642333984375,1499.9642333984375,1364.857177734375,1378.107177734375,3262
2019-08-19,1382.107177734375,1400.0,1374.2857666015625,1387.5357666015625,49740
2019-08-20,1421.4285888671875,1427.7857666015625,1367.8214111328125,1380.107177734375,35581
2019-08-21,1378.5714111328125,1382.142822265625,1357.0357666015625,1360.6785888671875,3274
2019-08-22,1360.7142333984375,1365.7142333984375,1313.5714111328125,1315.3214111328125,3249
2019-08-23,1352.857177734375,1352.857177734375,1286.4285888671875,1310.392822265625,3761
2019-08-26,1350.0,1350.0,1307.892822265625,1320.75,5566
2019-08-27,1352.857177734375,1352.857177734375,1310.7142333984375,1346.892822265625,3474
2019-08-28,1353.5,1357.142822265625,1322.142822265625,1323.9642333984375,3500
2019-08-29,1380.0,1380.0,1307.142822265625,1324.0,3444
2019-08-30,1378.5714111328125,1378.5714111328125,1285.357177734375,1313.75,4022
2019-09-03,1350.0,1350.0,1297.857177734375,1303.7142333984375,3217
2019-09-04,1347.142822265625,1347.142822265625,1310.6785888671875,1322.857177734375,3644
2019-09-05,1350.5,1350.5,1307.857177734375,1313.1785888671875,3085
2019-09-06,1324.2857666015625,1357.142822265625,1311.7857666015625,1354.7142333984375,3886
2019-09-09,1375.0,1375.0,1324.0,1350.107177734375,3249
2019-09-11,1457.142822265625,1457.142822265625,1357.142822265625,1387.9642333984375,3638
2019-09-12,1417.857177734375,1417.857177734375,1378.5714111328125,1406.0,3598
2019-09-13,1406.0,1442.857177734375,1397.1785888671875,1434.607177734375,4057
2019-09-16,1439.2857666015625,1449.2142333984375,1425.0,1427.75,4435
2019-09-17,1447.142822265625,1447.142822265625,1386.4285888671875,1405.3214111328125,3285
2019-09-18,1443.2142333984375,1443.2142333984375,1357.1785888671875,1388.6785888671875,3392
2019-09-19,1384.2857666015625,1389.25,1371.4285888671875,1376.357177734375,3232
2019-09-20,1412.857177734375,1424.7857666015625,1384.3214111328125,1399.5,7219
2019-09-23,1442.142822265625,1451.142822265625,1425.107177734375,1435.2142333984375,4181
2019-09-24,1460.7142333984375,1464.1785888671875,1412.75,1431.392822265625,3971
2019-09-25,1463.5,1464.2857666015625,1375.0,1410.7857666015625,3273
2019-09-26,1433.9285888671875,1433.9285888671875,1378.5357666015625,1399.0714111328125,4047
2019-09-27,1405.7142333984375,1413.5714111328125,1394.2857666015625,1404.857177734375,14624
2019-09-30,1425.0,1425.0,1359.2857666015625,1372.107177734375,13580
2019-10-01,1452.857177734375,1452.857177734375,1339.25,1355.75,4755
2019-10-03,1428.5714111328125,1428.5714111328125,1351.8214111328125,1383.857177734375,4999
2019-10-04,1456.4285888671875,1456.4285888671875,1351.4285888671875,1369.107177734375,3470
2019-10-07,1417.857177734375,1417.857177734375,1355.1785888671875,1365.8214111328125,3579
2019-10-09,1406.4285888671875,1406.4285888671875,1342.892822265625,1367.2142333984375,3392
2019-10-10,1377.142822265625,1377.857177734375,1335.7142333984375,1359.5714111328125,3473
2019-10-11,1391.4285888671875,1392.0714111328125,1363.5714111328125,1382.5714111328125,4013
2019-10-14,1414.2857666015625,1414.2857666015625,1357.857177734375,1380.0357666015625,3057
2019-10-15,1392.142822265625,1392.142822265625,1342.857177734375,1355.0,3640
2019-10-16,1385.6785888671875,1385.6785888671875,1348.5714111328125,1356.357177734375,3214
2019-10-17,1450.0,1450.0,1335.7142333984375,1356.75,3735
2019-10-18,1407.142822265625,1407.142822265625,1351.4285888671875,1355.7142333984375,4569
2019-10-22,1371.4285888671875,1421.392822265625,1351.4285888671875,1356.392822265625,14205
2019-10-23,1371.4285888671875,1371.4285888671875,1314.2857666015625,1321.392822265625,16651
2019-10-24,1389.2857666015625,1389.2857666015625,1309.75,1317.4285888671875,15713
2019-10-25,1321.4285888671875,1332.2142333984375,1309.2857666015625,1317.9642333984375,7156
2019-10-27,1387.857177734375,1387.857177734375,1315.0714111328125,1326.25,917
2019-10-29,1372.142822265625,1372.142822265625,1320.0,1320.857177734375,10302
2019-10-30,1355.0,1355.0,1307.857177734375,1310.5357666015625,8860
2019-10-31,1310.7142333984375,1339.2857666015625,1288.607177734375,1302.0357666015625,12768
2019-11-01,1296.4285888671875,1321.4285888671875,1282.857177734375,1284.9285888671875,5759
2019-11-04,1338.5714111328125,1338.5714111328125,1277.857177734375,1285.0714111328125,5220
2019-11-05,1320.7142333984375,1320.7142333984375,1267.857177734375,1283.5357666015625,6414
2019-11-06,1317.857177734375,1317.857177734375,1278.5714111328125,1281.9285888671875,3442
2019-11-07,1285.7142333984375,1285.7142333984375,1278.5714111328125,1282.642822265625,13171
2019-11-08,1285.6785888671875,1285.6785888671875,1272.142822265625,1280.5,14722
2019-11-11,1317.142822265625,1317.142822265625,1264.2857666015625,1279.357177734375,3683
2019-11-13,1317.142822265625,1317.142822265625,1275.0357666015625,1277.5357666015625,4515
2019-11-14,1285.7142333984375,1285.7142333984375,1264.2857666015625,1271.3214111328125,4111
2019-11-15,1342.857177734375,1342.857177734375,1263.7142333984375,1270.6785888671875,4960
2019-11-18,1264.2142333984375,1276.392822265625,1264.0357666015625,1270.2142333984375,4026
2019-11-19,1314.2857666015625,1314.2857666015625,1247.857177734375,1268.0714111328125,5318
2019-11-20,1232.2142333984375,1277.107177734375,1232.2142333984375,1266.892822265625,4401
2019-11-21,1281.4285888671875,1282.142822265625,1258.5714111328125,1263.392822265625,4608
2019-11-22,1283.5714111328125,1283.5714111328125,1250.0,1258.4642333984375,4321
2019-11-25,1267.857177734375,1267.857177734375,1261.1785888671875,1264.142822265625,5306
2019-11-26,1266.4285888671875,1282.142822265625,1263.5714111328125,1268.9642333984375,3927
2019-11-27,1278.5714111328125,1292.857177734375,1265.7142333984375,1277.0714111328125,5504
2019-11-28,1270.25,1278.5714111328125,1257.142822265625,1264.0714111328125,8117
2019-11-29,1271.357177734375,1278.5714111328125,1262.142822265625,1266.75,7921
2019-12-02,1270.0,1277.857177734375,1266.7857666015625,1270.0357666015625,3806
2019-12-03,1270.0357666015625,1270.9285888671875,1261.4285888671875,1265.607177734375,4207
2019-12-04,1267.857177734375,1270.7142333984375,1261.7142333984375,1264.3214111328125,4103
2019-12-05,1265.0357666015625,1272.8214111328125,1221.4285888671875,1248.642822265625,4618
2019-12-06,1285.6785888671875,1285.6785888671875,1207.107177734375,1225.9285888671875,5446
2019-12-09,1259.642822265625,1260.642822265625,1214.75,1238.4285888671875,4106
2019-12-10,1265.7142333984375,1265.7142333984375,1183.3214111328125,1230.107177734375,5002
2019-12-11,1246.392822265625,1246.392822265625,1220.9285888671875,1226.5357666015625,4155
2019-12-12,1233.9285888671875,1233.9285888671875,1211.4285888671875,1219.0357666015625,4625
2019-12-13,1277.857177734375,1277.857177734375,1214.357177734375,1229.7857666015625,4655
2019-12-16,1278.5714111328125,1278.5714111328125,1208.4642333984375,1226.4642333984375,4058
2019-12-17,1269.2857666015625,1269.2857666015625,1214.2857666015625,1225.607177734375,4418
2019-12-18,1238.2142333984375,1263.357177734375,1227.142822265625,1236.5,4440
2019-12-19,1256.4285888671875,1256.4285888671875,1222.142822265625,1228.9285888671875,3936
2019-12-20,1257.857177734375,1277.857177734375,1222.142822265625,1256.9642333984375,4244
2019-12-23,1277.857177734375,1277.857177734375,1214.2857666015625,1217.857177734375,5899
2019-12-24,1247.142822265625,1267.7857666015625,1220.7142333984375,1240.607177734375,4397
2019-12-26,1260.7142333984375,1260.7142333984375,1227.3214111328125,1243.857177734375,5359
2019-12-27,1266.4285888671875,1274.9642333984375,1242.857177734375,1265.142822265625,4705
2019-12-30,1264.2857666015625,1292.4285888671875,1236.4285888671875,1263.6785888671875,20781
2019-12-31,1287.5,1287.857177734375,1256.0357666015625,1273.8214111328125,4502
2020-01-01,1288.5714111328125,1288.5714111328125,1271.4285888671875,1275.2857666015625,4779
2020-01-02,1288.5,1288.5714111328125,1278.5714111328125,1284.75,4659
2020-01-03,1314.4285888671875,1314.4285888671875,1250.357177734375,1258.9285888671875,10339
2020-01-06,1281.7857666015625,1281.7857666015625,1219.2857666015625,1241.5357666015625,5016
2020-01-07,1280.6785888671875,1280.6785888671875,1239.2857666015625,1244.4642333984375,4545
2020-01-08,1256.0714111328125,1256.0714111328125,1235.9285888671875,1240.7857666015625,4085
2020-01-09,1257.107177734375,1267.857177734375,1245.7142333984375,1256.5357666015625,4484
2020-01-10,1278.2142333984375,1278.2142333984375,1253.5714111328125,1257.642822265625,4781
2020-01-13,1277.142822265625,1277.142822265625,1240.0,1259.3214111328125,3549
2020-01-14,1276.4285888671875,1292.0714111328125,1276.4285888671875,1282.1785888671875,4305
2020-01-15,1285.7142333984375,1308.4642333984375,1273.25,1291.5,7264
2020-01-16,1307.142822265625,1321.392822265625,1277.892822265625,1284.5714111328125,23639
2020-01-17,1277.857177734375,1285.7142333984375,1267.857177734375,1274.5714111328125,7966
2020-01-20,1282.0714111328125,1282.0714111328125,1257.142822265625,1262.8214111328125,3917
2020-01-21,1285.0,1285.0,1244.9642333984375,1257.2142333984375,3887
2020-01-22,1285.7142333984375,1285.7142333984375,1264.2857666015625,1268.142822265625,11207
2020-01-23,1277.5,1278.5714111328125,1269.2857666015625,1278.0,4904
2020-01-24,1285.7142333984375,1285.7142333984375,1250.0357666015625,1274.1785888671875,6062
2020-01-27,1278.2142333984375,1278.5714111328125,1270.0,1274.3214111328125,12061
2020-01-28,1278.5357666015625,1285.7142333984375,1267.857177734375,1274.5357666015625,4106
2020-01-29,1278.5714111328125,1278.5714111328125,1264.892822265625,1267.2857666015625,3633
2020-01-30,1278.5714111328125,1278.5714111328125,1258.607177734375,1267.3214111328125,3630
2020-01-31,1283.5714111328125,1283.5714111328125,1261.2142333984375,1266.75,3740
2020-02-03,1274.642822265625,1274.642822265625,1242.857177734375,1260.5714111328125,3547
2020-02-04,1214.357177734375,1274.25,1214.357177734375,1254.5,3540
2020-02-05,1281.4285888671875,1281.4285888671875,1215.7142333984375,1231.0357666015625,5121
2020-02-06,1272.142822265625,1272.142822265625,1221.4642333984375,1249.75,3640
2020-02-07,1264.2857666015625,1267.857177734375,1245.0,1263.142822265625,3612
2020-02-10,1282.142822265625,1282.142822265625,1222.142822265625,1248.1785888671875,3477
2020-02-11,1271.0714111328125,1292.857177734375,1257.142822265625,1282.7857666015625,6547
2020-02-12,1288.5714111328125,1288.5714111328125,1242.892822265625,1252.3214111328125,4013
2020-02-13,1275.7142333984375,1294.107177734375,1235.7142333984375,1246.4642333984375,7761
2020-02-14,1259.9285888671875,1275.0,1214.2857666015625,1260.357177734375,7275
2020-02-17,1271.4285888671875,1271.4285888671875,1236.4285888671875,1256.7857666015625,4113
2020-02-18,1262.142822265625,1262.142822265625,1242.142822265625,1243.392822265625,3575
2020-02-19,1260.0,1261.5357666015625,1232.25,1247.6785888671875,6412
2020-02-20,1256.4285888671875,1256.4285888671875,1219.2857666015625,1223.8214111328125,8709
2020-02-24,1246.4285888671875,1250.8214111328125,1203.5714111328125,1211.107177734375,7144
2020-02-25,1235.0,1235.7142333984375,1210.7142333984375,1213.5357666015625,10151
2020-02-26,1214.2857666015625,1224.2142333984375,1165.0,1181.75,8734
2020-02-27,1191.4285888671875,1214.2857666015625,1190.0,1213.5,5294
2020-02-28,1207.142822265625,1207.142822265625,1128.5714111328125,1144.6785888671875,4873
2020-03-02,1214.2857666015625,1214.2857666015625,1110.4642333984375,1152.5714111328125,5615
2020-03-03,1192.857177734375,1192.857177734375,1118.607177734375,1139.857177734375,3635
2020-03-04,1177.142822265625,1189.1785888671875,1130.0,1132.392822265625,18061
2020-03-05,1156.392822265625,1156.392822265625,1119.5,1142.7857666015625,7576
2020-03-06,1142.857177734375,1142.857177734375,1071.4285888671875,1092.8214111328125,9581
2020-03-09,1114.25,1114.25,1050.0,1080.9285888671875,12021
2020-03-11,1060.7142333984375,1095.7142333984375,1000.0,1066.107177734375,4461
2020-03-12,1064.2857666015625,1070.2857666015625,857.8928833007812,1006.4285888671875,7134
2020-03-13,1012.1071166992188,1107.1785888671875,978.6071166992188,1050.142822265625,4288
2020-03-16,1062.107177734375,1069.2857666015625,1007.1428833007812,1032.392822265625,4631
2020-03-17,1032.392822265625,1071.4285888671875,957.8571166992188,965.9642944335938,6507
2020-03-18,1031.4285888671875,1031.4285888671875,863.5714111328125,883.3571166992188,4530
2020-03-19,978.5,978.5,803.5714111328125,853.0,4548
2020-03-20,928.5357055664062,928.5357055664062,821.4285888671875,828.7857055664062,10535
2020-03-23,786.4285888671875,817.8571166992188,663.0357055664062,665.6428833007812,3652
2020-03-24,678.6071166992188,688.1428833007812,658.2142944335938,662.5,1204
2020-03-25,714.25,714.2857055664062,651.4285888671875,692.5714111328125,1510
2020-03-26,739.2857055664062,753.5714111328125,707.1428833007812,744.6428833007812,6945
2020-03-27,771.0714111328125,818.3571166992188,714.2857055664062,743.0,18295
2020-03-30,750.0,803.5,714.2857055664062,735.75,527
2020-03-31,806.4285888671875,806.4285888671875,771.4285888671875,803.3571166992188,1170
2020-04-01,857.1071166992188,857.1071166992188,828.5714111328125,835.9285888671875,1486
2020-04-03,835.7142944335938,835.7142944335938,800.7142944335938,813.0,392
2020-04-07,849.25,874.2857055664062,821.3928833007812,857.0,827
2020-04-08,857.1785888671875,882.1785888671875,839.1785888671875,851.0,1117
2020-04-09,858.0714111328125,892.1428833007812,842.8571166992188,862.8571166992188,1328
2020-04-13,867.8928833007812,871.4285888671875,835.7142944335938,845.7142944335938,698
2020-04-15,850.0,891.1785888671875,832.1428833007812,880.4285888671875,2413
2020-04-16,857.1785888671875,910.7142944335938,850.0,896.7857055664062,1135
2020-04-17,927.1071166992188,1075.0,925.75,988.8928833007812,2959
2020-04-20,1114.2857666015625,1114.2857666015625,1001.4642944335938,1011.6785888671875,3109
2020-04-21,1045.0,1045.0,931.2857055664062,949.6071166992188,982
2020-04-22,950.7142944335938,997.1428833007812,865.1785888671875,976.5714111328125,450
2020-04-23,1027.142822265625,1027.142822265625,975.7142944335938,986.0714111328125,302
2020-04-24,946.4285888671875,992.8571166992188,932.1428833007812,950.0714111328125,362
2020-04-27,967.8571166992188,982.1428833007812,935.7142944335938,944.75,239
2020-04-28,970.6785888671875,970.6785888671875,929.2857055664062,944.1071166992188,222
2020-04-29,946.4285888671875,1034.2857666015625,942.8571166992188,968.9642944335938,443
2020-04-30,964.3214111328125,985.0,957.1785888671875,969.7857055664062,841
2020-05-04,942.8571166992188,942.8928833007812,857.1428833007812,906.0,1549
2020-05-05,907.1428833007812,924.9642944335938,875.0,888.5,312
2020-05-06,875.0,907.8571166992188,875.0,897.9642944335938,305
2020-05-07,902.8214111328125,907.1428833007812,896.4285888671875,904.1785888671875,205
2020-05-08,897.1785888671875,897.1785888671875,885.7142944335938,891.2142944335938,56
2020-05-11,897.1428833007812,920.7142944335938,882.1428833007812,895.4642944335938,345
2020-05-12,885.75,885.75,871.4285888671875,879.9642944335938,193
2020-05-13,935.6785888671875,935.7142944335938,890.0714111328125,899.3214111328125,492
2020-05-14,899.9642944335938,899.9642944335938,886.4285888671875,891.75,78
2020-05-15,892.1071166992188,1070.0,890.7142944335938,948.75,1463
2020-05-18,954.3928833007812,955.7142944335938,919.6428833007812,935.0,855
2020-05-19,935.75,936.4642944335938,892.8928833007812,896.3214111328125,295
2020-05-20,894.3214111328125,925.0357055664062,879.9285888671875,902.4285888671875,6172
2020-05-21,945.5714111328125,945.5714111328125,907.1071166992188,935.7142944335938,539
2020-05-22,939.2857055664062,964.2857055664062,896.4285888671875,927.3214111328125,915
2020-05-26,950.0357055664062,970.7142944335938,915.6785888671875,941.2142944335938,1020
2020-05-27,953.5714111328125,953.5714111328125,916.8571166992188,941.1071166992188,1041
2020-05-28,948.6071166992188,953.5714111328125,928.5357055664062,937.9642944335938,1174
2020-05-29,949.9642944335938,953.5714111328125,930.7142944335938,947.6428833007812,747
2020-06-01,970.6785888671875,977.5357055664062,931.1428833007812,943.5357055664062,883
2020-06-02,946.3928833007812,982.1428833007812,938.5714111328125,964.9642944335938,1012
2020-06-03,985.7142944335938,985.7142944335938,957.8928833007812,966.5357055664062,1860
2020-06-04,1019.9642944335938,1019.9642944335938,961.6071166992188,978.9642944335938,3781
2020-06-05,991.2857055664062,991.2857055664062,972.1428833007812,978.2142944335938,3661
2020-06-08,999.25,1053.5714111328125,982.1428833007812,992.8571166992188,3239
2020-06-09,1031.3214111328125,1031.4285888671875,982.8571166992188,985.1071166992188,1880
2020-06-10,991.3928833007812,992.7857055664062,975.0714111328125,982.2857055664062,1615
2020-06-11,995.6785888671875,1031.4285888671875,964.2857055664062,970.4285888671875,533
2020-06-12,958.6071166992188,971.4285888671875,943.5714111328125,966.8928833007812,240
2020-06-15,944.3214111328125,966.3571166992188,934.1785888671875,949.5,196
2020-06-16,970.0357055664062,978.5714111328125,954.2857055664062,970.5714111328125,256
2020-06-17,992.8571166992188,992.8571166992188,953.5714111328125,957.0357055664062,2056
2020-06-18,970.0357055664062,971.4285888671875,952.8571166992188,959.1785888671875,1831
2020-06-19,957.1071166992188,970.0357055664062,950.0,960.3214111328125,788
2020-06-22,969.9642944335938,980.6785888671875,951.3928833007812,973.3571166992188,655
2020-06-23,988.5357055664062,988.5357055664062,961.1428833007812,982.6428833007812,2175
2020-06-24,991.3571166992188,1000.0,951.4285888671875,965.8928833007812,2618
2020-06-25,969.3214111328125,979.2857055664062,965.0,975.75,599
2020-06-26,972.1785888671875,1015.0,971.3571166992188,1002.3571166992188,2333
2020-06-29,1014.25,1014.25,946.8571166992188,991.9285888671875,1279
2020-06-30,964.3571166992188,992.8571166992188,964.3571166992188,967.2142944335938,333
2020-07-01,957.8571166992188,992.1428833007812,957.8571166992188,972.25,658
2020-07-02,978.9285888671875,992.8571166992188,965.7142944335938,985.6785888671875,459
2020-07-03,984.3214111328125,992.8571166992188,966.4285888671875,979.5714111328125,460
2020-07-06,985.6785888671875,992.8571166992188,975.0,983.4642944335938,1885
2020-07-07,961.1428833007812,988.5357055664062,961.1428833007812,985.0714111328125,642
2020-07-08,989.2857055664062,1006.9285888671875,974.2857055664062,993.1785888671875,8038
2020-07-09,995.75,1013.5714111328125,985.7142944335938,993.5714111328125,1498
2020-07-10,985.8571166992188,1000.0,985.7142944335938,986.5357055664062,952
2020-07-13,995.0,1000.0,966.4642944335938,993.0357055664062,744
2020-07-14,972.1785888671875,982.1785888671875,959.7142944335938,973.2142944335938,1108
2020-07-15,992.1785888671875,1067.857177734375,973.2857055664062,1022.25,4790
2020-07-16,1028.5714111328125,1050.0,1007.0714111328125,1026.0714111328125,1611
2020-07-17,1022.25,1042.857177734375,1014.25,1027.357177734375,403
2020-07-20,1025.0357666015625,1033.9285888671875,1007.1428833007812,1020.5357055664062,2373
2020-07-21,1028.5,1035.0,1015.0357055664062,1028.0,499
2020-07-22,1045.0,1045.0,1003.5714111328125,1009.4642944335938,721
2020-07-23,1007.8571166992188,1032.142822265625,1007.1428833007812,1016.25,527
2020-07-24,1021.4642944335938,1028.857177734375,1010.7142944335938,1022.4285888671875,553
2020-07-27,1022.4285888671875,1042.7857666015625,981.4285888671875,992.1785888671875,1519
2020-07-28,1015.8571166992188,1134.2857666015625,996.4285888671875,1097.0357666015625,6036
2020-07-29,1128.4285888671875,1142.857177734375,1071.4285888671875,1114.607177734375,5082
2020-07-30,1134.2857666015625,1134.2857666015625,1101.4285888671875,1108.357177734375,1625
2020-07-31,1139.2857666015625,1139.2857666015625,1100.0,1109.2857666015625,845
2020-08-03,1134.2142333984375,1134.2142333984375,1085.6785888671875,1104.357177734375,1512
2020-08-04,1127.857177734375,1139.25,1107.107177734375,1111.357177734375,268
2020-08-05,1128.5357666015625,1128.5357666015625,1103.5714111328125,1107.892822265625,219
2020-08-06,1119.25,1119.25,1054.0,1087.75,2408
2020-08-07,1100.0,1120.7142333984375,1060.7142333984375,1073.107177734375,2531
2020-08-10,1091.392822265625,1092.8214111328125,1064.2857666015625,1068.7857666015625,1425
2020-08-11,1088.9285888671875,1088.9285888671875,1065.0,1069.642822265625,753
2020-08-12,1078.5714111328125,1079.2857666015625,1064.2857666015625,1068.4285888671875,288
2020-08-13,1084.9642333984375,1085.75,1028.7142333984375,1049.75,2779
2020-08-14,1060.7142333984375,1063.5714111328125,1049.892822265625,1053.3214111328125,785
2020-08-17,1077.107177734375,1085.7142333984375,1042.9285888671875,1065.9285888671875,677
2020-08-18,1071.4285888671875,1082.107177734375,1035.7142333984375,1047.5357666015625,3297
2020-08-19,1064.2857666015625,1104.2857666015625,1058.5714111328125,1072.9642333984375,2812
2020-08-20,1078.5357666015625,1087.857177734375,1071.4285888671875,1077.607177734375,669
2020-08-21,1087.107177734375,1120.0,1074.2857666015625,1104.9285888671875,1943
2020-08-24,1121.0714111328125,1150.0,1089.2857666015625,1126.5,3068
2020-08-25,1142.142822265625,1147.8214111328125,1109.9285888671875,1125.357177734375,2070
2020-08-26,1125.0,1142.8214111328125,1121.892822265625,1131.5357666015625,1390
2020-08-27,1141.4285888671875,1150.7142333984375,1135.7142333984375,1140.142822265625,2205
2020-08-28,1149.2857666015625,1160.7142333984375,1135.6785888671875,1160.3214111328125,6668
2020-08-31,1157.142822265625,1160.5714111328125,1121.4285888671875,1136.107177734375,3502
2020-09-01,1170.7142333984375,1170.7142333984375,1130.0,1139.9642333984375,550
2020-09-02,1146.4642333984375,1149.2857666015625,1135.7142333984375,1146.75,1992
2020-09-03,1135.9285888671875,1160.7142333984375,1125.892822265625,1153.8214111328125,5041
2020-09-04,1153.8214111328125,1153.8214111328125,1118.5714111328125,1138.25,5832
2020-09-07,1135.75,1139.2857666015625,1118.5714111328125,1121.4642333984375,2123
2020-09-08,1135.7142333984375,1135.7142333984375,1110.7142333984375,1113.6785888671875,2024
2020-09-09,1114.3214111328125,1143.5714111328125,1089.3214111328125,1126.2857666015625,2989
2020-09-10,1102.4642333984375,1138.0357666015625,1102.4642333984375,1125.107177734375,959
2020-09-11,1103.5357666015625,1134.25,1103.5357666015625,1131.7857666015625,5198
2020-09-14,1154.75,1196.4285888671875,1128.5714111328125,1180.9642333984375,4660
2020-09-15,1171.8214111328125,1185.642822265625,1154.2857666015625,1172.25,4096
2020-09-16,1183.9642333984375,1188.607177734375,1166.4285888671875,1171.6785888671875,337
2020-09-17,1152.607177734375,1159.392822265625,1125.892822265625,1145.142822265625,378
2020-09-18,1157.107177734375,1157.142822265625,1131.4642333984375,1138.857177734375,579
2020-09-21,1160.7142333984375,1178.5357666015625,1144.0714111328125,1157.357177734375,3155
2020-09-22,1157.357177734375,1157.357177734375,1082.5714111328125,1123.2857666015625,2546
2020-09-23,1121.392822265625,1142.0714111328125,1089.2857666015625,1104.107177734375,884
2020-09-24,1112.892822265625,1112.892822265625,1072.857177734375,1078.6785888671875,3826
2020-09-25,1107.1785888671875,1107.1785888671875,1083.6785888671875,1102.0,4732
2020-09-28,1100.7142333984375,1138.4642333984375,1100.7142333984375,1121.7142333984375,3073
2020-09-29,1127.857177734375,1138.0,1097.107177734375,1121.4642333984375,4809
2020-09-30,1115.6785888671875,1128.607177734375,1105.75,1108.892822265625,485
2020-10-01,1128.5714111328125,1150.0,1128.5714111328125,1145.7142333984375,2030
2020-10-05,1143.5714111328125,1150.0,1132.607177734375,1146.7857666015625,446
2020-10-06,1147.892822265625,1147.892822265625,1123.607177734375,1131.392822265625,287
2020-10-07,1149.25,1168.5714111328125,1140.0357666015625,1167.0357666015625,2521
2020-10-08,1159.357177734375,1164.2857666015625,1147.107177734375,1152.2857666015625,348
2020-10-09,1171.357177734375,1171.357177734375,1144.2857666015625,1153.5357666015625,214
2020-10-12,1149.3214111328125,1157.142822265625,1117.607177734375,1134.892822265625,793
2020-10-13,1121.4642333984375,1154.25,1121.4642333984375,1141.357177734375,379
2020-10-14,1117.892822265625,1142.7857666015625,1115.0357666015625,1122.7857666015625,371
2020-10-15,1153.5714111328125,1165.6785888671875,1110.7142333984375,1148.9642333984375,7914
2020-10-16,1171.392822265625,1171.4285888671875,1142.8214111328125,1153.5,1292
2020-10-19,1162.8214111328125,1162.8214111328125,1122.142822265625,1143.5714111328125,1535
2020-10-20,1153.5714111328125,1189.5,1142.8214111328125,1153.9642333984375,676
2020-10-21,1171.4285888671875,1178.5714111328125,1160.7142333984375,1172.5714111328125,1013
2020-10-22,1174.3214111328125,1257.142822265625,1160.7142333984375,1245.642822265625,2664
2020-10-23,1262.857177734375,1421.4285888671875,1244.357177734375,1395.1785888671875,13169
2020-10-26,1425.0,1514.2857666015625,1421.4285888671875,1456.4642333984375,16921
2020-10-27,1457.142822265625,1470.357177734375,1414.2857666015625,1462.7857666015625,15187
2020-10-28,1464.2857666015625,1464.2857666015625,1360.7142333984375,1370.1785888671875,5915
2020-10-29,1328.607177734375,1404.2857666015625,1317.857177734375,1351.8214111328125,2142
2020-10-30,1347.142822265625,1392.857177734375,1347.142822265625,1357.607177734375,1038
2020-11-02,1392.142822265625,1392.142822265625,1325.0,1353.4285888671875,621
2020-11-03,1428.5714111328125,1500.0,1392.857177734375,1405.892822265625,10042
2020-11-04,1425.0,1446.7857666015625,1396.7857666015625,1408.5357666015625,2079
2020-11-05,1409.2857666015625,1435.142822265625,1385.7142333984375,1401.892822265625,3298
2020-11-06,1414.2857666015625,1428.5714111328125,1400.8214111328125,1413.9285888671875,3764
2020-11-09,1414.2857666015625,1462.857177734375,1414.2857666015625,1447.0714111328125,11974
2020-11-10,1447.1785888671875,1462.857177734375,1443.642822265625,1453.8214111328125,8647
2020-11-11,1462.857177734375,1462.857177734375,1343.607177734375,1405.5,10108
2020-11-12,1428.142822265625,1485.7142333984375,1414.357177734375,1426.0,10476
2020-11-13,1440.7142333984375,1454.2857666015625,1418.607177734375,1449.892822265625,5752
2020-11-14,1478.5714111328125,1482.142822265625,1428.607177734375,1442.2857666015625,3495
2020-11-17,1467.5,1474.2857666015625,1428.5714111328125,1443.4642333984375,4530
2020-11-18,1443.5,1464.2857666015625,1438.5714111328125,1453.0357666015625,10164
2020-11-19,1453.0357666015625,1469.2857666015625,1433.5714111328125,1444.107177734375,9895
2020-11-20,1444.142822265625,1464.2857666015625,1422.2857666015625,1443.9642333984375,6697
2020-11-23,1443.9642333984375,1469.9642333984375,1441.107177734375,1451.6785888671875,2336
2020-11-24,1467.8214111328125,1587.142822265625,1435.7142333984375,1573.5,13003
2020-11-25,1589.2857666015625,1599.9642333984375,1524.75,1536.392822265625,10194
2020-11-26,1537.857177734375,1564.2857666015625,1503.5714111328125,1537.5,12635
2020-11-27,1562.142822265625,1562.142822265625,1522.2142333984375,1532.642822265625,1969
2020-12-01,1555.7142333984375,1564.2857666015625,1519.2857666015625,1537.892822265625,3757
2020-12-02,1540.3214111328125,1555.0357666015625,1537.892822265625,1543.107177734375,2913
2020-12-03,1543.142822265625,1559.1785888671875,1539.5,1542.75,3197
2020-12-04,1546.4285888671875,1571.4285888671875,1532.142822265625,1542.392822265625,5339
2020-12-07,1556.3214111328125,1587.142822265625,1542.392822265625,1564.75,3710
2020-12-08,1570.0,1578.5714111328125,1557.142822265625,1561.107177734375,4705
2020-12-09,1560.7142333984375,1728.5714111328125,1553.892822265625,1656.7142333984375,19160
2020-12-10,1678.5714111328125,1764.2857666015625,1658.5714111328125,1755.4285888671875,16475
2020-12-11,1775.0,1775.0,1703.5714111328125,1724.8214111328125,21672
2020-12-14,1746.4285888671875,1771.392822265625,1707.142822265625,1760.0357666015625,6308
2020-12-15,1764.2857666015625,1822.142822265625,1695.642822265625,1814.1785888671875,12622
2020-12-16,1842.857177734375,1842.857177734375,1778.607177734375,1791.392822265625,3932
2020-12-17,1803.5714111328125,1807.142822265625,1770.2857666015625,1796.0357666015625,3502
2020-12-18,1799.2857666015625,1801.892822265625,1758.7142333984375,1771.0714111328125,2718
2020-12-21,1778.5714111328125,1807.142822265625,1710.4642333984375,1729.5357666015625,15898
2020-12-22,1738.0714111328125,1777.107177734375,1603.607177734375,1677.2857666015625,18125
2020-12-23,1687.2142333984375,1771.4285888671875,1687.2142333984375,1760.392822265625,15444
2020-12-24,1767.857177734375,1819.9642333984375,1759.6785888671875,1794.4285888671875,18639
2020-12-28,1885.5,2063.357177734375,1857.392822265625,2017.607177734375,59066
2020-12-29,2060.71435546875,2100.71435546875,2039.2857666015625,2053.678466796875,34902
2020-12-30,2077.857177734375,2089.28564453125,2018.0,2034.5357666015625,26576
2020-12-31,2330.0,2330.0,2062.35009765625,2088.60009765625,44981
2021-01-01,2108.85009765625,2125.0,2060.0,2066.35009765625,11993
2021-01-04,2060.0,2070.0,1969.0999755859375,1987.25,13581
2021-01-05,1989.0,1989.0,1950.0,1956.699951171875,12256
2021-01-06,1931.199951171875,2021.0,1931.199951171875,1961.550048828125,11487
2021-01-07,1965.0,1995.0,1960.0,1974.949951171875,10553
2021-01-08,1975.0,1999.0,1961.0,1987.4000244140625,13838
2021-01-11,1999.699951171875,2007.949951171875,1955.0,1964.050048828125,11984
2021-01-12,1967.0,1970.0,1906.3499755859375,1949.949951171875,9157
2021-01-13,1980.0,1980.0,1915.0,1936.0,5249
2021-01-14,1960.0,1960.0,1866.3499755859375,1928.9000244140625,4939
2021-01-15,1903.0,1932.0,1890.0,1903.6500244140625,8005
2021-01-18,1919.0,1925.949951171875,1900.0,1904.050048828125,4608
2021-01-19,1910.0,1959.800048828125,1875.0,1894.6500244140625,8051
2021-01-20,1924.9000244140625,1924.9000244140625,1858.0,1881.199951171875,6932
2021-01-21,1909.0,1910.0,1831.0,1845.8499755859375,6234
2021-01-22,1840.0,1845.800048828125,1801.3499755859375,1810.6500244140625,3388
2021-01-25,1835.0,1879.6500244140625,1823.6500244140625,1850.1500244140625,4768
2021-01-27,1851.0,1857.0,1775.9000244140625,1793.1500244140625,3914
2021-01-28,1794.0,1809.3499755859375,1756.6500244140625,1783.800048828125,4538
2021-01-29,1790.0,1820.0,1770.0999755859375,1782.8499755859375,4614
2021-02-01,1791.5999755859375,1820.0,1780.0,1802.8499755859375,3774
2021-02-02,1802.8499755859375,1920.0,1802.8499755859375,1897.75,6921
2021-02-03,1906.6500244140625,1945.0,1899.0,1927.300048828125,9456
2021-02-04,1950.0,1950.050048828125,1925.0,1928.699951171875,6724
2021-02-05,1950.0,1950.0,1915.0,1921.3499755859375,6080
2021-02-08,1930.949951171875,1943.0,1918.199951171875,1927.4000244140625,4652
2021-02-09,1942.0,1950.0,1915.0,1918.199951171875,4176
2021-02-10,1935.0,1940.0,1880.699951171875,1896.0999755859375,3857
2021-02-11,1900.0,1930.0,1823.550048828125,1902.25,4115
2021-02-12,1885.0,1914.5999755859375,1880.0,1897.0,4065
2021-02-15,1930.0,1930.0,1890.050048828125,1896.449951171875,3579
2021-02-16,1915.0,1915.0,1869.0999755859375,1902.800048828125,4332
2021-02-17,1902.800048828125,1902.800048828125,1874.199951171875,1882.3499755859375,3465
2021-02-18,1900.0,1905.25,1864.75,1890.0,3613
2021-02-19,1900.0,1955.0,1879.949951171875,1906.5,5114
2021-02-22,1906.449951171875,1910.0,1765.949951171875,1817.199951171875,4657
2021-02-23,1858.0,1896.4000244140625,1850.0,1878.050048828125,12515
2021-02-24,1920.050048828125,1920.050048828125,1864.0999755859375,1895.4000244140625,3571
2021-02-25,1925.0,1938.800048828125,1875.050048828125,1892.25,4853
2021-02-26,1875.0,1920.8499755859375,1875.0,1895.3499755859375,8046
2021-03-01,1895.3499755859375,1929.550048828125,1888.6500244140625,1905.1500244140625,4199
2021-03-02,1914.0,1936.949951171875,1877.5999755859375,1909.449951171875,3761
2021-03-03,1919.5,1935.800048828125,1902.050048828125,1927.0,3574
2021-03-04,1927.0,1984.949951171875,1915.0,1952.0999755859375,6745
2021-03-05,1952.0999755859375,1960.050048828125,1904.949951171875,1910.5999755859375,5986
2021-03-08,1950.0,1960.050048828125,1911.6500244140625,1923.050048828125,13517
2021-03-09,1945.0,1948.0,1900.0,1910.050048828125,7054
2021-03-10,1931.949951171875,1935.550048828125,1868.449951171875,1874.4000244140625,6736
2021-03-12,1908.8499755859375,1908.8499755859375,1828.050048828125,1835.5,5252
2021-03-15,1845.199951171875,1863.8499755859375,1759.050048828125,1763.75,6092
2021-03-16,1773.0,1773.0,1701.050048828125,1712.449951171875,15546
2021-03-17,1721.5,1780.0,1702.0,1713.3499755859375,8229
2021-03-18,1701.0,1719.0,1685.0,1702.300048828125,9256
2021-03-19,1700.0,1730.0,1658.550048828125,1704.25,6457
2021-03-22,1700.0,1700.0,1670.0,1672.9000244140625,3522
2021-03-23,1703.4000244140625,1703.4000244140625,1566.550048828125,1652.699951171875,4437
2021-03-24,1661.4000244140625,1661.4000244140625,1601.800048828125,1629.050048828125,5516
2021-03-25,1630.0,1630.0,1589.5999755859375,1597.8499755859375,4931
2021-03-26,1606.300048828125,1650.0,1587.5999755859375,1598.800048828125,3980
2021-03-30,1607.199951171875,1620.5,1536.0,1567.449951171875,20653
2021-03-31,1610.0,1610.0,1565.199951171875,1579.5,4310
2021-04-01,1674.0,1699.0,1611.0,1693.0,5635
2021-04-05,1712.0,1712.0,1640.0,1657.300048828125,3302
2021-04-06,1694.0,1700.0,1666.0,1695.3499755859375,3189
2021-04-07,1695.3499755859375,1714.8499755859375,1680.0,1705.6500244140625,2694
2021-04-08,1717.800048828125,1740.0,1700.0,1731.5999755859375,3202
2021-04-09,1740.6500244140625,1763.949951171875,1704.8499755859375,1707.3499755859375,3343
2021-04-12,1726.9000244140625,1726.9000244140625,1616.0,1630.9000244140625,3455
2021-04-13,1674.0,1698.8499755859375,1665.0,1683.9000244140625,2996
2021-04-15,1708.8499755859375,1724.050048828125,1663.0,1704.9000244140625,2858
2021-04-16,1710.050048828125,1710.0999755859375,1680.0999755859375,1689.5,1992
2021-04-19,1675.0,1700.0,1620.5999755859375,1659.449951171875,2742
2021-04-20,1690.0,1690.0,1640.0,1651.0999755859375,3050
2021-04-22,1665.050048828125,1665.050048828125,1644.0,1647.800048828125,2507
2021-04-23,1665.0,1701.8499755859375,1650.0,1673.75,8457
2021-04-26,1689.0,1705.0,1659.0,1697.75,12031
2021-04-27,1700.0,1700.050048828125,1672.9000244140625,1690.1500244140625,4645
2021-04-28,1700.0,1701.1500244140625,1680.0,1694.050048828125,10423
2021-04-29,1681.050048828125,1700.0,1680.0,1689.4000244140625,35291
2021-04-30,1730.0,1730.0,1660.0,1683.5,25834
2021-05-03,1720.0,1725.0,1650.0,1676.050048828125,26409
2021-05-04,1681.949951171875,1689.800048828125,1664.9000244140625,1674.75,24830
2021-05-05,1689.0,1691.3499755859375,1673.9000244140625,1687.550048828125,66919
2021-05-06,1689.949951171875,1689.949951171875,1675.800048828125,1681.8499755859375,58145
2021-05-07,1590.0,1690.0,1589.949951171875,1688.3499755859375,61318
2021-05-10,1698.9000244140625,1698.9000244140625,1670.0,1685.199951171875,120074
2021-05-11,1687.5999755859375,1690.0,1680.0,1685.5999755859375,261467
2021-05-12,1689.949951171875,1690.0,1640.0,1662.050048828125,191804
2021-05-14,1662.050048828125,1690.050048828125,1633.949951171875,1669.550048828125,189395
2021-05-17,1698.9000244140625,1698.9000244140625,1667.0999755859375,1687.3499755859375,53936
2021-05-18,1690.0,1690.0,1684.699951171875,1689.800048828125,4820
2021-05-19,1689.8499755859375,1690.0,1685.0,1689.75,3192
2021-05-20,1705.0,1711.800048828125,1680.1500244140625,1689.1500244140625,3638
2021-05-21,1689.199951171875,1690.0,1683.050048828125,1686.5,3610
2021-05-24,1690.0,1690.0,1644.5999755859375,1675.9000244140625,5722
2021-05-25,1687.300048828125,1688.75,1668.550048828125,1686.5999755859375,2274
2021-05-26,1680.949951171875,1690.1500244140625,1671.550048828125,1687.8499755859375,4188
2021-05-27,1690.0,1699.0,1651.0,1684.75,9832
2021-05-28,1689.199951171875,1690.0,1678.0,1688.4000244140625,2976
2021-05-31,1660.0,1690.0,1660.0,1689.4000244140625,6783
2021-06-01,1690.0,1690.0,1676.0,1689.8499755859375,3792
2021-06-02,1689.9000244140625,1689.9000244140625,1650.0,1659.9000244140625,14453
2021-06-03,1687.0,1690.0,1675.0,1679.9000244140625,5502
2021-06-04,1680.0,1699.0,1675.050048828125,1683.0999755859375,13065
2021-06-07,1690.0,1869.9000244140625,1688.0,1831.5999755859375,92206
2021-06-08,1979.0,2176.0,1911.0,2075.5,196891
2021-06-09,2115.550048828125,2175.0,1961.050048828125,1982.550048828125,65512
2021-06-10,1986.0,2025.0,1973.1500244140625,1996.449951171875,31507
2021-06-11,1996.449951171875,2022.0,1980.0,1988.0999755859375,10751
2021-06-14,1960.0,2005.0,1926.300048828125,1959.199951171875,9860
2021-06-15,1959.0,2010.0,1939.0999755859375,1944.300048828125,17197
2021-06-16,2004.949951171875,2004.949951171875,1943.9000244140625,1966.699951171875,26731
2021-06-17,1950.0,1986.199951171875,1924.8499755859375,1946.25,5690
2021-06-18,1965.0,1967.0,1873.949951171875,1935.949951171875,12251
2021-06-21,1880.0,2037.0,1880.0,1965.9000244140625,13462
2021-06-22,1978.0,1985.8499755859375,1965.9000244140625,1975.6500244140625,5596
2021-06-23,1970.0,2016.0,1964.699951171875,1986.0,12490
2021-06-24,1999.0,2029.0,1985.0,1991.3499755859375,6360
2021-06-25,1991.3499755859375,2005.0,1955.0,1971.75,3704
2021-06-28,1995.0,1998.949951171875,1965.6500244140625,1977.050048828125,4355
2021-06-29,1990.0,1999.75,1960.0,1987.5999755859375,5323
2021-06-30,1984.050048828125,1984.050048828125,1915.550048828125,1945.199951171875,6047
2021-07-01,1964.550048828125,1980.0,1921.1500244140625,1928.3499755859375,8369
2021-07-02,1947.4000244140625,1947.4000244140625,1900.0,1918.6500244140625,4330
2021-07-05,1925.0,1950.0,1912.800048828125,1919.199951171875,4903
2021-07-06,1930.0,1950.0,1910.0,1934.9000244140625,7038
2021-07-07,1939.0,1946.199951171875,1925.0,1927.050048828125,2440
2021-07-08,1928.0,1938.9000244140625,1922.0,1925.199951171875,3725
2021-07-09,1920.0,1937.0999755859375,1917.0999755859375,1923.6500244140625,2589
2021-07-12,1944.1500244140625,2058.10009765625,1911.5,2003.3499755859375,17734
2021-07-13,2015.0,2050.0,2009.0,2024.8499755859375,13185
2021-07-14,2022.6500244140625,2022.6500244140625,1990.199951171875,1997.0999755859375,3193
2021-07-15,2000.5,2010.0,1990.0,1995.300048828125,5316
2021-07-16,2010.0,2042.4000244140625,1995.0,2001.699951171875,8526
2021-07-19,1980.0,2013.0,1980.0,1994.949951171875,4782
2021-07-20,2000.0,2007.050048828125,1935.0,1958.050048828125,6361
2021-07-22,1940.0,2008.949951171875,1940.0,1986.4000244140625,6369
2021-07-23,2009.9000244140625,2009.9000244140625,1956.800048828125,1969.25,4799
2021-07-26,1969.25,2002.0,1942.1500244140625,1951.199951171875,8125
2021-07-27,1973.25,1978.699951171875,1938.0,1942.4000244140625,3994
2021-07-28,1932.9000244140625,2033.699951171875,1859.300048828125,2010.800048828125,17298
2021-07-29,2008.949951171875,2026.0,1984.0,2010.300048828125,12759
2021-07-30,1979.4000244140625,2008.0,1979.4000244140625,1985.3499755859375,2064
2021-08-02,1992.75,2014.0,1971.050048828125,1990.9000244140625,5545
2021-08-03,1995.949951171875,1999.050048828125,1977.6500244140625,1986.199951171875,3662
2021-08-04,1993.5999755859375,1995.0,1949.1500244140625,1953.699951171875,4027
2021-08-05,1970.1500244140625,1970.1500244140625,1874.0,1892.0999755859375,10858
2021-08-06,1880.0,1952.6500244140625,1880.0,1948.75,3227
2021-08-09,1966.949951171875,1966.949951171875,1902.800048828125,1917.300048828125,2984
2021-08-10,1923.4000244140625,1926.0,1865.0,1890.0,1878
2021-08-11,1890.0,1898.5999755859375,1845.1500244140625,1878.5,2539
2021-08-12,1915.0,1948.5,1887.25,1906.5999755859375,2570
2021-08-13,1937.949951171875,1937.949951171875,1890.0,1897.9000244140625,2056
2021-08-16,1894.0999755859375,1913.4000244140625,1868.3499755859375,1875.6500244140625,1897
2021-08-17,1879.949951171875,1889.949951171875,1849.1500244140625,1869.0,1580
2021-08-18,1888.949951171875,1894.0,1853.0,1859.0999755859375,781
2021-08-20,1847.4000244140625,1861.550048828125,1809.0,1816.699951171875,13300
2021-08-23,1852.0999755859375,1866.25,1771.0,1785.0999755859375,14907
2021-08-24,1765.0,1824.25,1760.5,1796.0999755859375,13465
2021-08-25,1795.699951171875,1821.0,1769.949951171875,1792.3499755859375,15651
2021-08-26,1805.050048828125,1817.3499755859375,1769.949951171875,1780.300048828125,16870
2021-08-27,1799.9000244140625,1818.800048828125,1785.050048828125,1804.25,13539
2021-08-30,1849.8499755859375,1849.8499755859375,1808.8499755859375,1838.300048828125,13581
2021-08-31,1866.0,1866.0,1828.550048828125,1833.199951171875,14211
2021-09-01,1851.0,1851.0,1814.949951171875,1825.8499755859375,13871
2021-09-02,1842.6500244140625,1917.199951171875,1706.550048828125,1862.4000244140625,149210
2021-09-03,1850.0,1869.699951171875,1825.0,1834.25,25422
2021-09-06,1862.0,1862.0,1822.949951171875,1835.6500244140625,16603
2021-09-07,1849.0,1849.0,1805.550048828125,1814.800048828125,17826
2021-09-08,1818.5,1840.949951171875,1818.5,1832.0,14299
2021-09-09,1839.0,1887.0,1835.5999755859375,1877.550048828125,18264
2021-09-13,1888.0,1908.4000244140625,1878.0,1893.449951171875,14437
2021-09-14,1890.0,1901.449951171875,1851.25,1863.0999755859375,13866
2021-09-15,1889.0,1889.0,1865.0,1873.4000244140625,13583
2021-09-16,1897.949951171875,1924.75,1871.0999755859375,1888.25,19056
2021-09-17,1909.0999755859375,1916.449951171875,1861.0,1891.9000244140625,17002
2021-09-20,1855.0,1900.0,1835.0,1849.550048828125,31194
2021-09-21,1879.8499755859375,1897.9000244140625,1820.050048828125,1876.800048828125,16594
2021-09-22,1882.3499755859375,1883.0,1860.199951171875,1872.050048828125,14060
2021-09-23,1865.9000244140625,1964.050048828125,1865.0,1943.6500244140625,27357
2021-09-24,1935.0,1954.800048828125,1902.449951171875,1912.75,16287
2021-09-27,1950.0,1950.0,1888.449951171875,1892.800048828125,13783
2021-09-28,1900.1500244140625,1930.0,1880.0,1887.949951171875,14018
2021-09-29,1906.800048828125,1906.800048828125,1869.0,1885.949951171875,23450
2021-09-30,1900.0,1906.0,1886.050048828125,1896.9000244140625,13815
2021-10-01,1885.0,1934.4000244140625,1884.0999755859375,1905.1500244140625,15803
2021-10-04,1924.0,2025.0,1924.0,1994.1500244140625,22618
2021-10-05,1997.3499755859375,2018.550048828125,1950.550048828125,1972.3499755859375,19924
2021-10-06,1989.0,1989.5,1936.800048828125,1950.75,18587
2021-10-07,1972.800048828125,2007.550048828125,1961.0,1987.75,19534
2021-10-08,2010.0,2010.0,1970.0,1973.4000244140625,14617
2021-10-11,1982.4000244140625,2050.0,1974.5999755859375,2021.75,24808
2021-10-12,2021.75,2045.199951171875,1985.0999755859375,2002.9000244140625,17568
2021-10-13,2004.0,2022.0,1993.0,1997.300048828125,17118
2021-10-14,2024.949951171875,2025.0,2000.300048828125,2012.050048828125,18362
2021-10-18,2030.0,2030.0,1978.300048828125,1989.3499755859375,19491
2021-10-19,2013.800048828125,2014.300048828125,1942.0,1955.75,16540
2021-10-20,1989.949951171875,1989.949951171875,1891.550048828125,1915.449951171875,17496
2021-10-21,1936.050048828125,1936.5999755859375,1885.550048828125,1893.9000244140625,13468
2021-10-22,1931.800048828125,1931.800048828125,1846.0,1864.0999755859375,16199
2021-10-25,1888.800048828125,1888.800048828125,1835.5,1849.9000244140625,15445
2021-10-26,1886.9000244140625,1897.4000244140625,1828.5999755859375,1840.5999755859375,17511
2021-10-27,1878.0,1890.0,1842.050048828125,1874.8499755859375,13557
2021-10-28,1888.5,1895.0,1844.0,1852.5999755859375,13941
2021-10-29,1843.199951171875,1879.050048828125,1816.5999755859375,1865.3499755859375,15126
2021-11-01,1880.550048828125,1912.0,1869.5,1895.6500244140625,17279
2021-11-02,1924.0999755859375,1929.0,1877.300048828125,1906.300048828125,18075
2021-11-03,1919.050048828125,1937.75,1901.4000244140625,1908.0,18268
2021-11-04,1930.0,1930.0,1880.050048828125,1916.199951171875,4212
2021-11-08,2005.050048828125,2049.0,1960.0,1981.9000244140625,25251
2021-11-09,1996.9000244140625,1996.9000244140625,1973.050048828125,1986.3499755859375,14789
2021-11-10,1984.0,1987.800048828125,1971.0,1976.3499755859375,15808
2021-11-11,1976.3499755859375,1984.449951171875,1959.699951171875,1964.5999755859375,13854
2021-11-12,1967.0,1984.0,1958.5,1962.8499755859375,13873
2021-11-15,1999.9000244140625,1999.9000244140625,1951.050048828125,1959.3499755859375,15255
2021-11-16,1967.4000244140625,1972.0,1941.3499755859375,1950.4000244140625,14355
2021-11-17,1943.0,1968.0,1935.0,1940.1500244140625,14494
2021-11-18,1930.0,1955.0,1865.550048828125,1891.449951171875,15958
2021-11-22,1892.800048828125,1898.949951171875,1859.0,1863.949951171875,14296
2021-11-23,1825.0,1867.9000244140625,1825.0,1859.5999755859375,14527
2021-11-24,1835.0,1900.0,1835.0,1874.550048828125,14143
2021-11-25,1885.0999755859375,1997.949951171875,1851.9000244140625,1970.3499755859375,29602
2021-11-26,1940.0,1953.800048828125,1885.699951171875,1901.25,15209
2021-11-29,1915.0,2250.0,1869.6500244140625,2209.449951171875,133335
2021-11-30,2210.0,2210.0,2000.6500244140625,2035.3499755859375,43745
2021-12-01,2036.0,2084.89990234375,1975.800048828125,2025.75,24967
2021-12-02,2032.0,2060.449951171875,2001.199951171875,2019.300048828125,22805
2021-12-03,2048.0,2048.0,2009.6500244140625,2014.5999755859375,16171
2021-12-06,2068.0,2070.0,1980.0,2008.5,40629
2021-12-07,2048.0,2050.0,1998.0,2002.5,36667
2021-12-08,2019.0,2045.0,1993.0,2001.8499755859375,27837
2021-12-09,2025.0,2039.949951171875,1891.0,1904.050048828125,146085
2021-12-10,1914.0,1933.0,1870.0,1903.5999755859375,29161
2021-12-13,1929.9000244140625,1929.9000244140625,1891.0,1895.300048828125,8624
2021-12-14,1899.9000244140625,1913.0,1893.0,1900.550048828125,4088
2021-12-15,1928.0,1928.0,1886.5999755859375,1892.0999755859375,7153
2021-12-16,1914.949951171875,1915.0,1880.0,1887.0999755859375,2571
2021-12-17,1914.0,1914.0,1850.0,1861.0,3110
2021-12-20,1850.949951171875,1862.0,1801.5,1809.6500244140625,5037
2021-12-21,1829.949951171875,1834.75,1810.0,1813.9000244140625,3887
2021-12-22,1826.050048828125,1835.9000244140625,1810.4000244140625,1830.699951171875,4818
2021-12-23,1834.949951171875,1875.0,1828.0999755859375,1866.199951171875,1849
2021-12-24,1870.0,1870.0,1825.0,1832.1500244140625,2452
2021-12-27,1816.0,1850.0,1814.199951171875,1840.5,1796
2021-12-28,1840.5,1868.0,1840.5,1853.0,1819
2021-12-29,1844.5999755859375,1869.449951171875,1838.0,1840.550048828125,2301
2021-12-30,1850.0,1850.0,1831.0,1839.550048828125,979
2021-12-31,1857.9000244140625,1870.0,1850.0,1859.3499755859375,2756
2022-01-03,1860.0,1881.0,1844.800048828125,1873.5999755859375,1721
2022-01-04,1875.0,1885.0,1868.050048828125,1873.8499755859375,1614
2022-01-05,1882.5999755859375,1882.5999755859375,1866.0,1874.949951171875,2110
2022-01-06,1875.550048828125,1880.0,1864.0,1872.4000244140625,2386
2022-01-07,1871.0,2000.0,1871.0,1970.800048828125,38709
2022-01-10,1995.0,1995.0,1920.0,1930.1500244140625,8485
2022-01-11,1959.0999755859375,1959.0999755859375,1917.0,1926.9000244140625,4501
2022-01-12,1952.949951171875,1952.949951171875,1917.0999755859375,1922.25,5348
2022-01-13,1925.5,1936.0,1903.5999755859375,1917.0999755859375,5468
2022-01-14,1939.5,1939.5,1907.0,1922.300048828125,5824
2022-01-17,1930.0,1950.0,1925.0,1931.0,12167
2022-01-18,1951.0,1951.0,1898.0,1906.5,7047
2022-01-19,1890.0,1914.5,1880.0,1886.3499755859375,2906
2022-01-20,1867.0,1927.4000244140625,1867.0,1907.0,5809
2022-01-21,1914.5,1914.5,1872.0,1874.449951171875,2787
2022-01-24,1879.0,1879.0,1800.449951171875,1813.6500244140625,5741
2022-01-25,1813.0,1828.8499755859375,1779.949951171875,1815.0999755859375,5929
2022-01-27,1807.0,1839.0,1794.0,1826.050048828125,2579
2022-01-28,1839.050048828125,1885.0,1818.699951171875,1863.300048828125,3108
2022-01-31,1870.0,1875.1500244140625,1850.0,1856.050048828125,1287
2022-02-01,1869.8499755859375,1882.0999755859375,1830.0,1853.5999755859375,2425
2022-02-02,1898.0,1898.0,1857.0,1879.1500244140625,2302
2022-02-03,1892.0999755859375,1898.0,1863.5,1867.300048828125,2529
2022-02-04,1868.199951171875,1892.75,1858.75,1863.300048828125,1314
2022-02-07,1863.9000244140625,1897.449951171875,1850.0,1857.1500244140625,2004
2022-02-08,1856.4000244140625,1880.0,1841.050048828125,1861.0999755859375,3858
2022-02-09,1860.0,1880.0,1805.1500244140625,1842.75,2175
2022-02-10,1848.800048828125,1853.0,1822.699951171875,1849.5,2028
2022-02-11,1848.5,1848.5,1819.949951171875,1824.0999755859375,2682
2022-02-14,1805.0,1811.949951171875,1742.0,1751.25,4252
2022-02-15,1700.0,1795.0,1700.0,1789.300048828125,4527
2022-02-16,1799.0,1799.0,1771.0,1782.800048828125,3111
2022-02-17,1779.0,1792.0,1760.0,1765.949951171875,1912
2022-02-18,1779.949951171875,1779.949951171875,1755.0,1759.550048828125,1801
2022-02-21,1778.0,1778.0,1732.0,1733.5,1673
2022-02-22,1700.199951171875,1724.0,1680.0,1691.25,2262
2022-02-23,1710.0,1775.0,1708.0,1753.800048828125,2035
2022-02-24,1690.300048828125,1730.0,1630.0,1649.949951171875,5829
2022-02-25,1665.0,1732.0,1624.4000244140625,1697.75,3185
2022-02-28,1698.0,1710.0,1663.0999755859375,1704.800048828125,820
2022-03-02,1696.949951171875,1725.0,1679.550048828125,1701.1500244140625,1813
2022-03-03,1743.8499755859375,1746.0,1690.0,1703.1500244140625,3542
2022-03-04,1696.0,1711.0,1670.0,1689.4000244140625,5093
2022-03-07,1689.949951171875,1689.949951171875,1600.0,1616.25,3199
2022-03-08,1654.199951171875,1654.199951171875,1606.0,1630.4000244140625,1697
2022-03-09,1648.1500244140625,1738.5999755859375,1645.9000244140625,1685.050048828125,5265
2022-03-10,1743.0,1754.0,1695.0,1706.300048828125,3262
2022-03-11,1729.949951171875,1771.0,1705.25,1726.800048828125,3115
2022-03-14,1735.0,1737.0,1688.449951171875,1700.8499755859375,3716
2022-03-15,1720.800048828125,1720.800048828125,1651.550048828125,1661.550048828125,4970
2022-03-16,1707.0,1725.0,1681.0,1691.4000244140625,4892
2022-03-17,1722.050048828125,1731.4000244140625,1695.0,1700.0999755859375,5286
2022-03-21,1700.25,1739.0,1700.25,1717.5,5444
2022-03-22,1718.3499755859375,1720.0,1694.25,1704.699951171875,7217
2022-03-23,1716.0999755859375,1731.949951171875,1711.0,1714.5,7079
2022-03-24,1729.0,1741.0,1702.0999755859375,1715.5999755859375,11807
2022-03-25,1739.8499755859375,1739.8499755859375,1690.0,1695.75,4252
2022-03-28,1721.0,1721.0,1669.0,1675.4000244140625,3876
2022-03-29,1675.4000244140625,1702.550048828125,1670.5999755859375,1683.449951171875,6384
2022-03-30,1705.0,1721.550048828125,1697.300048828125,1712.0,5220
2022-03-31,1726.75,1740.0,1686.0,1694.949951171875,2719
2022-04-01,1709.949951171875,1768.0,1691.8499755859375,1748.3499755859375,3060
2022-04-04,1779.0,1825.0,1766.6500244140625,1802.050048828125,5425
2022-04-05,1860.0,1866.0,1810.0,1844.8499755859375,4254
2022-04-06,1820.0,1900.0,1813.0,1872.699951171875,5170
2022-04-07,1870.0,1933.050048828125,1858.949951171875,1869.0,5696
2022-04-08,1887.6500244140625,1909.949951171875,1854.699951171875,1863.5,5281
2022-04-11,1880.0,1899.949951171875,1858.949951171875,1879.9000244140625,2701
2022-04-12,1880.0,1880.0,1839.949951171875,1851.4000244140625,3212
2022-04-13,1879.0,1879.0,1840.0999755859375,1851.5999755859375,2402
2022-04-18,1850.949951171875,1850.949951171875,1809.6500244140625,1819.449951171875,3189
2022-04-19,1824.949951171875,1874.949951171875,1782.0,1830.699951171875,3064
2022-04-20,1845.0,1845.0,1799.8499755859375,1804.5,3159
2022-04-21,1797.0,1875.0,1797.0,1831.800048828125,3050
2022-04-22,1804.3499755859375,1825.8499755859375,1794.949951171875,1806.5999755859375,2493
2022-04-25,1795.0,1802.0,1789.1500244140625,1792.75,941
2022-04-26,1810.0,1825.0,1804.75,1805.699951171875,791
2022-04-27,1795.699951171875,1820.0,1788.5,1795.300048828125,2114
2022-04-28,1813.0,1848.0,1751.25,1807.1500244140625,3435
2022-04-29,1830.0,1849.9000244140625,1758.300048828125,1785.5999755859375,2011
2022-05-02,1810.0,1813.0,1775.0,1785.800048828125,1881
2022-05-04,1793.949951171875,1836.5999755859375,1757.0999755859375,1765.25,4047
2022-05-05,1782.8499755859375,1823.0,1782.8499755859375,1800.1500244140625,3073
2022-05-06,1780.0,1789.0999755859375,1730.3499755859375,1741.699951171875,1655
2022-05-09,1759.0,1812.0,1737.0,1788.199951171875,4902
2022-05-10,1765.0,1809.3499755859375,1765.0,1775.199951171875,1272
2022-05-11,1763.0999755859375,1774.449951171875,1668.300048828125,1706.0999755859375,1723
2022-05-12,1723.0,1730.0,1665.5,1687.6500244140625,4495
2022-05-13,1734.0,1747.0999755859375,1685.0,1696.25,2011
2022-05-16,1739.949951171875,1739.949951171875,1651.0999755859375,1675.949951171875,2759
2022-05-17,1719.0,1742.0,1690.0,1730.9000244140625,4591
2022-05-18,1736.949951171875,1774.1500244140625,1726.0,1747.300048828125,1476
2022-05-19,1701.0,1735.0,1684.0,1696.8499755859375,1987
2022-05-20,1750.0,1750.0,1699.0,1712.5,1271
2022-05-23,1710.0,1712.5,1680.0,1687.199951171875,2512
2022-05-24,1697.199951171875,1745.0,1682.9000244140625,1694.300048828125,1251
2022-05-25,1765.0,1765.0,1673.800048828125,1690.9000244140625,680
2022-05-26,1682.0,1707.0,1661.050048828125,1668.0,1614
2022-05-27,1709.0,1722.449951171875,1669.0,1686.550048828125,871
2022-05-30,1700.0,1713.0999755859375,1683.050048828125,1703.0999755859375,584
2022-05-31,1699.050048828125,1734.0,1693.0,1700.699951171875,1402
2022-06-01,1709.5,1724.949951171875,1691.8499755859375,1709.199951171875,1871
2022-06-02,1710.9000244140625,1736.0,1706.0999755859375,1722.5999755859375,1164
2022-06-03,1737.949951171875,1737.949951171875,1685.0999755859375,1693.1500244140625,1615
2022-06-06,1703.0,1724.949951171875,1688.0,1695.550048828125,841
2022-06-07,1708.0,1718.0,1670.1500244140625,1678.6500244140625,1906
2022-06-08,1691.6500244140625,1719.0,1675.1500244140625,1679.9000244140625,2747
2022-06-09,1680.0,1700.0,1680.0,1692.25,531
2022-06-10,1674.5,1694.9000244140625,1645.0,1657.0,1068
2022-06-13,1650.050048828125,1657.449951171875,1591.0999755859375,1611.4000244140625,2499
2022-06-14,1600.800048828125,1631.0,1600.0,1629.9000244140625,597
2022-06-15,1601.0,1640.0,1601.0,1633.1500244140625,814
2022-06-16,1654.0,1655.0,1595.0,1597.550048828125,1084
2022-06-17,1594.050048828125,1594.050048828125,1540.0,1555.3499755859375,1250
2022-06-20,1576.949951171875,1600.0,1510.0,1515.75,898
2022-06-21,1525.199951171875,1544.949951171875,1509.0,1527.3499755859375,1811
2022-06-22,1561.949951171875,1587.949951171875,1535.0,1538.25,1070
2022-06-23,1538.550048828125,1555.449951171875,1523.0,1532.4000244140625,436
2022-06-24,1538.0,1562.449951171875,1538.0,1559.6500244140625,285
2022-06-27,1554.0,1587.0,1554.0,1578.0999755859375,933
2022-06-28,1578.0999755859375,1588.0,1554.550048828125,1584.550048828125,264
2022-06-29,1561.0,1625.0,1561.0,1592.0999755859375,1741
2022-06-30,1596.949951171875,1651.0,1596.949951171875,1602.5999755859375,1138
2022-07-01,1594.0,1616.199951171875,1579.0,1583.550048828125,1176
2022-07-04,1599.300048828125,1622.949951171875,1582.800048828125,1591.75,476
2022-07-05,1576.0,1635.0,1560.0,1570.0,1027
2022-07-06,1582.0,1616.0,1577.050048828125,1596.25,424
2022-07-07,1612.0,1634.75,1590.0999755859375,1622.1500244140625,923
2022-07-08,1629.5,1640.0,1605.0,1623.300048828125,3337
2022-07-11,1616.0,1631.199951171875,1587.3499755859375,1613.3499755859375,3702
2022-07-12,1622.0,1626.25,1600.0,1612.6500244140625,525
2022-07-13,1627.199951171875,1670.0,1619.8499755859375,1628.550048828125,784
2022-07-14,1609.0,1641.199951171875,1577.0,1602.050048828125,4337
2022-07-15,1617.0,1625.0,1601.0,1607.550048828125,910
2022-07-18,1623.550048828125,1635.0,1604.0,1625.8499755859375,647
2022-07-19,1624.9000244140625,1640.449951171875,1612.8499755859375,1618.0,788
2022-07-20,1634.0,1641.0,1620.0,1625.199951171875,925
2022-07-21,1625.0,1638.9000244140625,1620.0,1634.4000244140625,3097
2022-07-22,1637.800048828125,1699.0,1625.0,1689.25,2705
2022-07-25,1666.050048828125,1725.050048828125,1653.5,1665.5,1890
2022-07-26,1644.0,1675.75,1640.0,1650.550048828125,948
2022-07-27,1649.0,1674.699951171875,1649.0,1655.9000244140625,2611
2022-07-28,1672.449951171875,1685.0,1665.0,1674.4000244140625,395
2022-07-29,1688.0,1688.1500244140625,1667.699951171875,1673.1500244140625,2023
2022-08-01,1689.800048828125,1715.6500244140625,1674.0999755859375,1685.449951171875,1192
2022-08-02,1702.0,1750.0,1671.0999755859375,1734.8499755859375,5832
2022-08-03,1769.0,1769.0,1700.0,1707.3499755859375,1119
2022-08-04,1707.0,1724.199951171875,1696.0,1707.699951171875,543
2022-08-05,1714.1500244140625,1730.0,1709.6500244140625,1716.6500244140625,695
2022-08-08,1732.699951171875,1749.0,1720.5,1733.1500244140625,752
2022-08-10,1750.0,1750.0,1683.0999755859375,1712.6500244140625,1639
2022-08-11,1729.5,1768.0,1711.199951171875,1746.8499755859375,5705
2022-08-12,1747.0,1747.0,1723.800048828125,1732.6500244140625,1358
2022-08-16,1749.5,1790.8499755859375,1723.550048828125,1760.199951171875,3213
2022-08-17,1788.0,1788.0,1742.1500244140625,1747.550048828125,3585
2022-08-18,1746.949951171875,1760.0,1732.0,1743.050048828125,1932
2022-08-19,1727.050048828125,1789.949951171875,1701.1500244140625,1741.699951171875,2066
2022-08-22,1759.0,1759.0,1718.0,1733.9000244140625,944
2022-08-23,1728.0,1742.0,1725.0999755859375,1737.699951171875,656
2022-08-24,1739.8499755859375,1784.050048828125,1728.050048828125,1743.449951171875,1175
2022-08-25,1758.6500244140625,1760.0,1732.0,1738.1500244140625,907
2022-08-26,1755.0,1788.0,1750.0,1779.699951171875,3892
2022-08-29,1743.550048828125,1769.25,1715.0,1758.5999755859375,2118
2022-08-30,1791.0,1791.0,1760.4000244140625,1766.1500244140625,1650
2022-09-01,1750.0,1793.4000244140625,1738.550048828125,1749.449951171875,2940
2022-09-02,1773.5,1773.5,1735.0,1753.5,2006
2022-09-05,1740.0,1787.449951171875,1730.0,1760.75,1848
2022-09-06,1784.9000244140625,1784.9000244140625,1747.0,1763.5999755859375,2084
2022-09-07,1780.949951171875,1784.0,1750.050048828125,1774.699951171875,1615
2022-09-08,1761.0999755859375,1820.3499755859375,1761.0999755859375,1781.25,3194
2022-09-09,1760.050048828125,1846.0,1760.050048828125,1831.75,3770
2022-09-12,1846.0,1857.0,1821.050048828125,1829.8499755859375,3461
2022-09-13,1845.949951171875,1875.0,1835.0,1848.300048828125,4605
2022-09-14,1808.0,2126.0,1808.0,2006.199951171875,80528
2022-09-15,2044.0,2074.800048828125,1982.699951171875,2008.300048828125,40519
2022-09-16,2028.0,2030.0,1907.0,1922.1500244140625,17117
2022-09-19,1935.0,1941.3499755859375,1855.800048828125,1890.050048828125,6950
2022-09-20,1899.949951171875,1925.050048828125,1881.0,1889.4000244140625,3635
2022-09-21,1901.0,1921.5,1880.0,1892.75,3893
2022-09-22,1892.75,1919.0,1888.0,1893.949951171875,3184
2022-09-23,1880.0,1912.75,1822.9000244140625,1844.9000244140625,3411
2022-09-26,1844.9000244140625,1867.449951171875,1726.5999755859375,1781.3499755859375,11487
2022-09-27,1799.0,1846.0,1770.0,1806.5999755859375,2555
2022-09-28,1810.9000244140625,1828.0999755859375,1789.0,1796.6500244140625,3380
2022-09-29,1799.9000244140625,1825.0,1790.800048828125,1805.199951171875,2413
2022-09-30,1798.0,1845.0,1791.0,1825.9000244140625,2372
2022-10-03,1835.0999755859375,1860.0,1790.0,1803.6500244140625,3621
2022-10-04,1821.0,1878.0,1821.0,1841.1500244140625,2727
2022-10-06,1845.25,1888.0,1834.0999755859375,1864.8499755859375,2437
2022-10-07,1865.0,1885.0,1828.0,1855.550048828125,1778
2022-10-10,1844.4000244140625,1860.0,1817.949951171875,1822.9000244140625,2150
2022-10-11,1803.0,1842.0,1795.0,1802.300048828125,1317
2022-10-12,1817.949951171875,1817.949951171875,1789.949951171875,1799.699951171875,1059
2022-10-13,1813.8499755859375,1834.0,1772.75,1786.949951171875,2139
2022-10-14,1804.75,1828.0,1781.0,1787.25,1526
2022-10-17,1799.0,1799.0,1764.949951171875,1776.949951171875,938
2022-10-18,1780.0,1795.0,1761.199951171875,1776.5,2069
2022-10-19,1762.699951171875,1794.0,1760.0,1772.050048828125,986
2022-10-20,1779.949951171875,1792.1500244140625,1765.0,1772.9000244140625,1065
2022-10-21,1789.0,1806.8499755859375,1779.949951171875,1786.9000244140625,2455
2022-10-24,1745.0,1825.0,1745.0,1814.949951171875,1107
2022-10-25,1819.0,1819.9000244140625,1800.0,1804.449951171875,1703
2022-10-27,1822.4000244140625,1899.0,1807.0,1859.25,4095
2022-10-28,1832.199951171875,1903.449951171875,1832.1500244140625,1879.0,3612
2022-10-31,1899.949951171875,1933.75,1878.050048828125,1927.0,5239
2022-11-01,1949.949951171875,1949.949951171875,1900.050048828125,1909.75,2271
2022-11-02,1919.9000244140625,1928.0,1903.5999755859375,1908.050048828125,1914
2022-11-03,1919.6500244140625,1922.0,1901.0,1910.9000244140625,1495
2022-11-04,1915.0,1924.949951171875,1882.300048828125,1904.949951171875,2053
2022-11-07,1923.9000244140625,1923.949951171875,1856.0,1896.0,2015
2022-11-09,1929.699951171875,1929.699951171875,1892.5999755859375,1902.949951171875,1482
2022-11-10,1928.0,1928.0,1875.199951171875,1878.75,1381
2022-11-11,1881.050048828125,1924.0,1881.050048828125,1890.9000244140625,1654
2022-11-14,1900.050048828125,1907.949951171875,1889.0,1899.050048828125,3621
2022-11-15,1902.949951171875,1907.199951171875,1890.050048828125,1901.0999755859375,2133
2022-11-16,1900.050048828125,1933.0,1894.5999755859375,1898.6500244140625,3548
2022-11-17,1890.5,1904.199951171875,1885.0,1890.449951171875,1609
2022-11-18,1899.0,1900.050048828125,1882.0999755859375,1890.75,1192
2022-11-21,1885.0,1965.0,1880.0,1925.25,3745
2022-11-22,1925.0,1925.0,1899.050048828125,1905.800048828125,1483
2022-11-23,1910.0,1923.449951171875,1834.0,1888.75,6530
2022-11-24,1899.699951171875,1900.0,1855.050048828125,1879.9000244140625,1346
2022-11-25,1862.4000244140625,1947.949951171875,1862.4000244140625,1916.25,3271
2022-11-28,1910.0,1925.949951171875,1903.050048828125,1908.449951171875,1273
2022-11-29,1870.5,1930.050048828125,1870.5,1919.699951171875,2601
2022-11-30,1880.300048828125,1930.4000244140625,1880.300048828125,1914.5,1547
2022-12-01,1916.0999755859375,1928.949951171875,1909.550048828125,1915.9000244140625,1998
2022-12-02,1905.5,1950.0,1905.5,1933.949951171875,4811
2022-12-05,1933.949951171875,1955.949951171875,1929.0999755859375,1938.8499755859375,2967
2022-12-06,1916.050048828125,1940.949951171875,1916.050048828125,1937.300048828125,1268
2022-12-07,1947.9000244140625,1950.0,1921.0,1940.0,2191
2022-12-08,1911.0,1950.0,1911.0,1924.9000244140625,1085
2022-12-09,1923.25,1950.0,1888.9000244140625,1910.6500244140625,2511
2022-12-12,1910.6500244140625,1960.0,1900.0,1950.6500244140625,7432
2022-12-13,1965.0,2000.0,1946.0,1970.0999755859375,12650
2022-12-14,1988.0,1995.949951171875,1952.0,1967.0999755859375,4161
2022-12-15,1977.0,1999.0,1950.0999755859375,1982.1500244140625,3548
2022-12-16,1961.449951171875,1977.449951171875,1933.300048828125,1951.0999755859375,1663
2022-12-19,1990.050048828125,2000.0,1971.550048828125,1990.800048828125,9807
2022-12-20,2008.0,2008.0,1962.6500244140625,1971.5999755859375,4542
2022-12-21,1974.949951171875,1978.0,1884.1500244140625,1920.449951171875,5284
2022-12-22,1925.0,1939.6500244140625,1875.0,1879.6500244140625,4784
2022-12-23,1873.300048828125,1894.949951171875,1738.3499755859375,1775.699951171875,3917
2022-12-26,1790.0,1850.0,1768.699951171875,1822.699951171875,3334
2022-12-27,1837.949951171875,1877.9000244140625,1837.949951171875,1861.5999755859375,2999
2022-12-28,1880.0,1927.0,1858.050048828125,1911.800048828125,2943
2022-12-29,1930.800048828125,1930.800048828125,1881.0,1901.800048828125,1411
2022-12-30,1883.0,1930.0,1883.0,1914.449951171875,2036
2023-01-02,1923.300048828125,1979.25,1910.050048828125,1940.0,4268
2023-01-03,1952.75,1955.4000244140625,1932.0,1935.300048828125,1312
2023-01-04,1936.199951171875,1946.949951171875,1895.0,1912.8499755859375,4245
2023-01-05,1909.199951171875,1929.75,1908.550048828125,1925.449951171875,1189
2023-01-06,1933.0,1940.0,1902.0999755859375,1925.199951171875,2957
2023-01-09,1934.9000244140625,1940.0,1928.5,1928.6500244140625,711
2023-01-10,1927.0,1927.4000244140625,1902.0999755859375,1909.949951171875,1609
2023-01-11,1898.5,1916.9000244140625,1890.0999755859375,1904.0,1370
2023-01-12,1875.5,1900.6500244140625,1875.0,1892.300048828125,985
2023-01-13,1891.949951171875,1900.0,1868.050048828125,1877.75,1933
2023-01-16,1903.0,1915.0,1885.8499755859375,1887.8499755859375,1435
2023-01-17,1906.5999755859375,1907.0,1877.199951171875,1882.75,2069
2023-01-18,1895.0,1900.0,1888.699951171875,1890.1500244140625,952
2023-01-19,1903.4000244140625,1903.4000244140625,1875.0,1889.3499755859375,981
2023-01-20,1891.449951171875,1892.949951171875,1866.6500244140625,1874.550048828125,786
2023-01-23,1911.0,1911.0,1846.0,1858.6500244140625,1077
2023-01-24,1876.449951171875,1882.449951171875,1832.5,1846.449951171875,1853
2023-01-25,1837.25,1860.0,1815.550048828125,1839.25,1209
2023-01-27,1827.5999755859375,1842.25,1751.0,1765.25,4696
2023-01-30,1773.6500244140625,1774.75,1733.699951171875,1744.75,3411
2023-01-31,1753.699951171875,1788.0,1745.300048828125,1782.0999755859375,1118
2023-02-01,1772.0,1800.4000244140625,1736.0,1768.6500244140625,2324
2023-02-02,1779.8499755859375,1798.699951171875,1740.0,1757.050048828125,1576
2023-02-03,1751.0,1785.0,1731.199951171875,1778.050048828125,1630
2023-02-06,1795.75,1810.050048828125,1773.0,1788.199951171875,1596
2023-02-07,1800.0,1813.6500244140625,1770.0,1801.5999755859375,1599
2023-02-08,1787.0,1819.25,1787.0,1808.8499755859375,620
2023-02-09,1802.550048828125,1836.949951171875,1785.0,1834.550048828125,1029
2023-02-10,1807.9000244140625,1860.0,1806.0,1853.1500244140625,1237
2023-02-13,1850.0,1850.0,1802.0,1812.199951171875,1401
2023-02-14,1821.5,1826.0,1785.0,1809.050048828125,1404
2023-02-15,1832.199951171875,1832.949951171875,1794.050048828125,1801.4000244140625,768
2023-02-16,1820.0,1820.0,1763.199951171875,1783.199951171875,1934
2023-02-17,1768.75,1807.9000244140625,1768.550048828125,1802.0,645
2023-02-20,1790.0999755859375,1799.9000244140625,1784.0,1793.449951171875,705
2023-02-21,1803.5,1810.0,1774.0999755859375,1785.699951171875,987
2023-02-22,1799.3499755859375,1799.949951171875,1739.5,1753.550048828125,1223
2023-02-23,1763.5,1763.5,1741.199951171875,1748.0,715
2023-02-24,1751.0999755859375,1789.9000244140625,1732.550048828125,1773.8499755859375,850
2023-02-27,1763.0,1776.199951171875,1750.050048828125,1760.4000244140625,1037
2023-02-28,1752.050048828125,1787.449951171875,1743.0,1762.050048828125,2965
2023-03-01,1764.5,1778.699951171875,1749.050048828125,1770.1500244140625,475
2023-03-02,1765.0,1780.0,1745.0999755859375,1762.699951171875,431
2023-03-03,1799.949951171875,1799.949951171875,1758.0,1770.050048828125,437
2023-03-06,1800.0,1800.0,1770.1500244140625,1781.3499755859375,946
2023-03-08,1798.0,1798.0,1768.0,1773.0999755859375,878
2023-03-09,1790.699951171875,1790.699951171875,1759.199951171875,1771.199951171875,785
2023-03-10,1758.050048828125,1775.0,1750.0,1768.699951171875,686
2023-03-13,1747.3499755859375,1775.9000244140625,1710.050048828125,1743.300048828125,2800
2023-03-14,1733.0,1740.0,1715.0,1720.75,7007
2023-03-15,1737.3499755859375,1737.550048828125,1710.0,1717.25,588
2023-03-16,1734.0,1735.0,1701.25,1724.1500244140625,1798
2023-03-17,1734.9000244140625,1735.0,1718.0,1723.5999755859375,1460
2023-03-20,1712.0,1715.0,1692.1500244140625,1705.5999755859375,5651
2023-03-21,1705.5999755859375,1722.449951171875,1700.050048828125,1708.6500244140625,1486
2023-03-22,1725.6500244140625,1725.6500244140625,1707.550048828125,1710.8499755859375,3923
2023-03-23,1705.550048828125,1727.5,1691.0,1696.199951171875,1354
2023-03-24,1702.050048828125,1726.6500244140625,1693.0,1695.949951171875,1049
2023-03-27,1712.5,1712.5,1657.5,1663.199951171875,2103
2023-03-28,1676.0,1676.0,1602.0,1620.300048828125,5521
2023-03-29,1620.199951171875,1648.0,1605.0,1614.8499755859375,4363
2023-03-31,1627.0,1669.3499755859375,1612.0,1618.699951171875,4464
2023-04-03,1634.300048828125,1683.699951171875,1630.25,1675.199951171875,1048
2023-04-05,1691.949951171875,1700.0,1669.0,1685.449951171875,1928
2023-04-06,1697.0,1738.5999755859375,1696.0,1711.0,1824
2023-04-10,1728.0,1728.0,1700.0999755859375,1712.050048828125,1660
2023-04-11,1729.0,1749.0,1712.6500244140625,1726.25,2966
2023-04-12,1729.0,1750.0,1717.550048828125,1730.8499755859375,952
2023-04-13,1755.0,1755.0,1716.0,1739.199951171875,2047
2023-04-17,1739.949951171875,1748.0,1726.300048828125,1744.699951171875,915
2023-04-18,1721.0,1748.0,1701.0999755859375,1722.0999755859375,2051
2023-04-19,1738.0,1739.25,1715.0,1723.9000244140625,654
2023-04-20,1717.199951171875,1745.0,1715.5,1720.949951171875,1077
2023-04-21,1736.199951171875,1736.199951171875,1710.0,1713.4000244140625,1417
2023-04-24,1705.0999755859375,1748.0,1705.0999755859375,1738.5999755859375,3201
2023-04-25,1739.25,1743.949951171875,1715.0,1731.4000244140625,1271
2023-04-26,1725.550048828125,1745.0,1722.550048828125,1740.1500244140625,1708
2023-04-27,1740.699951171875,1757.550048828125,1740.0,1746.1500244140625,1131
2023-04-28,1765.0,1765.0,1730.0,1745.0,940
2023-05-02,1754.5,1790.0,1752.4000244140625,1786.949951171875,1910
2023-05-03,1779.4000244140625,1788.949951171875,1771.300048828125,1782.050048828125,611
2023-05-04,1790.550048828125,1808.0,1790.550048828125,1801.6500244140625,1421
2023-05-05,1795.050048828125,1804.9000244140625,1784.0,1789.699951171875,3030
2023-05-08,1790.800048828125,1800.699951171875,1788.800048828125,1794.5,669
2023-05-09,1801.300048828125,1825.0,1796.550048828125,1802.699951171875,1842
2023-05-10,1805.050048828125,1831.949951171875,1788.0999755859375,1799.5999755859375,1691
2023-05-11,1801.0,1810.25,1795.0999755859375,1795.9000244140625,382
2023-05-12,1796.0,1817.300048828125,1790.050048828125,1802.050048828125,1498
2023-05-15,1802.050048828125,1827.0,1802.050048828125,1807.3499755859375,2085
2023-05-16,1820.800048828125,1820.9000244140625,1791.0,1799.449951171875,1603
2023-05-17,1800.949951171875,1810.0,1789.199951171875,1803.300048828125,1574
2023-05-18,1798.300048828125,1812.75,1786.0,1791.4000244140625,2096
2023-05-19,1808.0,1808.0999755859375,1778.0,1801.75,950
2023-05-22,1802.0,1844.4000244140625,1802.0,1816.550048828125,2055
2023-05-23,1800.050048828125,1809.8499755859375,1770.0999755859375,1796.550048828125,3140
2023-05-24,1790.0999755859375,1812.4000244140625,1787.3499755859375,1791.0,974
2023-05-25,1782.0,1815.050048828125,1782.0,1795.6500244140625,1030
2023-05-26,1800.0,1848.300048828125,1800.0,1820.4000244140625,4018
2023-05-29,1863.949951171875,1863.949951171875,1821.5,1847.1500244140625,2336
2023-05-30,1863.0,1863.0,1836.050048828125,1846.5,1679
2023-05-31,1846.949951171875,1872.0,1833.0,1842.550048828125,1022
2023-06-01,1842.5999755859375,1849.4000244140625,1812.050048828125,1824.25,1279
2023-06-02,1830.050048828125,1840.0,1819.0,1828.5,1321
2023-06-05,1838.949951171875,1849.9000244140625,1800.0,1828.25,3056
2023-06-06,1844.449951171875,1861.0,1828.0,1834.699951171875,3105
2023-06-07,1825.199951171875,1849.949951171875,1799.0,1833.699951171875,3149
2023-06-08,1859.0,1859.0,1825.0,1830.8499755859375,2084
2023-06-09,1825.0,1847.949951171875,1825.0,1841.5999755859375,590
2023-06-12,1867.0,1867.0,1824.199951171875,1829.1500244140625,1449
2023-06-13,1844.75,1859.800048828125,1827.050048828125,1836.1500244140625,3515
2023-06-14,1837.0,1944.75,1832.1500244140625,1884.6500244140625,6498
2023-06-15,1903.449951171875,1915.0,1861.550048828125,1873.8499755859375,2969
2023-06-16,1888.949951171875,1915.9000244140625,1877.0,1896.949951171875,3793
2023-06-19,1909.699951171875,1922.6500244140625,1886.8499755859375,1908.949951171875,1874
2023-06-20,1909.949951171875,1914.5,1890.0,1895.050048828125,1045
2023-06-21,1908.949951171875,1999.949951171875,1895.050048828125,1921.449951171875,4451
2023-06-22,1939.5,2000.0,1916.449951171875,1929.699951171875,5460
2023-06-23,1921.1500244140625,1949.0,1890.050048828125,1902.25,2141
2023-06-26,1913.8499755859375,1942.0,1883.4000244140625,1899.199951171875,2579
2023-06-27,1895.0999755859375,1915.0999755859375,1872.5,1889.4000244140625,4337
2023-06-28,1919.949951171875,1919.949951171875,1894.449951171875,1902.050048828125,1744
2023-06-30,1904.5,1934.949951171875,1896.0999755859375,1922.300048828125,2620
2023-07-03,1934.5,1937.050048828125,1910.0,1922.0999755859375,2539
2023-07-04,1930.0,1931.949951171875,1900.0999755859375,1911.199951171875,1531
2023-07-05,1911.199951171875,1927.25,1910.0999755859375,1915.0999755859375,1399
2023-07-06,1918.0999755859375,1929.449951171875,1918.0,1921.449951171875,964
2023-07-07,1918.0,1931.0999755859375,1851.199951171875,1885.25,2882
2023-07-10,1885.25,1919.8499755859375,1885.25,1897.0,1367
2023-07-11,1894.6500244140625,1913.4000244140625,1883.050048828125,1909.300048828125,2240
2023-07-12,1925.0,1925.0,1893.050048828125,1894.949951171875,861
2023-07-13,1907.0999755859375,1914.0,1881.0,1889.449951171875,1446
2023-07-14,1891.25,1911.699951171875,1880.75,1904.1500244140625,1323
2023-07-17,1910.0,1915.0,1899.5999755859375,1906.949951171875,2602
2023-07-18,1910.25,1920.0,1887.0,1889.949951171875,1379
2023-07-19,1904.300048828125,1913.9000244140625,1898.050048828125,1903.449951171875,1652
2023-07-20,1910.6500244140625,1919.8499755859375,1900.0,1909.0999755859375,1593
2023-07-21,1920.0,2050.0,1909.0,2006.6500244140625,33444
2023-07-24,2000.0,2045.699951171875,1975.0,2011.949951171875,11919
2023-07-25,2028.0,2028.0,1990.0999755859375,2003.699951171875,4948
2023-07-26,2010.0999755859375,2015.0,1985.6500244140625,1997.4000244140625,5473
2023-07-27,2017.25,2017.25,1992.0999755859375,2003.25,2869
2023-07-28,2019.0,2019.0,1970.0,1997.0,6010
2023-07-31,2015.0,2040.0,2000.0,2005.5,10010
2023-08-01,2028.949951171875,2078.949951171875,2015.0,2030.300048828125,21296
2023-08-02,2044.0,2044.0,1990.0,2008.8499755859375,11264
2023-08-03,2006.0,2017.449951171875,1983.050048828125,2003.550048828125,5208
2023-08-04,2016.5999755859375,2030.0,2000.0999755859375,2013.949951171875,11330
2023-08-07,2048.0,2048.0,1995.0,2002.300048828125,10703
2023-08-08,2022.949951171875,2023.0,2001.0,2015.25,8593
2023-08-09,2017.0,2030.0,2002.0999755859375,2016.5,11446
2023-08-10,2010.3499755859375,2024.550048828125,1997.0,1999.5,4298
2023-08-11,2001.25,2005.699951171875,1971.0,1981.6500244140625,3444
2023-08-14,1999.0,1999.0,1943.0,1979.449951171875,6224
2023-08-16,1965.050048828125,1990.0,1965.0,1981.449951171875,2782
2023-08-17,1980.0,2046.050048828125,1966.050048828125,2012.5999755859375,8831
2023-08-18,1980.0,2030.0,1980.0,2004.199951171875,9275
2023-08-21,2039.0,2039.0,1993.550048828125,2002.300048828125,3792
2023-08-22,2010.0,2023.0,2000.0,2014.449951171875,5659
2023-08-23,2021.0,2024.0,2005.0,2012.699951171875,3379
2023-08-24,2024.0,2024.0,2001.0,2002.0999755859375,2258
2023-08-25,2007.949951171875,2010.0,1962.3499755859375,1984.5,3297
2023-08-28,2000.0,2030.0,2000.0,2010.4000244140625,7667
2023-08-29,2000.0,2015.0,1995.800048828125,2002.449951171875,4574
2023-08-30,2024.949951171875,2025.0,1983.0999755859375,1999.5999755859375,3172
2023-08-31,2017.949951171875,2017.949951171875,1988.949951171875,1992.5,3171
2023-09-01,2006.449951171875,2009.8499755859375,1990.0,1995.199951171875,2244
2023-09-04,2018.0,2348.800048828125,2004.050048828125,2177.85009765625,130368
2023-09-05,2199.949951171875,2245.0,2170.64990234375,2189.10009765625,32365
2023-09-06,2199.0,2217.199951171875,2125.0,2132.550048828125,20822
2023-09-07,2155.0,2157.14990234375,2125.0,2149.60009765625,16433
2023-09-08,2165.0,2214.25,2154.60009765625,2198.550048828125,17246
2023-09-11,2235.0,2341.0,2223.800048828125,2263.5,36607
2023-09-12,2290.0,2303.949951171875,2179.60009765625,2188.85009765625,16579
2023-09-13,2195.949951171875,2225.0,2161.60009765625,2221.10009765625,12670
2023-09-14,2222.35009765625,2265.0,2202.39990234375,2219.300048828125,8021
2023-09-15,2230.550048828125,2241.949951171875,2200.0,2216.75,4711
2023-09-18,2238.949951171875,2238.949951171875,2184.949951171875,2198.10009765625,8194
2023-09-20,2211.949951171875,2211.949951171875,2181.0,2185.300048828125,4484
2023-09-21,2185.300048828125,2215.949951171875,2151.0,2173.89990234375,11122
2023-09-22,2198.64990234375,2205.0,2172.10009765625,2184.85009765625,5606
2023-09-25,2184.85009765625,2200.0,2180.0,2193.699951171875,2517
2023-09-26,2211.199951171875,2220.0,2180.0,2186.550048828125,3531
2023-09-27,2184.10009765625,2250.0,2184.10009765625,2211.949951171875,8204
2023-09-28,2234.0,2475.0,2230.0,2393.199951171875,115716
2023-09-29,2410.050048828125,2448.550048828125,2375.0,2381.85009765625,17833
2023-10-03,2380.050048828125,2520.0,2367.199951171875,2463.89990234375,34181
2023-10-04,2471.0,2471.0,2382.10009765625,2408.14990234375,14667
2023-10-05,2436.949951171875,2545.0,2421.0,2451.64990234375,31365
2023-10-06,2450.0,2461.949951171875,2425.0,2441.050048828125,8825
2023-10-09,2032.3499755859375,2369.050048828125,2032.3499755859375,2323.89990234375,26518
2023-10-10,2323.89990234375,2400.0,2323.89990234375,2347.14990234375,7653
2023-10-11,2350.0,2386.39990234375,2349.14990234375,2366.89990234375,10439
2023-10-12,2347.050048828125,2390.0,2345.199951171875,2371.89990234375,11023
2023-10-13,2371.89990234375,2371.89990234375,2300.0,2309.60009765625,15273
2023-10-16,2334.0,2410.14990234375,2317.199951171875,2376.300048828125,14784
2023-10-17,2377.89990234375,2437.39990234375,2333.75,2375.5,9823
2023-10-18,2380.0,2396.800048828125,2323.800048828125,2337.85009765625,4675
2023-10-19,2354.35009765625,2354.35009765625,2314.35009765625,2334.699951171875,6182
2023-10-20,2320.050048828125,2479.0,2320.050048828125,2453.39990234375,26298
2023-10-23,2440.0,2441.949951171875,2303.0,2312.35009765625,9035
2023-10-25,2323.0,2372.449951171875,2277.550048828125,2310.949951171875,10159
2023-10-26,2339.89990234375,2340.0,2220.0,2259.25,9955
2023-10-27,2293.0,2340.0,2275.050048828125,2331.60009765625,2634
2023-10-30,2332.0,2359.0,2290.949951171875,2305.35009765625,3055
2023-10-31,2331.949951171875,2331.949951171875,2277.0,2296.89990234375,1487
2023-11-01,2296.89990234375,2336.64990234375,2278.699951171875,2292.550048828125,3037
2023-11-02,2318.949951171875,2339.85009765625,2302.699951171875,2333.89990234375,3198
2023-11-03,2350.0,2383.949951171875,2320.0,2344.64990234375,3638
2023-11-06,2373.89990234375,2384.85009765625,2332.64990234375,2346.39990234375,2381
2023-11-07,2373.949951171875,2375.0,2315.0,2334.39990234375,1724
2023-11-08,2334.949951171875,2364.0,2320.39990234375,2335.800048828125,3188
2023-11-09,2345.0,2364.949951171875,2337.25,2341.699951171875,2893
2023-11-10,2350.0,2375.949951171875,2298.050048828125,2338.0,3165
2023-11-13,2356.85009765625,2422.449951171875,2352.0,2386.25,5307
2023-11-15,2425.0,2465.10009765625,2378.0,2390.699951171875,7597
2023-11-16,2400.0,2411.89990234375,2365.0,2390.89990234375,2842
2023-11-17,2437.0,2590.0,2385.0,2543.699951171875,38606
2023-11-20,2594.0,2679.89990234375,2578.64990234375,2626.300048828125,36663
2023-11-21,2636.0,2745.0,2636.0,2699.60009765625,30622
2023-11-22,2726.60009765625,2805.0,2693.60009765625,2747.39990234375,28328
2023-11-23,2774.85009765625,2779.949951171875,2705.050048828125,2752.64990234375,12122
2023-11-24,2760.949951171875,2815.0,2688.5,2777.39990234375,16058
2023-11-28,2800.0,2805.949951171875,2680.0,2690.39990234375,12741
2023-11-29,2727.699951171875,2739.949951171875,2675.0,2678.35009765625,5349
2023-11-30,2709.89990234375,2711.0,2635.10009765625,2648.85009765625,5484
2023-12-01,2702.0,2758.75,2660.050048828125,2709.75,9780
2023-12-04,2758.199951171875,2759.0,2702.550048828125,2741.449951171875,7980
2023-12-05,2762.0,2857.800048828125,2744.050048828125,2844.949951171875,23317
2023-12-06,2859.949951171875,2941.0,2850.050048828125,2903.85009765625,28060
2023-12-07,2905.0,2942.64990234375,2850.10009765625,2923.050048828125,9562
2023-12-08,2944.0,2956.85009765625,2872.050048828125,2923.85009765625,8096
2023-12-11,2954.0,2957.949951171875,2906.300048828125,2930.550048828125,5617
2023-12-12,2940.5,3175.35009765625,2938.199951171875,3106.85009765625,48553
2023-12-13,3137.89990234375,3146.85009765625,3050.0,3078.449951171875,14757
2023-12-14,3081.10009765625,3127.449951171875,3069.050048828125,3096.0,12673
2023-12-15,3109.050048828125,3249.0,3101.300048828125,3154.85009765625,16169
2023-12-18,3170.199951171875,3170.199951171875,3068.0,3143.5,6570
2023-12-19,3174.949951171875,3199.10009765625,3115.35009765625,3151.89990234375,6394
2023-12-20,3155.300048828125,3190.0,2931.050048828125,2977.5,16668
2023-12-21,3022.14990234375,3070.0,2950.0,3043.89990234375,7551
2023-12-22,3043.89990234375,3248.0,3043.89990234375,3144.35009765625,12655
2023-12-26,3189.949951171875,3200.0,3140.0,3170.5,3916
2023-12-27,3198.449951171875,3321.699951171875,3184.35009765625,3203.64990234375,15580
2023-12-28,3225.0,3243.300048828125,3176.800048828125,3181.800048828125,5350
2023-12-29,3192.199951171875,3209.89990234375,3159.550048828125,3186.39990234375,3752
2024-01-01,3227.85009765625,3227.85009765625,3150.050048828125,3157.449951171875,3272
2024-01-02,3160.0,3170.300048828125,3067.10009765625,3101.10009765625,5136
2024-01-03,3100.0,3100.0,3046.0,3086.050048828125,5821
2024-01-04,3086.050048828125,3120.0,3074.199951171875,3112.25,2908
2024-01-05,3148.89990234375,3179.0,3060.949951171875,3074.5,6428
2024-01-08,3119.800048828125,3126.0,3025.0,3052.949951171875,3973
2024-01-09,3075.0,3097.89990234375,3055.0,3067.89990234375,2080
2024-01-10,3080.0,3100.85009765625,3064.0,3097.60009765625,3507
2024-01-11,3135.0,3135.0,3068.0,3087.25,4927
2024-01-12,3085.0,3123.0,3050.0,3070.10009765625,6173
2024-01-15,3070.0,3100.0,3070.0,3092.0,2339
2024-01-16,3100.0,3125.0,3016.0,3036.85009765625,4827
2024-01-17,3049.89990234375,3049.89990234375,2965.0,2983.14990234375,4959
2024-01-18,3001.050048828125,3012.60009765625,2876.25,2922.64990234375,7218
2024-01-19,2925.0,3075.0,2915.050048828125,3010.050048828125,4738
2024-01-23,3050.0,3080.550048828125,2900.0,2908.0,5238
2024-01-24,2915.0,2983.0,2900.050048828125,2956.64990234375,2314
2024-01-25,2959.949951171875,2991.199951171875,2929.949951171875,2944.449951171875,1578
2024-01-29,2961.64990234375,3028.449951171875,2952.0,2975.800048828125,7406
2024-01-30,2999.60009765625,3186.0,2995.0,3113.699951171875,28860
2024-01-31,3179.0,3397.0,3175.0,3236.550048828125,62029
2024-02-01,3274.89990234375,3275.0,3214.800048828125,3242.050048828125,6587
2024-02-02,3222.949951171875,3324.949951171875,3222.050048828125,3263.14990234375,7516
2024-02-05,3289.300048828125,3294.0,3170.0,3177.550048828125,7216
2024-02-06,3196.60009765625,3214.550048828125,3144.10009765625,3199.5,4500
2024-02-07,3199.5,3299.0,3199.5,3273.300048828125,6108
2024-02-08,3275.0,3299.0,3190.050048828125,3210.949951171875,3602
2024-02-09,3205.14990234375,3284.949951171875,3120.050048828125,3177.5,5604
2024-02-12,3198.75,3200.0,3009.10009765625,3076.300048828125,6019
2024-02-13,3076.300048828125,3076.300048828125,2971.0,3017.800048828125,5374
2024-02-14,2900.0,2999.0,2900.0,2992.300048828125,7526
2024-02-15,3045.0,3075.0,2990.050048828125,3062.60009765625,7033
2024-02-16,3102.0,3102.449951171875,2948.300048828125,2964.89990234375,10129
2024-02-19,3008.0,3029.949951171875,2976.050048828125,3004.14990234375,3201
2024-02-20,3019.0,3066.0,3019.0,3053.050048828125,3962
2024-02-21,3090.0,3183.89990234375,3017.699951171875,3065.699951171875,13030
2024-02-22,3069.949951171875,3221.0,3069.949951171875,3173.050048828125,8537
2024-02-23,3204.800048828125,3275.0,3164.14990234375,3206.39990234375,12652
2024-02-26,3254.0,3847.64990234375,3231.050048828125,3645.89990234375,244470
2024-02-27,3650.050048828125,3667.199951171875,3456.0,3483.35009765625,25436
2024-02-28,3462.050048828125,3532.699951171875,3322.35009765625,3368.60009765625,18091
2024-02-29,3390.0,3390.0,3266.10009765625,3354.10009765625,11969
2024-03-01,3365.64990234375,3484.800048828125,3356.550048828125,3443.60009765625,21220
2024-03-04,3615.050048828125,3719.0,3615.050048828125,3688.64990234375,25971
2024-03-05,3700.0,3980.10009765625,3574.0,3884.550048828125,55605
2024-03-06,3884.550048828125,3985.0,3715.0,3852.449951171875,24452
2024-03-07,3815.050048828125,3913.949951171875,3784.050048828125,3838.10009765625,12593
2024-03-11,3893.89990234375,3893.89990234375,3605.14990234375,3632.050048828125,16752
2024-03-12,3617.25,3634.85009765625,3483.0,3506.699951171875,8253
2024-03-13,3495.64990234375,3518.14990234375,3203.0,3229.5,16054
2024-03-14,3150.10009765625,3404.5,3150.10009765625,3288.300048828125,19501
2024-03-15,3288.300048828125,3331.0,3209.14990234375,3263.75,4281
2024-03-18,3252.050048828125,3320.0,3243.0,3282.199951171875,5565
2024-03-19,3278.550048828125,3278.60009765625,3175.0,3186.300048828125,4662
2024-03-20,3178.0,3260.050048828125,3113.0,3143.449951171875,5154
2024-03-21,3177.25,3260.0,3150.0,3237.5,3943
2024-03-22,3212.300048828125,3347.89990234375,3212.300048828125,3302.39990234375,6232
2024-03-26,3302.39990234375,3317.949951171875,3203.0,3244.85009765625,5064
2024-03-27,3267.0,3345.0,3255.050048828125,3270.699951171875,4031
2024-03-28,3275.0,3585.0,3170.050048828125,3405.550048828125,28434
2024-04-01,3456.64990234375,3498.699951171875,3410.550048828125,3439.800048828125,6417
2024-04-02,3432.0,3496.35009765625,3425.0,3484.89990234375,4568
2024-04-03,3455.949951171875,3570.0,3455.949951171875,3522.89990234375,5254
2024-04-04,3580.0,3589.699951171875,3491.550048828125,3505.550048828125,5808
2024-04-05,3530.0,3585.0,3507.0,3521.199951171875,3695
2024-04-08,3552.0,3667.0,3541.550048828125,3590.10009765625,3495
2024-04-09,3625.0,3654.050048828125,3522.35009765625,3574.5,5862
2024-04-10,3599.89990234375,3650.0,3572.0,3597.35009765625,4718
2024-04-12,3622.550048828125,3622.550048828125,3500.0,3542.5,3823
2024-04-15,3507.0,3507.0,3348.050048828125,3430.5,8398
2024-04-16,3400.0,3470.449951171875,3395.0,3419.64990234375,2762
2024-04-18,3441.949951171875,3455.949951171875,3391.25,3404.10009765625,4275
2024-04-19,3389.949951171875,3470.0,3285.0,3446.050048828125,10432
2024-04-22,3671.0,3914.25,3631.0,3775.550048828125,67112
2024-04-23,3832.199951171875,3856.89990234375,3738.050048828125,3771.39990234375,8961
2024-04-24,3752.050048828125,3900.0,3752.050048828125,3822.449951171875,7632
2024-04-25,3825.0,4080.0,3789.10009765625,3968.39990234375,28499
2024-04-26,3965.0,4000.050048828125,3905.64990234375,3956.14990234375,6731
2024-04-29,4011.0,4039.0,3909.050048828125,4015.949951171875,9104
2024-04-30,4020.0,4049.800048828125,3962.050048828125,3985.800048828125,3778
2024-05-02,3951.050048828125,4024.35009765625,3951.050048828125,3975.800048828125,4448
2024-05-03,4003.64990234375,4019.64990234375,3887.949951171875,3913.449951171875,4622
2024-05-06,3931.050048828125,3964.0,3866.64990234375,3935.300048828125,7867
2024-05-07,3922.949951171875,4028.949951171875,3831.0,3870.60009765625,9726
2024-05-08,3870.60009765625,3948.699951171875,3831.199951171875,3898.550048828125,4257
2024-05-09,3871.300048828125,3937.449951171875,3672.89990234375,3702.699951171875,7005
2024-05-10,3707.0,3835.89990234375,3707.0,3807.050048828125,4834
2024-05-13,3822.0,3877.85009765625,3699.550048828125,3833.35009765625,5372
2024-05-14,3806.5,3890.0,3788.0,3844.800048828125,2806
2024-05-15,3874.0,3900.0,3848.39990234375,3874.550048828125,2077
2024-05-16,3875.050048828125,3898.5,3834.85009765625,3888.89990234375,1860
2024-05-17,3925.0,3931.60009765625,3888.0,3916.85009765625,1381
2024-05-21,3957.0,3957.0,3805.64990234375,3846.39990234375,3990
2024-05-22,3880.0,3920.949951171875,3823.199951171875,3879.300048828125,2045
2024-05-23,3898.5,3900.0,3815.050048828125,3860.300048828125,2754
2024-05-24,3900.0,3940.0,3860.699951171875,3904.25,3597
2024-05-27,3897.0,3950.0,3861.449951171875,3929.10009765625,4326
2024-05-28,3929.14990234375,4000.0,3851.0,3867.050048828125,3392
2024-05-29,3867.050048828125,3867.050048828125,3741.0,3801.550048828125,4370
2024-05-30,3821.5,3821.5,3705.949951171875,3730.25,5143
2024-05-31,3726.14990234375,3759.550048828125,3651.199951171875,3677.10009765625,2747
2024-06-03,3750.64990234375,3840.0,3715.0,3772.75,7047
2024-06-04,3751.14990234375,3751.14990234375,3380.0,3484.050048828125,16321
2024-06-05,3473.14990234375,3576.800048828125,3390.0,3570.14990234375,7096
2024-06-06,3580.0,3727.800048828125,3580.0,3716.199951171875,3599
2024-06-07,3721.0,3824.0,3721.0,3809.25,4097
2024-06-10,3858.800048828125,3858.800048828125,3730.0,3772.64990234375,4177
2024-06-11,3798.949951171875,3799.0,3765.0,3773.300048828125,2794
2024-06-12,3800.0,3800.0,3744.10009765625,3752.35009765625,2467
2024-06-13,3772.35009765625,3801.5,3753.0,3772.800048828125,3912
2024-06-14,3772.800048828125,3920.0,3761.10009765625,3870.449951171875,6427
2024-06-18,3883.25,3992.949951171875,3872.14990234375,3944.10009765625,8118
2024-06-19,3990.0,3990.0,3868.199951171875,3903.75,4034
2024-06-20,3904.0,3950.0,3858.050048828125,3902.699951171875,4201
2024-06-21,4000.0,4140.0,3960.949951171875,4003.39990234375,23551
2024-06-24,4140.0,4804.0498046875,4055.10009765625,4802.2998046875,339496
2024-06-25,4848.0,4966.60009765625,4634.7001953125,4743.85009765625,78849
2024-06-26,4794.89990234375,4845.0,4700.5498046875,4833.25,67399
2024-06-27,4835.0,4865.0,4780.4501953125,4846.2998046875,37742
2024-06-28,4846.39990234375,5317.75,4846.39990234375,5036.5,92618
2024-07-01,5377.0,5377.0,5102.0,5222.7001953125,22564
2024-07-02,5225.10009765625,5265.35009765625,5023.35009765625,5188.9501953125,16170
2024-07-03,5200.0,5359.60009765625,5166.25,5188.0,17974
2024-07-04,5200.0,5215.64990234375,5108.85009765625,5175.64990234375,5648
2024-07-05,5200.0,5200.0,5047.10009765625,5146.10009765625,18352
2024-07-08,5146.10009765625,5196.25,4921.10009765625,4972.39990234375,7324
2024-07-09,4972.35009765625,5124.9501953125,4965.0498046875,5007.7998046875,10880
2024-07-10,5025.75,5116.64990234375,4775.7998046875,4899.7998046875,10125
2024-07-11,4900.0,5171.0,4889.9501953125,5108.7998046875,8267
2024-07-12,5110.4501953125,5201.5498046875,5060.0,5089.64990234375,7517
2024-07-15,5100.0,5200.0,5020.0,5179.60009765625,7180
2024-07-16,5179.60009765625,5267.60009765625,5120.39990234375,5166.4501953125,5479
2024-07-18,5197.0,5197.0,5010.0,5162.75,7241
2024-07-19,5191.0,5191.0,4945.0,4971.75,6500
2024-07-22,4950.0,5006.0498046875,4832.0498046875,4917.89990234375,4930
2024-07-23,4949.85009765625,5097.0,4792.5498046875,5052.60009765625,7481
2024-07-24,5000.10009765625,5089.85009765625,4975.0498046875,5046.0498046875,3829
2024-07-25,5006.0498046875,5112.64990234375,5001.9501953125,5068.9501953125,2551
2024-07-26,5101.0,5320.0,5007.5,5102.14990234375,8292
2024-07-29,5147.60009765625,5182.4501953125,5044.25,5078.85009765625,3984
2024-07-30,5078.85009765625,5190.0,5077.7998046875,5184.0498046875,4584
2024-07-31,5184.0498046875,5250.0,5136.0,5199.7998046875,3214
2024-08-01,5223.25,5290.0,5103.60009765625,5124.25,6286
2024-08-02,5076.0498046875,5102.2001953125,5021.0,5054.0,4649
2024-08-05,4950.10009765625,4980.0,4802.7001953125,4866.10009765625,8105
2024-08-06,4866.10009765625,4967.9501953125,4745.4501953125,4796.5498046875,8209
2024-08-07,4820.0,4925.0,4802.5498046875,4907.2998046875,4991
2024-08-08,4877.5,4923.39990234375,4811.0,4840.2001953125,1899
2024-08-09,4980.0,4990.0,4859.14990234375,4901.25,3005
2024-08-12,4901.25,4950.0,4800.0,4821.7998046875,4179
2024-08-13,4821.7998046875,4855.10009765625,4745.4501953125,4754.25,3030
2024-08-14,4795.0,4795.0,4668.10009765625,4724.4501953125,3872
2024-08-16,4720.0,4854.39990234375,4720.0,4824.9501953125,4373
2024-08-19,4781.2001953125,4985.0,4781.2001953125,4863.85009765625,2998
2024-08-20,4865.0498046875,5040.0,4865.0,5003.89990234375,5799
2024-08-21,5398.9501953125,5615.89990234375,5250.0,5582.60009765625,82324
2024-08-22,5570.0,5650.0,5410.0,5587.5,20203
2024-08-23,5605.2001953125,5647.9501953125,5506.14990234375,5549.7001953125,6594
2024-08-26,5566.14990234375,5599.0,5450.10009765625,5581.5498046875,6230
2024-08-27,5600.0,5690.0,5485.0,5583.75,20109
2024-08-28,5650.0,5725.0,5475.0,5516.0498046875,21719
2024-08-29,5578.25,5580.0,5475.0498046875,5565.14990234375,6374
2024-08-30,5598.25,5600.0,5482.7001953125,5495.60009765625,3106
2024-09-02,5568.10009765625,5568.10009765625,5401.10009765625,5435.7998046875,3207
2024-09-03,5455.0,5490.0,5432.10009765625,5452.2001953125,4908
2024-09-04,5524.10009765625,5535.2998046875,5436.0498046875,5454.85009765625,3303
2024-09-05,5456.0,5580.0,5456.0,5512.75,4782
2024-09-06,5525.7998046875,5543.9501953125,5331.25,5379.9501953125,4670
2024-09-09,5396.0,5400.0,5174.9501953125,5281.25,6670
2024-09-10,5331.0,5434.5,5300.10009765625,5374.10009765625,4350
2024-09-11,5427.85009765625,5451.5498046875,5328.10009765625,5362.2001953125,4918
2024-09-12,5425.7998046875,5439.60009765625,5300.0498046875,5418.0,4564
2024-09-13,5472.2001953125,5540.0,5425.0,5489.85009765625,4700
2024-09-16,5690.0,5690.0,5228.9501953125,5348.0498046875,4351
2024-09-17,5370.0,5440.0,5340.0498046875,5358.60009765625,3237
2024-09-18,5379.5498046875,5450.0498046875,5298.39990234375,5377.7998046875,5795
2024-09-19,5443.0,5443.0,5132.5498046875,5241.9501953125,6738
2024-09-20,5280.2001953125,5413.2001953125,5231.0,5372.9501953125,5332
2024-09-23,5412.2001953125,5560.0,5381.0,5525.2001953125,6877
2024-09-24,5525.2001953125,5687.0,5440.5498046875,5598.5,11988
2024-09-25,5601.0,5750.0,5550.25,5581.89990234375,15815
2024-09-26,5607.0498046875,5670.0,5490.0498046875,5542.89990234375,5197
2024-09-27,5566.7998046875,5669.9501953125,5517.7998046875,5538.25,4190
2024-09-30,5562.2001953125,5610.2001953125,5425.0,5494.25,3449
2024-10-01,5616.0,5647.0,5531.75,5619.5498046875,5290
2024-10-03,5620.0,5639.5,5395.5498046875,5443.2998046875,5712
2024-10-04,5482.9501953125,5569.0,5244.5498046875,5304.7998046875,4954
2024-10-07,5384.35009765625,5384.35009765625,5004.0,5065.5,8022
2024-10-08,5065.5,5220.0,5002.0,5184.5498046875,5200
2024-10-09,5248.0,5248.0,5145.0,5191.5,3271
2024-10-10,5200.0,5225.89990234375,5115.0,5159.2998046875,5677
2024-10-11,5160.9501953125,5351.39990234375,5159.35009765625,5290.75,4218
2024-10-14,5350.0,5380.0,5232.14990234375,5278.9501953125,3266
2024-10-15,5315.0,5899.0,5315.0,5643.7001953125,35743
2024-10-16,5643.7001953125,5890.0498046875,5555.75,5792.9501953125,22746
2024-10-17,5800.0,5890.0,5640.0,5743.14990234375,12159
2024-10-18,5802.0,6340.0,5800.0,6280.0498046875,66599
2024-10-21,6445.0,7536.0498046875,6420.0,7536.0498046875,149305
2024-10-22,8178.0,8207.4501953125,7105.64990234375,7305.64990234375,111669
2024-10-23,7476.0,7500.0,7000.0,7218.14990234375,33272
2024-10-24,7112.0498046875,7209.9501953125,6697.0,6773.39990234375,26595
2024-10-25,6815.14990234375,6899.0,6302.35009765625,6575.5,19940
2024-10-29,7500.0,7500.0,7243.39990234375,7243.39990234375,3304
2024-10-30,6881.25,6881.25,6881.25,6881.25,640
2024-10-31,6537.2001953125,6786.0,6537.2001953125,6570.5498046875,10439
2024-11-01,6720.0,6720.0,6446.0,6495.85009765625,1733
2024-11-04,6575.0,6575.0,6171.0498046875,6171.0498046875,2875
2024-11-05,6154.0,6154.0,5862.5,5972.35009765625,6656
2024-11-06,5972.35009765625,6085.0,5780.0,5962.0498046875,4224
2024-11-07,6010.0,6040.0,5847.0,6013.4501953125,3462
2024-11-08,6050.0,6314.10009765625,6001.0,6314.10009765625,5962
2024-11-11,6525.0,6629.7998046875,6425.0,6549.64990234375,12796
2024-11-12,6844.0,6844.0,6222.2001953125,6339.60009765625,9942
2024-11-13,6499.9501953125,6600.0,5762.0,5822.85009765625,13009
2024-11-14,5851.0,6089.0,5805.14990234375,5999.75,13069
2024-11-18,6149.9501953125,6780.0,5955.0498046875,6413.14990234375,48822
2024-11-19,6540.0,6684.0,6303.5498046875,6420.64990234375,13490
2024-11-21,6420.64990234375,6420.64990234375,6150.0,6264.39990234375,8134
2024-11-22,6282.64990234375,6393.0,6149.9501953125,6212.85009765625,5089
2024-11-25,6480.0,6480.0,6100.0,6181.7001953125,4606
2024-11-26,6277.9501953125,6280.0,6075.0,6105.2001953125,4421
2024-11-27,6130.35009765625,6174.7998046875,6011.0,6037.85009765625,3371
2024-11-28,6075.14990234375,6200.0,6011.0,6043.2998046875,3299
2024-11-29,6117.9501953125,6153.75,5984.35009765625,6049.9501953125,3928
2024-12-02,6110.4501953125,6144.0,5949.9501953125,5996.64990234375,4128
2024-12-03,5930.0498046875,6090.0,5930.0498046875,6012.75,3464
2024-12-04,6019.60009765625,6046.0498046875,5855.60009765625,5960.2001953125,5101
2024-12-05,5975.0,5998.9501953125,5855.60009765625,5950.5,3926
2024-12-06,5960.0,5967.0,5858.85009765625,5890.75,3834
2024-12-09,5890.7998046875,6066.39990234375,5855.7001953125,5945.60009765625,6214
2024-12-10,5948.7998046875,6480.0,5904.60009765625,6186.0498046875,38390
2024-12-11,6214.85009765625,6275.0,6095.7001953125,6150.7998046875,11389
2024-12-12,6198.9501953125,6338.0498046875,6005.0,6082.9501953125,11654
2024-12-13,6069.89990234375,6090.25,5950.0,5970.64990234375,5282
2024-12-16,5988.5498046875,6089.7998046875,5900.0,6017.0498046875,8684
2024-12-17,6017.0498046875,6038.9501953125,5901.0,5907.85009765625,5034
2024-12-18,5901.0,5901.0,5748.0498046875,5816.35009765625,10427
2024-12-19,5830.0,5830.0,5645.0,5757.0498046875,6846
2024-12-20,5798.9501953125,5798.9501953125,5501.0,5560.14990234375,8791
2024-12-23,5566.0,5692.60009765625,5406.85009765625,5443.64990234375,4385
2024-12-24,5449.9501953125,5724.85009765625,5425.0498046875,5522.14990234375,7209
2024-12-26,5547.0498046875,5569.2001953125,5451.0498046875,5489.4501953125,2671
2024-12-27,5501.0,5609.89990234375,5421.0,5436.75,3300
2024-12-30,5411.0498046875,5473.9501953125,5380.0,5396.25,2028
2024-12-31,5372.2998046875,5451.25,5251.0498046875,5433.60009765625,7694
2025-01-01,5361.14990234375,5510.9501953125,5350.0,5404.0,6500
2025-01-02,5400.0,5500.0,5395.0,5439.39990234375,3943
2025-01-03,5521.0,5541.89990234375,5400.0498046875,5425.10009765625,4142
2025-01-06,5401.0,5409.4501953125,5100.10009765625,5203.0498046875,10850
2025-01-07,5194.9501953125,5272.64990234375,5180.10009765625,5224.7998046875,4526
2025-01-08,5228.0,5240.60009765625,4958.9501953125,5077.89990234375,8716
2025-01-09,5120.0,5132.0,4969.9501953125,5012.35009765625,2980
2025-01-10,5062.4501953125,5062.4501953125,4845.0,4866.64990234375,4782
2025-01-13,4816.0,4898.89990234375,4625.5,4651.5,6343
2025-01-14,4698.9501953125,4782.2001953125,4596.35009765625,4721.7001953125,6253
2025-01-15,4822.0,4832.0,4679.2998046875,4723.4501953125,8336
2025-01-16,4850.0,4891.14990234375,4790.4501953125,4863.85009765625,5069
2025-01-17,4846.4501953125,5180.0,4783.5498046875,5053.0,7768
2025-01-20,5016.0498046875,5121.64990234375,4968.0,5034.14990234375,4310
2025-01-21,5098.60009765625,5098.9501953125,4776.0,4872.75,4053
2025-01-22,4905.0,4934.10009765625,4804.2001953125,4835.5498046875,3160
2025-01-23,4815.60009765625,4920.0,4811.0,4830.39990234375,2337
2025-01-24,4854.39990234375,4959.89990234375,4725.0498046875,4830.7001953125,2635
2025-01-27,4777.85009765625,4777.85009765625,4515.0,4570.2998046875,3134
2025-01-28,4618.5,4638.0,4388.2998046875,4453.10009765625,5709
2025-01-29,4465.0,4660.0,4465.0,4588.7001953125,2885
2025-01-30,4657.4501953125,4670.0,4505.7001953125,4519.0498046875,2339
2025-01-31,4541.60009765625,4640.10009765625,4518.5498046875,4587.64990234375,1989
2025-02-01,4587.0498046875,4622.0,4558.2001953125,4593.2001953125,753
2025-02-03,4612.14990234375,4612.14990234375,4462.5498046875,4507.5,1977
2025-02-04,4473.39990234375,4578.0498046875,4473.39990234375,4550.4501953125,2676
2025-02-05,4550.9501953125,4690.0498046875,4549.5498046875,4629.9501953125,2403
2025-02-06,4571.10009765625,4662.4501953125,4570.0,4580.7998046875,1697
2025-02-07,4609.9501953125,4609.9501953125,4430.7001953125,4465.5498046875,2981
2025-02-10,4475.0,4475.0,4361.0498046875,4407.4501953125,4493
2025-02-11,4402.0,4424.0,4215.0,4235.14990234375,3543
2025-02-12,4250.0,4286.35009765625,4036.550048828125,4093.60009765625,4570
2025-02-13,4105.0,4271.10009765625,4105.0,4118.7998046875,4365
2025-02-14,4175.0,4175.0,3909.39990234375,4008.050048828125,4738
2025-02-17,4028.10009765625,4111.0,3900.050048828125,4079.64990234375,4896
2025-02-18,4158.7998046875,4158.7998046875,3890.050048828125,3960.199951171875,3415
2025-02-19,3960.199951171875,4252.4501953125,3902.050048828125,3977.10009765625,10359
2025-02-20,3989.050048828125,4101.75,3965.39990234375,3975.75,7354
2025-02-21,3940.0,4060.0,3918.64990234375,4008.25,10160
2025-02-24,4008.25,4008.25,3884.050048828125,3924.39990234375,3083
2025-02-25,3948.0,3982.10009765625,3910.0,3924.25,3405
2025-02-27,3930.0,3950.0,3804.10009765625,3839.25,3861
2025-02-28,3800.0,3821.64990234375,3665.0,3686.050048828125,3605
2025-03-03,3725.0,3732.199951171875,3325.0,3387.10009765625,19277
2025-03-04,3390.0,3526.949951171875,3279.550048828125,3324.300048828125,17985
2025-03-05,3310.0,3550.0,3310.0,3524.5,6420
2025-03-06,3521.0,3730.0,3521.0,3674.949951171875,8453
2025-03-07,3685.0,3841.0,3670.64990234375,3771.25,7180
2025-03-10,3733.25,3778.800048828125,3650.0,3672.699951171875,4721
2025-03-11,3591.0,3642.199951171875,3571.050048828125,3595.35009765625,6558
2025-03-12,3585.699951171875,3634.0,3540.0,3563.25,6639
2025-03-13,3563.25,3640.0,3500.0,3521.85009765625,3905
2025-03-17,3521.85009765625,3530.64990234375,3484.050048828125,3500.75,7593
2025-03-19,3606.5,3800.0,3606.5,3785.199951171875,8799
2025-03-20,3804.10009765625,4148.0,3804.10009765625,4002.60009765625,16378
2025-03-21,4150.0,4379.0,4125.25,4347.85009765625,28911
2025-03-24,4380.0,4495.85009765625,4220.0,4298.64990234375,23536
2025-03-25,4359.85009765625,4444.0,4054.0,4157.75,20362
2025-03-26,4145.0,4188.60009765625,4000.0,4013.25,9076
2025-03-27,4022.0,4083.39990234375,3952.0,3971.050048828125,8789
2025-03-28,4015.0,4076.0,3798.35009765625,3818.39990234375,17923
2025-04-01,3845.0,4142.60009765625,3845.0,4059.64990234375,13998
2025-04-02,4086.89990234375,4140.0,3983.050048828125,4110.0498046875,7970
2025-04-03,4118.2001953125,4395.0,4007.35009765625,4361.85009765625,18141
2025-04-04,4390.0,4393.35009765625,4135.0,4178.2001953125,8351
2025-04-07,3970.0,4045.75,3884.800048828125,3991.89990234375,8764
2025-04-08,4052.25,4127.9501953125,4026.64990234375,4082.25,5329
2025-04-09,4020.0,4173.5,3999.64990234375,4118.10009765625,4717
2025-04-11,4151.14990234375,4220.7998046875,4135.0,4199.89990234375,4132
2025-04-15,4201.0,4320.10009765625,4201.0,4283.0,4744
2025-04-16,4315.2998046875,4454.89990234375,4301.2998046875,4332.5,8932
2025-04-17,4360.0,4485.5,4310.5,4414.0,7653
2025-04-21,4449.0,4560.0,4415.0,4511.89990234375,6270
2025-04-22,4518.2001953125,4579.0,4501.0,4561.39990234375,5907
2025-04-23,4600.0,4600.0,4430.7001953125,4523.7001953125,5706
2025-04-24,4523.7001953125,4561.89990234375,4501.2001953125,4541.7001953125,3235
2025-04-25,4510.0,4548.0,4365.10009765625,4387.10009765625,8147
2025-04-28,4385.0,4422.89990234375,4287.7001953125,4375.5,5719
2025-04-29,4415.89990234375,4473.39990234375,4390.0,4399.0,2882
2025-04-30,4414.2001953125,4444.60009765625,4250.0,4281.60009765625,5007
2025-05-02,4295.0,4350.0,4273.7998046875,4285.2001953125,2400
2025-05-05,4306.60009765625,4331.2001953125,4223.2998046875,4300.2001953125,3541
2025-05-06,4306.0,4336.0,4100.0,4129.7001953125,4303
2025-05-07,4130.0,4262.5,4045.5,4199.7998046875,5853
2025-05-08,4228.39990234375,4248.5,4105.0,4168.7998046875,4464
2025-05-09,4105.0,4153.39990234375,4054.300048828125,4129.7998046875,3966
2025-05-12,4324.89990234375,4370.0,4263.10009765625,4330.2001953125,4475
2025-05-13,4329.0,4498.5,4271.2001953125,4361.89990234375,6029
2025-05-14,4370.10009765625,4470.0,4342.5,4450.5,4101
2025-05-15,4435.0,4684.7998046875,4415.60009765625,4637.2001953125,8866
2025-05-16,4650.0,4750.0,4620.2001953125,4726.2001953125,5957
2025-05-19,4741.10009765625,4837.39990234375,4712.10009765625,4739.89990234375,6497
2025-05-20,4740.0,4792.2001953125,4680.0,4691.89990234375,4216
2025-05-21,4665.7001953125,4740.0,4650.0,4712.60009765625,6224
2025-05-22,4689.89990234375,4771.7001953125,4670.0,4704.10009765625,3545
2025-05-23,4722.7001953125,4750.0,4640.2001953125,4715.2001953125,4160
2025-05-26,4712.0,4768.7001953125,4682.0,4749.7001953125,4176
2025-05-27,4702.60009765625,4702.60009765625,4610.10009765625,4657.10009765625,8279
2025-05-28,4703.7001953125,4763.89990234375,4616.0,4732.60009765625,3651
2025-05-29,4740.0,4750.89990234375,4675.0,4713.0,3843
2025-05-30,4687.60009765625,4736.7001953125,4656.10009765625,4706.5,2688
2025-06-02,4706.5,4755.0,4654.60009765625,4712.2998046875,6495
2025-06-03,4762.0,4909.89990234375,4711.0,4809.39990234375,10718
2025-06-04,4825.60009765625,4988.0,4809.39990234375,4961.10009765625,10848
2025-06-05,5050.0,5294.7001953125,5011.0,5232.2998046875,44862
2025-06-06,5293.89990234375,5607.0,5199.0,5414.60009765625,67396
2025-06-09,5418.89990234375,5595.0,5320.60009765625,5510.10009765625,53510
2025-06-10,5518.0,5518.0,5382.0,5426.39990234375,20522
2025-06-11,5425.0,5480.0,5339.39990234375,5353.0,16089
2025-06-12,5390.0,5442.0,5239.7001953125,5273.0,14373
2025-06-13,5249.89990234375,5312.7998046875,5151.89990234375,5223.0,10322
2025-06-16,5217.0,5348.0,5142.60009765625,5327.2001953125,19355
2025-06-17,5334.5,5375.0,5140.39990234375,5205.7998046875,13287
2025-06-18,5230.0,5320.5,5150.5,5198.60009765625,11496
2025-06-19,5201.0,5253.0,5040.0,5067.60009765625,9565
2025-06-20,5118.5,5183.0,5043.7001953125,5089.39990234375,8971
2025-06-23,5051.7001953125,5131.39990234375,5037.60009765625,5086.2001953125,4859
2025-06-24,5187.0,5225.0,5114.89990234375,5148.60009765625,9108
2025-06-25,5164.89990234375,5246.60009765625,5164.89990234375,5228.89990234375,6228
2025-06-26,5211.0,5282.39990234375,5211.0,5258.0,6943
2025-06-27,5275.0,5725.0,5172.2001953125,5588.10009765625,112867
2025-06-30,5672.0,5710.0,5505.2001953125,5544.39990234375,13791
2025-07-01,5515.5,5569.0,5464.0,5482.0,7121
2025-07-02,5482.0,5540.0,5431.0,5506.5,7716
2025-07-03,5451.5,5615.5,5451.0,5469.5,8137
2025-07-04,5469.5,5500.0,5444.0,5476.0,3504
2025-07-07,5485.0,5519.5,5324.0,5415.0,10263
2025-07-08,5375.0,5515.0,5375.0,5428.0,6456
2025-07-09,5434.0,5454.0,5389.0,5433.5,4768
2025-07-10,5446.5,5510.0,5415.0,5435.5,5223
2025-07-11,5475.0,5475.0,5280.5,5318.0,6367
2025-07-14,5317.0,5325.0,5240.0,5291.0,4388
2025-07-15,5317.0,5348.0,5299.0,5306.0,2470
2025-07-16,5323.0,5365.5,5321.5,5348.0,1664
2025-07-17,5348.0,5404.5,5325.0,5354.5,2863
2025-07-18,5337.5,5353.0,5300.0,5314.5,2910
2025-07-21,5314.5,5333.5,5250.5,5292.0,2387
2025-07-22,5330.0,5375.0,5289.0,5316.5,2808
2025-07-23,5316.5,5333.5,5271.0,5280.0,1908
2025-07-24,5270.0,5345.0,5147.5,5171.5,5760
2025-07-25,5190.0,5190.0,5099.5,5112.5,3836
2025-07-28,5125.0,5140.5,5095.0,5100.5,4105
2025-07-29,5058.0,5180.0,5058.0,5142.0,2437
2025-07-30,5106.5,5189.5,5106.5,5142.0,1198
2025-07-31,5100.0,5119.5,5020.5,5083.5,2475
2025-08-01,5036.0,5125.0,5026.0,5029.5,1525
2025-08-04,5006.0,5080.0,5005.5,5054.5,1853
2025-08-05,5025.0,5131.5,5020.5,5061.0,2702
2025-08-06,5025.5,5053.0,4951.0,5033.5,3486
2025-08-07,5048.5,5048.5,4917.0,5002.5,2506
2025-08-08,4950.0,5029.0,4932.5,4978.0,2114
2025-08-11,4925.5,4974.5,4872.0,4890.0,3212
2025-08-12,4895.0,4903.5,4860.0,4874.5,989
2025-08-13,4846.5,5085.0,4798.5,5057.5,10680
2025-08-14,5079.0,5088.0,4891.5,4958.0,1634
2025-08-18,5200.0,5200.0,4988.0,5031.5,2853
2025-08-19,5041.5,5140.5,5024.0,5113.0,2469
2025-08-20,5072.5,5150.0,5065.0,5128.5,1550
2025-08-21,5105.0,5143.0,5070.0,5090.5,1913
2025-08-22,5055.0,5090.0,5016.0,5039.5,1909
2025-08-25,5040.5,5061.0,4915.0,4975.5,2833
2025-08-26,4935.0,4956.0,4884.5,4928.5,2163
2025-08-28,4890.0,4944.5,4861.0,4877.0,1615
2025-08-29,4855.5,4931.5,4851.0,4866.0,735
2025-09-01,4850.0,5087.89990234375,4850.0,5048.5,3570
2025-09-02,5000.0,5140.0,5000.0,5090.7001953125,5786
2025-09-03,5071.0,5180.0,5071.0,5170.2998046875,2290
2025-09-04,5200.0,5235.0,5101.0,5107.7998046875,3710
2025-09-05,5126.7001953125,5150.0,5060.2998046875,5125.89990234375,2084
2025-09-08,5135.89990234375,5211.0,5104.0,5148.7001953125,2253
2025-09-09,5150.10009765625,5225.0,5130.0,5196.39990234375,5028
2025-09-10,5205.0,5278.60009765625,5190.0,5205.0,3162
2025-09-11,5110.0,5309.0,5110.0,5286.5,5471
2025-09-12,5262.10009765625,5300.0,5181.10009765625,5209.39990234375,2945
2025-09-15,5165.10009765625,5257.7001953125,5165.10009765625,5242.7998046875,2502
2025-09-16,5201.2001953125,5275.0,5201.2001953125,5267.10009765625,1589
2025-09-17,5260.0,5340.0,5250.10009765625,5271.5,2950
2025-09-18,5261.0,5430.0,5261.0,5411.0,11669
2025-09-19,5418.39990234375,5509.89990234375,5392.10009765625,5495.10009765625,17475
2025-09-22,5495.0,5525.0,5340.0,5355.60009765625,4555
2025-09-23,5324.10009765625,5350.0,5252.10009765625,5309.5,2877
2025-09-24,5377.0,5590.0,5295.2998046875,5434.89990234375,12611
2025-09-25,5449.0,5454.0,5340.10009765625,5365.0,3032
2025-09-26,5430.0,5430.0,5250.0,5270.39990234375,2743
2025-09-29,5297.0,5326.39990234375,5222.2998046875,5305.39990234375,2282
2025-09-30,5333.5,5400.0,5268.2001953125,5355.0,4382
2025-10-01,5312.5,5565.0,5312.5,5405.0,10841
2025-10-03,5405.0,5666.0,5381.0,5607.0,23378
2025-10-06,5649.5,5709.0,5463.0,5501.5,9784
2025-10-07,5542.5,5542.5,5361.0,5393.0,4213
2025-10-08,5418.0,5470.0,5337.0,5355.5,2741
2025-10-09,5355.0,5377.0,5274.5,5297.0,3353
2025-10-10,5318.0,5360.0,5266.0,5296.5,2528
2025-10-13,5316.5,5319.5,5260.5,5283.5,1829
2025-10-14,5276.0,5355.0,5250.0,5255.5,1448
2025-10-15,5242.0,5300.0,5242.0,5273.0,1173
2025-10-16,5298.0,5460.0,5272.5,5363.5,6931
2025-10-17,5608.0,5899.5,5550.5,5630.0,97205
2025-10-20,5709.0,5880.0,5709.0,5788.0,19493
2025-10-21,5879.0,5909.0,5790.0,5809.5,3744
2025-10-23,5850.0,5980.0,5747.5,5779.0,18171
2025-10-24,5751.0,5812.0,5525.5,5628.0,7261
2025-10-27,5676.0,5736.0,5638.5,5670.5,5154
2025-10-28,5681.0,5797.0,5654.0,5724.0,6966
2025-10-29,5877.0,5877.0,5583.5,5583.5,2988
2025-10-30,5304.5,5399.0,5304.5,5310.0,5804
2025-10-31,5219.0,5410.0,5125.5,5285.0,2241
2025-11-03,5260.0,5300.0,5180.0,5232.5,2324
2025-11-04,5287.5,5300.0,5200.0,5234.5,1958
2025-11-06,5329.5,5329.5,5075.0,5096.0,3018
2025-11-07,5100.0,5300.0,4980.0,5281.0,3059
2025-11-10,5292.0,5292.0,5156.0,5261.0,1513
2025-11-11,5241.0,5241.0,5111.0,5185.0,1170
2025-11-12,5160.0,5285.5,5160.0,5256.5,1751
2025-11-13,5398.0,5398.0,5201.0,5274.5,1753
2025-11-14,5270.0,5358.0,5249.0,5334.0,1155
2025-11-17,5333.5,5382.0,5304.0,5358.0,1486
2025-11-18,5395.0,5425.5,5149.5,5222.0,3959
2025-11-19,5247.0,5253.5,5170.5,5241.5,1884
2025-11-20,5208.0,5391.0,5208.0,5305.5,3534
2025-11-21,5279.0,5324.5,5255.0,5273.5,1488
2025-11-24,5229.0,5318.5,5180.0,5202.0,1765
2025-11-25,5206.5,5259.5,5100.5,5119.5,2482
2025-11-26,5119.0,5180.0,5119.0,5141.0,3108
2025-11-27,5146.0,5150.0,5000.0,5056.5,3294
2025-11-28,5061.5,5147.5,5047.0,5112.5,1706
2025-12-01,5112.5,5243.5,5112.5,5179.0,1972
2025-12-02,5147.0,5269.0,5136.0,5244.5,3147
2025-12-03,5221.0,5260.5,5147.5,5185.0,1648
2025-12-04,5181.0,5205.0,5121.5,5158.5,1339
2025-12-05,5150.0,5165.0,5105.0,5138.0,1673
2025-12-08,5179.5,5179.5,5070.0,5136.5,3566
2025-12-09,5110.0,5190.0,5081.0,5167.0,4468
2025-12-10,5118.5,5225.0,5100.5,5135.5,1105
2025-12-11,5126.5,5229.0,5080.0,5161.5,2450
2025-12-12,5174.5,5256.5,5174.5,5229.0,2863
2025-12-15,5193.5,5214.5,5101.0,5119.0,2236
2025-12-16,5106.0,5200.0,5101.0,5181.0,1995
2025-12-17,5154.5,5348.0,5039.5,5307.5,56737
2025-12-18,5299.0,5299.0,5141.0,5156.5,3453
2025-12-19,5234.0,5234.0,5103.0,5158.5,964
2025-12-22,5152.0,5230.0,5152.0,5208.0,2425
2025-12-23,5208.0,5225.0,5151.5,5165.0,1206
2025-12-24,5151.5,5209.0,5140.0,5152.5,878
2025-12-26,5152.5,5450.0,5070.0,5363.0,17426
2025-12-29,5363.0,5363.0,5174.0,5183.5,2634
2025-12-30,5186.0,5200.0,5160.0,5187.5,1428
2025-12-31,5230.0,5232.0,5184.5,5223.5,1539
2026-01-01,5225.0,5225.0,5166.0,5179.0,1070
2026-01-02,5171.5,5204.5,5151.0,5170.0,1959
2026-01-05,5151.5,5180.0,5120.0,5137.0,2720
2026-01-06,5168.0,5168.0,5080.0,5084.0,2181
2026-01-07,5050.5,5114.0,5050.5,5095.5,1586
2026-01-08,5070.0,5088.5,4985.0,5008.0,3110
2026-01-09,4992.0,5001.0,4919.0,4936.0,1885
2026-01-12,4902.0,4994.0,4815.5,4961.0,2007
2026-01-13,4950.0,4987.0,4861.0,4914.5,1789
2026-01-14,4901.0,4944.5,4857.0,4869.0,1210
2026-01-16,4874.0,4895.5,4800.0,4828.0,3870
2026-01-19,4799.0,4800.5,4715.5,4748.5,3197
2026-01-20,4701.0,4732.0,4658.5,4693.0,2097
2026-01-21,4672.0,4750.0,4545.0,4654.0,3480
2026-01-22,4659.5,4748.5,4610.0,4703.5,2056
2026-01-23,4663.5,4713.0,4520.0,4576.5,2444
2026-01-27,4550.0,4646.0,4500.0,4632.0,1534
2026-01-28,4601.0,4700.0,4583.5,4659.0,1456
2026-01-29,4611.0,4683.0,4611.0,4661.0,1528
2026-01-30,4653.5,4703.5,4575.0,4614.5,2246
2026-02-02,4560.0,4580.0,4500.0,4543.2001953125,1915
2026-02-03,4680.0,4700.0,4604.39990234375,4635.89990234375,1616
2026-02-04,4645.0,4696.0,4600.0,4642.60009765625,1223
2026-02-05,4665.7998046875,4665.7998046875,4550.0,4610.2001953125,1096
2026-02-06,4597.89990234375,4625.0,4576.60009765625,4610.7001953125,884
2026-02-09,4575.0,4654.10009765625,4551.0,4614.7998046875,2839
2026-02-10,4657.5,4759.89990234375,4646.7998046875,4737.2001953125,1940
2026-02-11,4704.0,4727.5,4635.89990234375,4661.7001953125,1892
2026-02-12,4661.7001953125,4661.7001953125,4590.0,4602.39990234375,1173
2026-02-13,4590.0,4628.60009765625,4532.2998046875,4572.5,1602
2026-02-16,4510.0,4584.7001953125,4510.0,4545.2998046875,1716
2026-02-17,4521.5,4585.0,4521.5,4565.7998046875,1347
2026-02-18,4542.89990234375,4747.0,4542.2998046875,4677.89990234375,1464
2026-02-19,4655.0,4667.39990234375,4575.0,4583.2001953125,719
2026-02-20,4625.5,4685.7998046875,4550.39990234375,4576.10009765625,1183
2026-02-23,4580.5,4625.89990234375,4524.2001953125,4541.7001953125,835
2026-02-24,4539.89990234375,4544.2001953125,4410.10009765625,4497.89990234375,1679
2026-02-25,4500.89990234375,4551.89990234375,4473.10009765625,4529.2001953125,1952
2026-02-26,4506.5,4725.0,4506.5,4651.60009765625,3301
2026-02-27,4651.60009765625,4684.0,4569.7998046875,4596.0,1745
2026-03-02,4422.2998046875,4507.7998046875,4405.39990234375,4467.0,4406
2026-03-04,4402.10009765625,4472.7998046875,4331.0,4416.2001953125,2311
2026-03-05,4439.0,4444.0,4350.0,4392.89990234375,1786
2026-03-06,4396.0,4640.0,4364.60009765625,4577.5,4136
2026-03-09,4414.5,4489.89990234375,4401.0,4459.7998046875,5636
2026-03-10,4481.10009765625,4520.7998046875,4442.5,4499.2001953125,1551
2026-03-11,4474.60009765625,4489.89990234375,4324.0,4423.0,1166
2026-03-12,4400.0,4462.89990234375,4379.2001953125,4441.0,3865
2026-03-13,4422.5,4426.2001953125,4283.0,4287.60009765625,1933
2026-03-16,4283.0,4283.10009765625,4150.0,4234.2001953125,2982
2026-03-17,4244.0,4500.0,4230.39990234375,4437.60009765625,8208
2026-03-18,4380.0,4801.39990234375,4380.0,4786.10009765625,12564
2026-03-19,4705.0,5000.0,4656.7001953125,4846.2998046875,31415
2026-03-20,4870.5,4999.7998046875,4722.7998046875,4738.60009765625,36353
2026-03-23,4615.0,4727.39990234375,4481.2001953125,4581.10009765625,6106
2026-03-24,4585.0,4596.2001953125,4491.60009765625,4514.7001953125,2754
2026-03-25,4593.0,4593.0,4465.10009765625,4537.7001953125,3120
2026-03-27,4515.0,4515.0,4350.0,4379.7001953125,3164
2026-03-30,4415.89990234375,4439.89990234375,4092.199951171875,4155.10009765625,3579
2026-04-01,4182.5,4460.0,4182.5,4410.5,1312
2026-04-02,4357.10009765625,4437.7998046875,4228.10009765625,4408.7001953125,2140
2026-04-06,4440.10009765625,4450.0,4380.0,4431.10009765625,1490
2026-04-07,4443.89990234375,4485.0,4350.0,4393.0,636
2026-04-08,4500.0,4545.0,4457.10009765625,4514.39990234375,2288
2026-04-09,4542.7998046875,4625.0,4455.7001953125,4491.7001953125,1717
2026-04-10,4560.0,4624.0,4510.7001953125,4597.2001953125,1532
2026-04-13,4574.2998046875,4607.0,4501.5,4538.39990234375,1667
2026-04-15,4606.0,5039.39990234375,4600.0,4856.89990234375,7389
2026-04-16,4856.7998046875,4900.0,4774.0,4807.5,1928
2026-04-17,4800.0,4948.89990234375,4800.0,4928.39990234375,2874
2026-04-20,4907.2001953125,4937.89990234375,4828.0,4871.39990234375,2140
2026-04-21,4909.0,4932.0,4805.2001953125,4844.5,1478
2026-04-22,4848.0,4917.89990234375,4775.10009765625,4832.0,2468
2026-04-23,4887.10009765625,4900.10009765625,4747.0,4795.10009765625,2410
2026-04-24,4794.2998046875,4830.0,4720.0,4728.0,1942
2026-04-27,4772.0,4848.0,4750.0,4770.5,1633
2026-04-28,4775.39990234375,4804.7998046875,4760.0,4785.89990234375,1061
2026-04-29,4810.0,4838.39990234375,4752.0,4771.7998046875,2903
2026-04-30,4790.0,4790.0,4650.0,4717.2001953125,1715
2026-05-04,4758.60009765625,4790.0,4676.39990234375,4728.7998046875,3368
2026-05-05,4729.2998046875,4771.2001953125,4694.7001953125,4733.0,1370
2026-05-06,4735.0,4828.0,4735.0,4799.7998046875,1481
2026-05-07,4799.5,4865.0,4796.2001953125,4837.0,3022
2026-05-08,4850.0,4891.89990234375,4756.5,4816.5,5427
2026-05-11,4753.0,4789.89990234375,4680.2001953125,4733.2998046875,1727
2026-05-12,4722.2998046875,4722.2998046875,4550.0,4563.5,2582
2026-05-13,4533.5,4677.0,4290.2998046875,4401.39990234375,12010
2026-05-14,4480.0,4480.0,4376.7998046875,4426.2998046875,4242
2026-05-15,4466.0,4499.0,4421.2998046875,4455.0,2073
2026-05-18,4410.5,4424.89990234375,4360.2001953125,4399.89990234375,1827
2026-05-19,4392.0,4440.2998046875,4367.39990234375,4408.60009765625,976
2026-05-20,4364.0,4470.0,4357.89990234375,4437.7998046875,1114
2026-05-21,4450.0,4558.7998046875,4449.60009765625,4528.89990234375,5224
2026-05-22,4551.0,4649.0,4503.7001953125,4634.7998046875,2700
2026-05-25,4648.89990234375,4680.0,4540.5,4616.0,2833
2026-05-26,4640.2001953125,4689.60009765625,4605.10009765625,4634.7001953125,6174
2026-05-27,4587.5,4662.60009765625,4587.5,4632.10009765625,3242
2026-05-29,4620.0,4685.89990234375,4465.0,4489.2998046875,10406
2026-06-01,4490.0,4516.39990234375,4350.10009765625,4358.39990234375,5499
2026-06-02,4328.39990234375,4406.2998046875,4323.0,4361.89990234375,1505
2026-06-03,4401.2001953125,4401.2001953125,4285.2001953125,4322.5,1692
2026-06-04,4295.0,4389.89990234375,4225.0,4276.0,6926
2026-06-05,4313.0,4330.5,4215.0,4224.7998046875,4767
2026-06-08,4200.0,4229.7998046875,4168.10009765625,4182.7001953125,2003
2026-06-09,4185.0,4234.89990234375,4185.0,4218.5,1483
2026-06-10,4218.5,4334.7998046875,4216.5,4248.7001953125,2997
2026-06-11,4240.0,4249.7001953125,4200.0,4208.7001953125,921
2026-06-12,4232.89990234375,4325.0,4220.0,4288.0,1825
2026-06-15,4325.0,4420.0,4325.0,4380.60009765625,1872
2026-06-16,4370.89990234375,4444.7998046875,4355.10009765625,4414.39990234375,1435
2026-06-17,4374.89990234375,4440.2998046875,4374.89990234375,4431.0,1388
2026-06-18,4423.2001953125,4453.0,4374.0,4440.7001953125,868
2026-06-19,4439.89990234375,4480.0,4406.39990234375,4424.39990234375,843
2026-06-22,4450.89990234375,4487.60009765625,4416.39990234375,4433.60009765625,2104
2026-06-23,4450.0,4467.89990234375,4324.5,4336.2001953125,1753
2026-06-24,4340.0,4400.0,4335.0,4385.0,1571
2026-06-25,4417.0,4417.0,4317.60009765625,4397.60009765625,3601
2026-06-29,4398.7998046875,4398.7998046875,4340.60009765625,4348.10009765625,1300
2026-06-30,4352.39990234375,4374.2001953125,4340.2001953125,4349.0,714
2026-07-01,4349.0,4444.89990234375,4306.0,4402.2998046875,1164
2026-07-02,4401.2001953125,4479.7998046875,4399.89990234375,4436.7998046875,1208
2026-07-03,4450.0,4498.0,4400.10009765625,4415.7001953125,2175
2026-07-06,4415.7001953125,4434.7998046875,4391.0,4399.39990234375,583
2026-07-07,4421.39990234375,4427.89990234375,4376.0,4385.7001953125,594
2026-07-08,4390.0,4414.0,4250.0,4307.7001953125,2852
2026-07-09,4309.89990234375,4419.89990234375,4309.89990234375,4383.7998046875,1128
2026-07-10,4385.0,4520.0,4385.0,4434.5,3748
2026-07-13,4416.7998046875,4510.0,4414.0,4459.39990234375,1871
2026-07-14,4421.2001953125,4438.7998046875,4351.10009765625,4362.39990234375,2169
2026-07-15,4396.10009765625,4420.2001953125,4360.0,4361.39990234375,1152
2026-07-16,4300.0,4451.0,4300.0,4411.5,1137
2026-07-17,4393.89990234375,4410.0,4365.89990234375,4385.60009765625,511
2026-07-20,4397.60009765625,4399.7998046875,4353.7001953125,4368.5,923
2026-07-21,4356.0,4448.0,4356.0,4437.39990234375,1454
2026-07-22,4435.0,4435.0,4348.0,4352.2001953125,691
2026-07-23,4363.2001953125,4363.2001953125,4300.0,4303.2001953125,792
2026-07-24,4249.89990234375,4334.89990234375,4240.5,4311.39990234375,928
2026-07-27,4322.0,4362.0,4301.0,4345.2001953125,455
2026-07-28,4335.0,4343.7998046875,4230.0,4240.0,1884
2026-07-29,4278.39990234375,4319.89990234375,4270.0,4309.39990234375,904
