Date,Open,High,Low,Close,Volume
2011-08-02,113.0999984741211,114.80000305175781,107.0999984741211,109.69999694824219,797073
2011-08-03,108.30000305175781,109.8499984741211,106.05000305175781,108.9000015258789,482545
2011-08-04,109.44999694824219,111.5,107.5,108.5,256232
2011-08-05,106.5999984741211,109.25,101.30000305175781,108.05000305175781,810696
2011-08-08,104.0,105.44999694824219,93.6500015258789,102.3499984741211,499592
2011-08-09,99.0,103.80000305175781,95.0,102.44999694824219,489575
2011-08-10,105.0,105.75,103.5,105.0999984741211,245689
2011-08-11,104.94999694824219,107.1500015258789,103.05000305175781,106.80000305175781,213653
2011-08-12,108.5,113.0,107.0999984741211,109.0,648125
2011-08-16,109.5999984741211,112.94999694824219,107.0999984741211,107.8499984741211,501720
2011-08-17,108.9000015258789,109.25,103.30000305175781,108.05000305175781,325995
2011-08-18,107.0,109.5,104.5,105.55000305175781,347609
2011-08-19,103.0,106.25,100.80000305175781,104.6500015258789,259056
2011-08-22,103.0,107.5999984741211,102.19999694824219,106.19999694824219,279204
2011-08-23,107.5,108.94999694824219,106.0999984741211,108.69999694824219,133003
2011-08-24,108.0,110.94999694824219,108.0,110.6500015258789,284146
2011-08-25,111.19999694824219,112.0,110.0999984741211,110.75,143063
2011-08-26,109.0,111.4000015258789,103.55000305175781,104.5999984741211,176436
2011-08-29,104.9000015258789,112.44999694824219,104.9000015258789,110.5999984741211,756687
2011-08-30,111.44999694824219,113.0999984741211,110.69999694824219,112.0999984741211,404183
2011-09-02,112.9000015258789,113.0,111.3499984741211,112.9000015258789,127283
2011-09-05,110.0,115.25,110.0,112.5999984741211,648661
2011-09-06,113.25,113.25,112.0,112.44999694824219,288608
2011-09-07,112.94999694824219,113.05000305175781,112.0,112.55000305175781,286860
2011-09-08,110.5999984741211,113.19999694824219,110.5999984741211,112.75,185107
2011-09-09,113.25,113.25,112.25,112.80000305175781,170530
2011-09-12,112.6500015258789,113.05000305175781,110.0999984741211,112.80000305175781,192166
2011-09-13,113.80000305175781,113.80000305175781,112.25,112.9000015258789,194503
2011-09-14,113.0,115.3499984741211,112.0,114.69999694824219,352935
2011-09-15,116.0,117.44999694824219,112.19999694824219,114.3499984741211,397825
2011-09-16,114.94999694824219,126.4000015258789,113.0,123.44999694824219,941699
2011-09-19,123.0,125.19999694824219,119.5999984741211,123.5,538518
2011-09-20,123.0,143.35000610351562,123.0,138.8000030517578,5052972
2011-09-21,139.8000030517578,142.25,131.75,134.60000610351562,2076584
2011-09-22,131.75,133.35000610351562,125.0,126.19999694824219,671066
2011-09-23,124.0,124.4000015258789,120.25,122.44999694824219,600961
2011-09-26,122.0999984741211,122.0999984741211,112.05000305175781,115.5,526888
2011-09-27,116.55000305175781,128.3000030517578,116.0,123.44999694824219,2712861
2011-09-28,123.5,127.30000305175781,121.30000305175781,122.94999694824219,1030824
2011-09-29,123.0,123.9000015258789,119.5999984741211,120.6500015258789,473869
2011-09-30,121.0,125.5,121.0,121.55000305175781,454611
2011-10-03,119.1500015258789,124.0,117.55000305175781,122.75,751790
2011-10-04,121.0999984741211,125.3499984741211,119.30000305175781,121.9000015258789,435207
2011-10-05,122.80000305175781,125.19999694824219,119.25,120.19999694824219,416215
2011-10-07,122.4000015258789,124.75,119.5999984741211,120.0,305763
2011-10-10,120.0,133.4499969482422,119.25,131.64999389648438,1800168
2011-10-11,132.5,140.5,132.10000610351562,137.8000030517578,1933866
2011-10-12,139.39999389648438,140.75,135.39999389648438,137.89999389648438,934352
2011-10-13,139.89999389648438,155.0,136.64999389648438,137.75,771038
2011-10-14,138.4499969482422,145.25,135.60000610351562,139.64999389648438,1573202
2011-10-17,140.64999389648438,144.35000610351562,140.0,141.5,797613
2011-10-18,139.0,145.25,138.0,144.25,1106565
2011-10-19,144.60000610351562,148.0,142.8000030517578,144.3000030517578,1025303
2011-10-20,136.64999389648438,145.0,136.64999389648438,144.6999969482422,381400
2011-10-21,144.39999389648438,146.0,142.8000030517578,144.0500030517578,325938
2011-10-24,145.39999389648438,148.3000030517578,145.0500030517578,146.14999389648438,895436
2011-10-25,147.0,147.3000030517578,145.10000610351562,146.35000610351562,370334
2011-10-28,147.89999389648438,149.10000610351562,145.60000610351562,146.85000610351562,218090
2011-10-31,147.9499969482422,151.8000030517578,143.5,149.5,1003385
2011-11-01,145.35000610351562,150.85000610351562,145.10000610351562,146.9499969482422,328979
2011-11-02,145.85000610351562,151.5,145.0,149.8000030517578,1395265
2011-11-03,149.0500030517578,151.0,146.5500030517578,147.8000030517578,868067
2011-11-04,149.39999389648438,150.25,145.14999389648438,146.0500030517578,546208
2011-11-08,145.25,147.9499969482422,145.25,146.60000610351562,414969
2011-11-09,147.0,149.9499969482422,144.0500030517578,145.14999389648438,615202
2011-11-11,144.35000610351562,144.9499969482422,139.14999389648438,139.9499969482422,196997
2011-11-14,141.9499969482422,144.25,140.0,143.0500030517578,812369
2011-11-15,143.8000030517578,143.8000030517578,134.5,136.5500030517578,290791
2011-11-16,136.5500030517578,138.0,132.14999389648438,134.89999389648438,317938
2011-11-17,135.0,136.3000030517578,132.60000610351562,135.10000610351562,365567
2011-11-18,131.14999389648438,135.6999969482422,131.14999389648438,134.1999969482422,218926
2011-11-21,134.0,135.39999389648438,128.0,132.5,568524
2011-11-22,133.1999969482422,135.5,132.75,134.10000610351562,435138
2011-11-23,133.5500030517578,134.60000610351562,126.6500015258789,129.64999389648438,503434
2011-11-24,129.0,133.4499969482422,127.5,128.6999969482422,272742
2011-11-25,129.10000610351562,130.5,127.4000015258789,128.89999389648438,174786
2011-11-28,131.0,131.25,128.9499969482422,129.39999389648438,160354
2011-11-29,130.3000030517578,130.60000610351562,128.3000030517578,129.89999389648438,199021
2011-11-30,130.39999389648438,131.8000030517578,128.75,131.39999389648438,493074
2011-12-01,133.5,135.85000610351562,131.5,134.4499969482422,412210
2011-12-02,135.0,136.75,133.0,135.39999389648438,252512
2011-12-05,135.5,140.5,134.5,139.60000610351562,549815
2011-12-07,139.8000030517578,144.9499969482422,139.8000030517578,142.35000610351562,630672
2011-12-08,142.60000610351562,144.64999389648438,139.35000610351562,141.5,406221
2011-12-09,140.0,140.35000610351562,137.0,138.39999389648438,220050
2011-12-12,138.64999389648438,141.5,130.3000030517578,133.35000610351562,230938
2011-12-13,133.3000030517578,135.39999389648438,132.0,133.0,269529
2011-12-14,133.5,136.0500030517578,130.39999389648438,133.0500030517578,612211
2011-12-15,132.0,133.1999969482422,125.05000305175781,129.60000610351562,479174
2011-12-16,132.8000030517578,133.0500030517578,124.25,127.0999984741211,298948
2011-12-19,129.3000030517578,129.3000030517578,121.5,125.6500015258789,386499
2011-12-20,129.39999389648438,130.0,124.1500015258789,125.55000305175781,240234
2011-12-21,129.39999389648438,130.4499969482422,126.05000305175781,128.39999389648438,380379
2011-12-22,130.4499969482422,130.4499969482422,127.0999984741211,128.9499969482422,140015
2011-12-23,130.8000030517578,133.9499969482422,128.8000030517578,132.3000030517578,261536
2011-12-26,135.8000030517578,135.8000030517578,131.35000610351562,135.5500030517578,235601
2011-12-27,138.8000030517578,138.8000030517578,125.0999984741211,135.75,93710
2011-12-28,136.6999969482422,138.0,132.10000610351562,132.75,98811
2011-12-29,133.0,133.0500030517578,128.0,129.85000610351562,78615
2011-12-30,129.9499969482422,131.0500030517578,124.0999984741211,125.30000305175781,90046
2012-01-02,126.30000305175781,128.89999389648438,123.05000305175781,126.05000305175781,104955
2012-01-03,126.5,129.4499969482422,125.8499984741211,129.14999389648438,170326
2012-01-04,130.9499969482422,130.9499969482422,127.75,129.0500030517578,96203
2012-01-05,129.8000030517578,133.75,128.35000610351562,133.25,234522
2012-01-06,133.5,134.75,131.0500030517578,134.4499969482422,169265
2012-01-09,134.89999389648438,138.6999969482422,134.64999389648438,138.1999969482422,130421
2012-01-10,138.9499969482422,141.9499969482422,138.14999389648438,140.35000610351562,115876
2012-01-11,141.6999969482422,141.8000030517578,139.1999969482422,140.75,80120
2012-01-12,141.89999389648438,143.35000610351562,137.5500030517578,138.9499969482422,61214
2012-01-13,139.9499969482422,141.0,137.64999389648438,138.5500030517578,49084
2012-01-16,139.8000030517578,139.8000030517578,137.10000610351562,137.5500030517578,47761
2012-01-17,138.5,139.0,131.14999389648438,134.1999969482422,102964
2012-01-18,136.8000030517578,137.89999389648438,131.3000030517578,134.35000610351562,186413
2012-01-19,135.9499969482422,138.8000030517578,133.5500030517578,135.39999389648438,102206
2012-01-20,137.5,137.89999389648438,135.14999389648438,136.60000610351562,68048
2012-01-23,137.8000030517578,137.9499969482422,135.10000610351562,136.25,32664
2012-01-24,138.39999389648438,138.5,134.3000030517578,134.6999969482422,44071
2012-01-25,134.85000610351562,136.8000030517578,132.5,133.5,52479
2012-01-27,137.89999389648438,138.9499969482422,132.0,133.3000030517578,82590
2012-01-30,133.39999389648438,134.5,129.14999389648438,130.35000610351562,72183
2012-01-31,133.0500030517578,133.0500030517578,128.0,132.0500030517578,61828
2012-02-01,133.75,134.5500030517578,130.14999389648438,133.10000610351562,69484
2012-02-02,134.5,136.0500030517578,133.6999969482422,135.5500030517578,173034
2012-02-03,136.0,137.39999389648438,135.25,135.75,99234
2012-02-06,136.60000610351562,137.9499969482422,135.0,136.25,80934
2012-02-07,137.4499969482422,137.89999389648438,132.8000030517578,133.5500030517578,46300
2012-02-08,134.3000030517578,134.3000030517578,132.75,133.9499969482422,97184
2012-02-09,134.5500030517578,139.1999969482422,134.5500030517578,138.0500030517578,484511
2012-02-10,142.5,142.5,138.14999389648438,139.64999389648438,253034
2012-02-13,140.85000610351562,141.85000610351562,128.5,136.3000030517578,145497
2012-02-14,137.1999969482422,138.89999389648438,135.64999389648438,136.4499969482422,98157
2012-02-15,137.85000610351562,140.0,137.0,137.5500030517578,268417
2012-02-16,137.0,140.0,136.0,136.85000610351562,86072
2012-02-17,137.1999969482422,142.8000030517578,136.60000610351562,138.35000610351562,272316
2012-02-21,139.10000610351562,140.25,138.10000610351562,139.5,120232
2012-02-22,140.6999969482422,144.0,136.5,137.4499969482422,233175
2012-02-23,137.4499969482422,140.5,137.10000610351562,137.89999389648438,94980
2012-02-24,138.85000610351562,140.64999389648438,136.0500030517578,136.60000610351562,196520
2012-02-27,136.0,137.0,132.6999969482422,133.6999969482422,97625
2012-02-28,132.10000610351562,135.9499969482422,132.10000610351562,135.35000610351562,104730
2012-02-29,136.0,139.5,135.5500030517578,136.1999969482422,122852
2012-03-01,136.60000610351562,136.60000610351562,132.25,132.89999389648438,57089
2012-03-02,134.10000610351562,134.10000610351562,131.89999389648438,132.35000610351562,51936
2012-03-05,132.75,132.8000030517578,128.8000030517578,130.0500030517578,71362
2012-03-06,131.75,133.85000610351562,128.0,128.35000610351562,39764
2012-03-07,127.5,129.0,126.0999984741211,127.69999694824219,49904
2012-03-09,128.0,138.5,126.25,136.75,638196
2012-03-12,137.0,138.39999389648438,133.5500030517578,136.0500030517578,145490
2012-03-13,137.1999969482422,137.1999969482422,131.25,133.4499969482422,222151
2012-03-14,134.0,134.89999389648438,129.64999389648438,130.10000610351562,113444
2012-03-15,130.0,131.8000030517578,128.10000610351562,129.89999389648438,101905
2012-03-16,130.5500030517578,130.64999389648438,126.0,127.75,97450
2012-03-19,127.0999984741211,129.0,125.0999984741211,125.5999984741211,44482
2012-03-20,120.94999694824219,127.0,120.94999694824219,124.05000305175781,104223
2012-03-21,120.5999984741211,124.75,120.25,123.05000305175781,112477
2012-03-22,122.0999984741211,124.6500015258789,115.5999984741211,117.55000305175781,765562
2012-03-23,119.5,121.69999694824219,113.19999694824219,114.30000305175781,717896
2012-03-26,115.0,117.5,109.6500015258789,114.94999694824219,601122
2012-03-27,114.9000015258789,123.69999694824219,114.9000015258789,118.19999694824219,339820
2012-03-28,118.0,127.69999694824219,117.55000305175781,126.5,393533
2012-03-29,127.0,132.89999389648438,124.80000305175781,129.75,617530
2012-03-30,130.89999389648438,134.9499969482422,130.0,131.5500030517578,419409
2012-04-02,131.9499969482422,132.89999389648438,129.3000030517578,130.85000610351562,68829
2012-04-03,132.0,134.0,130.0,132.14999389648438,449275
2012-04-04,132.8000030517578,134.5,130.10000610351562,131.3000030517578,420443
2012-04-09,132.0,134.89999389648438,130.5,130.85000610351562,155759
2012-04-10,131.10000610351562,133.5,130.10000610351562,130.60000610351562,78165
2012-04-11,129.85000610351562,130.8000030517578,127.25,128.14999389648438,107026
2012-04-12,129.5,135.60000610351562,129.25,134.0,259186
2012-04-13,135.0,138.5,133.1999969482422,137.35000610351562,223946
2012-04-16,137.39999389648438,139.0,135.35000610351562,135.89999389648438,74639
2012-04-17,136.4499969482422,141.89999389648438,135.14999389648438,140.5500030517578,531633
2012-04-18,141.0,141.5,139.0,140.10000610351562,244807
2012-04-19,139.60000610351562,144.75,139.35000610351562,142.6999969482422,881068
2012-04-20,143.0,143.6999969482422,137.39999389648438,138.25,435646
2012-04-23,138.39999389648438,138.39999389648438,135.0,136.9499969482422,169955
2012-04-24,137.0,138.39999389648438,132.10000610351562,132.89999389648438,71346
2012-04-25,133.1999969482422,135.1999969482422,131.4499969482422,133.8000030517578,226505
2012-04-26,133.0500030517578,142.0,132.5500030517578,140.85000610351562,632367
2012-04-27,141.5,145.5,139.0500030517578,144.5500030517578,922450
2012-04-30,146.9499969482422,146.9499969482422,140.5500030517578,143.39999389648438,811552
2012-05-02,143.0,148.8000030517578,141.5500030517578,147.3000030517578,578558
2012-05-03,148.0,148.5,142.5,143.14999389648438,187501
2012-05-04,142.8000030517578,143.5,132.0,140.4499969482422,321771
2012-05-07,140.5500030517578,144.1999969482422,135.0,142.25,241700
2012-05-08,142.0,146.25,140.60000610351562,142.0,419076
2012-05-09,142.0500030517578,142.4499969482422,139.6999969482422,141.1999969482422,104932
2012-05-10,142.6999969482422,146.4499969482422,140.39999389648438,143.89999389648438,474251
2012-05-11,140.14999389648438,145.5,140.14999389648438,142.25,102198
2012-05-14,142.89999389648438,144.89999389648438,141.0,142.0,68794
2012-05-15,142.0,144.4499969482422,137.0,141.5,123619
2012-05-16,141.0,141.14999389648438,137.5,139.8000030517578,128936
2012-05-17,140.6999969482422,141.85000610351562,138.3000030517578,139.39999389648438,56661
2012-05-18,139.4499969482422,141.75,138.0,141.1999969482422,77082
2012-05-21,141.10000610351562,144.1999969482422,140.60000610351562,141.39999389648438,44632
2012-05-22,141.39999389648438,143.5,138.5500030517578,139.5,67743
2012-05-23,139.10000610351562,141.4499969482422,139.10000610351562,140.5500030517578,442823
2012-05-24,141.39999389648438,141.5,137.5,138.35000610351562,77611
2012-05-25,139.0,140.14999389648438,138.1999969482422,138.8000030517578,36082
2012-05-28,138.0500030517578,140.4499969482422,138.0,138.75,14786
2012-05-29,139.89999389648438,143.39999389648438,136.0,142.1999969482422,66146
2012-05-30,143.0,145.89999389648438,141.10000610351562,141.8000030517578,401392
2012-05-31,142.1999969482422,142.1999969482422,139.10000610351562,139.9499969482422,34258
2012-06-01,140.0,140.0,135.60000610351562,137.9499969482422,141075
2012-06-04,137.0,138.8000030517578,133.5,137.75,46143
2012-06-05,143.39999389648438,143.39999389648438,136.14999389648438,137.14999389648438,56553
2012-06-06,138.0,138.5,134.64999389648438,135.5,114163
2012-06-07,137.39999389648438,137.39999389648438,132.6999969482422,133.39999389648438,48719
2012-06-08,133.0,133.0,123.5,129.75,434894
2012-06-11,130.0,134.25,129.1999969482422,130.4499969482422,103766
2012-06-12,130.75,132.6999969482422,128.5500030517578,130.8000030517578,498119
2012-06-13,131.89999389648438,132.6999969482422,129.60000610351562,130.4499969482422,86571
2012-06-14,131.0,131.85000610351562,126.3499984741211,129.8000030517578,246752
2012-06-15,130.10000610351562,131.5,129.0500030517578,130.39999389648438,50411
2012-06-18,130.1999969482422,132.6999969482422,130.1999969482422,130.9499969482422,509787
2012-06-19,131.4499969482422,133.3000030517578,130.0500030517578,132.5,170761
2012-06-20,133.1999969482422,137.25,132.3000030517578,136.75,267393
2012-06-21,138.0,140.39999389648438,137.25,137.9499969482422,184278
2012-06-22,138.8000030517578,138.8000030517578,133.0500030517578,134.6999969482422,53640
2012-06-25,135.8000030517578,138.60000610351562,134.6999969482422,136.14999389648438,54962
2012-06-26,135.0500030517578,138.4499969482422,133.89999389648438,134.85000610351562,494466
2012-06-27,133.5,135.1999969482422,131.0500030517578,131.4499969482422,81105
2012-06-28,134.0,145.5,128.64999389648438,130.9499969482422,49877
2012-06-29,133.8000030517578,135.3000030517578,131.5,133.60000610351562,115565
2012-07-02,134.85000610351562,139.0,133.0500030517578,136.6999969482422,160728
2012-07-03,137.60000610351562,140.39999389648438,135.0,135.60000610351562,232328
2012-07-04,136.6999969482422,138.64999389648438,136.10000610351562,137.9499969482422,88392
2012-07-05,137.3000030517578,139.39999389648438,136.5,137.89999389648438,32594
2012-07-06,138.0,138.64999389648438,134.8000030517578,135.4499969482422,19308
2012-07-09,137.8000030517578,137.8000030517578,133.8000030517578,134.39999389648438,22403
2012-07-10,136.89999389648438,141.5,133.5,140.60000610351562,299841
2012-07-11,141.0,142.0,137.25,138.5,202522
2012-07-12,137.0,137.6999969482422,131.64999389648438,132.25,188318
2012-07-13,133.35000610351562,135.4499969482422,129.0,129.64999389648438,99225
2012-07-16,130.3000030517578,132.8000030517578,129.14999389648438,129.89999389648438,39288
2012-07-17,130.85000610351562,131.5,127.55000305175781,128.5500030517578,88852
2012-07-18,129.0,129.0,122.25,126.1500015258789,329696
2012-07-19,128.9499969482422,130.6999969482422,126.80000305175781,127.19999694824219,146532
2012-07-20,128.9499969482422,128.9499969482422,127.05000305175781,127.69999694824219,28722
2012-07-23,125.55000305175781,127.5,124.05000305175781,125.19999694824219,94362
2012-07-24,124.5999984741211,126.75,124.3499984741211,125.30000305175781,84155
2012-07-25,124.25,126.69999694824219,122.8499984741211,125.05000305175781,91088
2012-07-26,125.44999694824219,126.44999694824219,118.19999694824219,124.05000305175781,167664
2012-07-27,127.0,127.0,123.0,124.5,72126
2012-07-30,123.30000305175781,131.39999389648438,123.30000305175781,130.9499969482422,192651
2012-07-31,131.0,132.9499969482422,128.25,130.1999969482422,63179
2012-08-01,130.5,132.89999389648438,128.8000030517578,129.8000030517578,121581
2012-08-02,125.0,132.0,125.0,128.5,160448
2012-08-03,128.39999389648438,130.89999389648438,126.0999984741211,128.3000030517578,95292
2012-08-06,131.89999389648438,131.89999389648438,125.0999984741211,125.9000015258789,76393
2012-08-07,126.6500015258789,128.6999969482422,125.6500015258789,126.30000305175781,116363
2012-08-08,127.5,128.9499969482422,126.25,126.75,55832
2012-08-09,127.44999694824219,127.5999984741211,125.4000015258789,125.5999984741211,48155
2012-08-10,125.5,126.44999694824219,124.94999694824219,125.75,35466
2012-08-13,126.5,128.89999389648438,125.75,126.55000305175781,85887
2012-08-14,126.5,127.8499984741211,126.0,126.6500015258789,219158
2012-08-16,127.0,129.0,124.1500015258789,125.3499984741211,131958
2012-08-17,125.69999694824219,126.3499984741211,123.1500015258789,124.44999694824219,914907
2012-08-21,124.5,125.8499984741211,122.9000015258789,123.25,80993
2012-08-22,123.5,124.80000305175781,122.5,124.05000305175781,109705
2012-08-23,124.9000015258789,124.94999694824219,121.25,121.6500015258789,77038
2012-08-24,119.19999694824219,122.5,119.19999694824219,121.25,125253
2012-08-27,118.69999694824219,121.75,117.5999984741211,118.44999694824219,91272
2012-08-28,118.0,125.4000015258789,112.9000015258789,123.55000305175781,1134901
2012-08-29,125.0,128.0,123.19999694824219,125.75,1442508
2012-08-30,127.0,127.0,123.0999984741211,123.80000305175781,113662
2012-08-31,123.0,124.8499984741211,119.0,119.55000305175781,89294
2012-09-03,120.6500015258789,120.94999694824219,118.75,119.1500015258789,36701
2012-09-04,119.0999984741211,125.5,118.0,124.69999694824219,127698
2012-09-05,125.9000015258789,127.5,123.44999694824219,126.5999984741211,1795455
2012-09-06,126.9000015258789,127.30000305175781,120.1500015258789,120.9000015258789,590674
2012-09-07,121.5,123.8499984741211,119.0,119.8499984741211,251472
2012-09-10,120.9000015258789,122.0,117.5999984741211,118.5,360802
2012-09-11,119.69999694824219,120.0,115.1500015258789,119.25,792916
2012-09-12,120.0,123.30000305175781,115.3499984741211,122.75,359092
2012-09-13,120.30000305175781,122.4000015258789,119.6500015258789,120.75,98537
2012-09-14,121.94999694824219,123.05000305175781,119.25,120.30000305175781,93191
2012-09-17,124.4000015258789,125.69999694824219,120.25,121.25,126760
2012-09-18,121.19999694824219,121.4000015258789,118.5,119.69999694824219,195274
2012-09-20,119.30000305175781,120.0,117.1500015258789,118.1500015258789,141242
2012-09-21,118.19999694824219,120.30000305175781,116.1500015258789,116.8499984741211,1836167
2012-09-24,117.94999694824219,119.3499984741211,117.19999694824219,118.3499984741211,83367
2012-09-25,119.0,120.80000305175781,118.5,120.0,179312
2012-09-26,118.19999694824219,120.9000015258789,118.0,119.69999694824219,183847
2012-09-27,120.3499984741211,120.9000015258789,118.30000305175781,118.80000305175781,208516
2012-09-28,119.1500015258789,121.19999694824219,119.0999984741211,120.5,745510
2012-10-01,119.94999694824219,121.0999984741211,119.5,120.5,87216
2012-10-03,120.0999984741211,122.4000015258789,119.19999694824219,121.6500015258789,174904
2012-10-04,121.0,124.30000305175781,120.55000305175781,121.75,376988
2012-10-05,123.75,123.75,118.19999694824219,121.30000305175781,430982
2012-10-08,120.5,123.4000015258789,118.0999984741211,118.5,218788
2012-10-09,119.9000015258789,127.9000015258789,119.19999694824219,126.0999984741211,948845
2012-10-10,126.0,127.6500015258789,120.80000305175781,121.69999694824219,240204
2012-10-11,121.80000305175781,125.44999694824219,119.30000305175781,122.25,881261
2012-10-12,121.75,124.4000015258789,120.5,122.69999694824219,2273249
2012-10-15,121.0,125.8499984741211,121.0,123.94999694824219,455216
2012-10-16,123.9000015258789,124.69999694824219,120.80000305175781,123.69999694824219,368028
2012-10-17,124.44999694824219,125.5,122.6500015258789,123.69999694824219,156374
2012-10-18,121.3499984741211,134.0,121.3499984741211,132.8000030517578,895103
2012-10-19,131.9499969482422,137.3000030517578,130.25,134.4499969482422,751538
2012-10-22,133.64999389648438,134.14999389648438,129.60000610351562,131.60000610351562,215040
2012-10-23,131.0500030517578,132.0,127.80000305175781,128.9499969482422,60130
2012-10-25,128.1999969482422,128.9499969482422,123.5,126.1500015258789,189684
2012-10-29,128.89999389648438,129.89999389648438,127.6500015258789,128.64999389648438,103070
2012-10-30,128.14999389648438,128.14999389648438,123.19999694824219,124.0,54404
2012-10-31,124.75,125.9000015258789,122.0,122.5,2080701
2012-11-01,122.05000305175781,126.75,122.05000305175781,124.9000015258789,102226
2012-11-02,126.19999694824219,127.6500015258789,122.9000015258789,123.5999984741211,89602
2012-11-05,124.9000015258789,126.5,123.05000305175781,125.4000015258789,84291
2012-11-06,125.94999694824219,127.4000015258789,125.5,126.3499984741211,85630
2012-11-07,126.55000305175781,127.69999694824219,123.5,123.80000305175781,72587
2012-11-08,123.05000305175781,125.0,122.1500015258789,123.69999694824219,56161
2012-11-09,123.0,124.80000305175781,121.55000305175781,122.0999984741211,75743
2012-11-12,124.05000305175781,127.19999694824219,124.05000305175781,124.69999694824219,204968
2012-11-15,124.19999694824219,129.4499969482422,124.0,125.8499984741211,207563
2012-11-16,126.1500015258789,126.5,123.0999984741211,124.0999984741211,100629
2012-11-19,124.75,125.30000305175781,121.5999984741211,122.4000015258789,49758
2012-11-20,123.25,125.55000305175781,119.44999694824219,120.80000305175781,151764
2012-11-21,120.0,122.30000305175781,120.0,120.69999694824219,38568
2012-11-22,120.3499984741211,121.9000015258789,119.5999984741211,120.1500015258789,29575
2012-11-23,120.30000305175781,120.94999694824219,118.5,120.0999984741211,50308
2012-11-26,120.30000305175781,124.55000305175781,119.3499984741211,123.5999984741211,129960
2012-11-27,123.05000305175781,125.0,123.0,123.9000015258789,88133
2012-11-29,124.30000305175781,124.5999984741211,122.8499984741211,124.0999984741211,767801
2012-11-30,126.1500015258789,127.9000015258789,125.25,125.94999694824219,119715
2012-12-03,126.0,127.69999694824219,121.0,126.6500015258789,54961
2012-12-04,126.80000305175781,127.8499984741211,125.3499984741211,126.19999694824219,31505
2012-12-05,127.19999694824219,132.75,125.05000305175781,128.75,222357
2012-12-06,129.0500030517578,129.75,127.0999984741211,129.0500030517578,58993
2012-12-07,129.5,132.39999389648438,127.55000305175781,129.9499969482422,154924
2012-12-10,129.89999389648438,133.9499969482422,129.0,132.3000030517578,152969
2012-12-11,133.0,134.0,130.10000610351562,132.3000030517578,90920
2012-12-12,132.1999969482422,132.85000610351562,129.39999389648438,131.14999389648438,79101
2012-12-13,132.9499969482422,132.9499969482422,128.60000610351562,129.5500030517578,55500
2012-12-14,130.0,131.5,128.0500030517578,130.5,54962
2012-12-17,130.4499969482422,134.85000610351562,129.5,133.64999389648438,100626
2012-12-18,135.0,137.5,132.6999969482422,135.64999389648438,168497
2012-12-19,136.3000030517578,138.89999389648438,134.14999389648438,136.6999969482422,109095
2012-12-20,137.8000030517578,140.89999389648438,136.6999969482422,139.35000610351562,157191
2012-12-21,138.64999389648438,144.8000030517578,136.89999389648438,142.5500030517578,206751
2012-12-24,144.89999389648438,146.1999969482422,141.64999389648438,142.9499969482422,108594
2012-12-26,142.0,150.0,142.0,147.39999389648438,443403
2012-12-27,148.89999389648438,148.89999389648438,139.25,140.14999389648438,223727
2012-12-28,141.4499969482422,142.9499969482422,138.3000030517578,139.8000030517578,171552
2012-12-31,138.5500030517578,141.25,137.60000610351562,138.64999389648438,106477
2013-01-01,138.0,144.89999389648438,138.0,141.35000610351562,183385
2013-01-02,142.10000610351562,143.10000610351562,138.3000030517578,139.25,172539
2013-01-03,140.35000610351562,141.85000610351562,137.64999389648438,138.4499969482422,154977
2013-01-04,139.35000610351562,142.0,138.1999969482422,138.8000030517578,171388
2013-01-07,141.85000610351562,143.0,136.60000610351562,137.14999389648438,86778
2013-01-08,137.8000030517578,137.8000030517578,134.0,134.5,76323
2013-01-09,134.64999389648438,134.9499969482422,131.75,132.14999389648438,95641
2013-01-10,132.10000610351562,132.85000610351562,130.60000610351562,131.75,79217
2013-01-11,133.9499969482422,133.9499969482422,129.60000610351562,131.0,44936
2013-01-14,130.75,142.89999389648438,127.9000015258789,141.10000610351562,285071
2013-01-15,140.89999389648438,144.64999389648438,137.25,139.1999969482422,225982
2013-01-16,139.5500030517578,142.89999389648438,137.1999969482422,138.89999389648438,146616
2013-01-17,139.5500030517578,143.8000030517578,138.0,139.10000610351562,108326
2013-01-18,140.0,141.0,138.0500030517578,139.14999389648438,85982
2013-01-21,139.5500030517578,140.0,136.25,136.89999389648438,46178
2013-01-22,134.6999969482422,139.25,134.1999969482422,137.1999969482422,88763
2013-01-23,139.0500030517578,140.0,136.60000610351562,137.85000610351562,48691
2013-01-24,138.8000030517578,138.8000030517578,133.0500030517578,134.85000610351562,46230
2013-01-25,135.14999389648438,136.0,133.25,134.8000030517578,20207
2013-01-28,134.8000030517578,138.8000030517578,134.5,135.64999389648438,22195
2013-01-29,133.64999389648438,136.0500030517578,133.64999389648438,134.64999389648438,23900
2013-01-30,135.0,147.0,134.64999389648438,137.0,626493
2013-01-31,137.5,140.89999389648438,134.10000610351562,135.0500030517578,129305
2013-02-01,135.9499969482422,138.5,134.0,134.64999389648438,107706
2013-02-04,135.85000610351562,137.1999969482422,131.1999969482422,131.9499969482422,53382
2013-02-05,132.9499969482422,134.89999389648438,130.0500030517578,131.64999389648438,32022
2013-02-06,132.1999969482422,133.75,126.6500015258789,128.9499969482422,186216
2013-02-07,130.10000610351562,131.39999389648438,124.0,124.5999984741211,194886
2013-02-08,125.80000305175781,126.80000305175781,123.05000305175781,123.94999694824219,73630
2013-02-11,124.9000015258789,127.19999694824219,120.4000015258789,121.19999694824219,156138
2013-02-12,121.0,123.0999984741211,119.0999984741211,119.80000305175781,126129
2013-02-13,120.75,124.80000305175781,118.05000305175781,119.19999694824219,235054
2013-02-14,120.5999984741211,120.6500015258789,117.5,118.3499984741211,73150
2013-02-15,118.05000305175781,120.0,118.0,119.1500015258789,43214
2013-02-18,119.94999694824219,123.4000015258789,119.0,121.94999694824219,75668
2013-02-19,122.80000305175781,125.1500015258789,121.3499984741211,124.05000305175781,62220
2013-02-20,123.30000305175781,126.94999694824219,119.19999694824219,119.75,179018
2013-02-21,119.05000305175781,121.75,119.0,119.5,53809
2013-02-22,120.3499984741211,124.4000015258789,119.05000305175781,123.6500015258789,123829
2013-02-25,123.6500015258789,130.0,122.5999984741211,129.35000610351562,207965
2013-02-26,129.25,129.25,120.55000305175781,126.44999694824219,102860
2013-02-27,127.44999694824219,127.5999984741211,122.8499984741211,126.05000305175781,49763
2013-02-28,127.3499984741211,132.5,125.4000015258789,126.4000015258789,126872
2013-03-01,128.5,129.6999969482422,126.5999984741211,127.44999694824219,82895
2013-03-04,126.19999694824219,127.44999694824219,123.0,123.94999694824219,34509
2013-03-05,126.44999694824219,129.8000030517578,122.1500015258789,128.25,73170
2013-03-06,128.64999389648438,133.89999389648438,127.5999984741211,131.14999389648438,119724
2013-03-07,129.14999389648438,133.85000610351562,129.14999389648438,130.9499969482422,112819
2013-03-08,131.0500030517578,134.0,129.0500030517578,131.6999969482422,125085
2013-03-11,132.9499969482422,137.8000030517578,127.0999984741211,128.5,455030
2013-03-12,129.5,133.35000610351562,128.1999969482422,131.8000030517578,111783
2013-03-13,132.0500030517578,132.0500030517578,126.5999984741211,128.0500030517578,224847
2013-03-14,127.8499984741211,129.89999389648438,125.0,127.8499984741211,205388
2013-03-15,128.75,129.5,123.0999984741211,125.69999694824219,221327
2013-03-18,122.30000305175781,127.30000305175781,122.25,125.55000305175781,67277
2013-03-19,125.75,129.8000030517578,124.0,124.69999694824219,147312
2013-03-20,125.0,126.9000015258789,123.1500015258789,125.5999984741211,81836
2013-03-21,132.0,132.0,124.05000305175781,127.75,98602
2013-03-22,127.5,127.55000305175781,125.0,125.6500015258789,66324
2013-03-25,125.8499984741211,126.94999694824219,121.0999984741211,121.9000015258789,151155
2013-03-26,122.5,122.80000305175781,120.0999984741211,122.0999984741211,102902
2013-03-28,121.5,123.0,120.19999694824219,122.25,49861
2013-04-01,122.5999984741211,124.0999984741211,117.69999694824219,118.5999984741211,209514
2013-04-02,118.3499984741211,120.44999694824219,117.0,117.55000305175781,237110
2013-04-03,117.0999984741211,119.25,115.25,115.9000015258789,290090
2013-04-04,115.0999984741211,118.44999694824219,115.0,116.05000305175781,193542
2013-04-05,116.44999694824219,118.9000015258789,115.69999694824219,117.3499984741211,152916
2013-04-08,117.80000305175781,118.4000015258789,115.0,115.6500015258789,229653
2013-04-09,115.6500015258789,117.9000015258789,115.0999984741211,115.6500015258789,234749
2013-04-10,115.6500015258789,118.44999694824219,115.6500015258789,117.80000305175781,196653
2013-04-11,117.0,118.4000015258789,116.0,117.5,217310
2013-04-12,116.0999984741211,117.44999694824219,115.5,115.75,172884
2013-04-15,115.0,117.80000305175781,114.94999694824219,117.0999984741211,126998
2013-04-16,116.55000305175781,117.25,115.6500015258789,116.0,119918
2013-04-17,116.1500015258789,117.25,116.0,116.5,117360
2013-04-18,116.5999984741211,120.9000015258789,116.5999984741211,117.1500015258789,258722
2013-04-22,118.0,118.80000305175781,116.30000305175781,117.44999694824219,134783
2013-04-23,117.05000305175781,122.44999694824219,117.05000305175781,120.94999694824219,221452
2013-04-25,120.05000305175781,124.9000015258789,120.05000305175781,122.80000305175781,174728
2013-04-26,124.25,126.0,123.5,125.05000305175781,182716
2013-04-29,124.05000305175781,125.75,123.6500015258789,124.80000305175781,93712
2013-04-30,124.5,126.4000015258789,124.1500015258789,125.75,84187
2013-05-02,124.75,125.69999694824219,124.1500015258789,124.80000305175781,36886
2013-05-03,124.1500015258789,124.1500015258789,121.19999694824219,122.05000305175781,16144
2013-05-06,122.05000305175781,132.5,121.55000305175781,130.4499969482422,167331
2013-05-07,129.14999389648438,131.0,125.1500015258789,126.05000305175781,46747
2013-05-08,125.05000305175781,134.89999389648438,125.05000305175781,133.60000610351562,191286
2013-05-09,133.0,133.25,128.0,128.64999389648438,71029
2013-05-10,128.0500030517578,130.8000030517578,126.55000305175781,126.94999694824219,21552
2013-05-13,128.0,130.0,125.0999984741211,125.69999694824219,18197
2013-05-14,124.0999984741211,125.0999984741211,121.05000305175781,121.55000305175781,87443
2013-05-15,119.69999694824219,131.9499969482422,109.0,128.39999389648438,500141
2013-05-16,128.10000610351562,128.10000610351562,123.5,126.1500015258789,129497
2013-05-17,125.0,127.69999694824219,121.80000305175781,126.5999984741211,78302
2013-05-20,126.5999984741211,127.3499984741211,122.75,124.80000305175781,59767
2013-05-21,124.0,127.0,123.0,124.25,77196
2013-05-22,124.05000305175781,126.80000305175781,123.5,125.19999694824219,44986
2013-05-23,124.0,125.44999694824219,121.5,122.44999694824219,34425
2013-05-24,122.4000015258789,124.55000305175781,121.0999984741211,122.3499984741211,26958
2013-05-27,123.94999694824219,126.5,121.0999984741211,124.75,98911
2013-05-28,123.6500015258789,125.80000305175781,123.0,123.5999984741211,32608
2013-05-29,123.8499984741211,129.89999389648438,122.5,128.3000030517578,110020
2013-05-30,130.0,130.0,124.0,124.9000015258789,123207
2013-05-31,124.0,125.0999984741211,121.0,121.9000015258789,60509
2013-06-03,121.0,124.0,120.0999984741211,121.30000305175781,50857
2013-06-04,121.25,131.4499969482422,121.25,125.5,230010
2013-06-05,124.6500015258789,128.5,123.05000305175781,125.1500015258789,103810
2013-06-06,125.0,126.6500015258789,123.0,124.80000305175781,51367
2013-06-07,125.0,127.69999694824219,124.0,124.4000015258789,56884
2013-06-10,124.75,125.75,122.55000305175781,123.69999694824219,31770
2013-06-11,123.55000305175781,123.55000305175781,119.05000305175781,119.6500015258789,54290
2013-06-12,119.80000305175781,120.9000015258789,118.30000305175781,118.69999694824219,17694
2013-06-13,118.0,118.4000015258789,115.05000305175781,116.6500015258789,78500
2013-06-14,119.0,123.30000305175781,117.6500015258789,121.80000305175781,56437
2013-06-17,122.5,123.9000015258789,119.75,121.75,26595
2013-06-18,121.25,124.6500015258789,121.25,122.9000015258789,48278
2013-06-19,124.0,127.0,122.8499984741211,125.94999694824219,122537
2013-06-20,125.0,126.44999694824219,122.25,125.19999694824219,107270
2013-06-21,124.9000015258789,130.0,123.6500015258789,127.6500015258789,168012
2013-06-24,129.0,129.0,116.0,117.0999984741211,118994
2013-06-25,117.9000015258789,121.0,114.0,118.75,64521
2013-06-26,121.0,123.8499984741211,110.0,116.8499984741211,226080
2013-06-27,115.69999694824219,121.9000015258789,113.05000305175781,120.5999984741211,100746
2013-06-28,120.19999694824219,123.6500015258789,120.1500015258789,121.9000015258789,54603
2013-07-01,120.5,123.80000305175781,120.0,121.55000305175781,18165
2013-07-02,120.1500015258789,121.44999694824219,119.1500015258789,120.19999694824219,37131
2013-07-03,123.5999984741211,123.5999984741211,114.0,114.5,119298
2013-07-04,117.4000015258789,117.4000015258789,114.25,114.9000015258789,32804
2013-07-05,116.94999694824219,118.0,114.55000305175781,115.19999694824219,51858
2013-07-08,114.5,117.4000015258789,114.0999984741211,115.1500015258789,12498
2013-07-09,117.30000305175781,117.30000305175781,114.19999694824219,115.05000305175781,42522
2013-07-10,113.30000305175781,115.9000015258789,113.19999694824219,113.9000015258789,22202
2013-07-11,114.19999694824219,115.9000015258789,95.0,105.80000305175781,254754
2013-07-12,105.80000305175781,105.80000305175781,100.5,102.6500015258789,168347
2013-07-15,99.9000015258789,102.5,99.9000015258789,100.94999694824219,45291
2013-07-16,99.5,104.75,98.1500015258789,103.25,61577
2013-07-17,102.0,105.8499984741211,100.5999984741211,101.5,63123
2013-07-18,100.0,103.0,100.0,102.05000305175781,39060
2013-07-19,101.0,104.19999694824219,100.55000305175781,101.44999694824219,44964
2013-07-22,100.0,101.25,99.30000305175781,100.3499984741211,26074
2013-07-23,98.0999984741211,105.19999694824219,95.69999694824219,100.94999694824219,162576
2013-07-24,100.44999694824219,101.44999694824219,98.0,99.30000305175781,45762
2013-07-25,98.1500015258789,101.3499984741211,98.1500015258789,99.19999694824219,26828
2013-07-26,98.05000305175781,103.5,98.05000305175781,101.0,52136
2013-07-29,103.0,103.0,99.25,99.8499984741211,23822
2013-07-30,98.05000305175781,101.30000305175781,98.05000305175781,99.44999694824219,24315
2013-07-31,98.30000305175781,101.3499984741211,97.5,99.8499984741211,38521
2013-08-01,101.25,102.94999694824219,98.0,100.94999694824219,47215
2013-08-02,100.0,101.0,98.55000305175781,99.1500015258789,15264
2013-08-05,98.0,99.8499984741211,98.0,98.25,7128
2013-08-06,97.0999984741211,98.94999694824219,94.5,95.1500015258789,28330
2013-08-07,95.0,98.5,93.0999984741211,97.4000015258789,19546
2013-08-08,96.0,100.5,96.0,96.9000015258789,21083
2013-08-12,99.0,101.5,97.25,100.30000305175781,32926
2013-08-13,100.94999694824219,102.6500015258789,100.05000305175781,101.44999694824219,31283
2013-08-14,100.6500015258789,103.8499984741211,100.6500015258789,102.80000305175781,47038
2013-08-16,101.0,103.0,97.55000305175781,98.30000305175781,24140
2013-08-19,100.30000305175781,100.30000305175781,98.0,98.1500015258789,10416
2013-08-20,98.0,98.9000015258789,96.19999694824219,97.4000015258789,13546
2013-08-21,97.69999694824219,104.9000015258789,97.69999694824219,103.69999694824219,103728
2013-08-22,104.9000015258789,108.0,103.5,104.94999694824219,70818
2013-08-23,105.9000015258789,111.8499984741211,105.0,110.55000305175781,91169
2013-08-26,109.80000305175781,109.80000305175781,106.25,106.8499984741211,30794
2013-08-27,105.19999694824219,105.9000015258789,100.0,100.6500015258789,27333
2013-08-28,100.4000015258789,100.4000015258789,95.19999694824219,98.0,32641
2013-08-29,99.94999694824219,108.0,98.5,101.9000015258789,131615
2013-08-30,102.80000305175781,104.05000305175781,100.0,101.19999694824219,17856
2013-09-02,101.0,102.69999694824219,100.0,100.9000015258789,14884
2013-09-03,100.05000305175781,104.9000015258789,99.5,100.30000305175781,25066
2013-09-04,100.30000305175781,101.9000015258789,98.4000015258789,100.80000305175781,18214
2013-09-05,99.0,105.69999694824219,99.0,104.75,73872
2013-09-06,103.1500015258789,104.30000305175781,102.5,103.05000305175781,5706
2013-09-10,103.5,108.0,100.30000305175781,101.8499984741211,26508
2013-09-11,102.5,105.5,100.55000305175781,102.3499984741211,27891
2013-09-12,101.0,104.5,101.0,102.5,18716
2013-09-13,104.0,104.0,101.1500015258789,102.0999984741211,12318
2013-09-16,102.3499984741211,104.0,100.55000305175781,101.3499984741211,19210
2013-09-17,103.5999984741211,103.5999984741211,99.0999984741211,99.75,22154
2013-09-18,100.0,101.19999694824219,98.55000305175781,99.0999984741211,33125
2013-09-19,100.05000305175781,101.69999694824219,98.1500015258789,98.94999694824219,77660
2013-09-20,99.0,100.94999694824219,92.0999984741211,94.1500015258789,186681
2013-09-23,94.1500015258789,96.9000015258789,94.0999984741211,95.6500015258789,49355
2013-09-24,95.0,97.55000305175781,94.3499984741211,95.0,28238
2013-09-25,95.44999694824219,96.0,94.5,95.0,51150
2013-09-26,95.44999694824219,97.80000305175781,94.0,96.05000305175781,31231
2013-09-27,96.94999694824219,98.5,96.4000015258789,97.3499984741211,47579
2013-09-30,97.1500015258789,99.5,94.80000305175781,98.8499984741211,37197
2013-10-01,97.0,99.0,96.5999984741211,97.44999694824219,12676
2013-10-03,97.05000305175781,98.5,96.5,97.0999984741211,518398
2013-10-04,96.75,98.9000015258789,96.75,97.44999694824219,347860
2013-10-07,98.6500015258789,98.8499984741211,96.5,97.0,15485
2013-10-08,98.30000305175781,100.5,92.0999984741211,98.44999694824219,174193
2013-10-09,99.0,99.6500015258789,96.69999694824219,97.8499984741211,386556
2013-10-10,99.25,99.25,97.19999694824219,97.75,517105
2013-10-11,98.0,98.9000015258789,97.3499984741211,97.80000305175781,23693
2013-10-14,96.30000305175781,101.0,96.30000305175781,97.25,14249
2013-10-15,98.5999984741211,98.6500015258789,96.3499984741211,96.5,9626
2013-10-17,97.0,97.3499984741211,94.80000305175781,95.05000305175781,425182
2013-10-18,95.94999694824219,96.9000015258789,94.30000305175781,94.75,32609
2013-10-21,94.6500015258789,95.69999694824219,94.30000305175781,94.55000305175781,29633
2013-10-22,96.4000015258789,96.4000015258789,94.0,94.3499984741211,427713
2013-10-23,95.6500015258789,95.75,93.5999984741211,94.05000305175781,30947
2013-10-24,94.5,95.9000015258789,94.5,94.94999694824219,28512
2013-10-25,94.0999984741211,95.6500015258789,94.0,94.25,16755
2013-10-28,93.0,95.5999984741211,93.0,94.05000305175781,54317
2013-10-29,94.8499984741211,97.6500015258789,94.05000305175781,96.0,91440
2013-10-30,95.1500015258789,97.5,94.5,94.75,40174
2013-10-31,95.8499984741211,97.4000015258789,95.05000305175781,96.0,45980
2013-11-01,96.6500015258789,97.0,94.69999694824219,95.55000305175781,47469
2013-11-05,95.9000015258789,95.9000015258789,93.94999694824219,95.0999984741211,20639
2013-11-06,94.25,96.5,94.25,95.44999694824219,24227
2013-11-07,96.0,96.30000305175781,94.19999694824219,94.55000305175781,25963
2013-11-08,95.3499984741211,95.3499984741211,94.0,94.30000305175781,11643
2013-11-11,94.0,95.19999694824219,93.1500015258789,93.4000015258789,19191
2013-11-12,94.0,94.25,93.0,93.0999984741211,19964
2013-11-13,93.9000015258789,94.9000015258789,93.0,93.8499984741211,39732
2013-11-14,93.0,94.69999694824219,93.0,94.0999984741211,26953
2013-11-18,94.5,94.9000015258789,93.5,93.9000015258789,14237
2013-11-19,93.6500015258789,94.3499984741211,93.5,93.5,5458
2013-11-20,93.19999694824219,95.25,93.19999694824219,94.69999694824219,15539
2013-11-21,93.94999694824219,94.69999694824219,93.0,93.0999984741211,16515
2013-11-22,93.6500015258789,94.3499984741211,92.9000015258789,93.0999984741211,7307
2013-11-25,93.80000305175781,93.94999694824219,93.05000305175781,93.1500015258789,8658
2013-11-26,93.80000305175781,93.8499984741211,89.0999984741211,90.05000305175781,84331
2013-11-27,90.0,91.5,90.0,90.80000305175781,21251
2013-11-28,91.0,94.9000015258789,91.0,93.25,62014
2013-11-29,93.5,93.5,91.5,91.8499984741211,34471
2013-12-02,91.80000305175781,94.0,91.55000305175781,92.6500015258789,24859
2013-12-03,94.30000305175781,94.30000305175781,91.19999694824219,93.0,14694
2013-12-04,93.0,93.4000015258789,92.0,92.30000305175781,13364
2013-12-05,92.30000305175781,95.0,92.30000305175781,92.55000305175781,15743
2013-12-06,93.55000305175781,93.5999984741211,92.0,92.19999694824219,7553
2013-12-09,94.19999694824219,94.94999694824219,91.5,91.8499984741211,14736
2013-12-10,93.0999984741211,93.0999984741211,90.05000305175781,90.80000305175781,16900
2013-12-11,90.94999694824219,90.94999694824219,89.0,89.5,17964
2013-12-12,89.0,92.0,84.9000015258789,90.5,48638
2013-12-13,90.0,92.30000305175781,90.0,90.30000305175781,19612
2013-12-16,90.30000305175781,90.94999694824219,88.25,89.9000015258789,21898
2013-12-17,89.0,91.9000015258789,89.0,89.75,38038
2013-12-18,89.94999694824219,90.3499984741211,87.75,88.30000305175781,59603
2013-12-19,89.0,90.5,84.55000305175781,85.69999694824219,192429
2013-12-20,87.05000305175781,87.05000305175781,68.5999984741211,69.25,928964
2013-12-23,71.9000015258789,80.0,70.0,77.80000305175781,1097231
2013-12-24,76.55000305175781,80.3499984741211,76.55000305175781,78.1500015258789,777577
2013-12-26,78.0999984741211,78.75,76.5,77.3499984741211,312057
2013-12-27,78.30000305175781,78.30000305175781,76.80000305175781,77.30000305175781,213464
2013-12-30,77.80000305175781,77.80000305175781,76.5,76.80000305175781,62480
2013-12-31,78.4000015258789,80.0,76.5,77.30000305175781,329522
2014-01-01,77.19999694824219,79.94999694824219,77.0,79.0999984741211,202951
2014-01-02,79.80000305175781,80.9000015258789,76.6500015258789,77.05000305175781,213527
2014-01-03,76.5,78.5,76.5,77.05000305175781,157783
2014-01-06,77.0,77.94999694824219,76.5,77.80000305175781,274798
2014-01-07,78.25,78.5,76.69999694824219,77.75,115172
2014-01-08,78.80000305175781,78.9000015258789,76.94999694824219,77.4000015258789,161964
2014-01-09,77.25,78.25,76.69999694824219,77.25,85466
2014-01-10,76.8499984741211,78.0,76.0999984741211,76.55000305175781,97022
2014-01-13,76.05000305175781,80.69999694824219,76.05000305175781,79.44999694824219,147755
2014-01-14,79.0999984741211,80.5,78.19999694824219,79.4000015258789,125337
2014-01-15,79.05000305175781,82.80000305175781,78.80000305175781,80.05000305175781,160242
2014-01-16,79.80000305175781,82.44999694824219,79.80000305175781,80.30000305175781,86076
2014-01-17,78.5,81.5,78.5,79.0,216224
2014-01-20,79.80000305175781,83.30000305175781,78.69999694824219,82.3499984741211,100725
2014-01-21,81.75,83.80000305175781,81.0999984741211,81.80000305175781,63038
2014-01-22,82.0,83.0,80.5999984741211,81.1500015258789,93219
2014-01-23,80.8499984741211,85.4000015258789,80.5,84.30000305175781,164403
2014-01-24,83.0999984741211,84.6500015258789,80.6500015258789,81.5,68042
2014-01-27,80.55000305175781,81.0,78.69999694824219,79.30000305175781,22656
2014-01-28,79.0,81.5,78.30000305175781,78.80000305175781,35051
2014-01-29,80.80000305175781,81.80000305175781,78.0999984741211,78.75,34265
2014-01-30,79.4000015258789,80.69999694824219,77.9000015258789,78.1500015258789,16753
2014-01-31,79.0,79.8499984741211,77.1500015258789,78.19999694824219,15842
2014-02-03,79.94999694824219,80.0,78.05000305175781,78.5999984741211,20015
2014-02-04,78.5999984741211,79.5,78.0,78.94999694824219,12257
2014-02-05,79.0,79.5,78.19999694824219,79.0,6542
2014-02-06,79.55000305175781,81.5,77.75,78.4000015258789,90572
2014-02-07,78.19999694824219,79.75,77.30000305175781,77.9000015258789,54722
2014-02-10,78.5999984741211,79.25,77.19999694824219,78.9000015258789,24826
2014-02-11,79.0,79.6500015258789,78.1500015258789,79.05000305175781,16718
2014-02-12,78.4000015258789,80.25,78.4000015258789,79.44999694824219,12586
2014-02-13,78.0,79.30000305175781,77.8499984741211,78.19999694824219,17622
2014-02-14,78.05000305175781,81.80000305175781,77.4000015258789,78.69999694824219,102260
2014-02-17,79.55000305175781,81.0,78.0,79.4000015258789,80736
2014-02-18,79.3499984741211,85.94999694824219,78.6500015258789,81.3499984741211,169569
2014-02-19,81.8499984741211,83.55000305175781,79.0999984741211,80.05000305175781,73928
2014-02-20,79.5,80.4000015258789,75.5,77.25,143600
2014-02-21,77.0,81.25,77.0,80.75,74828
2014-02-24,81.0,81.19999694824219,78.5,78.94999694824219,72445
2014-02-25,78.5,82.0,78.5,79.80000305175781,72365
2014-02-26,79.80000305175781,81.5999984741211,79.4000015258789,80.19999694824219,112683
2014-02-28,79.94999694824219,81.5,79.05000305175781,79.8499984741211,81645
2014-03-03,79.5,80.5,78.30000305175781,79.05000305175781,82558
2014-03-04,79.8499984741211,79.94999694824219,78.44999694824219,79.05000305175781,81156
2014-03-05,79.4000015258789,79.69999694824219,77.6500015258789,77.9000015258789,29664
2014-03-06,77.6500015258789,79.80000305175781,77.6500015258789,78.9000015258789,97969
2014-03-07,80.30000305175781,80.30000305175781,77.5,77.6500015258789,92359
2014-03-10,77.5999984741211,79.0999984741211,77.44999694824219,77.6500015258789,62135
2014-03-11,78.19999694824219,78.25,77.0,77.30000305175781,64100
2014-03-12,78.1500015258789,78.1500015258789,76.80000305175781,77.05000305175781,64361
2014-03-13,77.0,77.9000015258789,75.0999984741211,77.0999984741211,71571
2014-03-14,76.5,77.5999984741211,76.0,76.3499984741211,64383
2014-03-18,76.5,77.30000305175781,76.19999694824219,76.44999694824219,53194
2014-03-19,76.94999694824219,76.94999694824219,75.5,76.1500015258789,72444
2014-03-20,76.0,76.30000305175781,74.5999984741211,74.94999694824219,112392
2014-03-21,75.5,76.0999984741211,74.5,75.0999984741211,299897
2014-03-24,78.0,80.44999694824219,76.5,79.5,190155
2014-03-25,77.6500015258789,79.5999984741211,77.6500015258789,79.30000305175781,186894
2014-03-26,79.0,84.0,78.80000305175781,81.1500015258789,406949
2014-03-27,79.25,84.94999694824219,79.25,83.8499984741211,185532
2014-03-28,84.4000015258789,87.80000305175781,82.69999694824219,86.30000305175781,175603
2014-03-31,86.69999694824219,88.9000015258789,85.5,88.30000305175781,146593
2014-04-01,89.1500015258789,105.94999694824219,88.5999984741211,100.1500015258789,962621
2014-04-02,102.5999984741211,109.80000305175781,101.0,106.9000015258789,873641
2014-04-03,107.75,107.94999694824219,103.0,104.8499984741211,256819
2014-04-04,105.25,109.30000305175781,103.94999694824219,105.44999694824219,175973
2014-04-07,106.44999694824219,109.5,104.6500015258789,106.55000305175781,199834
2014-04-09,107.75,112.5,105.0,110.4000015258789,296742
2014-04-10,110.0,118.44999694824219,109.5,112.9000015258789,568038
2014-04-11,113.80000305175781,115.5,110.9000015258789,112.25,112029
2014-04-15,115.4000015258789,115.5,110.19999694824219,110.80000305175781,99821
2014-04-16,109.8499984741211,114.30000305175781,109.75,111.0,75487
2014-04-17,111.05000305175781,115.4000015258789,111.05000305175781,113.0999984741211,173573
2014-04-21,111.25,114.5999984741211,111.25,112.0,61220
2014-04-22,112.0,117.5,110.75,113.30000305175781,102236
2014-04-23,112.5,117.30000305175781,112.5,115.19999694824219,112258
2014-04-25,114.05000305175781,119.0999984741211,113.94999694824219,114.5999984741211,113522
2014-04-28,115.0,116.4000015258789,113.55000305175781,114.4000015258789,38396
2014-04-29,113.69999694824219,117.9000015258789,113.44999694824219,116.05000305175781,107926
2014-04-30,114.9000015258789,117.94999694824219,114.25,114.75,67733
2014-05-02,113.5999984741211,117.3499984741211,113.5999984741211,115.75,39692
2014-05-05,115.0,115.94999694824219,112.5999984741211,113.05000305175781,20976
2014-05-06,115.0,129.8000030517578,114.0,127.8499984741211,1561989
2014-05-07,130.5,133.89999389648438,126.5,129.14999389648438,832143
2014-05-08,129.5,131.5,126.4000015258789,129.64999389648438,211717
2014-05-09,128.8000030517578,129.0,123.5999984741211,124.55000305175781,62004
2014-05-12,124.4000015258789,133.0,123.6500015258789,125.1500015258789,280253
2014-05-13,125.1500015258789,132.0,124.94999694824219,131.5,275572
2014-05-14,135.0,138.0,130.5,131.0,184461
2014-05-15,134.0,134.0,125.9000015258789,126.30000305175781,62971
2014-05-16,125.25,132.9499969482422,123.5999984741211,128.14999389648438,151786
2014-05-19,130.5,133.39999389648438,128.10000610351562,129.1999969482422,57755
2014-05-20,131.8000030517578,134.0,129.5,132.1999969482422,69479
2014-05-21,131.25,135.5,127.30000305175781,128.39999389648438,116379
2014-05-22,137.0,149.0,137.0,145.35000610351562,601411
2014-05-23,146.89999389648438,148.0,138.1999969482422,139.64999389648438,224985
2014-05-26,141.39999389648438,144.60000610351562,131.0,134.89999389648438,69841
2014-05-27,135.0,138.5,128.5,132.14999389648438,32322
2014-05-28,132.0,132.0,120.1500015258789,121.0,170463
2014-05-29,123.0,129.6999969482422,121.8499984741211,126.05000305175781,135321
2014-05-30,127.19999694824219,127.19999694824219,116.19999694824219,120.0999984741211,108158
2014-06-02,120.0999984741211,128.0,114.19999694824219,127.0,165129
2014-06-03,127.05000305175781,133.3000030517578,127.05000305175781,130.85000610351562,146010
2014-06-04,132.8000030517578,134.8000030517578,130.85000610351562,133.1999969482422,81232
2014-06-05,132.0,136.0,132.0,133.89999389648438,79388
2014-06-06,136.0,142.35000610351562,133.89999389648438,140.14999389648438,185366
2014-06-09,136.5,151.0,136.5,149.39999389648438,297044
2014-06-10,149.39999389648438,151.39999389648438,144.5,147.6999969482422,150803
2014-06-11,148.39999389648438,149.85000610351562,140.25,141.8000030517578,84775
2014-06-12,142.39999389648438,144.4499969482422,138.8000030517578,140.4499969482422,35947
2014-06-13,140.5,143.89999389648438,135.5500030517578,136.6999969482422,48429
2014-06-16,136.6999969482422,155.5500030517578,133.10000610351562,147.4499969482422,340700
2014-06-17,147.9499969482422,151.5,144.10000610351562,147.60000610351562,88123
2014-06-18,149.0,151.0,141.10000610351562,148.10000610351562,70991
2014-06-19,149.0,154.6999969482422,146.14999389648438,152.9499969482422,291191
2014-06-20,152.9499969482422,183.5,148.14999389648438,183.39999389648438,2047961
2014-06-23,186.39999389648438,201.0,183.0,188.5500030517578,1721420
2014-06-24,187.0,203.0,179.9499969482422,190.6999969482422,1237451
2014-06-25,191.5,200.0,188.60000610351562,190.0500030517578,260785
2014-06-26,190.89999389648438,194.4499969482422,184.0,190.85000610351562,247355
2014-06-27,191.8000030517578,194.6999969482422,183.25,184.25,177416
2014-06-30,185.0,194.6999969482422,184.5,187.9499969482422,270117
2014-07-01,188.89999389648438,191.0,182.60000610351562,183.85000610351562,113244
2014-07-02,184.89999389648438,191.0,184.89999389648438,189.35000610351562,249911
2014-07-03,187.6999969482422,190.5,180.1999969482422,182.14999389648438,119703
2014-07-04,181.0,186.8000030517578,175.60000610351562,178.5,178477
2014-07-07,178.14999389648438,201.0,178.14999389648438,191.4499969482422,1070605
2014-07-08,192.5,197.0,172.3000030517578,177.5,404389
2014-07-09,178.0,184.8000030517578,167.14999389648438,169.14999389648438,260562
2014-07-10,170.39999389648438,178.75,165.75,171.4499969482422,316698
2014-07-11,172.3000030517578,174.9499969482422,162.14999389648438,163.39999389648438,106870
2014-07-14,162.0,162.0,150.39999389648438,152.10000610351562,236986
2014-07-15,154.0,175.4499969482422,154.0,171.9499969482422,951476
2014-07-16,170.3000030517578,174.5,165.25,168.6999969482422,367018
2014-07-17,167.0,174.0,166.60000610351562,168.5500030517578,169303
2014-07-18,169.6999969482422,171.5,163.75,165.39999389648438,122607
2014-07-21,166.25,174.0,166.25,168.9499969482422,151657
2014-07-22,167.6999969482422,171.85000610351562,164.60000610351562,165.8000030517578,100716
2014-07-23,166.0,173.0,166.0,170.0,249493
2014-07-24,170.0,174.6999969482422,167.0,168.4499969482422,315265
2014-07-25,167.0,169.6999969482422,160.35000610351562,162.14999389648438,96966
2014-07-28,162.0,164.8000030517578,159.25,160.10000610351562,69393
2014-07-30,160.8000030517578,174.6999969482422,160.10000610351562,163.5500030517578,461824
2014-07-31,164.39999389648438,169.64999389648438,160.0,160.8000030517578,207780
2014-08-01,157.6999969482422,163.60000610351562,156.60000610351562,157.6999969482422,126947
2014-08-04,160.0,163.9499969482422,158.10000610351562,159.39999389648438,131095
2014-08-05,160.8000030517578,168.0,159.60000610351562,162.89999389648438,256699
2014-08-06,162.9499969482422,164.4499969482422,158.0500030517578,158.8000030517578,129655
2014-08-07,160.0500030517578,163.8000030517578,156.1999969482422,157.39999389648438,159884
2014-08-08,156.9499969482422,156.9499969482422,150.0,150.1999969482422,150752
2014-08-11,152.3000030517578,155.0,150.5,153.4499969482422,96224
2014-08-12,154.0500030517578,155.5,152.10000610351562,152.60000610351562,55092
2014-08-13,152.9499969482422,152.9499969482422,137.0,139.10000610351562,244593
2014-08-14,138.0,143.85000610351562,134.10000610351562,139.0,166704
2014-08-18,139.0500030517578,154.0,139.0500030517578,146.14999389648438,200233
2014-08-19,146.14999389648438,151.8000030517578,146.0,147.14999389648438,152371
2014-08-20,148.39999389648438,151.0,147.0,147.5500030517578,93260
2014-08-21,147.9499969482422,152.0,147.0,149.5500030517578,131050
2014-08-22,150.6999969482422,157.39999389648438,150.4499969482422,152.14999389648438,225891
2014-08-25,153.0,156.0,146.10000610351562,147.10000610351562,101071
2014-08-26,148.64999389648438,149.0,142.75,144.60000610351562,70184
2014-08-27,145.5,146.85000610351562,142.5,143.75,66594
2014-08-28,144.1999969482422,144.9499969482422,141.6999969482422,142.3000030517578,50274
2014-09-01,143.89999389648438,146.75,142.0,144.9499969482422,67542
2014-09-02,145.39999389648438,155.5,145.0,152.3000030517578,225136
2014-09-03,150.8000030517578,159.39999389648438,150.8000030517578,157.85000610351562,347901
2014-09-04,158.64999389648438,158.8000030517578,153.1999969482422,155.75,164111
2014-09-05,154.10000610351562,164.6999969482422,154.10000610351562,158.5,328366
2014-09-08,159.8000030517578,160.5,155.0,156.1999969482422,87939
2014-09-09,157.6999969482422,159.85000610351562,153.5,154.64999389648438,111985
2014-09-10,154.0,159.5,154.0,155.10000610351562,100342
2014-09-11,155.10000610351562,158.89999389648438,153.6999969482422,154.35000610351562,136151
2014-09-12,155.6999969482422,156.75,153.25,154.64999389648438,49280
2014-09-15,150.64999389648438,154.0,150.64999389648438,152.60000610351562,82714
2014-09-16,154.3000030517578,156.0,143.3000030517578,144.6999969482422,82507
2014-09-17,144.0500030517578,148.6999969482422,141.0500030517578,143.0500030517578,86234
2014-09-18,143.0500030517578,145.5,141.3000030517578,143.8000030517578,76567
2014-09-19,143.0500030517578,152.9499969482422,143.0500030517578,146.25,207589
2014-09-22,145.0,160.39999389648438,143.60000610351562,153.10000610351562,534127
2014-09-23,154.0,156.89999389648438,145.0500030517578,146.0500030517578,204996
2014-09-24,147.0,147.0,140.0,141.35000610351562,166859
2014-09-25,143.85000610351562,145.5,141.1999969482422,142.75,88854
2014-09-26,144.10000610351562,145.89999389648438,133.6999969482422,134.85000610351562,262139
2014-09-29,135.64999389648438,140.8000030517578,135.0,138.10000610351562,118441
2014-09-30,138.85000610351562,139.25,133.0,134.35000610351562,96885
2014-10-01,133.0,134.8000030517578,127.80000305175781,128.1999969482422,175202
2014-10-07,127.0,131.0,126.9000015258789,128.10000610351562,126537
2014-10-08,127.0,129.5,121.05000305175781,122.30000305175781,172906
2014-10-09,121.25,129.64999389648438,121.25,128.1999969482422,107414
2014-10-10,126.80000305175781,126.8499984741211,121.75,122.25,118954
2014-10-13,120.25,125.94999694824219,119.4000015258789,122.8499984741211,105336
2014-10-14,122.94999694824219,125.55000305175781,120.80000305175781,121.4000015258789,61789
2014-10-16,119.0999984741211,122.69999694824219,117.5,118.30000305175781,218595
2014-10-17,119.0,124.19999694824219,118.0999984741211,122.55000305175781,121692
2014-10-20,121.80000305175781,131.75,121.80000305175781,126.3499984741211,222112
2014-10-21,125.05000305175781,130.0,125.05000305175781,127.0,81442
2014-10-22,128.9499969482422,129.8000030517578,126.1500015258789,126.69999694824219,44842
2014-10-27,126.80000305175781,142.35000610351562,124.25,138.14999389648438,608009
2014-10-28,139.0,142.0,135.14999389648438,136.8000030517578,247106
2014-10-29,138.10000610351562,140.0,135.0500030517578,136.25,106755
2014-10-30,136.0,140.5,135.39999389648438,137.3000030517578,130270
2014-10-31,136.4499969482422,143.89999389648438,136.4499969482422,142.14999389648438,248103
2014-11-03,141.0,144.75,141.0,142.35000610351562,99641
2014-11-05,141.0,149.8000030517578,141.0,147.89999389648438,181639
2014-11-07,147.5,150.75,146.10000610351562,149.64999389648438,106563
2014-11-10,149.0,176.5,147.0500030517578,168.14999389648438,501453
2014-11-11,168.10000610351562,168.60000610351562,157.5,161.10000610351562,331536
2014-11-12,162.0,167.5,152.9499969482422,162.0,290602
2014-11-13,163.0,166.8000030517578,158.89999389648438,160.60000610351562,155592
2014-11-14,158.14999389648438,178.75,158.14999389648438,168.5,1055209
2014-11-17,170.14999389648438,171.8000030517578,165.14999389648438,165.89999389648438,221023
2014-11-18,167.0,172.9499969482422,164.0500030517578,166.5,271866
2014-11-19,166.0,169.3000030517578,159.6999969482422,160.5500030517578,217262
2014-11-20,159.10000610351562,160.64999389648438,153.14999389648438,154.60000610351562,171461
2014-11-21,154.89999389648438,169.3000030517578,154.89999389648438,162.35000610351562,639453
2014-11-24,163.0,174.5,162.6999969482422,168.4499969482422,650052
2014-11-25,169.1999969482422,169.8000030517578,160.25,161.75,194134
2014-11-26,160.6999969482422,167.0,159.10000610351562,163.8000030517578,115570
2014-11-27,164.0,166.5500030517578,161.3000030517578,161.85000610351562,117528
2014-11-28,160.60000610351562,169.6999969482422,160.60000610351562,166.25,223259
2014-12-01,173.0,181.9499969482422,171.6999969482422,172.8000030517578,381801
2014-12-02,172.89999389648438,173.0,167.0,170.0500030517578,84698
2014-12-03,170.3000030517578,175.0,170.3000030517578,173.35000610351562,104923
2014-12-04,174.9499969482422,176.9499969482422,170.75,172.25,77600
2014-12-05,173.6999969482422,176.5,169.5,170.9499969482422,121624
2014-12-08,171.0,173.9499969482422,168.0,168.4499969482422,42421
2014-12-09,170.10000610351562,170.10000610351562,162.0,163.75,70429
2014-12-10,164.6999969482422,168.75,164.6999969482422,166.14999389648438,50707
2014-12-11,164.5,167.1999969482422,164.10000610351562,165.5500030517578,45913
2014-12-12,166.6999969482422,169.8000030517578,160.1999969482422,161.10000610351562,64334
2014-12-15,160.0,160.0,151.0,152.5,108635
2014-12-16,152.0,164.25,145.0,146.64999389648438,115809
2014-12-17,145.1999969482422,147.35000610351562,136.0500030517578,138.6999969482422,132110
2014-12-18,139.64999389648438,149.1999969482422,139.64999389648438,144.3000030517578,141530
2014-12-19,146.39999389648438,149.0,134.0,136.1999969482422,401992
2014-12-22,137.35000610351562,145.0,137.35000610351562,142.5,141704
2014-12-23,143.3000030517578,143.3000030517578,139.5500030517578,141.5,45722
2014-12-24,142.0,143.39999389648438,138.1999969482422,138.89999389648438,50575
2014-12-26,138.0,141.5,137.5,138.64999389648438,42196
2014-12-29,140.0,141.5500030517578,138.35000610351562,138.9499969482422,47507
2014-12-30,138.89999389648438,144.35000610351562,138.89999389648438,143.25,112037
2014-12-31,143.6999969482422,143.6999969482422,140.10000610351562,142.3000030517578,38759
2015-01-01,141.5,153.39999389648438,141.5,148.35000610351562,291610
2015-01-02,149.25,152.3000030517578,148.25,149.25,103684
2015-01-05,148.35000610351562,153.89999389648438,148.35000610351562,150.75,94916
2015-01-06,149.0,149.0500030517578,140.10000610351562,141.64999389648438,61751
2015-01-07,143.1999969482422,146.9499969482422,140.64999389648438,141.5500030517578,84757
2015-01-08,143.89999389648438,144.60000610351562,142.0500030517578,142.64999389648438,45743
2015-01-09,144.10000610351562,145.4499969482422,138.5,140.5,68309
2015-01-12,142.5,142.9499969482422,139.0,139.60000610351562,42830
2015-01-13,140.89999389648438,144.60000610351562,140.0500030517578,141.10000610351562,87875
2015-01-14,139.5,144.0,139.14999389648438,139.89999389648438,72227
2015-01-15,139.1999969482422,144.0,139.1999969482422,141.39999389648438,82968
2015-01-16,141.9499969482422,143.6999969482422,140.10000610351562,141.5500030517578,64121
2015-01-19,142.89999389648438,169.85000610351562,141.85000610351562,169.25,2624775
2015-01-20,167.89999389648438,169.8000030517578,160.14999389648438,161.3000030517578,1321309
2015-01-21,162.0,166.3000030517578,157.10000610351562,161.4499969482422,430530
2015-01-22,161.9499969482422,163.4499969482422,158.0,158.64999389648438,191214
2015-01-23,159.0,162.5,155.3000030517578,159.60000610351562,209668
2015-01-27,157.60000610351562,187.0,157.60000610351562,175.5500030517578,1952611
2015-01-28,174.39999389648438,174.9499969482422,168.10000610351562,170.35000610351562,396147
2015-01-29,171.35000610351562,187.0,170.10000610351562,172.4499969482422,1202302
2015-01-30,173.8000030517578,175.6999969482422,166.0500030517578,169.89999389648438,270782
2015-02-02,169.89999389648438,184.89999389648438,169.89999389648438,174.0,924029
2015-02-03,175.1999969482422,179.0,169.0,169.8000030517578,281480
2015-02-04,171.39999389648438,177.14999389648438,167.3000030517578,169.8000030517578,246687
2015-02-05,171.0,174.5,165.64999389648438,166.4499969482422,203591
2015-02-06,169.0,172.8000030517578,161.9499969482422,164.3000030517578,249777
2015-02-09,160.0,168.0,159.0500030517578,165.75,193946
2015-02-10,164.89999389648438,174.8000030517578,163.0,163.8000030517578,347848
2015-02-11,165.60000610351562,168.4499969482422,164.10000610351562,166.1999969482422,137361
2015-02-12,167.5,169.60000610351562,164.5,166.89999389648438,140104
2015-02-13,168.3000030517578,172.0,166.0500030517578,169.4499969482422,199325
2015-02-16,175.0,181.8000030517578,171.9499969482422,174.0500030517578,598802
2015-02-18,175.64999389648438,179.0,173.4499969482422,175.39999389648438,210139
2015-02-19,178.0,180.39999389648438,169.0,171.89999389648438,268921
2015-02-20,172.4499969482422,173.0,168.14999389648438,168.85000610351562,138752
2015-02-23,166.10000610351562,181.6999969482422,166.10000610351562,170.89999389648438,359412
2015-02-24,171.39999389648438,174.5,168.0,169.64999389648438,145046
2015-02-25,170.0500030517578,173.0,167.64999389648438,168.39999389648438,146122
2015-02-26,168.75,170.89999389648438,166.0500030517578,166.4499969482422,72182
2015-02-27,167.9499969482422,171.0,166.1999969482422,168.4499969482422,148948
2015-03-02,170.14999389648438,171.75,165.0500030517578,166.6999969482422,125567
2015-03-03,168.25,170.89999389648438,165.5500030517578,166.75,107992
2015-03-04,168.39999389648438,170.0,162.10000610351562,163.0,132296
2015-03-05,164.3000030517578,169.39999389648438,162.10000610351562,166.8000030517578,175385
2015-03-09,165.9499969482422,174.39999389648438,164.60000610351562,172.1999969482422,221481
2015-03-10,173.0,181.1999969482422,173.0,176.35000610351562,359971
2015-03-11,176.35000610351562,182.5,175.10000610351562,179.1999969482422,271133
2015-03-12,180.0,191.9499969482422,179.75,188.6999969482422,904603
2015-03-13,190.10000610351562,194.5,187.35000610351562,191.35000610351562,443022
2015-03-16,192.3000030517578,209.5,192.10000610351562,206.0,1694996
2015-03-17,206.0500030517578,214.8000030517578,201.0500030517578,209.39999389648438,844522
2015-03-18,209.64999389648438,213.0,204.39999389648438,207.1999969482422,374239
2015-03-19,207.3000030517578,221.89999389648438,207.3000030517578,211.75,1360684
2015-03-20,212.3000030517578,222.5,212.25,219.60000610351562,1670344
2015-03-23,219.0,219.0,207.14999389648438,208.10000610351562,403841
2015-03-24,209.64999389648438,218.39999389648438,208.0,212.8000030517578,596171
2015-03-25,214.39999389648438,214.8000030517578,207.0500030517578,209.10000610351562,242872
2015-03-26,208.0,214.4499969482422,204.89999389648438,207.10000610351562,439811
2015-03-27,208.89999389648438,214.8000030517578,197.0,199.89999389648438,339591
2015-03-30,201.0500030517578,206.0,196.5,197.60000610351562,205343
2015-03-31,199.0500030517578,200.5500030517578,193.25,195.0500030517578,175458
2015-04-01,196.6999969482422,209.89999389648438,194.5500030517578,204.5500030517578,617190
2015-04-06,205.35000610351562,208.0,199.35000610351562,201.10000610351562,310290
2015-04-07,201.89999389648438,204.64999389648438,198.75,199.89999389648438,474988
2015-04-08,201.35000610351562,205.5,198.64999389648438,199.5,311568
2015-04-09,200.39999389648438,202.3000030517578,198.1999969482422,199.3000030517578,162387
2015-04-10,199.9499969482422,202.5,171.39999389648438,199.0,316863
2015-04-13,200.39999389648438,203.0,197.10000610351562,198.1999969482422,289464
2015-04-15,199.75,201.4499969482422,197.0,199.0500030517578,238151
2015-04-16,199.89999389648438,201.0,196.1999969482422,197.5,151766
2015-04-17,198.3000030517578,199.64999389648438,195.10000610351562,196.64999389648438,146754
2015-04-20,197.0,202.9499969482422,194.39999389648438,195.85000610351562,416562
2015-04-21,198.39999389648438,201.0,195.14999389648438,198.85000610351562,266047
2015-04-22,199.5,224.6999969482422,199.5,215.89999389648438,1045593
2015-04-23,217.35000610351562,227.5,216.25,225.8000030517578,1055566
2015-04-24,226.6999969482422,232.39999389648438,216.0500030517578,220.85000610351562,702238
2015-04-27,220.8000030517578,226.0,214.35000610351562,224.0500030517578,471288
2015-04-28,224.0500030517578,230.4499969482422,221.8000030517578,224.35000610351562,291266
2015-04-29,224.89999389648438,236.60000610351562,218.1999969482422,233.39999389648438,415565
2015-04-30,235.0500030517578,239.5,231.10000610351562,232.89999389648438,294162
2015-05-04,235.0,247.8000030517578,235.0,240.25,434120
2015-05-05,242.75,244.6999969482422,234.10000610351562,235.4499969482422,220498
2015-05-06,235.0,239.75,228.0,229.25,254342
2015-05-07,228.6999969482422,238.8000030517578,222.0,233.14999389648438,291934
2015-05-08,235.60000610351562,252.39999389648438,235.0,240.85000610351562,667512
2015-05-11,243.39999389648438,246.6999969482422,235.8000030517578,237.14999389648438,235230
2015-05-12,237.5500030517578,238.35000610351562,231.0,231.4499969482422,202160
2015-05-13,232.0,236.64999389648438,228.14999389648438,229.39999389648438,254829
2015-05-14,228.0,232.8000030517578,224.89999389648438,230.35000610351562,208563
2015-05-15,229.89999389648438,234.89999389648438,229.85000610351562,231.85000610351562,177155
2015-05-18,232.0,239.0,232.0,233.85000610351562,146979
2015-05-19,232.39999389648438,238.89999389648438,231.3000030517578,233.85000610351562,165756
2015-05-20,232.5,236.8000030517578,226.14999389648438,229.35000610351562,256762
2015-05-21,231.0,233.60000610351562,227.75,229.10000610351562,197026
2015-05-22,229.0,236.0,226.3000030517578,228.75,251744
2015-05-25,229.25,233.5,227.5500030517578,228.60000610351562,200397
2015-05-26,228.89999389648438,232.9499969482422,228.10000610351562,228.9499969482422,220461
2015-05-27,228.0,245.39999389648438,224.5500030517578,230.39999389648438,582509
2015-05-28,232.3000030517578,241.0,224.5500030517578,228.1999969482422,483940
2015-05-29,239.8000030517578,239.89999389648438,228.14999389648438,229.25,613072
2015-06-01,233.1999969482422,235.0,227.60000610351562,228.6999969482422,274327
2015-06-02,230.0,232.89999389648438,226.14999389648438,226.6999969482422,209127
2015-06-03,228.0,228.60000610351562,220.0,221.39999389648438,242482
2015-06-04,221.0,224.6999969482422,218.10000610351562,222.10000610351562,250648
2015-06-05,221.5,231.6999969482422,220.35000610351562,226.6999969482422,294233
2015-06-08,228.9499969482422,230.39999389648438,222.25,226.85000610351562,204551
2015-06-09,225.1999969482422,238.8000030517578,225.1999969482422,236.0,561551
2015-06-10,244.0,248.0,235.25,236.75,534045
2015-06-11,237.0,243.0,235.0500030517578,238.0500030517578,296392
2015-06-12,236.5,242.0,236.5,237.5500030517578,157247
2015-06-15,236.9499969482422,239.25,234.10000610351562,235.25,142938
2015-06-16,235.0,241.0,235.0,239.1999969482422,185943
2015-06-17,243.0,244.89999389648438,240.0,242.85000610351562,239138
2015-06-18,244.0,260.0,243.60000610351562,257.1000061035156,625410
2015-06-19,261.1499938964844,269.0,261.1499938964844,263.54998779296875,518248
2015-06-22,264.0,284.79998779296875,263.0,280.54998779296875,673048
2015-06-23,284.0,297.8999938964844,280.0,295.8500061035156,1079239
2015-06-24,298.0,306.5,284.20001220703125,290.0,964929
2015-06-25,291.70001220703125,307.0,289.8500061035156,303.6000061035156,698115
2015-06-26,308.29998779296875,318.70001220703125,305.5,315.04998779296875,783368
2015-06-29,304.3999938964844,313.70001220703125,299.5,309.3500061035156,616131
2015-06-30,307.8999938964844,329.75,307.0,326.54998779296875,997677
2015-07-01,332.3999938964844,363.8999938964844,332.1000061035156,354.6499938964844,1564585
2015-07-02,356.0,372.95001220703125,355.8999938964844,369.3500061035156,1686767
2015-07-03,374.79998779296875,383.3999938964844,360.20001220703125,367.29998779296875,1197306
2015-07-06,357.04998779296875,363.8999938964844,345.0,357.25,564946
2015-07-07,360.5,374.79998779296875,360.0,369.3500061035156,598726
2015-07-08,368.0,383.0,358.3999938964844,378.04998779296875,956239
2015-07-09,381.5,395.5,353.29998779296875,376.6499938964844,787595
2015-07-10,384.20001220703125,386.8500061035156,361.5,367.3500061035156,1112261
2015-07-13,374.3999938964844,376.5,368.0,370.8999938964844,457668
2015-07-14,371.75,373.5,364.20001220703125,365.3999938964844,360678
2015-07-15,367.3999938964844,374.95001220703125,366.0,370.45001220703125,398577
2015-07-16,372.0,444.0,371.0,417.8999938964844,2461036
2015-07-17,417.0,459.6499938964844,412.0,447.1000061035156,3119850
2015-07-20,444.1000061035156,478.3999938964844,444.0,466.1000061035156,2696864
2015-07-21,469.0,481.5,460.3999938964844,467.20001220703125,1601397
2015-07-22,468.0,488.3999938964844,462.0,483.70001220703125,1333356
2015-07-23,485.1000061035156,538.5,485.0,522.9500122070312,4299795
2015-07-24,525.5,547.0,525.0999755859375,532.4500122070312,2374382
2015-07-27,536.0,549.7000122070312,525.0,540.8499755859375,1977050
2015-07-28,546.5,556.7000122070312,525.0,528.9000244140625,1510163
2015-07-29,530.9000244140625,533.2000122070312,465.1499938964844,482.20001220703125,2342628
2015-07-30,480.0,484.8999938964844,452.29998779296875,459.29998779296875,1295340
2015-07-31,454.5,530.0,454.5,520.4500122070312,2537271
2015-08-03,531.2999877929688,575.0,530.0,568.9000244140625,3096062
2015-08-04,567.9000244140625,579.4000244140625,547.7000122070312,558.2999877929688,1685587
2015-08-05,562.0,564.7999877929688,537.2000122070312,546.5499877929688,1078125
2015-08-06,547.9500122070312,573.4500122070312,547.0,563.75,1671796
2015-08-07,559.7000122070312,566.7999877929688,543.7999877929688,553.0999755859375,761202
2015-08-10,555.4000244140625,564.1500244140625,543.0,549.5,817715
2015-08-11,553.2000122070312,554.7000122070312,537.0999755859375,545.4500122070312,533557
2015-08-12,545.0,593.9000244140625,535.0,579.6500244140625,2703447
2015-08-13,586.0,610.7000122070312,548.3499755859375,567.4000244140625,2621598
2015-08-14,582.7000122070312,597.75,560.0,570.4500122070312,1406377
2015-08-17,579.4000244140625,581.9000244140625,559.2000122070312,572.9500122070312,724662
2015-08-18,576.3499755859375,615.0,568.5499877929688,605.9500122070312,2281419
2015-08-19,605.7999877929688,621.9000244140625,600.0,604.3499755859375,1440399
2015-08-20,603.0,609.7000122070312,582.0,587.6500244140625,688689
2015-08-21,578.5,578.5,558.0999755859375,566.0,572091
2015-08-24,530.0,535.0,462.0,470.6000061035156,871685
2015-08-25,477.1499938964844,518.7999877929688,420.0,510.1000061035156,1433513
2015-08-26,513.0,528.0,486.29998779296875,505.5,824044
2015-08-27,524.7999877929688,534.9500122070312,511.95001220703125,517.4500122070312,609266
2015-08-28,531.3499755859375,534.6500244140625,514.4000244140625,517.25,478672
2015-08-31,515.0,531.5,501.1000061035156,506.5,834611
2015-09-01,504.29998779296875,506.5,464.1000061035156,480.3999938964844,726802
2015-09-02,490.1000061035156,497.79998779296875,482.0,488.1499938964844,518484
2015-09-03,495.0,507.70001220703125,489.0,492.8999938964844,543819
2015-09-04,489.0,489.0,460.6000061035156,470.1499938964844,729620
2015-09-07,474.95001220703125,483.95001220703125,456.8500061035156,459.29998779296875,508147
2015-09-08,463.0,474.8999938964844,423.0,461.8500061035156,916403
2015-09-09,473.0,485.0,467.0,474.5,714282
2015-09-10,464.95001220703125,467.0,450.3500061035156,460.1499938964844,496692
2015-09-11,467.0,472.95001220703125,455.0,460.04998779296875,364337
2015-09-14,461.95001220703125,464.54998779296875,447.1000061035156,450.70001220703125,487515
2015-09-15,451.0,452.6000061035156,424.0,424.5,647787
2015-09-16,432.0,434.79998779296875,367.25,383.1000061035156,2246274
2015-09-18,388.0,417.8999938964844,388.0,401.54998779296875,2120901
2015-09-21,398.0,421.70001220703125,392.04998779296875,419.20001220703125,934390
2015-09-22,427.75,444.0,423.1000061035156,430.5,1198229
2015-09-23,426.8500061035156,464.0,421.5,458.70001220703125,1523403
2015-09-24,464.95001220703125,493.5,461.29998779296875,488.45001220703125,1568690
2015-09-28,497.29998779296875,557.7999877929688,495.6499938964844,550.5999755859375,3627675
2015-09-29,538.75,570.9000244140625,535.0999755859375,555.2000122070312,2985699
2015-09-30,560.0999755859375,573.9000244140625,556.25,562.5999755859375,1249791
2015-10-01,567.9500122070312,569.7999877929688,517.8499755859375,554.5999755859375,1538442
2015-10-05,560.2999877929688,587.7999877929688,555.0,581.2000122070312,1892842
2015-10-06,582.0,642.0,582.0,626.2999877929688,4493147
2015-10-07,632.0,657.5,630.5499877929688,634.8499755859375,3389264
2015-10-08,634.0,656.2999877929688,618.1500244140625,648.1500244140625,2772101
2015-10-09,657.7000122070312,669.9500122070312,636.25,640.2000122070312,1969973
2015-10-12,647.5,649.7999877929688,627.5499877929688,642.5499877929688,1223231
2015-10-13,644.9000244140625,644.9000244140625,620.0499877929688,627.0499877929688,691055
2015-10-14,621.0499877929688,641.0,607.0,634.0,1663752
2015-10-15,641.1500244140625,654.9000244140625,628.3499755859375,635.0,1273961
2015-10-16,634.0,638.5,625.0999755859375,627.5,577508
2015-10-19,629.0,633.4000244140625,620.2000122070312,624.5,529014
2015-10-20,627.7999877929688,639.6500244140625,626.25,631.1500244140625,579724
2015-10-21,634.0,647.75,630.4500122070312,644.5499877929688,863435
2015-10-23,652.5,658.5,644.75,645.7000122070312,820851
2015-10-26,647.0,650.75,636.0999755859375,640.25,461881
2015-10-27,642.7999877929688,646.6500244140625,632.5,634.3499755859375,1263981
2015-10-28,635.0,651.7000122070312,625.0,635.9500122070312,643702
2015-10-29,634.6500244140625,657.9000244140625,632.2999877929688,637.4000244140625,1334332
2015-10-30,639.0,647.9000244140625,629.75,644.8499755859375,524819
2015-11-02,645.0,650.9000244140625,638.0,641.3499755859375,511694
2015-11-03,644.0,646.75,636.25,640.4000244140625,335948
2015-11-04,642.0,679.4500122070312,640.0,646.5,2054229
2015-11-05,648.25,656.8499755859375,633.2999877929688,636.6500244140625,639754
2015-11-06,640.5999755859375,649.0,637.0999755859375,643.0,524074
2015-11-09,619.0,697.0,603.4000244140625,689.2000122070312,1627090
2015-11-10,690.0999755859375,724.8499755859375,683.0999755859375,688.7999877929688,2190701
2015-11-13,682.2999877929688,714.2000122070312,645.4500122070312,697.8499755859375,1153059
2015-11-16,705.5,717.0,682.0,687.4000244140625,962195
2015-11-17,691.5499877929688,692.5499877929688,666.3499755859375,672.5,595546
2015-11-18,674.3499755859375,705.9000244140625,668.3499755859375,674.0499877929688,1804357
2015-11-19,682.4500122070312,691.5,675.3499755859375,683.25,669306
2015-11-20,683.0,696.9000244140625,673.0,678.2000122070312,1086079
2015-11-23,681.75,698.0,678.2000122070312,689.2999877929688,854740
2015-11-24,692.0,704.7999877929688,687.2999877929688,691.4000244140625,871040
2015-11-26,694.7999877929688,702.0,680.2000122070312,689.5499877929688,669186
2015-11-27,691.5,692.2999877929688,675.1500244140625,680.7000122070312,294758
2015-11-30,686.5,714.0,682.0499877929688,705.0,1587700
2015-12-01,713.3499755859375,729.0,703.4000244140625,706.2999877929688,1683428
2015-12-02,710.0,715.0,700.7000122070312,711.8499755859375,638742
2015-12-03,711.3499755859375,713.7999877929688,683.5,688.4500122070312,693991
2015-12-04,683.5499877929688,693.7000122070312,668.7000122070312,683.9000244140625,638649
2015-12-07,688.2999877929688,695.0,683.25,685.3499755859375,384907
2015-12-08,681.0,684.0,665.2000122070312,671.4000244140625,264663
2015-12-09,678.0,692.5999755859375,672.25,684.1500244140625,659277
2015-12-10,687.9000244140625,689.7999877929688,675.5,684.7999877929688,265941
2015-12-11,685.9500122070312,693.75,679.5,681.4500122070312,686271
2015-12-14,671.9000244140625,689.5,653.2999877929688,683.6500244140625,313853
2015-12-15,686.2000122070312,697.0,678.0,681.3499755859375,761106
2015-12-16,683.8499755859375,691.7000122070312,679.25,681.7000122070312,415527
2015-12-17,685.7999877929688,698.0,678.5,681.0999755859375,808865
2015-12-18,682.7000122070312,689.0,682.0,684.0,360655
2015-12-21,685.0,686.0499877929688,670.4500122070312,677.2999877929688,227141
2015-12-22,682.4000244140625,683.0,673.3499755859375,679.0999755859375,328148
2015-12-23,683.7999877929688,691.8499755859375,675.5999755859375,679.4000244140625,408134
2015-12-24,681.2000122070312,683.9000244140625,672.0999755859375,677.0999755859375,124335
2015-12-28,677.0,678.6500244140625,671.0,675.4000244140625,123793
2015-12-29,676.8499755859375,682.0499877929688,672.5499877929688,677.0499877929688,176095
2015-12-30,677.9000244140625,701.0,673.0,681.5499877929688,818230
2015-12-31,684.5999755859375,691.9000244140625,679.5499877929688,682.0499877929688,242977
2016-01-01,680.9000244140625,687.7000122070312,675.0,678.5499877929688,156422
2016-01-04,679.5,687.5,674.4000244140625,680.8499755859375,191869
2016-01-05,682.5,714.7999877929688,682.5,705.0,1031019
2016-01-06,707.9500122070312,718.4000244140625,704.1500244140625,706.0999755859375,523678
2016-01-07,700.0,710.0,685.5999755859375,704.6500244140625,342284
2016-01-08,710.0,733.0,703.0499877929688,704.5999755859375,1073709
2016-01-11,700.0,719.5,690.5,709.6500244140625,468967
2016-01-12,711.7999877929688,724.7999877929688,706.3499755859375,710.0999755859375,541136
2016-01-13,718.0,727.5,708.4000244140625,710.9000244140625,896825
2016-01-14,703.4000244140625,716.8499755859375,695.2999877929688,710.9500122070312,291269
2016-01-15,717.5999755859375,724.0,705.0,710.25,491685
2016-01-18,714.7999877929688,719.5999755859375,682.1500244140625,708.7999877929688,227866
2016-01-19,715.0,723.0,710.0,711.0,357549
2016-01-20,705.7000122070312,719.5999755859375,702.75,712.0,334633
2016-01-21,717.0,723.7999877929688,710.0,710.9000244140625,379106
2016-01-22,716.9500122070312,740.0,695.0,714.5499877929688,648494
2016-01-25,722.0,729.9000244140625,716.0,719.8499755859375,299681
2016-01-27,724.0,729.0,719.0,722.7000122070312,361913
2016-01-28,720.9500122070312,727.9000244140625,720.0,723.1500244140625,228267
2016-01-29,724.9500122070312,734.9000244140625,723.5,724.1500244140625,887330
2016-02-01,730.7000122070312,734.8499755859375,725.0,728.9500122070312,262694
2016-02-02,729.9500122070312,734.0,727.7999877929688,729.2000122070312,272551
2016-02-03,726.7999877929688,729.0,721.2000122070312,725.5499877929688,381657
2016-02-04,732.0,733.9000244140625,724.5,726.2000122070312,175758
2016-02-05,731.0,731.0,718.0499877929688,727.0999755859375,183030
2016-02-08,726.9500122070312,733.5999755859375,723.2999877929688,726.9500122070312,170490
2016-02-09,724.7999877929688,729.0,711.25,724.1500244140625,122803
2016-02-10,724.7000122070312,731.9500122070312,715.5,721.7000122070312,100393
2016-02-11,724.75,730.0,683.25,697.0,229492
2016-02-12,710.0499877929688,720.0,681.0,710.2999877929688,278952
2016-02-15,715.0,725.0,715.0,720.4000244140625,191530
2016-02-16,720.2000122070312,727.0,715.0,719.9500122070312,150939
2016-02-17,723.4000244140625,724.9500122070312,714.0,723.0999755859375,127693
2016-02-18,724.9000244140625,744.7999877929688,721.2999877929688,724.8499755859375,391898
2016-02-19,724.5,739.0,719.0499877929688,723.8499755859375,246442
2016-02-22,728.0,734.9000244140625,712.9000244140625,716.6500244140625,258468
2016-02-23,721.25,722.7000122070312,697.25,709.8499755859375,245484
2016-02-24,714.2999877929688,714.2999877929688,701.0,704.5999755859375,228905
2016-02-25,704.4000244140625,714.9000244140625,704.4000244140625,709.25,270140
2016-02-26,709.4500122070312,718.7999877929688,703.0,707.0999755859375,447383
2016-02-29,706.0,714.4000244140625,701.0,707.9500122070312,352091
2016-03-01,707.0,714.0,701.9000244140625,705.2999877929688,325944
2016-03-02,709.0,719.4000244140625,698.3499755859375,703.75,417566
2016-03-03,703.9500122070312,715.7999877929688,696.2999877929688,698.9000244140625,612070
2016-03-04,704.9000244140625,712.8499755859375,696.3499755859375,698.9000244140625,455371
2016-03-08,699.0,703.9000244140625,690.5999755859375,695.4500122070312,234454
2016-03-09,694.3499755859375,699.7000122070312,676.4000244140625,682.25,232273
2016-03-10,684.6500244140625,692.0,681.2000122070312,687.9000244140625,186978
2016-03-11,686.0999755859375,688.8499755859375,661.5999755859375,665.7999877929688,220914
2016-03-14,670.75,673.8499755859375,655.0,659.25,213397
2016-03-15,660.0,668.0,645.9500122070312,648.9000244140625,341203
2016-03-16,650.5,653.0,562.0,569.6500244140625,1776765
2016-03-17,572.0999755859375,600.0,572.0999755859375,576.5,1107236
2016-03-18,581.0,638.2999877929688,581.0,601.9000244140625,3189376
2016-03-21,599.0,620.5,597.0,610.0999755859375,741067
2016-03-22,609.0,623.9000244140625,603.5,611.25,654883
2016-03-23,613.75,617.4500122070312,600.5999755859375,602.5,316906
2016-03-28,602.5499877929688,610.0,591.3499755859375,596.4000244140625,194988
2016-03-29,595.0499877929688,609.0,584.9500122070312,590.5499877929688,271966
2016-03-30,594.0,609.7000122070312,593.9000244140625,604.0999755859375,291898
2016-03-31,607.0,629.9500122070312,602.0,621.0999755859375,320864
2016-04-01,621.0,627.8499755859375,612.1500244140625,621.25,214924
2016-04-04,624.0,629.9000244140625,620.0,623.5,169184
2016-04-05,622.2000122070312,643.9000244140625,617.7999877929688,634.5,399153
2016-04-06,639.7000122070312,640.9000244140625,621.0499877929688,624.0499877929688,153536
2016-04-07,624.0499877929688,627.7999877929688,598.0499877929688,599.8499755859375,225732
2016-04-08,600.0,602.9000244140625,585.2000122070312,591.5999755859375,281457
2016-04-11,592.0999755859375,619.7999877929688,592.0999755859375,605.5499877929688,434480
2016-04-12,608.1500244140625,614.0999755859375,590.5999755859375,593.25,321133
2016-04-13,602.2000122070312,605.7999877929688,592.6500244140625,594.8499755859375,264192
2016-04-18,599.0,599.9000244140625,592.7999877929688,595.4000244140625,152377
2016-04-20,597.0,600.9000244140625,586.0,588.0999755859375,270147
2016-04-21,604.0,604.7999877929688,584.0999755859375,586.8499755859375,188997
2016-04-22,586.5,586.5,571.5,572.4000244140625,267184
2016-04-25,572.3499755859375,574.5,548.0999755859375,550.5499877929688,290611
2016-04-26,550.9000244140625,574.4000244140625,527.75,566.1500244140625,513508
2016-04-27,569.75,584.3499755859375,565.2999877929688,573.0,313710
2016-04-28,576.5999755859375,584.0,571.0499877929688,578.8499755859375,310167
2016-04-29,575.0,597.8499755859375,575.0,592.0499877929688,475459
2016-05-02,585.0,599.0,585.0,592.7999877929688,307832
2016-05-03,596.4000244140625,603.8499755859375,593.0,598.5,240766
2016-05-04,596.0,596.2000122070312,565.5,571.4000244140625,208983
2016-05-05,575.9000244140625,579.6500244140625,562.5,568.0499877929688,220907
2016-05-06,567.9000244140625,577.0,563.5999755859375,566.0999755859375,138139
2016-05-09,566.5999755859375,575.75,566.5499877929688,571.1500244140625,137579
2016-05-10,571.1500244140625,573.7999877929688,562.7000122070312,565.25,177326
2016-05-11,560.0999755859375,564.9500122070312,548.8499755859375,560.8499755859375,170697
2016-05-12,560.8499755859375,589.7999877929688,560.8499755859375,583.2000122070312,344617
2016-05-13,586.4000244140625,586.4000244140625,568.25,573.0499877929688,209141
2016-05-16,568.5499877929688,574.9000244140625,556.0,560.0,203130
2016-05-17,564.0,574.0,551.0999755859375,569.2999877929688,313059
2016-05-18,566.0,570.7000122070312,561.2000122070312,563.5499877929688,156094
2016-05-19,561.0,566.9500122070312,556.2000122070312,559.2000122070312,138027
2016-05-20,561.5999755859375,564.9500122070312,548.7000122070312,551.8499755859375,185350
2016-05-23,554.8499755859375,564.9000244140625,545.0,557.7999877929688,189401
2016-05-24,561.4000244140625,568.9000244140625,548.5499877929688,554.5999755859375,347780
2016-05-25,560.9000244140625,562.9500122070312,555.0499877929688,556.7999877929688,112953
2016-05-26,556.0499877929688,560.0,554.0,555.7000122070312,158091
2016-05-27,554.25,560.9500122070312,550.25,552.6500244140625,232879
2016-05-30,554.75,566.2999877929688,554.3499755859375,560.1500244140625,235319
2016-05-31,562.4000244140625,586.0,555.5,573.6500244140625,477845
2016-06-01,578.0,586.25,561.1500244140625,563.9500122070312,251255
2016-06-02,563.5999755859375,564.2000122070312,551.0499877929688,553.25,274829
2016-06-03,558.0,559.3499755859375,520.0,523.9500122070312,463594
2016-06-06,523.0999755859375,534.7999877929688,485.0,487.3999938964844,948426
2016-06-07,490.0,503.70001220703125,476.5,500.6000061035156,778932
2016-06-08,501.75,509.0,491.1000061035156,494.6499938964844,676467
2016-06-09,499.0,500.0,489.04998779296875,491.25,360424
2016-06-10,490.04998779296875,495.8999938964844,487.5,490.20001220703125,293334
2016-06-13,487.8999938964844,490.8999938964844,475.0,476.29998779296875,415321
2016-06-14,484.0,495.20001220703125,471.0,473.8999938964844,364454
2016-06-15,474.54998779296875,478.0,469.5,471.8999938964844,200183
2016-06-16,472.0,472.0,453.04998779296875,459.0,397581
2016-06-17,463.0,463.0,448.0,451.70001220703125,406136
2016-06-20,442.70001220703125,489.0,436.1000061035156,467.1499938964844,1317208
2016-06-21,467.8999938964844,478.70001220703125,462.3999938964844,473.75,858030
2016-06-22,469.3999938964844,474.1000061035156,455.6499938964844,458.8500061035156,1038624
2016-06-23,458.6000061035156,467.5,450.0,455.54998779296875,813706
2016-06-24,436.0,439.95001220703125,421.04998779296875,426.1499938964844,545413
2016-06-27,430.0,438.3999938964844,427.1000061035156,432.79998779296875,343822
2016-06-28,433.0,445.8999938964844,426.79998779296875,433.79998779296875,588337
2016-06-29,434.3999938964844,439.5,428.1499938964844,430.5,439110
2016-06-30,432.0,451.0,430.0,432.3500061035156,949878
2016-07-01,433.0,447.6000061035156,433.0,443.79998779296875,644272
2016-07-04,447.75,457.0,445.1000061035156,448.20001220703125,477937
2016-07-05,451.45001220703125,453.3999938964844,445.0,449.1499938964844,327771
2016-07-07,451.3999938964844,456.29998779296875,448.04998779296875,451.20001220703125,592868
2016-07-08,453.6499938964844,459.70001220703125,451.0,453.3999938964844,444097
2016-07-11,462.3500061035156,462.3500061035156,452.75,455.3500061035156,501158
2016-07-12,458.75,464.79998779296875,455.8500061035156,458.3500061035156,518322
2016-07-13,461.45001220703125,461.45001220703125,448.0,449.54998779296875,401951
2016-07-14,452.79998779296875,471.54998779296875,450.0,461.45001220703125,922575
2016-07-15,462.8999938964844,465.0,421.5,446.3500061035156,754260
2016-07-18,449.0,453.95001220703125,443.0,446.29998779296875,291044
2016-07-19,448.3999938964844,448.3999938964844,434.5,437.45001220703125,377526
2016-07-20,440.0,440.95001220703125,427.5,430.0,455899
2016-07-21,432.3999938964844,439.79998779296875,432.0,435.3999938964844,316329
2016-07-22,433.20001220703125,443.79998779296875,432.0,435.0,370108
2016-07-25,439.79998779296875,446.0,436.1499938964844,437.8999938964844,325097
2016-07-26,441.79998779296875,443.5,435.3500061035156,438.29998779296875,202961
2016-07-27,440.75,441.04998779296875,431.0,435.6499938964844,287356
2016-07-28,438.6499938964844,441.54998779296875,434.0,439.25,153485
2016-07-29,442.0,442.3999938964844,435.20001220703125,439.45001220703125,171497
2016-08-01,441.0,442.70001220703125,434.0,440.75,244404
2016-08-02,442.75,442.75,434.5,437.75,202578
2016-08-03,437.8999938964844,439.5,429.0,431.25,218797
2016-08-04,433.79998779296875,440.0,430.29998779296875,432.20001220703125,183609
2016-08-05,433.95001220703125,433.95001220703125,425.0,426.6499938964844,316958
2016-08-08,427.3999938964844,438.6499938964844,427.3999938964844,431.45001220703125,388538
2016-08-09,434.0,443.8999938964844,431.45001220703125,440.0,365859
2016-08-10,442.0,463.0,441.20001220703125,451.1499938964844,1430559
2016-08-11,452.0,472.0,451.1499938964844,453.5,724083
2016-08-12,455.79998779296875,464.79998779296875,453.5,455.1499938964844,587284
2016-08-16,457.95001220703125,458.0,432.3999938964844,434.5,566593
2016-08-17,437.79998779296875,440.95001220703125,429.04998779296875,430.6499938964844,308493
2016-08-18,432.5,434.20001220703125,429.0,430.0,331749
2016-08-19,431.8999938964844,439.75,430.20001220703125,433.29998779296875,215376
2016-08-22,434.8999938964844,439.0,432.5,434.3500061035156,138352
2016-08-23,434.3500061035156,436.70001220703125,430.1000061035156,431.3500061035156,199527
2016-08-24,432.3999938964844,438.79998779296875,431.3999938964844,436.8500061035156,318026
2016-08-25,438.79998779296875,444.8999938964844,434.5,440.5,363606
2016-08-26,441.5,448.95001220703125,440.0,442.54998779296875,550622
2016-08-29,442.6499938964844,454.5,439.0,448.0,383836
2016-08-30,453.5,460.0,446.04998779296875,452.29998779296875,618688
2016-08-31,452.0,454.6000061035156,437.3999938964844,439.45001220703125,674230
2016-09-01,441.95001220703125,447.0,434.3999938964844,435.70001220703125,368311
2016-09-02,437.5,437.6000061035156,431.0,432.45001220703125,243601
2016-09-06,432.70001220703125,449.5,432.70001220703125,444.75,421556
2016-09-07,445.95001220703125,453.1000061035156,445.0,446.54998779296875,392915
2016-09-08,447.54998779296875,456.5,440.5,446.75,457576
2016-09-09,447.0,453.6000061035156,442.5,448.1000061035156,354551
2016-09-12,440.0,457.0,437.1499938964844,449.25,346032
2016-09-14,448.5,457.5,448.04998779296875,454.04998779296875,215955
2016-09-15,457.0,464.8999938964844,454.0,456.1000061035156,444591
2016-09-16,461.5,466.79998779296875,456.8500061035156,463.20001220703125,426272
2016-09-19,464.45001220703125,484.29998779296875,463.20001220703125,469.70001220703125,678050
2016-09-20,472.8999938964844,474.95001220703125,466.5,468.6499938964844,173312
2016-09-21,469.95001220703125,475.0,469.6499938964844,472.04998779296875,195622
2016-09-22,475.0,480.0,472.04998779296875,473.8999938964844,291565
2016-09-23,476.0,478.25,464.0,470.70001220703125,207061
2016-09-26,471.6000061035156,474.70001220703125,468.0,470.79998779296875,172658
2016-09-27,476.0,477.8999938964844,468.1000061035156,471.8999938964844,178850
2016-09-28,472.3500061035156,485.5,472.1499938964844,479.3999938964844,377536
2016-09-29,481.8500061035156,486.8999938964844,451.20001220703125,455.3500061035156,442843
2016-09-30,456.0,466.04998779296875,451.3999938964844,456.79998779296875,207921
2016-10-03,458.54998779296875,473.3500061035156,458.54998779296875,469.1499938964844,238730
2016-10-04,471.0,474.1000061035156,466.6000061035156,469.6499938964844,194448
2016-10-05,470.1499938964844,478.0,467.0,468.79998779296875,235315
2016-10-06,473.5,481.95001220703125,470.0,472.75,245985
2016-10-07,473.8500061035156,484.0,472.0,481.04998779296875,249894
2016-10-10,485.3999938964844,496.5,482.1000061035156,490.79998779296875,441892
2016-10-13,494.0,494.25,480.1000061035156,485.45001220703125,207154
2016-10-14,487.5,496.79998779296875,484.8999938964844,492.3500061035156,235171
2016-10-17,495.95001220703125,495.95001220703125,482.45001220703125,486.1000061035156,208528
2016-10-18,489.29998779296875,506.8999938964844,488.0,492.79998779296875,471315
2016-10-19,494.8999938964844,496.75,485.04998779296875,486.70001220703125,184198
2016-10-20,489.45001220703125,498.5,488.54998779296875,493.29998779296875,286519
2016-10-21,493.8999938964844,493.8999938964844,486.5,490.29998779296875,99245
2016-10-24,492.5,496.8999938964844,488.0,490.29998779296875,188559
2016-10-25,490.8500061035156,496.5,482.45001220703125,487.8999938964844,302089
2016-10-26,489.45001220703125,490.0,479.0,482.0,181283
2016-10-27,484.0,493.0,476.79998779296875,481.1000061035156,368794
2016-10-28,482.5,482.8999938964844,475.1000061035156,478.3500061035156,285530
2016-11-01,480.5,482.29998779296875,467.5,469.8500061035156,139981
2016-11-02,469.8500061035156,485.8999938964844,455.79998779296875,458.8500061035156,684992
2016-11-03,465.0,472.45001220703125,455.20001220703125,456.79998779296875,378446
2016-11-04,457.6499938964844,461.04998779296875,447.25,450.3500061035156,274355
2016-11-07,452.0,461.5,452.0,459.25,137012
2016-11-08,461.0,469.8999938964844,459.04998779296875,467.54998779296875,155685
2016-11-09,440.0,460.20001220703125,436.6000061035156,458.75,176660
2016-11-10,468.0,471.20001220703125,461.8999938964844,468.1000061035156,231839
2016-11-11,461.5,461.5,440.5,443.3500061035156,357223
2016-11-15,449.8999938964844,449.8999938964844,432.20001220703125,436.8999938964844,196599
2016-11-16,445.0,446.04998779296875,437.04998779296875,442.45001220703125,160361
2016-11-17,447.95001220703125,447.95001220703125,438.5,443.70001220703125,77596
2016-11-18,450.0,450.95001220703125,440.0,447.29998779296875,133299
2016-11-21,448.0,448.3500061035156,436.29998779296875,442.20001220703125,114576
2016-11-22,443.95001220703125,450.0,441.45001220703125,449.04998779296875,144744
2016-11-23,452.8999938964844,455.0,444.5,452.75,121838
2016-11-24,447.0,452.8500061035156,444.0,445.95001220703125,93321
2016-11-25,448.3500061035156,468.29998779296875,446.6000061035156,456.1499938964844,146581
2016-11-28,457.45001220703125,462.20001220703125,453.54998779296875,457.75,122496
2016-11-29,459.0,464.8500061035156,456.5,459.70001220703125,135792
2016-11-30,462.5,468.0,456.79998779296875,465.95001220703125,165092
2016-12-01,467.0,468.95001220703125,455.0,458.79998779296875,116896
2016-12-02,457.95001220703125,458.0,448.29998779296875,453.20001220703125,96909
2016-12-05,455.5,464.0,441.0,450.75,353572
2016-12-06,451.0,456.70001220703125,443.79998779296875,445.3999938964844,157753
2016-12-07,449.0,449.79998779296875,442.0,448.0,118881
2016-12-08,450.5,458.0,448.54998779296875,454.8500061035156,263115
2016-12-09,456.5,461.95001220703125,450.6499938964844,453.0,111992
2016-12-12,452.45001220703125,453.29998779296875,447.1000061035156,450.79998779296875,77587
2016-12-13,452.3500061035156,459.0,450.3500061035156,451.75,115874
2016-12-14,453.0,457.0,448.04998779296875,450.54998779296875,119193
2016-12-15,448.20001220703125,454.3999938964844,447.5,448.54998779296875,94180
2016-12-16,450.0,452.20001220703125,436.0,439.04998779296875,177046
2016-12-19,441.95001220703125,444.0,435.70001220703125,440.79998779296875,91632
2016-12-20,441.45001220703125,445.3999938964844,435.75,439.20001220703125,103757
2016-12-21,438.5,451.8500061035156,437.04998779296875,446.70001220703125,164680
2016-12-22,446.5,446.5,441.5,443.70001220703125,114278
2016-12-23,443.8999938964844,446.5,440.5,441.6000061035156,87242
2016-12-26,442.5,443.95001220703125,438.1000061035156,442.29998779296875,112182
2016-12-27,444.95001220703125,449.8999938964844,441.04998779296875,447.29998779296875,129967
2016-12-28,448.04998779296875,453.95001220703125,445.6000061035156,451.25,118853
2016-12-29,452.0,468.45001220703125,451.70001220703125,457.70001220703125,260352
2016-12-30,461.95001220703125,465.8999938964844,458.54998779296875,461.20001220703125,132387
2017-01-02,462.5,468.0,460.54998779296875,466.20001220703125,130820
2017-01-03,468.6000061035156,479.45001220703125,467.54998779296875,476.5,170747
2017-01-04,478.0,499.0,477.5,487.0,206183
2017-01-05,491.29998779296875,513.7000122070312,490.95001220703125,507.6000061035156,523028
2017-01-06,511.8999938964844,518.6500244140625,502.1000061035156,504.75,269632
2017-01-09,506.3999938964844,507.0,493.6000061035156,495.8500061035156,148154
2017-01-10,496.3500061035156,509.8999938964844,488.0,505.3500061035156,244342
2017-01-11,506.8999938964844,514.5,504.0,508.0,257142
2017-01-12,508.5,510.5,498.0,500.5,340518
2017-01-13,501.5,509.6000061035156,496.70001220703125,499.8999938964844,121637
2017-01-16,499.95001220703125,508.0,495.54998779296875,499.8999938964844,157529
2017-01-17,500.25,508.6499938964844,489.8999938964844,493.95001220703125,191618
2017-01-18,495.0,502.0,493.5,496.25,136997
2017-01-19,497.45001220703125,502.0,492.6000061035156,494.95001220703125,146939
2017-01-20,494.5,500.0,485.5,487.0,127762
2017-01-23,483.0,493.45001220703125,483.0,489.70001220703125,243612
2017-01-24,500.0,502.0,495.45001220703125,497.3500061035156,314189
2017-01-25,504.5,504.5,497.5,498.79998779296875,239439
2017-01-27,499.79998779296875,509.0,499.79998779296875,502.6499938964844,280475
2017-01-30,501.0,504.6499938964844,496.5,497.54998779296875,188799
2017-01-31,498.95001220703125,501.45001220703125,495.1000061035156,498.25,228420
2017-02-01,499.29998779296875,503.1499938964844,497.3500061035156,499.04998779296875,225275
2017-02-02,500.3999938964844,503.79998779296875,497.1000061035156,499.04998779296875,231803
2017-02-03,499.5,503.1499938964844,493.54998779296875,495.8999938964844,209164
2017-02-06,499.5,510.0,496.3500061035156,501.95001220703125,460381
2017-02-07,505.0,508.95001220703125,499.0,501.75,409625
2017-02-08,503.0,506.5,494.5,498.1499938964844,307467
2017-02-09,497.8500061035156,502.8500061035156,494.8500061035156,497.3999938964844,211811
2017-02-10,497.95001220703125,505.95001220703125,493.8500061035156,495.95001220703125,323436
2017-02-13,499.3999938964844,504.3999938964844,496.20001220703125,500.6000061035156,251110
2017-02-14,502.5,502.5,495.20001220703125,496.45001220703125,206792
2017-02-15,498.75,506.0,493.0,495.6499938964844,262554
2017-02-16,497.1499938964844,502.5,496.5,497.45001220703125,231637
2017-02-17,500.0,503.5,497.04998779296875,498.20001220703125,189595
2017-02-20,498.3999938964844,505.8999938964844,496.6000061035156,498.1000061035156,239499
2017-02-21,500.5,501.8500061035156,498.29998779296875,499.29998779296875,209797
2017-02-22,501.1499938964844,526.9000244140625,500.0,515.25,1096004
2017-02-23,515.9500122070312,525.0,510.3500061035156,512.0,694458
2017-02-27,508.1499938964844,533.0,508.1499938964844,527.6500244140625,853098
2017-02-28,529.0,535.9000244140625,526.5999755859375,529.2000122070312,966969
2017-03-01,531.9000244140625,538.7999877929688,522.0999755859375,529.8499755859375,669568
2017-03-02,532.2999877929688,539.5,531.0,532.4000244140625,703499
2017-03-03,531.4000244140625,531.4500122070312,519.0499877929688,529.3499755859375,423366
2017-03-06,530.5,538.25,525.25,533.2000122070312,528803
2017-03-07,533.7999877929688,538.9000244140625,532.1500244140625,533.9000244140625,732041
2017-03-08,534.0,537.9500122070312,528.0,533.3499755859375,528450
2017-03-09,533.4500122070312,542.0,530.3499755859375,534.0,616735
2017-03-10,535.5999755859375,540.6500244140625,533.7999877929688,539.25,574932
2017-03-14,545.0499877929688,556.0,544.0,551.0,817710
2017-03-15,550.0,562.0,550.0,559.8499755859375,1640134
2017-03-16,562.4000244140625,566.0499877929688,558.5999755859375,560.5499877929688,1462927
2017-03-17,564.9500122070312,564.9500122070312,557.7000122070312,560.3499755859375,1087986
2017-03-20,561.0499877929688,564.2999877929688,558.8499755859375,559.8499755859375,1114266
2017-03-21,560.7000122070312,567.0,558.0499877929688,560.1500244140625,1103576
2017-03-22,559.5,565.75,558.2999877929688,560.5,1266322
2017-03-23,555.2000122070312,567.75,555.2000122070312,559.75,1426703
2017-03-24,560.9000244140625,573.2999877929688,557.0,560.0499877929688,1809196
2017-03-27,561.5,569.4000244140625,561.0999755859375,567.2999877929688,748545
2017-03-28,567.5,587.7000122070312,567.5,583.6500244140625,1017222
2017-03-29,584.3499755859375,589.4000244140625,572.0499877929688,585.1500244140625,557142
2017-03-30,585.6500244140625,613.4500122070312,585.5999755859375,602.0,1079749
2017-03-31,603.7999877929688,611.0,603.0,605.9500122070312,526411
2017-04-03,604.5,610.0,592.5,597.25,696789
2017-04-05,599.6500244140625,610.9000244140625,598.5,604.0999755859375,897161
2017-04-06,604.2999877929688,609.0,601.0,606.0499877929688,552151
2017-04-07,603.0,613.0,600.0,602.4500122070312,1085642
2017-04-10,604.9000244140625,606.0,590.1500244140625,597.75,501593
2017-04-11,600.0,606.0,593.0,601.6500244140625,547680
2017-04-12,603.9500122070312,619.0,594.0,596.6500244140625,847580
2017-04-13,596.6500244140625,603.0,583.0,587.1500244140625,387446
2017-04-17,588.1500244140625,621.5999755859375,587.0499877929688,603.2000122070312,572068
2017-04-18,603.0,611.0,603.0,604.1500244140625,713210
2017-04-19,605.7999877929688,606.9500122070312,595.5499877929688,602.6500244140625,441137
2017-04-20,603.4000244140625,614.0,602.1500244140625,603.6500244140625,674051
2017-04-21,604.4000244140625,609.9000244140625,602.0,604.6500244140625,540567
2017-04-24,605.2000122070312,616.7999877929688,604.5999755859375,605.5999755859375,666601
2017-04-25,608.0,611.8499755859375,605.3499755859375,606.2000122070312,516673
2017-04-26,606.9500122070312,613.6500244140625,605.5499877929688,607.2000122070312,525502
2017-04-27,606.5,622.0,606.5,607.8499755859375,2233726
2017-04-28,612.7000122070312,620.0,607.2000122070312,615.2000122070312,2250569
2017-05-02,616.2000122070312,625.5,613.0,618.0,2442524
2017-05-03,621.9000244140625,623.9500122070312,616.7000122070312,617.9500122070312,1114044
2017-05-04,618.7000122070312,628.0,617.5,618.4500122070312,1525547
2017-05-05,619.5,621.8499755859375,616.0499877929688,617.9000244140625,741196
2017-05-08,621.75,631.4000244140625,620.5,623.7000122070312,1155734
2017-05-09,625.0,631.8499755859375,623.0,625.4500122070312,725008
2017-05-10,627.9500122070312,632.9000244140625,625.2999877929688,626.2000122070312,1246833
2017-05-11,629.0,631.8499755859375,626.4000244140625,630.7999877929688,544533
2017-05-12,631.75,635.9000244140625,625.0,631.2999877929688,862539
2017-05-15,632.0499877929688,653.9500122070312,628.25,642.4000244140625,828378
2017-05-16,642.5499877929688,649.2999877929688,640.5,642.75,650946
2017-05-17,642.5,648.4500122070312,638.4000244140625,642.3499755859375,394093
2017-05-18,639.7000122070312,641.4000244140625,635.2000122070312,638.25,360408
2017-05-19,639.25,644.0,631.5,634.9500122070312,354392
2017-05-22,637.0499877929688,648.0,635.0,646.1500244140625,538570
2017-05-23,648.0,654.0,644.3499755859375,647.9500122070312,530700
2017-05-24,649.2999877929688,653.0999755859375,644.5,648.7999877929688,384770
2017-05-25,649.5499877929688,652.0,646.0,647.7000122070312,325460
2017-05-26,649.0,657.0999755859375,647.0,652.0999755859375,481637
2017-05-29,651.5499877929688,660.0,649.2000122070312,649.9000244140625,619101
2017-05-30,649.9000244140625,655.0,649.9000244140625,650.75,551104
2017-05-31,652.0,654.9000244140625,650.0,650.75,645733
2017-06-01,649.5499877929688,653.7000122070312,649.5499877929688,651.7999877929688,537889
2017-06-02,651.7999877929688,654.9000244140625,649.0,652.7000122070312,985246
2017-06-05,652.9500122070312,657.0,646.0,648.3499755859375,660247
2017-06-06,648.5499877929688,661.0999755859375,645.5,648.5,504573
2017-06-07,650.0,653.8499755859375,642.0,643.6500244140625,527107
2017-06-08,645.7000122070312,648.5,637.1500244140625,640.3499755859375,551710
2017-06-09,643.25,654.3499755859375,635.5,641.0499877929688,334057
2017-06-12,644.9500122070312,647.0,641.5,643.3499755859375,348843
2017-06-13,645.0,651.0,641.0999755859375,647.5,422511
2017-06-14,648.5999755859375,662.4000244140625,648.5999755859375,659.5,578142
2017-06-15,664.0,672.3499755859375,661.0999755859375,666.8499755859375,549602
2017-06-16,674.0,693.7000122070312,668.2999877929688,688.1500244140625,592177
2017-06-19,688.0,697.0,688.0,692.25,842049
2017-06-20,693.5,697.0,678.0499877929688,685.8499755859375,592436
2017-06-21,686.7999877929688,697.8499755859375,686.7999877929688,689.8499755859375,459347
2017-06-22,690.0,693.9000244140625,681.2000122070312,689.25,407942
2017-06-23,691.4000244140625,711.5499877929688,688.5,690.8499755859375,779715
2017-06-27,692.2000122070312,696.2999877929688,684.5,692.4500122070312,414838
2017-06-28,691.5,692.5499877929688,676.0,680.6500244140625,445788
2017-06-29,682.4000244140625,684.75,666.25,673.75,336994
2017-06-30,673.5,699.7999877929688,670.25,689.4500122070312,236742
2017-07-03,690.5499877929688,694.0999755859375,675.0,677.0999755859375,259358
2017-07-04,677.5,678.9000244140625,668.0,674.5499877929688,214163
2017-07-05,674.5,684.0,668.2999877929688,678.5499877929688,157226
2017-07-06,680.25,680.25,662.0,666.0,307125
2017-07-07,665.6500244140625,671.5499877929688,658.2000122070312,660.5,284839
2017-07-10,664.25,673.9000244140625,659.5,663.5499877929688,50129
2017-07-11,664.5499877929688,667.9500122070312,657.3499755859375,658.5499877929688,213326
2017-07-12,663.7999877929688,678.9500122070312,659.3499755859375,662.3499755859375,317989
2017-07-13,664.9500122070312,674.0,659.0499877929688,660.7999877929688,173952
2017-07-14,667.0,667.0,657.3499755859375,659.0999755859375,160835
2017-07-17,660.5,675.7999877929688,660.5,672.5499877929688,692470
2017-07-18,672.0,684.0,669.0499877929688,678.9500122070312,1056690
2017-07-19,682.4000244140625,687.0,676.7999877929688,679.7999877929688,549656
2017-07-20,679.5499877929688,681.5999755859375,677.9500122070312,679.8499755859375,537950
2017-07-21,682.7999877929688,683.5999755859375,677.5499877929688,679.4000244140625,471744
2017-07-24,679.5,719.0,679.3499755859375,701.0,863174
2017-07-25,703.3499755859375,711.0,691.0999755859375,704.25,340101
2017-07-26,706.9000244140625,725.5,704.0499877929688,716.4000244140625,549198
2017-07-27,719.9500122070312,719.9500122070312,702.5,708.9000244140625,245843
2017-07-28,709.75,717.4000244140625,696.7000122070312,699.8499755859375,200116
2017-07-31,702.7999877929688,715.0,700.6500244140625,711.2000122070312,250215
2017-08-01,712.0,724.7000122070312,706.6500244140625,721.4500122070312,326074
2017-08-02,724.7999877929688,732.5499877929688,722.75,729.25,497926
2017-08-03,732.3499755859375,737.5,719.4500122070312,729.5499877929688,317089
2017-08-04,730.0,744.0,726.0999755859375,740.1500244140625,372819
2017-08-07,741.2000122070312,745.0,734.0499877929688,739.3499755859375,281167
2017-08-08,739.9000244140625,743.4500122070312,733.5499877929688,738.2999877929688,232250
2017-08-09,736.9500122070312,737.0999755859375,712.0,718.4000244140625,213274
2017-08-10,717.5,724.9500122070312,705.0,714.0499877929688,269592
2017-08-11,712.0,728.5999755859375,707.0,709.0499877929688,522319
2017-08-14,710.0,724.4000244140625,707.5999755859375,709.3499755859375,292181
2017-08-16,711.4500122070312,732.0,710.0,718.8499755859375,817719
2017-08-17,721.0,726.0,716.6500244140625,719.7999877929688,366762
2017-08-18,717.5,725.0,711.3499755859375,719.4500122070312,534378
2017-08-21,722.9500122070312,726.9000244140625,712.0,720.3499755859375,865947
2017-08-22,724.9500122070312,725.0999755859375,718.0,719.1500244140625,833989
2017-08-23,719.2000122070312,724.7999877929688,718.0,719.2999877929688,821371
2017-08-24,719.0499877929688,728.9000244140625,718.0,719.9000244140625,963465
2017-08-28,723.7000122070312,775.0,719.5,743.2000122070312,948931
2017-08-29,739.9500122070312,747.0,729.0499877929688,731.3499755859375,400997
2017-08-30,733.0,743.9500122070312,731.0,739.2000122070312,477889
2017-08-31,739.5499877929688,759.0,738.5,744.0,492366
2017-09-01,743.5,755.0,739.5,741.9500122070312,391252
2017-09-04,749.0,755.6500244140625,739.0,740.75,235891
2017-09-05,743.9000244140625,762.0,741.1500244140625,758.6500244140625,374111
2017-09-06,758.5499877929688,775.0,748.6500244140625,754.0,692638
2017-09-07,754.3499755859375,769.9500122070312,751.3499755859375,760.3499755859375,436148
2017-09-08,762.0,769.4000244140625,748.0,749.5499877929688,436594
2017-09-11,754.7000122070312,754.7000122070312,747.5,748.6500244140625,222044
2017-09-12,750.0,760.0,748.5,751.0,269354
2017-09-13,751.0,763.9500122070312,748.2999877929688,751.0499877929688,491583
2017-09-14,752.0,759.0,749.9500122070312,754.0,960934
2017-09-15,754.0,763.0,750.0999755859375,755.4000244140625,1221458
2017-09-18,758.0,758.2999877929688,752.5,753.5499877929688,869498
2017-09-19,754.8499755859375,763.75,750.0499877929688,754.8499755859375,930954
2017-09-20,759.9000244140625,759.9000244140625,754.0,754.8499755859375,741353
2017-09-21,755.5,760.6500244140625,730.5999755859375,735.4000244140625,275700
2017-09-22,733.5,764.8499755859375,733.0,751.5999755859375,265292
2017-09-25,755.8499755859375,765.0,747.5,761.0999755859375,223942
2017-09-26,762.0,804.5499877929688,759.5,786.0499877929688,350980
2017-09-27,790.7999877929688,815.0,782.5,790.2000122070312,806308
2017-09-28,790.2000122070312,818.0,786.2999877929688,814.6500244140625,375331
2017-09-29,820.0,825.0,807.5,819.4000244140625,360599
2017-10-03,825.0,827.1500244140625,811.0999755859375,821.8499755859375,334438
2017-10-04,820.5,823.9500122070312,801.0,805.0,166565
2017-10-05,805.0,806.9000244140625,790.0,798.2999877929688,174766
2017-10-06,801.4000244140625,835.0,801.4000244140625,811.5,580729
2017-10-09,815.7000122070312,828.4000244140625,811.5,814.3499755859375,189529
2017-10-10,817.9000244140625,828.0,815.8499755859375,825.7999877929688,216734
2017-10-11,828.0,832.0,813.0,817.5,216505
2017-10-12,824.5,827.0,816.5499877929688,821.7999877929688,174445
2017-10-13,821.5,824.4000244140625,816.5999755859375,817.9000244140625,197208
2017-10-16,819.9500122070312,828.0,815.5499877929688,825.3499755859375,229268
2017-10-17,828.8499755859375,829.9000244140625,816.5,821.2000122070312,202148
2017-10-18,821.0,826.4000244140625,814.0,816.2999877929688,149679
2017-10-19,816.5,825.0,816.0,819.25,17137
2017-10-23,823.9500122070312,865.0,819.5499877929688,823.4500122070312,516173
2017-10-24,824.6500244140625,832.9500122070312,802.2999877929688,805.6500244140625,478119
2017-10-25,810.0,815.0,801.5,809.9500122070312,172028
2017-10-26,813.0,813.7000122070312,790.0,792.1500244140625,310710
2017-10-27,793.5,798.5,788.0,793.1500244140625,158570
2017-10-30,793.5,797.4000244140625,786.0999755859375,789.75,140296
2017-10-31,790.5,792.9000244140625,781.2000122070312,782.25,114462
2017-11-01,789.5,794.0,767.5,771.3499755859375,161137
2017-11-02,771.5,788.9000244140625,771.0499877929688,775.7000122070312,242638
2017-11-03,777.0,780.6500244140625,776.0,777.25,88543
2017-11-06,778.5,787.5499877929688,778.5,779.7999877929688,133108
2017-11-07,783.4500122070312,783.9000244140625,776.5,781.7000122070312,94386
2017-11-08,782.5,786.9500122070312,772.5499877929688,774.1500244140625,79936
2017-11-09,775.5,792.0,771.6500244140625,786.4500122070312,107357
2017-11-10,783.5,788.9500122070312,775.4500122070312,783.6500244140625,64349
2017-11-13,783.5,788.9500122070312,773.5,777.0,52311
2017-11-14,779.4500122070312,780.2999877929688,766.2000122070312,778.1500244140625,78671
2017-11-15,777.5,777.7000122070312,751.2000122070312,759.5999755859375,145277
2017-11-16,758.9500122070312,763.4500122070312,749.0499877929688,754.6500244140625,234296
2017-11-17,758.9500122070312,764.0,755.7999877929688,759.3499755859375,85781
2017-11-20,759.5,769.7999877929688,759.5,762.5,38980
2017-11-21,767.5,774.8499755859375,752.0,760.4500122070312,95615
2017-11-22,761.5,766.75,753.7999877929688,755.7000122070312,149381
2017-11-23,755.9500122070312,764.0,749.5,762.5999755859375,142211
2017-11-24,762.5999755859375,769.9500122070312,750.5,766.2000122070312,83164
2017-11-27,766.2000122070312,771.9000244140625,754.5,759.3499755859375,53302
2017-11-28,757.5499877929688,776.5,757.0499877929688,773.0,352309
2017-11-29,774.0,780.5999755859375,771.0,772.2000122070312,512812
2017-11-30,772.25,776.7000122070312,761.5,763.7999877929688,526568
2017-12-01,770.0999755859375,770.0999755859375,752.5,757.9000244140625,198145
2017-12-04,761.5,771.5,758.5,769.0,533009
2017-12-05,769.3499755859375,771.7000122070312,765.5,767.3499755859375,506010
2017-12-06,767.4000244140625,769.9500122070312,764.5,767.0999755859375,339785
2017-12-07,768.4500122070312,815.0,768.4500122070312,803.25,624940
2017-12-08,804.0,819.9000244140625,795.0,813.0999755859375,782580
2017-12-11,811.0999755859375,817.5,804.5,805.0,691024
2017-12-12,806.7999877929688,814.0,800.4500122070312,808.0,526166
2017-12-13,808.5499877929688,819.0,804.5,811.0,560149
2017-12-14,811.5,818.0,801.5,810.0999755859375,449984
2017-12-15,819.9000244140625,819.9000244140625,803.25,808.7999877929688,573163
2017-12-18,809.5,812.4000244140625,798.5,804.5,331009
2017-12-19,808.0,824.0,805.5499877929688,819.5,564222
2017-12-20,824.0,827.7000122070312,798.3499755859375,802.0499877929688,323877
2017-12-21,804.9000244140625,817.75,801.0999755859375,809.9000244140625,500992
2017-12-22,813.8499755859375,813.8499755859375,805.0999755859375,810.6500244140625,526222
2017-12-26,812.0,812.0,802.5499877929688,805.25,205724
2017-12-27,806.0,811.0,800.0499877929688,808.4500122070312,258299
2017-12-28,813.6500244140625,813.6500244140625,800.0499877929688,802.3499755859375,236176
2017-12-29,804.9000244140625,807.0,802.0,804.0,235597
2018-01-01,809.7999877929688,811.7999877929688,802.0,804.7000122070312,346745
2018-01-02,808.4500122070312,824.8499755859375,802.5,816.25,333075
2018-01-03,819.5499877929688,847.7999877929688,804.5,809.75,1124425
2018-01-04,807.5,860.0,807.5,847.75,662849
2018-01-05,850.0,853.5499877929688,815.5,820.5499877929688,784342
2018-01-08,820.9500122070312,833.9500122070312,814.0499877929688,820.3499755859375,613479
2018-01-09,819.5,835.8499755859375,816.0999755859375,827.4500122070312,673046
2018-01-10,826.9000244140625,831.5499877929688,816.5,827.1500244140625,536373
2018-01-11,831.9000244140625,831.9000244140625,808.0,818.2999877929688,397750
2018-01-12,818.5499877929688,829.8499755859375,809.0999755859375,818.25,792654
2018-01-15,818.5,859.9000244140625,808.0,844.5999755859375,423744
2018-01-16,850.2000122070312,874.0,825.0,852.1500244140625,545527
2018-01-17,845.9500122070312,854.9000244140625,825.5499877929688,848.0,429143
2018-01-18,853.5999755859375,854.0,814.9000244140625,830.9000244140625,590964
2018-01-19,828.5999755859375,834.7999877929688,815.5,821.9500122070312,425954
2018-01-22,822.0,827.0,814.0,821.25,600859
2018-01-23,824.5,829.7999877929688,815.0,821.2999877929688,615876
2018-01-24,826.8499755859375,826.8499755859375,817.5,820.7000122070312,485340
2018-01-25,821.9000244140625,825.0499877929688,817.5,820.0499877929688,466780
2018-01-29,821.5,827.5,817.5,818.9000244140625,354323
2018-01-30,819.4500122070312,823.0,813.5,819.2999877929688,347301
2018-01-31,820.0,833.6500244140625,817.0,821.4500122070312,502494
2018-02-01,828.0,828.0,813.5499877929688,820.5999755859375,389756
2018-02-02,814.5,824.0,809.9000244140625,820.0499877929688,360060
2018-02-05,807.5,824.1500244140625,800.5,817.3499755859375,285315
2018-02-06,801.0,808.0,789.5499877929688,800.25,269227
2018-02-07,808.0,821.8499755859375,803.5999755859375,815.9000244140625,357950
2018-02-08,814.5,823.0,807.5,810.75,380283
2018-02-09,804.5,813.5,800.0499877929688,812.4500122070312,204367
2018-02-12,820.0,839.9000244140625,809.9500122070312,815.0999755859375,295936
2018-02-14,815.5,827.2999877929688,809.0,819.2000122070312,515171
2018-02-15,822.5,822.5,798.5499877929688,800.9500122070312,178383
2018-02-16,802.0,808.8499755859375,793.0,803.0499877929688,135074
2018-02-19,805.0,805.0,685.75,785.4000244140625,377574
2018-02-20,786.5499877929688,803.9500122070312,786.5499877929688,795.6500244140625,157559
2018-02-21,797.5,804.0,792.5999755859375,799.0499877929688,142379
2018-02-22,800.0,802.5,789.5,797.4500122070312,140668
2018-02-23,800.5,811.5499877929688,799.5,801.3499755859375,124314
2018-02-26,803.6500244140625,810.0,799.5,801.4500122070312,144184
2018-02-27,803.0,807.0,788.5,793.6500244140625,127237
2018-02-28,794.0,845.0,789.3499755859375,837.5499877929688,188741
2018-03-01,838.0,838.0,792.0999755859375,796.6500244140625,208048
2018-03-05,797.5,807.0,791.0,792.7000122070312,139285
2018-03-06,802.0,812.9000244140625,789.0,794.1500244140625,103488
2018-03-07,798.2999877929688,807.7000122070312,793.0499877929688,803.7000122070312,89846
2018-03-08,807.7999877929688,816.8499755859375,798.0,813.9000244140625,115842
2018-03-09,809.5,823.8499755859375,802.0,805.1500244140625,85368
2018-03-12,805.9000244140625,811.5,801.5,805.4000244140625,94945
2018-03-13,809.7999877929688,809.7999877929688,794.5,797.25,77969
2018-03-14,794.0,797.0,772.9000244140625,777.7000122070312,92551
2018-03-15,780.5,784.0999755859375,755.5,759.0999755859375,124089
2018-03-16,753.5999755859375,803.0,751.5499877929688,769.0999755859375,406896
2018-03-19,760.0,764.75,742.0,748.1500244140625,111623
2018-03-20,748.0,758.0,739.0,742.4500122070312,58918
2018-03-21,745.0999755859375,752.7999877929688,716.7999877929688,726.5999755859375,113092
2018-03-22,728.3499755859375,738.0,726.0,728.7000122070312,76149
2018-03-23,723.5,733.4500122070312,713.5,718.4000244140625,73275
2018-03-26,717.5,740.7999877929688,711.0,716.8499755859375,107813
2018-03-27,727.0,742.0,718.5,723.5499877929688,210356
2018-03-28,720.0,743.5,720.0,739.5999755859375,218645
2018-04-02,745.0,745.1500244140625,733.5,739.1500244140625,171433
2018-04-03,741.9000244140625,741.9000244140625,728.5,730.7000122070312,167430
2018-04-04,733.0499877929688,735.0,701.5,705.6500244140625,187188
2018-04-05,708.5499877929688,716.9500122070312,699.0499877929688,704.2999877929688,222311
2018-04-06,702.5499877929688,709.5999755859375,695.0999755859375,697.4500122070312,256455
2018-04-09,699.9500122070312,709.9000244140625,696.0,700.75,382262
2018-04-10,700.5499877929688,705.9500122070312,689.5,692.4000244140625,353752
2018-04-11,693.5,705.7999877929688,688.5,699.2000122070312,291145
2018-04-12,700.5,705.9500122070312,696.5,700.1500244140625,197276
2018-04-13,704.5,704.5,693.0,694.7999877929688,207604
2018-04-16,690.5,714.7000122070312,689.75,696.1500244140625,193422
2018-04-17,698.0,703.0,695.0,699.5,219336
2018-04-18,700.0999755859375,703.7999877929688,694.0,696.6500244140625,175716
2018-04-19,699.7999877929688,704.8499755859375,693.5,697.9500122070312,182277
2018-04-20,697.5,701.0,689.5,692.1500244140625,135815
2018-04-23,698.0,699.5999755859375,692.7999877929688,698.5,223468
2018-04-24,699.9000244140625,700.0,681.25,690.7999877929688,151941
2018-04-25,692.0,705.0,687.0,690.75,159221
2018-04-26,690.0,702.0,686.1500244140625,699.25,198839
2018-04-27,701.9500122070312,702.0499877929688,693.0,700.4500122070312,227111
2018-04-30,701.25,711.0499877929688,674.9500122070312,681.9500122070312,234836
2018-05-02,681.0,694.7000122070312,678.5,685.3499755859375,216740
2018-05-03,681.5999755859375,690.5,665.0,687.75,188707
2018-05-04,687.0,704.9500122070312,635.0999755859375,696.2999877929688,381174
2018-05-07,691.0,729.0499877929688,659.25,663.7999877929688,359191
2018-05-08,661.5,673.0,640.5999755859375,648.25,222296
2018-05-09,650.0,651.0,640.5,642.8499755859375,131019
2018-05-10,642.0,655.0,637.7000122070312,640.4500122070312,175072
2018-05-11,642.0,649.5,641.5,647.0499877929688,166639
2018-05-14,645.5499877929688,648.8499755859375,635.0499877929688,638.9500122070312,128047
2018-05-15,641.5,647.0499877929688,625.2000122070312,629.75,110931
2018-05-16,631.25,645.0,610.0,623.4500122070312,140764
2018-05-17,629.5,638.3499755859375,625.0499877929688,633.2999877929688,154590
2018-05-18,640.0,640.0,630.0499877929688,633.5499877929688,103280
2018-05-21,632.5,649.0,629.0,632.0,100153
2018-05-22,632.5999755859375,636.9500122070312,622.0,622.7999877929688,103791
2018-05-23,624.4000244140625,647.9500122070312,624.0499877929688,640.4000244140625,102343
2018-05-24,639.0,647.9500122070312,627.0,628.4000244140625,96134
2018-05-25,629.5,633.0999755859375,605.0,608.4500122070312,174729
2018-05-28,611.0,624.0,609.0,616.9000244140625,161774
2018-05-29,615.75,632.0,615.75,626.0999755859375,170998
2018-05-30,619.75,632.9500122070312,610.5,615.0499877929688,202179
2018-05-31,615.5,622.6500244140625,581.4500122070312,603.8499755859375,255093
2018-06-01,609.7000122070312,619.4000244140625,601.25,604.3499755859375,219745
2018-06-04,605.5,607.0499877929688,584.0,587.75,89755
2018-06-05,587.0,591.9000244140625,587.0,589.75,84869
2018-06-06,591.7000122070312,601.0,591.25,593.0499877929688,106499
2018-06-07,594.5,600.0,594.5,595.1500244140625,165045
2018-06-08,595.5,606.75,595.5,596.2000122070312,225016
2018-06-11,597.5,607.4500122070312,597.5,598.0999755859375,246222
2018-06-12,599.7999877929688,605.0,598.5,598.7999877929688,330654
2018-06-13,601.0,608.7000122070312,598.9500122070312,599.25,1019459
2018-06-14,600.5499877929688,604.0,599.7000122070312,600.0,519725
2018-06-15,603.2999877929688,604.75,600.5,601.0499877929688,580764
2018-06-18,601.7000122070312,604.75,601.25,601.5,543413
2018-06-19,602.4000244140625,616.0,601.5,601.8499755859375,300892
2018-06-20,602.5499877929688,604.8499755859375,602.0,602.2000122070312,478519
2018-06-21,603.7999877929688,614.2999877929688,602.25,602.7999877929688,453748
2018-06-22,604.9000244140625,605.6500244140625,602.75,603.0,416157
2018-06-25,604.0999755859375,611.9500122070312,599.3499755859375,600.5999755859375,298369
2018-06-26,601.5499877929688,603.5999755859375,599.0,600.2999877929688,170238
2018-06-27,601.5,607.1500244140625,596.0,599.7000122070312,275084
2018-06-28,602.5999755859375,604.2999877929688,598.25,601.4000244140625,301459
2018-06-29,603.5,612.2999877929688,598.2999877929688,601.5,500334
2018-07-02,605.0,606.9000244140625,594.0,595.9500122070312,189528
2018-07-03,596.5499877929688,603.0,580.2000122070312,586.4500122070312,627419
2018-07-04,587.0,600.0,578.5,580.8499755859375,710765
2018-07-05,581.5,597.9500122070312,571.5,574.9500122070312,1093437
2018-07-06,576.2999877929688,591.8499755859375,572.2999877929688,572.9500122070312,1130133
2018-07-09,575.0,591.0,572.5499877929688,573.4500122070312,1340349
2018-07-10,575.0999755859375,577.75,571.25,573.0499877929688,657593
2018-07-11,573.7000122070312,585.0,572.75,573.5,1385672
2018-07-12,575.0,575.7999877929688,566.5499877929688,568.7999877929688,413987
2018-07-13,570.0499877929688,574.0499877929688,565.0,566.5999755859375,1108792
2018-07-16,568.4500122070312,578.0,564.9000244140625,566.4500122070312,661259
2018-07-17,567.0,568.9500122070312,559.6500244140625,563.75,363863
2018-07-18,564.9500122070312,573.0,563.7999877929688,565.9000244140625,1184081
2018-07-19,566.0,577.7999877929688,562.75,564.4000244140625,565309
2018-07-20,564.0499877929688,574.9000244140625,564.0499877929688,565.1500244140625,1468570
2018-07-23,566.0,574.0,565.5,566.2000122070312,960200
2018-07-24,567.0,570.0,560.5,563.7000122070312,392201
2018-07-25,564.0,577.7999877929688,564.0,568.7999877929688,1186157
2018-07-26,567.9000244140625,572.0,564.0,565.5499877929688,608444
2018-07-27,568.8499755859375,575.5,567.0,570.2000122070312,985695
2018-07-30,570.0,582.5,570.0,575.7999877929688,1066012
2018-07-31,576.5499877929688,579.7999877929688,563.5499877929688,567.5499877929688,652627
2018-08-01,568.0,589.5999755859375,565.6500244140625,579.75,732085
2018-08-02,588.9500122070312,588.9500122070312,564.0,573.2000122070312,557324
2018-08-03,577.4500122070312,610.8499755859375,562.0,604.3499755859375,990693
2018-08-06,606.0,640.0,599.5,632.25,1439720
2018-08-07,633.0,647.7999877929688,624.6500244140625,644.6500244140625,1286705
2018-08-08,646.0,663.0,623.7000122070312,660.5999755859375,1433525
2018-08-09,662.5,669.0,639.5,643.1500244140625,1133699
2018-08-10,648.0,648.0,629.0499877929688,639.9000244140625,853739
2018-08-13,640.0,674.7000122070312,638.0,655.5,1100736
2018-08-14,657.7999877929688,680.5,649.5,670.3499755859375,970544
2018-08-16,664.9000244140625,664.9000244140625,635.0,641.8499755859375,455122
2018-08-17,646.7000122070312,654.6500244140625,616.5,623.7999877929688,407494
2018-08-20,629.9500122070312,638.0,625.5999755859375,631.7999877929688,870928
2018-08-21,631.0,636.7000122070312,627.0,632.3499755859375,606309
2018-08-23,634.0,657.0999755859375,634.0,640.2999877929688,1366227
2018-08-24,640.3499755859375,653.2000122070312,638.0,649.2999877929688,903293
2018-08-27,654.9000244140625,677.0,654.4500122070312,666.8499755859375,1193057
2018-08-28,667.2999877929688,687.7999877929688,655.5,668.5999755859375,485011
2018-08-29,670.4000244140625,676.5999755859375,661.0,665.2000122070312,963916
2018-08-30,664.7999877929688,680.0499877929688,664.0,671.75,1194343
2018-08-31,673.9000244140625,680.0,661.0999755859375,663.4000244140625,883114
2018-09-03,664.0499877929688,677.0,661.0,662.7000122070312,698839
2018-09-04,663.0,674.8499755859375,663.0,670.0499877929688,989897
2018-09-05,670.5,682.1500244140625,669.0,673.75,1149213
2018-09-06,677.0,685.0,670.5,674.5999755859375,1289339
2018-09-07,675.4500122070312,698.4500122070312,674.5999755859375,677.4000244140625,1528373
2018-09-10,677.0,682.4500122070312,674.5,677.7000122070312,901108
2018-09-11,678.2000122070312,691.9500122070312,678.2000122070312,685.6500244140625,1061607
2018-09-12,688.75,712.8499755859375,686.0999755859375,702.0999755859375,1401988
2018-09-14,703.6500244140625,713.0,697.4000244140625,708.5999755859375,930636
2018-09-17,709.5499877929688,722.0999755859375,709.5499877929688,720.8499755859375,1434123
2018-09-18,724.9500122070312,728.0,714.5,724.4500122070312,1068232
2018-09-19,725.0,730.0,720.0,727.5999755859375,1106555
2018-09-21,728.4000244140625,778.4500122070312,723.5,757.5999755859375,2481943
2018-09-24,755.0,760.4500122070312,745.0999755859375,757.8499755859375,881464
2018-09-25,758.0,774.7999877929688,749.0,770.5,1323987
2018-09-26,772.75,773.0,746.5,751.5999755859375,251433
2018-09-27,755.6500244140625,755.6500244140625,718.0,722.75,408973
2018-09-28,725.25,736.2999877929688,631.2000122070312,675.8499755859375,335802
2018-10-01,650.0,696.7000122070312,645.0,655.2000122070312,492409
2018-10-03,656.0,669.9500122070312,646.5999755859375,661.5999755859375,486221
2018-10-04,654.8499755859375,677.9000244140625,629.0,671.0999755859375,444808
2018-10-05,665.5,784.7999877929688,665.3499755859375,682.5499877929688,511157
2018-10-08,682.5499877929688,693.7000122070312,644.0,689.25,550592
2018-10-09,694.0,696.9000244140625,657.0,662.6500244140625,264838
2018-10-10,664.0,674.8499755859375,651.2000122070312,667.0999755859375,221656
2018-10-11,659.0,667.0,637.4000244140625,640.3499755859375,220248
2018-10-12,645.5,658.0,603.0,607.9000244140625,495926
2018-10-15,606.0,608.9500122070312,566.2000122070312,568.5499877929688,434547
2018-10-16,571.9000244140625,578.9500122070312,542.0499877929688,556.3499755859375,889775
2018-10-17,560.0499877929688,569.0,557.0,558.0,218025
2018-10-19,560.0,563.4000244140625,559.0,560.4000244140625,174084
2018-10-22,562.9000244140625,564.0,561.0,561.2000122070312,171464
2018-10-23,561.75,563.9000244140625,561.0,562.7000122070312,130756
2018-10-24,564.0,565.7000122070312,563.0,563.6500244140625,161492
2018-10-25,564.9500122070312,569.75,564.0,565.3499755859375,162973
2018-10-26,567.0,568.9500122070312,565.0999755859375,566.7999877929688,204817
2018-10-29,568.4500122070312,569.9000244140625,567.0999755859375,568.1500244140625,124169
2018-10-30,568.5999755859375,571.9500122070312,568.5,568.5999755859375,444475
2018-10-31,569.9000244140625,570.9000244140625,567.5499877929688,569.25,300556
2018-11-01,570.0,571.0499877929688,569.5,569.7000122070312,251395
2018-11-02,571.2999877929688,571.2999877929688,569.75,570.0499877929688,157960
2018-11-05,570.0,572.0,569.0999755859375,571.0499877929688,161127
2018-11-06,574.2999877929688,574.2999877929688,570.0,570.9500122070312,171173
2018-11-07,572.4500122070312,575.8499755859375,571.3499755859375,572.3499755859375,15789
2018-11-09,571.0,575.8499755859375,571.0,573.8499755859375,124778
2018-11-12,573.7999877929688,577.7000122070312,562.0,564.0999755859375,644928
2018-11-13,563.0,565.9000244140625,563.0,564.4000244140625,157071
2018-11-14,565.5499877929688,566.5,559.0,561.0,197603
2018-11-15,564.2999877929688,564.2999877929688,559.0,560.0499877929688,135112
2018-11-16,563.9500122070312,579.1500244140625,562.0,567.1500244140625,1423303
2018-11-19,567.5,570.6500244140625,567.5,569.75,465874
2018-11-20,571.5999755859375,571.5999755859375,569.7999877929688,569.9000244140625,638631
2018-11-21,573.2999877929688,574.4000244140625,570.5,570.7000122070312,170550
2018-11-22,573.8499755859375,573.8499755859375,570.7999877929688,570.8499755859375,593421
2018-11-26,571.5,573.5999755859375,570.5999755859375,570.9000244140625,656494
2018-11-27,571.5,573.4000244140625,570.7999877929688,570.9500122070312,483733
2018-11-28,572.0,572.0,570.7999877929688,571.0999755859375,658400
2018-11-29,572.4500122070312,572.7999877929688,570.5999755859375,571.2999877929688,577104
2018-11-30,571.4500122070312,571.9500122070312,570.5999755859375,570.9000244140625,398386
2018-12-03,572.25,573.0,570.7999877929688,570.9000244140625,235846
2018-12-04,571.7999877929688,576.9000244140625,570.5999755859375,570.8499755859375,213639
2018-12-05,571.0,571.6500244140625,570.0,570.75,370237
2018-12-06,570.7000122070312,571.2000122070312,570.0,570.4000244140625,280991
2018-12-07,570.4000244140625,604.9500122070312,570.0,570.6500244140625,256147
2018-12-10,572.4000244140625,573.25,570.0,570.25,320514
2018-12-11,570.25,574.9500122070312,563.0999755859375,570.2000122070312,203278
2018-12-12,570.5,573.7000122070312,568.5,569.8499755859375,215958
2018-12-13,570.5,579.0,569.0499877929688,571.5999755859375,287481
2018-12-14,570.5,576.3499755859375,569.5,570.8499755859375,383976
2018-12-17,571.0,572.7999877929688,567.0499877929688,570.6500244140625,139222
2018-12-18,570.5,571.3499755859375,568.0,569.3499755859375,206101
2018-12-19,569.9500122070312,571.2000122070312,569.5,569.75,79901
2018-12-20,569.7999877929688,571.4000244140625,569.0,570.1500244140625,73709
2018-12-21,570.0,580.0,562.0,566.7999877929688,233560
2018-12-24,567.5,579.9000244140625,566.0,570.2999877929688,92057
2018-12-26,569.5,575.0,568.25,572.0999755859375,171491
2018-12-27,572.4500122070312,578.9500122070312,569.5499877929688,572.7000122070312,408291
2018-12-28,573.9000244140625,598.7999877929688,570.0,570.2999877929688,507599
2018-12-31,573.0,573.5499877929688,570.5,571.0,633389
2019-01-01,572.9500122070312,573.0,570.5,572.1500244140625,180116
2019-01-02,571.9500122070312,574.9500122070312,570.5,572.4500122070312,337617
2019-01-03,572.7999877929688,578.3499755859375,568.0,574.5499877929688,371054
2019-01-04,574.5499877929688,579.1500244140625,570.1500244140625,574.4500122070312,176435
2019-01-07,574.75,592.8499755859375,570.5,576.2999877929688,473587
2019-01-08,571.5999755859375,574.2999877929688,569.5,571.25,179381
2019-01-09,571.0,572.5999755859375,568.0,570.9000244140625,501308
2019-01-10,571.5,575.4500122070312,567.0,569.4000244140625,186261
2019-01-11,569.4000244140625,571.9500122070312,567.1500244140625,569.9500122070312,129557
2019-01-14,570.5,575.0,569.0,573.2999877929688,141536
2019-01-15,574.5,590.0,567.5,578.0,512372
2019-01-16,578.5,593.9000244140625,574.5,590.5,265519
2019-01-17,593.0,625.0,589.75,593.5999755859375,1081041
2019-01-18,590.9000244140625,593.9000244140625,577.0,580.1500244140625,170184
2019-01-21,580.7999877929688,595.0499877929688,576.3499755859375,580.1500244140625,209040
2019-01-22,583.5,589.8499755859375,575.5,584.25,93508
2019-01-23,584.0,609.0,578.2000122070312,582.3499755859375,394733
2019-01-24,582.5499877929688,586.25,570.5,574.0,166006
2019-01-25,574.0999755859375,603.0,572.0499877929688,584.5499877929688,274953
2019-01-28,583.5,596.3499755859375,575.1500244140625,584.9500122070312,118476
2019-01-29,587.5,609.0,577.0,598.5999755859375,136141
2019-01-30,603.0,623.4000244140625,590.0999755859375,616.4000244140625,146134
2019-01-31,619.7000122070312,624.4000244140625,598.5,607.0999755859375,206452
2019-02-01,610.7999877929688,622.0999755859375,608.2000122070312,618.5999755859375,243162
2019-02-04,616.7000122070312,616.7000122070312,587.5,597.7000122070312,487694
2019-02-05,591.5,607.7000122070312,570.5,575.1500244140625,562444
2019-02-06,574.7999877929688,591.0,568.5499877929688,574.0499877929688,467269
2019-02-07,572.5,584.8499755859375,571.5,575.5499877929688,492981
2019-02-08,575.0,583.4000244140625,568.0499877929688,570.2000122070312,626594
2019-02-11,570.5,578.7000122070312,568.25,569.5,702527
2019-02-12,571.5,574.8499755859375,567.5499877929688,569.75,628304
2019-02-14,570.0,574.1500244140625,557.2000122070312,560.7000122070312,280272
2019-02-15,561.5,574.0,558.0,567.5,196990
2019-02-18,571.0,571.0,556.2999877929688,559.5499877929688,219829
2019-02-19,559.5,564.5,555.0999755859375,557.9500122070312,164825
2019-02-20,559.0499877929688,591.2000122070312,559.0499877929688,565.5,794817
2019-02-21,567.9500122070312,574.7999877929688,555.5,560.0999755859375,549899
2019-02-22,562.0,574.0,561.7999877929688,564.75,285324
2019-02-25,567.7000122070312,567.7000122070312,556.0,556.8499755859375,163727
2019-02-26,556.0,573.6500244140625,553.0999755859375,565.5999755859375,154578
2019-02-27,568.9000244140625,577.2999877929688,563.9500122070312,566.9500122070312,109819
2019-02-28,569.7999877929688,585.75,565.5,580.0999755859375,281654
2019-03-01,574.0,574.0,566.0,568.5,143814
2019-03-05,569.0,577.9000244140625,566.5,573.0999755859375,138218
2019-03-06,573.0,577.3499755859375,568.2000122070312,569.9000244140625,165740
2019-03-07,571.9000244140625,582.4000244140625,570.25,571.7000122070312,215776
2019-03-08,574.2999877929688,587.9000244140625,573.0,581.6500244140625,238041
2019-03-11,585.25,602.0,585.25,593.5,134555
2019-03-12,598.0,615.0,598.0,603.25,177989
2019-03-13,607.0,619.7999877929688,607.0,614.0,370280
2019-03-14,617.0,628.4000244140625,614.2000122070312,616.5,460503
2019-03-15,618.9500122070312,631.7000122070312,616.0,629.7999877929688,1110395
2019-03-18,631.9500122070312,638.0,631.0,631.2999877929688,454140
2019-03-19,634.4000244140625,643.7999877929688,634.0,635.9000244140625,522892
2019-03-20,638.0,650.0,637.5499877929688,646.3499755859375,471318
2019-03-22,648.5999755859375,656.5499877929688,643.0,653.2000122070312,306076
2019-03-25,650.25,680.0,649.5,653.3499755859375,883843
2019-03-26,654.25,659.8499755859375,652.0,655.0999755859375,435745
2019-03-27,659.1500244140625,674.5999755859375,656.0,667.2999877929688,340754
2019-03-28,668.4500122070312,676.0,665.0,671.25,409107
2019-04-01,665.0,674.8499755859375,663.0499877929688,669.0999755859375,440083
2019-04-02,672.5499877929688,710.0,669.5,681.2999877929688,841109
2019-04-03,674.9000244140625,710.0,674.9000244140625,687.5499877929688,987511
2019-04-04,683.0,685.0,667.0,672.3499755859375,406225
2019-04-05,673.4000244140625,687.7999877929688,665.5,679.9500122070312,248611
2019-04-08,678.9500122070312,680.2999877929688,665.5,670.2000122070312,248794
2019-04-09,671.4500122070312,674.6500244140625,661.25,669.5,196446
2019-04-10,670.0,670.0,656.5,659.2000122070312,239094
2019-04-11,660.4500122070312,670.0,657.5,669.8499755859375,230707
2019-04-12,670.0,675.5499877929688,664.0999755859375,666.4500122070312,193624
2019-04-15,670.9000244140625,678.0,665.5,672.9500122070312,527205
2019-04-16,673.7999877929688,673.7999877929688,655.6500244140625,665.0499877929688,329121
2019-04-18,666.75,668.0999755859375,662.0,664.7999877929688,234924
2019-04-22,665.4500122070312,706.9500122070312,658.5499877929688,700.0499877929688,510278
2019-04-23,701.5,729.6500244140625,701.5,722.8499755859375,822468
2019-04-24,719.9500122070312,742.0,705.5,715.2999877929688,913390
2019-04-25,714.5,731.0,708.7999877929688,713.7000122070312,509319
2019-04-26,713.0,719.1500244140625,668.0999755859375,676.2999877929688,691415
2019-04-30,673.9000244140625,699.6500244140625,668.0,674.5999755859375,851040
2019-05-02,670.5,680.0,669.0,675.9500122070312,454218
2019-05-03,680.0499877929688,692.0,667.0499877929688,673.0,376959
2019-05-06,677.0,682.3499755859375,672.0,674.3499755859375,366450
2019-05-07,677.2000122070312,691.25,676.3499755859375,689.4000244140625,289283
2019-05-08,689.4500122070312,696.8499755859375,684.3499755859375,689.0499877929688,380403
2019-05-09,691.0,693.5499877929688,666.2999877929688,669.0,242899
2019-05-10,673.0,675.9000244140625,662.5,669.7000122070312,280685
2019-05-13,672.9000244140625,673.0999755859375,664.3499755859375,668.0,149870
2019-05-14,669.5,686.9000244140625,667.5,675.0999755859375,306869
2019-05-15,677.2999877929688,683.2999877929688,672.5,677.1500244140625,285075
2019-05-16,679.9500122070312,683.0,668.0999755859375,671.4500122070312,280507
2019-05-17,670.5,679.9000244140625,669.5,671.25,353615
2019-05-20,684.0,684.0,667.0,668.5999755859375,352162
2019-05-21,670.0499877929688,672.5,651.5,657.4500122070312,95960
2019-05-22,661.0,661.5999755859375,654.2000122070312,659.0499877929688,307896
2019-05-23,674.0,674.0,654.75,657.2999877929688,450623
2019-05-24,664.0,664.0,655.5,660.6500244140625,449706
2019-05-27,663.2999877929688,663.2999877929688,659.0,660.9000244140625,517707
2019-05-28,661.9500122070312,662.0,647.5,650.7000122070312,405401
2019-05-29,651.5,671.0,651.5,659.2999877929688,276741
2019-05-30,677.5499877929688,679.75,657.5999755859375,659.4000244140625,490209
2019-05-31,661.2000122070312,691.1500244140625,657.0,657.5499877929688,198678
2019-06-03,658.5,660.7999877929688,656.0,658.6500244140625,260001
2019-06-04,658.5,659.25,656.0,656.4500122070312,194686
2019-06-06,657.5499877929688,660.4500122070312,656.0,656.75,173615
2019-06-07,657.9500122070312,662.0499877929688,656.0,656.7000122070312,224792
2019-06-10,657.5999755859375,659.7999877929688,656.4000244140625,658.5999755859375,267452
2019-06-11,659.0999755859375,660.2999877929688,656.0,656.6500244140625,255281
2019-06-12,658.4500122070312,658.7000122070312,657.0,657.2000122070312,101614
2019-06-13,658.0499877929688,679.9500122070312,658.0,669.2999877929688,252721
2019-06-14,673.0,687.9000244140625,671.0999755859375,681.4000244140625,316162
2019-06-17,683.9500122070312,688.5999755859375,681.0999755859375,684.4000244140625,222426
2019-06-18,686.5,703.5,686.0999755859375,688.0999755859375,479815
2019-06-19,690.75,706.7000122070312,690.5,697.9000244140625,429916
2019-06-20,700.9000244140625,735.0,700.9000244140625,723.5999755859375,673779
2019-06-21,726.0999755859375,745.0,717.25,723.9500122070312,712067
2019-06-24,723.0,740.0,707.2999877929688,725.25,415931
2019-06-25,727.5999755859375,735.0,707.2000122070312,710.4000244140625,354865
2019-06-26,713.0,729.7000122070312,711.5,716.9500122070312,1030982
2019-06-27,718.0,725.9500122070312,714.5,717.1500244140625,249582
2019-06-28,718.4000244140625,726.7999877929688,716.1500244140625,722.4000244140625,202630
2019-07-01,723.5,725.4500122070312,709.0499877929688,712.1500244140625,280622
2019-07-02,712.3499755859375,719.9000244140625,711.5,717.5,151280
2019-07-03,719.0,721.8499755859375,715.0499877929688,717.4000244140625,194249
2019-07-04,719.0,721.8499755859375,714.5,717.9500122070312,243842
2019-07-05,721.0,730.9500122070312,718.6500244140625,726.7000122070312,209065
2019-07-08,726.75,726.75,686.2999877929688,694.0,380889
2019-07-09,688.5,698.8499755859375,685.5,691.7000122070312,271465
2019-07-10,693.0,697.5,691.5,693.5999755859375,232234
2019-07-11,694.6500244140625,698.2000122070312,691.5499877929688,694.75,245252
2019-07-12,694.0,697.75,691.25,692.1500244140625,195236
2019-07-15,693.0,696.7000122070312,684.25,684.6500244140625,288375
2019-07-16,686.5,689.5,684.2000122070312,684.5,330952
2019-07-17,686.4000244140625,689.4500122070312,684.5,684.75,315252
2019-07-18,686.7999877929688,688.5,684.2999877929688,685.7999877929688,343494
2019-07-19,686.4000244140625,714.7000122070312,684.5,685.3499755859375,391160
2019-07-22,688.75,688.75,684.75,684.9500122070312,258117
2019-07-23,685.9500122070312,694.9500122070312,685.25,689.4500122070312,300444
2019-07-24,688.2999877929688,690.3499755859375,684.75,685.9500122070312,259539
2019-07-25,686.5999755859375,717.5999755859375,684.75,711.3499755859375,231198
2019-07-26,711.0,727.5499877929688,684.75,714.0999755859375,272269
2019-07-29,719.8499755859375,724.9000244140625,702.0,715.9500122070312,218371
2019-07-30,713.25,720.0,684.75,696.2000122070312,344184
2019-07-31,699.0,699.0,684.75,689.0999755859375,211758
2019-08-01,691.5999755859375,696.9000244140625,684.6500244140625,685.1500244140625,204760
2019-08-02,685.5999755859375,687.9000244140625,684.25,684.7000122070312,215949
2019-08-05,685.9500122070312,686.9500122070312,684.5,685.0999755859375,138145
2019-08-06,685.5,708.6500244140625,677.5,685.5999755859375,487964
2019-08-07,687.4500122070312,706.6500244140625,684.25,697.1500244140625,223485
2019-08-08,699.0,699.0,684.7999877929688,686.4000244140625,196505
2019-08-09,687.9500122070312,693.1500244140625,684.75,686.5,314249
2019-08-13,686.7999877929688,700.4500122070312,685.5499877929688,698.7000122070312,215615
2019-08-14,699.0,699.0,662.5,682.0,308059
2019-08-16,678.5,681.1500244140625,656.5,658.4500122070312,175496
2019-08-19,661.5,714.9500122070312,661.5,697.0499877929688,254448
2019-08-20,694.9000244140625,742.0,688.0499877929688,727.25,343520
2019-08-21,725.5999755859375,756.0,708.2999877929688,723.8499755859375,506932
2019-08-22,710.0,734.9000244140625,701.2999877929688,726.9500122070312,255178
2019-08-23,728.0,740.0,718.0499877929688,726.2999877929688,202432
2019-08-26,739.5,747.9000244140625,709.0,715.4000244140625,396720
2019-08-27,713.9000244140625,722.7000122070312,685.1500244140625,692.6500244140625,295265
2019-08-28,693.5,704.0999755859375,683.5,695.0,138338
2019-08-29,697.9500122070312,710.0,693.0,702.1500244140625,118964
2019-08-30,706.5,719.75,696.0499877929688,706.2000122070312,363812
2019-09-03,703.5,714.0,678.5,686.3499755859375,192184
2019-09-04,684.5,698.7999877929688,672.0,676.5999755859375,152251
2019-09-05,676.9500122070312,684.0,675.0999755859375,678.2000122070312,173801
2019-09-06,673.25,680.75,672.5,674.2000122070312,176136
2019-09-09,676.2999877929688,679.7999877929688,672.0,673.9500122070312,203365
2019-09-11,676.5,676.6500244140625,671.5,672.4000244140625,176240
2019-09-12,666.0,674.7000122070312,663.2000122070312,666.1500244140625,172506
2019-09-13,667.5,677.25,666.0,672.9500122070312,274361
2019-09-16,675.0,689.3499755859375,673.0,674.7000122070312,400438
2019-09-17,678.0,686.5,672.0,673.5999755859375,339013
2019-09-18,677.75,679.9000244140625,673.5,675.2000122070312,264683
2019-09-19,675.5,685.6500244140625,672.0,674.3499755859375,371662
2019-09-20,675.0,686.5,654.7999877929688,661.2999877929688,527160
2019-09-23,665.0,680.5,665.0,671.7999877929688,261576
2019-09-24,679.0,683.9000244140625,666.5,670.8499755859375,225306
2019-09-25,671.9500122070312,673.5499877929688,663.5,665.7000122070312,114360
2019-09-26,669.8499755859375,681.8499755859375,666.5,672.75,181146
2019-09-27,672.5,679.25,671.5,674.0499877929688,143056
2019-09-30,674.4000244140625,684.5,662.0,666.8499755859375,201583
2019-10-01,669.7999877929688,688.0,669.7000122070312,673.6500244140625,190025
2019-10-03,673.2000122070312,678.0,665.5,667.7999877929688,175667
2019-10-04,668.5,674.5,666.0,668.7000122070312,127377
2019-10-07,669.5,677.0,665.5999755859375,670.7000122070312,235039
2019-10-09,671.4500122070312,676.25,670.0999755859375,672.9500122070312,253412
2019-10-10,672.5,679.9500122070312,671.0,673.2999877929688,219780
2019-10-11,674.5,682.5,672.0999755859375,674.2999877929688,204835
2019-10-14,677.0,682.5,670.9500122070312,672.5499877929688,203485
2019-10-15,675.7999877929688,689.0,672.5,674.4000244140625,383214
2019-10-16,676.7000122070312,676.7000122070312,670.5,671.0499877929688,161021
2019-10-17,672.4000244140625,678.0999755859375,671.0,672.2999877929688,320102
2019-10-18,673.5,676.9500122070312,672.0999755859375,673.4000244140625,334290
2019-10-22,674.25,681.5,670.5,672.4000244140625,277634
2019-10-23,674.7000122070312,678.75,668.4500122070312,670.8499755859375,193363
2019-10-24,673.7999877929688,676.8499755859375,671.5,673.75,174659
2019-10-25,675.6500244140625,679.7999877929688,669.0499877929688,671.4500122070312,313837
2019-10-27,671.5,674.9500122070312,671.5,673.75,11390
2019-10-29,674.9000244140625,686.9500122070312,674.0,675.9000244140625,489631
2019-10-30,676.9000244140625,682.9500122070312,674.0,674.2000122070312,412379
2019-10-31,677.2999877929688,681.0,674.5499877929688,678.4500122070312,236624
2019-11-01,680.0,683.2000122070312,676.3499755859375,678.7000122070312,254817
2019-11-04,681.2999877929688,681.6500244140625,674.5499877929688,675.0499877929688,325195
2019-11-05,675.5,680.9500122070312,672.5,674.4500122070312,745720
2019-11-06,675.5,676.7000122070312,667.0,669.0,323122
2019-11-07,673.0999755859375,688.9500122070312,670.0,675.5,351729
2019-11-08,675.0,682.1500244140625,673.5,674.9000244140625,120720
2019-11-11,677.5,685.75,674.7000122070312,677.25,212680
2019-11-13,677.0499877929688,696.9500122070312,665.0,683.0,202709
2019-11-14,684.2000122070312,687.4500122070312,669.5,682.0999755859375,128196
2019-11-15,687.9000244140625,710.7999877929688,680.5,700.5999755859375,202979
2019-11-18,700.5999755859375,722.9500122070312,694.0,715.3499755859375,216390
2019-11-19,712.4000244140625,712.4000244140625,698.5,706.2000122070312,132535
2019-11-20,706.2000122070312,709.4000244140625,694.0,698.5,90305
2019-11-21,698.5,712.0,697.5,707.7000122070312,244931
2019-11-22,710.7000122070312,711.5999755859375,693.5,702.6500244140625,104861
2019-11-25,703.9000244140625,707.7999877929688,688.0,691.75,221885
2019-11-26,695.0,695.0,650.5,663.3499755859375,197500
2019-11-27,659.5,669.4500122070312,654.5,661.3499755859375,104296
2019-11-28,663.5,672.0,661.5,662.75,93951
2019-11-29,664.0,683.5,664.0,674.1500244140625,149798
2019-12-02,677.7999877929688,680.5999755859375,668.2000122070312,669.9500122070312,160135
2019-12-03,671.4000244140625,677.0,671.0,673.75,177235
2019-12-04,674.5,677.8499755859375,672.1500244140625,674.0999755859375,167428
2019-12-05,675.4500122070312,677.25,674.0,674.9500122070312,227491
2019-12-06,675.7999877929688,683.8499755859375,673.0499877929688,674.7000122070312,234479
2019-12-09,677.2999877929688,682.8499755859375,675.0499877929688,676.2000122070312,229056
2019-12-10,677.5,685.0,676.5,676.7000122070312,518821
2019-12-11,678.7000122070312,688.0,676.5999755859375,677.5999755859375,450050
2019-12-12,681.7000122070312,685.9000244140625,663.5,669.1500244140625,727877
2019-12-13,669.8499755859375,694.5499877929688,667.0,684.2000122070312,276053
2019-12-16,684.7999877929688,690.9000244140625,680.9000244140625,683.75,293679
2019-12-17,686.2000122070312,696.5499877929688,684.5,691.1500244140625,277304
2019-12-18,691.4000244140625,703.0,680.0,693.25,177749
2019-12-19,693.0,696.8499755859375,687.6500244140625,695.9000244140625,143191
2019-12-20,696.5,701.7000122070312,680.0,683.5999755859375,239368
2019-12-23,685.4000244140625,691.5,684.0499877929688,687.5,351013
2019-12-24,689.2999877929688,691.4500122070312,676.0,677.4000244140625,140942
2019-12-26,678.5499877929688,682.3499755859375,674.0499877929688,679.5499877929688,127074
2019-12-27,680.5999755859375,684.7000122070312,675.0499877929688,676.6500244140625,145805
2019-12-30,677.75,682.8499755859375,675.3499755859375,677.4500122070312,130730
2019-12-31,678.5,693.5,667.0,669.3499755859375,138131
2020-01-01,670.5,679.9000244140625,670.4500122070312,678.2000122070312,129323
2020-01-02,679.0,690.0,678.1500244140625,686.9000244140625,123865
2020-01-03,687.7000122070312,697.0,684.5,693.2000122070312,117773
2020-01-06,694.0,702.0,686.25,689.0499877929688,434585
2020-01-07,691.4500122070312,693.1500244140625,676.0,677.9500122070312,128440
2020-01-08,677.0,684.0,672.0,679.0999755859375,161417
2020-01-09,684.2000122070312,686.0999755859375,680.5,683.5999755859375,183572
2020-01-10,684.7000122070312,706.5,683.0,700.5999755859375,279820
2020-01-13,702.0,715.0,702.0,710.0499877929688,171838
2020-01-14,711.0,727.0,698.5,701.2000122070312,140338
2020-01-15,703.5,709.75,696.5,706.3499755859375,77705
2020-01-16,708.0,709.9000244140625,697.0,701.75,112486
2020-01-17,702.5,720.0,697.0499877929688,712.0499877929688,213091
2020-01-20,707.5,711.5,701.5999755859375,709.4000244140625,152920
2020-01-21,711.5,718.9000244140625,707.0499877929688,713.5999755859375,179698
2020-01-22,718.0,725.0,713.0,714.0999755859375,365242
2020-01-23,717.9000244140625,728.0,711.5,714.75,715230
2020-01-24,716.5,723.7000122070312,713.0,715.1500244140625,669240
2020-01-27,716.0999755859375,722.0,714.5,715.4500122070312,494136
2020-01-28,716.5,727.0,715.3499755859375,715.6500244140625,436780
2020-01-29,720.0999755859375,729.9500122070312,715.75,723.25,267500
2020-01-30,727.75,729.0,718.0,724.7000122070312,177408
2020-01-31,729.9500122070312,729.9500122070312,716.5,720.2000122070312,123317
2020-02-03,726.2999877929688,734.0,721.5,722.7999877929688,168903
2020-02-04,726.2999877929688,726.2999877929688,714.0999755859375,717.75,154776
2020-02-05,718.5,725.5,710.7999877929688,720.0999755859375,198186
2020-02-06,718.5,723.8499755859375,706.5,709.4500122070312,217982
2020-02-07,710.0,710.9000244140625,701.0,702.5,104862
2020-02-10,703.0,780.5,703.0,714.6500244140625,457137
2020-02-11,715.0,764.0,712.0,753.5999755859375,452482
2020-02-12,753.0,758.0,718.0,722.7000122070312,198148
2020-02-13,722.0,725.5499877929688,711.0,714.9000244140625,175709
2020-02-14,718.5,718.5,703.25,705.0999755859375,114899
2020-02-17,709.0999755859375,727.4000244140625,702.6500244140625,715.6500244140625,179803
2020-02-18,714.0,723.9000244140625,705.25,711.75,158548
2020-02-19,716.9000244140625,721.0,697.0,704.0,147852
2020-02-20,702.5,705.9500122070312,661.0,664.0999755859375,209560
2020-02-24,664.5499877929688,672.7000122070312,651.0999755859375,655.1500244140625,146206
2020-02-25,656.9000244140625,659.1500244140625,650.5,654.7999877929688,126528
2020-02-26,655.5,656.9500122070312,638.0,639.5,93696
2020-02-27,640.5,669.5,640.0,658.1500244140625,90703
2020-02-28,652.5,669.0,651.0,658.2000122070312,79112
2020-03-02,669.0,672.75,661.0,666.8499755859375,44181
2020-03-03,674.8499755859375,682.0,667.0,675.7000122070312,56784
2020-03-04,678.0,689.9500122070312,673.25,679.9500122070312,77458
2020-03-05,682.6500244140625,686.9500122070312,677.8499755859375,679.3499755859375,48679
2020-03-06,676.5,683.7999877929688,673.0,680.6500244140625,27358
2020-03-09,679.0,679.0,671.0,672.0,47980
2020-03-11,673.25,690.0,671.0,685.3499755859375,133800
2020-03-12,674.5,682.9500122070312,663.0,665.5499877929688,49883
2020-03-13,650.5,665.0999755859375,603.0,606.5,209173
2020-03-16,603.5,646.5999755859375,596.5,609.9500122070312,76470
2020-03-17,612.0,627.9500122070312,595.1500244140625,598.5,61936
2020-03-18,602.5,620.0,600.9500122070312,608.8499755859375,75196
2020-03-19,610.0,618.7000122070312,577.0,586.0499877929688,85859
2020-03-20,588.6500244140625,604.4000244140625,577.0,585.75,93660
2020-03-23,574.0,584.75,546.0,549.6500244140625,48357
2020-03-24,558.7000122070312,558.7000122070312,537.5,540.0499877929688,52689
2020-03-25,542.0,603.0,542.0,590.7000122070312,39370
2020-03-26,618.0,618.0,586.0499877929688,589.6500244140625,31634
2020-03-27,601.0499877929688,607.5,564.0,577.9500122070312,53020
2020-03-30,590.0,590.0499877929688,537.0,540.6500244140625,55712
2020-03-31,543.5999755859375,560.0,522.9000244140625,547.6500244140625,75541
2020-04-01,568.2000122070312,568.3499755859375,542.0,561.9000244140625,51751
2020-04-03,553.5,649.9500122070312,553.0,632.0499877929688,185932
2020-04-07,640.0,656.0,612.2000122070312,622.0,80350
2020-04-08,625.0,648.7999877929688,614.0,623.5,55302
2020-04-09,623.6500244140625,634.9000244140625,611.0,614.1500244140625,47237
2020-04-13,616.5,618.2999877929688,587.0,593.7000122070312,46515
2020-04-15,596.0,597.0499877929688,558.0,562.5499877929688,87779
2020-04-16,563.5999755859375,574.0499877929688,540.5499877929688,544.8499755859375,82725
2020-04-17,547.8499755859375,574.0,546.2000122070312,547.25,49948
2020-04-20,548.5,563.9500122070312,548.5,552.5999755859375,53813
2020-04-21,552.5,557.75,533.7999877929688,535.9500122070312,47806
2020-04-22,540.5999755859375,543.0,530.0,532.75,38030
2020-04-23,536.5,536.5,530.0,532.4000244140625,41861
2020-04-24,534.3499755859375,536.75,529.0,530.2999877929688,24247
2020-04-27,532.9500122070312,533.25,521.5,523.0499877929688,47804
2020-04-28,525.9500122070312,620.0,520.2000122070312,595.9000244140625,259999
2020-04-29,606.1500244140625,655.0,598.0,614.7000122070312,570358
2020-04-30,615.0,628.9500122070312,607.2999877929688,618.7999877929688,156821
2020-05-04,601.1500244140625,612.9500122070312,542.7999877929688,552.8499755859375,174182
2020-05-05,568.0,582.0,550.0,552.9500122070312,83544
2020-05-06,563.0,571.1500244140625,545.0999755859375,549.7999877929688,68349
2020-05-07,553.8499755859375,553.9000244140625,539.0,541.7000122070312,40908
2020-05-08,547.4500122070312,560.0,526.0,527.7999877929688,102813
2020-05-11,537.5,548.5499877929688,527.5999755859375,539.25,67546
2020-05-12,543.7000122070312,544.0,527.1500244140625,529.5,57892
2020-05-13,540.25,545.0,530.0,535.9000244140625,66096
2020-05-14,535.9000244140625,535.9000244140625,520.5,521.5499877929688,70516
2020-05-15,525.7000122070312,532.0,522.2000122070312,523.25,44038
2020-05-18,520.0,525.5499877929688,503.0,505.75,59484
2020-05-19,511.95001220703125,527.9500122070312,504.0,513.8499755859375,64402
2020-05-20,511.6000061035156,513.9000244140625,505.75,508.70001220703125,38479
2020-05-21,511.8999938964844,519.5499877929688,506.5,508.5,41242
2020-05-22,511.25,518.0,506.1000061035156,507.75,36834
2020-05-26,513.0,513.2999877929688,507.0,508.0,33484
2020-05-27,512.0,512.9000244140625,505.25,506.5,43147
2020-05-28,510.0,511.0,505.20001220703125,506.20001220703125,56975
2020-05-29,506.8999938964844,544.0,475.0,487.70001220703125,410549
2020-06-01,490.1499938964844,506.3500061035156,485.1000061035156,488.8999938964844,179900
2020-06-02,491.0,495.8999938964844,480.0,483.3500061035156,201014
2020-06-03,491.3999938964844,493.3999938964844,482.20001220703125,483.45001220703125,141190
2020-06-04,485.54998779296875,489.45001220703125,475.0,479.20001220703125,114241
2020-06-05,482.45001220703125,502.1000061035156,476.0,485.79998779296875,299484
2020-06-08,491.75,503.95001220703125,482.5,487.29998779296875,354574
2020-06-09,492.29998779296875,496.0,476.20001220703125,478.8999938964844,195878
2020-06-10,480.0,486.5,480.0,482.6499938964844,97612
2020-06-11,484.79998779296875,486.8999938964844,471.0,478.1499938964844,103134
2020-06-12,472.0,483.6000061035156,465.04998779296875,480.3500061035156,143704
2020-06-15,485.3999938964844,496.6499938964844,475.5,477.70001220703125,217152
2020-06-16,482.8999938964844,487.8999938964844,467.70001220703125,469.0,124888
2020-06-17,471.45001220703125,478.45001220703125,469.0,472.29998779296875,76613
2020-06-18,475.0,478.6499938964844,470.1499938964844,471.75,79281
2020-06-19,474.0,478.0,464.04998779296875,467.8999938964844,259494
2020-06-22,469.95001220703125,477.0,468.3500061035156,475.3500061035156,180374
2020-06-23,478.29998779296875,490.0,478.0,485.8999938964844,228277
2020-06-24,492.0,495.0,477.25,485.8999938964844,199782
2020-06-25,482.5,484.79998779296875,473.04998779296875,478.8999938964844,57893
2020-06-26,482.3500061035156,486.20001220703125,475.5,476.70001220703125,81946
2020-06-29,477.5,485.5,475.0,483.95001220703125,93488
2020-06-30,486.95001220703125,486.95001220703125,462.0,466.0,176602
2020-07-01,480.0,480.0,463.0,467.20001220703125,271586
2020-07-02,471.0,473.0,468.04998779296875,469.29998779296875,58830
2020-07-03,471.6499938964844,487.25,469.1499938964844,483.75,227345
2020-07-06,487.3500061035156,495.0,479.70001220703125,480.8999938964844,123770
2020-07-07,480.8999938964844,487.25,475.25,484.75,77363
2020-07-08,487.0,488.8999938964844,478.54998779296875,483.8999938964844,114245
2020-07-09,487.95001220703125,487.95001220703125,477.5,479.3500061035156,74462
2020-07-10,477.5,480.5,472.5,473.79998779296875,117029
2020-07-13,475.0,481.45001220703125,471.0,472.1000061035156,134340
2020-07-14,471.1000061035156,473.8500061035156,466.0,467.3999938964844,81478
2020-07-15,469.6499938964844,473.8999938964844,465.54998779296875,467.75,77261
2020-07-16,468.0,474.0,458.0,470.6499938964844,139949
2020-07-17,473.45001220703125,476.0,464.1499938964844,467.70001220703125,162166
2020-07-20,468.29998779296875,471.8999938964844,465.04998779296875,466.1499938964844,42144
2020-07-21,467.95001220703125,468.3999938964844,461.79998779296875,462.45001220703125,113741
2020-07-22,465.0,477.1000061035156,463.04998779296875,472.5,112152
2020-07-23,475.0,482.0,471.0,472.1000061035156,82079
2020-07-24,471.70001220703125,473.95001220703125,465.0,468.95001220703125,46706
2020-07-27,470.0,473.0,465.20001220703125,469.79998779296875,46552
2020-07-28,472.1499938964844,475.1499938964844,461.25,463.1499938964844,103899
2020-07-29,464.5,469.8999938964844,461.1000061035156,463.1000061035156,53254
2020-07-30,465.0,466.45001220703125,457.25,459.1499938964844,50175
2020-07-31,461.0,464.0,453.25,456.6499938964844,71109
2020-08-03,456.8999938964844,464.0,441.0,442.0,161418
2020-08-04,442.3500061035156,494.8999938964844,442.3500061035156,478.54998779296875,791298
2020-08-05,481.6499938964844,485.0,465.1499938964844,470.5,160496
2020-08-06,470.0,481.8999938964844,461.75,472.04998779296875,148769
2020-08-07,474.3999938964844,475.8999938964844,456.6499938964844,458.54998779296875,168860
2020-08-10,462.5,470.0,460.04998779296875,463.04998779296875,75990
2020-08-11,464.0,467.95001220703125,461.0,462.29998779296875,56888
2020-08-12,464.5,464.6000061035156,457.0,463.04998779296875,51743
2020-08-13,465.0,469.8999938964844,463.0,464.79998779296875,69722
2020-08-14,469.8999938964844,474.0,460.0,460.79998779296875,88213
2020-08-17,462.95001220703125,467.8999938964844,460.5,462.3999938964844,55111
2020-08-18,464.1499938964844,467.0,463.1499938964844,464.54998779296875,61188
2020-08-19,471.8999938964844,471.8999938964844,460.0,463.70001220703125,71279
2020-08-20,465.95001220703125,468.0,465.0,467.1000061035156,70607
2020-08-21,468.95001220703125,476.8500061035156,468.8999938964844,470.25,103477
2020-08-24,477.0,479.8500061035156,474.04998779296875,475.54998779296875,105595
2020-08-25,476.70001220703125,482.0,472.6000061035156,475.3999938964844,85088
2020-08-26,475.04998779296875,478.0,472.5,473.6499938964844,72177
2020-08-27,474.8999938964844,479.0,472.0,473.8500061035156,78553
2020-08-28,473.79998779296875,477.5,463.29998779296875,464.95001220703125,118745
2020-08-31,466.95001220703125,470.0,441.20001220703125,446.45001220703125,291121
2020-09-01,449.6000061035156,456.0,445.0,448.3999938964844,139962
2020-09-02,450.0,454.45001220703125,449.0,451.20001220703125,72701
2020-09-03,453.0,454.3500061035156,450.0,450.45001220703125,55234
2020-09-04,445.0,454.0,441.0,444.3500061035156,129492
2020-09-07,452.5,463.0,450.0,452.3500061035156,207168
2020-09-08,453.8999938964844,460.0,449.1000061035156,450.20001220703125,58669
2020-09-09,452.45001220703125,452.45001220703125,443.0,447.79998779296875,41289
2020-09-10,447.5,457.0,447.5,450.75,35137
2020-09-11,454.0,455.0,448.5,451.6499938964844,26801
2020-09-14,452.5,460.0,451.0,452.70001220703125,54666
2020-09-15,454.8999938964844,470.0,454.0,460.3999938964844,148757
2020-09-16,464.3999938964844,467.79998779296875,454.0,456.1000061035156,68935
2020-09-17,457.5,464.0,451.0,459.8999938964844,70417
2020-09-18,464.0,516.9000244140625,461.0,509.3500061035156,997514
2020-09-21,513.7000122070312,537.0,472.3999938964844,483.95001220703125,710301
2020-09-22,494.5,504.5,466.45001220703125,472.0,249812
2020-09-23,478.8999938964844,496.6499938964844,466.5,477.20001220703125,260613
2020-09-24,465.0,471.95001220703125,442.0,445.70001220703125,151921
2020-09-25,451.04998779296875,460.95001220703125,447.0,452.8999938964844,130394
2020-09-28,455.8999938964844,472.95001220703125,455.8999938964844,462.79998779296875,137458
2020-09-29,466.8999938964844,468.3500061035156,450.25,452.8999938964844,189550
2020-09-30,455.8999938964844,456.54998779296875,445.04998779296875,447.04998779296875,89706
2020-10-01,449.95001220703125,470.79998779296875,449.8999938964844,456.8999938964844,166420
2020-10-05,457.0,488.0,457.0,481.79998779296875,313442
2020-10-06,488.8999938964844,493.3500061035156,467.45001220703125,471.70001220703125,130435
2020-10-07,474.8500061035156,474.8500061035156,451.5,454.25,126141
2020-10-08,455.0,462.95001220703125,452.20001220703125,454.70001220703125,80100
2020-10-09,457.0,461.70001220703125,449.0,451.6000061035156,108882
2020-10-12,454.8999938964844,454.8999938964844,446.79998779296875,449.95001220703125,62525
2020-10-13,452.0,454.79998779296875,444.0,447.79998779296875,52672
2020-10-14,448.79998779296875,450.3500061035156,445.0,445.95001220703125,123837
2020-10-15,448.20001220703125,452.0,444.0,444.95001220703125,64910
2020-10-16,447.04998779296875,450.29998779296875,445.0,446.1000061035156,31941
2020-10-19,447.8999938964844,450.75,445.0,446.1000061035156,39901
2020-10-20,447.5,454.0,445.1000061035156,449.6499938964844,55198
2020-10-21,451.8999938964844,453.70001220703125,446.1000061035156,450.29998779296875,56553
2020-10-22,451.95001220703125,472.0,451.0,459.3500061035156,182603
2020-10-23,460.54998779296875,463.8500061035156,455.0,456.3999938964844,34785
2020-10-26,458.6499938964844,458.6499938964844,449.0,450.3999938964844,38060
2020-10-27,452.29998779296875,458.29998779296875,447.0,454.3999938964844,135157
2020-10-28,456.70001220703125,458.0,450.0,454.79998779296875,42997
2020-10-29,454.95001220703125,462.3999938964844,445.04998779296875,455.1499938964844,80537
2020-10-30,461.6000061035156,466.0,456.3999938964844,461.6499938964844,82624
2020-11-02,465.3500061035156,465.3500061035156,441.0,442.5,166492
2020-11-03,444.75,452.70001220703125,444.04998779296875,446.5,83563
2020-11-04,444.0,448.29998779296875,442.6000061035156,443.1499938964844,38302
2020-11-05,444.8500061035156,455.1000061035156,444.8500061035156,451.75,68763
2020-11-06,451.0,457.79998779296875,451.0,452.8999938964844,39632
2020-11-09,454.95001220703125,456.70001220703125,451.0,454.45001220703125,46884
2020-11-10,452.5,456.45001220703125,448.20001220703125,449.45001220703125,60806
2020-11-11,451.6000061035156,454.5,447.0,451.45001220703125,88697
2020-11-12,453.95001220703125,459.29998779296875,453.1000061035156,457.54998779296875,154034
2020-11-13,459.5,460.04998779296875,454.5,456.29998779296875,59991
2020-11-14,462.45001220703125,463.0,459.79998779296875,460.70001220703125,26826
2020-11-17,471.0,478.8500061035156,463.0,465.5,174898
2020-11-18,469.25,470.0,458.0,459.95001220703125,67673
2020-11-19,460.8999938964844,462.0,455.0,456.6000061035156,55853
2020-11-20,456.70001220703125,465.0,450.29998779296875,451.29998779296875,94914
2020-11-23,455.0,458.0,450.20001220703125,453.0,92437
2020-11-24,454.04998779296875,456.8999938964844,451.29998779296875,452.29998779296875,192894
2020-11-25,454.1000061035156,455.79998779296875,447.5,448.3500061035156,91849
2020-11-26,450.0,452.3500061035156,448.5,449.54998779296875,46330
2020-11-27,451.1000061035156,457.0,449.04998779296875,450.3999938964844,116058
2020-12-01,453.04998779296875,456.0,450.6000061035156,453.45001220703125,130251
2020-12-02,454.20001220703125,460.95001220703125,454.20001220703125,457.3500061035156,152749
2020-12-03,459.20001220703125,477.0,457.54998779296875,472.8500061035156,549857
2020-12-04,480.0,491.6000061035156,475.0,482.6499938964844,393591
2020-12-07,486.8999938964844,497.95001220703125,485.75,492.75,214119
2020-12-08,494.5,499.6000061035156,480.0,481.8999938964844,175811
2020-12-09,485.0,489.1000061035156,481.75,483.04998779296875,125614
2020-12-10,486.29998779296875,486.29998779296875,468.5,472.1000061035156,128332
2020-12-11,477.3999938964844,483.0,472.0,476.70001220703125,86757
2020-12-14,480.5,488.0,480.5,481.70001220703125,123603
2020-12-15,482.0,483.6499938964844,471.20001220703125,473.8500061035156,142707
2020-12-16,477.29998779296875,481.5,473.0,476.20001220703125,84004
2020-12-17,479.75,496.0,476.6499938964844,485.75,286706
2020-12-18,488.0,494.95001220703125,477.25,490.70001220703125,261238
2020-12-21,492.45001220703125,510.5,460.0,473.8500061035156,530151
2020-12-22,478.0,490.3999938964844,462.0,476.8500061035156,194634
2020-12-23,477.0,489.5,477.0,487.45001220703125,99090
2020-12-24,490.6000061035156,498.79998779296875,486.0,487.25,94957
2020-12-28,491.8999938964844,494.95001220703125,485.1499938964844,487.6000061035156,71832
2020-12-29,478.0,505.0,478.0,486.20001220703125,95037
2020-12-30,492.8999938964844,495.04998779296875,481.29998779296875,486.79998779296875,107848
2020-12-31,499.6499938964844,505.0,484.0,490.54998779296875,452244
2021-01-01,492.79998779296875,497.0,480.79998779296875,485.04998779296875,211225
2021-01-04,485.6000061035156,487.95001220703125,481.25,484.0,203133
2021-01-05,481.0,487.70001220703125,478.0,484.1000061035156,215378
2021-01-06,486.29998779296875,490.0,468.3500061035156,479.04998779296875,241195
2021-01-07,485.0,487.75,480.04998779296875,482.25,160784
2021-01-08,483.8999938964844,490.0,481.95001220703125,484.3500061035156,249725
2021-01-11,486.5,489.75,482.45001220703125,484.8999938964844,241888
2021-01-12,485.1499938964844,486.70001220703125,482.0,483.1499938964844,233545
2021-01-13,486.95001220703125,489.8500061035156,481.0,483.8500061035156,233390
2021-01-14,485.25,488.95001220703125,483.04998779296875,484.20001220703125,220626
2021-01-15,486.0,486.20001220703125,478.20001220703125,481.29998779296875,390436
2021-01-18,482.0,486.25,477.45001220703125,483.6499938964844,169728
2021-01-19,484.0,492.5,480.0,484.1499938964844,241869
2021-01-20,486.0,488.20001220703125,482.5,485.20001220703125,375813
2021-01-21,486.04998779296875,486.54998779296875,477.8999938964844,479.1000061035156,175904
2021-01-22,477.54998779296875,487.0,474.95001220703125,485.3500061035156,236265
2021-01-25,486.04998779296875,487.3999938964844,476.6000061035156,478.8999938964844,192420
2021-01-27,480.3999938964844,487.70001220703125,476.29998779296875,482.04998779296875,239693
2021-01-28,481.70001220703125,481.70001220703125,475.75,478.20001220703125,167073
2021-01-29,480.0,484.75,472.3500061035156,477.54998779296875,146985
2021-02-01,478.54998779296875,480.0,475.04998779296875,476.75,200964
2021-02-02,481.3999938964844,481.95001220703125,475.0,477.5,200887
2021-02-03,479.6499938964844,485.0,476.1000061035156,477.20001220703125,304674
2021-02-04,478.3999938964844,480.54998779296875,477.1000061035156,478.1000061035156,136730
2021-02-05,479.75,482.70001220703125,478.1499938964844,478.6000061035156,186500
2021-02-08,479.6499938964844,482.5,477.0,478.0,207093
2021-02-09,480.79998779296875,492.0,478.79998779296875,482.95001220703125,396615
2021-02-10,486.8999938964844,489.8999938964844,483.0,483.04998779296875,524037
2021-02-11,484.54998779296875,487.95001220703125,482.0,484.70001220703125,147522
2021-02-12,486.6000061035156,489.75,480.3500061035156,482.1000061035156,346905
2021-02-15,482.1499938964844,485.1499938964844,470.70001220703125,477.5,214302
2021-02-16,479.79998779296875,481.1000061035156,475.95001220703125,479.3999938964844,63559
2021-02-17,481.8999938964844,486.8500061035156,481.3500061035156,483.3500061035156,186532
2021-02-18,488.0,527.0,487.0,498.79998779296875,1439023
2021-02-19,497.0,519.5,495.95001220703125,510.20001220703125,881949
2021-02-22,519.0,519.7000122070312,490.0,494.20001220703125,268352
2021-02-23,495.5,501.6000061035156,485.8500061035156,487.54998779296875,183235
2021-02-24,489.79998779296875,496.0,485.20001220703125,491.6499938964844,52687
2021-02-25,495.0,506.29998779296875,492.0,501.54998779296875,210886
2021-02-26,498.0,514.9000244140625,494.0,508.54998779296875,198365
2021-03-01,512.0,514.4500122070312,502.5,505.29998779296875,100030
2021-03-02,508.75,517.5,502.1000061035156,516.0,169447
2021-03-03,521.5999755859375,537.0,520.75,525.6500244140625,374425
2021-03-04,523.0,524.9500122070312,513.4500122070312,517.1500244140625,76041
2021-03-05,516.0,521.75,502.1499938964844,503.70001220703125,92931
2021-03-08,507.45001220703125,511.8999938964844,500.0,502.8999938964844,64963
2021-03-09,505.5,517.4500122070312,504.70001220703125,512.2000122070312,182713
2021-03-10,512.0499877929688,521.0,509.5,513.4500122070312,331903
2021-03-12,514.2000122070312,525.0,510.0,521.2000122070312,418103
2021-03-15,524.25,527.25,512.75,518.8499755859375,624975
2021-03-16,522.2000122070312,522.4000244140625,515.0,516.0999755859375,545236
2021-03-17,518.5,523.9500122070312,510.5,517.6500244140625,409081
2021-03-18,517.5,521.9000244140625,514.0,515.5499877929688,327507
2021-03-19,516.0,516.0,473.04998779296875,477.8999938964844,1005643
2021-03-22,477.0,482.0,471.1499938964844,475.1499938964844,489176
2021-03-23,476.04998779296875,479.8500061035156,470.8999938964844,473.6000061035156,423373
2021-03-24,474.79998779296875,478.0,472.5,475.1499938964844,82055
2021-03-25,475.8999938964844,475.8999938964844,471.6000061035156,472.8999938964844,156130
2021-03-26,474.0,477.8999938964844,472.29998779296875,475.6000061035156,94498
2021-03-30,476.6499938964844,483.0,473.0,477.6000061035156,229716
2021-03-31,480.0,480.5,475.3999938964844,478.79998779296875,55422
2021-04-01,481.0,495.6499938964844,480.0,492.3500061035156,182224
2021-04-05,486.79998779296875,489.95001220703125,477.5,482.1000061035156,55754
2021-04-06,486.75,486.79998779296875,478.3500061035156,480.8500061035156,67170
2021-04-07,481.79998779296875,503.0,475.25,480.20001220703125,448706
2021-04-08,489.95001220703125,576.2000122070312,487.0,505.1000061035156,816343
2021-04-09,510.0,522.0,502.29998779296875,516.7000122070312,246613
2021-04-12,509.8999938964844,509.95001220703125,485.8999938964844,494.25,131025
2021-04-13,496.8999938964844,500.20001220703125,490.8999938964844,492.6499938964844,74942
2021-04-15,496.0,503.45001220703125,492.5,499.45001220703125,136193
2021-04-16,504.8999938964844,506.0,497.54998779296875,501.5,115039
2021-04-19,494.3500061035156,498.5,485.04998779296875,492.29998779296875,113521
2021-04-20,495.0,502.8999938964844,493.0,495.1499938964844,145706
2021-04-22,494.0,502.0,490.5,498.6000061035156,60837
2021-04-23,501.95001220703125,511.45001220703125,499.0,506.04998779296875,108218
2021-04-26,506.04998779296875,519.2999877929688,506.04998779296875,515.0499877929688,206999
2021-04-27,512.0,525.0,511.04998779296875,521.2999877929688,131225
2021-04-28,523.0,535.75,522.0,532.1500244140625,277385
2021-04-29,537.7000122070312,545.0,520.5,528.5,433694
2021-04-30,534.9000244140625,534.9000244140625,510.0,521.5,196037
2021-05-03,524.2000122070312,533.9000244140625,515.0,517.0499877929688,170356
2021-05-04,518.9000244140625,531.4500122070312,512.0,513.9500122070312,316700
2021-05-05,517.0,521.9000244140625,501.5,507.04998779296875,176504
2021-05-06,508.0,510.45001220703125,500.0,502.45001220703125,72689
2021-05-07,503.45001220703125,513.0,502.1499938964844,510.1499938964844,102067
2021-05-10,513.9000244140625,522.0,512.5,518.5499877929688,142304
2021-05-11,514.0,517.5,510.04998779296875,515.0,163569
2021-05-12,517.0,520.0,512.0,516.7000122070312,175348
2021-05-14,518.0,519.6500244140625,512.0,514.5499877929688,183259
2021-05-17,516.6500244140625,516.6500244140625,510.3500061035156,513.75,211945
2021-05-18,514.7999877929688,521.0,512.7999877929688,516.2999877929688,214900
2021-05-19,515.9500122070312,519.75,512.0999755859375,513.3499755859375,204259
2021-05-20,523.0,552.5999755859375,512.5,514.9000244140625,467528
2021-05-21,522.9000244140625,539.9000244140625,514.0,516.4500122070312,669819
2021-05-24,518.0,529.75,515.2000122070312,516.9000244140625,330832
2021-05-25,519.2000122070312,527.7000122070312,516.2000122070312,517.2999877929688,484657
2021-05-26,519.75,528.9500122070312,516.25,518.5,338203
2021-05-27,518.8499755859375,526.0,516.25,517.5,640405
2021-05-28,519.0,526.0,516.2000122070312,517.75,388497
2021-05-31,520.25,522.7000122070312,516.5,517.8499755859375,300814
2021-06-01,521.0,523.6500244140625,518.5499877929688,520.9500122070312,188706
2021-06-02,518.0499877929688,527.2000122070312,518.0499877929688,525.0,469668
2021-06-03,527.0,534.0,522.5,524.25,452058
2021-06-04,527.0,540.6500244140625,525.9000244140625,538.4000244140625,345164
2021-06-07,544.0999755859375,575.0,540.0,570.2999877929688,520098
2021-06-08,575.0,587.4000244140625,553.75,556.6500244140625,325321
2021-06-09,561.0,566.3499755859375,546.5,547.25,240567
2021-06-10,553.8499755859375,568.5,549.1500244140625,556.4000244140625,307214
2021-06-11,558.5499877929688,566.0,555.5499877929688,562.0,246770
2021-06-14,565.9000244140625,618.6500244140625,555.5,609.0,983729
2021-06-15,612.0,638.0,582.0,588.2999877929688,909274
2021-06-16,588.2999877929688,599.6500244140625,587.4000244140625,590.9000244140625,389946
2021-06-17,590.0,594.2999877929688,574.0,585.5,252594
2021-06-18,587.0,619.25,566.25,604.8499755859375,359041
2021-06-21,603.7999877929688,611.6500244140625,581.1500244140625,586.3499755859375,358239
2021-06-22,591.0,598.0,581.3499755859375,583.75,341591
2021-06-23,587.7999877929688,593.75,583.0,585.25,226584
2021-06-24,587.5,591.9000244140625,566.0,569.5499877929688,333526
2021-06-25,573.0,582.5499877929688,557.9000244140625,567.2000122070312,295067
2021-06-28,576.9000244140625,584.7999877929688,564.3499755859375,571.7999877929688,206347
2021-06-29,575.6500244140625,579.0999755859375,568.0,571.0499877929688,211544
2021-06-30,574.5,577.2000122070312,561.4500122070312,564.5999755859375,233454
2021-07-01,569.0,572.7999877929688,562.1500244140625,564.9000244140625,130046
2021-07-02,568.0,579.0,564.9000244140625,572.3499755859375,172980
2021-07-05,575.3499755859375,587.1500244140625,573.0,575.4000244140625,256418
2021-07-06,575.4000244140625,582.4500122070312,573.0,576.3499755859375,251573
2021-07-07,580.9000244140625,605.75,574.8499755859375,577.0499877929688,857978
2021-07-08,577.0499877929688,603.9000244140625,573.5999755859375,576.0499877929688,820105
2021-07-09,576.9000244140625,585.9000244140625,576.0499877929688,580.25,290428
2021-07-12,582.1500244140625,592.6500244140625,574.7000122070312,576.8499755859375,570609
2021-07-13,578.75,587.9000244140625,574.2999877929688,576.1500244140625,486842
2021-07-14,578.0,599.0,577.0999755859375,580.7999877929688,1676513
2021-07-15,584.9000244140625,593.5499877929688,574.5499877929688,575.9000244140625,596621
2021-07-16,578.9000244140625,581.6500244140625,573.8499755859375,575.8499755859375,374331
2021-07-19,575.8499755859375,579.9500122070312,575.0999755859375,575.75,254341
2021-07-20,576.9000244140625,579.9000244140625,572.0,576.75,262223
2021-07-22,577.9000244140625,586.4000244140625,573.5999755859375,575.0999755859375,478382
2021-07-23,577.7000122070312,585.0,576.0,580.5,322581
2021-07-26,582.4000244140625,592.0,580.1500244140625,589.1500244140625,276669
2021-07-27,593.7999877929688,603.0,588.0,595.7000122070312,323246
2021-07-28,599.8499755859375,621.0,590.4500122070312,613.25,463486
2021-07-29,615.0,619.0,606.4500122070312,617.3499755859375,227547
2021-07-30,619.0,624.0,618.0,619.9500122070312,140099
2021-08-02,624.4500122070312,624.4500122070312,612.0,614.25,158025
2021-08-03,616.9500122070312,617.8499755859375,607.0999755859375,608.8499755859375,194365
2021-08-04,610.5,611.9500122070312,607.2999877929688,609.2000122070312,221818
2021-08-05,609.0,612.3499755859375,607.5,608.9500122070312,141153
2021-08-06,611.4500122070312,611.9500122070312,607.75,609.4500122070312,260286
2021-08-09,613.0499877929688,613.0499877929688,607.7999877929688,610.4500122070312,196195
2021-08-10,611.5,657.75,606.0499877929688,623.75,431688
2021-08-11,614.9000244140625,618.7000122070312,605.25,611.0499877929688,288862
2021-08-12,612.5,622.0,607.0499877929688,608.5,234638
2021-08-13,610.9000244140625,615.5,607.0499877929688,609.3499755859375,203763
2021-08-16,611.9000244140625,612.4500122070312,608.0,609.5,118635
2021-08-17,611.5,619.2000122070312,608.2000122070312,610.6500244140625,435694
2021-08-18,612.8499755859375,612.8499755859375,602.4500122070312,607.3499755859375,399161
2021-08-20,602.5,618.7000122070312,588.0499877929688,613.2999877929688,383997
2021-08-23,619.0,627.9000244140625,602.5,609.4000244140625,243580
2021-08-24,609.0,609.5499877929688,590.7000122070312,594.4500122070312,482445
2021-08-25,594.9500122070312,597.6500244140625,586.0,593.6500244140625,277461
2021-08-26,594.7999877929688,599.5499877929688,586.5,592.8499755859375,232616
2021-08-27,592.5,592.5499877929688,588.5,589.4500122070312,108161
2021-08-30,590.0499877929688,592.9000244140625,581.0499877929688,583.7000122070312,152536
2021-08-31,583.7000122070312,589.0,575.6500244140625,586.1500244140625,218644
2021-09-01,589.4500122070312,591.8499755859375,578.0999755859375,583.7999877929688,91720
2021-09-02,584.75,586.3499755859375,576.4500122070312,578.25,55874
2021-09-03,581.0,585.2999877929688,579.3499755859375,582.5499877929688,55910
2021-09-06,583.7000122070312,599.7000122070312,583.0,597.0,71045
2021-09-07,600.9500122070312,613.4500122070312,593.4000244140625,609.7000122070312,131605
2021-09-08,613.0,620.0,604.0,611.0999755859375,140052
2021-09-09,613.5,616.0,605.0999755859375,611.9000244140625,82836
2021-09-13,612.4500122070312,613.9500122070312,603.7999877929688,606.7000122070312,90395
2021-09-14,609.9500122070312,609.9500122070312,603.5999755859375,606.9000244140625,65660
2021-09-15,607.1500244140625,617.0,605.0,613.2999877929688,85754
2021-09-16,616.2999877929688,619.0,605.0,613.75,66158
2021-09-17,617.0,634.0,577.0,581.6500244140625,907118
2021-09-20,578.0,582.9000244140625,565.2000122070312,580.4000244140625,173154
2021-09-21,582.0,590.0,575.0,580.2000122070312,137846
2021-09-22,581.9500122070312,584.0,577.0,579.9500122070312,547157
2021-09-23,585.0,585.25,576.1500244140625,579.2000122070312,1086000
2021-09-24,582.0999755859375,594.7000122070312,582.0999755859375,590.0499877929688,353070
2021-09-27,595.0,599.7000122070312,590.0,595.2999877929688,353449
2021-09-28,593.7000122070312,598.1500244140625,588.0,591.3499755859375,139906
2021-09-29,591.0,591.2999877929688,586.0,586.5999755859375,83625
2021-09-30,583.5999755859375,591.7000122070312,583.5999755859375,587.0,97006
2021-10-01,588.0,593.0,585.0,586.0499877929688,140230
2021-10-04,588.2999877929688,606.0,587.2000122070312,599.8499755859375,102575
2021-10-05,602.8499755859375,611.0,597.0,607.6500244140625,168267
2021-10-06,612.9000244140625,618.5999755859375,605.0,610.0,171250
2021-10-07,613.8499755859375,620.0,610.9500122070312,615.8499755859375,107093
2021-10-08,619.9000244140625,624.7000122070312,610.1500244140625,617.0,121289
2021-10-11,619.5999755859375,620.5999755859375,602.0999755859375,608.0499877929688,134631
2021-10-12,605.0,607.4500122070312,603.0999755859375,606.2999877929688,32637
2021-10-13,608.4000244140625,645.5,607.4500122070312,637.2999877929688,255879
2021-10-14,653.5999755859375,669.7000122070312,642.0,646.5999755859375,263702
2021-10-18,646.9000244140625,650.6500244140625,626.4000244140625,635.2000122070312,238866
2021-10-19,637.9500122070312,642.8499755859375,619.7000122070312,631.6500244140625,167402
2021-10-20,635.0,648.6500244140625,633.0,634.7000122070312,245846
2021-10-21,637.9500122070312,640.2999877929688,630.2999877929688,634.4000244140625,210671
2021-10-22,637.3499755859375,639.9000244140625,635.0,635.5,177442
2021-10-25,637.4000244140625,653.0499877929688,636.0,636.4000244140625,191837
2021-10-26,638.5,644.0499877929688,636.0,638.3499755859375,118648
2021-10-27,638.0,644.2000122070312,636.0,636.7000122070312,378118
2021-10-28,638.7000122070312,640.5499877929688,631.25,636.75,197845
2021-10-29,635.0,643.4000244140625,632.5,638.25,333330
2021-11-01,640.1500244140625,647.5499877929688,637.0499877929688,638.7000122070312,463450
2021-11-02,641.0999755859375,643.1500244140625,637.5,640.6500244140625,210086
2021-11-03,640.6500244140625,644.2000122070312,637.5499877929688,640.25,212383
2021-11-04,643.9500122070312,644.6500244140625,638.0,638.2999877929688,15640
2021-11-08,638.0,648.2999877929688,637.4500122070312,640.9000244140625,816111
2021-11-09,643.0,644.75,639.0499877929688,641.0,223422
2021-11-10,640.9000244140625,655.4000244140625,639.5499877929688,642.0999755859375,943017
2021-11-11,642.5,649.5499877929688,637.0,640.4500122070312,628874
2021-11-12,643.6500244140625,649.0,642.0499877929688,646.9500122070312,236763
2021-11-15,652.25,684.7000122070312,640.0,668.8499755859375,1007116
2021-11-16,670.0,741.75,660.6500244140625,686.8499755859375,1524572
2021-11-17,688.0,750.0,686.8499755859375,741.25,1161181
2021-11-18,736.0,736.0,708.2000122070312,719.2999877929688,426123
2021-11-22,725.5,737.9000244140625,697.6500244140625,713.9000244140625,269057
2021-11-23,711.7999877929688,742.5,701.0,727.4000244140625,215087
2021-11-24,734.5999755859375,784.8499755859375,725.0,739.25,1089279
2021-11-25,724.0,730.5499877929688,712.5499877929688,716.2000122070312,140927
2021-11-26,713.0,724.4000244140625,705.0,705.4000244140625,134013
2021-11-29,691.5,718.4500122070312,691.0,707.3499755859375,1264240
2021-11-30,710.9000244140625,792.7999877929688,710.9000244140625,765.4000244140625,1317508
2021-12-01,765.4000244140625,798.0,744.7000122070312,759.3499755859375,695788
2021-12-02,764.3499755859375,795.0,754.5,780.2999877929688,500136
2021-12-03,779.0,789.0,746.0,747.0499877929688,459262
2021-12-06,751.7999877929688,765.0,739.25,757.4500122070312,814892
2021-12-07,755.0999755859375,774.4500122070312,748.75,755.5499877929688,423598
2021-12-08,755.0,767.0,748.5999755859375,753.25,174680
2021-12-09,756.7000122070312,770.0,751.1500244140625,765.8499755859375,197296
2021-12-10,762.9500122070312,765.6500244140625,752.0,756.5,119785
2021-12-13,757.0,760.2999877929688,743.7000122070312,749.2999877929688,1021201
2021-12-14,746.7999877929688,754.9000244140625,737.5,752.6500244140625,129267
2021-12-15,750.3499755859375,760.0499877929688,750.3499755859375,755.5499877929688,311032
2021-12-16,758.9000244140625,776.4500122070312,752.0499877929688,758.3499755859375,307374
2021-12-17,759.9000244140625,763.8499755859375,736.0,744.2000122070312,409997
2021-12-20,741.5999755859375,754.9000244140625,732.5,741.4500122070312,878310
2021-12-21,748.1500244140625,756.9000244140625,738.0999755859375,746.2999877929688,439428
2021-12-22,742.5,752.5,741.7999877929688,745.8499755859375,274638
2021-12-23,747.9000244140625,763.5,738.0999755859375,748.5,376764
2021-12-24,750.4000244140625,750.4000244140625,741.5,745.4500122070312,383629
2021-12-27,746.8499755859375,748.9000244140625,740.75,744.5999755859375,682639
2021-12-28,747.0,756.9500122070312,745.0,748.5999755859375,293921
2021-12-29,748.9000244140625,759.4500122070312,745.0999755859375,748.4000244140625,267166
2021-12-30,749.0,753.25,730.0499877929688,734.0999755859375,55296
2021-12-31,736.5,745.0,735.0,737.4500122070312,42842
2022-01-03,739.9000244140625,867.0,739.9000244140625,852.5499877929688,2423953
2022-01-04,843.0,854.0,796.8499755859375,808.5999755859375,766918
2022-01-05,812.2000122070312,818.0999755859375,798.0,808.25,303288
2022-01-06,803.9500122070312,849.0,787.7000122070312,832.5,460922
2022-01-07,841.0,865.0,812.0,822.0499877929688,623464
2022-01-10,824.8499755859375,836.0,813.1500244140625,819.75,250214
2022-01-11,817.5,839.2000122070312,813.0,832.75,371212
2022-01-12,836.0,865.9500122070312,830.4000244140625,856.9500122070312,394050
2022-01-13,864.4000244140625,865.0,834.2999877929688,840.0,229937
2022-01-14,842.0,855.0,840.0,850.3499755859375,153180
2022-01-17,849.25,994.7000122070312,845.0499877929688,950.9500122070312,3006769
2022-01-18,939.0,948.6500244140625,908.0,916.3499755859375,457590
2022-01-19,919.5999755859375,959.0,904.4500122070312,925.75,512628
2022-01-20,929.75,940.2000122070312,880.5,885.75,253683
2022-01-21,885.0,898.9000244140625,835.5999755859375,844.3499755859375,272981
2022-01-24,844.4000244140625,853.5999755859375,806.0,821.7000122070312,160271
2022-01-25,822.4500122070312,869.9500122070312,804.5999755859375,844.4000244140625,189581
2022-01-27,831.7000122070312,839.0,793.5,800.5999755859375,170639
2022-01-28,811.9000244140625,855.5,782.5,799.5499877929688,280329
2022-01-31,807.7000122070312,852.9500122070312,805.0,842.5999755859375,256302
2022-02-01,842.9500122070312,852.9500122070312,822.5,826.6500244140625,142057
2022-02-02,834.4500122070312,842.0,827.2999877929688,832.8499755859375,72170
2022-02-03,835.8499755859375,838.2000122070312,815.0,816.1500244140625,68831
2022-02-04,821.0,828.3499755859375,807.5,810.0499877929688,67888
2022-02-07,810.75,821.1500244140625,795.0,800.1500244140625,66423
2022-02-08,803.0,838.9500122070312,792.5499877929688,833.2000122070312,264757
2022-02-09,837.0,882.9500122070312,828.0,864.0499877929688,163923
2022-02-10,864.0999755859375,876.0,849.0499877929688,868.25,84971
2022-02-11,875.4500122070312,909.4500122070312,863.0,884.2999877929688,331246
2022-02-14,879.9000244140625,884.0,815.0,819.2999877929688,110516
2022-02-15,835.0,838.0499877929688,787.5,820.5999755859375,124663
2022-02-16,834.4000244140625,839.25,811.5,818.5999755859375,114180
2022-02-17,822.7000122070312,832.0,811.7000122070312,824.5,161871
2022-02-18,828.5,828.5,811.0,811.5,46147
2022-02-21,816.3499755859375,817.4000244140625,785.5,788.9000244140625,75533
2022-02-22,780.0,828.0,770.1500244140625,816.25,312857
2022-02-23,819.0,828.0,780.0,783.4500122070312,112731
2022-02-24,775.0,775.0,720.0,721.75,180748
2022-02-25,725.0,737.0499877929688,695.5,702.0,363389
2022-02-28,688.0,713.5999755859375,677.5,701.7999877929688,225741
2022-03-02,704.9000244140625,707.7000122070312,680.0,683.9500122070312,93825
2022-03-03,693.0,721.9000244140625,687.0499877929688,707.8499755859375,253018
2022-03-04,707.5,744.9500122070312,696.0,723.75,272431
2022-03-07,710.9500122070312,714.9000244140625,688.0,699.9000244140625,73628
2022-03-08,703.0,713.0,693.0,695.6500244140625,87368
2022-03-09,699.0,728.3499755859375,698.0499877929688,710.2000122070312,113631
2022-03-10,718.7000122070312,736.4500122070312,715.0,725.8499755859375,125880
2022-03-11,723.0,731.9500122070312,707.0499877929688,709.7999877929688,95403
2022-03-14,714.9500122070312,719.9500122070312,706.0,710.0999755859375,66013
2022-03-15,711.4500122070312,718.5999755859375,690.0,693.7000122070312,76439
2022-03-16,700.6500244140625,727.2000122070312,693.0,713.9000244140625,97013
2022-03-17,728.4000244140625,785.7999877929688,714.3499755859375,728.6500244140625,872802
2022-03-21,728.6500244140625,737.0,711.5,715.0499877929688,198723
2022-03-22,718.9500122070312,720.75,711.5,713.5,53034
2022-03-23,716.7000122070312,718.5999755859375,701.0999755859375,704.5,116264
2022-03-24,705.7999877929688,735.0,701.5,707.5999755859375,241328
2022-03-25,730.0,730.0,680.0,684.7999877929688,306140
2022-03-28,695.0,695.0,659.5,661.5,249575
2022-03-29,664.0,683.7000122070312,664.0,671.8499755859375,128505
2022-03-30,675.0,687.6500244140625,670.5,673.0,148083
2022-03-31,678.2000122070312,696.0999755859375,673.0,691.0999755859375,112436
2022-04-01,691.5,699.4000244140625,684.5499877929688,688.5499877929688,141298
2022-04-04,693.5499877929688,697.0,681.0,681.75,155265
2022-04-05,685.0,686.7000122070312,660.5499877929688,662.5999755859375,183781
2022-04-06,660.2000122070312,674.6500244140625,647.0,649.2000122070312,226606
2022-04-07,650.9500122070312,661.5499877929688,642.0499877929688,649.9000244140625,184178
2022-04-08,654.7999877929688,659.0,646.2000122070312,648.2000122070312,99565
2022-04-11,652.7000122070312,659.7999877929688,644.0499877929688,647.0999755859375,321602
2022-04-12,649.7000122070312,666.0,636.0,642.3499755859375,471238
2022-04-13,643.7999877929688,655.0,639.5,641.4000244140625,111633
2022-04-18,644.0,652.5499877929688,638.0,647.5999755859375,61576
2022-04-19,651.0,661.3499755859375,628.0,639.6500244140625,144924
2022-04-20,642.8499755859375,647.4500122070312,635.0,638.7000122070312,96667
2022-04-21,641.9000244140625,649.0,635.0,638.7999877929688,57506
2022-04-22,643.0,650.0,638.4000244140625,646.5,57404
2022-04-25,642.0499877929688,647.7999877929688,625.25,630.3499755859375,106718
2022-04-26,634.9500122070312,641.4500122070312,627.25,629.7999877929688,70310
2022-04-27,628.9000244140625,632.6500244140625,616.0,618.4000244140625,109355
2022-04-28,621.5,669.0,618.7000122070312,628.2000122070312,514522
2022-04-29,633.9000244140625,644.7000122070312,625.0,629.0499877929688,152875
2022-05-02,619.0,633.0,617.4000244140625,621.6500244140625,69384
2022-05-04,623.5,626.0,595.0,599.25,56471
2022-05-05,607.25,623.0,595.9000244140625,605.9500122070312,67579
2022-05-06,601.0999755859375,601.0999755859375,584.5,588.4500122070312,59205
2022-05-09,584.5,587.0,575.0,577.5,67132
2022-05-10,577.0,590.0,574.0499877929688,581.5,100290
2022-05-11,581.5,585.0,565.0,574.7999877929688,58801
2022-05-12,571.0,606.1500244140625,562.0,593.4500122070312,108776
2022-05-13,596.4500122070312,598.4000244140625,585.0,588.5499877929688,40035
2022-05-16,591.5,608.0,587.9000244140625,592.4500122070312,40909
2022-05-17,594.75,604.75,590.5,600.8499755859375,28291
2022-05-18,614.3499755859375,616.8499755859375,581.0,581.75,78365
2022-05-19,577.0499877929688,578.9000244140625,570.0,574.0999755859375,60472
2022-05-20,576.0,577.9500122070312,570.2000122070312,572.75,42431
2022-05-23,575.9500122070312,601.75,559.9000244140625,565.2999877929688,187048
2022-05-24,568.0,569.9500122070312,545.1500244140625,549.5999755859375,70409
2022-05-25,574.0,580.0,541.0,546.6500244140625,155324
2022-05-26,552.0,569.5999755859375,546.0,564.7000122070312,60107
2022-05-27,566.9500122070312,569.3499755859375,551.0,553.0499877929688,49059
2022-05-30,557.75,557.75,547.5,551.0,128676
2022-05-31,554.0,579.5,536.0,541.6500244140625,322931
2022-06-01,548.7000122070312,556.0,546.0499877929688,551.0,109001
2022-06-02,554.75,554.9000244140625,541.0,548.6500244140625,102767
2022-06-03,552.0,553.7999877929688,541.0,542.5,48915
2022-06-06,545.0,545.0,526.0,528.4000244140625,75524
2022-06-07,526.75,528.0499877929688,518.5,523.8499755859375,78517
2022-06-08,526.5,539.6500244140625,520.75,531.1500244140625,102562
2022-06-09,537.0,537.9500122070312,525.0,528.5,125509
2022-06-10,526.4500122070312,528.0,520.0,522.7000122070312,49285
2022-06-13,526.0,568.5,520.0999755859375,548.3499755859375,2770421
2022-06-14,538.9000244140625,545.0,530.2999877929688,536.5,310316
2022-06-15,539.75,555.0,535.0,546.7000122070312,209743
2022-06-16,552.2999877929688,555.0,526.1500244140625,531.0999755859375,168563
2022-06-17,530.0,573.9000244140625,523.0,564.0499877929688,1421892
2022-06-20,555.5999755859375,555.5999755859375,544.0,550.7999877929688,478754
2022-06-21,553.5999755859375,584.7000122070312,551.0999755859375,577.4500122070312,210703
2022-06-22,580.0,604.5,551.2000122070312,562.7999877929688,416472
2022-06-23,554.75,568.25,551.0,562.5,203271
2022-06-24,566.6500244140625,589.0,565.6500244140625,573.75,134711
2022-06-27,580.3499755859375,584.75,572.0,573.7000122070312,93946
2022-06-28,575.0,603.0,570.4500122070312,589.9000244140625,117871
2022-06-29,596.0,622.2000122070312,580.0,618.6500244140625,366761
2022-06-30,620.5499877929688,649.5999755859375,620.5499877929688,625.4000244140625,527699
2022-07-01,622.0,630.8499755859375,615.0,621.25,128888
2022-07-04,625.0,633.2999877929688,605.25,614.4500122070312,77936
2022-07-05,613.0,614.6500244140625,591.0,595.25,90442
2022-07-06,590.4000244140625,597.0999755859375,587.0,589.4500122070312,80972
2022-07-07,593.7000122070312,619.0,590.0,610.4000244140625,178562
2022-07-08,613.0,614.0,589.1500244140625,592.9500122070312,97901
2022-07-11,588.4500122070312,612.5999755859375,580.3499755859375,606.5499877929688,95208
2022-07-12,606.5499877929688,620.0,586.0,614.9500122070312,135704
2022-07-13,620.0,621.0,585.0499877929688,590.1500244140625,131492
2022-07-14,591.6500244140625,610.0,567.3499755859375,596.0499877929688,242513
2022-07-15,599.0499877929688,602.75,583.0999755859375,589.8499755859375,101156
2022-07-18,590.0,595.5999755859375,587.0,588.0,83491
2022-07-19,587.8499755859375,590.0499877929688,581.25,586.5999755859375,84749
2022-07-20,587.0999755859375,595.9500122070312,584.25,589.2999877929688,104463
2022-07-21,589.5,595.0,581.0,581.9500122070312,109958
2022-07-22,584.0,586.4500122070312,580.2999877929688,582.75,37050
2022-07-25,585.0,587.5999755859375,579.0,580.1500244140625,34251
2022-07-26,583.7999877929688,598.9500122070312,580.25,595.2000122070312,84799
2022-07-27,590.0999755859375,596.8499755859375,587.0,592.2999877929688,35495
2022-07-28,591.5499877929688,600.25,583.7999877929688,589.1500244140625,71188
2022-07-29,591.7999877929688,624.0999755859375,587.7000122070312,593.2999877929688,280062
2022-08-01,598.0,612.0,596.0,607.7000122070312,136906
2022-08-02,610.75,623.1500244140625,602.0999755859375,620.5499877929688,171161
2022-08-03,624.7999877929688,632.75,610.0,619.25,164450
2022-08-04,624.0,628.9500122070312,608.0,625.2000122070312,127341
2022-08-05,628.9500122070312,633.5,617.0,619.0,118981
2022-08-08,622.0999755859375,622.75,605.0499877929688,609.1500244140625,143974
2022-08-10,608.0,611.5999755859375,576.5,580.7000122070312,212689
2022-08-11,583.6500244140625,621.5499877929688,576.0,610.2000122070312,347704
2022-08-12,609.0,619.0999755859375,600.75,605.7000122070312,98386
2022-08-16,609.5499877929688,621.9000244140625,603.5499877929688,616.8499755859375,98779
2022-08-17,620.0,621.0999755859375,606.0,610.75,136621
2022-08-18,611.2999877929688,612.9500122070312,596.5999755859375,601.0,124434
2022-08-19,604.5,604.5,593.0499877929688,596.4500122070312,64495
2022-08-22,596.0,610.0999755859375,588.6500244140625,602.75,56906
2022-08-23,601.0999755859375,610.0999755859375,596.6500244140625,606.7000122070312,66383
2022-08-24,602.0499877929688,605.9000244140625,593.0,596.5499877929688,64792
2022-08-25,599.5499877929688,606.0,594.0,597.4000244140625,47975
2022-08-26,600.4000244140625,602.0,593.2999877929688,597.1500244140625,37392
2022-08-29,591.5,594.2000122070312,582.5,584.9500122070312,58518
2022-08-30,587.9000244140625,596.5999755859375,586.0,589.0999755859375,82072
2022-09-01,588.0,591.0,579.0499877929688,580.3499755859375,84970
2022-09-02,584.5999755859375,588.8499755859375,578.0999755859375,585.2000122070312,59743
2022-09-05,587.9500122070312,589.0,578.1500244140625,580.0499877929688,51783
2022-09-06,583.0,583.0999755859375,576.0499877929688,580.4000244140625,34929
2022-09-07,579.0999755859375,588.0,576.0,579.25,57054
2022-09-08,583.4000244140625,585.0499877929688,578.0999755859375,579.5,55763
2022-09-09,581.9500122070312,582.5,578.0,579.3499755859375,35261
2022-09-12,582.25,584.9000244140625,576.9000244140625,579.8499755859375,45232
2022-09-13,582.6500244140625,582.6500244140625,578.5,579.5,91365
2022-09-14,575.1500244140625,580.0,554.0,567.0,76078
2022-09-15,568.0,615.0,556.25,560.7000122070312,299354
2022-09-16,557.7000122070312,593.0,548.2999877929688,578.9000244140625,596435
2022-09-19,578.9000244140625,592.0,568.0999755859375,587.25,158043
2022-09-20,592.8499755859375,604.0,584.7999877929688,596.5999755859375,153078
2022-09-21,600.4000244140625,610.0,585.75,595.8499755859375,152818
2022-09-22,590.0,595.2999877929688,582.5,587.8499755859375,145700
2022-09-23,583.0499877929688,595.0,574.25,584.6500244140625,261703
2022-09-26,579.3499755859375,615.0,571.0,608.8499755859375,463690
2022-09-27,614.0,635.0,592.8499755859375,598.8499755859375,379867
2022-09-28,590.0,619.0499877929688,577.0499877929688,582.7999877929688,276247
2022-09-29,584.6500244140625,591.5499877929688,572.7000122070312,579.2999877929688,93977
2022-09-30,575.5,595.0,575.0999755859375,578.7999877929688,85246
2022-10-03,579.0,581.9500122070312,562.5999755859375,566.2000122070312,100824
2022-10-04,570.5,575.25,565.5,567.9500122070312,82800
2022-10-06,570.9000244140625,615.0,570.9000244140625,604.0499877929688,391291
2022-10-07,601.7000122070312,628.9500122070312,596.4500122070312,606.5999755859375,225467
2022-10-10,600.0,621.4500122070312,596.9500122070312,601.9500122070312,124888
2022-10-11,599.9000244140625,635.0,595.0,625.9000244140625,626195
2022-10-12,626.0,677.2000122070312,609.0,648.5999755859375,493978
2022-10-13,651.8499755859375,681.75,637.0,672.7000122070312,515717
2022-10-14,676.0999755859375,704.5,660.5999755859375,694.2000122070312,808662
2022-10-17,685.0,712.5999755859375,671.0499877929688,682.25,342936
2022-10-18,679.0,694.8499755859375,669.0,687.0499877929688,266015
2022-10-19,686.0,705.0,681.3499755859375,694.0499877929688,338716
2022-10-20,690.5499877929688,716.0,684.8499755859375,698.25,562943
2022-10-21,690.25,694.5999755859375,673.4500122070312,679.4500122070312,169191
2022-10-24,680.0,682.75,666.0499877929688,670.0,20188
2022-10-25,669.0,669.0,646.4000244140625,651.0,72292
2022-10-27,649.0,664.4000244140625,645.2999877929688,654.7000122070312,194448
2022-10-28,654.6500244140625,673.4000244140625,637.5999755859375,660.5999755859375,147090
2022-10-31,663.9500122070312,705.0,662.0499877929688,691.5999755859375,440562
2022-11-01,691.4000244140625,711.9000244140625,678.0999755859375,685.2999877929688,300961
2022-11-02,682.0,697.2999877929688,682.0,694.5499877929688,105668
2022-11-03,694.0,730.0,689.0499877929688,718.5999755859375,570439
2022-11-04,715.0,769.4000244140625,708.5499877929688,747.6500244140625,690847
2022-11-07,738.0,774.7999877929688,738.0,762.7999877929688,410743
2022-11-09,770.2999877929688,770.4000244140625,733.5,740.6500244140625,226764
2022-11-10,734.9000244140625,759.5499877929688,720.0,734.8499755859375,279730
2022-11-11,737.7999877929688,809.0,730.0,777.5499877929688,530062
2022-11-14,773.0999755859375,773.8499755859375,755.0,758.8499755859375,174313
2022-11-15,757.9500122070312,768.0,741.7000122070312,751.3499755859375,170290
2022-11-16,748.9500122070312,760.0,739.5499877929688,746.0499877929688,227840
2022-11-17,746.5,755.0,723.0,729.4000244140625,105236
2022-11-18,727.0,789.7000122070312,714.25,757.25,374451
2022-11-21,744.75,748.0,727.6500244140625,732.3499755859375,140986
2022-11-22,733.4500122070312,754.7999877929688,721.0,726.2000122070312,328519
2022-11-23,728.7000122070312,730.0,709.0,716.0,148840
2022-11-24,717.0,717.0,666.4500122070312,672.4000244140625,250106
2022-11-25,668.0,750.0,663.0499877929688,722.0499877929688,1010869
2022-11-28,720.0,726.75,707.2000122070312,713.7999877929688,233924
2022-11-29,713.0,765.0,706.6500244140625,744.2999877929688,591817
2022-11-30,731.0,787.0,723.1500244140625,760.0,913302
2022-12-01,769.2999877929688,790.3499755859375,737.0,745.9000244140625,871764
2022-12-02,749.9000244140625,752.9500122070312,720.8499755859375,727.2999877929688,501184
2022-12-05,725.9000244140625,743.0,716.3499755859375,735.5,260769
2022-12-06,734.7000122070312,751.4500122070312,721.0499877929688,728.75,280970
2022-12-07,731.9000244140625,731.9000244140625,692.0499877929688,696.3499755859375,378256
2022-12-08,696.2000122070312,737.0,688.0499877929688,722.9500122070312,479711
2022-12-09,729.7999877929688,734.7000122070312,704.0999755859375,716.9000244140625,323973
2022-12-12,718.5999755859375,730.1500244140625,702.0,710.7000122070312,372528
2022-12-13,709.9500122070312,719.6500244140625,704.1500244140625,709.0,185434
2022-12-14,712.0,750.0,707.0,741.9500122070312,731501
2022-12-15,737.0,788.0,730.0,770.25,658245
2022-12-16,765.0,810.0,755.0499877929688,802.8499755859375,1054727
2022-12-19,818.0,824.7999877929688,775.0,785.5999755859375,477726
2022-12-20,778.7999877929688,784.7999877929688,765.0,774.8499755859375,188730
2022-12-21,779.0499877929688,783.0,740.0999755859375,742.75,123844
2022-12-22,742.0999755859375,750.0,685.0,698.2000122070312,256161
2022-12-23,689.7000122070312,701.6500244140625,626.0499877929688,636.0999755859375,321349
2022-12-26,645.0,683.9500122070312,635.0999755859375,673.75,219544
2022-12-27,679.0,699.0,670.0999755859375,687.4000244140625,168287
2022-12-28,690.4500122070312,721.0,683.0999755859375,711.75,218575
2022-12-29,705.0999755859375,720.0,692.0,711.2000122070312,160218
2022-12-30,712.0,742.0,711.0499877929688,731.7000122070312,254021
2023-01-02,732.9500122070312,738.7000122070312,711.1500244140625,714.6500244140625,243031
2023-01-03,708.8499755859375,755.0,705.5999755859375,749.0499877929688,553398
2023-01-04,747.9000244140625,790.0,732.0499877929688,776.5499877929688,548036
2023-01-05,768.75,789.4500122070312,743.5499877929688,754.4500122070312,379136
2023-01-06,750.0,822.0,732.0,796.5499877929688,788015
2023-01-09,796.5999755859375,835.0,777.0,822.9500122070312,1011726
2023-01-10,815.0,819.9500122070312,782.5,801.9500122070312,429138
2023-01-11,806.4500122070312,830.5499877929688,795.4000244140625,822.2999877929688,383709
2023-01-12,820.0,830.9500122070312,807.0999755859375,815.0499877929688,357603
2023-01-13,817.3499755859375,819.5499877929688,793.5,802.1500244140625,163598
2023-01-16,805.1500244140625,820.0,795.0,808.8499755859375,140604
2023-01-17,807.9500122070312,827.9000244140625,799.5,821.25,259225
2023-01-18,817.0,850.0,810.0,832.25,406521
2023-01-19,816.0,887.6500244140625,815.0,849.4000244140625,732592
2023-01-20,841.25,890.0,836.9000244140625,875.4500122070312,733396
2023-01-23,882.7999877929688,883.9500122070312,823.3499755859375,834.2000122070312,617695
2023-01-24,829.2000122070312,865.0,815.7000122070312,856.9000244140625,624576
2023-01-25,855.0,867.7999877929688,836.1500244140625,849.7000122070312,331251
2023-01-27,853.8499755859375,853.8499755859375,827.0,841.7999877929688,187046
2023-01-30,833.9000244140625,847.4000244140625,822.0,836.2000122070312,196921
2023-01-31,826.0499877929688,889.5,826.0499877929688,874.0,612344
2023-02-01,877.0,885.8499755859375,837.0,848.4500122070312,295829
2023-02-02,851.4000244140625,918.0,843.2000122070312,898.3499755859375,451581
2023-02-03,900.0999755859375,977.0,865.75,946.8499755859375,1047556
2023-02-06,947.0,1029.699951171875,891.1500244140625,910.1500244140625,903771
2023-02-07,912.7999877929688,913.7000122070312,836.2000122070312,850.2000122070312,519550
2023-02-08,847.0,879.9500122070312,815.0,851.4000244140625,791937
2023-02-09,849.9500122070312,878.0,836.4000244140625,862.3499755859375,486312
2023-02-10,855.0,871.2000122070312,840.0999755859375,855.2000122070312,361165
2023-02-13,847.7000122070312,847.7000122070312,797.0,808.25,449600
2023-02-14,801.0,835.2000122070312,775.0,785.5999755859375,798053
2023-02-15,788.3499755859375,804.5,763.5499877929688,773.0,527668
2023-02-16,790.0,790.0,752.2999877929688,763.7000122070312,504698
2023-02-17,760.0,774.9000244140625,748.0499877929688,763.75,334114
2023-02-20,765.9000244140625,778.1500244140625,726.2999877929688,737.5999755859375,324908
2023-02-21,729.0,742.6500244140625,713.0999755859375,719.6500244140625,299623
2023-02-22,713.0,721.5,696.0999755859375,705.6500244140625,180711
2023-02-23,706.0499877929688,718.0,682.0,689.2999877929688,317679
2023-02-24,694.8499755859375,715.0,669.0,693.6500244140625,488041
2023-02-27,693.6500244140625,707.9500122070312,652.5,659.8499755859375,401517
2023-02-28,655.4500122070312,670.0,640.0999755859375,657.5499877929688,394924
2023-03-01,653.5,674.5999755859375,641.1500244140625,656.9000244140625,559092
2023-03-02,646.0499877929688,649.8499755859375,620.0999755859375,627.0,455094
2023-03-03,628.0,644.0999755859375,620.5499877929688,628.9000244140625,493513
2023-03-06,628.0,645.5,621.0,625.0,316366
2023-03-08,623.0,639.9500122070312,612.0,623.75,344611
2023-03-09,627.25,635.0999755859375,618.4000244140625,620.9500122070312,327736
2023-03-10,617.7999877929688,630.0,613.0999755859375,625.5499877929688,222266
2023-03-13,628.5,628.5499877929688,610.0,615.1500244140625,147800
2023-03-14,615.7000122070312,625.7999877929688,601.0,607.6500244140625,249371
2023-03-15,608.75,615.0,602.75,608.6500244140625,161985
2023-03-16,604.75,607.3499755859375,586.2000122070312,592.7000122070312,157644
2023-03-17,591.0,640.0,588.0,625.0499877929688,429063
2023-03-20,625.0499877929688,649.9500122070312,618.6500244140625,645.5499877929688,370173
2023-03-21,652.0,658.9500122070312,641.0499877929688,648.2999877929688,220791
2023-03-22,641.8499755859375,657.0,639.0,647.5,202666
2023-03-23,645.0,659.7000122070312,638.7000122070312,652.6500244140625,153952
2023-03-24,647.9500122070312,654.9000244140625,615.0,623.9000244140625,232546
2023-03-27,623.7999877929688,625.0,600.0,605.1500244140625,211373
2023-03-28,605.1500244140625,607.9000244140625,592.8499755859375,602.5,92313
2023-03-29,602.0,611.0,596.0499877929688,606.5,147771
2023-03-31,606.4000244140625,620.5999755859375,602.75,610.0999755859375,127092
2023-04-03,610.1500244140625,615.2000122070312,606.0,608.5,63201
2023-04-05,610.0,628.5,609.0499877929688,623.4500122070312,142259
2023-04-06,623.9500122070312,638.9000244140625,614.0,626.9500122070312,122823
2023-04-10,632.1500244140625,638.0,617.0,624.9500122070312,171892
2023-04-11,624.2999877929688,629.0,612.0999755859375,619.0499877929688,92582
2023-04-12,621.9500122070312,624.9500122070312,595.8499755859375,598.25,289183
2023-04-13,600.9500122070312,610.0,583.0,585.4000244140625,297450
2023-04-17,592.9000244140625,599.0,568.25,571.3499755859375,297051
2023-04-18,574.0,580.25,562.25,564.2999877929688,384351
2023-04-19,567.7000122070312,572.2000122070312,556.5,558.7999877929688,406391
2023-04-20,559.8499755859375,569.8499755859375,554.4000244140625,560.5,656371
2023-04-21,563.7000122070312,574.2000122070312,555.0,557.75,707146
2023-04-24,561.0999755859375,566.9500122070312,548.0,551.25,460685
2023-04-25,550.0,552.2000122070312,544.0,546.3499755859375,310078
2023-04-26,547.9000244140625,570.9000244140625,541.5999755859375,553.9000244140625,627699
2023-04-27,557.0,569.0,555.1500244140625,559.4000244140625,274432
2023-04-28,562.8499755859375,571.75,551.0,557.9500122070312,903629
2023-05-02,561.7000122070312,566.5,550.7999877929688,552.7999877929688,733500
2023-05-03,554.75,558.7000122070312,542.3499755859375,545.9000244140625,487790
2023-05-04,548.4500122070312,591.9000244140625,545.9000244140625,581.5999755859375,1072756
2023-05-05,583.0,605.0,581.0499877929688,594.7000122070312,446015
2023-05-08,596.25,596.25,575.0,590.5999755859375,359820
2023-05-09,587.0499877929688,596.0,577.5,589.0999755859375,291183
2023-05-10,586.0,610.0,578.6500244140625,602.75,534148
2023-05-11,607.0,619.7000122070312,596.0,614.6500244140625,485580
2023-05-12,613.75,617.5,601.6500244140625,606.7999877929688,354934
2023-05-15,605.8499755859375,607.0,592.25,596.6500244140625,285728
2023-05-16,598.4500122070312,609.7000122070312,589.0,592.2000122070312,514877
2023-05-17,595.0,595.0,579.7000122070312,582.3499755859375,391994
2023-05-18,584.9000244140625,584.9000244140625,570.0,572.5999755859375,135696
2023-05-19,574.4000244140625,585.0,565.0,579.9000244140625,175433
2023-05-22,579.9000244140625,579.9000244140625,570.4500122070312,572.9500122070312,104322
2023-05-23,572.9500122070312,585.0,570.5,582.8499755859375,313530
2023-05-24,583.75,583.75,555.0,556.7000122070312,615916
2023-05-25,559.7000122070312,566.6500244140625,557.1500244140625,561.5999755859375,286890
2023-05-26,557.0499877929688,577.4500122070312,557.0499877929688,572.0499877929688,280843
2023-05-29,574.0499877929688,586.0,558.0,560.25,800360
2023-05-30,565.9000244140625,570.0,554.2000122070312,555.7999877929688,476000
2023-05-31,559.5499877929688,569.2999877929688,551.25,555.4000244140625,581096
2023-06-01,558.4500122070312,564.75,552.0,552.5499877929688,474229
2023-06-02,556.4000244140625,584.0,554.3499755859375,578.9000244140625,1094373
2023-06-05,581.7999877929688,617.25,580.0,604.0499877929688,1176404
2023-06-06,604.25,618.0,594.9500122070312,602.8499755859375,980416
2023-06-07,605.0,610.0499877929688,585.0,585.5499877929688,1845977
2023-06-08,589.5,595.0,573.0,575.25,778862
2023-06-09,577.8499755859375,587.6500244140625,568.5,570.5999755859375,643875
2023-06-12,574.0,604.8499755859375,568.5999755859375,598.25,1164523
2023-06-13,600.0,614.9000244140625,576.0,577.3499755859375,2316027
2023-06-14,581.9000244140625,587.0,564.0,565.5,1155208
2023-06-15,568.9500122070312,614.0,566.6500244140625,606.0999755859375,2897427
2023-06-16,609.1500244140625,669.2999877929688,607.0999755859375,620.5499877929688,4112340
2023-06-19,639.0,639.8499755859375,564.4000244140625,566.4000244140625,5405384
2023-06-20,573.9500122070312,583.9500122070312,555.0499877929688,564.2999877929688,3279008
2023-06-21,568.1500244140625,576.0,553.0,555.25,4002774
2023-06-22,558.9500122070312,579.0,548.0,572.9500122070312,4551401
2023-06-23,574.3499755859375,590.0,542.0,544.6500244140625,5041368
2023-06-26,548.25,569.7999877929688,545.0999755859375,547.5499877929688,3813482
2023-06-27,550.0,557.9500122070312,542.0999755859375,544.4000244140625,3233244
2023-06-28,548.0,557.0,540.5999755859375,542.3499755859375,2373983
2023-06-30,546.1500244140625,554.9000244140625,545.7999877929688,547.4000244140625,2988591
2023-07-03,551.9500122070312,564.0,542.2000122070312,543.5499877929688,1771624
2023-07-04,546.9500122070312,553.0,514.2000122070312,528.25,2875495
2023-07-05,530.0,540.9000244140625,524.2000122070312,529.25,2290535
2023-07-06,532.7000122070312,543.3499755859375,526.0,529.2999877929688,3220336
2023-07-07,531.2000122070312,537.2999877929688,525.5,526.7000122070312,2001499
2023-07-10,530.0,539.7999877929688,520.0,522.1500244140625,2797716
2023-07-11,523.7999877929688,538.0,520.0,532.3499755859375,3737624
2023-07-12,535.0,545.0,525.2999877929688,526.7999877929688,3107101
2023-07-13,529.25,534.4500122070312,520.2000122070312,521.0999755859375,1848785
2023-07-14,524.4000244140625,530.0499877929688,514.9000244140625,525.3499755859375,1212202
2023-07-17,525.7000122070312,529.75,517.5999755859375,520.1500244140625,3273400
2023-07-18,523.0,526.9500122070312,506.1499938964844,509.45001220703125,1874965
2023-07-19,513.4500122070312,531.8499755859375,511.75,520.2000122070312,2533074
2023-07-20,521.4000244140625,524.5,514.5,516.1500244140625,1456056
2023-07-21,516.0,517.0,509.20001220703125,514.5499877929688,965305
2023-07-24,514.25,520.4500122070312,513.0,515.3499755859375,748191
2023-07-25,517.0,529.0,511.1000061035156,513.2000122070312,1580419
2023-07-26,514.0,519.2999877929688,510.6499938964844,512.0999755859375,1577736
2023-07-27,514.4000244140625,517.0,505.04998779296875,506.6000061035156,1044809
2023-07-28,507.3999938964844,514.8499755859375,504.1000061035156,511.75,1338979
2023-07-31,517.0999755859375,528.0,512.0499877929688,519.0999755859375,1949382
2023-08-01,522.0999755859375,533.7000122070312,515.2000122070312,516.4000244140625,2747196
2023-08-02,516.4000244140625,519.0,507.54998779296875,511.1000061035156,1425412
2023-08-03,511.1000061035156,519.9500122070312,510.20001220703125,513.0999755859375,1662201
2023-08-04,515.9000244140625,519.5,507.79998779296875,509.0,1837751
2023-08-07,510.5,520.0,503.6499938964844,516.75,1690464
2023-08-08,523.0,530.0,513.9500122070312,521.75,4004376
2023-08-09,524.0499877929688,544.0,514.75,524.4000244140625,4842227
2023-08-10,526.4000244140625,528.5,517.5999755859375,522.8499755859375,3085475
2023-08-11,522.9000244140625,528.9000244140625,519.4000244140625,526.8499755859375,870805
2023-08-14,529.7000122070312,529.7000122070312,517.5,520.0499877929688,706094
2023-08-16,522.0,529.9500122070312,521.4500122070312,525.9000244140625,881412
2023-08-17,529.25,548.9500122070312,528.0,544.5,1751556
2023-08-18,548.7999877929688,557.0,545.0999755859375,547.7999877929688,1197794
2023-08-21,551.2999877929688,560.0,526.5999755859375,530.5499877929688,3393348
2023-08-22,532.0,536.7000122070312,516.0,520.75,2948275
2023-08-23,522.0,529.5,512.5499877929688,517.5,2377242
2023-08-24,519.7999877929688,524.0499877929688,514.5,515.75,1329902
2023-08-25,514.4500122070312,518.3499755859375,511.1000061035156,514.1500244140625,632040
2023-08-28,514.9500122070312,517.5,503.0,505.20001220703125,2103936
2023-08-29,507.5,512.0,486.0,487.3500061035156,2982111
2023-08-30,492.0,498.8999938964844,482.6000061035156,493.1499938964844,2999131
2023-08-31,496.75,508.8999938964844,495.25,499.04998779296875,1354218
2023-09-01,500.79998779296875,503.5,498.3500061035156,500.04998779296875,565885
2023-09-04,504.8999938964844,512.9500122070312,504.70001220703125,511.04998779296875,683429
2023-09-05,512.7000122070312,518.9500122070312,511.0,512.8499755859375,561055
2023-09-06,516.0,518.5,509.8500061035156,513.0,512577
2023-09-07,512.5999755859375,516.9000244140625,510.25,515.6500244140625,464193
2023-09-08,517.9000244140625,520.9000244140625,516.1500244140625,518.1500244140625,495467
2023-09-11,520.0,524.7999877929688,520.0,522.7000122070312,464869
2023-09-12,525.4000244140625,527.7999877929688,506.1000061035156,508.95001220703125,979227
2023-09-13,508.0,514.4500122070312,502.29998779296875,506.95001220703125,482741
2023-09-14,508.8999938964844,517.7999877929688,508.5,513.9500122070312,504540
2023-09-15,515.4000244140625,533.0,513.5,528.8499755859375,1115611
2023-09-18,528.9500122070312,530.0,521.5999755859375,526.2999877929688,489718
2023-09-20,524.0,524.0,513.0,514.2000122070312,428770
2023-09-21,513.0,517.4500122070312,506.3999938964844,508.6499938964844,363047
2023-09-22,509.70001220703125,513.4500122070312,506.29998779296875,510.75,251495
2023-09-25,511.0,514.9500122070312,503.5,504.20001220703125,410113
2023-09-26,505.20001220703125,511.8999938964844,505.20001220703125,507.1000061035156,277349
2023-09-27,509.1499938964844,512.0,504.3500061035156,505.70001220703125,236652
2023-09-28,507.25,507.70001220703125,503.0,503.5,270917
2023-09-29,505.0,505.5,501.0,502.1000061035156,316710
2023-10-03,502.1000061035156,503.75,496.0,498.0,241860
2023-10-04,497.5,505.95001220703125,496.29998779296875,500.75,263233
2023-10-05,503.29998779296875,505.3999938964844,497.0,498.0,193026
2023-10-06,499.95001220703125,509.8500061035156,496.0,496.95001220703125,1653434
2023-10-09,496.0,496.0,476.3500061035156,478.20001220703125,1491350
2023-10-10,481.79998779296875,485.8500061035156,465.1499938964844,469.25,2175336
2023-10-11,471.3999938964844,479.75,460.04998779296875,464.04998779296875,2014589
2023-10-12,466.70001220703125,477.20001220703125,453.95001220703125,455.70001220703125,5077045
2023-10-13,455.70001220703125,469.70001220703125,444.79998779296875,445.6000061035156,5366196
2023-10-16,447.0,466.20001220703125,447.0,454.70001220703125,5083077
2023-10-17,463.0,473.0,454.6000061035156,456.70001220703125,4954282
2023-10-18,460.0,465.79998779296875,443.0,448.3500061035156,4760490
2023-10-19,450.0,458.8999938964844,445.6000061035156,447.70001220703125,4815787
2023-10-20,448.25,458.79998779296875,433.20001220703125,436.95001220703125,6423537
2023-10-23,440.04998779296875,446.0,429.95001220703125,431.70001220703125,1141056
2023-10-25,436.6000061035156,438.6499938964844,417.04998779296875,418.79998779296875,1216681
2023-10-26,418.5,447.5,413.5,444.5,2897144
2023-10-27,446.70001220703125,454.70001220703125,444.1499938964844,453.0,1384963
2023-10-30,455.0,455.04998779296875,438.20001220703125,440.25,598918
2023-10-31,444.95001220703125,452.1499938964844,440.04998779296875,448.6499938964844,515526
2023-11-01,452.0,452.1000061035156,438.0,438.79998779296875,412183
2023-11-02,442.20001220703125,444.25,439.1499938964844,440.75,330354
2023-11-03,441.5,442.6499938964844,437.0,437.75,348517
2023-11-06,439.3999938964844,439.95001220703125,433.04998779296875,434.25,329771
2023-11-07,434.95001220703125,440.75,432.5,438.8999938964844,351051
2023-11-08,439.3999938964844,441.0,435.1000061035156,436.1000061035156,308160
2023-11-09,436.0,437.45001220703125,428.5,429.95001220703125,360791
2023-11-10,431.0,436.25,429.54998779296875,434.6000061035156,209949
2023-11-13,443.95001220703125,444.0,435.54998779296875,438.70001220703125,360715
2023-11-15,410.95001220703125,420.70001220703125,402.0,403.3999938964844,3573499
2023-11-16,407.0,409.0,391.0,392.6499938964844,2534104
2023-11-17,389.0,389.0,376.1499938964844,377.8999938964844,1996352
2023-11-20,370.5,374.0,334.04998779296875,351.95001220703125,9348918
2023-11-21,354.8999938964844,370.8999938964844,354.04998779296875,357.79998779296875,3657585
2023-11-22,360.0,365.20001220703125,343.79998779296875,347.20001220703125,2130516
2023-11-23,349.79998779296875,358.04998779296875,340.0,355.0,1957354
2023-11-24,355.0,358.54998779296875,352.0,353.54998779296875,628675
2023-11-28,353.54998779296875,355.0,345.0,345.8999938964844,866271
2023-11-29,347.95001220703125,349.3999938964844,341.75,343.1499938964844,882608
2023-11-30,345.79998779296875,362.0,344.6000061035156,353.1000061035156,2154634
2023-12-01,353.1499938964844,358.20001220703125,351.54998779296875,355.1000061035156,728549
2023-12-04,361.0,365.5,357.70001220703125,360.6499938964844,774280
2023-12-05,363.25,363.6000061035156,354.0,355.8500061035156,832898
2023-12-06,355.5,358.95001220703125,346.5,347.29998779296875,2620347
2023-12-07,349.3500061035156,359.54998779296875,345.45001220703125,354.5,1038662
2023-12-08,356.3500061035156,360.95001220703125,353.1499938964844,357.70001220703125,644702
2023-12-11,359.3999938964844,360.3999938964844,356.1000061035156,357.6499938964844,486539
2023-12-12,358.04998779296875,360.45001220703125,352.29998779296875,354.3999938964844,488555
2023-12-13,358.0,358.0,348.5,351.79998779296875,585856
2023-12-14,355.0,355.0,349.5,350.3999938964844,470251
2023-12-15,353.0,374.20001220703125,351.1499938964844,366.1000061035156,1604330
2023-12-18,377.20001220703125,402.0,372.6499938964844,388.45001220703125,6594516
2023-12-19,391.0,402.6000061035156,382.29998779296875,384.8999938964844,2446749
2023-12-20,384.6000061035156,384.6000061035156,353.0,355.6000061035156,5850743
2023-12-21,358.95001220703125,361.1000061035156,346.5,347.79998779296875,4703406
2023-12-22,352.79998779296875,362.6000061035156,351.04998779296875,359.1499938964844,1587459
2023-12-26,362.8999938964844,363.5,356.20001220703125,361.0,739232
2023-12-27,362.0,364.3999938964844,359.0,360.79998779296875,659573
2023-12-28,361.0,368.25,361.0,364.20001220703125,668219
2023-12-29,364.3999938964844,367.3999938964844,359.0,366.54998779296875,506704
2024-01-01,367.0,379.6499938964844,366.6499938964844,377.5,1160006
2024-01-02,379.8500061035156,379.8500061035156,368.5,372.8999938964844,717289
2024-01-03,373.0,376.0,370.0,372.6000061035156,630828
2024-01-04,374.8500061035156,375.25,370.6000061035156,371.3500061035156,605841
2024-01-05,373.8999938964844,379.70001220703125,371.6000061035156,374.45001220703125,733452
2024-01-08,375.3999938964844,377.45001220703125,369.20001220703125,370.3999938964844,487656
2024-01-09,374.0,379.70001220703125,372.0,374.54998779296875,710032
2024-01-10,374.54998779296875,376.0,367.29998779296875,369.6000061035156,548275
2024-01-11,371.6000061035156,374.0,369.0,370.25,484620
2024-01-12,371.5,373.45001220703125,370.0,370.54998779296875,371122
2024-01-15,374.54998779296875,374.54998779296875,369.0,369.54998779296875,345977
2024-01-16,370.0,371.79998779296875,363.8500061035156,366.79998779296875,460364
2024-01-17,364.0,364.45001220703125,354.0,359.79998779296875,501197
2024-01-18,359.3500061035156,360.3999938964844,349.5,355.3500061035156,587001
2024-01-19,357.1499938964844,367.70001220703125,356.3500061035156,362.04998779296875,456139
2024-01-23,364.1499938964844,368.5,353.1499938964844,355.79998779296875,572390
2024-01-24,356.79998779296875,357.8500061035156,351.04998779296875,355.3500061035156,401424
2024-01-25,355.95001220703125,357.0,350.5,351.3500061035156,452939
2024-01-29,352.79998779296875,354.54998779296875,351.0,351.54998779296875,377083
2024-01-30,352.3999938964844,362.70001220703125,352.0,355.0,498988
2024-01-31,355.0,366.79998779296875,354.1000061035156,365.6000061035156,705240
2024-02-01,367.20001220703125,367.79998779296875,356.1000061035156,357.70001220703125,441740
2024-02-02,358.79998779296875,360.75,352.20001220703125,353.0,457703
2024-02-05,353.0,354.79998779296875,350.0,350.25,458071
2024-02-06,350.5,352.5,347.1000061035156,350.45001220703125,356539
2024-02-07,353.0,353.5,348.54998779296875,350.25,384255
2024-02-08,353.0,353.0,347.20001220703125,348.3999938964844,371468
2024-02-09,350.3999938964844,356.75,348.0,349.5,419720
2024-02-12,349.5,352.75,341.0,342.6000061035156,480228
2024-02-13,342.0,343.70001220703125,329.20001220703125,333.8500061035156,822433
2024-02-14,333.8999938964844,343.0,330.3500061035156,336.8500061035156,598467
2024-02-15,300.29998779296875,318.0,300.29998779296875,311.45001220703125,3161404
2024-02-16,313.95001220703125,315.8999938964844,303.0,303.8999938964844,1280527
2024-02-19,306.0,354.29998779296875,305.0,344.25,8194212
2024-02-20,342.0,359.79998779296875,337.04998779296875,345.75,2991562
2024-02-21,347.3999938964844,347.5,330.29998779296875,332.70001220703125,1522092
2024-02-22,334.0,338.95001220703125,327.0,334.3999938964844,904070
2024-02-23,334.70001220703125,336.1499938964844,330.1499938964844,331.6000061035156,499958
2024-02-26,332.95001220703125,334.6000061035156,326.3999938964844,329.6499938964844,509822
2024-02-27,329.6499938964844,331.79998779296875,322.3999938964844,324.25,537531
2024-02-28,323.0,325.3999938964844,311.04998779296875,313.1000061035156,692339
2024-02-29,314.1000061035156,316.29998779296875,307.0,308.45001220703125,873190
2024-03-01,312.0,315.8999938964844,310.54998779296875,311.95001220703125,380286
2024-03-04,323.0,324.8999938964844,312.0,313.29998779296875,455153
2024-03-05,314.70001220703125,328.3999938964844,312.20001220703125,325.70001220703125,1152953
2024-03-06,327.0,330.75,318.20001220703125,329.6499938964844,1008835
2024-03-07,327.0,327.79998779296875,316.0,317.70001220703125,697478
2024-03-11,318.0,319.79998779296875,310.0,311.25,630649
2024-03-12,313.79998779296875,313.79998779296875,304.0,305.0,610046
2024-03-13,307.20001220703125,307.70001220703125,283.0,286.8999938964844,1675000
2024-03-14,296.8999938964844,296.8999938964844,280.0,281.20001220703125,1547978
2024-03-15,283.3500061035156,299.0,280.3500061035156,289.29998779296875,1497413
2024-03-18,293.1000061035156,305.5,292.1000061035156,293.1000061035156,1141976
2024-03-19,293.1000061035156,293.8999938964844,287.0,287.8500061035156,436174
2024-03-20,287.8500061035156,293.54998779296875,282.1000061035156,283.45001220703125,474931
2024-03-21,285.1000061035156,291.0,285.1000061035156,286.54998779296875,477803
2024-03-22,286.70001220703125,288.95001220703125,282.0,284.75,539931
2024-03-26,284.95001220703125,286.20001220703125,278.0,279.45001220703125,922859
2024-03-27,280.0,284.0,267.20001220703125,269.29998779296875,1801597
2024-03-28,270.25,276.6499938964844,261.0,263.54998779296875,1661689
2024-04-01,267.0,291.70001220703125,265.8999938964844,289.0,2031448
2024-04-02,289.0,293.45001220703125,285.0,291.3500061035156,894466
2024-04-03,292.8999938964844,295.95001220703125,289.3500061035156,293.70001220703125,584799
2024-04-04,295.0,309.95001220703125,294.95001220703125,308.04998779296875,1464822
2024-04-05,309.0,312.6000061035156,304.54998779296875,307.45001220703125,923797
2024-04-08,310.0,313.75,302.5,304.3999938964844,532168
2024-04-09,306.8500061035156,310.79998779296875,301.54998779296875,306.95001220703125,531215
2024-04-10,309.8500061035156,310.0,303.04998779296875,304.1000061035156,363372
2024-04-12,305.0,306.0,296.1499938964844,298.3999938964844,506566
2024-04-15,290.04998779296875,295.3500061035156,284.54998779296875,291.5,559442
2024-04-16,293.0,295.70001220703125,287.54998779296875,290.1499938964844,633587
2024-04-18,290.0,299.54998779296875,290.0,292.25,350929
2024-04-19,285.04998779296875,290.5,284.8500061035156,286.3500061035156,558899
2024-04-22,291.0,294.6000061035156,290.0,292.6499938964844,292514
2024-04-23,294.1000061035156,305.20001220703125,291.75,295.6499938964844,642770
2024-04-24,298.0,325.70001220703125,297.75,317.25,4000248
2024-04-25,318.3999938964844,324.8999938964844,314.54998779296875,319.3500061035156,920166
2024-04-26,315.0,322.5,315.0,318.8500061035156,512625
2024-04-29,322.5,332.95001220703125,320.0,321.1499938964844,929107
2024-04-30,322.45001220703125,323.79998779296875,315.25,317.3500061035156,381928
2024-05-02,319.6000061035156,319.8999938964844,310.0,312.8500061035156,368952
2024-05-03,315.0,315.04998779296875,308.25,309.6000061035156,326180
2024-05-06,310.04998779296875,311.1000061035156,298.04998779296875,301.25,532880
2024-05-07,302.54998779296875,305.79998779296875,295.3999938964844,300.70001220703125,329927
2024-05-08,302.6499938964844,304.5,293.5,296.70001220703125,334529
2024-05-09,298.8999938964844,298.95001220703125,290.0,292.54998779296875,313087
2024-05-10,292.1499938964844,306.45001220703125,289.04998779296875,304.3500061035156,512493
2024-05-13,307.1499938964844,309.70001220703125,295.0,297.0,565315
2024-05-14,300.20001220703125,304.0,296.5,299.20001220703125,238532
2024-05-15,299.5,305.45001220703125,299.3999938964844,301.70001220703125,257126
2024-05-16,303.0,307.3999938964844,300.0,300.6499938964844,273663
2024-05-17,302.0,304.6499938964844,300.6499938964844,303.3500061035156,157871
2024-05-21,303.25,303.25,298.5,299.95001220703125,241450
2024-05-22,302.0,303.0,298.04998779296875,301.25,224918
2024-05-23,302.79998779296875,306.95001220703125,301.3999938964844,302.45001220703125,302541
2024-05-24,303.79998779296875,306.6000061035156,300.6499938964844,302.75,244149
2024-05-27,304.95001220703125,306.5,299.95001220703125,301.70001220703125,252746
2024-05-28,301.70001220703125,303.3500061035156,299.54998779296875,301.3500061035156,190942
2024-05-29,301.3500061035156,305.25,299.0,300.0,267255
2024-05-30,298.54998779296875,303.3500061035156,297.0,299.3500061035156,274261
2024-05-31,291.6000061035156,302.0,282.45001220703125,296.5,1933341
2024-06-03,300.0,303.95001220703125,287.29998779296875,288.3500061035156,626947
2024-06-04,290.0,291.8500061035156,262.3999938964844,269.1499938964844,782015
2024-06-05,273.0,280.0,269.1499938964844,277.70001220703125,424490
2024-06-06,280.0,285.0,270.0,270.3999938964844,1772142
2024-06-07,273.70001220703125,283.70001220703125,272.04998779296875,279.54998779296875,756284
2024-06-10,283.0,286.6000061035156,280.79998779296875,282.1499938964844,438646
2024-06-11,284.0,287.0,282.95001220703125,284.6000061035156,382669
2024-06-12,287.0,289.3500061035156,285.0,285.70001220703125,358462
2024-06-13,286.0,288.75,284.75,287.25,250475
2024-06-14,287.70001220703125,294.0,287.70001220703125,290.8999938964844,468846
2024-06-18,294.0,294.6000061035156,286.1000061035156,287.3500061035156,470908
2024-06-19,289.20001220703125,290.20001220703125,284.04998779296875,287.3500061035156,312520
2024-06-20,287.70001220703125,292.5,286.6499938964844,289.79998779296875,325786
2024-06-21,292.0,298.25,286.20001220703125,288.70001220703125,888066
2024-06-24,286.5,288.6499938964844,284.45001220703125,286.3999938964844,308072
2024-06-25,286.8999938964844,289.3500061035156,285.6000061035156,286.29998779296875,224748
2024-06-26,285.0,288.1000061035156,284.0,285.8999938964844,264663
2024-06-27,287.5,287.70001220703125,280.04998779296875,280.6499938964844,393145
2024-06-28,281.0,285.54998779296875,280.5,282.1000061035156,258997
2024-07-01,284.1000061035156,288.8999938964844,281.75,285.75,361910
2024-07-02,287.45001220703125,288.0,283.3500061035156,284.25,245778
2024-07-03,286.3500061035156,291.54998779296875,284.75,287.75,336521
2024-07-04,289.54998779296875,290.5,287.25,288.45001220703125,229548
2024-07-05,288.0,288.75,285.95001220703125,287.1000061035156,234397
2024-07-08,288.6499938964844,289.70001220703125,284.0,284.70001220703125,211572
2024-07-09,287.0,289.8999938964844,285.5,286.3999938964844,238906
2024-07-10,286.3999938964844,329.45001220703125,286.0,315.3500061035156,22800345
2024-07-11,317.95001220703125,326.95001220703125,312.04998779296875,314.75,3890921
2024-07-12,312.04998779296875,319.95001220703125,309.1499938964844,311.1499938964844,1282562
2024-07-15,311.54998779296875,313.04998779296875,304.6000061035156,306.1000061035156,688188
2024-07-16,306.0,312.29998779296875,304.54998779296875,309.5,549437
2024-07-18,308.04998779296875,324.8999938964844,305.0,309.95001220703125,1866954
2024-07-19,317.3999938964844,317.3999938964844,300.0,300.8999938964844,648606
2024-07-22,296.0,300.8999938964844,293.6499938964844,297.6499938964844,341866
2024-07-23,302.3999938964844,322.20001220703125,298.5,316.04998779296875,6778592
2024-07-24,324.0,332.5,315.3500061035156,318.1499938964844,2680098
2024-07-25,315.04998779296875,321.0,314.20001220703125,316.5,530642
2024-07-26,316.20001220703125,317.70001220703125,312.29998779296875,313.54998779296875,397982
2024-07-29,315.0,322.6000061035156,314.0,315.3500061035156,498638
2024-07-30,315.0,318.6499938964844,314.04998779296875,315.70001220703125,286324
2024-07-31,317.6000061035156,317.75,314.0,314.6499938964844,324220
2024-08-01,315.0,315.70001220703125,307.20001220703125,308.45001220703125,402183
2024-08-02,304.45001220703125,307.8500061035156,303.29998779296875,304.70001220703125,331530
2024-08-05,298.0,301.8500061035156,292.29998779296875,293.6499938964844,681092
2024-08-06,295.0,301.5,286.54998779296875,289.79998779296875,429741
2024-08-07,292.0,297.70001220703125,291.8999938964844,295.29998779296875,320610
2024-08-08,295.8999938964844,298.95001220703125,294.3500061035156,296.1000061035156,319386
2024-08-09,297.95001220703125,298.54998779296875,293.70001220703125,294.6499938964844,209289
2024-08-12,294.20001220703125,297.8500061035156,291.3500061035156,295.45001220703125,294162
2024-08-13,300.0,300.8500061035156,293.04998779296875,294.6000061035156,269164
2024-08-14,296.0,299.8999938964844,292.1000061035156,295.6000061035156,246826
2024-08-16,290.0,294.29998779296875,288.04998779296875,289.5,530488
2024-08-19,291.29998779296875,299.45001220703125,290.95001220703125,293.3999938964844,475959
2024-08-20,295.6000061035156,297.3999938964844,292.79998779296875,294.04998779296875,308395
2024-08-21,294.04998779296875,298.04998779296875,293.25,293.95001220703125,278066
2024-08-22,296.3999938964844,309.54998779296875,296.04998779296875,298.29998779296875,1550254
2024-08-23,300.20001220703125,305.3999938964844,297.1000061035156,300.0,630749
2024-08-26,301.6000061035156,303.20001220703125,292.0,292.6499938964844,638844
2024-08-27,293.04998779296875,298.0,292.75,295.45001220703125,290209
2024-08-28,296.20001220703125,306.95001220703125,291.29998779296875,293.25,1713540
2024-08-29,294.70001220703125,296.5,292.5,295.1499938964844,365514
2024-08-30,297.04998779296875,297.04998779296875,292.0,292.95001220703125,280690
2024-09-02,295.29998779296875,295.29998779296875,291.6000061035156,292.3500061035156,312550
2024-09-03,293.45001220703125,294.79998779296875,292.3999938964844,293.6499938964844,255998
2024-09-04,293.1000061035156,298.0,292.04998779296875,293.20001220703125,370005
2024-09-05,296.0,299.95001220703125,294.1499938964844,296.6499938964844,579760
2024-09-06,297.0,302.95001220703125,290.54998779296875,292.54998779296875,798748
2024-09-09,292.6000061035156,293.79998779296875,289.0,290.1000061035156,332895
2024-09-10,292.1000061035156,294.20001220703125,291.1499938964844,293.20001220703125,219857
2024-09-11,294.5,294.6499938964844,289.04998779296875,289.8500061035156,225308
2024-09-12,291.75,291.8500061035156,289.29998779296875,290.25,177336
2024-09-13,292.29998779296875,299.95001220703125,292.0,295.8999938964844,937580
2024-09-16,298.0,300.95001220703125,294.0,296.1499938964844,442559
2024-09-17,297.5,297.54998779296875,292.1000061035156,293.1000061035156,205735
2024-09-18,293.6499938964844,294.6499938964844,289.0,290.25,297425
2024-09-19,290.54998779296875,293.8999938964844,285.45001220703125,289.75,421156
2024-09-20,290.0,290.0,281.3500061035156,283.6000061035156,1071993
2024-09-23,286.0,293.29998779296875,285.29998779296875,289.6000061035156,510713
2024-09-24,290.1000061035156,299.0,290.1000061035156,292.8999938964844,493291
2024-09-25,294.29998779296875,294.29998779296875,287.70001220703125,288.3999938964844,312283
2024-09-26,289.95001220703125,289.95001220703125,287.0,287.70001220703125,210960
2024-09-27,288.20001220703125,290.70001220703125,287.3500061035156,288.04998779296875,242860
2024-09-30,287.8999938964844,291.0,283.5,290.29998779296875,314899
2024-10-01,291.5,292.95001220703125,288.29998779296875,289.8500061035156,308439
2024-10-03,284.5,288.79998779296875,282.29998779296875,283.45001220703125,362815
2024-10-04,283.0,284.6499938964844,277.1000061035156,281.45001220703125,385454
2024-10-07,283.20001220703125,286.8999938964844,270.5,271.25,415019
2024-10-08,271.25,275.8999938964844,269.70001220703125,275.1000061035156,219820
2024-10-09,274.0,279.6499938964844,274.0,277.8999938964844,230905
2024-10-10,278.0,281.54998779296875,276.1000061035156,276.8500061035156,163783
2024-10-11,278.0,298.5,276.8500061035156,291.45001220703125,3032061
2024-10-14,291.8500061035156,294.25,286.6000061035156,290.70001220703125,524853
2024-10-15,290.1499938964844,290.1499938964844,283.6499938964844,284.70001220703125,244141
2024-10-16,284.04998779296875,284.54998779296875,278.70001220703125,280.75,279987
2024-10-17,281.3999938964844,288.3999938964844,280.1000061035156,280.8999938964844,404401
2024-10-18,278.0,280.95001220703125,275.3500061035156,279.79998779296875,236455
2024-10-21,279.1000061035156,281.8500061035156,273.0,273.3500061035156,288948
2024-10-22,275.45001220703125,276.8500061035156,262.0,264.20001220703125,405213
2024-10-23,262.95001220703125,269.3999938964844,236.1999969482422,242.6999969482422,2889300
2024-10-24,249.10000610351562,257.79998779296875,247.85000610351562,248.85000610351562,1789711
2024-10-25,250.75,251.14999389648438,236.9499969482422,238.35000610351562,820325
2024-10-28,242.3000030517578,245.10000610351562,235.39999389648438,242.5,561226
2024-10-29,243.4499969482422,246.1999969482422,241.60000610351562,244.75,286106
2024-10-30,246.0,252.5,243.6999969482422,251.3000030517578,310078
2024-10-31,251.0,258.8500061035156,250.0500030517578,257.70001220703125,357423
2024-11-01,258.3500061035156,263.6000061035156,258.3500061035156,262.04998779296875,119585
2024-11-04,262.29998779296875,263.8500061035156,250.89999389648438,254.35000610351562,416948
2024-11-05,252.0,261.5,252.0,259.1000061035156,312482
2024-11-06,261.0,264.29998779296875,258.8999938964844,262.3999938964844,269387
2024-11-07,264.95001220703125,267.8500061035156,261.70001220703125,264.79998779296875,234289
2024-11-08,266.0,266.1000061035156,258.5,259.3999938964844,217079
2024-11-11,258.79998779296875,258.8500061035156,250.89999389648438,252.64999389648438,366842
2024-11-12,253.0,256.29998779296875,245.0,246.85000610351562,344215
2024-11-13,247.10000610351562,247.8000030517578,232.60000610351562,234.10000610351562,817264
2024-11-14,235.0,239.9499969482422,233.39999389648438,235.5,482141
2024-11-18,239.0,252.35000610351562,236.5,238.6999969482422,1659889
2024-11-19,240.0,243.39999389648438,235.60000610351562,237.1999969482422,499567
2024-11-21,237.1999969482422,237.3000030517578,231.39999389648438,232.75,447238
2024-11-22,235.10000610351562,235.9499969482422,231.35000610351562,234.14999389648438,308286
2024-11-25,244.1999969482422,244.1999969482422,234.1999969482422,235.0,390438
2024-11-26,237.0,237.60000610351562,229.25,229.9499969482422,579478
2024-11-27,231.89999389648438,241.9499969482422,229.8000030517578,236.1999969482422,833113
2024-11-28,236.1999969482422,240.5,234.1999969482422,236.10000610351562,421750
2024-11-29,234.0,239.14999389648438,234.0,237.75,471072
2024-12-02,237.6999969482422,238.9499969482422,234.0,234.52000427246094,488667
2024-12-03,236.39999389648438,240.74000549316406,232.82000732421875,235.6699981689453,883177
2024-12-04,236.8000030517578,240.8000030517578,228.60000610351562,232.58999633789062,1608891
2024-12-05,228.61000061035156,237.3800048828125,228.5500030517578,235.72000122070312,1419094
2024-12-06,237.1999969482422,238.3800048828125,235.00999450683594,235.99000549316406,449440
2024-12-09,237.10000610351562,249.0,236.5500030517578,247.39999389648438,1610172
2024-12-10,248.64999389648438,248.85000610351562,241.0,242.35000610351562,614419
2024-12-11,244.3000030517578,244.63999938964844,239.00999450683594,239.80999755859375,391084
2024-12-12,240.5,241.36000061035156,236.0,236.9199981689453,318365
2024-12-13,238.14999389648438,239.0,232.74000549316406,237.6199951171875,401737
2024-12-16,240.5,242.64999389648438,238.50999450683594,240.2899932861328,349190
2024-12-17,241.4499969482422,242.0500030517578,236.0,236.5800018310547,285916
2024-12-18,238.0,239.30999755859375,233.0,233.49000549316406,315694
2024-12-19,230.0500030517578,233.39999389648438,229.91000366210938,231.60000610351562,241829
2024-12-20,232.0,238.5,226.8000030517578,235.97999572753906,759777
2024-12-23,236.24000549316406,237.35000610351562,229.0,230.33999633789062,379490
2024-12-24,231.5,231.5,228.11000061035156,228.91000366210938,235804
2024-12-26,236.99000549316406,261.79998779296875,224.8699951171875,235.80999755859375,21989954
2024-12-27,236.0,241.5,233.67999267578125,234.5500030517578,1064194
2024-12-30,234.0,234.33999633789062,229.0500030517578,229.7100067138672,519461
2024-12-31,229.7100067138672,232.66000366210938,228.17999267578125,230.6199951171875,459380
2025-01-01,231.8000030517578,234.1999969482422,230.5,232.74000549316406,396005
2025-01-02,234.0,235.5,230.8000030517578,231.89999389648438,430593
2025-01-03,232.99000549316406,234.6999969482422,231.97000122070312,232.67999267578125,311840
2025-01-06,232.5,233.99000549316406,222.17999267578125,223.02000427246094,574652
2025-01-07,224.10000610351562,227.77999877929688,222.30999755859375,227.0800018310547,370011
2025-01-08,228.0,228.25,223.0,224.47999572753906,357056
2025-01-09,226.0,226.4499969482422,221.00999450683594,222.2100067138672,185245
2025-01-10,223.35000610351562,223.35000610351562,216.10000610351562,217.4600067138672,325534
2025-01-13,212.0,216.47000122070312,203.64999389648438,204.42999267578125,746492
2025-01-14,205.99000549316406,215.89999389648438,205.99000549316406,214.35000610351562,608635
2025-01-15,215.0,215.0,210.10000610351562,211.1999969482422,305147
2025-01-16,211.1999969482422,214.89999389648438,210.5,211.33999633789062,349856
2025-01-17,211.3000030517578,212.39999389648438,208.00999450683594,209.25999450683594,348857
2025-01-20,209.9499969482422,211.38999938964844,208.6999969482422,209.5800018310547,355321
2025-01-21,210.64999389648438,212.22000122070312,205.3000030517578,206.33999633789062,327514
2025-01-22,207.0,207.35000610351562,200.0,201.82000732421875,570409
2025-01-23,202.85000610351562,203.3000030517578,200.0,200.4600067138672,357609
2025-01-24,202.58999633789062,202.58999633789062,196.5,197.14999389648438,401587
2025-01-27,197.0,197.0,188.0,191.44000244140625,526545
2025-01-28,190.38999938964844,192.38999938964844,183.2100067138672,187.0500030517578,577781
2025-01-29,187.0500030517578,194.72999572753906,187.0500030517578,189.13999938964844,455628
2025-01-30,189.13999938964844,191.5,185.0500030517578,185.58999633789062,414263
2025-01-31,186.39999389648438,189.60000610351562,184.9600067138672,186.7899932861328,771417
2025-02-01,186.0,194.2899932861328,184.25,185.57000732421875,717842
2025-02-03,182.0500030517578,188.75,182.0500030517578,184.0,412987
2025-02-04,183.0,187.35000610351562,182.97999572753906,186.8300018310547,668514
2025-02-05,186.89999389648438,190.25999450683594,185.0,185.3800048828125,549996
2025-02-06,186.35000610351562,198.5800018310547,185.58999633789062,193.52999877929688,5109057
2025-02-07,192.47000122070312,192.9499969482422,180.52999877929688,181.3699951171875,2056824
2025-02-10,177.35000610351562,180.47000122070312,176.39999389648438,179.14999389648438,710276
2025-02-11,180.0500030517578,180.35000610351562,171.10000610351562,172.5,666324
2025-02-12,171.5500030517578,172.88999938964844,163.83999633789062,167.6999969482422,898038
2025-02-13,166.8000030517578,170.44000244140625,163.83999633789062,165.02000427246094,562573
2025-02-14,164.1300048828125,165.61000061035156,156.8000030517578,158.64999389648438,652943
2025-02-17,157.10000610351562,159.49000549316406,154.25999450683594,156.39999389648438,719014
2025-02-18,157.02999877929688,164.3000030517578,157.02999877929688,159.3300018310547,1906525
2025-02-19,159.0,165.8000030517578,157.52000427246094,164.5800018310547,681758
2025-02-20,163.67999267578125,189.0,163.00999450683594,185.8800048828125,12167169
2025-02-21,183.85000610351562,187.67999267578125,181.5,185.22000122070312,1684438
2025-02-24,182.9199981689453,182.9199981689453,172.64999389648438,174.50999450683594,2365791
2025-02-25,174.0,177.08999633789062,168.5,169.55999755859375,828251
2025-02-27,169.60000610351562,171.57000732421875,162.22000122070312,164.8800048828125,782348
2025-02-28,164.5,164.55999755859375,157.9600067138672,159.22000122070312,644121
2025-03-03,160.5500030517578,161.72999572753906,152.89999389648438,157.9199981689453,789822
2025-03-04,156.0,161.9499969482422,155.2100067138672,160.1300048828125,520835
2025-03-05,160.89999389648438,163.85000610351562,159.02000427246094,163.27999877929688,410941
2025-03-06,165.50999450683594,168.89999389648438,163.0,163.80999755859375,480985
2025-03-07,162.89999389648438,164.75,160.1999969482422,160.9600067138672,559486
2025-03-10,160.4499969482422,164.42999267578125,157.17999267578125,158.13999938964844,492501
2025-03-11,155.00999450683594,160.97999572753906,155.00999450683594,159.14999389648438,496025
2025-03-12,160.0,162.49000549316406,157.30999755859375,158.5,520351
2025-03-13,158.60000610351562,159.99000549316406,155.5,156.1199951171875,325835
2025-03-17,155.32000732421875,158.0399932861328,151.11000061035156,151.72999572753906,768828
2025-03-19,155.10000610351562,161.6199951171875,155.10000610351562,158.64999389648438,712164
2025-03-20,158.52000427246094,189.8800048828125,158.30999755859375,187.5800018310547,14958424
2025-03-21,184.25,189.9499969482422,181.0,187.22000122070312,5440547
2025-03-24,183.50999450683594,218.89999389648438,183.49000549316406,212.42999267578125,20953422
2025-03-25,206.8000030517578,209.30999755859375,200.5,202.30999755859375,3637750
2025-03-26,201.0,201.99000549316406,185.0,190.85000610351562,2341362
2025-03-27,190.00999450683594,207.7100067138672,184.0,195.52000427246094,3793940
2025-03-28,194.5,200.5399932861328,184.0,185.55999755859375,1701213
2025-04-01,185.0,201.3000030517578,184.99000549316406,194.3000030517578,2240635
2025-04-02,194.3000030517578,197.89999389648438,189.0,194.32000732421875,1145355
2025-04-03,191.64999389648438,206.0,189.61000061035156,200.7100067138672,2724873
2025-04-04,200.0,201.1300048828125,189.0,192.33999633789062,1010337
2025-04-07,175.60000610351562,182.89999389648438,174.00999450683594,180.72999572753906,879748
2025-04-08,188.77999877929688,188.77999877929688,183.0,184.5800018310547,625654
2025-04-09,184.5800018310547,185.49000549316406,179.52999877929688,182.17999267578125,438580
2025-04-11,190.5,192.0,185.24000549316406,187.6300048828125,650079
2025-04-15,189.6999969482422,194.3699951171875,189.0,191.58999633789062,647104
2025-04-16,192.6999969482422,195.30999755859375,191.58999633789062,192.69000244140625,493261
2025-04-17,192.69000244140625,198.69000244140625,190.6999969482422,193.6999969482422,877412
2025-04-21,195.6999969482422,201.60000610351562,193.6999969482422,197.63999938964844,971244
2025-04-22,199.0,203.64999389648438,195.00999450683594,198.99000549316406,1096512
2025-04-23,201.63999938964844,201.9499969482422,195.27000427246094,199.72999572753906,687198
2025-04-24,200.0,202.32000732421875,196.9199981689453,197.66000366210938,467837
2025-04-25,198.88999938964844,198.89999389648438,185.10000610351562,187.3699951171875,834892
2025-04-28,188.0,191.38999938964844,185.08999633789062,188.3300018310547,485678
2025-04-29,190.4499969482422,192.99000549316406,187.4600067138672,187.9499969482422,284376
2025-04-30,188.5,188.5,180.41000366210938,181.36000061035156,463031
2025-05-02,182.99000549316406,183.57000732421875,178.02999877929688,180.75999450683594,368147
2025-05-05,184.85000610351562,191.99000549316406,181.57000732421875,191.17999267578125,801934
2025-05-06,191.1999969482422,192.77999877929688,185.1199951171875,187.72000122070312,522304
2025-05-07,185.0,188.05999755859375,181.60000610351562,185.05999755859375,468674
2025-05-08,187.0,189.60000610351562,181.0,181.52000427246094,412948
2025-05-09,176.0,183.8000030517578,176.0,181.3300018310547,398886
2025-05-12,188.1999969482422,191.69000244140625,187.49000549316406,189.3800048828125,434936
2025-05-13,190.6999969482422,196.0,188.77000427246094,192.83999633789062,603119
2025-05-14,194.3000030517578,197.99000549316406,193.13999938964844,194.0800018310547,467466
2025-05-15,196.8000030517578,203.10000610351562,195.89999389648438,198.9199981689453,860233
2025-05-16,203.0,207.5,198.61000061035156,203.07000732421875,1232870
2025-05-19,203.0,210.5,199.17999267578125,202.6300048828125,1035368
2025-05-20,205.0,205.0,195.2100067138672,196.77000427246094,498080
2025-05-21,196.7100067138672,199.8000030517578,195.22999572753906,198.2899932861328,270301
2025-05-22,198.0,198.74000549316406,194.41000366210938,195.7899932861328,384987
2025-05-23,196.99000549316406,203.0,194.3000030517578,200.5800018310547,628701
2025-05-26,200.97000122070312,203.25,195.97999572753906,196.63999938964844,412896
2025-05-27,198.08999633789062,199.6999969482422,196.0399932861328,198.14999389648438,291021
2025-05-28,199.3800048828125,203.3000030517578,198.24000549316406,201.3800048828125,449310
2025-05-29,203.0,206.0,199.2899932861328,200.30999755859375,261475
2025-05-30,201.0,204.69000244140625,199.10000610351562,200.99000549316406,384265
2025-06-02,200.99000549316406,205.57000732421875,198.24000549316406,201.32000732421875,457763
2025-06-03,201.32000732421875,201.8000030517578,196.92999267578125,197.4600067138672,370998
2025-06-04,199.0800018310547,206.8000030517578,195.32000732421875,203.8300018310547,912645
2025-06-05,204.0,205.5,198.80999755859375,199.10000610351562,477016
2025-06-06,199.10000610351562,202.07000732421875,197.47000122070312,199.38999938964844,410658
2025-06-09,200.60000610351562,207.35000610351562,200.47999572753906,202.5399932861328,575839
2025-06-10,203.88999938964844,204.4600067138672,200.80999755859375,202.6300048828125,384943
2025-06-11,204.24000549316406,213.2899932861328,203.1300048828125,205.7100067138672,2802319
2025-06-12,207.14999389648438,207.8000030517578,199.5,200.6300048828125,576342
2025-06-13,192.75999450683594,196.8000030517578,192.10000610351562,193.07000732421875,910350
2025-06-16,194.3000030517578,196.42999267578125,191.27000427246094,194.72000122070312,617439
2025-06-17,195.58999633789062,196.33999633789062,191.72000122070312,192.3800048828125,400414
2025-06-18,193.2899932861328,195.1999969482422,191.5,192.47999572753906,305620
2025-06-19,193.6999969482422,195.0,186.39999389648438,187.27000427246094,378658
2025-06-20,187.27000427246094,188.80999755859375,182.00999450683594,183.1199951171875,2845395
2025-06-23,182.97999572753906,185.35000610351562,182.39999389648438,184.4600067138672,353695
2025-06-24,186.0,188.1699981689453,184.0,185.11000061035156,580855
2025-06-25,185.99000549316406,201.49000549316406,185.10000610351562,196.97999572753906,1863515
2025-06-26,196.97999572753906,208.8000030517578,195.0,203.30999755859375,2322219
2025-06-27,203.89999389648438,203.89999389648438,197.5500030517578,198.22000122070312,577554
2025-06-30,198.89999389648438,207.4199981689453,198.30999755859375,201.30999755859375,875545
2025-07-01,202.99000549316406,204.60000610351562,200.17999267578125,202.38999938964844,332355
2025-07-02,202.38999938964844,204.5,199.27999877929688,203.5,482714
2025-07-03,204.5,205.63999938964844,200.6999969482422,201.4499969482422,652499
2025-07-04,202.02000427246094,204.82000732421875,200.58999633789062,202.58999633789062,439796
2025-07-07,202.5800018310547,205.89999389648438,200.60000610351562,202.5399932861328,421422
2025-07-08,202.0,207.69000244140625,199.6699981689453,202.5500030517578,771145
2025-07-09,202.00999450683594,204.8699951171875,201.25,203.0,425097
2025-07-10,203.02000427246094,209.39999389648438,203.02000427246094,206.80999755859375,1245662
2025-07-11,206.5,207.67999267578125,200.42999267578125,202.3300018310547,423317
2025-07-14,203.8000030517578,203.82000732421875,199.52000427246094,201.6300048828125,332249
2025-07-15,201.6300048828125,215.49000549316406,201.6300048828125,205.10000610351562,2063886
2025-07-16,207.75,209.97999572753906,204.60000610351562,206.89999389648438,501869
2025-07-17,207.25,209.6300048828125,205.27999877929688,207.02000427246094,515338
2025-07-18,207.5,208.69000244140625,202.0,203.67999267578125,409996
2025-07-21,202.0,203.27000427246094,200.1999969482422,200.97999572753906,303883
2025-07-22,201.1999969482422,204.42999267578125,198.6999969482422,199.2100067138672,324976
2025-07-23,200.8000030517578,200.8300018310547,197.0500030517578,199.0399932861328,352642
2025-07-24,200.67999267578125,202.25,198.57000732421875,201.35000610351562,335773
2025-07-25,200.8000030517578,202.64999389648438,194.30999755859375,195.38999938964844,335197
2025-07-28,195.38999938964844,198.5500030517578,192.5,196.11000061035156,399884
2025-07-29,196.02000427246094,196.3000030517578,192.25,194.97000122070312,227676
2025-07-30,194.97000122070312,197.0,191.75999450683594,192.58999633789062,196055
2025-07-31,187.0,190.58999633789062,185.5,188.47000122070312,432597
2025-08-01,188.3000030517578,189.5800018310547,179.97000122070312,180.5800018310547,478579
2025-08-04,181.99000549316406,188.69000244140625,180.0,187.47000122070312,444126
2025-08-05,187.99000549316406,192.0,183.49000549316406,189.11000061035156,519762
2025-08-06,187.00999450683594,188.38999938964844,180.0,180.7899932861328,658185
2025-08-07,180.0,183.5,177.30999755859375,180.1999969482422,483158
2025-08-08,181.0,182.49000549316406,176.02000427246094,176.9600067138672,304237
2025-08-11,176.99000549316406,177.80999755859375,174.47000122070312,176.49000549316406,273799
2025-08-12,177.36000061035156,180.0,176.94000244140625,178.63999938964844,298285
2025-08-13,178.99000549316406,181.6300048828125,177.88999938964844,179.00999450683594,279945
2025-08-14,178.64999389648438,179.63999938964844,175.0,176.14999389648438,227019
2025-08-18,177.88999938964844,180.02000427246094,177.55999755859375,178.3300018310547,176690
2025-08-19,178.39999389648438,183.60000610351562,177.3000030517578,182.94000244140625,299064
2025-08-20,183.88999938964844,186.6999969482422,183.22999572753906,184.9199981689453,265336
2025-08-21,185.8000030517578,192.82000732421875,185.07000732421875,189.5399932861328,505197
2025-08-22,190.0,191.5,185.42999267578125,185.94000244140625,202010
2025-08-25,185.92999267578125,187.1699981689453,182.55999755859375,183.02999877929688,188671
2025-08-26,182.60000610351562,182.60000610351562,176.1999969482422,176.9199981689453,307992
2025-08-28,176.0,179.0,173.1999969482422,175.89999389648438,428512
2025-08-29,175.5,178.08999633789062,174.75,175.11000061035156,248757
2025-09-01,175.0,176.61000061035156,173.0,174.10000610351562,409975
2025-09-02,174.10000610351562,182.75999450683594,173.91000366210938,181.2100067138672,571372
2025-09-03,181.3000030517578,184.9199981689453,180.83999633789062,183.86000061035156,216906
2025-09-04,185.1999969482422,186.41000366210938,181.6699981689453,182.77999877929688,230328
2025-09-05,183.0,183.88999938964844,178.24000549316406,180.8000030517578,151230
2025-09-08,179.3000030517578,199.0,179.3000030517578,191.3300018310547,2142618
2025-09-09,193.0,198.99000549316406,188.9499969482422,198.02000427246094,959726
2025-09-10,200.0,202.0,196.14999389648438,200.0,1176140
2025-09-11,198.05999755859375,205.0,198.0,202.49000549316406,894237
2025-09-12,201.60000610351562,201.8000030517578,197.10000610351562,197.91000366210938,354530
2025-09-15,197.99000549316406,203.5,197.99000549316406,201.00999450683594,475786
2025-09-16,201.60000610351562,204.38999938964844,200.80999755859375,203.52000427246094,465920
2025-09-17,205.0,207.39999389648438,204.0,204.8300018310547,494377
2025-09-18,206.1999969482422,206.27999877929688,203.91000366210938,204.9600067138672,225123
2025-09-19,205.2899932861328,210.0,199.2100067138672,202.52999877929688,2544022
2025-09-22,196.77000427246094,198.4600067138672,189.1999969482422,194.35000610351562,659321
2025-09-23,195.0,196.00999450683594,190.1999969482422,192.57000732421875,302633
2025-09-24,192.8000030517578,193.6999969482422,190.3000030517578,190.97999572753906,223561
2025-09-25,191.11000061035156,192.6699981689453,187.85000610351562,189.02000427246094,190994
2025-09-26,189.0,189.0,181.64999389648438,182.61000061035156,366174
2025-09-29,184.88999938964844,185.9199981689453,179.3000030517578,180.72999572753906,448902
2025-09-30,181.8800048828125,185.0,180.72999572753906,181.36000061035156,288737
2025-10-01,181.5,184.47000122070312,181.10000610351562,183.47999572753906,230899
2025-10-03,184.8000030517578,185.89999389648438,181.85000610351562,185.1300048828125,296847
2025-10-06,185.8800048828125,185.8800048828125,182.25,183.0800018310547,201102
2025-10-07,184.0,184.0,180.00999450683594,181.57000732421875,280275
2025-10-08,181.47999572753906,184.2100067138672,180.00999450683594,181.3699951171875,226563
2025-10-09,182.5,183.0,180.6199951171875,181.6199951171875,180388
2025-10-10,181.8000030517578,186.33999633789062,181.7100067138672,183.58999633789062,381931
2025-10-13,183.58999633789062,183.80999755859375,180.3000030517578,181.0399932861328,217269
2025-10-14,181.24000549316406,181.97000122070312,177.02000427246094,177.61000061035156,316858
2025-10-15,177.99000549316406,178.8000030517578,173.91000366210938,177.77000427246094,376103
2025-10-16,177.1199951171875,184.10000610351562,177.1199951171875,180.69000244140625,301479
2025-10-17,181.0,181.10000610351562,177.07000732421875,177.86000061035156,240626
2025-10-20,177.02999877929688,182.24000549316406,176.00999450683594,181.69000244140625,459383
2025-10-21,182.89999389648438,183.0,181.24000549316406,182.02999877929688,68361
2025-10-23,183.00999450683594,185.89999389648438,183.00999450683594,183.6999969482422,536216
2025-10-24,184.0,184.0,179.14999389648438,180.2899932861328,366824
2025-10-27,179.5,181.61000061035156,178.60000610351562,179.0,228744
2025-10-28,179.0,180.47000122070312,178.0,178.50999450683594,128625
2025-10-29,178.69000244140625,183.0,177.9199981689453,182.4499969482422,286531
2025-10-30,181.85000610351562,182.4499969482422,180.0,180.27999877929688,153627
2025-10-31,180.6999969482422,186.39999389648438,180.05999755859375,181.91000366210938,620788
2025-11-03,181.14999389648438,182.72000122070312,179.83999633789062,181.2899932861328,202469
2025-11-04,181.10000610351562,183.17999267578125,180.0,181.80999755859375,239677
2025-11-06,181.80999755859375,182.3800048828125,177.5,178.6999969482422,205031
2025-11-07,177.89999389648438,181.69000244140625,175.5,179.8000030517578,222942
2025-11-10,179.4499969482422,179.4499969482422,176.92999267578125,177.2899932861328,169521
2025-11-11,178.24000549316406,180.0,176.14999389648438,179.17999267578125,162852
2025-11-12,180.3000030517578,182.3800048828125,179.10000610351562,180.47999572753906,239018
2025-11-13,182.0,186.39999389648438,180.8000030517578,185.0800018310547,425338
2025-11-14,185.3000030517578,188.47999572753906,184.0,187.3300018310547,453396
2025-11-17,194.0,199.1300048828125,188.89999389648438,190.2899932861328,1714600
2025-11-18,189.91000366210938,191.80999755859375,187.8000030517578,190.22999572753906,381237
2025-11-19,191.5,191.5,185.97999572753906,188.85000610351562,217959
2025-11-20,188.85000610351562,195.9499969482422,188.85000610351562,191.14999389648438,833205
2025-11-21,190.4600067138672,190.4600067138672,185.10000610351562,186.1300048828125,244616
2025-11-24,185.0,192.99000549316406,183.5,191.42999267578125,583300
2025-11-25,191.0,191.0,186.50999450683594,187.49000549316406,189130
2025-11-26,188.0,189.1999969482422,186.99000549316406,187.88999938964844,154330
2025-11-27,189.0,190.16000366210938,185.2100067138672,186.2100067138672,170571
2025-11-28,187.5,187.5,185.11000061035156,186.52999877929688,120852
2025-12-01,187.77999877929688,191.6999969482422,186.5800018310547,187.6199951171875,184391
2025-12-02,187.6199951171875,192.41000366210938,186.3000030517578,190.55999755859375,351926
2025-12-03,191.8000030517578,196.89999389648438,188.7100067138672,192.47000122070312,626296
2025-12-04,192.47000122070312,192.60000610351562,187.8000030517578,188.6999969482422,159567
2025-12-05,188.3000030517578,188.6999969482422,184.00999450683594,184.64999389648438,158694
2025-12-08,186.10000610351562,188.75,179.35000610351562,181.1199951171875,274301
2025-12-09,181.1199951171875,188.9499969482422,179.10000610351562,188.4199981689453,390910
2025-12-10,188.0,191.47999572753906,188.0,190.22999572753906,248600
2025-12-11,191.1999969482422,192.99000549316406,188.74000549316406,192.42999267578125,245681
2025-12-12,192.42999267578125,193.47999572753906,190.0500030517578,192.25,310349
2025-12-15,192.1999969482422,196.0,191.5,195.6999969482422,417694
2025-12-16,196.10000610351562,197.85000610351562,194.88999938964844,195.6999969482422,300003
2025-12-17,194.52000427246094,198.36000061035156,194.52000427246094,195.67999267578125,262894
2025-12-18,195.8000030517578,195.8000030517578,188.0500030517578,188.94000244140625,312701
2025-12-19,187.72000122070312,211.85000610351562,187.72000122070312,204.36000061035156,2274531
2025-12-22,205.3800048828125,237.8800048828125,204.47999572753906,230.6699981689453,35874831
2025-12-23,228.0,228.17999267578125,218.60000610351562,223.02000427246094,7453643
2025-12-24,222.0,229.8000030517578,214.50999450683594,223.97000122070312,3269992
2025-12-26,212.77999877929688,212.77999877929688,212.77999877929688,212.77999877929688,32176
2025-12-29,202.14999389648438,202.14999389648438,202.14999389648438,202.14999389648438,87128
2025-12-30,192.0500030517578,192.0500030517578,192.0500030517578,192.0500030517578,48308
2025-12-31,182.4499969482422,192.0,182.4499969482422,183.63999938964844,591931
2026-01-01,182.0,183.89999389648438,177.9600067138672,178.67999267578125,224166
2026-01-02,183.5,183.89999389648438,175.0,180.99000549316406,223747
2026-01-05,179.35000610351562,179.35000610351562,171.9499969482422,173.58999633789062,582389
2026-01-06,171.85000610351562,177.0,171.0,176.8699951171875,227713
2026-01-07,176.5,176.88999938964844,172.8699951171875,175.8300018310547,115667
2026-01-08,175.0,176.0,171.0,171.7100067138672,119249
2026-01-09,171.0,174.0,167.0,168.67999267578125,115725
2026-01-12,166.0,168.67999267578125,160.25,163.3000030517578,152143
2026-01-13,164.05999755859375,168.0,164.0,164.66000366210938,110659
2026-01-14,164.66000366210938,167.0,159.72999572753906,165.07000732421875,77271
2026-01-16,170.0,173.32000732421875,167.0,173.32000732421875,103504
2026-01-19,173.0,173.32000732421875,166.5,167.77000427246094,100874
2026-01-20,166.5,170.0,161.1999969482422,163.3800048828125,127502
2026-01-21,156.5,162.99000549316406,156.5,159.55999755859375,133147
2026-01-22,161.5,165.3000030517578,161.5,164.42999267578125,119131
2026-01-23,164.89999389648438,168.3000030517578,160.5500030517578,163.17999267578125,70947
2026-01-27,164.9499969482422,165.69000244140625,159.6999969482422,160.8699951171875,70602
2026-01-28,164.0,167.0,159.0,165.69000244140625,124823
2026-01-29,166.0,167.99000549316406,158.0,162.22999572753906,71096
2026-01-30,162.1999969482422,167.10000610351562,157.50999450683594,162.36000061035156,167742
2026-02-02,164.60000610351562,164.60000610351562,156.5500030517578,161.42999267578125,89777
2026-02-03,169.5,169.5,169.5,169.5,127675
2026-02-04,177.77000427246094,177.97000122070312,175.0,177.97000122070312,206378
2026-02-05,180.0,181.69000244140625,177.0,180.5399932861328,167282
2026-02-06,177.25999450683594,177.39999389648438,171.52000427246094,172.72000122070312,95791
2026-02-09,179.0,181.35000610351562,177.1999969482422,181.22000122070312,178953
2026-02-10,187.0,189.0,181.0,188.6300048828125,190334
2026-02-11,192.39999389648438,192.39999389648438,182.5,190.0,166777
2026-02-12,186.0,189.89999389648438,182.5,184.63999938964844,91259
2026-02-13,182.0,182.9499969482422,177.0,177.9199981689453,109897
2026-02-16,172.88999938964844,177.91000366210938,169.02999877929688,169.02999877929688,180689
2026-02-17,168.0,170.0,161.14999389648438,166.61000061035156,188924
2026-02-18,164.0,171.0,164.0,165.69000244140625,291000
2026-02-19,165.0,169.8000030517578,160.75,162.33999633789062,198307
2026-02-20,160.5,164.8000030517578,157.38999938964844,157.91000366210938,221136
2026-02-23,165.0,165.0,156.00999450683594,158.1999969482422,187162
2026-02-24,156.14999389648438,158.1999969482422,155.0,155.75999450683594,119784
2026-02-25,156.1999969482422,159.17999267578125,152.0,152.22999572753906,200901
2026-02-26,152.14999389648438,155.0,149.14999389648438,150.99000549316406,211270
2026-02-27,150.0,153.0,143.4499969482422,143.80999755859375,1683693
2026-03-02,136.6199951171875,140.94000244140625,136.6199951171875,138.6199951171875,464528
2026-03-04,136.6199951171875,137.22999572753906,131.69000244140625,131.69000244140625,327761
2026-03-05,130.1999969482422,135.0,125.11000061035156,125.11000061035156,417635
2026-03-06,122.11000061035156,125.11000061035156,118.86000061035156,118.88999938964844,680776
2026-03-09,114.9000015258789,114.9000015258789,112.94999694824219,112.94999694824219,193871
2026-03-10,108.0999984741211,113.80000305175781,107.5999984741211,109.19000244140625,517081
2026-03-11,110.0,114.63999938964844,110.0,114.56999969482422,309585
2026-03-12,111.63999938964844,115.98999786376953,108.8499984741211,113.94000244140625,477386
2026-03-13,114.98999786376953,114.98999786376953,109.4000015258789,110.05999755859375,205657
2026-03-16,110.0,110.0,104.55999755859375,105.05999755859375,301709
2026-03-17,104.05000305175781,105.0,100.0,103.05000305175781,316227
2026-03-18,103.5,106.19999694824219,102.0999984741211,103.4000015258789,335822
2026-03-19,100.5,103.5,98.30000305175781,98.75,317142
2026-03-20,99.98999786376953,101.5,93.81999969482422,94.01000213623047,800420
2026-03-23,89.3499984741211,91.9800033569336,89.30999755859375,89.30999755859375,196886
2026-03-24,85.19999694824219,89.30999755859375,84.8499984741211,84.8499984741211,420401
2026-03-25,83.44999694824219,89.08999633789062,81.5999984741211,89.05999755859375,548821
2026-03-27,89.05000305175781,89.05000305175781,84.61000061035156,84.61000061035156,243692
2026-03-30,82.0,83.0,80.37999725341797,80.37999725341797,233133
2026-04-01,80.41000366210938,84.38999938964844,80.41000366210938,83.26000213623047,361005
2026-04-02,83.26000213623047,87.41999816894531,81.0,87.27999877929688,273884
2026-04-06,85.0,91.63999938964844,82.91999816894531,91.62000274658203,353127
2026-04-07,91.79000091552734,96.19999694824219,89.05999755859375,96.18000030517578,522824
2026-04-08,100.9800033569336,100.9800033569336,100.0,100.97000122070312,777906
2026-04-09,104.0,105.98999786376953,96.5,104.54000091552734,476397
2026-04-10,109.69999694824219,109.76000213623047,106.5,109.76000213623047,375648
2026-04-13,115.0,115.23999786376953,104.5999984741211,115.23999786376953,337860
2026-04-15,121.0,121.0,121.0,121.0,183954
2026-04-16,127.0,127.05000305175781,125.0,127.05000305175781,174986
2026-04-17,132.89999389648438,132.9499969482422,123.0,126.30999755859375,875896
2026-04-20,126.25,126.25,120.5999984741211,122.58999633789062,234921
2026-04-21,121.5999984741211,121.5999984741211,116.55000305175781,116.73999786376953,256466
2026-04-22,112.4000015258789,122.56999969482422,112.4000015258789,122.56999969482422,139416
2026-04-23,126.4000015258789,128.69000244140625,125.02999877929688,128.69000244140625,302786
2026-04-24,129.0,129.8000030517578,122.80000305175781,126.80999755859375,280950
2026-04-27,125.0,130.5,124.02999877929688,128.35000610351562,190104
2026-04-28,129.99000549316406,131.99000549316406,125.0,127.06999969482422,110453
2026-04-29,128.1999969482422,130.49000549316406,123.0,124.9000015258789,118505
2026-04-30,124.8499984741211,124.8499984741211,118.66000366210938,119.19999694824219,219018
2026-05-04,121.0,122.58000183105469,118.0,119.7699966430664,81359
2026-05-05,118.01000213623047,119.69999694824219,117.1500015258789,119.16999816894531,81656
2026-05-06,119.44999694824219,121.73999786376953,119.0,120.73999786376953,112716
2026-05-07,124.77999877929688,126.0,121.5999984741211,122.23999786376953,149448
2026-05-08,123.87000274658203,124.0,121.0,121.98999786376953,77574
2026-05-11,117.0,120.97000122070312,115.9000015258789,116.25,187840
2026-05-12,116.80000305175781,116.80000305175781,110.5,111.26000213623047,188218
2026-05-13,107.19999694824219,116.0,106.19999694824219,111.69000244140625,143989
2026-05-14,111.6500015258789,114.9800033569336,108.19999694824219,109.11000061035156,105045
2026-05-15,108.25,111.0,108.25,109.7699966430664,83761
2026-05-18,106.19999694824219,109.0,104.31999969482422,105.63999938964844,102428
2026-05-19,107.79000091552734,108.69999694824219,105.63999938964844,108.4000015258789,59839
2026-05-20,110.87999725341797,110.87999725341797,105.80999755859375,108.68000030517578,50108
2026-05-21,106.30000305175781,108.9000015258789,106.0,107.38999938964844,110514
2026-05-22,108.0,108.97000122070312,105.80000305175781,107.44000244140625,101211
2026-05-25,109.8499984741211,112.80999755859375,107.9000015258789,112.80999755859375,131033
2026-05-26,117.6500015258789,118.44999694824219,114.4000015258789,118.44999694824219,125108
2026-05-27,122.38999938964844,123.0,116.0,122.12000274658203,193997
2026-05-29,120.51000213623047,122.0999984741211,117.13999938964844,118.33000183105469,199578
2026-06-01,117.4000015258789,117.4000015258789,112.41999816894531,112.41999816894531,103097
2026-06-02,107.0,110.41999816894531,106.80000305175781,106.80000305175781,155716
2026-06-03,102.5,110.4000015258789,102.5,109.37999725341797,198748
2026-06-04,103.91999816894531,103.91999816894531,103.91999816894531,103.91999816894531,147955
2026-06-05,98.7300033569336,98.7300033569336,98.7300033569336,98.7300033569336,145945
2026-06-08,93.80000305175781,93.80000305175781,93.80000305175781,93.80000305175781,95498
2026-06-09,89.11000061035156,89.11000061035156,89.11000061035156,89.11000061035156,78805
2026-06-10,84.66000366210938,84.66000366210938,84.66000366210938,84.66000366210938,117590
2026-06-11,80.43000030517578,80.43000030517578,80.43000030517578,80.43000030517578,109725
2026-06-12,76.41000366210938,76.41000366210938,76.41000366210938,76.41000366210938,1445658
2026-06-15,72.62999725341797,80.2300033569336,72.62999725341797,80.2300033569336,1310895
2026-06-16,82.80000305175781,84.23999786376953,82.6500015258789,84.23999786376953,1557976
2026-06-17,88.44999694824219,88.44999694824219,86.51000213623047,88.44999694824219,716670
2026-06-18,92.87000274658203,92.87000274658203,92.0,92.87000274658203,1399385
2026-06-19,97.51000213623047,97.51000213623047,97.51000213623047,97.51000213623047,208037
2026-06-22,102.37999725341797,102.37999725341797,102.37999725341797,102.37999725341797,307736
2026-06-23,107.48999786376953,107.48999786376953,107.48999786376953,107.48999786376953,191562
2026-06-24,102.12000274658203,102.12000274658203,102.12000274658203,102.12000274658203,308698
2026-06-25,97.0199966430664,97.0199966430664,97.0199966430664,97.0199966430664,63642
2026-06-29,92.16999816894531,92.16999816894531,92.16999816894531,92.16999816894531,52650
2026-06-30,87.56999969482422,96.7699966430664,87.56999969482422,91.81999969482422,1816245
2026-07-01,87.2300033569336,92.0,87.2300033569336,87.31999969482422,976794
2026-07-02,86.0,91.68000030517578,86.0,91.68000030517578,368691
2026-07-03,95.4000015258789,96.26000213623047,92.0,95.0199966430664,594369
2026-07-06,94.0,99.7699966430664,90.2699966430664,97.44000244140625,685766
2026-07-07,97.44000244140625,102.30999755859375,95.01000213623047,97.51000213623047,517986
2026-07-08,96.0,97.5,92.63999938964844,93.19999694824219,207868
2026-07-09,91.3499984741211,95.08000183105469,91.18000030517578,93.38999938964844,120295
2026-07-10,92.30999755859375,98.05000305175781,90.0,93.66999816894531,519042
2026-07-13,93.66999816894531,95.48999786376953,91.4000015258789,91.66000366210938,114445
2026-07-14,90.01000213623047,92.0,89.0,90.0,111248
2026-07-15,90.0,90.98999786376953,87.5,87.83000183105469,154799
2026-07-16,87.83000183105469,89.0,86.51000213623047,86.9000015258789,118019
2026-07-17,86.9000015258789,88.0,85.51000213623047,85.97000122070312,101014
2026-07-20,85.0,87.9000015258789,84.0,87.41999816894531,103094
2026-07-21,87.25,91.79000091552734,85.9000015258789,91.79000091552734,382046
2026-07-22,91.79000091552734,92.9000015258789,87.5,89.25,134035
2026-07-23,88.9000015258789,93.70999908447266,88.0,92.45999908447266,915020
2026-07-24,90.44999694824219,92.38999938964844,88.5999984741211,88.93000030517578,244231
2026-07-27,85.06999969482422,89.98999786376953,85.06999969482422,88.45999908447266,66769
2026-07-28,88.01000213623047,88.9000015258789,86.5999984741211,86.8499984741211,90926
2026-07-29,88.08999633789062,88.08999633789062,86.01000213623047,86.7300033569336,51472
