Date,Open,High,Low,Close,Volume
2011-08-02,322.04998779296875,325.79998779296875,305.54998779296875,307.20001220703125,6403
2011-08-03,308.8999938964844,308.8999938964844,297.0,298.6499938964844,4345
2011-08-04,299.0,301.0,291.6499938964844,293.1000061035156,3415
2011-08-05,289.0,289.0,272.0,277.6000061035156,5793
2011-08-08,270.0,277.0,247.0,270.8999938964844,9550
2011-08-09,270.0,274.0,262.6000061035156,271.3500061035156,6233
2011-08-10,277.0,293.0,277.0,282.75,8569
2011-08-11,281.5,282.75,272.20001220703125,275.1000061035156,2480
2011-08-12,277.0,289.0,272.8999938964844,284.79998779296875,18759
2011-08-16,288.8999938964844,288.8999938964844,276.5,277.6000061035156,5318
2011-08-17,274.79998779296875,286.8999938964844,273.1000061035156,284.5,9562
2011-08-18,280.0,289.0,270.0,274.04998779296875,67338
2011-08-19,270.0,273.6499938964844,264.0,270.3999938964844,10731
2011-08-22,267.70001220703125,267.70001220703125,220.5,225.14999389648438,304273
2011-08-23,220.0,239.10000610351562,220.0,231.9499969482422,81139
2011-08-24,231.39999389648438,235.39999389648438,226.14999389648438,229.6999969482422,21357
2011-08-25,227.0,232.0,225.1999969482422,229.89999389648438,18696
2011-08-26,227.5,231.0,215.10000610351562,222.64999389648438,11410
2011-08-29,224.10000610351562,230.5,223.0,228.35000610351562,5312
2011-08-30,230.0500030517578,235.0,227.14999389648438,230.0,5065
2011-09-02,235.5,235.5,228.0,231.4499969482422,5312
2011-09-05,222.5,233.0,222.5,230.75,4001
2011-09-06,229.5,248.8000030517578,227.10000610351562,229.89999389648438,159514
2011-09-07,232.64999389648438,234.60000610351562,227.10000610351562,228.0,41990
2011-09-08,228.89999389648438,232.8000030517578,228.0,229.3000030517578,5829
2011-09-09,230.0,231.0,222.1999969482422,224.5500030517578,11265
2011-09-12,224.8000030517578,225.0,219.0,220.5500030517578,6974
2011-09-13,222.10000610351562,226.89999389648438,222.10000610351562,226.0,5426
2011-09-14,227.0,227.0,221.5,222.5500030517578,3459
2011-09-15,225.89999389648438,225.89999389648438,220.5,222.75,3855
2011-09-16,225.0,234.89999389648438,224.5500030517578,226.6999969482422,7994
2011-09-19,227.0,231.0,223.0500030517578,229.9499969482422,3585
2011-09-20,225.0,228.89999389648438,224.25,226.10000610351562,3043
2011-09-21,224.0,228.0,223.0,225.64999389648438,3720
2011-09-22,223.10000610351562,227.0,221.0,222.6999969482422,4326
2011-09-23,220.10000610351562,224.89999389648438,213.0500030517578,216.0,7896
2011-09-26,217.0500030517578,218.85000610351562,205.3000030517578,211.10000610351562,9863
2011-09-27,214.89999389648438,216.0,210.0,212.4499969482422,6759
2011-09-28,215.89999389648438,217.85000610351562,208.5,209.6999969482422,4267
2011-09-29,217.0,217.0,205.10000610351562,209.85000610351562,2722
2011-09-30,210.5,214.6999969482422,208.0,212.9499969482422,4824
2011-10-03,212.0,213.4499969482422,209.0500030517578,210.14999389648438,2174
2011-10-04,210.14999389648438,213.0,205.0,206.39999389648438,3088
2011-10-05,206.39999389648438,210.0,203.0,206.1999969482422,12619
2011-10-07,214.89999389648438,214.89999389648438,205.10000610351562,206.0,2116
2011-10-10,204.3000030517578,209.9499969482422,204.3000030517578,206.75,8127
2011-10-11,205.25,214.0,205.25,211.14999389648438,14543
2011-10-12,213.0,215.9499969482422,209.5,214.9499969482422,6661
2011-10-13,219.89999389648438,219.89999389648438,210.0,215.9499969482422,1343
2011-10-14,214.10000610351562,216.85000610351562,212.0,213.85000610351562,740
2011-10-17,217.89999389648438,220.10000610351562,214.0,215.5500030517578,2450
2011-10-18,217.0,217.0,210.3000030517578,214.5500030517578,1920
2011-10-19,215.0,218.60000610351562,215.0,217.5500030517578,4949
2011-10-20,219.0,219.0500030517578,215.5,217.85000610351562,1674
2011-10-21,215.0,237.0,213.0,230.0,26716
2011-10-24,230.0,234.9499969482422,228.5,230.60000610351562,3637
2011-10-25,231.0,231.85000610351562,226.5,230.25,3284
2011-10-28,241.10000610351562,246.0,235.10000610351562,237.25,4303
2011-10-31,238.0,238.0,234.0500030517578,236.1999969482422,814
2011-11-01,232.14999389648438,234.0500030517578,226.64999389648438,229.9499969482422,2828
2011-11-02,229.9499969482422,229.9499969482422,227.0,227.14999389648438,853
2011-11-03,226.64999389648438,229.0,226.1999969482422,226.8000030517578,779
2011-11-04,228.0,229.0,227.5,227.64999389648438,985
2011-11-08,228.0,245.0,225.0,240.8000030517578,7439
2011-11-09,240.8000030517578,264.8999938964844,234.85000610351562,238.1999969482422,27012
2011-11-11,237.0,249.5,227.14999389648438,244.0500030517578,10501
2011-11-14,240.64999389648438,248.0,235.10000610351562,237.60000610351562,2947
2011-11-15,235.5500030517578,236.10000610351562,223.0,230.5500030517578,3454
2011-11-16,224.5,228.89999389648438,220.0,222.64999389648438,1137
2011-11-17,227.0,232.89999389648438,215.10000610351562,217.5500030517578,1932
2011-11-18,217.0,217.9499969482422,204.64999389648438,209.60000610351562,4852
2011-11-21,203.10000610351562,215.0,203.10000610351562,208.1999969482422,2133
2011-11-22,205.0500030517578,218.0,204.75,210.14999389648438,7810
2011-11-23,210.0500030517578,210.0500030517578,206.1999969482422,208.5,2137
2011-11-24,212.0,216.0,206.1999969482422,211.25,2146
2011-11-25,206.3000030517578,211.89999389648438,206.3000030517578,210.89999389648438,1439
2011-11-28,214.9499969482422,214.9499969482422,207.75,210.14999389648438,2368
2011-11-29,209.25,212.5500030517578,202.75,205.6999969482422,1544
2011-11-30,204.10000610351562,207.10000610351562,204.10000610351562,206.60000610351562,2079
2011-12-01,214.4499969482422,227.0,208.0500030517578,216.4499969482422,53457
2011-12-02,216.4499969482422,224.6999969482422,216.0,218.10000610351562,15376
2011-12-05,214.0500030517578,216.10000610351562,208.1999969482422,213.5,4397
2011-12-07,212.0500030517578,217.0,208.0,210.39999389648438,3245
2011-12-08,210.1999969482422,210.1999969482422,205.10000610351562,207.6999969482422,2385
2011-12-09,210.1999969482422,212.1999969482422,204.4499969482422,208.4499969482422,3374
2011-12-12,214.8000030517578,214.8000030517578,203.5500030517578,205.60000610351562,1462
2011-12-13,203.14999389648438,211.0,200.3000030517578,206.5500030517578,3233
2011-12-14,205.10000610351562,209.6999969482422,200.35000610351562,204.3000030517578,5871
2011-12-15,202.0,204.0,195.0,199.39999389648438,6989
2011-12-16,200.10000610351562,206.8000030517578,196.0,199.64999389648438,8133
2011-12-19,222.10000610351562,222.10000610351562,188.0,197.60000610351562,19686
2011-12-20,195.60000610351562,199.8000030517578,193.0,194.0,12890
2011-12-21,196.0,199.85000610351562,190.0500030517578,194.4499969482422,7152
2011-12-22,190.25,194.89999389648438,190.1999969482422,192.1999969482422,6695
2011-12-23,194.0,194.10000610351562,187.0500030517578,190.39999389648438,6029
2011-12-26,198.75,204.39999389648438,189.5,197.75,7230
2011-12-27,204.89999389648438,211.0,197.10000610351562,205.25,7743
2011-12-28,203.0,208.89999389648438,200.0,204.35000610351562,8456
2011-12-29,204.35000610351562,206.0,197.5,203.25,5170
2011-12-30,204.0,204.89999389648438,198.0,201.9499969482422,7127
2012-01-02,202.0,207.89999389648438,195.5,203.89999389648438,13350
2012-01-03,201.25,204.0,198.25,201.60000610351562,4903
2012-01-04,198.35000610351562,204.0,198.3000030517578,203.1999969482422,12040
2012-01-05,201.10000610351562,207.64999389648438,192.5500030517578,194.85000610351562,85311
2012-01-06,194.6999969482422,199.0,188.0,189.6999969482422,19633
2012-01-09,188.10000610351562,189.5,184.0,185.25,11240
2012-01-10,180.1999969482422,193.8000030517578,180.0,185.9499969482422,34106
2012-01-11,189.5,189.5,184.0500030517578,184.9499969482422,17690
2012-01-12,185.1999969482422,186.39999389648438,182.0,183.0,8983
2012-01-13,187.0,190.0,183.3000030517578,186.9499969482422,16473
2012-01-16,188.89999389648438,190.5,185.60000610351562,189.3000030517578,334056
2012-01-17,194.85000610351562,217.5,192.0,208.85000610351562,88411
2012-01-18,209.6999969482422,213.89999389648438,184.0,207.0500030517578,19598
2012-01-19,205.1999969482422,212.8000030517578,205.0,209.4499969482422,4316
2012-01-20,207.0,241.0,207.0,221.5500030517578,154228
2012-01-23,228.0,233.89999389648438,224.1999969482422,228.0,29869
2012-01-24,233.3000030517578,247.4499969482422,231.35000610351562,239.0,96826
2012-01-25,242.0,250.89999389648438,239.10000610351562,240.9499969482422,44151
2012-01-27,242.0,243.9499969482422,230.0,239.5,25342
2012-01-30,238.0,241.89999389648438,225.10000610351562,228.25,13518
2012-01-31,230.75,234.89999389648438,229.0500030517578,233.9499969482422,4405
2012-02-01,231.0,249.39999389648438,231.0,244.85000610351562,13890
2012-02-02,244.85000610351562,256.0,243.0,244.4499969482422,7909
2012-02-03,243.10000610351562,247.89999389648438,240.0500030517578,242.5,4484
2012-02-06,241.60000610351562,245.0,237.10000610351562,238.0,4588
2012-02-07,240.0,244.75,237.0,240.5500030517578,4647
2012-02-08,240.0,244.60000610351562,240.0,241.9499969482422,3502
2012-02-09,243.9499969482422,246.0,234.0,241.14999389648438,18027
2012-02-10,241.14999389648438,245.0,237.4499969482422,239.1999969482422,4073
2012-02-13,240.0,240.0,233.1999969482422,236.6999969482422,4407
2012-02-14,235.10000610351562,243.0,235.10000610351562,240.5,6829
2012-02-15,244.89999389648438,254.89999389648438,241.0,245.85000610351562,29044
2012-02-16,242.0,245.0,240.0,242.8000030517578,4510
2012-02-17,248.85000610351562,252.6999969482422,236.0,237.35000610351562,21452
2012-02-21,236.10000610351562,242.8000030517578,236.10000610351562,239.35000610351562,5164
2012-02-22,240.9499969482422,251.0,236.5,238.4499969482422,41339
2012-02-23,235.64999389648438,244.85000610351562,235.60000610351562,239.9499969482422,10641
2012-02-24,239.0,244.0,231.0,235.14999389648438,4655
2012-02-27,235.9499969482422,235.9499969482422,221.1999969482422,223.25,2770
2012-02-28,234.0,234.0,224.5,230.35000610351562,5657
2012-02-29,231.0500030517578,236.5500030517578,231.0500030517578,233.1999969482422,2421
2012-03-01,234.0,236.0,228.5500030517578,230.10000610351562,3739
2012-03-02,230.10000610351562,233.9499969482422,225.5500030517578,227.1999969482422,1456
2012-03-05,225.5,228.85000610351562,222.0,222.5,3286
2012-03-06,220.10000610351562,224.75,211.1999969482422,215.39999389648438,5637
2012-03-07,213.5,220.0,210.14999389648438,215.60000610351562,2546
2012-03-09,220.0,235.0,216.10000610351562,219.10000610351562,51826
2012-03-12,221.10000610351562,224.0,218.10000610351562,218.6999969482422,8031
2012-03-13,222.9499969482422,224.75,218.0500030517578,219.8000030517578,7091
2012-03-14,220.0,225.0,216.25,217.6999969482422,14155
2012-03-15,218.0,223.0,215.39999389648438,218.0,3651
2012-03-16,216.10000610351562,220.5,211.5,214.14999389648438,8576
2012-03-19,211.0,217.5,209.0,210.75,9917
2012-03-20,210.0,212.35000610351562,208.14999389648438,208.89999389648438,5676
2012-03-21,207.0,209.75,203.14999389648438,207.85000610351562,8538
2012-03-22,212.85000610351562,245.0,206.60000610351562,210.0,6508
2012-03-23,208.0,219.89999389648438,208.0,215.60000610351562,4851
2012-03-26,212.0,222.89999389648438,208.1999969482422,218.39999389648438,12709
2012-03-27,218.39999389648438,222.6999969482422,211.1999969482422,218.0500030517578,5568
2012-03-28,212.14999389648438,222.5500030517578,207.5500030517578,214.14999389648438,37584
2012-03-29,210.0,214.5,207.5500030517578,213.14999389648438,4052
2012-03-30,213.3000030517578,218.85000610351562,212.0500030517578,216.75,6573
2012-04-02,214.0,221.60000610351562,213.8000030517578,219.89999389648438,9105
2012-04-03,220.0,220.9499969482422,217.5500030517578,220.10000610351562,135795
2012-04-04,222.0,222.0,214.9499969482422,216.35000610351562,1726
2012-04-09,219.89999389648438,219.89999389648438,209.60000610351562,210.0,130724
2012-04-10,210.10000610351562,214.64999389648438,210.10000610351562,210.5500030517578,3192
2012-04-11,212.35000610351562,212.35000610351562,209.75,210.0,485
2012-04-12,210.1999969482422,213.6999969482422,209.5,210.35000610351562,2167
2012-04-13,211.5,213.39999389648438,210.1999969482422,210.4499969482422,768
2012-04-16,214.0,214.9499969482422,210.0,211.6999969482422,2252
2012-04-17,210.5500030517578,212.89999389648438,210.5,211.5,2062
2012-04-18,212.89999389648438,214.10000610351562,211.3000030517578,212.0500030517578,3094
2012-04-19,216.5500030517578,216.60000610351562,211.39999389648438,211.8000030517578,2196
2012-04-20,211.6999969482422,212.85000610351562,202.0,207.5,3639
2012-04-23,210.0,210.9499969482422,207.5,208.14999389648438,2087
2012-04-24,206.14999389648438,210.60000610351562,205.10000610351562,207.0,2523
2012-04-25,210.0,212.85000610351562,204.10000610351562,205.9499969482422,1028
2012-04-26,208.0,209.6999969482422,205.0500030517578,206.0,1805
2012-04-27,204.1999969482422,207.5,201.0,202.6999969482422,2514
2012-04-30,203.0,205.4499969482422,200.0,201.10000610351562,1669
2012-05-02,203.0,204.0,200.25,203.1999969482422,1114
2012-05-03,200.0500030517578,203.89999389648438,193.4499969482422,196.0500030517578,3437
2012-05-04,194.0,198.0,187.0,191.39999389648438,4687
2012-05-07,191.39999389648438,205.6999969482422,185.3000030517578,192.89999389648438,48923
2012-05-08,194.10000610351562,195.0,185.0,186.10000610351562,15909
2012-05-09,186.10000610351562,186.10000610351562,182.4499969482422,183.10000610351562,6027
2012-05-10,185.85000610351562,185.85000610351562,176.10000610351562,179.0,3693
2012-05-11,184.0,184.0,175.0,177.35000610351562,3767
2012-05-14,184.85000610351562,184.85000610351562,175.0,176.0,143565
2012-05-15,176.0,176.0,171.0500030517578,172.3000030517578,2627
2012-05-16,170.1999969482422,176.5,167.6999969482422,173.35000610351562,7898
2012-05-17,175.0,175.0,168.0,168.3000030517578,4853
2012-05-18,168.0,170.0,163.60000610351562,167.8000030517578,4515
2012-05-21,167.60000610351562,171.0,159.0500030517578,159.9499969482422,12697
2012-05-22,161.5500030517578,165.3000030517578,152.14999389648438,153.64999389648438,60467
2012-05-23,152.9499969482422,152.9499969482422,148.0500030517578,148.75,7283
2012-05-24,151.0,151.0,143.85000610351562,146.39999389648438,7847
2012-05-25,143.0,146.64999389648438,141.0,141.89999389648438,62102
2012-05-28,140.0,140.0,115.0,117.9000015258789,744361
2012-05-29,117.9000015258789,120.0,111.5999984741211,112.69999694824219,610889
2012-05-30,112.05000305175781,116.0,104.0,106.30000305175781,240320
2012-05-31,104.0,104.0,95.69999694824219,95.69999694824219,299545
2012-06-01,95.69999694824219,99.5999984741211,91.19999694824219,91.75,577536
2012-06-04,93.0,96.30000305175781,90.0,96.30000305175781,93015
2012-06-05,101.0999984741211,101.0999984741211,96.30000305175781,101.0999984741211,18080
2012-06-06,106.1500015258789,106.1500015258789,100.0999984741211,101.55000305175781,297532
2012-06-07,102.4000015258789,104.80000305175781,96.5,96.75,152826
2012-06-08,96.80000305175781,101.30000305175781,94.4000015258789,95.30000305175781,201289
2012-06-11,96.9000015258789,97.30000305175781,94.94999694824219,95.1500015258789,142768
2012-06-12,95.80000305175781,96.8499984741211,94.5,95.55000305175781,113545
2012-06-13,96.0,100.30000305175781,95.05000305175781,97.6500015258789,316754
2012-06-14,93.1500015258789,99.55000305175781,93.1500015258789,95.30000305175781,114992
2012-06-15,95.9000015258789,99.0,95.9000015258789,97.69999694824219,138255
2012-06-18,99.0,100.0,94.1500015258789,94.8499984741211,105055
2012-06-19,95.9000015258789,95.9000015258789,92.94999694824219,93.55000305175781,107099
2012-06-20,93.6500015258789,94.9000015258789,93.5,93.6500015258789,24915
2012-06-21,94.19999694824219,94.5,91.30000305175781,94.05000305175781,28971
2012-06-22,93.9000015258789,94.55000305175781,92.5,92.80000305175781,66932
2012-06-25,93.69999694824219,94.30000305175781,91.0999984741211,92.05000305175781,121150
2012-06-26,91.05000305175781,92.1500015258789,89.0999984741211,89.6500015258789,156978
2012-06-27,90.5,94.0999984741211,89.0999984741211,94.0999984741211,323385
2012-06-28,98.0,98.80000305175781,94.5,98.80000305175781,193051
2012-06-29,103.69999694824219,103.69999694824219,101.0999984741211,103.69999694824219,85691
2012-07-02,108.8499984741211,108.8499984741211,103.44999694824219,108.8499984741211,442989
2012-07-03,112.80000305175781,114.25,111.5999984741211,114.25,304586
2012-07-04,119.94999694824219,119.94999694824219,113.5,115.6500015258789,177242
2012-07-05,113.6500015258789,117.0,109.9000015258789,115.69999694824219,116644
2012-07-06,115.4000015258789,117.4000015258789,111.5999984741211,113.25,89688
2012-07-09,113.25,113.25,108.0,109.0,65912
2012-07-10,109.25,114.4000015258789,109.0,110.3499984741211,87262
2012-07-11,110.0,114.94999694824219,109.0,112.1500015258789,68630
2012-07-12,110.05000305175781,114.19999694824219,110.05000305175781,112.5,78396
2012-07-13,111.0,113.80000305175781,110.05000305175781,111.44999694824219,79251
2012-07-16,111.75,115.0,109.0,109.8499984741211,82840
2012-07-17,111.4000015258789,112.5999984741211,105.3499984741211,106.5,97180
2012-07-18,107.9000015258789,111.80000305175781,106.05000305175781,111.80000305175781,93223
2012-07-19,116.0,116.0,107.0999984741211,109.1500015258789,130030
2012-07-20,109.30000305175781,111.5999984741211,108.55000305175781,111.0,42002
2012-07-23,111.0,111.0,105.44999694824219,106.0,60766
2012-07-24,107.9000015258789,108.0,104.19999694824219,104.75,37752
2012-07-25,104.80000305175781,105.9000015258789,100.19999694824219,101.94999694824219,43184
2012-07-26,103.0999984741211,103.4000015258789,99.0,99.9000015258789,25868
2012-07-27,103.0,103.4000015258789,99.5999984741211,99.75,36169
2012-07-30,100.9000015258789,100.9000015258789,95.19999694824219,99.19999694824219,20414
2012-07-31,99.9000015258789,101.0,97.55000305175781,99.4000015258789,16793
2012-08-01,100.0,104.3499984741211,99.94999694824219,104.3499984741211,9842
2012-08-02,105.0,109.55000305175781,105.0,106.6500015258789,98723
2012-08-03,106.0,108.5,104.1500015258789,104.9000015258789,29607
2012-08-06,106.8499984741211,108.5,104.5,104.9000015258789,37154
2012-08-07,105.0999984741211,106.9000015258789,102.75,104.4000015258789,29688
2012-08-08,104.5,107.0,102.0,102.5999984741211,63739
2012-08-09,103.9000015258789,104.0,101.19999694824219,101.80000305175781,15419
2012-08-10,99.0,106.5,98.0,102.44999694824219,52017
2012-08-13,102.0,103.8499984741211,102.0,102.69999694824219,10842
2012-08-14,102.9000015258789,107.80000305175781,101.69999694824219,105.4000015258789,104919
2012-08-16,108.9000015258789,109.9000015258789,101.0,102.30000305175781,227923
2012-08-17,102.1500015258789,104.0,100.69999694824219,102.0999984741211,36568
2012-08-21,102.0999984741211,102.69999694824219,100.1500015258789,100.69999694824219,34619
2012-08-22,101.69999694824219,102.55000305175781,99.0,99.30000305175781,30085
2012-08-23,99.9000015258789,100.5999984741211,96.5,97.5,102295
2012-08-24,97.0,97.0,94.05000305175781,94.94999694824219,34999
2012-08-27,94.0,96.0,90.25,91.0,54488
2012-08-28,90.94999694824219,90.94999694824219,87.5,88.4000015258789,58565
2012-08-29,88.0,92.80000305175781,86.1500015258789,92.44999694824219,53518
2012-08-30,92.05000305175781,97.05000305175781,89.19999694824219,97.0,63123
2012-08-31,98.80000305175781,101.8499984741211,94.0,95.19999694824219,70502
2012-09-03,95.0,98.0,94.5,97.05000305175781,30990
2012-09-04,98.4000015258789,98.9000015258789,95.5,97.5,51551
2012-09-05,96.19999694824219,98.75,95.3499984741211,96.05000305175781,60683
2012-09-06,96.80000305175781,97.80000305175781,93.19999694824219,96.0999984741211,82200
2012-09-07,97.69999694824219,100.5,95.1500015258789,95.69999694824219,85453
2012-09-10,96.69999694824219,96.9000015258789,93.5999984741211,94.0,30773
2012-09-11,93.0999984741211,94.8499984741211,92.1500015258789,92.5,25263
2012-09-12,93.9000015258789,97.0,93.19999694824219,94.4000015258789,94390
2012-09-13,94.0999984741211,96.0,92.5,92.6500015258789,17474
2012-09-14,93.25,95.0,93.0,93.0999984741211,30264
2012-09-17,94.80000305175781,100.6500015258789,93.5,97.1500015258789,234333
2012-09-18,97.0,101.0,96.19999694824219,97.5999984741211,101582
2012-09-20,97.80000305175781,97.80000305175781,94.0999984741211,94.69999694824219,20330
2012-09-21,93.69999694824219,104.44999694824219,93.69999694824219,101.19999694824219,310404
2012-09-24,100.5,108.5999984741211,100.0,105.44999694824219,276604
2012-09-25,105.44999694824219,107.4000015258789,100.0999984741211,101.44999694824219,107661
2012-09-26,101.0,108.80000305175781,101.0,103.5,181697
2012-09-27,105.0,105.4000015258789,102.0,102.30000305175781,56773
2012-09-28,104.69999694824219,105.80000305175781,100.0,101.1500015258789,176911
2012-10-01,102.5,106.44999694824219,101.0999984741211,105.4000015258789,167675
2012-10-03,104.0,114.3499984741211,104.0,112.25,330128
2012-10-04,114.0,120.9000015258789,112.0,116.05000305175781,421256
2012-10-05,116.30000305175781,117.0,108.30000305175781,112.80000305175781,163325
2012-10-08,114.0,118.5,113.25,114.9000015258789,196035
2012-10-09,116.5999984741211,117.25,115.0,116.05000305175781,70012
2012-10-10,115.1500015258789,115.9000015258789,108.80000305175781,109.55000305175781,85661
2012-10-11,111.3499984741211,113.80000305175781,108.69999694824219,111.05000305175781,49674
2012-10-12,111.19999694824219,112.8499984741211,106.30000305175781,107.0999984741211,80444
2012-10-15,104.19999694824219,124.9000015258789,100.5999984741211,111.69999694824219,108021
2012-10-16,111.5,115.25,107.0999984741211,108.0999984741211,59078
2012-10-17,108.30000305175781,110.9000015258789,107.05000305175781,107.8499984741211,36269
2012-10-18,108.0999984741211,110.80000305175781,108.0,109.3499984741211,30094
2012-10-19,109.8499984741211,109.9000015258789,106.0999984741211,107.0,36034
2012-10-22,105.0999984741211,109.8499984741211,101.0999984741211,105.25,40852
2012-10-23,104.25,112.0,104.25,105.55000305175781,87114
2012-10-25,105.05000305175781,107.80000305175781,103.69999694824219,104.4000015258789,22957
2012-10-29,102.5999984741211,104.6500015258789,101.5,102.3499984741211,34391
2012-10-30,103.5,103.5,98.8499984741211,99.25,39880
2012-10-31,99.05000305175781,102.9000015258789,96.5999984741211,102.0999984741211,37028
2012-11-01,101.9000015258789,111.0,100.69999694824219,108.9000015258789,331384
2012-11-02,110.1500015258789,111.4000015258789,105.94999694824219,106.44999694824219,79640
2012-11-05,107.80000305175781,108.69999694824219,104.5999984741211,106.44999694824219,51051
2012-11-06,107.5999984741211,108.0,104.3499984741211,105.55000305175781,31574
2012-11-07,105.94999694824219,107.69999694824219,104.6500015258789,105.1500015258789,33157
2012-11-08,104.94999694824219,108.25,104.5,106.0,47155
2012-11-09,105.0,105.9000015258789,100.94999694824219,101.4000015258789,66662
2012-11-12,102.69999694824219,104.0,99.30000305175781,100.1500015258789,45924
2012-11-15,101.0,103.55000305175781,99.3499984741211,101.19999694824219,57480
2012-11-16,101.9000015258789,106.75,101.5999984741211,102.55000305175781,125818
2012-11-19,102.0999984741211,103.5,100.0,100.19999694824219,26194
2012-11-20,100.9000015258789,101.8499984741211,95.4000015258789,97.44999694824219,55107
2012-11-21,97.1500015258789,100.0,97.1500015258789,98.94999694824219,14133
2012-11-22,99.30000305175781,101.5,98.5,98.94999694824219,14810
2012-11-23,98.30000305175781,99.69999694824219,97.5999984741211,98.0,15788
2012-11-26,98.0,98.8499984741211,95.0,96.8499984741211,43314
2012-11-27,97.1500015258789,99.25,97.1500015258789,98.75,20485
2012-11-29,99.30000305175781,99.80000305175781,98.5,99.30000305175781,32239
2012-11-30,100.4000015258789,101.4000015258789,97.3499984741211,98.0,60307
2012-12-03,97.5,100.44999694824219,97.5,98.8499984741211,34605
2012-12-04,99.25,101.4000015258789,99.0999984741211,99.6500015258789,47518
2012-12-05,100.0,100.75,98.5,99.30000305175781,40676
2012-12-06,100.0,101.5,99.5,100.44999694824219,86573
2012-12-07,100.94999694824219,102.0,98.1500015258789,98.6500015258789,60477
2012-12-10,98.5,99.80000305175781,97.5999984741211,98.0,26340
2012-12-11,99.9000015258789,100.8499984741211,96.30000305175781,96.6500015258789,31590
2012-12-12,97.9000015258789,99.25,96.05000305175781,96.3499984741211,25844
2012-12-13,96.9000015258789,97.05000305175781,94.30000305175781,95.25,21734
2012-12-14,96.94999694824219,100.25,94.5999984741211,99.05000305175781,244508
2012-12-17,99.25,103.0999984741211,99.19999694824219,99.5999984741211,74975
2012-12-18,99.5999984741211,100.0,97.6500015258789,98.44999694824219,36726
2012-12-19,97.6500015258789,101.6500015258789,97.30000305175781,97.75,57573
2012-12-20,99.75,99.80000305175781,96.0,97.05000305175781,148491
2012-12-21,97.4000015258789,98.3499984741211,95.80000305175781,97.80000305175781,47153
2012-12-24,98.94999694824219,98.94999694824219,96.05000305175781,97.0,17075
2012-12-26,96.55000305175781,97.75,96.0999984741211,96.5,24206
2012-12-27,96.6500015258789,97.5999984741211,95.30000305175781,96.6500015258789,54234
2012-12-28,97.55000305175781,97.9000015258789,95.1500015258789,97.0999984741211,54485
2012-12-31,97.0,101.0,96.25,99.55000305175781,256651
2013-01-01,100.9000015258789,102.5,99.30000305175781,99.69999694824219,70164
2013-01-02,99.0999984741211,113.69999694824219,98.0999984741211,111.05000305175781,864787
2013-01-03,112.4000015258789,130.1999969482422,111.4000015258789,125.0999984741211,2397342
2013-01-04,126.5,127.9000015258789,121.0,122.5999984741211,680560
2013-01-07,123.0,130.0,119.0999984741211,127.3499984741211,669655
2013-01-08,128.0,133.85000610351562,126.4000015258789,127.8499984741211,681934
2013-01-09,124.5999984741211,124.69999694824219,119.19999694824219,120.80000305175781,584164
2013-01-10,122.1500015258789,128.5,110.3499984741211,112.5999984741211,1281812
2013-01-11,112.0,115.75,101.5,103.55000305175781,541934
2013-01-14,106.80000305175781,111.05000305175781,102.19999694824219,109.9000015258789,305697
2013-01-15,111.0,115.0,110.0999984741211,114.25,241703
2013-01-16,114.80000305175781,114.80000305175781,110.5,113.0,139627
2013-01-17,115.5999984741211,116.75,114.5,115.3499984741211,100354
2013-01-18,119.0,119.0,110.19999694824219,111.0,61783
2013-01-21,111.80000305175781,113.5,107.0,107.80000305175781,44450
2013-01-22,108.4000015258789,113.25,107.8499984741211,109.80000305175781,91026
2013-01-23,109.75,112.0,105.0,106.44999694824219,52275
2013-01-24,107.0999984741211,107.0999984741211,100.05000305175781,100.8499984741211,60676
2013-01-25,101.75,105.0,98.5999984741211,100.8499984741211,49405
2013-01-28,102.30000305175781,103.0,100.0,101.0999984741211,26248
2013-01-29,101.0999984741211,106.0,99.30000305175781,100.44999694824219,90129
2013-01-30,101.80000305175781,102.8499984741211,97.5999984741211,98.6500015258789,49556
2013-01-31,98.94999694824219,99.9000015258789,94.9000015258789,97.44999694824219,47980
2013-02-01,98.0,99.8499984741211,96.30000305175781,98.6500015258789,35419
2013-02-04,99.69999694824219,101.0,97.0999984741211,97.75,25374
2013-02-05,97.25,97.69999694824219,88.0,94.69999694824219,29731
2013-02-06,96.0,96.69999694824219,90.69999694824219,92.25,106898
2013-02-07,93.80000305175781,97.30000305175781,88.25,89.25,210305
2013-02-08,88.8499984741211,89.5,84.5999984741211,85.30000305175781,172880
2013-02-11,87.25,87.30000305175781,83.0,83.30000305175781,45455
2013-02-12,83.30000305175781,84.5,81.4000015258789,82.05000305175781,45076
2013-02-13,83.44999694824219,83.44999694824219,81.0,81.6500015258789,47964
2013-02-14,81.1500015258789,82.5,75.5999984741211,76.75,66196
2013-02-15,74.0,77.75,73.0,74.25,52881
2013-02-18,74.0,78.25,73.94999694824219,77.69999694824219,39110
2013-02-19,78.0,80.6500015258789,77.8499984741211,79.80000305175781,41388
2013-02-20,80.8499984741211,81.8499984741211,79.3499984741211,80.0,28095
2013-02-21,79.0,80.0,75.0,76.69999694824219,26743
2013-02-22,76.0999984741211,78.0,75.0999984741211,75.55000305175781,21539
2013-02-25,70.9000015258789,77.0,70.9000015258789,73.6500015258789,19161
2013-02-26,73.0,74.4000015258789,69.0,70.69999694824219,55790
2013-02-27,70.94999694824219,71.9000015258789,67.0,70.80000305175781,30837
2013-02-28,71.4000015258789,73.80000305175781,68.0,69.6500015258789,37912
2013-03-01,68.05000305175781,70.75,67.0,68.69999694824219,21706
2013-03-04,69.9000015258789,69.9000015258789,63.5,64.3499984741211,57005
2013-03-05,64.05000305175781,65.9000015258789,62.900001525878906,63.599998474121094,50382
2013-03-06,64.55000305175781,69.4000015258789,63.099998474121094,67.3499984741211,78035
2013-03-07,67.1500015258789,70.0,67.05000305175781,69.0,44930
2013-03-08,70.9000015258789,70.9000015258789,67.55000305175781,67.9000015258789,42372
2013-03-11,68.19999694824219,71.80000305175781,68.0,68.5999984741211,37330
2013-03-12,68.9000015258789,69.8499984741211,64.69999694824219,67.75,17269
2013-03-13,68.5999984741211,68.5999984741211,65.8499984741211,67.0999984741211,328157
2013-03-14,67.0999984741211,68.0999984741211,65.05000305175781,67.1500015258789,25958
2013-03-15,68.0,68.0,65.5,66.1500015258789,20722
2013-03-18,66.0,66.0,65.05000305175781,65.19999694824219,10332
2013-03-19,65.19999694824219,65.80000305175781,62.0,62.20000076293945,38177
2013-03-20,61.150001525878906,63.400001525878906,58.29999923706055,58.5,38617
2013-03-21,60.400001525878906,60.75,57.099998474121094,57.95000076293945,121432
2013-03-22,57.45000076293945,58.5,53.099998474121094,54.20000076293945,54627
2013-03-25,54.0,56.0,51.099998474121094,52.29999923706055,43771
2013-03-26,51.79999923706055,54.95000076293945,51.099998474121094,54.099998474121094,49411
2013-03-28,55.0,58.0,53.150001525878906,55.5,63869
2013-04-01,55.45000076293945,57.20000076293945,53.25,54.20000076293945,107435
2013-04-02,54.400001525878906,65.0,54.400001525878906,63.70000076293945,349904
2013-04-03,69.30000305175781,72.80000305175781,65.19999694824219,66.69999694824219,349900
2013-04-04,66.0,66.80000305175781,62.599998474121094,63.5,185588
2013-04-05,63.349998474121094,64.8499984741211,61.5,62.20000076293945,43689
2013-04-08,62.099998474121094,63.150001525878906,61.150001525878906,61.75,20017
2013-04-09,62.099998474121094,64.44999694824219,61.04999923706055,62.150001525878906,37784
2013-04-10,61.95000076293945,62.5,60.25,61.400001525878906,19004
2013-04-11,63.599998474121094,63.599998474121094,60.29999923706055,61.04999923706055,21840
2013-04-12,60.099998474121094,61.5,58.70000076293945,59.25,17098
2013-04-15,61.849998474121094,61.849998474121094,57.95000076293945,59.20000076293945,24677
2013-04-16,59.0,65.1500015258789,59.0,64.0,169475
2013-04-17,65.0,67.0,62.900001525878906,63.79999923706055,54704
2013-04-18,63.25,64.69999694824219,63.25,63.75,16865
2013-04-22,64.69999694824219,64.80000305175781,62.099998474121094,63.599998474121094,32297
2013-04-23,63.5,70.5,63.5,66.6500015258789,125415
2013-04-25,68.9000015258789,69.5999984741211,66.19999694824219,67.05000305175781,54355
2013-04-26,66.5,67.75,63.349998474121094,64.25,32126
2013-04-29,65.6500015258789,65.69999694824219,63.25,63.900001525878906,15296
2013-04-30,65.8499984741211,66.8499984741211,63.5,64.94999694824219,35340
2013-05-02,66.80000305175781,67.3499984741211,63.75,66.0,32334
2013-05-03,65.0,65.9000015258789,64.5,65.19999694824219,20062
2013-05-06,65.0,66.80000305175781,64.94999694824219,66.30000305175781,26802
2013-05-07,66.5,68.0,65.0,66.44999694824219,18373
2013-05-08,66.25,67.44999694824219,66.05000305175781,66.25,13408
2013-05-09,69.0,71.6500015258789,65.8499984741211,66.25,125992
2013-05-10,67.9000015258789,67.9000015258789,65.5,66.0,27272
2013-05-13,66.0,66.80000305175781,63.5,63.849998474121094,21622
2013-05-14,68.1500015258789,68.1500015258789,64.5,65.80000305175781,31927
2013-05-15,65.0,75.5999984741211,65.0,71.9000015258789,824261
2013-05-16,72.9000015258789,72.9000015258789,64.19999694824219,67.9000015258789,124585
2013-05-17,68.30000305175781,72.0999984741211,67.0999984741211,68.5999984741211,103833
2013-05-20,70.0,70.0,66.05000305175781,66.94999694824219,39380
2013-05-21,68.6500015258789,68.6500015258789,65.0999984741211,66.05000305175781,32915
2013-05-22,66.30000305175781,67.0,64.25,64.9000015258789,33615
2013-05-23,64.1500015258789,64.80000305175781,62.79999923706055,63.20000076293945,59736
2013-05-24,63.0,65.55000305175781,61.099998474121094,63.0,28371
2013-05-27,63.849998474121094,65.5,62.150001525878906,62.75,22275
2013-05-28,63.650001525878906,66.69999694824219,62.0,63.650001525878906,85008
2013-05-29,62.54999923706055,63.70000076293945,61.900001525878906,62.349998474121094,22361
2013-05-30,63.900001525878906,63.900001525878906,60.650001525878906,61.20000076293945,20262
2013-05-31,61.04999923706055,61.650001525878906,58.0,58.54999923706055,19720
2013-06-03,58.0,59.5,55.650001525878906,58.150001525878906,13449
2013-06-04,58.099998474121094,59.75,58.099998474121094,58.150001525878906,7182
2013-06-05,59.849998474121094,59.849998474121094,57.349998474121094,58.29999923706055,20724
2013-06-06,57.400001525878906,59.5,56.20000076293945,57.099998474121094,18845
2013-06-07,56.150001525878906,59.70000076293945,56.150001525878906,56.400001525878906,9684
2013-06-10,56.29999923706055,57.95000076293945,55.04999923706055,55.70000076293945,12935
2013-06-11,56.0,56.650001525878906,52.20000076293945,52.599998474121094,25632
2013-06-12,53.0,54.79999923706055,49.70000076293945,50.20000076293945,66417
2013-06-13,50.0,52.45000076293945,48.75,50.5,34582
2013-06-14,51.099998474121094,52.79999923706055,51.099998474121094,52.099998474121094,31046
2013-06-17,53.95000076293945,53.95000076293945,51.099998474121094,52.45000076293945,26359
2013-06-18,52.45000076293945,52.70000076293945,51.5,51.900001525878906,14581
2013-06-19,51.75,52.45000076293945,50.70000076293945,51.099998474121094,19239
2013-06-20,50.0,50.95000076293945,49.04999923706055,50.349998474121094,14885
2013-06-21,48.54999923706055,50.5,48.5,49.54999923706055,13790
2013-06-24,48.25,51.400001525878906,48.0,48.04999923706055,17366
2013-06-25,48.5,50.70000076293945,47.29999923706055,47.95000076293945,16762
2013-06-26,48.349998474121094,48.75,45.54999923706055,46.25,17128
2013-06-27,49.45000076293945,50.04999923706055,44.849998474121094,45.150001525878906,18229
2013-06-28,46.349998474121094,46.70000076293945,44.900001525878906,46.04999923706055,25741
2013-07-01,46.5,49.900001525878906,46.349998474121094,48.849998474121094,30254
2013-07-02,49.0,50.400001525878906,48.0,49.04999923706055,23036
2013-07-03,48.0,49.25,46.75,47.04999923706055,9948
2013-07-04,47.150001525878906,48.29999923706055,46.75,47.849998474121094,13606
2013-07-05,48.349998474121094,49.099998474121094,47.25,47.5,10749
2013-07-08,47.04999923706055,47.75,45.54999923706055,45.95000076293945,13478
2013-07-09,46.0,48.900001525878906,45.599998474121094,47.900001525878906,14602
2013-07-10,50.400001525878906,50.45000076293945,46.04999923706055,47.5,16414
2013-07-11,48.75,49.0,47.70000076293945,48.150001525878906,6577
2013-07-12,48.900001525878906,57.400001525878906,48.900001525878906,52.099998474121094,579913
2013-07-15,52.5,52.900001525878906,50.29999923706055,51.599998474121094,45477
2013-07-16,50.400001525878906,50.849998474121094,48.79999923706055,49.29999923706055,20785
2013-07-17,50.849998474121094,51.45000076293945,48.599998474121094,49.29999923706055,39329
2013-07-18,49.5,49.75,48.099998474121094,48.54999923706055,14832
2013-07-19,48.400001525878906,48.849998474121094,47.5,48.04999923706055,15178
2013-07-22,48.0,48.04999923706055,47.0,47.20000076293945,9997
2013-07-23,47.25,49.0,46.20000076293945,47.29999923706055,11201
2013-07-24,48.20000076293945,50.400001525878906,46.650001525878906,47.150001525878906,62049
2013-07-25,47.29999923706055,47.45000076293945,45.0,46.150001525878906,15424
2013-07-26,46.25,46.849998474121094,43.29999923706055,43.95000076293945,21141
2013-07-29,43.95000076293945,43.95000076293945,41.54999923706055,42.04999923706055,22952
2013-07-30,42.0,42.04999923706055,40.099998474121094,40.29999923706055,31767
2013-07-31,40.04999923706055,40.099998474121094,38.349998474121094,38.95000076293945,17893
2013-08-01,41.79999923706055,41.79999923706055,37.5,39.45000076293945,34169
2013-08-02,39.45000076293945,39.45000076293945,37.5,37.650001525878906,39389
2013-08-05,38.0,38.45000076293945,36.20000076293945,37.79999923706055,21824
2013-08-06,37.79999923706055,38.900001525878906,34.5,35.0,30621
2013-08-07,35.04999923706055,36.900001525878906,34.0,36.150001525878906,12892
2013-08-08,36.150001525878906,37.95000076293945,34.849998474121094,37.0,24400
2013-08-12,36.70000076293945,38.20000076293945,36.099998474121094,37.70000076293945,7469
2013-08-13,38.900001525878906,40.650001525878906,38.04999923706055,39.95000076293945,31955
2013-08-14,40.0,40.849998474121094,38.900001525878906,39.349998474121094,14118
2013-08-16,39.0,39.0,35.0,35.45000076293945,40385
2013-08-19,36.0,36.0,33.5,33.900001525878906,24250
2013-08-20,34.0,34.95000076293945,33.099998474121094,34.25,11889
2013-08-21,36.20000076293945,36.20000076293945,33.5,33.95000076293945,17755
2013-08-22,33.099998474121094,35.400001525878906,32.25,32.45000076293945,25368
2013-08-23,32.45000076293945,34.0,32.400001525878906,32.5,22040
2013-08-26,33.0,34.349998474121094,32.54999923706055,32.95000076293945,19637
2013-08-27,33.099998474121094,33.900001525878906,32.150001525878906,32.45000076293945,11930
2013-08-28,32.0,32.25,30.100000381469727,31.600000381469727,12943
2013-08-29,31.0,35.0,30.049999237060547,32.650001525878906,17346
2013-08-30,32.04999923706055,33.45000076293945,31.350000381469727,32.45000076293945,13129
2013-09-02,32.0,32.599998474121094,31.549999237060547,32.29999923706055,13397
2013-09-03,33.45000076293945,33.599998474121094,31.100000381469727,31.5,18826
2013-09-04,31.149999618530273,32.599998474121094,31.149999618530273,31.700000762939453,11151
2013-09-05,32.04999923706055,35.75,31.5,34.75,79480
2013-09-06,34.5,35.5,33.54999923706055,33.95000076293945,23279
2013-09-10,34.0,35.349998474121094,33.79999923706055,34.900001525878906,17118
2013-09-11,34.95000076293945,40.79999923706055,34.5,39.25,79933
2013-09-12,40.849998474121094,41.04999923706055,38.099998474121094,38.45000076293945,34111
2013-09-13,38.0,40.900001525878906,37.54999923706055,38.5,24417
2013-09-16,39.0,40.45000076293945,37.20000076293945,37.650001525878906,22212
2013-09-17,37.150001525878906,38.5,37.150001525878906,37.70000076293945,12856
2013-09-18,37.20000076293945,37.95000076293945,37.20000076293945,37.599998474121094,12190
2013-09-19,38.5,39.900001525878906,37.849998474121094,39.150001525878906,26738
2013-09-20,39.400001525878906,39.400001525878906,37.150001525878906,37.5,15559
2013-09-23,36.70000076293945,45.0,36.70000076293945,44.0,188216
2013-09-24,50.0,52.79999923706055,47.599998474121094,52.150001525878906,1372403
2013-09-25,53.900001525878906,58.0,50.5,53.75,1511069
2013-09-26,54.650001525878906,56.25,51.75,53.099998474121094,539571
2013-09-27,53.29999923706055,53.75,47.79999923706055,48.45000076293945,230213
2013-09-30,48.54999923706055,48.54999923706055,44.0,44.79999923706055,131123
2013-10-01,46.0,49.25,43.5,49.25,165234
2013-10-03,50.70000076293945,52.349998474121094,47.70000076293945,48.29999923706055,174509
2013-10-04,49.349998474121094,49.349998474121094,46.099998474121094,46.400001525878906,88457
2013-10-07,45.70000076293945,47.70000076293945,45.70000076293945,46.400001525878906,50342
2013-10-08,46.900001525878906,47.45000076293945,44.0,44.400001525878906,104603
2013-10-09,44.20000076293945,46.70000076293945,44.20000076293945,45.5,69244
2013-10-10,45.95000076293945,46.79999923706055,44.75,45.099998474121094,30965
2013-10-11,45.849998474121094,45.900001525878906,43.0,44.45000076293945,30012
2013-10-14,44.0,46.650001525878906,43.54999923706055,44.70000076293945,16801
2013-10-15,44.04999923706055,44.95000076293945,43.70000076293945,44.20000076293945,6893
2013-10-17,44.0,44.95000076293945,43.099998474121094,43.29999923706055,12519
2013-10-18,43.900001525878906,43.900001525878906,42.0,43.0,16684
2013-10-21,43.0,44.900001525878906,43.0,43.95000076293945,10008
2013-10-22,43.45000076293945,44.900001525878906,43.45000076293945,43.900001525878906,6630
2013-10-23,43.75,45.400001525878906,43.150001525878906,43.75,13157
2013-10-24,42.5,43.900001525878906,42.20000076293945,43.099998474121094,7783
2013-10-25,42.099998474121094,43.5,40.95000076293945,40.95000076293945,25979
2013-10-28,41.79999923706055,41.900001525878906,39.04999923706055,39.400001525878906,16340
2013-10-29,39.04999923706055,41.0,38.5,39.099998474121094,17030
2013-10-30,38.599998474121094,39.70000076293945,38.150001525878906,38.75,29542
2013-10-31,39.349998474121094,39.79999923706055,38.099998474121094,39.04999923706055,13542
2013-11-01,38.900001525878906,41.0,38.900001525878906,40.54999923706055,42805
2013-11-05,43.25,43.25,40.25,41.54999923706055,26123
2013-11-06,41.849998474121094,43.0,41.0,41.75,16756
2013-11-07,42.0,42.20000076293945,40.5,41.29999923706055,17766
2013-11-08,40.0,41.900001525878906,39.54999923706055,40.79999923706055,23429
2013-11-11,40.0,41.400001525878906,39.20000076293945,39.650001525878906,14243
2013-11-12,39.25,40.900001525878906,37.70000076293945,38.400001525878906,16808
2013-11-13,37.5,38.650001525878906,37.0,37.95000076293945,10493
2013-11-14,37.650001525878906,38.900001525878906,37.54999923706055,38.04999923706055,8051
2013-11-18,38.20000076293945,38.20000076293945,36.150001525878906,36.75,16753
2013-11-19,36.900001525878906,38.0,36.0,37.400001525878906,14460
2013-11-20,37.79999923706055,38.400001525878906,37.29999923706055,37.599998474121094,6748
2013-11-21,38.25,38.25,36.900001525878906,37.099998474121094,7100
2013-11-22,37.349998474121094,37.400001525878906,36.099998474121094,36.599998474121094,6528
2013-11-25,37.0,37.900001525878906,36.25,36.650001525878906,9917
2013-11-26,36.900001525878906,37.04999923706055,36.099998474121094,36.29999923706055,11159
2013-11-27,36.25,36.25,35.099998474121094,35.599998474121094,7772
2013-11-28,35.0,36.29999923706055,34.79999923706055,35.79999923706055,4207
2013-11-29,36.70000076293945,37.54999923706055,36.54999923706055,37.54999923706055,26141
2013-12-02,39.0,39.400001525878906,38.599998474121094,39.400001525878906,22321
2013-12-03,41.349998474121094,41.349998474121094,40.900001525878906,41.349998474121094,12479
2013-12-04,43.400001525878906,43.400001525878906,41.5,42.099998474121094,67587
2013-12-05,42.54999923706055,43.79999923706055,41.099998474121094,41.5,20614
2013-12-06,41.5,42.0,40.5,40.900001525878906,15012
2013-12-09,42.400001525878906,42.400001525878906,41.0,41.04999923706055,11714
2013-12-10,39.04999923706055,42.79999923706055,39.04999923706055,39.70000076293945,17186
2013-12-11,39.70000076293945,40.04999923706055,38.70000076293945,39.650001525878906,14170
2013-12-12,39.599998474121094,39.900001525878906,38.400001525878906,39.349998474121094,289836
2013-12-13,39.400001525878906,40.400001525878906,38.0,38.70000076293945,12603
2013-12-16,38.900001525878906,39.400001525878906,38.04999923706055,38.349998474121094,10514
2013-12-17,38.5,38.849998474121094,37.150001525878906,37.45000076293945,8058
2013-12-18,37.099998474121094,38.25,35.95000076293945,37.75,20163
2013-12-19,38.349998474121094,38.400001525878906,37.25,37.45000076293945,6377
2013-12-20,37.900001525878906,38.0,37.04999923706055,37.45000076293945,13058
2013-12-23,37.900001525878906,39.29999923706055,37.650001525878906,39.29999923706055,8925
2013-12-24,40.79999923706055,41.25,39.54999923706055,41.25,51425
2013-12-26,42.20000076293945,43.25,41.5,42.650001525878906,50585
2013-12-27,42.79999923706055,42.79999923706055,41.5,42.04999923706055,16250
2013-12-30,42.04999923706055,42.75,41.099998474121094,41.79999923706055,12825
2013-12-31,42.400001525878906,43.849998474121094,41.099998474121094,43.650001525878906,80514
2014-01-01,44.900001525878906,45.45000076293945,42.599998474121094,45.099998474121094,43215
2014-01-02,45.0,47.349998474121094,44.5,45.150001525878906,88500
2014-01-03,43.0,46.0,43.0,45.29999923706055,20118
2014-01-06,45.0,47.54999923706055,45.0,47.54999923706055,61388
2014-01-07,50.0,52.29999923706055,48.5,51.29999923706055,303502
2014-01-08,52.0,54.0,48.25,49.599998474121094,148312
2014-01-09,50.0,50.5,47.5,48.45000076293945,32087
2014-01-10,48.5,48.5,45.099998474121094,45.5,31479
2014-01-13,45.5,49.0,44.70000076293945,45.150001525878906,30337
2014-01-14,44.400001525878906,46.5,44.400001525878906,44.79999923706055,11157
2014-01-15,44.79999923706055,47.400001525878906,40.349998474121094,45.45000076293945,39608
2014-01-16,46.5,46.5,44.04999923706055,44.5,19296
2014-01-17,45.04999923706055,45.04999923706055,42.099998474121094,43.400001525878906,18958
2014-01-20,44.0,45.04999923706055,42.5,43.70000076293945,14252
2014-01-21,44.04999923706055,45.0,43.25,43.79999923706055,32682
2014-01-22,44.20000076293945,44.5,43.29999923706055,43.5,8705
2014-01-23,44.04999923706055,44.349998474121094,43.20000076293945,43.45000076293945,5006
2014-01-24,43.20000076293945,43.5,41.5,41.849998474121094,12451
2014-01-27,41.25,41.25,39.79999923706055,40.04999923706055,21301
2014-01-28,39.5,40.25,38.54999923706055,39.45000076293945,26168
2014-01-29,39.95000076293945,41.04999923706055,38.650001525878906,38.95000076293945,17084
2014-01-30,38.0,39.75,37.5,38.95000076293945,10529
2014-01-31,38.20000076293945,42.79999923706055,38.20000076293945,40.150001525878906,10539
2014-02-03,38.599998474121094,43.20000076293945,38.599998474121094,40.650001525878906,8565
2014-02-04,40.0,41.0,39.5,40.349998474121094,13306
2014-02-05,39.5,40.400001525878906,39.5,39.75,7057
2014-02-06,39.599998474121094,40.5,39.0,39.45000076293945,12330
2014-02-07,39.75,40.5,39.45000076293945,39.849998474121094,13496
2014-02-10,39.5,40.400001525878906,39.099998474121094,39.54999923706055,5049
2014-02-11,39.900001525878906,40.0,39.20000076293945,39.54999923706055,9692
2014-02-12,39.04999923706055,40.5,39.04999923706055,39.20000076293945,9546
2014-02-13,39.0,39.400001525878906,36.5,36.75,38061
2014-02-14,36.599998474121094,36.599998474121094,35.0,35.25,24715
2014-02-17,35.25,35.25,32.79999923706055,33.099998474121094,31477
2014-02-18,33.54999923706055,34.0,32.75,33.0,39674
2014-02-19,33.849998474121094,33.849998474121094,30.25,30.5,117539
2014-02-20,30.75,32.0,30.5,31.899999618530273,44668
2014-02-21,31.899999618530273,33.45000076293945,31.700000762939453,33.45000076293945,58974
2014-02-24,33.79999923706055,35.099998474121094,33.5,34.0,60135
2014-02-25,34.0,34.54999923706055,32.29999923706055,32.849998474121094,47808
2014-02-26,33.5,33.5,32.5,32.650001525878906,11895
2014-02-28,34.25,34.25,33.29999923706055,34.25,30814
2014-03-03,35.95000076293945,35.95000076293945,34.25,34.900001525878906,81355
2014-03-04,35.0,36.599998474121094,34.45000076293945,36.599998474121094,83309
2014-03-05,38.349998474121094,38.400001525878906,37.099998474121094,38.400001525878906,115710
2014-03-06,39.5,40.0,37.5,37.70000076293945,78990
2014-03-07,38.849998474121094,39.849998474121094,38.0,38.95000076293945,93505
2014-03-10,39.5,39.900001525878906,38.0,39.599998474121094,34768
2014-03-11,38.5,40.5,38.0,39.349998474121094,62353
2014-03-12,38.099998474121094,40.150001525878906,38.099998474121094,39.349998474121094,16464
2014-03-13,39.0,41.099998474121094,38.95000076293945,40.04999923706055,44302
2014-03-14,40.099998474121094,40.650001525878906,39.599998474121094,40.400001525878906,16894
2014-03-18,41.0,41.400001525878906,40.04999923706055,40.400001525878906,13707
2014-03-19,41.45000076293945,42.0,41.0,41.20000076293945,15675
2014-03-20,40.0,42.900001525878906,40.0,41.349998474121094,29947
2014-03-21,42.0,42.599998474121094,41.349998474121094,41.599998474121094,11108
2014-03-24,40.20000076293945,42.95000076293945,40.20000076293945,42.29999923706055,12830
2014-03-25,42.25,43.0,41.099998474121094,41.400001525878906,12548
2014-03-26,41.04999923706055,41.900001525878906,40.5,40.79999923706055,18180
2014-03-27,41.0,41.0,38.25,39.04999923706055,94515
2014-03-28,39.20000076293945,41.0,39.0,40.5,45189
2014-03-31,40.900001525878906,43.54999923706055,40.900001525878906,42.349998474121094,31308
2014-04-01,43.5,43.54999923706055,42.0,42.20000076293945,16290
2014-04-02,42.20000076293945,44.20000076293945,41.5,43.849998474121094,23214
2014-04-03,43.0,44.95000076293945,40.0,41.099998474121094,46839
2014-04-04,42.79999923706055,43.75,40.5,41.349998474121094,45959
2014-04-07,42.099998474121094,45.45000076293945,42.099998474121094,45.45000076293945,123052
2014-04-09,46.599998474121094,49.95000076293945,46.0,49.95000076293945,195976
2014-04-10,51.45000076293945,54.900001525878906,51.45000076293945,54.900001525878906,60749
2014-04-11,57.599998474121094,57.599998474121094,57.04999923706055,57.599998474121094,80529
2014-04-15,60.45000076293945,60.45000076293945,57.95000076293945,60.45000076293945,152650
2014-04-16,61.70000076293945,61.70000076293945,57.45000076293945,57.45000076293945,29098
2014-04-17,54.599998474121094,60.29999923706055,54.599998474121094,59.0,212881
2014-04-21,57.25,61.95000076293945,57.25,61.95000076293945,124428
2014-04-22,63.70000076293945,65.0,62.5,65.0,258180
2014-04-23,68.0,68.25,66.9000015258789,68.25,91526
2014-04-25,71.5,71.6500015258789,69.25,71.6500015258789,224924
2014-04-28,75.05000305175781,75.05000305175781,68.0999984741211,68.0999984741211,39211
2014-04-29,64.69999694824219,64.69999694824219,64.69999694824219,64.69999694824219,3776
2014-04-30,61.5,67.44999694824219,61.5,62.20000076293945,101856
2014-05-02,60.5,65.30000305175781,59.099998474121094,64.80000305175781,16211
2014-05-05,66.9000015258789,66.9000015258789,61.599998474121094,61.599998474121094,11209
2014-05-06,61.599998474121094,63.0,58.54999923706055,58.54999923706055,11473
2014-05-07,57.099998474121094,58.0,55.650001525878906,55.900001525878906,42618
2014-05-08,54.79999923706055,58.0,53.150001525878906,55.04999923706055,26220
2014-05-09,52.29999923706055,57.79999923706055,52.29999923706055,57.79999923706055,35386
2014-05-12,60.650001525878906,60.650001525878906,60.650001525878906,60.650001525878906,56882
2014-05-13,61.0,62.70000076293945,57.650001525878906,59.400001525878906,60400
2014-05-14,58.5,62.349998474121094,56.45000076293945,62.34999084472656,74527
2014-05-15,64.25,65.44999694824219,62.0,65.44999694824219,109867
2014-05-16,66.9000015258789,68.69999694824219,63.0,65.69999694824219,163185
2014-05-19,66.0,68.94999694824219,66.0,68.94999694824219,44205
2014-05-20,72.3499984741211,72.3499984741211,72.3499984741211,72.3499984741211,10004
2014-05-21,75.94999694824219,75.94999694824219,75.94999694824219,75.94999694824219,12029
2014-05-22,79.69999694824219,79.69999694824219,79.69999694824219,79.69999694824219,22926
2014-05-23,81.9000015258789,83.6500015258789,75.80000305175781,80.94999694824219,97289
2014-05-26,83.0,84.4000015258789,76.94999694824219,76.94999694824219,39739
2014-05-27,77.0,77.0,73.1500015258789,73.1500015258789,18478
2014-05-28,69.5,76.80000305175781,69.5,74.94999694824219,12591
2014-05-29,75.0,75.55000305175781,71.5999984741211,72.1500015258789,14914
2014-05-30,73.55000305175781,74.75,68.55000305175781,71.6500015258789,37925
2014-06-02,71.5,73.0,70.0,71.6500015258789,19529
2014-06-03,73.0,73.9000015258789,70.80000305175781,72.80000305175781,20865
2014-06-04,73.80000305175781,74.6500015258789,72.0999984741211,73.1500015258789,12086
2014-06-05,74.55000305175781,76.80000305175781,73.1500015258789,76.80000305175781,20240
2014-06-06,80.5,80.5999984741211,80.5,80.5999984741211,18458
2014-06-09,84.5999984741211,84.5999984741211,82.0999984741211,84.5999984741211,58323
2014-06-10,87.9000015258789,87.9000015258789,80.4000015258789,83.9000015258789,56574
2014-06-11,84.9000015258789,85.0,79.75,79.75,39189
2014-06-12,78.0,81.0,75.80000305175781,79.69999694824219,37274
2014-06-13,79.5,81.5,75.75,75.75,38779
2014-06-16,72.05000305175781,74.8499984741211,72.0,72.3499984741211,24280
2014-06-17,74.9000015258789,75.94999694824219,72.05000305175781,75.94999694824219,28152
2014-06-18,79.69999694824219,79.69999694824219,72.5,75.5999984741211,47429
2014-06-19,75.80000305175781,77.0,73.55000305175781,76.25,25793
2014-06-20,75.19999694824219,78.5,75.0,77.3499984741211,30846
2014-06-23,77.0,78.94999694824219,73.55000305175781,77.3499984741211,34924
2014-06-24,76.0,81.19999694824219,75.75,81.19999694824219,72500
2014-06-25,84.80000305175781,84.80000305175781,79.0,80.19999694824219,40656
2014-06-26,80.0999984741211,82.0,79.94999694824219,80.9000015258789,32215
2014-06-27,80.05000305175781,82.4000015258789,79.6500015258789,81.0999984741211,33059
2014-06-30,80.05000305175781,85.1500015258789,79.75,85.1500015258789,54531
2014-07-01,88.9000015258789,89.4000015258789,87.1500015258789,89.4000015258789,23182
2014-07-02,93.8499984741211,93.8499984741211,91.25,92.25,73218
2014-07-03,93.69999694824219,93.80000305175781,87.6500015258789,88.4000015258789,48714
2014-07-04,85.55000305175781,90.5,85.55000305175781,89.4000015258789,29726
2014-07-07,89.0,91.94999694824219,87.0,88.5999984741211,29024
2014-07-08,91.75,91.75,79.75,80.5,39038
2014-07-09,81.0,83.94999694824219,74.94999694824219,79.5999984741211,27354
2014-07-10,79.25,85.05000305175781,75.19999694824219,82.0999984741211,26563
2014-07-11,84.44999694824219,84.69999694824219,75.0,75.19999694824219,18692
2014-07-14,74.9000015258789,79.5999984741211,68.19999694824219,70.25,18599
2014-07-15,71.1500015258789,73.5,71.0,72.0,13673
2014-07-16,73.0,76.69999694824219,73.0,75.5999984741211,26335
2014-07-17,75.5999984741211,77.0,75.0,75.25,10731
2014-07-18,74.0999984741211,76.4000015258789,70.0,70.69999694824219,72824
2014-07-21,70.80000305175781,74.80000305175781,70.80000305175781,72.0999984741211,17353
2014-07-22,72.55000305175781,74.05000305175781,70.55000305175781,71.5999984741211,23389
2014-07-23,72.0,73.69999694824219,69.69999694824219,70.55000305175781,16609
2014-07-24,67.0,71.4000015258789,67.0,70.4000015258789,8236
2014-07-25,70.4000015258789,71.5,67.0,67.94999694824219,15094
2014-07-28,67.19999694824219,70.55000305175781,63.0,66.0,32849
2014-07-30,66.0,68.9000015258789,64.0,67.1500015258789,11579
2014-07-31,67.1500015258789,68.5,66.8499984741211,67.44999694824219,6321
2014-08-01,69.94999694824219,69.94999694824219,65.0,65.5999984741211,9263
2014-08-04,64.69999694824219,66.0,64.0,64.75,10397
2014-08-05,64.0999984741211,67.25,64.0999984741211,66.0,8796
2014-08-06,66.05000305175781,68.5,66.05000305175781,66.8499984741211,7940
2014-08-07,66.0999984741211,68.75,65.0,66.4000015258789,23081
2014-08-08,67.8499984741211,67.8499984741211,63.54999923706055,64.05000305175781,9743
2014-08-11,66.0,66.6500015258789,63.45000076293945,63.650001525878906,12289
2014-08-12,64.80000305175781,64.80000305175781,58.900001525878906,59.95000076293945,35011
2014-08-13,59.0,59.849998474121094,54.20000076293945,55.599998474121094,21648
2014-08-14,54.20000076293945,56.599998474121094,54.20000076293945,54.599998474121094,23241
2014-08-18,54.900001525878906,56.79999923706055,54.099998474121094,55.95000076293945,38586
2014-08-19,58.79999923706055,58.79999923706055,54.650001525878906,55.29999923706055,51738
2014-08-20,54.25,55.849998474121094,52.5,52.75,60487
2014-08-21,51.75,55.5,45.0,53.25,30592
2014-08-22,52.650001525878906,63.900001525878906,52.599998474121094,63.900001525878906,286962
2014-08-25,65.6500015258789,73.4000015258789,65.6500015258789,68.25,730343
2014-08-26,68.5,68.5999984741211,60.0,63.400001525878906,175135
2014-08-27,63.5,67.19999694824219,58.95000076293945,64.30000305175781,87589
2014-08-28,67.4000015258789,67.4000015258789,57.099998474121094,58.75,73007
2014-09-01,62.900001525878906,62.900001525878906,59.20000076293945,62.25,41979
2014-09-02,61.75,65.0,61.650001525878906,63.29999923706055,39883
2014-09-03,63.29999923706055,63.5,60.5,61.349998474121094,31984
2014-09-04,62.0,62.0,58.70000076293945,59.54999923706055,31117
2014-09-05,60.0,62.900001525878906,58.150001525878906,59.349998474121094,36939
2014-09-08,59.349998474121094,61.5,59.25,59.75,24354
2014-09-09,59.79999923706055,61.45000076293945,58.0,58.79999923706055,27207
2014-09-10,57.79999923706055,62.599998474121094,57.70000076293945,59.849998474121094,68181
2014-09-11,59.849998474121094,62.29999923706055,59.849998474121094,61.75,47768
2014-09-12,61.099998474121094,62.29999923706055,58.5,59.0,43139
2014-09-15,59.0,60.349998474121094,58.0,58.75,27678
2014-09-16,58.20000076293945,60.900001525878906,52.75,53.79999923706055,50285
2014-09-17,59.5,63.650001525878906,56.400001525878906,57.400001525878906,641229
2014-09-18,57.400001525878906,61.79999923706055,57.400001525878906,60.29999923706055,422587
2014-09-19,60.0,61.45000076293945,58.5,59.5,109913
2014-09-22,59.400001525878906,59.79999923706055,58.5,59.25,27396
2014-09-23,59.54999923706055,59.95000076293945,56.099998474121094,56.5,27993
2014-09-24,58.5,60.099998474121094,55.0,55.400001525878906,24017
2014-09-25,55.0,57.0,52.0,52.400001525878906,28934
2014-09-26,52.0,54.900001525878906,51.70000076293945,53.75,27064
2014-09-29,56.099998474121094,56.95000076293945,53.599998474121094,55.29999923706055,20702
2014-09-30,54.75,56.54999923706055,53.900001525878906,54.099998474121094,17045
2014-10-01,54.0,54.95000076293945,53.95000076293945,54.45000076293945,8184
2014-10-07,53.900001525878906,56.79999923706055,51.150001525878906,52.25,22879
2014-10-08,51.70000076293945,53.5,51.5,51.849998474121094,9827
2014-10-09,54.0,54.0,51.54999923706055,52.900001525878906,28441
2014-10-10,53.95000076293945,53.95000076293945,52.0,52.349998474121094,13496
2014-10-13,54.0,54.0,52.0,52.400001525878906,7234
2014-10-14,52.0,53.400001525878906,51.5,51.75,5826
2014-10-16,51.20000076293945,52.5,49.5,49.95000076293945,18746
2014-10-17,50.0,50.900001525878906,48.400001525878906,48.79999923706055,17519
2014-10-20,49.0,50.900001525878906,49.0,49.5,8708
2014-10-21,49.0,51.0,48.54999923706055,49.20000076293945,10923
2014-10-22,48.29999923706055,50.45000076293945,48.29999923706055,49.54999923706055,9662
2014-10-27,50.79999923706055,52.04999923706055,49.75,50.79999923706055,12915
2014-10-28,49.70000076293945,51.20000076293945,49.599998474121094,50.900001525878906,9284
2014-10-29,50.400001525878906,52.45000076293945,50.400001525878906,50.900001525878906,17250
2014-10-30,50.5,61.04999923706055,50.5,61.04999923706055,311248
2014-10-31,64.94999694824219,66.80000305175781,60.349998474121094,61.0,463206
2014-11-03,62.79999923706055,64.5,62.5,64.0999984741211,113432
2014-11-05,64.19999694824219,66.0,60.04999923706055,61.349998474121094,76586
2014-11-07,61.849998474121094,62.400001525878906,57.849998474121094,59.150001525878906,68902
2014-11-10,59.0,59.900001525878906,57.0,57.400001525878906,34268
2014-11-11,59.0,59.0,56.0,56.95000076293945,30747
2014-11-12,57.45000076293945,61.95000076293945,55.599998474121094,57.400001525878906,59592
2014-11-13,57.25,59.099998474121094,55.900001525878906,57.150001525878906,32489
2014-11-14,55.5,57.25,53.099998474121094,56.5,97123
2014-11-17,55.0,57.0,53.54999923706055,55.599998474121094,51331
2014-11-18,56.349998474121094,56.900001525878906,55.099998474121094,55.79999923706055,32465
2014-11-19,56.349998474121094,57.849998474121094,55.20000076293945,55.75,38381
2014-11-20,57.0,57.0,54.70000076293945,54.95000076293945,16239
2014-11-21,54.400001525878906,57.0,52.0,53.20000076293945,37570
2014-11-24,52.849998474121094,61.400001525878906,52.849998474121094,56.95000076293945,255719
2014-11-25,56.54999923706055,56.849998474121094,53.20000076293945,53.79999923706055,42696
2014-11-26,54.900001525878906,58.0,54.5,55.599998474121094,32180
2014-11-27,55.849998474121094,55.849998474121094,53.900001525878906,54.25,21977
2014-11-28,55.79999923706055,55.79999923706055,53.5,54.29999923706055,26349
2014-12-01,53.599998474121094,56.79999923706055,53.5,53.79999923706055,15487
2014-12-02,56.20000076293945,56.79999923706055,53.04999923706055,53.5,22510
2014-12-03,54.0,55.20000076293945,53.650001525878906,54.54999923706055,25058
2014-12-04,56.0,56.900001525878906,54.0,54.5,32474
2014-12-05,54.54999923706055,55.5,53.5,54.150001525878906,30628
2014-12-08,54.54999923706055,55.400001525878906,52.599998474121094,53.25,23048
2014-12-09,53.400001525878906,54.20000076293945,51.0,51.95000076293945,36029
2014-12-10,51.650001525878906,53.45000076293945,51.349998474121094,51.79999923706055,34877
2014-12-11,52.5,52.5,50.0,50.599998474121094,46811
2014-12-12,51.0,51.70000076293945,49.5,49.849998474121094,35480
2014-12-15,49.0,53.0,48.0,50.349998474121094,75211
2014-12-16,50.5,54.75,47.79999923706055,48.5,91439
2014-12-17,48.099998474121094,49.95000076293945,47.099998474121094,48.5,32839
2014-12-18,49.25,52.0,49.25,50.599998474121094,28993
2014-12-19,50.0,52.099998474121094,48.0,48.95000076293945,43272
2014-12-22,49.150001525878906,49.95000076293945,48.20000076293945,49.45000076293945,19493
2014-12-23,49.04999923706055,50.29999923706055,48.0,48.29999923706055,13929
2014-12-24,49.5,49.75,48.0,48.54999923706055,27620
2014-12-26,47.25,49.0,47.25,48.150001525878906,45028
2014-12-29,48.099998474121094,49.900001525878906,48.099998474121094,49.150001525878906,53989
2014-12-30,49.0,49.900001525878906,48.54999923706055,48.95000076293945,6411
2014-12-31,49.0,49.0,45.54999923706055,46.0,153924
2015-01-01,47.650001525878906,48.04999923706055,46.5,47.29999923706055,44922
2015-01-02,47.400001525878906,49.0,47.400001525878906,48.599998474121094,37080
2015-01-05,49.0,51.900001525878906,48.599998474121094,50.54999923706055,59158
2015-01-06,49.29999923706055,50.0,48.0,48.20000076293945,22777
2015-01-07,48.099998474121094,48.349998474121094,46.5,46.849998474121094,18062
2015-01-08,47.900001525878906,48.900001525878906,47.25,48.20000076293945,19921
2015-01-09,47.79999923706055,48.900001525878906,47.0,47.29999923706055,20260
2015-01-12,47.79999923706055,50.849998474121094,47.099998474121094,47.650001525878906,22798
2015-01-13,47.79999923706055,48.099998474121094,47.099998474121094,47.599998474121094,16098
2015-01-14,48.099998474121094,48.25,46.5,46.70000076293945,11600
2015-01-15,48.0,49.900001525878906,47.900001525878906,48.099998474121094,35270
2015-01-16,48.099998474121094,48.900001525878906,47.099998474121094,47.75,18240
2015-01-19,46.099998474121094,55.95000076293945,46.099998474121094,53.099998474121094,606730
2015-01-20,53.79999923706055,53.79999923706055,50.150001525878906,51.099998474121094,90445
2015-01-21,51.900001525878906,53.150001525878906,50.099998474121094,50.650001525878906,50934
2015-01-22,50.5,51.0,49.45000076293945,50.400001525878906,41630
2015-01-23,50.099998474121094,52.900001525878906,48.599998474121094,49.0,23957
2015-01-27,50.900001525878906,52.70000076293945,48.5,50.25,103156
2015-01-28,50.650001525878906,52.0,48.20000076293945,48.650001525878906,48498
2015-01-29,50.0,50.20000076293945,48.099998474121094,48.599998474121094,35050
2015-01-30,49.95000076293945,51.5,49.0,49.54999923706055,68351
2015-02-02,49.5,51.5,49.0,50.45000076293945,34705
2015-02-03,50.599998474121094,51.849998474121094,49.20000076293945,49.599998474121094,17987
2015-02-04,51.0,51.0,47.75,48.400001525878906,44146
2015-02-05,48.900001525878906,49.349998474121094,47.70000076293945,48.099998474121094,11132
2015-02-06,49.20000076293945,49.20000076293945,45.099998474121094,46.54999923706055,21240
2015-02-09,46.150001525878906,46.900001525878906,45.099998474121094,45.54999923706055,70720
2015-02-10,45.54999923706055,47.04999923706055,45.20000076293945,46.04999923706055,20036
2015-02-11,46.400001525878906,48.45000076293945,45.0,46.75,31030
2015-02-12,46.150001525878906,47.95000076293945,46.150001525878906,47.25,18141
2015-02-13,47.75,48.29999923706055,46.400001525878906,46.900001525878906,24146
2015-02-16,46.900001525878906,48.0,46.45000076293945,47.150001525878906,15312
2015-02-18,47.20000076293945,49.900001525878906,47.0,48.04999923706055,43525
2015-02-19,49.0,50.79999923706055,47.25,47.79999923706055,57530
2015-02-20,48.599998474121094,48.849998474121094,46.79999923706055,47.599998474121094,47342
2015-02-23,48.0,48.400001525878906,46.599998474121094,47.0,32724
2015-02-24,46.79999923706055,47.79999923706055,46.75,47.099998474121094,34323
2015-02-25,47.79999923706055,47.95000076293945,46.5,46.599998474121094,23119
2015-02-26,47.349998474121094,47.349998474121094,45.79999923706055,46.099998474121094,14626
2015-02-27,46.900001525878906,47.5,46.099998474121094,47.20000076293945,27895
2015-03-02,46.45000076293945,49.900001525878906,46.0,47.20000076293945,61226
2015-03-03,47.75,48.45000076293945,46.79999923706055,47.20000076293945,68928
2015-03-04,47.5,48.400001525878906,46.0,46.25,28151
2015-03-05,46.25,46.849998474121094,45.79999923706055,46.099998474121094,17314
2015-03-09,45.45000076293945,45.79999923706055,44.20000076293945,44.45000076293945,25257
2015-03-10,45.099998474121094,45.099998474121094,41.849998474121094,42.45000076293945,50470
2015-03-11,42.45000076293945,43.25,42.099998474121094,42.650001525878906,15681
2015-03-12,42.349998474121094,43.29999923706055,41.79999923706055,42.099998474121094,29614
2015-03-13,42.0,43.0,40.099998474121094,40.349998474121094,47126
2015-03-16,40.04999923706055,40.79999923706055,38.25,38.54999923706055,34788
2015-03-17,38.900001525878906,39.400001525878906,38.099998474121094,38.349998474121094,26746
2015-03-18,38.45000076293945,40.400001525878906,37.20000076293945,39.45000076293945,33892
2015-03-19,40.0,40.599998474121094,37.5,39.25,27418
2015-03-20,39.900001525878906,39.900001525878906,38.0,38.349998474121094,18679
2015-03-23,38.099998474121094,38.5,37.0,37.29999923706055,16688
2015-03-24,37.150001525878906,37.150001525878906,31.200000762939453,34.75,29906
2015-03-25,34.54999923706055,35.900001525878906,34.20000076293945,34.45000076293945,20498
2015-03-26,34.0,35.0,33.650001525878906,33.95000076293945,17993
2015-03-27,34.5,34.5,29.399999618530273,31.600000381469727,71203
2015-03-30,31.5,32.95000076293945,29.700000762939453,32.650001525878906,62941
2015-03-31,34.95000076293945,39.150001525878906,34.70000076293945,39.150001525878906,293261
2015-04-01,39.849998474121094,45.5,39.79999923706055,41.75,602648
2015-04-06,42.400001525878906,47.5,39.79999923706055,44.900001525878906,713667
2015-04-07,45.29999923706055,45.29999923706055,42.400001525878906,43.25,122378
2015-04-08,44.0,44.20000076293945,42.099998474121094,42.75,44752
2015-04-09,43.0,43.0,38.400001525878906,40.900001525878906,62673
2015-04-10,40.79999923706055,42.0,38.70000076293945,41.400001525878906,48170
2015-04-13,40.5,41.70000076293945,38.650001525878906,40.54999923706055,39686
2015-04-15,40.54999923706055,41.5,40.0,40.25,25693
2015-04-16,40.5,41.20000076293945,39.150001525878906,39.650001525878906,33015
2015-04-17,39.650001525878906,40.54999923706055,38.5,38.70000076293945,25451
2015-04-20,38.849998474121094,39.150001525878906,36.5,36.75,81050
2015-04-21,37.0,37.0,36.29999923706055,36.650001525878906,27605
2015-04-22,36.45000076293945,37.95000076293945,36.29999923706055,36.650001525878906,25704
2015-04-23,36.349998474121094,37.900001525878906,36.099998474121094,36.349998474121094,23187
2015-04-24,36.0,36.70000076293945,34.849998474121094,34.95000076293945,23765
2015-04-27,35.79999923706055,35.79999923706055,32.599998474121094,32.95000076293945,25647
2015-04-28,32.95000076293945,34.29999923706055,32.150001525878906,33.70000076293945,27423
2015-04-29,33.5,37.0,32.95000076293945,35.45000076293945,47412
2015-04-30,37.29999923706055,37.29999923706055,34.849998474121094,35.400001525878906,41190
2015-05-04,35.099998474121094,36.95000076293945,35.099998474121094,36.400001525878906,16732
2015-05-05,36.400001525878906,36.79999923706055,35.599998474121094,36.04999923706055,14048
2015-05-06,36.04999923706055,37.0,34.54999923706055,35.29999923706055,30113
2015-05-07,34.900001525878906,36.099998474121094,34.04999923706055,34.45000076293945,37427
2015-05-08,35.0,35.95000076293945,34.29999923706055,34.95000076293945,15319
2015-05-11,35.20000076293945,35.95000076293945,35.04999923706055,35.5,9374
2015-05-12,35.150001525878906,35.599998474121094,34.150001525878906,35.04999923706055,12363
2015-05-13,35.400001525878906,35.75,34.75,35.04999923706055,6865
2015-05-14,34.75,35.349998474121094,34.20000076293945,34.599998474121094,12893
2015-05-15,35.54999923706055,35.599998474121094,34.70000076293945,35.25,15202
2015-05-18,35.25,35.54999923706055,34.849998474121094,35.20000076293945,7066
2015-05-19,35.45000076293945,35.45000076293945,34.5,34.79999923706055,10615
2015-05-20,35.0,35.400001525878906,33.70000076293945,34.0,15291
2015-05-21,34.5,34.599998474121094,33.5,33.79999923706055,18509
2015-05-22,34.099998474121094,34.099998474121094,33.20000076293945,33.400001525878906,23732
2015-05-25,33.900001525878906,33.900001525878906,33.150001525878906,33.45000076293945,7759
2015-05-26,33.150001525878906,33.45000076293945,32.29999923706055,32.95000076293945,18514
2015-05-27,32.5,33.25,32.20000076293945,32.45000076293945,14567
2015-05-28,32.599998474121094,33.0,32.400001525878906,32.79999923706055,22431
2015-05-29,32.95000076293945,33.849998474121094,32.79999923706055,33.099998474121094,12913
2015-06-01,33.400001525878906,34.0,32.099998474121094,32.650001525878906,28414
2015-06-02,33.0,33.20000076293945,31.850000381469727,32.099998474121094,23459
2015-06-03,32.04999923706055,32.04999923706055,27.5,30.049999237060547,37928
2015-06-04,30.0,31.899999618530273,28.0,29.299999237060547,34080
2015-06-05,30.0,31.0,29.0,29.899999618530273,12213
2015-06-08,31.399999618530273,31.450000762939453,29.5,29.899999618530273,10957
2015-06-09,29.5,31.0,28.5,29.049999237060547,27751
2015-06-10,29.899999618530273,29.950000762939453,29.25,29.75,13087
2015-06-11,29.350000381469727,30.450000762939453,28.899999618530273,29.049999237060547,4694
2015-06-12,29.950000762939453,30.0,28.149999618530273,28.75,5302
2015-06-15,28.799999237060547,31.950000762939453,28.799999237060547,29.350000381469727,228594
2015-06-16,29.899999618530273,30.0,29.299999237060547,29.649999618530273,39458
2015-06-17,32.599998474121094,35.54999923706055,32.599998474121094,35.54999923706055,1406773
2015-06-18,36.25,37.0,34.400001525878906,35.20000076293945,775395
2015-06-19,35.20000076293945,35.79999923706055,32.599998474121094,33.45000076293945,256563
2015-06-22,33.25,35.150001525878906,33.25,34.099998474121094,85671
2015-06-23,34.70000076293945,34.70000076293945,33.5,33.54999923706055,42164
2015-06-24,34.099998474121094,34.099998474121094,32.150001525878906,33.0,38067
2015-06-25,33.5,33.5,31.799999237060547,32.0,60755
2015-06-26,32.20000076293945,32.25,31.0,31.950000762939453,43831
2015-06-29,31.5,31.5,30.100000381469727,30.850000381469727,30788
2015-06-30,31.0,31.5,30.549999237060547,31.149999618530273,21082
2015-07-01,31.450000762939453,31.899999618530273,30.899999618530273,31.5,34412
2015-07-02,31.299999237060547,32.599998474121094,31.0,31.600000381469727,64975
2015-07-03,30.5,31.700000762939453,30.5,31.0,111640
2015-07-06,30.899999618530273,34.099998474121094,30.25,33.400001525878906,88472
2015-07-07,34.099998474121094,34.099998474121094,33.0,33.349998474121094,65689
2015-07-08,32.95000076293945,33.900001525878906,32.0,33.5,56211
2015-07-09,33.150001525878906,37.0,33.0,34.5,136728
2015-07-10,34.25,35.0,33.5,34.04999923706055,29003
2015-07-13,34.29999923706055,34.900001525878906,34.20000076293945,34.349998474121094,12846
2015-07-14,34.0,36.0,34.0,35.29999923706055,67347
2015-07-15,35.849998474121094,36.0,35.25,35.75,22540
2015-07-16,36.349998474121094,36.599998474121094,35.45000076293945,35.54999923706055,43546
2015-07-17,35.150001525878906,35.5,34.25,34.599998474121094,29249
2015-07-20,34.150001525878906,35.70000076293945,34.150001525878906,34.79999923706055,22866
2015-07-21,34.29999923706055,35.400001525878906,33.599998474121094,34.04999923706055,20320
2015-07-22,34.0,34.849998474121094,33.349998474121094,34.75,23112
2015-07-23,34.79999923706055,34.95000076293945,34.0,34.25,10239
2015-07-24,35.04999923706055,36.349998474121094,32.599998474121094,33.099998474121094,64426
2015-07-27,33.5,33.79999923706055,31.100000381469727,32.5,33719
2015-07-28,32.900001525878906,32.900001525878906,31.350000381469727,31.600000381469727,10629
2015-07-29,31.649999618530273,32.5,30.799999237060547,31.200000762939453,36343
2015-07-30,31.899999618530273,32.650001525878906,31.049999237060547,32.150001525878906,32920
2015-07-31,32.25,32.900001525878906,32.0,32.099998474121094,20074
2015-08-03,32.20000076293945,33.400001525878906,31.399999618530273,32.79999923706055,31134
2015-08-04,32.54999923706055,33.70000076293945,32.54999923706055,33.25,17018
2015-08-05,33.20000076293945,34.400001525878906,32.599998474121094,33.849998474121094,50140
2015-08-06,33.150001525878906,34.849998474121094,33.150001525878906,33.599998474121094,26220
2015-08-07,33.400001525878906,34.29999923706055,33.20000076293945,33.75,23470
2015-08-10,33.20000076293945,33.900001525878906,32.70000076293945,33.0,23914
2015-08-11,32.900001525878906,34.0,32.0,32.29999923706055,27810
2015-08-12,32.25,33.25,31.0,31.850000381469727,28319
2015-08-13,31.649999618530273,33.0,31.5,32.04999923706055,21052
2015-08-14,32.79999923706055,32.79999923706055,31.049999237060547,32.150001525878906,23211
2015-08-17,31.899999618530273,32.400001525878906,30.700000762939453,31.149999618530273,28257
2015-08-18,31.600000381469727,31.899999618530273,31.149999618530273,31.299999237060547,10850
2015-08-19,31.049999237060547,31.649999618530273,31.049999237060547,31.149999618530273,13597
2015-08-20,31.5,32.29999923706055,28.899999618530273,29.600000381469727,57906
2015-08-21,29.600000381469727,30.100000381469727,28.149999618530273,29.450000762939453,13621
2015-08-24,29.0,29.0,26.450000762939453,26.649999618530273,27397
2015-08-25,27.350000381469727,27.5,24.75,26.600000381469727,25343
2015-08-26,26.899999618530273,27.200000762939453,26.0,26.649999618530273,28532
2015-08-27,26.799999237060547,27.899999618530273,26.799999237060547,27.549999237060547,14419
2015-08-28,28.450000762939453,28.899999618530273,27.100000381469727,27.350000381469727,13999
2015-08-31,27.200000762939453,28.399999618530273,27.149999618530273,27.799999237060547,9621
2015-09-01,27.899999618530273,28.25,26.700000762939453,27.350000381469727,9604
2015-09-02,27.350000381469727,28.049999237060547,27.0,27.299999237060547,3335
2015-09-03,27.5,28.5,27.399999618530273,27.649999618530273,8201
2015-09-04,28.200000762939453,28.200000762939453,25.049999237060547,26.0,15661
2015-09-07,25.799999237060547,27.100000381469727,25.100000381469727,25.600000381469727,16284
2015-09-08,25.799999237060547,26.700000762939453,25.5,26.0,16416
2015-09-09,26.299999237060547,27.950000762939453,26.299999237060547,27.450000762939453,26218
2015-09-10,27.0,28.0,26.200000762939453,26.600000381469727,7229
2015-09-11,27.700000762939453,27.700000762939453,26.600000381469727,27.25,5602
2015-09-14,27.899999618530273,27.899999618530273,27.0,27.299999237060547,4347
2015-09-15,27.600000381469727,29.399999618530273,27.600000381469727,27.600000381469727,7323
2015-09-16,28.299999237060547,28.5,27.350000381469727,27.850000381469727,17156
2015-09-18,28.950000762939453,29.149999618530273,28.350000381469727,28.450000762939453,13026
2015-09-21,27.100000381469727,29.450000762939453,27.100000381469727,28.950000762939453,7194
2015-09-22,28.5,28.950000762939453,27.0,27.200000762939453,10995
2015-09-23,27.899999618530273,28.200000762939453,26.700000762939453,27.700000762939453,5386
2015-09-24,27.299999237060547,28.0,27.200000762939453,27.450000762939453,7677
2015-09-28,30.0,32.0,28.700000762939453,29.149999618530273,68582
2015-09-29,28.899999618530273,30.0,28.149999618530273,29.0,18717
2015-09-30,29.0,29.799999237060547,28.5,28.950000762939453,14427
2015-10-01,29.850000381469727,29.850000381469727,28.0,28.75,12932
2015-10-05,29.0,29.799999237060547,28.25,28.950000762939453,11169
2015-10-06,28.799999237060547,30.25,28.600000381469727,29.149999618530273,16650
2015-10-07,29.049999237060547,31.5,29.0,30.200000762939453,40716
2015-10-08,30.200000762939453,31.75,29.200000762939453,30.299999237060547,17369
2015-10-09,30.950000762939453,32.45000076293945,29.350000381469727,29.649999618530273,17170
2015-10-12,29.850000381469727,32.0,29.5,30.5,20360
2015-10-13,30.549999237060547,31.0,29.899999618530273,30.049999237060547,11187
2015-10-14,30.350000381469727,32.25,29.700000762939453,30.850000381469727,17277
2015-10-15,31.399999618530273,31.450000762939453,30.149999618530273,30.450000762939453,11201
2015-10-16,30.549999237060547,31.0,30.0,30.399999618530273,9117
2015-10-19,30.299999237060547,31.299999237060547,30.149999618530273,30.850000381469727,21260
2015-10-20,31.0,31.399999618530273,30.299999237060547,30.75,17839
2015-10-21,30.350000381469727,32.79999923706055,30.200000762939453,31.299999237060547,41951
2015-10-23,31.049999237060547,31.700000762939453,29.549999237060547,29.899999618530273,48134
2015-10-26,30.149999618530273,31.0,30.0,30.100000381469727,9340
2015-10-27,30.0,30.850000381469727,29.5,29.850000381469727,3729
2015-10-28,29.850000381469727,30.399999618530273,29.75,30.0,1550
2015-10-29,29.049999237060547,30.700000762939453,29.049999237060547,29.399999618530273,3998
2015-10-30,30.5,30.5,29.200000762939453,29.350000381469727,20192
2015-11-02,28.899999618530273,30.0,28.799999237060547,29.100000381469727,10560
2015-11-03,29.75,29.75,28.799999237060547,28.850000381469727,5675
2015-11-04,29.100000381469727,29.399999618530273,28.549999237060547,28.950000762939453,3555
2015-11-05,28.600000381469727,29.25,28.299999237060547,28.450000762939453,4823
2015-11-06,29.600000381469727,29.600000381469727,27.600000381469727,27.75,9963
2015-11-09,27.5,28.950000762939453,27.5,27.950000762939453,6736
2015-11-10,28.5,28.700000762939453,27.5,27.549999237060547,7271
2015-11-13,27.899999618530273,29.75,27.450000762939453,29.149999618530273,15971
2015-11-16,29.450000762939453,29.549999237060547,28.5,28.700000762939453,13079
2015-11-17,28.5,29.200000762939453,27.25,28.850000381469727,12186
2015-11-18,28.299999237060547,29.049999237060547,28.0,28.700000762939453,8516
2015-11-19,28.75,29.25,28.5,28.950000762939453,4863
2015-11-20,28.5,30.0,28.5,29.25,15864
2015-11-23,29.049999237060547,29.25,28.700000762939453,28.950000762939453,3535
2015-11-24,28.899999618530273,29.950000762939453,28.700000762939453,29.5,25336
2015-11-26,29.600000381469727,30.350000381469727,29.299999237060547,29.450000762939453,17422
2015-11-27,30.649999618530273,30.700000762939453,29.549999237060547,29.899999618530273,18695
2015-11-30,30.0,35.849998474121094,29.549999237060547,35.849998474121094,169078
2015-12-01,37.20000076293945,39.099998474121094,36.20000076293945,36.70000076293945,413674
2015-12-02,36.79999923706055,36.900001525878906,34.95000076293945,36.54999923706055,56515
2015-12-03,36.0,37.54999923706055,35.099998474121094,36.099998474121094,48453
2015-12-04,36.25,36.29999923706055,34.0,34.54999923706055,28049
2015-12-07,36.25,36.45000076293945,33.25,34.099998474121094,18386
2015-12-08,34.79999923706055,34.79999923706055,30.0,31.450000762939453,60770
2015-12-09,31.5,32.0,30.25,30.649999618530273,34398
2015-12-10,30.549999237060547,31.600000381469727,30.5,31.450000762939453,13722
2015-12-11,31.799999237060547,31.799999237060547,30.200000762939453,30.399999618530273,15887
2015-12-14,30.850000381469727,31.5,30.5,31.200000762939453,7052
2015-12-15,31.700000762939453,31.75,30.649999618530273,31.299999237060547,5434
2015-12-16,31.0,31.600000381469727,30.399999618530273,30.5,27654
2015-12-17,31.299999237060547,31.299999237060547,29.700000762939453,30.299999237060547,56139
2015-12-18,31.299999237060547,31.299999237060547,30.149999618530273,30.399999618530273,15829
2015-12-21,30.950000762939453,33.29999923706055,30.700000762939453,32.25,82440
2015-12-22,32.25,38.70000076293945,32.25,36.95000076293945,575436
2015-12-23,37.400001525878906,38.0,35.25,35.70000076293945,95449
2015-12-24,35.0,36.0,34.25,34.45000076293945,56597
2015-12-28,34.0,36.349998474121094,34.0,35.20000076293945,38804
2015-12-29,34.25,36.20000076293945,33.5,33.70000076293945,44150
2015-12-30,33.95000076293945,34.400001525878906,33.04999923706055,33.20000076293945,39950
2015-12-31,34.0,34.45000076293945,32.400001525878906,32.650001525878906,41182
2016-01-01,33.0,34.0,33.0,33.400001525878906,38843
2016-01-04,33.25,35.0,33.25,34.75,65348
2016-01-05,35.5,39.5,34.150001525878906,37.70000076293945,228706
2016-01-06,38.0,38.400001525878906,36.099998474121094,36.70000076293945,58817
2016-01-07,35.95000076293945,36.0,33.75,34.400001525878906,49406
2016-01-08,35.29999923706055,35.849998474121094,34.099998474121094,35.25,27635
2016-01-11,34.0,35.650001525878906,34.0,35.20000076293945,14430
2016-01-12,36.599998474121094,36.75,34.29999923706055,34.54999923706055,11337
2016-01-13,35.45000076293945,35.45000076293945,31.399999618530273,33.04999923706055,35363
2016-01-14,32.150001525878906,33.95000076293945,32.150001525878906,33.5,29939
2016-01-15,34.75,34.75,31.0,31.399999618530273,19189
2016-01-18,32.0,32.0,29.75,30.200000762939453,28073
2016-01-19,31.25,31.450000762939453,30.0,30.899999618530273,24957
2016-01-20,30.049999237060547,30.799999237060547,29.0,30.100000381469727,23004
2016-01-21,30.399999618530273,31.049999237060547,29.700000762939453,30.100000381469727,4413
2016-01-22,31.0,32.29999923706055,30.350000381469727,32.04999923706055,17102
2016-01-25,33.20000076293945,33.25,32.0,32.20000076293945,13500
2016-01-27,32.150001525878906,32.5,31.100000381469727,32.099998474121094,3829
2016-01-28,32.5,32.5,31.299999237060547,31.899999618530273,12437
2016-01-29,32.5,32.5,30.799999237060547,32.20000076293945,6725
2016-02-01,32.5,32.5,31.549999237060547,31.850000381469727,6059
2016-02-02,32.04999923706055,32.25,31.0,31.350000381469727,4271
2016-02-03,31.0,31.200000762939453,29.0,30.0,12709
2016-02-04,30.350000381469727,32.0,30.0,30.100000381469727,16138
2016-02-05,30.100000381469727,31.100000381469727,30.049999237060547,30.799999237060547,4903
2016-02-08,31.600000381469727,31.600000381469727,30.600000381469727,30.799999237060547,2643
2016-02-09,30.399999618530273,31.600000381469727,30.0,30.649999618530273,8864
2016-02-10,31.75,31.75,30.049999237060547,30.75,33356
2016-02-11,30.5,31.0,29.25,30.25,26946
2016-02-12,31.450000762939453,31.450000762939453,27.549999237060547,29.549999237060547,26404
2016-02-15,30.049999237060547,32.0,30.049999237060547,31.450000762939453,13237
2016-02-16,32.0,34.900001525878906,31.100000381469727,33.04999923706055,56438
2016-02-17,32.099998474121094,35.5,30.450000762939453,34.900001525878906,46581
2016-02-18,35.900001525878906,39.400001525878906,34.20000076293945,38.349998474121094,95342
2016-02-19,38.900001525878906,44.95000076293945,37.099998474121094,43.400001525878906,377667
2016-02-22,45.099998474121094,47.70000076293945,45.0,47.70000076293945,803320
2016-02-23,49.650001525878906,52.45000076293945,47.20000076293945,52.0,598003
2016-02-24,52.900001525878906,54.20000076293945,46.79999923706055,46.79999923706055,442011
2016-02-25,44.0,45.400001525878906,42.150001525878906,43.349998474121094,185345
2016-02-26,45.099998474121094,46.400001525878906,42.29999923706055,44.400001525878906,102618
2016-02-29,44.45000076293945,46.20000076293945,42.54999923706055,44.29999923706055,50662
2016-03-01,44.0,48.70000076293945,44.0,48.25,141783
2016-03-02,50.150001525878906,53.04999923706055,48.5,53.04999923706055,170480
2016-03-03,52.0,57.5,51.400001525878906,52.650001525878906,173246
2016-03-04,52.25,56.0,51.150001525878906,55.20000076293945,92908
2016-03-08,55.25,60.70000076293945,54.5,60.70000076293945,246095
2016-03-09,61.400001525878906,63.70000076293945,60.54999923706055,63.70000076293945,216423
2016-03-10,64.80000305175781,66.8499984741211,63.25,66.8499984741211,340331
2016-03-11,65.9000015258789,65.9000015258789,63.54999923706055,63.54999923706055,43451
2016-03-14,62.0,66.69999694824219,60.400001525878906,66.69999694824219,215418
2016-03-15,67.4000015258789,70.0,66.25,70.0,144678
2016-03-16,71.69999694824219,73.5,71.6500015258789,73.5,107777
2016-03-17,77.1500015258789,77.1500015258789,74.5,77.1500015258789,254109
2016-03-18,78.5999984741211,81.0,78.5999984741211,81.0,241167
2016-03-21,83.4000015258789,85.05000305175781,76.94999694824219,77.0,280197
2016-03-22,78.8499984741211,80.0,73.1500015258789,73.4000015258789,136632
2016-03-23,74.9000015258789,74.9000015258789,69.75,70.0,119655
2016-03-28,68.30000305175781,70.5,66.5,66.69999694824219,124767
2016-03-29,65.0999984741211,67.0,63.400001525878906,63.400001525878906,132367
2016-03-30,63.04999923706055,63.849998474121094,60.25,60.400001525878906,116515
2016-03-31,59.95000076293945,62.45000076293945,57.79999923706055,58.849998474121094,178454
2016-04-01,58.0,61.75,57.0,61.650001525878906,280388
2016-04-04,62.900001525878906,64.69999694824219,62.650001525878906,64.3499984741211,384833
2016-04-05,64.19999694824219,64.19999694824219,61.150001525878906,61.20000076293945,111263
2016-04-06,62.0,63.95000076293945,58.400001525878906,58.75,62210
2016-04-07,59.150001525878906,61.099998474121094,58.0,58.400001525878906,77273
2016-04-08,57.75,58.25,55.54999923706055,56.54999923706055,61404
2016-04-11,57.0,59.349998474121094,55.20000076293945,59.349998474121094,43386
2016-04-12,59.650001525878906,60.599998474121094,58.0,59.849998474121094,123627
2016-04-13,59.79999923706055,60.95000076293945,57.5,58.650001525878906,70315
2016-04-18,58.150001525878906,61.54999923706055,58.150001525878906,61.5,360001
2016-04-20,63.20000076293945,64.25,59.54999923706055,60.400001525878906,133695
2016-04-21,60.599998474121094,60.75,58.5,59.150001525878906,44679
2016-04-22,59.79999923706055,60.95000076293945,59.0,59.900001525878906,34216
2016-04-25,60.04999923706055,61.45000076293945,59.099998474121094,59.650001525878906,43945
2016-04-26,59.75,60.0,58.25,58.900001525878906,31099
2016-04-27,58.150001525878906,58.849998474121094,57.5,57.849998474121094,38772
2016-04-28,57.650001525878906,59.0,56.79999923706055,57.25,30016
2016-04-29,56.20000076293945,57.70000076293945,55.099998474121094,55.849998474121094,42668
2016-05-02,55.849998474121094,55.849998474121094,53.099998474121094,54.25,42082
2016-05-03,54.95000076293945,56.0,53.54999923706055,54.349998474121094,49584
2016-05-04,53.150001525878906,55.0,53.150001525878906,54.099998474121094,41920
2016-05-05,55.0,55.79999923706055,53.5,54.349998474121094,26365
2016-05-06,53.25,57.400001525878906,53.25,54.5,43970
2016-05-09,54.150001525878906,59.95000076293945,54.099998474121094,59.900001525878906,174739
2016-05-10,58.95000076293945,64.80000305175781,58.54999923706055,61.79999923706055,202108
2016-05-11,61.75,63.5,60.0,60.70000076293945,79716
2016-05-12,60.70000076293945,62.70000076293945,60.099998474121094,60.849998474121094,31593
2016-05-13,61.0,61.45000076293945,58.25,58.650001525878906,22281
2016-05-16,56.099998474121094,60.0,56.099998474121094,57.75,36575
2016-05-17,58.04999923706055,62.0,57.150001525878906,59.29999923706055,76606
2016-05-18,59.0,61.5,59.0,61.04999923706055,64116
2016-05-19,60.5,62.0,58.20000076293945,59.150001525878906,42272
2016-05-20,59.5,60.400001525878906,58.75,59.400001525878906,28678
2016-05-23,60.04999923706055,61.5,58.54999923706055,59.599998474121094,55569
2016-05-24,60.400001525878906,60.95000076293945,58.70000076293945,59.20000076293945,24353
2016-05-25,60.45000076293945,63.900001525878906,58.04999923706055,62.650001525878906,54503
2016-05-26,61.20000076293945,68.9000015258789,58.54999923706055,59.45000076293945,734791
2016-05-27,60.25,62.0,59.5,61.0,142869
2016-05-30,61.75,67.0999984741211,61.5,67.05000305175781,288536
2016-05-31,73.4000015258789,73.75,69.30000305175781,73.75,1269201
2016-06-01,75.9000015258789,79.80000305175781,73.4000015258789,74.0,851940
2016-06-02,73.55000305175781,73.55000305175781,68.80000305175781,69.8499984741211,246852
2016-06-03,69.5,70.75,64.30000305175781,67.0,249839
2016-06-06,67.0,68.69999694824219,65.0,65.94999694824219,67363
2016-06-07,66.19999694824219,72.5,65.5,67.94999694824219,565170
2016-06-08,68.75,71.0,68.19999694824219,68.94999694824219,184582
2016-06-09,69.19999694824219,69.25,67.0,68.3499984741211,110497
2016-06-10,68.05000305175781,75.1500015258789,68.05000305175781,72.69999694824219,731927
2016-06-13,72.19999694824219,76.4000015258789,70.0,75.05000305175781,405280
2016-06-14,76.05000305175781,76.8499984741211,74.4000015258789,75.44999694824219,212966
2016-06-15,73.5999984741211,77.69999694824219,73.5,75.5,204437
2016-06-16,76.5999984741211,76.5999984741211,72.55000305175781,74.44999694824219,135773
2016-06-17,76.4000015258789,76.4000015258789,72.5,74.0,92653
2016-06-20,72.25,74.94999694824219,72.25,74.0999984741211,90527
2016-06-21,74.05000305175781,74.9000015258789,72.55000305175781,73.19999694824219,77936
2016-06-22,72.05000305175781,80.4000015258789,71.5,72.44999694824219,66588
2016-06-23,71.5,73.55000305175781,71.0,71.19999694824219,65590
2016-06-24,70.8499984741211,70.8499984741211,66.19999694824219,69.0999984741211,136774
2016-06-27,69.0,73.80000305175781,68.19999694824219,71.69999694824219,96758
2016-06-28,73.80000305175781,78.8499984741211,72.05000305175781,78.19999694824219,325236
2016-06-29,80.0,83.9000015258789,79.5999984741211,80.5,436999
2016-06-30,80.0999984741211,84.0999984741211,79.94999694824219,81.3499984741211,182878
2016-07-01,82.0,88.80000305175781,81.3499984741211,83.05000305175781,445044
2016-07-04,83.94999694824219,90.3499984741211,83.5,86.75,659099
2016-07-05,89.69999694824219,90.80000305175781,86.9000015258789,87.8499984741211,727663
2016-07-07,90.0,91.80000305175781,87.5,88.0,723246
2016-07-08,89.0,89.0,84.0999984741211,85.4000015258789,162411
2016-07-11,86.9000015258789,87.80000305175781,86.0999984741211,86.69999694824219,98752
2016-07-12,87.0,92.80000305175781,84.5,89.30000305175781,368462
2016-07-13,89.6500015258789,89.69999694824219,86.55000305175781,87.0,192077
2016-07-14,88.9000015258789,95.4000015258789,88.5,93.44999694824219,898157
2016-07-15,93.80000305175781,94.25,89.5999984741211,90.25,194730
2016-07-18,90.0,91.80000305175781,86.0999984741211,87.25,160639
2016-07-19,87.0,87.5999984741211,83.19999694824219,85.5,160425
2016-07-20,86.44999694824219,93.69999694824219,86.05000305175781,93.0,422574
2016-07-21,92.9000015258789,95.9000015258789,90.5,92.5999984741211,490485
2016-07-22,91.6500015258789,94.4000015258789,91.6500015258789,92.6500015258789,120813
2016-07-25,93.44999694824219,94.3499984741211,91.19999694824219,92.55000305175781,162439
2016-07-26,94.94999694824219,94.94999694824219,89.5,90.3499984741211,97099
2016-07-27,89.3499984741211,92.19999694824219,88.1500015258789,89.0,97154
2016-07-28,89.9000015258789,90.55000305175781,86.5999984741211,87.94999694824219,93731
2016-07-29,88.0,89.6500015258789,88.0,88.1500015258789,52140
2016-08-01,88.75,89.69999694824219,86.5,87.05000305175781,89271
2016-08-02,86.0999984741211,87.44999694824219,82.25,82.9000015258789,111660
2016-08-03,83.0999984741211,83.4000015258789,80.0999984741211,81.05000305175781,77886
2016-08-04,80.6500015258789,85.5,80.6500015258789,82.5999984741211,92769
2016-08-05,82.4000015258789,85.4000015258789,82.4000015258789,83.1500015258789,64706
2016-08-08,83.9000015258789,85.0,80.4000015258789,81.44999694824219,40026
2016-08-09,81.9000015258789,82.5,79.0999984741211,80.19999694824219,51687
2016-08-10,80.5999984741211,81.25,77.0,77.30000305175781,62581
2016-08-11,77.05000305175781,79.44999694824219,76.0999984741211,77.30000305175781,90920
2016-08-12,77.69999694824219,78.44999694824219,76.69999694824219,77.05000305175781,37444
2016-08-16,78.25,78.69999694824219,73.5,75.1500015258789,34060
2016-08-17,75.25,76.4000015258789,72.5,73.25,43072
2016-08-18,73.25,75.80000305175781,73.25,75.0,39815
2016-08-19,75.4000015258789,79.9000015258789,75.4000015258789,76.94999694824219,84378
2016-08-22,78.0,79.0,77.0,78.30000305175781,51837
2016-08-23,78.5999984741211,79.05000305175781,76.69999694824219,76.94999694824219,22631
2016-08-24,77.5999984741211,77.5999984741211,75.5999984741211,76.3499984741211,28772
2016-08-25,77.8499984741211,78.8499984741211,75.30000305175781,75.8499984741211,55198
2016-08-26,76.05000305175781,76.94999694824219,74.55000305175781,74.9000015258789,36329
2016-08-29,74.5999984741211,77.4000015258789,72.69999694824219,75.1500015258789,49906
2016-08-30,85.0,85.0,77.55000305175781,78.05000305175781,749507
2016-08-31,79.0,85.0,77.0,80.6500015258789,534256
2016-09-01,81.4000015258789,81.4000015258789,77.80000305175781,78.25,92830
2016-09-02,78.0,81.8499984741211,77.5,79.75,78951
2016-09-06,80.5,81.75,78.0,79.0,105676
2016-09-07,80.0,80.1500015258789,77.6500015258789,77.94999694824219,46177
2016-09-08,78.69999694824219,79.5,77.5,78.69999694824219,46396
2016-09-09,79.8499984741211,79.94999694824219,78.0999984741211,79.0,54594
2016-09-12,77.44999694824219,78.0,74.5,76.1500015258789,98759
2016-09-14,76.0,81.05000305175781,74.0999984741211,78.75,207070
2016-09-15,78.94999694824219,80.3499984741211,76.5999984741211,78.3499984741211,62415
2016-09-16,78.3499984741211,80.0999984741211,77.44999694824219,77.8499984741211,86078
2016-09-19,77.9000015258789,78.25,76.5999984741211,77.05000305175781,35328
2016-09-20,76.5,77.05000305175781,73.5,74.0999984741211,92954
2016-09-21,73.4000015258789,75.5,73.4000015258789,73.8499984741211,47743
2016-09-22,75.75,75.75,74.30000305175781,74.6500015258789,23663
2016-09-23,74.1500015258789,77.05000305175781,74.1500015258789,74.6500015258789,47634
2016-09-26,76.8499984741211,76.9000015258789,73.5,74.0,37557
2016-09-27,74.0999984741211,74.80000305175781,72.0999984741211,73.19999694824219,46597
2016-09-28,73.1500015258789,75.0,73.0,74.0,32147
2016-09-29,74.9000015258789,75.05000305175781,65.80000305175781,66.55000305175781,96049
2016-09-30,67.19999694824219,73.9000015258789,67.0,69.8499984741211,37343
2016-10-03,70.0,72.25,70.0,71.80000305175781,31154
2016-10-04,72.5,75.9000015258789,71.0999984741211,74.94999694824219,46805
2016-10-05,74.0,75.94999694824219,73.5999984741211,74.8499984741211,27888
2016-10-06,73.4000015258789,75.0,73.30000305175781,73.75,20075
2016-10-07,73.05000305175781,74.9000015258789,72.0999984741211,73.4000015258789,23042
2016-10-10,73.4000015258789,75.80000305175781,72.30000305175781,74.55000305175781,21325
2016-10-13,72.4000015258789,74.05000305175781,70.0,73.19999694824219,48838
2016-10-14,73.05000305175781,75.0,70.8499984741211,71.1500015258789,50253
2016-10-17,72.0999984741211,73.5,69.05000305175781,69.25,55155
2016-10-18,70.9000015258789,71.8499984741211,69.05000305175781,71.19999694824219,38285
2016-10-19,71.5,74.9000015258789,70.19999694824219,74.44999694824219,54677
2016-10-20,74.44999694824219,75.9000015258789,74.44999694824219,75.0,21993
2016-10-21,76.19999694824219,76.44999694824219,73.0,74.0,19124
2016-10-24,74.4000015258789,84.0,73.80000305175781,82.75,183135
2016-10-25,83.5,83.94999694824219,79.5999984741211,80.30000305175781,75502
2016-10-26,80.5,85.30000305175781,77.4000015258789,78.5999984741211,189365
2016-10-27,78.5,80.30000305175781,77.9000015258789,78.80000305175781,63322
2016-10-28,79.75,81.9000015258789,78.3499984741211,80.9000015258789,74449
2016-11-01,80.5,81.80000305175781,78.0,79.55000305175781,54817
2016-11-02,78.94999694824219,79.0,75.0999984741211,75.9000015258789,49375
2016-11-03,77.94999694824219,77.94999694824219,73.5,74.0,57880
2016-11-04,74.80000305175781,74.80000305175781,70.0999984741211,71.6500015258789,33529
2016-11-07,72.94999694824219,77.19999694824219,72.6500015258789,74.4000015258789,46509
2016-11-08,75.0,76.05000305175781,72.6500015258789,73.0,14812
2016-11-09,68.94999694824219,69.5,61.0,68.9000015258789,44360
2016-11-10,70.0,73.0999984741211,70.0,71.75,22415
2016-11-11,71.0,71.25,65.80000305175781,67.1500015258789,76115
2016-11-15,66.0,67.5,57.5,58.75,47895
2016-11-16,60.0,61.54999923706055,56.349998474121094,57.400001525878906,61042
2016-11-17,57.79999923706055,60.650001525878906,56.29999923706055,56.79999923706055,35546
2016-11-18,56.0,59.650001525878906,55.150001525878906,58.900001525878906,19061
2016-11-21,59.0,60.0,52.599998474121094,53.79999923706055,46912
2016-11-22,55.20000076293945,62.099998474121094,53.75,60.599998474121094,26140
2016-11-23,62.79999923706055,63.54999923706055,60.04999923706055,62.5,30067
2016-11-24,62.0,63.900001525878906,61.150001525878906,62.25,15850
2016-11-25,63.95000076293945,64.0,62.0,63.0,13092
2016-11-28,65.0,71.0,63.0,69.80000305175781,204732
2016-11-29,70.5,70.9000015258789,68.0,68.25,31587
2016-11-30,68.1500015258789,68.94999694824219,67.5,67.94999694824219,12974
2016-12-01,69.5,70.0,67.94999694824219,68.55000305175781,48240
2016-12-02,67.19999694824219,68.75,65.05000305175781,66.30000305175781,25694
2016-12-05,65.25,67.69999694824219,65.25,65.75,12058
2016-12-06,66.5,67.19999694824219,65.75,66.3499984741211,7356
2016-12-07,68.5,68.5,66.05000305175781,66.75,17323
2016-12-08,69.44999694824219,69.44999694824219,66.55000305175781,67.5999984741211,11596
2016-12-09,68.0,71.0,66.0,69.30000305175781,66670
2016-12-12,67.5,69.0,67.0,67.3499984741211,26145
2016-12-13,67.5999984741211,68.75,64.0,64.9000015258789,52917
2016-12-14,64.0,65.6500015258789,63.0,64.80000305175781,39624
2016-12-15,65.6500015258789,65.6500015258789,63.5,64.0999984741211,7790
2016-12-16,64.0,66.9000015258789,63.20000076293945,64.80000305175781,33510
2016-12-19,62.04999923706055,65.0,62.04999923706055,62.95000076293945,10502
2016-12-20,63.75,64.05000305175781,62.70000076293945,63.45000076293945,6604
2016-12-21,63.54999923706055,65.0,61.20000076293945,62.45000076293945,12506
2016-12-22,62.04999923706055,63.04999923706055,60.29999923706055,60.95000076293945,12420
2016-12-23,61.099998474121094,61.95000076293945,59.5,60.54999923706055,20288
2016-12-26,60.0,60.04999923706055,58.0,58.150001525878906,18464
2016-12-27,57.25,61.0,57.25,60.25,16505
2016-12-28,59.849998474121094,61.75,59.849998474121094,60.45000076293945,9135
2016-12-29,60.20000076293945,62.04999923706055,60.0,61.349998474121094,9817
2016-12-30,61.20000076293945,63.20000076293945,61.20000076293945,62.25,19896
2017-01-02,63.0,64.05000305175781,62.54999923706055,63.849998474121094,8918
2017-01-03,64.80000305175781,67.0,63.5,65.19999694824219,22033
2017-01-04,65.44999694824219,69.0999984741211,65.0,68.05000305175781,36977
2017-01-05,68.05000305175781,71.0999984741211,68.0,68.9000015258789,32260
2017-01-06,69.80000305175781,70.05000305175781,67.4000015258789,68.3499984741211,31149
2017-01-09,68.0,68.0,65.44999694824219,65.69999694824219,42303
2017-01-10,66.0,67.05000305175781,62.29999923706055,62.54999923706055,89847
2017-01-11,62.70000076293945,65.0,62.70000076293945,64.05000305175781,50249
2017-01-12,63.0,65.94999694824219,62.79999923706055,63.45000076293945,8888
2017-01-13,64.19999694824219,65.05000305175781,63.0,63.29999923706055,11550
2017-01-16,64.0,64.8499984741211,62.79999923706055,64.55000305175781,11661
2017-01-17,64.3499984741211,65.9000015258789,63.099998474121094,64.94999694824219,22734
2017-01-18,66.9000015258789,67.4000015258789,65.30000305175781,66.0999984741211,28633
2017-01-19,65.4000015258789,67.30000305175781,65.4000015258789,66.0,12370
2017-01-20,66.0,67.05000305175781,64.69999694824219,65.30000305175781,26312
2017-01-23,63.70000076293945,66.9000015258789,63.650001525878906,66.05000305175781,7807
2017-01-24,66.9000015258789,72.05000305175781,65.55000305175781,70.55000305175781,114505
2017-01-25,72.80000305175781,76.3499984741211,72.44999694824219,75.05000305175781,155953
2017-01-27,75.05000305175781,75.8499984741211,73.0999984741211,73.30000305175781,69942
2017-01-30,74.0,74.69999694824219,72.0999984741211,72.5999984741211,26317
2017-01-31,72.0,74.1500015258789,71.4000015258789,72.75,28930
2017-02-01,73.19999694824219,76.1500015258789,70.0,74.8499984741211,47864
2017-02-02,75.94999694824219,75.94999694824219,73.1500015258789,73.55000305175781,15944
2017-02-03,73.19999694824219,74.69999694824219,73.0,73.0999984741211,24432
2017-02-06,73.0999984741211,76.69999694824219,73.0999984741211,74.0999984741211,43604
2017-02-07,75.44999694824219,76.5,74.0,75.19999694824219,30837
2017-02-08,76.80000305175781,76.9000015258789,74.0,75.69999694824219,49990
2017-02-09,75.4000015258789,76.05000305175781,74.19999694824219,74.5999984741211,17538
2017-02-10,74.5999984741211,75.0,73.5999984741211,73.94999694824219,11398
2017-02-13,76.5999984741211,78.9000015258789,73.5,75.0999984741211,82626
2017-02-14,75.80000305175781,78.0,75.5,77.6500015258789,140762
2017-02-15,84.4000015258789,88.44999694824219,79.0,80.30000305175781,680967
2017-02-16,79.5999984741211,82.4000015258789,78.4000015258789,80.0999984741211,118308
2017-02-17,80.5,82.30000305175781,79.0,79.80000305175781,79391
2017-02-20,79.80000305175781,87.19999694824219,79.80000305175781,85.5999984741211,402678
2017-02-21,86.0,86.55000305175781,82.5,82.94999694824219,90167
2017-02-22,83.6500015258789,86.4000015258789,82.0,82.44999694824219,143415
2017-02-23,82.25,83.6500015258789,82.05000305175781,82.4000015258789,33195
2017-02-27,82.4000015258789,83.5,80.69999694824219,81.1500015258789,54758
2017-02-28,80.3499984741211,84.0,80.0,81.30000305175781,35828
2017-03-01,81.8499984741211,82.05000305175781,79.0999984741211,80.44999694824219,33161
2017-03-02,81.0,81.9000015258789,78.5,78.6500015258789,37513
2017-03-03,78.5,80.0,77.4000015258789,78.1500015258789,43290
2017-03-06,78.6500015258789,78.8499984741211,76.3499984741211,77.30000305175781,30817
2017-03-07,77.05000305175781,78.5,73.0,74.69999694824219,38874
2017-03-08,74.0999984741211,75.5,73.0,74.0999984741211,71376
2017-03-09,74.0,84.4000015258789,72.0,82.94999694824219,334712
2017-03-10,84.8499984741211,86.69999694824219,82.05000305175781,82.75,287183
2017-03-14,84.80000305175781,85.30000305175781,77.8499984741211,79.6500015258789,80951
2017-03-15,79.75,84.3499984741211,79.44999694824219,82.1500015258789,113002
2017-03-16,82.80000305175781,87.94999694824219,81.55000305175781,86.05000305175781,243300
2017-03-17,87.4000015258789,91.5,86.4000015258789,88.80000305175781,257856
2017-03-20,89.25,106.55000305175781,88.9000015258789,106.55000305175781,2587963
2017-03-21,112.0,113.5999984741211,94.69999694824219,95.69999694824219,2222427
2017-03-22,93.4000015258789,94.8499984741211,88.05000305175781,90.94999694824219,1716525
2017-03-23,91.80000305175781,107.75,91.4000015258789,106.0,4606218
2017-03-24,105.69999694824219,109.94999694824219,103.80000305175781,104.94999694824219,1668520
2017-03-27,105.9000015258789,107.9000015258789,104.5,105.80000305175781,464398
2017-03-28,106.80000305175781,109.4000015258789,104.0999984741211,105.0999984741211,526854
2017-03-29,106.30000305175781,106.30000305175781,99.0999984741211,100.75,492673
2017-03-30,101.0,105.0,100.94999694824219,102.69999694824219,334204
2017-03-31,103.5999984741211,105.5,100.6500015258789,101.55000305175781,371361
2017-04-03,102.0,109.5999984741211,102.0,107.80000305175781,1183651
2017-04-05,109.30000305175781,119.4000015258789,109.30000305175781,114.05000305175781,1914524
2017-04-06,114.44999694824219,118.5,112.0999984741211,112.6500015258789,728624
2017-04-07,111.19999694824219,116.0,110.19999694824219,111.55000305175781,521181
2017-04-10,112.6500015258789,116.3499984741211,111.44999694824219,113.55000305175781,411058
2017-04-11,114.0,121.69999694824219,113.8499984741211,118.19999694824219,1183714
2017-04-12,118.25,119.4000015258789,109.30000305175781,112.9000015258789,1773980
2017-04-13,112.9000015258789,114.9000015258789,109.25,110.6500015258789,583985
2017-04-17,111.30000305175781,113.5,108.0999984741211,110.5999984741211,464254
2017-04-18,111.0,114.94999694824219,110.0,110.3499984741211,524324
2017-04-19,111.25,111.75,108.25,109.75,197358
2017-04-20,110.44999694824219,113.19999694824219,110.0,110.5999984741211,188404
2017-04-21,111.0,115.55000305175781,109.75,110.6500015258789,536891
2017-04-24,110.6500015258789,114.0,110.6500015258789,111.6500015258789,336097
2017-04-25,112.44999694824219,112.9000015258789,110.0,110.69999694824219,303206
2017-04-26,111.19999694824219,113.5,106.4000015258789,108.30000305175781,322300
2017-04-27,109.69999694824219,109.75,105.5,106.3499984741211,155288
2017-04-28,106.8499984741211,108.0,103.30000305175781,104.0,205012
2017-05-02,104.0,111.4000015258789,104.0,109.44999694824219,609967
2017-05-03,109.55000305175781,112.9000015258789,109.19999694824219,110.05000305175781,280432
2017-05-04,110.8499984741211,111.69999694824219,106.3499984741211,107.3499984741211,141583
2017-05-05,107.55000305175781,108.5,104.6500015258789,105.0999984741211,107370
2017-05-08,106.25,111.94999694824219,105.05000305175781,110.19999694824219,302729
2017-05-09,112.9000015258789,113.25,109.69999694824219,110.80000305175781,314638
2017-05-10,110.25,111.5,108.5,108.80000305175781,114432
2017-05-11,109.1500015258789,110.9000015258789,104.69999694824219,105.75,199784
2017-05-12,106.0,109.05000305175781,105.0,106.19999694824219,127613
2017-05-15,107.5,107.5999984741211,105.4000015258789,105.94999694824219,61395
2017-05-16,106.80000305175781,109.80000305175781,106.0999984741211,108.80000305175781,220065
2017-05-17,108.25,108.94999694824219,106.80000305175781,107.9000015258789,63042
2017-05-18,107.0,107.0,104.44999694824219,104.69999694824219,130891
2017-05-19,105.25,109.0,102.19999694824219,102.80000305175781,138241
2017-05-22,103.5,105.55000305175781,102.0,102.5,73469
2017-05-23,102.25,102.25,93.0999984741211,97.0,156818
2017-05-24,99.0,102.3499984741211,94.69999694824219,96.3499984741211,215409
2017-05-25,97.05000305175781,100.3499984741211,94.5999984741211,96.25,135682
2017-05-26,100.9000015258789,100.9000015258789,96.0,96.5,121013
2017-05-29,97.0,97.44999694824219,92.19999694824219,92.94999694824219,144502
2017-05-30,92.25,94.5999984741211,92.0999984741211,92.94999694824219,136263
2017-05-31,93.55000305175781,98.9000015258789,92.94999694824219,95.6500015258789,213976
2017-06-01,95.8499984741211,96.1500015258789,93.0999984741211,94.4000015258789,82362
2017-06-02,95.05000305175781,103.69999694824219,95.0,102.05000305175781,544100
2017-06-05,102.75,104.9000015258789,100.44999694824219,104.25,189941
2017-06-06,104.0,104.9000015258789,100.05000305175781,101.0,128250
2017-06-07,101.8499984741211,104.30000305175781,100.4000015258789,101.55000305175781,66070
2017-06-08,102.5,102.5,97.25,98.19999694824219,85665
2017-06-09,97.3499984741211,100.0999984741211,96.75,99.4000015258789,73783
2017-06-12,99.0,99.94999694824219,96.30000305175781,96.9000015258789,55484
2017-06-13,97.44999694824219,102.0,97.0,99.0,167989
2017-06-14,98.55000305175781,99.69999694824219,97.5,98.25,43925
2017-06-15,97.55000305175781,101.0,97.5,97.6500015258789,79409
2017-06-16,97.0,103.9000015258789,97.0,102.1500015258789,347799
2017-06-19,102.9000015258789,103.05000305175781,100.0,102.05000305175781,105729
2017-06-20,102.44999694824219,105.69999694824219,99.94999694824219,101.3499984741211,202928
2017-06-21,101.94999694824219,103.9000015258789,100.0999984741211,101.0999984741211,81201
2017-06-22,102.0,106.0,101.0,101.69999694824219,352772
2017-06-23,102.44999694824219,102.5,97.25,99.0,137398
2017-06-27,99.9000015258789,100.0,93.5,95.9000015258789,92512
2017-06-28,95.8499984741211,97.0,95.05000305175781,95.75,62776
2017-06-29,96.25,100.9000015258789,95.6500015258789,97.55000305175781,153372
2017-06-30,97.8499984741211,97.8499984741211,94.5,95.30000305175781,107913
2017-07-03,94.5,98.55000305175781,94.5,97.19999694824219,55190
2017-07-04,97.6500015258789,98.5,96.30000305175781,96.8499984741211,41668
2017-07-05,96.9000015258789,97.1500015258789,96.05000305175781,96.30000305175781,55145
2017-07-06,96.30000305175781,100.80000305175781,96.1500015258789,97.69999694824219,250701
2017-07-07,97.94999694824219,99.0,96.30000305175781,96.75,124503
2017-07-10,97.0999984741211,98.30000305175781,97.0999984741211,97.6500015258789,10837
2017-07-11,98.44999694824219,100.5,97.0,97.25,175257
2017-07-12,96.9000015258789,98.05000305175781,96.5999984741211,97.19999694824219,38808
2017-07-13,97.5,97.9000015258789,96.0,96.0999984741211,71304
2017-07-14,96.5,97.0,94.3499984741211,94.6500015258789,68614
2017-07-17,94.5,96.94999694824219,94.5,95.3499984741211,61307
2017-07-18,95.05000305175781,96.0999984741211,94.55000305175781,95.0,49900
2017-07-19,95.6500015258789,98.0,94.1500015258789,96.80000305175781,138155
2017-07-20,96.5999984741211,100.0,96.0999984741211,99.75,573363
2017-07-21,100.5999984741211,102.5,99.0,100.0999984741211,200329
2017-07-24,101.0,103.44999694824219,98.0999984741211,98.8499984741211,350440
2017-07-25,99.0,101.19999694824219,97.4000015258789,99.94999694824219,138509
2017-07-26,100.3499984741211,102.94999694824219,99.75,101.44999694824219,306464
2017-07-27,101.5,102.8499984741211,98.19999694824219,98.4000015258789,130652
2017-07-28,99.5,100.0,97.3499984741211,98.6500015258789,122991
2017-07-31,100.94999694824219,101.94999694824219,95.75,96.25,137218
2017-08-01,96.3499984741211,100.4000015258789,96.3499984741211,99.94999694824219,267580
2017-08-02,100.5,101.80000305175781,98.25,99.05000305175781,165593
2017-08-03,99.25,99.25,96.05000305175781,96.55000305175781,80971
2017-08-04,96.0999984741211,98.19999694824219,95.0999984741211,96.5,90412
2017-08-07,96.5,98.3499984741211,95.0,95.9000015258789,131337
2017-08-08,96.30000305175781,97.5,91.05000305175781,92.1500015258789,155280
2017-08-09,91.25,92.25,86.80000305175781,87.4000015258789,117940
2017-08-10,87.0,87.0,77.0,80.5999984741211,297267
2017-08-11,79.80000305175781,86.0,75.6500015258789,82.69999694824219,141678
2017-08-14,87.94999694824219,89.0,78.0999984741211,81.6500015258789,294092
2017-08-16,81.0999984741211,84.0,79.19999694824219,80.4000015258789,134997
2017-08-17,81.0,83.55000305175781,79.1500015258789,79.80000305175781,86538
2017-08-18,79.44999694824219,82.80000305175781,78.5,81.5999984741211,66117
2017-08-21,81.5999984741211,83.44999694824219,80.0,81.75,149996
2017-08-22,81.0,82.44999694824219,79.0,80.05000305175781,53703
2017-08-23,80.1500015258789,81.5,80.0999984741211,80.6500015258789,35528
2017-08-24,81.19999694824219,82.0,79.44999694824219,81.19999694824219,51999
2017-08-28,82.55000305175781,85.5,81.69999694824219,83.0999984741211,67171
2017-08-29,82.55000305175781,83.25,82.0,82.55000305175781,29065
2017-08-30,82.05000305175781,93.0,82.0,91.3499984741211,471908
2017-08-31,92.0999984741211,92.3499984741211,90.0,90.69999694824219,131280
2017-09-01,91.5999984741211,96.5,89.5,91.6500015258789,219362
2017-09-04,90.19999694824219,94.80000305175781,90.19999694824219,94.05000305175781,159630
2017-09-05,93.94999694824219,105.69999694824219,93.6500015258789,101.9000015258789,775548
2017-09-06,101.44999694824219,105.0,98.94999694824219,102.69999694824219,377478
2017-09-07,102.5,104.94999694824219,100.25,100.75,190190
2017-09-08,101.3499984741211,105.0,98.5,101.44999694824219,396094
2017-09-11,102.4000015258789,103.30000305175781,100.5,101.0999984741211,94369
2017-09-12,100.9000015258789,103.0,99.4000015258789,100.0999984741211,103887
2017-09-13,98.55000305175781,100.0,96.55000305175781,97.1500015258789,71231
2017-09-14,98.0,102.0,96.94999694824219,99.19999694824219,114883
2017-09-15,99.8499984741211,100.0,97.05000305175781,97.6500015258789,84950
2017-09-18,98.8499984741211,101.4000015258789,98.5999984741211,99.0999984741211,177432
2017-09-19,99.05000305175781,105.0,98.3499984741211,103.44999694824219,349799
2017-09-20,103.55000305175781,105.0,100.25,100.8499984741211,274499
2017-09-21,100.94999694824219,103.0,99.0,99.94999694824219,68847
2017-09-22,101.0,102.69999694824219,97.0,97.8499984741211,154355
2017-09-25,97.8499984741211,99.0999984741211,92.3499984741211,97.0999984741211,93115
2017-09-26,97.0,100.69999694824219,94.44999694824219,96.44999694824219,344599
2017-09-27,97.5,99.55000305175781,93.19999694824219,94.05000305175781,109691
2017-09-28,96.25,99.0,94.9000015258789,95.44999694824219,46387
2017-09-29,95.5,99.5,95.44999694824219,97.9000015258789,81646
2017-10-03,108.0,111.9000015258789,105.55000305175781,108.44999694824219,928451
2017-10-04,108.9000015258789,110.80000305175781,105.69999694824219,108.75,479691
2017-10-05,108.0,130.5,107.0999984741211,129.0500030517578,5524099
2017-10-06,133.5,146.6999969482422,131.5,139.85000610351562,4058144
2017-10-09,139.89999389648438,144.0,136.10000610351562,137.9499969482422,899428
2017-10-10,139.0,142.75,136.0,136.39999389648438,462037
2017-10-11,137.60000610351562,140.89999389648438,126.9000015258789,129.5,490250
2017-10-12,130.75,135.0,128.25,131.5500030517578,258126
2017-10-13,132.0,144.6999969482422,132.0,138.0500030517578,2397576
2017-10-16,140.0,143.0,136.3000030517578,140.64999389648438,478226
2017-10-17,142.0,148.0,140.8000030517578,141.5500030517578,619651
2017-10-18,140.0,153.0,139.64999389648438,150.6999969482422,1370031
2017-10-19,153.0,157.10000610351562,152.0,154.64999389648438,394373
2017-10-23,158.5,162.0,143.25,160.5500030517578,1219271
2017-10-24,161.9499969482422,168.14999389648438,158.0,161.39999389648438,982437
2017-10-25,165.0,166.60000610351562,158.89999389648438,160.4499969482422,519399
2017-10-26,161.4499969482422,166.0,160.0,163.35000610351562,364976
2017-10-27,164.6999969482422,177.0,163.5,172.3000030517578,1538989
2017-10-30,178.5,184.0,175.0500030517578,177.39999389648438,820618
2017-10-31,178.60000610351562,184.0,171.1999969482422,181.6999969482422,876457
2017-11-01,182.85000610351562,188.39999389648438,179.1999969482422,180.1999969482422,514944
2017-11-02,180.0,183.8000030517578,177.6999969482422,181.14999389648438,439244
2017-11-03,182.5500030517578,187.89999389648438,180.0,183.3000030517578,546337
2017-11-06,182.9499969482422,192.0,180.60000610351562,187.9499969482422,701478
2017-11-07,190.39999389648438,191.9499969482422,178.0,181.89999389648438,389696
2017-11-08,183.0,183.5500030517578,170.10000610351562,172.1999969482422,342653
2017-11-09,177.0,183.89999389648438,173.0500030517578,179.25,373177
2017-11-10,178.3000030517578,180.8000030517578,172.64999389648438,174.14999389648438,299131
2017-11-13,175.64999389648438,181.89999389648438,175.0,176.9499969482422,369411
2017-11-14,178.3000030517578,179.4499969482422,172.1999969482422,173.0500030517578,204791
2017-11-15,173.10000610351562,175.4499969482422,167.25,168.0,312883
2017-11-16,171.8000030517578,172.35000610351562,167.0,167.6999969482422,144041
2017-11-17,169.75,171.9499969482422,166.39999389648438,167.8000030517578,201139
2017-11-20,170.0,184.0,169.5,180.89999389648438,437055
2017-11-21,182.6999969482422,186.0,180.25,181.85000610351562,356708
2017-11-22,183.0,186.89999389648438,180.25,185.25,411260
2017-11-23,186.6999969482422,200.25,185.60000610351562,194.1999969482422,794225
2017-11-24,195.89999389648438,202.39999389648438,194.8000030517578,199.60000610351562,603497
2017-11-27,199.5,219.5500030517578,198.0,206.6999969482422,524999
2017-11-28,208.60000610351562,212.35000610351562,202.5500030517578,204.9499969482422,420593
2017-11-29,206.9499969482422,213.89999389648438,203.8000030517578,205.0500030517578,753556
2017-11-30,203.5,217.89999389648438,202.0,211.10000610351562,667079
2017-12-01,212.89999389648438,232.1999969482422,212.1999969482422,218.4499969482422,1533688
2017-12-04,220.4499969482422,240.25,220.4499969482422,238.75,991769
2017-12-05,244.4499969482422,262.6000061035156,239.10000610351562,258.75,1725526
2017-12-06,260.0,271.6499938964844,245.85000610351562,245.85000610351562,1320946
2017-12-07,234.0,248.8000030517578,233.60000610351562,239.9499969482422,910742
2017-12-08,239.0,246.0,228.5,230.85000610351562,518861
2017-12-11,234.8000030517578,241.0,225.5500030517578,237.3000030517578,378343
2017-12-12,239.10000610351562,239.10000610351562,226.10000610351562,227.10000610351562,193010
2017-12-13,227.75,232.0,218.60000610351562,220.85000610351562,245054
2017-12-14,221.3000030517578,225.89999389648438,215.10000610351562,217.5,305506
2017-12-15,221.39999389648438,228.35000610351562,221.0500030517578,228.35000610351562,190094
2017-12-18,230.0,239.75,216.9499969482422,233.9499969482422,865228
2017-12-19,240.0,243.0,235.0,236.60000610351562,234571
2017-12-20,237.9499969482422,239.39999389648438,231.0,232.64999389648438,116174
2017-12-21,242.0,242.0,236.0,236.8000030517578,197633
2017-12-22,237.75,240.0,233.0500030517578,236.0500030517578,138830
2017-12-26,237.5,243.0,235.0500030517578,236.0,173164
2017-12-27,237.8000030517578,237.8000030517578,224.1999969482422,226.25,262303
2017-12-28,228.5,231.5,221.5,223.35000610351562,125852
2017-12-29,225.0,228.0,221.5500030517578,223.0500030517578,185833
2018-01-01,226.0,229.8000030517578,223.5,225.85000610351562,118646
2018-01-02,226.39999389648438,227.75,219.14999389648438,221.0,127142
2018-01-03,220.5,228.60000610351562,219.14999389648438,221.85000610351562,186311
2018-01-04,221.85000610351562,225.0,221.85000610351562,223.6999969482422,82185
2018-01-05,225.0,229.8000030517578,223.0,226.1999969482422,195781
2018-01-08,228.89999389648438,237.5,227.0500030517578,237.5,270024
2018-01-09,245.0,248.5,240.5,246.5,259285
2018-01-10,246.5,252.0,234.1999969482422,237.60000610351562,199871
2018-01-11,235.0,238.6999969482422,228.5,229.64999389648438,107661
2018-01-12,230.0,236.6999969482422,225.60000610351562,230.39999389648438,150764
2018-01-15,231.60000610351562,235.0500030517578,218.89999389648438,230.6999969482422,132554
2018-01-16,230.0,230.0,219.1999969482422,220.39999389648438,178648
2018-01-17,219.0,231.39999389648438,209.39999389648438,231.1999969482422,336551
2018-01-18,234.0,239.0,223.35000610351562,225.3000030517578,293182
2018-01-19,221.14999389648438,229.39999389648438,221.0,223.39999389648438,111542
2018-01-22,222.0,226.9499969482422,220.10000610351562,222.5,72730
2018-01-23,223.39999389648438,230.0,218.0,219.6999969482422,171041
2018-01-24,220.8000030517578,220.8000030517578,215.9499969482422,217.10000610351562,71453
2018-01-25,220.10000610351562,221.0,210.1999969482422,217.14999389648438,87133
2018-01-29,219.39999389648438,219.9499969482422,207.14999389648438,209.89999389648438,69296
2018-01-30,207.0,219.0,199.4499969482422,214.8000030517578,399044
2018-01-31,215.0,223.89999389648438,211.25,219.6999969482422,189139
2018-02-01,221.89999389648438,224.6999969482422,210.0,218.9499969482422,244429
2018-02-02,210.10000610351562,214.0,208.0500030517578,208.0500030517578,229052
2018-02-05,197.64999389648438,200.10000610351562,197.64999389648438,197.64999389648438,173414
2018-02-06,187.8000030517578,199.0,187.8000030517578,193.14999389648438,163836
2018-02-07,207.60000610351562,212.0,197.0,200.75,195934
2018-02-08,202.4499969482422,206.9499969482422,172.8000030517578,200.8000030517578,235685
2018-02-09,194.9499969482422,214.0,188.1999969482422,202.9499969482422,374144
2018-02-12,198.1999969482422,203.0,192.10000610351562,193.39999389648438,357993
2018-02-14,196.0,218.0,188.0,209.5500030517578,784883
2018-02-15,210.39999389648438,217.8000030517578,200.5,205.5500030517578,242280
2018-02-16,207.5,210.9499969482422,197.0,200.25,191721
2018-02-19,196.5500030517578,199.0,185.0,190.60000610351562,367859
2018-02-20,192.25,194.14999389648438,188.1999969482422,189.0500030517578,118900
2018-02-21,191.85000610351562,207.5,188.89999389648438,198.5500030517578,695317
2018-02-22,197.5,202.1999969482422,195.0,198.6999969482422,159083
2018-02-23,198.6999969482422,202.6999969482422,196.0,199.9499969482422,195317
2018-02-26,202.0,206.4499969482422,199.0,200.85000610351562,220912
2018-02-27,201.85000610351562,202.85000610351562,196.1999969482422,197.5,94053
2018-02-28,196.0,204.0,189.60000610351562,201.14999389648438,195993
2018-03-01,203.5,214.6999969482422,203.5,212.8000030517578,706576
2018-03-05,211.5,217.5500030517578,209.5,212.10000610351562,371718
2018-03-06,213.0500030517578,216.89999389648438,199.35000610351562,201.5,257090
2018-03-07,200.0,201.75,197.5,199.5,203170
2018-03-08,201.8000030517578,204.75,192.0,195.4499969482422,246439
2018-03-09,196.85000610351562,196.85000610351562,192.0,192.6999969482422,98305
2018-03-12,194.85000610351562,197.5,181.5500030517578,189.8000030517578,141480
2018-03-13,194.39999389648438,201.0,193.3000030517578,197.35000610351562,278927
2018-03-14,196.0,200.6999969482422,192.60000610351562,197.14999389648438,163172
2018-03-15,197.4499969482422,200.6999969482422,194.39999389648438,196.0500030517578,129144
2018-03-16,197.0,200.6999969482422,193.5500030517578,198.60000610351562,196259
2018-03-19,203.8000030517578,205.60000610351562,195.6999969482422,198.39999389648438,308159
2018-03-20,196.0,201.1999969482422,195.5,196.39999389648438,86211
2018-03-21,197.5,199.5,185.10000610351562,190.8000030517578,148305
2018-03-22,192.5,193.60000610351562,183.5,185.39999389648438,188438
2018-03-23,181.10000610351562,182.85000610351562,176.0,179.35000610351562,144910
2018-03-26,182.4499969482422,182.4499969482422,170.0500030517578,172.1999969482422,182170
2018-03-27,173.75,186.5,173.75,180.89999389648438,176327
2018-03-28,179.85000610351562,179.85000610351562,172.8000030517578,173.75,105399
2018-04-02,175.0,199.0,172.8000030517578,195.5,363415
2018-04-03,193.75,199.39999389648438,192.25,196.14999389648438,162769
2018-04-04,197.8000030517578,203.8000030517578,187.1999969482422,188.6999969482422,253953
2018-04-05,192.5,196.4499969482422,189.1999969482422,192.89999389648438,97621
2018-04-06,193.8000030517578,194.5500030517578,189.1999969482422,192.64999389648438,104962
2018-04-09,192.0,195.6999969482422,188.0,189.10000610351562,131267
2018-04-10,190.0,191.8000030517578,184.89999389648438,189.39999389648438,142350
2018-04-11,191.0500030517578,196.0,191.0500030517578,192.14999389648438,261907
2018-04-12,191.0,193.6999969482422,188.5,191.39999389648438,82242
2018-04-13,190.10000610351562,195.0,189.0,189.9499969482422,102525
2018-04-16,187.6999969482422,193.85000610351562,183.0,190.6999969482422,79229
2018-04-17,195.8000030517578,214.60000610351562,195.0,203.75,1409418
2018-04-18,206.0,209.8000030517578,201.3000030517578,205.0500030517578,409943
2018-04-19,206.0500030517578,207.4499969482422,201.1999969482422,203.5500030517578,225304
2018-04-20,203.14999389648438,204.8000030517578,198.0,200.0500030517578,159484
2018-04-23,200.0,210.5,197.0,204.75,579355
2018-04-24,205.6999969482422,206.6999969482422,199.4499969482422,200.25,130427
2018-04-25,200.4499969482422,202.9499969482422,193.5500030517578,194.75,121744
2018-04-26,196.25,196.60000610351562,192.10000610351562,195.0,157248
2018-04-27,196.5500030517578,198.8000030517578,191.5,194.39999389648438,102952
2018-04-30,195.9499969482422,205.64999389648438,193.14999389648438,201.89999389648438,238677
2018-05-02,201.9499969482422,201.9499969482422,195.0500030517578,196.0,72415
2018-05-03,194.85000610351562,194.85000610351562,190.10000610351562,192.8000030517578,83467
2018-05-04,192.8000030517578,193.39999389648438,187.0,188.25,87803
2018-05-07,189.75,190.9499969482422,187.25,188.39999389648438,52085
2018-05-08,189.64999389648438,189.75,181.60000610351562,183.3000030517578,75949
2018-05-09,182.14999389648438,185.89999389648438,182.0,182.64999389648438,83108
2018-05-10,181.0500030517578,188.0,179.0,180.6999969482422,87771
2018-05-11,180.1999969482422,185.0,179.14999389648438,181.1999969482422,70860
2018-05-14,180.5500030517578,182.10000610351562,176.64999389648438,178.4499969482422,67994
2018-05-15,179.89999389648438,187.85000610351562,178.14999389648438,180.5,115998
2018-05-16,178.0,181.4499969482422,177.9499969482422,178.4499969482422,55111
2018-05-17,179.64999389648438,182.8000030517578,178.1999969482422,181.60000610351562,61404
2018-05-18,182.85000610351562,183.0500030517578,172.10000610351562,172.9499969482422,89709
2018-05-21,172.25,174.0,161.3000030517578,162.5500030517578,88049
2018-05-22,162.1999969482422,165.85000610351562,151.0,155.9499969482422,122463
2018-05-23,157.25,158.9499969482422,152.1999969482422,153.10000610351562,88404
2018-05-24,153.10000610351562,158.0,153.10000610351562,156.5,73614
2018-05-25,157.89999389648438,159.0,155.10000610351562,156.3000030517578,61681
2018-05-28,156.35000610351562,165.1999969482422,156.25,164.1999969482422,116239
2018-05-29,163.0,165.75,157.1999969482422,159.75,59943
2018-05-30,158.0,166.0,155.10000610351562,160.75,117298
2018-05-31,161.0,171.60000610351562,152.60000610351562,155.3000030517578,223302
2018-06-01,155.9499969482422,157.6999969482422,146.10000610351562,148.75,69182
2018-06-04,151.85000610351562,154.1999969482422,135.1999969482422,147.0500030517578,186754
2018-06-05,146.0,146.0,131.75,134.3000030517578,149517
2018-06-06,134.9499969482422,136.8000030517578,128.0,130.85000610351562,146862
2018-06-07,129.25,157.0,129.25,155.35000610351562,446182
2018-06-08,153.60000610351562,169.39999389648438,151.10000610351562,162.85000610351562,672984
2018-06-11,163.85000610351562,165.0,158.3000030517578,161.85000610351562,125024
2018-06-12,164.4499969482422,168.89999389648438,160.14999389648438,165.39999389648438,228859
2018-06-13,166.1999969482422,167.10000610351562,163.25,164.60000610351562,69842
2018-06-14,165.0500030517578,183.3000030517578,159.3000030517578,179.39999389648438,558525
2018-06-15,180.0500030517578,186.5,175.1999969482422,180.5,423995
2018-06-18,181.14999389648438,181.14999389648438,175.10000610351562,177.9499969482422,95096
2018-06-19,177.60000610351562,179.39999389648438,167.1999969482422,168.4499969482422,119713
2018-06-20,170.35000610351562,172.5,167.64999389648438,168.35000610351562,63848
2018-06-21,169.75,170.5,161.0,163.14999389648438,72283
2018-06-22,163.0,174.6999969482422,163.0,166.89999389648438,110320
2018-06-25,168.0,189.89999389648438,168.0,187.4499969482422,1025379
2018-06-26,185.0,188.5,177.25,179.35000610351562,336078
2018-06-27,180.89999389648438,181.8000030517578,170.39999389648438,171.60000610351562,173251
2018-06-28,171.0,179.8000030517578,168.14999389648438,173.35000610351562,200596
2018-06-29,173.35000610351562,179.0,173.0,174.85000610351562,127428
2018-07-02,176.60000610351562,179.0,174.0,177.14999389648438,75022
2018-07-03,178.89999389648438,182.0,176.5,178.1999969482422,64583
2018-07-04,178.0,181.85000610351562,177.35000610351562,179.14999389648438,87371
2018-07-05,178.0,184.8000030517578,177.9499969482422,182.0500030517578,173533
2018-07-06,182.89999389648438,193.89999389648438,181.60000610351562,192.8000030517578,390839
2018-07-09,194.35000610351562,199.39999389648438,193.3000030517578,196.3000030517578,250186
2018-07-10,197.0,199.6999969482422,190.5,194.5,154728
2018-07-11,185.5500030517578,186.5,184.8000030517578,184.8000030517578,113149
2018-07-12,175.60000610351562,180.0,175.60000610351562,177.5,374675
2018-07-13,172.5500030517578,186.35000610351562,172.5500030517578,186.14999389648438,179726
2018-07-16,190.89999389648438,193.5,177.10000610351562,186.10000610351562,270215
2018-07-17,187.89999389648438,188.1999969482422,180.3000030517578,184.9499969482422,68974
2018-07-18,185.60000610351562,190.8000030517578,181.5500030517578,182.89999389648438,80051
2018-07-19,182.10000610351562,183.8000030517578,176.25,178.0,57875
2018-07-20,179.89999389648438,181.64999389648438,172.5,176.60000610351562,51265
2018-07-23,173.6999969482422,181.6999969482422,170.10000610351562,175.25,47208
2018-07-24,171.1999969482422,179.39999389648438,169.0,172.10000610351562,72668
2018-07-25,174.4499969482422,175.75,170.5,172.8000030517578,65807
2018-07-26,173.89999389648438,175.9499969482422,171.0,173.39999389648438,41937
2018-07-27,172.9499969482422,176.9499969482422,172.10000610351562,174.8000030517578,33870
2018-07-30,173.10000610351562,183.5,173.10000610351562,177.89999389648438,123881
2018-07-31,175.0500030517578,181.35000610351562,175.0500030517578,177.5,56960
2018-08-01,178.6999969482422,181.0,171.0,173.8000030517578,122810
2018-08-02,175.89999389648438,176.6999969482422,171.10000610351562,173.75,50815
2018-08-03,174.35000610351562,178.8000030517578,173.4499969482422,176.89999389648438,77920
2018-08-06,175.8000030517578,183.0,173.8000030517578,179.39999389648438,111952
2018-08-07,183.6999969482422,183.6999969482422,173.6999969482422,175.39999389648438,58269
2018-08-08,174.4499969482422,177.6999969482422,174.0,175.1999969482422,78379
2018-08-09,175.5500030517578,178.3000030517578,173.5,174.89999389648438,62716
2018-08-10,175.3000030517578,176.10000610351562,167.89999389648438,169.25,90850
2018-08-13,173.0,176.0,163.0,172.25,159279
2018-08-14,172.5,175.5,172.0,173.60000610351562,54448
2018-08-16,172.0,173.4499969482422,165.9499969482422,167.4499969482422,125563
2018-08-17,165.25,175.8000030517578,165.25,175.8000030517578,135961
2018-08-20,182.89999389648438,184.5500030517578,178.10000610351562,184.5500030517578,209963
2018-08-21,189.39999389648438,193.75,181.8000030517578,184.0500030517578,245088
2018-08-23,184.89999389648438,192.0,179.0,184.0,105519
2018-08-24,193.1999969482422,193.1999969482422,190.0,193.1999969482422,219176
2018-08-27,200.0,202.85000610351562,194.10000610351562,196.10000610351562,189363
2018-08-28,195.85000610351562,195.9499969482422,188.10000610351562,190.0,69316
2018-08-29,188.0,193.39999389648438,188.0,190.6999969482422,69820
2018-08-30,196.0,199.0,191.4499969482422,197.35000610351562,126526
2018-08-31,196.0,207.1999969482422,196.0,204.89999389648438,282492
2018-09-03,215.10000610351562,215.10000610351562,204.14999389648438,207.89999389648438,312805
2018-09-04,206.1999969482422,210.0,197.5500030517578,198.1999969482422,102066
2018-09-05,195.39999389648438,198.6999969482422,188.3000030517578,190.0,149336
2018-09-06,192.8000030517578,199.5,192.75,197.9499969482422,84208
2018-09-07,201.0,207.75,198.0,206.5500030517578,107308
2018-09-10,206.0,206.39999389648438,196.5,203.3000030517578,116359
2018-09-11,201.3000030517578,208.0,200.4499969482422,201.75,69940
2018-09-12,198.0500030517578,201.4499969482422,196.1999969482422,197.89999389648438,59936
2018-09-14,193.9499969482422,201.9499969482422,193.9499969482422,198.5500030517578,34908
2018-09-17,196.89999389648438,198.6999969482422,192.0500030517578,194.5500030517578,48620
2018-09-18,194.5,195.0,187.1999969482422,188.85000610351562,36915
2018-09-19,189.75,190.1999969482422,184.35000610351562,187.89999389648438,77370
2018-09-21,187.5500030517578,191.3000030517578,179.0,182.5500030517578,187694
2018-09-24,180.0,186.0,173.4499969482422,173.4499969482422,85852
2018-09-25,165.64999389648438,174.9499969482422,164.8000030517578,170.5,66442
2018-09-26,169.6999969482422,176.9499969482422,169.6999969482422,173.4499969482422,69121
2018-09-27,174.9499969482422,174.9499969482422,168.0,169.8000030517578,22959
2018-09-28,167.4499969482422,170.89999389648438,161.35000610351562,161.35000610351562,66425
2018-10-01,158.10000610351562,158.10000610351562,153.3000030517578,153.3000030517578,34576
2018-10-03,157.60000610351562,157.60000610351562,145.64999389648438,145.64999389648438,103451
2018-10-04,138.39999389648438,145.0,138.39999389648438,139.35000610351562,69283
2018-10-05,145.64999389648438,146.3000030517578,133.60000610351562,141.5,69969
2018-10-08,143.0,147.89999389648438,134.4499969482422,135.5,67099
2018-10-09,138.0,138.60000610351562,129.0,132.5500030517578,46846
2018-10-10,135.64999389648438,139.14999389648438,130.75,139.14999389648438,39770
2018-10-11,136.9499969482422,146.0,132.25,140.1999969482422,93634
2018-10-12,146.89999389648438,147.0,142.0,146.35000610351562,33428
2018-10-15,148.5500030517578,151.35000610351562,143.5,147.60000610351562,52801
2018-10-16,148.1999969482422,150.75,140.25,140.25,95654
2018-10-17,133.25,143.89999389648438,133.25,133.25,94544
2018-10-19,126.5999984741211,129.5,126.5999984741211,126.5999984741211,20434
2018-10-22,122.1500015258789,123.0,120.30000305175781,120.30000305175781,66252
2018-10-23,114.30000305175781,114.30000305175781,114.30000305175781,114.30000305175781,6923
2018-10-24,108.6500015258789,120.0,108.5999984741211,119.5,277370
2018-10-25,118.94999694824219,119.0999984741211,113.55000305175781,114.69999694824219,112365
2018-10-26,113.05000305175781,116.0,109.0,111.44999694824219,92900
2018-10-29,116.5,117.0,105.9000015258789,105.9000015258789,223788
2018-10-30,104.9000015258789,116.44999694824219,101.19999694824219,115.19999694824219,157040
2018-10-31,119.25,124.0999984741211,115.0,122.0,87538
2018-11-01,123.0,132.35000610351562,123.0,127.9000015258789,68385
2018-11-02,129.1999969482422,140.64999389648438,129.14999389648438,139.1999969482422,100115
2018-11-05,142.1999969482422,142.1999969482422,135.0,138.39999389648438,45039
2018-11-06,136.10000610351562,141.5,132.14999389648438,138.75,57273
2018-11-07,141.25,143.75,137.10000610351562,138.3000030517578,13269
2018-11-09,136.60000610351562,139.8000030517578,131.39999389648438,131.39999389648438,53561
2018-11-12,127.1500015258789,133.9499969482422,124.8499984741211,125.0999984741211,89825
2018-11-13,125.94999694824219,129.35000610351562,122.6500015258789,127.3499984741211,60435
2018-11-14,131.5,131.5,123.6500015258789,127.4000015258789,34910
2018-11-15,127.9000015258789,133.75,127.1500015258789,133.4499969482422,70613
2018-11-16,137.89999389648438,138.0,130.3000030517578,131.39999389648438,33488
2018-11-19,129.64999389648438,134.10000610351562,125.19999694824219,131.75,47343
2018-11-20,132.0,132.0,127.0999984741211,128.85000610351562,18069
2018-11-21,128.14999389648438,132.39999389648438,126.25,127.5999984741211,38133
2018-11-22,128.0,133.9499969482422,128.0,132.9499969482422,92869
2018-11-26,136.85000610351562,139.5500030517578,136.5500030517578,139.5500030517578,63213
2018-11-27,142.6999969482422,145.0,138.0500030517578,141.4499969482422,45532
2018-11-28,142.0,145.89999389648438,138.0500030517578,139.1999969482422,35393
2018-11-29,141.4499969482422,142.5500030517578,136.8000030517578,138.0500030517578,88511
2018-11-30,139.6999969482422,144.9499969482422,139.5500030517578,144.85000610351562,76728
2018-12-03,146.39999389648438,150.89999389648438,141.5,147.9499969482422,96571
2018-12-04,155.3000030517578,155.3000030517578,148.10000610351562,150.25,119445
2018-12-05,149.0,150.6999969482422,142.8000030517578,143.89999389648438,58097
2018-12-06,141.0500030517578,151.0500030517578,140.5,149.64999389648438,132059
2018-12-07,153.89999389648438,153.89999389648438,140.25,142.8000030517578,158310
2018-12-10,138.89999389648438,140.89999389648438,131.0,137.5500030517578,36066
2018-12-11,136.5500030517578,139.89999389648438,131.25,138.5500030517578,46579
2018-12-12,137.10000610351562,151.0,137.10000610351562,150.0500030517578,97247
2018-12-13,151.4499969482422,154.75,151.35000610351562,153.0,76592
2018-12-14,152.0500030517578,159.0,152.0500030517578,157.75,85777
2018-12-17,159.25,163.0,157.85000610351562,162.10000610351562,52725
2018-12-18,162.10000610351562,163.75,159.60000610351562,161.60000610351562,69364
2018-12-19,161.60000610351562,166.39999389648438,161.0,161.75,78198
2018-12-20,161.39999389648438,166.5,160.10000610351562,164.75,86184
2018-12-21,165.6999969482422,165.6999969482422,160.64999389648438,162.39999389648438,48733
2018-12-24,163.3000030517578,163.35000610351562,153.75,154.89999389648438,23921
2018-12-26,153.9499969482422,153.9499969482422,146.25,149.89999389648438,31603
2018-12-27,150.35000610351562,159.6999969482422,150.35000610351562,158.14999389648438,44285
2018-12-28,159.5,163.64999389648438,158.0500030517578,160.10000610351562,76482
2018-12-31,159.10000610351562,161.4499969482422,155.0,155.75,38217
2019-01-01,155.75,159.5,152.3000030517578,158.25,36223
2019-01-02,157.85000610351562,158.85000610351562,152.5,155.39999389648438,38544
2019-01-03,154.0,160.10000610351562,153.14999389648438,155.0,46819
2019-01-04,155.1999969482422,159.10000610351562,154.3000030517578,156.89999389648438,26098
2019-01-07,157.3000030517578,159.5,153.1999969482422,155.5,26952
2019-01-08,156.85000610351562,157.35000610351562,154.0,156.14999389648438,17694
2019-01-09,157.1999969482422,157.1999969482422,150.8000030517578,151.5500030517578,22392
2019-01-10,151.8000030517578,155.0500030517578,147.0,148.75,73357
2019-01-11,148.0500030517578,152.0,147.3000030517578,148.35000610351562,23061
2019-01-14,149.9499969482422,150.0,145.25,148.5500030517578,18720
2019-01-15,150.5,154.0,147.0,148.4499969482422,22016
2019-01-16,152.89999389648438,152.89999389648438,146.0,146.60000610351562,19905
2019-01-17,147.3000030517578,149.14999389648438,145.10000610351562,146.5500030517578,17186
2019-01-18,146.8000030517578,147.35000610351562,140.64999389648438,142.0,16795
2019-01-21,145.9499969482422,145.9499969482422,141.0500030517578,142.6999969482422,9229
2019-01-22,143.0500030517578,144.10000610351562,137.5,139.14999389648438,17671
2019-01-23,139.5,140.64999389648438,137.0,139.5,11084
2019-01-24,138.0500030517578,140.64999389648438,133.64999389648438,134.89999389648438,34606
2019-01-25,135.4499969482422,141.35000610351562,128.8000030517578,132.14999389648438,25211
2019-01-28,133.9499969482422,133.9499969482422,123.5,124.69999694824219,26405
2019-01-29,122.5,125.94999694824219,121.0999984741211,122.94999694824219,16275
2019-01-30,123.05000305175781,145.39999389648438,122.5999984741211,136.75,139782
2019-01-31,135.0500030517578,137.0,130.3000030517578,133.60000610351562,30614
2019-02-01,133.35000610351562,139.89999389648438,131.25,132.85000610351562,25585
2019-02-04,133.3000030517578,133.3000030517578,122.5,123.19999694824219,39843
2019-02-05,121.25,125.94999694824219,116.0,118.5999984741211,52474
2019-02-06,117.0,123.3499984741211,116.9000015258789,119.9000015258789,24775
2019-02-07,118.55000305175781,121.80000305175781,118.25,119.75,33185
2019-02-08,123.69999694824219,131.0,120.5999984741211,128.8000030517578,317855
2019-02-11,128.4499969482422,133.89999389648438,127.94999694824219,128.89999389648438,39804
2019-02-12,130.9499969482422,132.9499969482422,126.55000305175781,128.1999969482422,25191
2019-02-14,108.0,116.69999694824219,106.0,113.4000015258789,67779
2019-02-15,111.30000305175781,117.19999694824219,111.30000305175781,111.80000305175781,38666
2019-02-18,114.0,114.0,109.55000305175781,111.4000015258789,22020
2019-02-19,111.4000015258789,111.55000305175781,102.6500015258789,104.55000305175781,77222
2019-02-20,105.80000305175781,109.5,104.55000305175781,105.5999984741211,73647
2019-02-21,105.94999694824219,110.0,104.55000305175781,107.94999694824219,54572
2019-02-22,106.69999694824219,109.4000015258789,101.6500015258789,103.30000305175781,147212
2019-02-25,105.80000305175781,106.9000015258789,103.44999694824219,104.0999984741211,79982
2019-02-26,103.1500015258789,103.9000015258789,98.0999984741211,99.6500015258789,115135
2019-02-27,101.55000305175781,107.0,100.3499984741211,101.55000305175781,66893
2019-02-28,100.30000305175781,104.69999694824219,97.55000305175781,98.44999694824219,95511
2019-03-01,99.8499984741211,104.69999694824219,99.69999694824219,102.25,112298
2019-03-05,102.75,108.5999984741211,96.6500015258789,107.5999984741211,212468
2019-03-06,109.30000305175781,111.3499984741211,107.6500015258789,108.69999694824219,106357
2019-03-07,108.94999694824219,114.9000015258789,107.4000015258789,111.44999694824219,112935
2019-03-08,111.0,117.0,110.4000015258789,115.30000305175781,187646
2019-03-11,116.1500015258789,118.8499984741211,113.69999694824219,115.3499984741211,153456
2019-03-12,116.30000305175781,117.4000015258789,112.80000305175781,113.44999694824219,102304
2019-03-13,113.4000015258789,114.1500015258789,109.94999694824219,110.5999984741211,106833
2019-03-14,110.0,111.0,106.0,107.44999694824219,78502
2019-03-15,107.44999694824219,108.69999694824219,106.0,106.69999694824219,75418
2019-03-18,106.69999694824219,117.0,106.6500015258789,114.1500015258789,219609
2019-03-19,116.0999984741211,117.94999694824219,111.3499984741211,112.9000015258789,122291
2019-03-20,112.9000015258789,113.9000015258789,107.0,108.0,87632
2019-03-22,106.55000305175781,110.5,106.55000305175781,108.30000305175781,57069
2019-03-25,108.25,108.25,105.05000305175781,106.0,40308
2019-03-26,106.0,108.80000305175781,104.6500015258789,105.44999694824219,277778
2019-03-27,105.44999694824219,106.6500015258789,100.0,101.1500015258789,318278
2019-03-28,102.0,108.80000305175781,102.0,106.75,107572
2019-04-01,108.05000305175781,108.80000305175781,105.0,105.5999984741211,72585
2019-04-02,105.80000305175781,106.75,103.75,105.55000305175781,50187
2019-04-03,107.0,108.0,104.5999984741211,105.94999694824219,55913
2019-04-04,105.5,106.5,104.44999694824219,105.30000305175781,70414
2019-04-05,104.19999694824219,106.9000015258789,103.5,104.4000015258789,45179
2019-04-08,104.4000015258789,106.9000015258789,104.0,104.8499984741211,62702
2019-04-09,104.05000305175781,105.0,101.80000305175781,102.3499984741211,44174
2019-04-10,102.3499984741211,105.9000015258789,102.30000305175781,104.69999694824219,49158
2019-04-11,105.19999694824219,110.80000305175781,104.5,109.5999984741211,107182
2019-04-12,110.1500015258789,114.0,109.05000305175781,111.8499984741211,150458
2019-04-15,112.0,116.0,112.0,113.3499984741211,130698
2019-04-16,114.0,114.8499984741211,110.5,111.30000305175781,49402
2019-04-18,109.0,112.0,107.0,108.6500015258789,47464
2019-04-22,109.4000015258789,109.4000015258789,105.5,107.6500015258789,31848
2019-04-23,107.6500015258789,108.05000305175781,101.5,102.69999694824219,62517
2019-04-24,103.0,106.5,102.69999694824219,104.30000305175781,53199
2019-04-25,105.0,105.0,101.94999694824219,102.30000305175781,74145
2019-04-26,102.9000015258789,104.5,102.5,103.6500015258789,34697
2019-04-30,103.94999694824219,103.94999694824219,97.5999984741211,100.5999984741211,85252
2019-05-02,100.55000305175781,101.69999694824219,95.1500015258789,95.4000015258789,112654
2019-05-03,96.0,96.4000015258789,94.0,94.9000015258789,43014
2019-05-06,94.0,96.8499984741211,92.8499984741211,95.75,27556
2019-05-07,96.4000015258789,97.0,93.0,93.9000015258789,57241
2019-05-08,93.0,93.69999694824219,89.5999984741211,91.0999984741211,73877
2019-05-09,92.4000015258789,103.94999694824219,92.0999984741211,101.9000015258789,234062
2019-05-10,102.5999984741211,105.4000015258789,100.0,100.55000305175781,166817
2019-05-13,100.44999694824219,101.69999694824219,94.0,94.69999694824219,50251
2019-05-14,94.4000015258789,95.0,88.0999984741211,90.9000015258789,74201
2019-05-15,92.30000305175781,94.25,86.55000305175781,87.1500015258789,70567
2019-05-16,86.0,93.8499984741211,86.0,91.8499984741211,86849
2019-05-17,92.0,96.9000015258789,90.94999694824219,94.0999984741211,149526
2019-05-20,100.0,102.0,97.25,99.05000305175781,118056
2019-05-21,98.1500015258789,116.0,98.1500015258789,100.94999694824219,96151
2019-05-22,99.55000305175781,104.75,99.0,103.5999984741211,79311
2019-05-23,107.0,124.30000305175781,107.0,124.30000305175781,799248
2019-05-24,131.6999969482422,141.9499969482422,127.30000305175781,132.6999969482422,1716195
2019-05-27,131.0,132.39999389648438,119.44999694824219,119.69999694824219,563449
2019-05-28,119.44999694824219,125.9000015258789,118.94999694824219,121.5999984741211,238578
2019-05-29,122.0,123.55000305175781,115.0,120.3499984741211,106927
2019-05-30,120.55000305175781,124.0,118.5,119.94999694824219,90654
2019-05-31,120.5,128.89999389648438,120.0,126.3499984741211,345356
2019-06-03,127.5999984741211,128.39999389648438,120.5,121.9000015258789,168038
2019-06-04,122.94999694824219,125.19999694824219,119.5,120.6500015258789,93759
2019-06-06,122.5,122.5,116.55000305175781,117.75,71061
2019-06-07,118.80000305175781,122.9000015258789,115.25,116.19999694824219,293370
2019-06-10,118.30000305175781,119.94999694824219,112.69999694824219,114.1500015258789,85367
2019-06-11,113.19999694824219,114.05000305175781,110.0999984741211,110.5999984741211,117344
2019-06-12,110.0,110.0,101.80000305175781,103.0999984741211,186491
2019-06-13,105.9000015258789,107.9000015258789,98.5,106.4000015258789,226183
2019-06-14,106.5,110.0,102.8499984741211,104.25,128445
2019-06-17,105.0,105.0,98.69999694824219,100.1500015258789,99486
2019-06-18,100.0,101.55000305175781,98.5,99.0,78023
2019-06-19,99.55000305175781,100.55000305175781,96.69999694824219,97.19999694824219,67499
2019-06-20,98.0,98.0,93.05000305175781,95.6500015258789,84011
2019-06-21,95.75,99.0,94.5,96.5,97007
2019-06-24,97.0,97.75,93.05000305175781,94.4000015258789,56585
2019-06-25,94.05000305175781,96.0,90.69999694824219,92.0999984741211,54077
2019-06-26,92.55000305175781,101.30000305175781,91.0,98.44999694824219,358696
2019-06-27,98.5,99.8499984741211,92.5,94.05000305175781,113193
2019-06-28,94.05000305175781,97.4000015258789,93.5,96.0999984741211,58273
2019-07-01,93.5999984741211,96.6500015258789,93.5,94.69999694824219,67785
2019-07-02,93.55000305175781,94.8499984741211,92.5,93.0,107581
2019-07-03,93.0,95.0,91.94999694824219,92.44999694824219,99515
2019-07-04,92.25,95.5,92.25,92.6500015258789,68025
2019-07-05,94.0,97.25,92.55000305175781,93.6500015258789,162003
2019-07-08,94.0,95.19999694824219,88.69999694824219,89.1500015258789,65319
2019-07-09,90.0,90.80000305175781,86.0999984741211,88.19999694824219,65973
2019-07-10,88.5999984741211,89.30000305175781,84.0,84.94999694824219,68787
2019-07-11,86.0,86.1500015258789,76.5,81.5999984741211,229059
2019-07-12,82.94999694824219,82.94999694824219,76.69999694824219,78.25,219489
2019-07-15,80.75,80.75,77.0,77.69999694824219,35362
2019-07-16,78.0999984741211,78.0999984741211,77.0,77.30000305175781,35145
2019-07-17,77.4000015258789,83.4000015258789,77.19999694824219,80.6500015258789,88125
2019-07-18,80.69999694824219,81.1500015258789,74.5999984741211,75.6500015258789,101806
2019-07-19,77.94999694824219,77.94999694824219,72.69999694824219,74.4000015258789,65895
2019-07-22,74.05000305175781,81.80000305175781,72.5,81.80000305175781,187313
2019-07-23,86.0,86.30000305175781,82.0,82.44999694824219,85801
2019-07-24,83.5,83.8499984741211,77.80000305175781,78.5999984741211,37602
2019-07-25,77.94999694824219,78.05000305175781,75.0,75.4000015258789,46994
2019-07-26,74.9000015258789,77.5,74.25,76.5999984741211,39155
2019-07-29,76.0,77.55000305175781,75.1500015258789,75.8499984741211,21534
2019-07-30,75.55000305175781,76.55000305175781,70.0,71.5,30865
2019-07-31,72.9000015258789,74.30000305175781,68.80000305175781,72.6500015258789,85492
2019-08-01,72.5999984741211,72.5999984741211,67.5,68.69999694824219,50844
2019-08-02,68.30000305175781,69.9000015258789,64.19999694824219,68.1500015258789,44712
2019-08-05,65.05000305175781,71.94999694824219,64.55000305175781,70.55000305175781,35569
2019-08-06,69.94999694824219,71.5,68.0,69.44999694824219,34589
2019-08-07,70.0,75.19999694824219,69.05000305175781,71.6500015258789,49258
2019-08-08,72.05000305175781,72.05000305175781,67.5,69.5,80810
2019-08-09,71.5,71.5,67.1500015258789,68.05000305175781,59493
2019-08-13,68.5,68.94999694824219,65.0,67.19999694824219,41383
2019-08-14,67.5,68.80000305175781,65.9000015258789,68.19999694824219,29485
2019-08-16,68.0,70.0,67.5999984741211,67.94999694824219,41088
2019-08-19,68.0,70.0,66.5999984741211,67.4000015258789,41524
2019-08-20,67.05000305175781,67.0999984741211,64.0,64.80000305175781,25686
2019-08-21,65.0,66.9000015258789,63.45000076293945,64.5,49688
2019-08-22,64.05000305175781,65.94999694824219,60.29999923706055,61.20000076293945,88969
2019-08-23,61.04999923706055,63.0,59.29999923706055,61.400001525878906,39319
2019-08-26,62.099998474121094,63.900001525878906,57.70000076293945,59.70000076293945,113459
2019-08-27,59.95000076293945,65.0,59.95000076293945,61.20000076293945,86073
2019-08-28,60.29999923706055,61.150001525878906,58.20000076293945,58.599998474121094,55891
2019-08-29,58.45000076293945,68.75,57.400001525878906,63.95000076293945,284817
2019-08-30,63.599998474121094,65.80000305175781,62.20000076293945,63.150001525878906,31172
2019-09-03,61.849998474121094,62.79999923706055,60.0,60.79999923706055,17414
2019-09-04,60.29999923706055,60.54999923706055,59.0,59.400001525878906,27157
2019-09-05,59.70000076293945,62.54999923706055,59.70000076293945,60.54999923706055,21977
2019-09-06,61.70000076293945,62.599998474121094,60.400001525878906,61.650001525878906,32038
2019-09-09,62.20000076293945,66.44999694824219,61.0,64.05000305175781,38719
2019-09-11,65.0999984741211,69.8499984741211,65.0999984741211,68.30000305175781,93484
2019-09-12,69.0999984741211,79.0,69.05000305175781,71.4000015258789,167500
2019-09-13,72.05000305175781,75.55000305175781,71.19999694824219,73.19999694824219,95482
2019-09-16,72.4000015258789,74.69999694824219,71.5,74.05000305175781,37498
2019-09-17,75.44999694824219,75.69999694824219,65.80000305175781,66.3499984741211,149873
2019-09-18,66.94999694824219,67.1500015258789,60.099998474121094,63.29999923706055,101530
2019-09-19,65.69999694824219,65.69999694824219,60.599998474121094,61.70000076293945,38488
2019-09-20,61.0,67.5,61.0,66.69999694824219,102564
2019-09-23,68.5999984741211,70.0,62.5,64.0999984741211,89102
2019-09-24,64.55000305175781,68.9000015258789,61.0,62.54999923706055,86597
2019-09-25,63.400001525878906,64.69999694824219,62.099998474121094,63.400001525878906,45386
2019-09-26,63.150001525878906,64.69999694824219,61.5,61.79999923706055,47424
2019-09-27,63.20000076293945,63.95000076293945,60.599998474121094,62.0,26354
2019-09-30,62.099998474121094,62.099998474121094,58.25,59.0,31691
2019-10-01,58.400001525878906,60.0,50.79999923706055,52.099998474121094,124483
2019-10-03,52.099998474121094,52.20000076293945,48.150001525878906,49.54999923706055,77133
2019-10-04,49.95000076293945,51.45000076293945,47.29999923706055,48.400001525878906,62249
2019-10-07,49.900001525878906,49.900001525878906,41.0,42.75,71733
2019-10-09,42.0,43.900001525878906,39.25,40.04999923706055,100874
2019-10-10,40.25,41.25,39.099998474121094,39.650001525878906,54094
2019-10-11,39.349998474121094,43.349998474121094,37.599998474121094,41.349998474121094,67900
2019-10-14,41.29999923706055,43.0,39.900001525878906,40.04999923706055,37477
2019-10-15,40.0,41.25,37.75,39.20000076293945,59121
2019-10-16,39.20000076293945,41.0,39.0,40.400001525878906,46014
2019-10-17,36.599998474121094,44.0,36.599998474121094,42.95000076293945,108001
2019-10-18,42.79999923706055,47.20000076293945,42.79999923706055,47.20000076293945,143843
2019-10-22,49.54999923706055,51.45000076293945,48.400001525878906,50.0,108863
2019-10-23,50.5,51.5,48.0,50.54999923706055,31509
2019-10-24,50.95000076293945,52.650001525878906,48.099998474121094,48.45000076293945,44390
2019-10-25,48.5,48.900001525878906,47.0,48.04999923706055,12116
2019-10-27,46.599998474121094,49.79999923706055,46.599998474121094,47.54999923706055,33064
2019-10-29,49.5,49.5,46.5,47.54999923706055,39946
2019-10-30,48.0,49.900001525878906,48.0,49.25,39589
2019-10-31,49.849998474121094,51.0,47.95000076293945,48.900001525878906,28307
2019-11-01,50.5,50.5,47.900001525878906,49.349998474121094,41823
2019-11-04,49.95000076293945,50.70000076293945,48.0,48.849998474121094,38450
2019-11-05,49.95000076293945,49.95000076293945,47.400001525878906,47.650001525878906,48781
2019-11-06,47.54999923706055,48.0,47.400001525878906,47.54999923706055,24768
2019-11-07,47.75,49.5,47.5,48.400001525878906,33688
2019-11-08,47.75,47.75,46.0,46.0,45818
2019-11-11,48.29999923706055,48.29999923706055,44.5,46.150001525878906,49629
2019-11-13,46.099998474121094,46.95000076293945,44.04999923706055,45.25,57845
2019-11-14,46.5,46.5,44.20000076293945,44.650001525878906,15001
2019-11-15,43.599998474121094,44.79999923706055,42.45000076293945,42.599998474121094,36214
2019-11-18,42.400001525878906,42.900001525878906,40.5,40.5,50401
2019-11-19,41.45000076293945,41.45000076293945,38.5,38.5,86164
2019-11-20,39.0,40.400001525878906,36.599998474121094,40.25,184063
2019-11-21,41.849998474121094,42.25,41.5,42.25,87025
2019-11-22,43.849998474121094,44.0,41.54999923706055,41.95000076293945,58034
2019-11-25,41.400001525878906,41.45000076293945,40.20000076293945,40.29999923706055,40422
2019-11-26,40.0,41.349998474121094,38.29999923706055,38.5,59222
2019-11-27,39.849998474121094,40.349998474121094,38.0,39.349998474121094,43066
2019-11-28,39.54999923706055,39.849998474121094,37.5,38.150001525878906,77451
2019-11-29,38.20000076293945,40.04999923706055,37.5,39.099998474121094,85823
2019-12-02,40.5,40.95000076293945,39.04999923706055,40.0,56805
2019-12-03,40.0,40.5,38.5,38.79999923706055,14040
2019-12-04,40.04999923706055,40.04999923706055,37.849998474121094,39.400001525878906,57500
2019-12-05,39.95000076293945,40.0,38.099998474121094,38.599998474121094,22083
2019-12-06,39.5,39.5,37.5,37.79999923706055,21037
2019-12-09,40.0,40.0,35.099998474121094,35.849998474121094,47940
2019-12-10,35.95000076293945,36.849998474121094,33.75,34.099998474121094,67485
2019-12-11,35.25,35.25,32.650001525878906,33.599998474121094,34015
2019-12-12,32.349998474121094,33.95000076293945,30.299999237060547,31.049999237060547,179167
2019-12-13,31.100000381469727,32.400001525878906,30.5,31.100000381469727,187646
2019-12-16,31.0,32.45000076293945,31.0,31.25,107401
2019-12-17,31.350000381469727,32.20000076293945,30.399999618530273,31.100000381469727,69795
2019-12-18,31.100000381469727,34.20000076293945,31.100000381469727,33.400001525878906,386092
2019-12-19,32.95000076293945,35.5,31.0,33.099998474121094,175561
2019-12-20,32.599998474121094,33.54999923706055,31.799999237060547,31.950000762939453,114568
2019-12-23,31.25,32.349998474121094,31.0,31.100000381469727,82791
2019-12-24,30.700000762939453,31.399999618530273,28.600000381469727,30.75,137242
2019-12-26,30.5,32.400001525878906,30.149999618530273,31.100000381469727,74614
2019-12-27,31.950000762939453,32.29999923706055,30.549999237060547,31.799999237060547,40344
2019-12-30,31.0,31.799999237060547,30.799999237060547,31.100000381469727,57952
2019-12-31,30.850000381469727,34.20000076293945,30.200000762939453,33.79999923706055,282429
2020-01-01,34.20000076293945,34.75,32.0,33.54999923706055,175971
2020-01-02,33.849998474121094,36.900001525878906,32.900001525878906,36.900001525878906,194934
2020-01-03,37.95000076293945,40.54999923706055,35.599998474121094,37.5,386590
2020-01-06,38.0,38.0,34.650001525878906,35.25,76369
2020-01-07,35.79999923706055,36.900001525878906,33.20000076293945,35.849998474121094,125436
2020-01-08,35.599998474121094,35.599998474121094,33.0,34.849998474121094,49276
2020-01-09,36.900001525878906,36.900001525878906,34.599998474121094,36.04999923706055,58207
2020-01-10,36.04999923706055,38.0,35.099998474121094,35.70000076293945,101302
2020-01-13,36.150001525878906,37.0,35.099998474121094,35.650001525878906,46448
2020-01-14,36.04999923706055,38.349998474121094,35.54999923706055,37.04999923706055,122909
2020-01-15,37.04999923706055,39.0,36.95000076293945,38.650001525878906,108506
2020-01-16,39.29999923706055,39.599998474121094,38.25,38.75,61437
2020-01-17,39.0,39.20000076293945,35.95000076293945,36.5,111208
2020-01-20,35.5,36.349998474121094,35.0,35.29999923706055,87901
2020-01-21,35.29999923706055,35.849998474121094,34.75,35.5,30149
2020-01-22,35.5,36.900001525878906,34.900001525878906,35.29999923706055,49230
2020-01-23,35.349998474121094,36.5,35.349998474121094,36.0,55473
2020-01-24,36.25,36.54999923706055,35.29999923706055,35.400001525878906,42454
2020-01-27,34.0,35.95000076293945,34.0,34.79999923706055,36193
2020-01-28,35.0,35.5,34.0,34.25,42063
2020-01-29,34.599998474121094,34.79999923706055,31.649999618530273,32.349998474121094,159071
2020-01-30,32.349998474121094,32.849998474121094,31.649999618530273,32.04999923706055,49162
2020-01-31,31.399999618530273,32.900001525878906,31.399999618530273,31.899999618530273,49231
2020-02-03,30.75,31.200000762939453,30.450000762939453,30.549999237060547,42172
2020-02-04,32.0,32.0,30.600000381469727,31.299999237060547,27887
2020-02-05,31.649999618530273,31.899999618530273,30.600000381469727,31.149999618530273,90514
2020-02-06,31.149999618530273,35.5,31.149999618530273,34.79999923706055,221376
2020-02-07,34.95000076293945,36.45000076293945,33.5,34.900001525878906,138315
2020-02-10,33.95000076293945,33.95000076293945,30.950000762939453,32.0,134512
2020-02-11,32.29999923706055,33.20000076293945,31.600000381469727,32.04999923706055,32117
2020-02-12,32.099998474121094,32.400001525878906,30.600000381469727,31.0,37947
2020-02-13,31.200000762939453,32.5,30.450000762939453,31.899999618530273,40654
2020-02-14,32.099998474121094,32.849998474121094,30.700000762939453,30.899999618530273,30697
2020-02-17,30.200000762939453,32.75,29.5,29.899999618530273,55204
2020-02-18,30.350000381469727,31.350000381469727,29.25,30.649999618530273,39097
2020-02-19,31.299999237060547,31.450000762939453,30.0,30.649999618530273,27016
2020-02-20,30.850000381469727,31.25,29.799999237060547,29.950000762939453,25369
2020-02-24,29.850000381469727,30.049999237060547,29.049999237060547,29.450000762939453,33241
2020-02-25,30.600000381469727,30.600000381469727,29.149999618530273,29.299999237060547,13965
2020-02-26,29.149999618530273,29.799999237060547,28.399999618530273,28.600000381469727,35239
2020-02-27,28.600000381469727,29.25,28.25,28.950000762939453,68443
2020-02-28,28.549999237060547,28.899999618530273,26.149999618530273,28.149999618530273,75622
2020-03-02,27.850000381469727,29.399999618530273,27.5,27.899999618530273,31926
2020-03-03,28.450000762939453,28.549999237060547,26.200000762939453,26.899999618530273,31925
2020-03-04,27.149999618530273,27.700000762939453,26.5,27.0,40040
2020-03-05,27.0,27.299999237060547,26.5,26.799999237060547,37724
2020-03-06,26.5,26.600000381469727,23.649999618530273,24.350000381469727,102792
2020-03-09,24.0,26.5,22.100000381469727,25.350000381469727,67153
2020-03-11,26.0,26.0,23.350000381469727,24.5,132208
2020-03-12,22.600000381469727,25.049999237060547,20.600000381469727,23.600000381469727,105676
2020-03-13,20.450000762939453,24.899999618530273,20.200000762939453,23.700000762939453,55894
2020-03-16,24.5,25.200000762939453,20.5,20.950000762939453,162384
2020-03-17,22.25,22.950000762939453,19.0,21.299999237060547,53359
2020-03-18,21.049999237060547,21.75,18.799999237060547,19.200000762939453,121798
2020-03-19,18.600000381469727,21.799999237060547,16.5,19.200000762939453,68294
2020-03-20,20.0,21.0,19.100000381469727,20.399999618530273,27117
2020-03-23,18.399999618530273,19.100000381469727,16.350000381469727,17.0,150106
2020-03-24,16.200000762939453,18.5,15.100000381469727,16.5,81483
2020-03-25,16.0,17.399999618530273,15.050000190734863,16.5,32442
2020-03-26,16.950000762939453,18.399999618530273,16.5,16.950000762939453,44128
2020-03-27,17.899999618530273,19.799999237060547,16.950000762939453,17.950000762939453,48302
2020-03-30,17.0,18.649999618530273,17.0,18.450000762939453,24606
2020-03-31,18.5,21.5,18.0,21.200000762939453,86506
2020-04-01,21.0,22.0,20.049999237060547,21.149999618530273,37145
2020-04-03,21.799999237060547,21.799999237060547,18.899999618530273,20.049999237060547,20179
2020-04-07,23.450000762939453,23.450000762939453,20.0,20.549999237060547,32091
2020-04-08,20.0,22.0,20.0,21.049999237060547,36100
2020-04-09,21.5,23.799999237060547,21.0,23.0,57425
2020-04-13,25.899999618530273,27.299999237060547,23.0,26.100000381469727,118068
2020-04-15,27.600000381469727,31.299999237060547,23.799999237060547,31.049999237060547,280700
2020-04-16,30.0,33.45000076293945,29.0,32.04999923706055,233679
2020-04-17,33.20000076293945,33.900001525878906,29.5,30.450000762939453,138522
2020-04-20,31.450000762939453,31.899999618530273,28.299999237060547,29.850000381469727,147433
2020-04-21,28.0,29.0,27.549999237060547,28.299999237060547,126198
2020-04-22,28.899999618530273,29.600000381469727,28.0,28.850000381469727,27467
2020-04-23,29.25,30.0,28.149999618530273,29.049999237060547,40777
2020-04-24,29.0,29.700000762939453,28.5,29.0,23930
2020-04-27,29.0,31.600000381469727,28.200000762939453,28.950000762939453,64760
2020-04-28,30.5,30.5,28.700000762939453,29.25,25668
2020-04-29,30.0,30.0,28.600000381469727,29.0,21171
2020-04-30,29.049999237060547,29.75,29.0,29.049999237060547,35979
2020-05-04,28.950000762939453,29.0,27.600000381469727,28.299999237060547,58744
2020-05-05,28.0,28.950000762939453,28.0,28.149999618530273,9349
2020-05-06,29.25,29.25,28.0,28.700000762939453,38234
2020-05-07,28.350000381469727,29.399999618530273,28.25,29.049999237060547,30893
2020-05-08,31.200000762939453,31.200000762939453,28.649999618530273,28.899999618530273,21748
2020-05-11,30.149999618530273,30.149999618530273,28.399999618530273,28.850000381469727,27481
2020-05-12,28.850000381469727,29.450000762939453,28.049999237060547,29.299999237060547,22647
2020-05-13,29.649999618530273,31.049999237060547,29.100000381469727,30.399999618530273,57690
2020-05-14,30.0,30.25,29.049999237060547,29.75,10784
2020-05-15,29.299999237060547,31.5,29.299999237060547,30.899999618530273,49346
2020-05-18,31.399999618530273,32.29999923706055,29.25,31.549999237060547,80297
2020-05-19,31.549999237060547,32.04999923706055,30.5,30.799999237060547,24623
2020-05-20,30.899999618530273,31.200000762939453,30.200000762939453,30.75,16505
2020-05-21,31.0,31.0,29.600000381469727,29.850000381469727,21163
2020-05-22,29.799999237060547,31.0,29.200000762939453,30.299999237060547,31625
2020-05-26,30.850000381469727,30.899999618530273,29.700000762939453,30.200000762939453,8455
2020-05-27,29.350000381469727,31.850000381469727,29.350000381469727,30.549999237060547,50112
2020-05-28,30.149999618530273,31.950000762939453,29.5,30.899999618530273,45416
2020-05-29,30.049999237060547,31.399999618530273,29.399999618530273,30.299999237060547,30136
2020-06-01,30.100000381469727,32.0,30.100000381469727,30.649999618530273,32403
2020-06-02,30.899999618530273,31.899999618530273,30.5,31.5,17004
2020-06-03,31.799999237060547,32.45000076293945,31.5,31.600000381469727,134525
2020-06-04,32.29999923706055,32.29999923706055,30.25,30.700000762939453,16777
2020-06-05,31.649999618530273,35.45000076293945,31.200000762939453,33.75,110089
2020-06-08,34.900001525878906,38.349998474121094,34.900001525878906,37.650001525878906,133627
2020-06-09,38.150001525878906,39.900001525878906,36.150001525878906,36.54999923706055,68502
2020-06-10,36.29999923706055,37.95000076293945,36.0,37.349998474121094,37455
2020-06-11,37.900001525878906,37.900001525878906,34.29999923706055,35.150001525878906,37503
2020-06-12,33.0,37.29999923706055,32.70000076293945,36.79999923706055,117233
2020-06-15,37.79999923706055,41.70000076293945,36.0,39.20000076293945,402047
2020-06-16,39.5,39.75,35.099998474121094,35.54999923706055,176847
2020-06-17,35.5,37.0,34.099998474121094,34.70000076293945,62637
2020-06-18,34.0,40.70000076293945,34.0,39.20000076293945,226405
2020-06-19,39.20000076293945,42.20000076293945,38.0,38.349998474121094,224728
2020-06-22,37.04999923706055,40.400001525878906,37.04999923706055,38.04999923706055,163749
2020-06-23,38.150001525878906,38.5,36.650001525878906,37.20000076293945,108487
2020-06-24,38.20000076293945,38.400001525878906,34.70000076293945,35.0,151948
2020-06-25,35.25,37.04999923706055,34.54999923706055,36.20000076293945,46317
2020-06-26,37.0,37.20000076293945,35.75,36.25,22472
2020-06-29,35.599998474121094,36.099998474121094,34.5,35.5,48064
2020-06-30,36.45000076293945,36.70000076293945,35.150001525878906,35.29999923706055,18695
2020-07-01,35.5,35.5,34.20000076293945,34.400001525878906,49892
2020-07-02,34.75,37.150001525878906,34.70000076293945,36.849998474121094,94727
2020-07-03,37.900001525878906,37.900001525878906,35.75,36.0,40278
2020-07-06,37.150001525878906,37.150001525878906,33.70000076293945,34.849998474121094,83130
2020-07-07,34.900001525878906,35.900001525878906,34.150001525878906,35.099998474121094,56625
2020-07-08,36.75,36.75,34.54999923706055,34.75,46032
2020-07-09,34.5,41.70000076293945,34.5,41.20000076293945,847651
2020-07-10,40.75,41.5,37.150001525878906,37.5,370208
2020-07-13,37.95000076293945,38.099998474121094,35.150001525878906,36.29999923706055,134245
2020-07-14,36.29999923706055,36.900001525878906,34.650001525878906,35.150001525878906,98132
2020-07-15,35.400001525878906,36.29999923706055,34.5,34.900001525878906,74088
2020-07-16,34.900001525878906,35.400001525878906,34.29999923706055,34.54999923706055,43447
2020-07-17,34.849998474121094,36.79999923706055,34.599998474121094,35.75,110912
2020-07-20,36.0,36.79999923706055,35.25,35.650001525878906,65404
2020-07-21,36.20000076293945,37.29999923706055,34.95000076293945,35.599998474121094,102431
2020-07-22,35.650001525878906,35.70000076293945,34.95000076293945,35.150001525878906,53020
2020-07-23,35.29999923706055,35.599998474121094,34.70000076293945,35.20000076293945,37710
2020-07-24,35.349998474121094,41.349998474121094,34.349998474121094,39.900001525878906,799724
2020-07-27,39.0,39.400001525878906,35.79999923706055,36.349998474121094,179240
2020-07-28,36.79999923706055,36.849998474121094,35.150001525878906,35.650001525878906,103473
2020-07-29,35.5,37.79999923706055,35.45000076293945,36.25,138973
2020-07-30,37.04999923706055,37.650001525878906,35.5,36.150001525878906,97513
2020-07-31,36.20000076293945,36.75,35.20000076293945,35.54999923706055,36011
2020-08-03,35.599998474121094,36.04999923706055,33.29999923706055,34.400001525878906,145211
2020-08-04,35.04999923706055,35.849998474121094,33.849998474121094,34.29999923706055,84781
2020-08-05,34.849998474121094,35.150001525878906,34.0,34.650001525878906,69769
2020-08-06,35.70000076293945,35.900001525878906,34.349998474121094,34.599998474121094,81004
2020-08-07,35.29999923706055,36.5,34.400001525878906,35.20000076293945,90440
2020-08-10,35.20000076293945,36.0,34.650001525878906,35.0,70082
2020-08-11,35.0,36.25,34.29999923706055,35.0,125248
2020-08-12,34.900001525878906,35.25,34.45000076293945,34.79999923706055,71542
2020-08-13,35.45000076293945,35.45000076293945,33.849998474121094,34.099998474121094,134357
2020-08-14,34.95000076293945,35.650001525878906,34.04999923706055,34.400001525878906,150885
2020-08-17,34.79999923706055,34.900001525878906,33.29999923706055,34.0,116562
2020-08-18,34.0,35.04999923706055,33.70000076293945,34.5,103584
2020-08-19,35.099998474121094,38.95000076293945,34.54999923706055,37.20000076293945,775664
2020-08-20,35.95000076293945,36.70000076293945,34.650001525878906,35.0,390961
2020-08-21,35.400001525878906,35.45000076293945,34.79999923706055,35.0,103461
2020-08-24,35.349998474121094,37.29999923706055,35.25,35.599998474121094,276584
2020-08-25,35.20000076293945,38.400001525878906,34.95000076293945,36.25,364879
2020-08-26,37.0,37.0,36.0,36.150001525878906,98242
2020-08-27,36.849998474121094,37.5,35.5,35.70000076293945,209950
2020-08-28,36.29999923706055,37.849998474121094,34.900001525878906,35.099998474121094,316744
2020-08-31,36.349998474121094,36.349998474121094,33.29999923706055,33.75,184663
2020-09-01,34.79999923706055,34.79999923706055,32.5,33.400001525878906,41924
2020-09-02,33.349998474121094,34.5,33.29999923706055,34.29999923706055,35731
2020-09-03,35.349998474121094,35.349998474121094,31.899999618530273,32.599998474121094,181335
2020-09-04,32.20000076293945,32.29999923706055,31.450000762939453,31.850000381469727,79449
2020-09-07,31.350000381469727,32.5,31.0,31.25,98852
2020-09-08,31.350000381469727,31.899999618530273,30.5,30.649999618530273,60730
2020-09-09,30.649999618530273,30.649999618530273,29.350000381469727,30.049999237060547,52696
2020-09-10,30.899999618530273,30.899999618530273,29.75,30.049999237060547,35258
2020-09-11,30.049999237060547,30.450000762939453,29.799999237060547,29.950000762939453,112837
2020-09-14,30.200000762939453,30.299999237060547,29.350000381469727,30.100000381469727,57854
2020-09-15,30.149999618530273,30.5,29.700000762939453,30.25,64955
2020-09-16,30.75,30.75,29.600000381469727,30.25,48693
2020-09-17,30.399999618530273,33.5,30.100000381469727,30.899999618530273,220459
2020-09-18,30.899999618530273,31.850000381469727,30.700000762939453,30.950000762939453,35430
2020-09-21,31.100000381469727,31.299999237060547,30.350000381469727,30.450000762939453,52858
2020-09-22,31.549999237060547,31.549999237060547,30.200000762939453,30.5,31430
2020-09-23,31.399999618530273,31.399999618530273,30.0,30.5,35941
2020-09-24,30.049999237060547,30.049999237060547,28.75,28.950000762939453,50220
2020-09-25,28.25,30.0,28.25,29.0,51737
2020-09-28,29.200000762939453,29.950000762939453,28.549999237060547,29.0,52315
2020-09-29,29.299999237060547,29.950000762939453,28.549999237060547,29.350000381469727,31783
2020-09-30,29.450000762939453,29.899999618530273,28.850000381469727,29.649999618530273,42270
2020-10-01,29.899999618530273,29.899999618530273,28.899999618530273,29.549999237060547,61574
2020-10-05,29.5,31.5,29.299999237060547,30.149999618530273,32800
2020-10-06,30.149999618530273,30.950000762939453,29.5,30.100000381469727,26400
2020-10-07,30.200000762939453,30.200000762939453,29.200000762939453,29.25,31643
2020-10-08,28.899999618530273,30.5,28.899999618530273,29.100000381469727,31726
2020-10-09,29.200000762939453,29.649999618530273,28.5,28.600000381469727,37746
2020-10-12,29.149999618530273,31.700000762939453,28.0,30.5,76002
2020-10-13,30.450000762939453,31.299999237060547,29.549999237060547,30.700000762939453,88374
2020-10-14,30.0,30.899999618530273,29.350000381469727,30.450000762939453,42839
2020-10-15,30.549999237060547,30.700000762939453,29.049999237060547,29.25,234314
2020-10-16,29.399999618530273,30.200000762939453,28.399999618530273,28.850000381469727,113977
2020-10-19,29.5,29.700000762939453,28.600000381469727,28.799999237060547,29562
2020-10-20,29.049999237060547,29.649999618530273,28.049999237060547,29.149999618530273,56591
2020-10-21,29.100000381469727,29.700000762939453,28.100000381469727,29.100000381469727,27454
2020-10-22,28.899999618530273,29.399999618530273,28.600000381469727,28.899999618530273,62169
2020-10-23,28.950000762939453,29.75,28.450000762939453,29.350000381469727,53536
2020-10-26,29.350000381469727,29.600000381469727,28.700000762939453,28.899999618530273,32340
2020-10-27,28.899999618530273,29.350000381469727,28.5,29.200000762939453,57485
2020-10-28,28.850000381469727,29.200000762939453,28.100000381469727,28.600000381469727,25290
2020-10-29,28.649999618530273,29.5,28.549999237060547,29.25,33987
2020-10-30,29.0,29.299999237060547,28.5,28.799999237060547,51869
2020-11-02,28.149999618530273,29.5,28.149999618530273,29.200000762939453,26323
2020-11-03,29.049999237060547,29.049999237060547,28.649999618530273,28.700000762939453,7521
2020-11-04,28.549999237060547,29.600000381469727,27.399999618530273,28.899999618530273,26958
2020-11-05,29.350000381469727,29.700000762939453,28.700000762939453,29.25,68986
2020-11-06,29.0,29.75,28.700000762939453,29.450000762939453,38199
2020-11-09,29.399999618530273,30.450000762939453,29.299999237060547,30.049999237060547,88786
2020-11-10,30.0,30.899999618530273,29.25,30.25,51959
2020-11-11,30.200000762939453,31.399999618530273,30.200000762939453,30.299999237060547,56300
2020-11-12,30.350000381469727,30.649999618530273,29.200000762939453,30.350000381469727,29263
2020-11-13,30.049999237060547,30.899999618530273,28.299999237060547,29.100000381469727,170067
2020-11-14,29.5,31.700000762939453,29.450000762939453,30.700000762939453,106434
2020-11-17,31.5,32.29999923706055,30.700000762939453,31.350000381469727,91441
2020-11-18,31.5,31.850000381469727,30.75,31.700000762939453,46787
2020-11-19,31.850000381469727,34.099998474121094,31.0,32.5,271859
2020-11-20,32.5,35.5,32.400001525878906,33.75,330643
2020-11-23,34.70000076293945,34.70000076293945,33.900001525878906,34.099998474121094,42596
2020-11-24,34.75,34.75,32.599998474121094,32.849998474121094,93228
2020-11-25,32.849998474121094,33.79999923706055,31.75,32.45000076293945,102845
2020-11-26,32.150001525878906,33.599998474121094,31.950000762939453,33.0,31110
2020-11-27,33.70000076293945,34.29999923706055,33.04999923706055,33.79999923706055,85992
2020-12-01,33.79999923706055,35.5,33.25,34.849998474121094,154676
2020-12-02,34.900001525878906,35.75,34.5,35.150001525878906,95916
2020-12-03,35.70000076293945,35.70000076293945,34.5,35.25,81398
2020-12-04,35.5,42.29999923706055,34.70000076293945,42.29999923706055,1026409
2020-12-07,48.0,48.0,43.599998474121094,44.099998474121094,844983
2020-12-08,47.75,47.75,42.20000076293945,45.95000076293945,410559
2020-12-09,47.099998474121094,47.150001525878906,45.04999923706055,45.20000076293945,108933
2020-12-10,45.5,45.5,43.04999923706055,43.849998474121094,85971
2020-12-11,43.400001525878906,45.900001525878906,39.150001525878906,41.25,309164
2020-12-14,42.79999923706055,48.75,41.54999923706055,48.099998474121094,507589
2020-12-15,48.5,52.5,48.5,49.79999923706055,510630
2020-12-16,51.900001525878906,54.400001525878906,51.0,51.45000076293945,363350
2020-12-17,52.20000076293945,52.20000076293945,47.54999923706055,48.25,141495
2020-12-18,48.29999923706055,51.04999923706055,45.400001525878906,49.349998474121094,212716
2020-12-21,49.25,50.29999923706055,43.0,43.5,207632
2020-12-22,43.650001525878906,45.79999923706055,40.599998474121094,42.849998474121094,229262
2020-12-23,43.0,51.400001525878906,43.0,51.400001525878906,514048
2020-12-24,54.400001525878906,55.900001525878906,51.29999923706055,53.400001525878906,681979
2020-12-28,55.0,58.45000076293945,54.04999923706055,57.04999923706055,367500
2020-12-29,56.75,58.099998474121094,54.0,54.79999923706055,215236
2020-12-30,56.0,57.900001525878906,48.0,54.95000076293945,106736
2020-12-31,53.0,56.5,52.25,52.25,55185
2021-01-01,50.0,51.900001525878906,49.650001525878906,51.849998474121094,73390
2021-01-04,51.0,54.400001525878906,51.0,54.400001525878906,106055
2021-01-05,54.0,57.099998474121094,52.54999923706055,53.150001525878906,74430
2021-01-06,53.29999923706055,54.849998474121094,50.5,50.650001525878906,103120
2021-01-07,52.75,52.75,51.0,51.45000076293945,37338
2021-01-08,50.5,52.099998474121094,50.5,50.95000076293945,30654
2021-01-11,52.400001525878906,52.400001525878906,50.0,50.70000076293945,33421
2021-01-12,50.70000076293945,50.849998474121094,49.0,49.349998474121094,50676
2021-01-13,50.5,51.79999923706055,48.5,50.75,54271
2021-01-14,49.20000076293945,51.0,49.20000076293945,49.45000076293945,14375
2021-01-15,50.54999923706055,50.54999923706055,48.29999923706055,49.099998474121094,18827
2021-01-18,49.099998474121094,49.099998474121094,46.650001525878906,48.849998474121094,59832
2021-01-19,48.849998474121094,49.099998474121094,47.099998474121094,48.849998474121094,26043
2021-01-20,49.900001525878906,50.0,47.5,49.900001525878906,28978
2021-01-21,49.900001525878906,49.95000076293945,48.54999923706055,49.400001525878906,39915
2021-01-22,47.349998474121094,48.5,46.95000076293945,46.95000076293945,22619
2021-01-25,46.95000076293945,48.20000076293945,44.650001525878906,45.150001525878906,12737
2021-01-27,44.75,47.400001525878906,42.95000076293945,43.099998474121094,36160
2021-01-28,43.0,45.25,41.29999923706055,45.25,17102
2021-01-29,47.5,47.5,47.5,47.5,6081
2021-02-01,47.25,49.849998474121094,47.0,49.849998474121094,52011
2021-02-02,52.25,52.29999923706055,50.150001525878906,52.29999923706055,58264
2021-02-03,53.45000076293945,54.0,49.70000076293945,51.54999923706055,114816
2021-02-04,51.54999923706055,52.45000076293945,50.54999923706055,50.849998474121094,35438
2021-02-05,51.75,53.349998474121094,51.0,51.70000076293945,118063
2021-02-08,51.099998474121094,54.150001525878906,50.04999923706055,53.54999923706055,87562
2021-02-09,53.54999923706055,55.79999923706055,52.79999923706055,53.45000076293945,77724
2021-02-10,53.900001525878906,56.0,51.5,52.150001525878906,89601
2021-02-11,52.79999923706055,52.79999923706055,50.849998474121094,51.900001525878906,39205
2021-02-12,52.150001525878906,52.75,51.0,51.25,38929
2021-02-15,53.75,53.79999923706055,53.75,53.79999923706055,27803
2021-02-16,56.45000076293945,56.45000076293945,52.0,53.70000076293945,212700
2021-02-17,53.75,56.349998474121094,51.25,56.150001525878906,491574
2021-02-18,58.95000076293945,58.95000076293945,57.349998474121094,58.95000076293945,250219
2021-02-19,59.25,61.849998474121094,59.25,61.849998474121094,127848
2021-02-22,64.9000015258789,64.9000015258789,64.9000015258789,64.9000015258789,52252
2021-02-23,68.0999984741211,68.0999984741211,68.0999984741211,68.0999984741211,21149
2021-02-24,71.5,71.5,71.5,71.5,18038
2021-02-25,75.05000305175781,75.05000305175781,75.05000305175781,75.05000305175781,12345
2021-02-26,78.80000305175781,78.80000305175781,78.80000305175781,78.80000305175781,29424
2021-03-01,82.69999694824219,82.69999694824219,74.9000015258789,80.6500015258789,714174
2021-03-02,84.6500015258789,84.6500015258789,80.0,84.6500015258789,156014
2021-03-03,86.5999984741211,88.8499984741211,85.05000305175781,88.8499984741211,225887
2021-03-04,89.0,93.25,87.0,93.25,228205
2021-03-05,97.9000015258789,97.9000015258789,88.5999984741211,90.05000305175781,492655
2021-03-08,92.0,94.55000305175781,86.0,91.44999694824219,208966
2021-03-09,93.0,96.0,89.8499984741211,93.19999694824219,223423
2021-03-10,93.5,97.0,92.94999694824219,93.44999694824219,194451
2021-03-12,92.5999984741211,95.3499984741211,88.80000305175781,90.8499984741211,137243
2021-03-15,92.0,92.0999984741211,86.5999984741211,87.6500015258789,197384
2021-03-16,90.0,90.0,83.30000305175781,84.3499984741211,182871
2021-03-17,84.69999694824219,85.8499984741211,80.1500015258789,80.1500015258789,101934
2021-03-18,78.5999984741211,79.0,76.1500015258789,76.1500015258789,82454
2021-03-19,72.3499984741211,79.94999694824219,72.3499984741211,79.94999694824219,159335
2021-03-22,79.94999694824219,83.9000015258789,79.55000305175781,83.9000015258789,76511
2021-03-23,88.0,88.05000305175781,82.1500015258789,82.75,206892
2021-03-24,83.1500015258789,86.5,79.1500015258789,80.69999694824219,116719
2021-03-25,81.5,81.5,76.69999694824219,77.19999694824219,81380
2021-03-26,79.30000305175781,79.30000305175781,74.30000305175781,76.0999984741211,54658
2021-03-30,76.0999984741211,78.94999694824219,73.55000305175781,75.0999984741211,40849
2021-03-31,75.0999984741211,78.8499984741211,72.1500015258789,77.5,114712
2021-04-01,80.5,80.5,75.69999694824219,76.30000305175781,61270
2021-04-05,75.05000305175781,76.94999694824219,72.5,73.94999694824219,175203
2021-04-06,73.0,76.5999984741211,72.75,74.25,55691
2021-04-07,75.75,76.44999694824219,71.5,72.1500015258789,80847
2021-04-08,73.0999984741211,73.44999694824219,71.30000305175781,72.0,59654
2021-04-09,71.5999984741211,73.0,70.05000305175781,70.55000305175781,27583
2021-04-12,69.44999694824219,69.44999694824219,67.05000305175781,67.05000305175781,55725
2021-04-13,65.0999984741211,65.1500015258789,63.70000076293945,63.900001525878906,143169
2021-04-15,62.75,67.05000305175781,60.75,66.3499984741211,84467
2021-04-16,68.9000015258789,68.9000015258789,65.05000305175781,66.0,41602
2021-04-19,65.0,65.0,62.70000076293945,62.70000076293945,34738
2021-04-20,62.79999923706055,65.5,60.5,61.400001525878906,40663
2021-04-22,59.599998474121094,64.0,59.599998474121094,63.45000076293945,29546
2021-04-23,64.5,65.19999694824219,61.45000076293945,64.05000305175781,49973
2021-04-26,65.3499984741211,67.25,63.349998474121094,67.25,48730
2021-04-27,67.94999694824219,70.5999984741211,67.69999694824219,70.5999984741211,43483
2021-04-28,72.6500015258789,74.0999984741211,72.6500015258789,74.0999984741211,138453
2021-04-29,77.80000305175781,77.80000305175781,71.80000305175781,72.75,147916
2021-04-30,70.5,73.80000305175781,70.0,73.19999694824219,42245
2021-05-03,71.19999694824219,76.8499984741211,71.0999984741211,76.8499984741211,112316
2021-05-04,80.6500015258789,80.6500015258789,73.05000305175781,74.25,154535
2021-05-05,74.80000305175781,76.9000015258789,73.44999694824219,73.69999694824219,37902
2021-05-06,75.94999694824219,77.3499984741211,72.44999694824219,77.3499984741211,88845
2021-05-07,77.3499984741211,81.19999694824219,77.30000305175781,79.6500015258789,157730
2021-05-10,78.0,82.44999694824219,76.55000305175781,77.05000305175781,76836
2021-05-11,77.05000305175781,77.30000305175781,74.5999984741211,74.94999694824219,43040
2021-05-12,75.1500015258789,77.5999984741211,74.0999984741211,74.5,32984
2021-05-14,74.1500015258789,76.9000015258789,72.5,73.94999694824219,38637
2021-05-17,73.05000305175781,76.5,73.05000305175781,74.8499984741211,14683
2021-05-18,76.3499984741211,78.55000305175781,72.9000015258789,74.25,125229
2021-05-19,74.9000015258789,76.5,74.25,74.8499984741211,52076
2021-05-20,76.80000305175781,76.80000305175781,74.25,74.75,50024
2021-05-21,75.0,78.44999694824219,75.0,78.44999694824219,196910
2021-05-24,80.9000015258789,82.3499984741211,77.0,82.3499984741211,266426
2021-05-25,85.44999694824219,86.44999694824219,84.19999694824219,86.44999694824219,170063
2021-05-26,90.5,90.75,86.0,89.80000305175781,402571
2021-05-27,94.19999694824219,94.19999694824219,89.0,91.4000015258789,237631
2021-05-28,91.4000015258789,93.5999984741211,88.05000305175781,89.05000305175781,145245
2021-05-31,88.8499984741211,91.94999694824219,88.05000305175781,89.9000015258789,87216
2021-06-01,89.0,90.94999694824219,88.5,88.5999984741211,43954
2021-06-02,89.80000305175781,89.80000305175781,86.0999984741211,87.19999694824219,55682
2021-06-03,87.30000305175781,89.0,84.5999984741211,85.44999694824219,92378
2021-06-04,85.4000015258789,89.69999694824219,85.4000015258789,88.5999984741211,326570
2021-06-07,90.5,97.44999694824219,90.5,96.69999694824219,461412
2021-06-08,103.9000015258789,106.3499984741211,100.30000305175781,106.3499984741211,343446
2021-06-09,116.9000015258789,116.94999694824219,108.1500015258789,116.94999694824219,591799
2021-06-10,122.75,122.75,122.75,122.75,160824
2021-06-11,128.85000610351562,128.85000610351562,116.75,123.0,528571
2021-06-14,125.9000015258789,129.14999389648438,117.5,129.14999389648438,331260
2021-06-15,135.5,135.60000610351562,132.0,135.60000610351562,147183
2021-06-16,142.35000610351562,142.35000610351562,136.5,141.8000030517578,758189
2021-06-17,148.8000030517578,148.8000030517578,134.75,138.60000610351562,417785
2021-06-18,138.60000610351562,142.14999389648438,131.6999969482422,133.39999389648438,285919
2021-06-21,128.60000610351562,140.0500030517578,128.60000610351562,140.0500030517578,195803
2021-06-22,147.0500030517578,147.0500030517578,145.0500030517578,147.0500030517578,152069
2021-06-23,154.39999389648438,154.39999389648438,147.4499969482422,150.25,288820
2021-06-24,150.89999389648438,153.64999389648438,142.75,142.85000610351562,148076
2021-06-25,140.0500030517578,149.9499969482422,136.5,149.9499969482422,255073
2021-06-28,157.0,157.39999389648438,146.0,157.39999389648438,147716
2021-06-29,165.14999389648438,165.25,160.5,165.25,94391
2021-06-30,173.5,173.5,173.5,173.5,41462
2021-07-01,182.14999389648438,182.14999389648438,175.0,182.14999389648438,332041
2021-07-02,191.25,191.25,185.0500030517578,190.9499969482422,233620
2021-07-05,199.1999969482422,200.4499969482422,195.0,200.4499969482422,200890
2021-07-06,210.4499969482422,210.4499969482422,190.4499969482422,190.4499969482422,246018
2021-07-07,180.9499969482422,180.9499969482422,180.9499969482422,180.9499969482422,5469
2021-07-08,171.9499969482422,171.9499969482422,171.9499969482422,171.9499969482422,3983
2021-07-09,163.39999389648438,179.8000030517578,163.39999389648438,175.35000610351562,662089
2021-07-12,166.60000610351562,172.8000030517578,166.60000610351562,167.3000030517578,317809
2021-07-13,167.0,167.0,160.10000610351562,163.6999969482422,117865
2021-07-14,156.1999969482422,171.85000610351562,156.1999969482422,171.85000610351562,128598
2021-07-15,180.0,180.39999389648438,176.5,180.39999389648438,112352
2021-07-16,183.5,189.39999389648438,183.5,189.39999389648438,76711
2021-07-19,193.1999969482422,198.85000610351562,189.39999389648438,198.85000610351562,73028
2021-07-20,207.89999389648438,208.75,190.10000610351562,197.8000030517578,98496
2021-07-22,197.8000030517578,205.0,187.9499969482422,191.39999389648438,87890
2021-07-23,194.9499969482422,194.9499969482422,182.0,184.9499969482422,46349
2021-07-26,188.64999389648438,188.64999389648438,180.0,181.4499969482422,25021
2021-07-27,183.0,185.25,175.0,176.0500030517578,72920
2021-07-28,176.0500030517578,179.9499969482422,167.25,177.35000610351562,124871
2021-07-29,177.25,180.0,170.60000610351562,174.8000030517578,51181
2021-07-30,177.5,179.14999389648438,172.0,174.10000610351562,50688
2021-08-02,177.60000610351562,182.8000030517578,168.5,182.8000030517578,95388
2021-08-03,184.0,190.5,184.0,187.60000610351562,87675
2021-08-04,191.3000030517578,196.0,185.0,187.6999969482422,99518
2021-08-05,185.5,189.9499969482422,182.0,188.1999969482422,77591
2021-08-06,186.0,193.89999389648438,179.14999389648438,190.89999389648438,101486
2021-08-09,195.0,199.6999969482422,181.5500030517578,183.8000030517578,70276
2021-08-10,187.4499969482422,189.5,174.64999389648438,174.8000030517578,40579
2021-08-11,178.39999389648438,183.5,166.5,181.8000030517578,66750
2021-08-12,182.8000030517578,190.39999389648438,178.9499969482422,181.25,56670
2021-08-13,188.0,188.0,177.3000030517578,181.4499969482422,84418
2021-08-16,177.0,184.89999389648438,177.0,183.64999389648438,71256
2021-08-17,187.35000610351562,188.0,177.3000030517578,181.39999389648438,16492
2021-08-18,186.39999389648438,186.39999389648438,172.35000610351562,175.5,14230
2021-08-20,172.39999389648438,179.0,166.75,168.6999969482422,21097
2021-08-23,174.85000610351562,174.85000610351562,160.3000030517578,160.6999969482422,19202
2021-08-24,156.0500030517578,164.0,152.6999969482422,153.14999389648438,47507
2021-08-25,155.8000030517578,160.0,150.0,157.89999389648438,29928
2021-08-26,156.85000610351562,165.75,152.64999389648438,165.60000610351562,37464
2021-08-27,171.0,171.0,161.60000610351562,163.6999969482422,15788
2021-08-30,166.89999389648438,167.0,157.8000030517578,160.10000610351562,21330
2021-08-31,160.10000610351562,163.75,156.0,157.3000030517578,22228
2021-09-01,159.6999969482422,159.6999969482422,152.0,155.35000610351562,17099
2021-09-02,155.14999389648438,159.89999389648438,152.3000030517578,155.4499969482422,26578
2021-09-03,155.4499969482422,158.0,150.3000030517578,155.89999389648438,29741
2021-09-06,155.89999389648438,160.0,154.0500030517578,155.89999389648438,69659
2021-09-07,157.5500030517578,157.6999969482422,152.1999969482422,154.85000610351562,9684
2021-09-08,156.4499969482422,162.5500030517578,154.0,154.8000030517578,21809
2021-09-09,154.8000030517578,154.8000030517578,150.0,151.10000610351562,63706
2021-09-13,151.9499969482422,155.25,150.0,154.3000030517578,30822
2021-09-14,153.0,154.0,148.10000610351562,149.64999389648438,38697
2021-09-15,150.0,154.75,150.0,154.64999389648438,42725
2021-09-16,158.89999389648438,158.89999389648438,154.0,154.0,12522
2021-09-17,154.9499969482422,157.39999389648438,149.0,151.64999389648438,32170
2021-09-20,152.0,153.0,144.10000610351562,145.0500030517578,137648
2021-09-21,146.0,146.14999389648438,138.0,139.0500030517578,43511
2021-09-22,135.39999389648438,142.8000030517578,135.39999389648438,141.10000610351562,29481
2021-09-23,143.5500030517578,148.0,139.9499969482422,144.0500030517578,45429
2021-09-24,145.8000030517578,145.8000030517578,137.0,140.6999969482422,60483
2021-09-27,140.6999969482422,143.4499969482422,137.39999389648438,137.85000610351562,23054
2021-09-28,136.14999389648438,140.8000030517578,135.0,137.89999389648438,14360
2021-09-29,136.85000610351562,139.0,132.6999969482422,135.25,27260
2021-09-30,136.0,137.35000610351562,135.0,136.9499969482422,15674
2021-10-01,136.8000030517578,141.6999969482422,134.5500030517578,140.8000030517578,21166
2021-10-04,141.0,147.8000030517578,141.0,147.8000030517578,33025
2021-10-05,146.9499969482422,155.14999389648438,146.9499969482422,155.0500030517578,58750
2021-10-06,155.0500030517578,162.8000030517578,155.0,162.0500030517578,49651
2021-10-07,170.14999389648438,170.14999389648438,163.10000610351562,164.89999389648438,74103
2021-10-08,166.0,169.0,160.10000610351562,161.5500030517578,32497
2021-10-11,168.89999389648438,168.89999389648438,161.5,162.39999389648438,17647
2021-10-12,155.10000610351562,167.0,155.0500030517578,158.5500030517578,49282
2021-10-13,154.0500030517578,163.39999389648438,154.0500030517578,156.10000610351562,60007
2021-10-14,156.9499969482422,161.0,155.14999389648438,158.89999389648438,44368
2021-10-18,162.9499969482422,162.9499969482422,154.1999969482422,156.3000030517578,50401
2021-10-19,156.3000030517578,156.3000030517578,151.5500030517578,152.14999389648438,42267
2021-10-20,150.39999389648438,154.9499969482422,146.10000610351562,148.85000610351562,45790
2021-10-21,149.10000610351562,150.0,141.60000610351562,143.10000610351562,28756
2021-10-22,141.25,145.75,139.35000610351562,143.3000030517578,31765
2021-10-25,147.5,147.5,139.60000610351562,140.39999389648438,20577
2021-10-26,140.0,145.0,139.9499969482422,143.64999389648438,20338
2021-10-27,148.25,148.25,142.5,144.60000610351562,19459
2021-10-28,147.5,147.5,140.0,140.39999389648438,50406
2021-10-29,139.0,145.64999389648438,139.0,141.8000030517578,48889
2021-11-01,139.0,148.85000610351562,138.85000610351562,148.85000610351562,17328
2021-11-02,151.9499969482422,156.25,148.25,156.25,64718
2021-11-03,163.0,163.0,157.0500030517578,157.5500030517578,110314
2021-11-04,157.5500030517578,158.4499969482422,150.0,157.0,30094
2021-11-08,157.0,160.0,149.14999389648438,149.5500030517578,47274
2021-11-09,150.89999389648438,150.89999389648438,143.10000610351562,145.14999389648438,41617
2021-11-10,145.0,152.3000030517578,143.0500030517578,148.3000030517578,35951
2021-11-11,148.64999389648438,149.0,144.4499969482422,148.1999969482422,30528
2021-11-12,148.14999389648438,149.5,144.4499969482422,148.85000610351562,43528
2021-11-15,149.0,149.0,145.85000610351562,147.39999389648438,19126
2021-11-16,148.60000610351562,149.0,146.39999389648438,148.25,32850
2021-11-17,148.25,149.35000610351562,146.14999389648438,146.75,29811
2021-11-18,149.8000030517578,149.8000030517578,144.5,146.35000610351562,36085
2021-11-22,146.35000610351562,146.75,141.9499969482422,143.75,67701
2021-11-23,143.75,150.89999389648438,142.0500030517578,148.25,56057
2021-11-24,149.85000610351562,155.64999389648438,148.5500030517578,155.64999389648438,318259
2021-11-25,159.8000030517578,163.39999389648438,158.0,162.9499969482422,288573
2021-11-26,166.39999389648438,170.89999389648438,155.0,156.6999969482422,158655
2021-11-29,157.0,158.1999969482422,148.89999389648438,154.10000610351562,139054
2021-11-30,152.0,157.89999389648438,147.25,148.39999389648438,77988
2021-12-01,148.1999969482422,154.35000610351562,148.1999969482422,151.3000030517578,22419
2021-12-02,151.35000610351562,158.85000610351562,146.10000610351562,158.85000610351562,50930
2021-12-03,166.75,166.75,160.5,166.75,156334
2021-12-06,169.0,175.0500030517578,168.25,175.0500030517578,115819
2021-12-07,185.0,210.0500030517578,185.0,210.0500030517578,1376261
2021-12-08,216.39999389648438,242.0,216.0,224.4499969482422,1761103
2021-12-09,226.0,226.0,212.4499969482422,220.35000610351562,323070
2021-12-10,220.5,238.0,210.14999389648438,218.0500030517578,331831
2021-12-13,212.0,216.6999969482422,194.64999389648438,195.9499969482422,422836
2021-12-14,194.0,231.0,191.85000610351562,218.60000610351562,688157
2021-12-15,219.9499969482422,221.6999969482422,208.0,215.14999389648438,134835
2021-12-16,220.89999389648438,220.9499969482422,194.89999389648438,202.60000610351562,420657
2021-12-17,206.9499969482422,219.60000610351562,198.5500030517578,206.9499969482422,379887
2021-12-20,210.0,216.0,187.0,191.0,376582
2021-12-21,192.0500030517578,215.39999389648438,192.0500030517578,209.60000610351562,282375
2021-12-22,213.8000030517578,219.0,199.5,200.4499969482422,296043
2021-12-23,202.9499969482422,206.9499969482422,198.10000610351562,201.14999389648438,174938
2021-12-24,202.6999969482422,204.8000030517578,199.10000610351562,202.6999969482422,78683
2021-12-27,205.64999389648438,206.0,199.9499969482422,203.35000610351562,106982
2021-12-28,209.85000610351562,217.4499969482422,203.35000610351562,210.85000610351562,215198
2021-12-29,212.4499969482422,214.6999969482422,201.3000030517578,204.4499969482422,124494
2021-12-30,205.0,214.60000610351562,198.8000030517578,200.0,157621
2021-12-31,200.0,205.6999969482422,190.5500030517578,194.14999389648438,244918
2022-01-03,196.3000030517578,210.9499969482422,196.3000030517578,206.5,344913
2022-01-04,207.8000030517578,210.0,199.0,201.0,183207
2022-01-05,201.8000030517578,203.9499969482422,196.39999389648438,200.25,209493
2022-01-06,198.0,204.89999389648438,197.0500030517578,202.75,84803
2022-01-07,204.89999389648438,207.0,198.5,202.8000030517578,185867
2022-01-10,201.0,219.5,201.0,215.35000610351562,870823
2022-01-11,221.39999389648438,237.39999389648438,218.0500030517578,227.4499969482422,1006347
2022-01-12,229.5,229.5,218.14999389648438,220.5500030517578,185124
2022-01-13,220.5500030517578,220.60000610351562,210.60000610351562,213.10000610351562,165331
2022-01-14,214.0,239.5,213.5,232.5,903653
2022-01-17,233.4499969482422,239.0,227.9499969482422,234.0,279530
2022-01-18,235.5,258.5,234.14999389648438,251.8000030517578,1150953
2022-01-19,256.25,257.79998779296875,244.75,248.75,287469
2022-01-20,247.0500030517578,255.0,240.0,244.0500030517578,218191
2022-01-21,244.0,249.0,238.5500030517578,244.3000030517578,186872
2022-01-24,243.10000610351562,244.4499969482422,206.8000030517578,216.39999389648438,647347
2022-01-25,215.10000610351562,225.5,202.8000030517578,223.89999389648438,216133
2022-01-27,220.0,231.3000030517578,215.0,227.5,187307
2022-01-28,227.0,246.0,227.0,236.8000030517578,323705
2022-01-31,243.5,243.6999969482422,226.5,229.1999969482422,175635
2022-02-01,228.10000610351562,237.85000610351562,211.0,226.0500030517578,349965
2022-02-02,232.89999389648438,244.89999389648438,228.5500030517578,236.1999969482422,283597
2022-02-03,236.0,236.1999969482422,227.4499969482422,228.6999969482422,158316
2022-02-04,228.6999969482422,234.39999389648438,226.0,227.85000610351562,94571
2022-02-07,216.5,228.25,213.3000030517578,224.14999389648438,259145
2022-02-08,225.5,228.6999969482422,215.89999389648438,216.5500030517578,104012
2022-02-09,219.0,240.0,215.10000610351562,234.8000030517578,469010
2022-02-10,242.0,244.0,227.1999969482422,229.9499969482422,241852
2022-02-11,230.0,232.35000610351562,225.0,225.89999389648438,81124
2022-02-14,217.3000030517578,247.0,217.3000030517578,222.25,170343
2022-02-15,222.5,227.4499969482422,215.5,225.75,149173
2022-02-16,230.3000030517578,235.14999389648438,225.10000610351562,227.4499969482422,96539
2022-02-17,228.25,230.64999389648438,223.0,223.60000610351562,229714
2022-02-18,222.1999969482422,226.10000610351562,216.3000030517578,218.75,175977
2022-02-21,216.5,217.9499969482422,205.25,209.39999389648438,121025
2022-02-22,206.0,206.0,192.0,197.8000030517578,248638
2022-02-23,205.0,208.5,197.4499969482422,200.35000610351562,291684
2022-02-24,193.39999389648438,193.39999389648438,168.0,171.25,323191
2022-02-25,180.0,192.5,175.4499969482422,184.64999389648438,258237
2022-02-28,185.9499969482422,193.4499969482422,181.0,187.6999969482422,174553
2022-03-02,183.5,191.0,180.3000030517578,181.85000610351562,122627
2022-03-03,184.39999389648438,188.1999969482422,181.0,182.64999389648438,76792
2022-03-04,177.1999969482422,183.89999389648438,171.85000610351562,174.75,77796
2022-03-07,170.5,172.1999969482422,164.64999389648438,167.6999969482422,122578
2022-03-08,167.6999969482422,176.6999969482422,166.0500030517578,172.5500030517578,88869
2022-03-09,178.8000030517578,183.39999389648438,173.5500030517578,181.60000610351562,121778
2022-03-10,187.10000610351562,191.0,177.0,184.25,141221
2022-03-11,181.0,189.64999389648438,180.64999389648438,185.35000610351562,79027
2022-03-14,188.14999389648438,188.3000030517578,181.64999389648438,183.8000030517578,155560
2022-03-15,182.4499969482422,186.3000030517578,176.8000030517578,177.9499969482422,61818
2022-03-16,180.3000030517578,186.1999969482422,178.10000610351562,179.85000610351562,115114
2022-03-17,181.89999389648438,195.0,181.0,187.25,137586
2022-03-21,186.39999389648438,191.64999389648438,180.0,181.0,115524
2022-03-22,183.35000610351562,185.60000610351562,178.0500030517578,181.64999389648438,67025
2022-03-23,182.0,185.5,176.64999389648438,177.89999389648438,93511
2022-03-24,179.6999969482422,184.85000610351562,177.0,179.75,130313
2022-03-25,180.0,183.14999389648438,177.0,179.35000610351562,76570
2022-03-28,178.85000610351562,181.1999969482422,171.25,172.6999969482422,135341
2022-03-29,179.4499969482422,179.4499969482422,170.0500030517578,171.0500030517578,225790
2022-03-30,174.39999389648438,182.0,173.5,178.5500030517578,183980
2022-03-31,179.8000030517578,184.9499969482422,174.0,176.25,101296
2022-04-01,176.0500030517578,184.4499969482422,175.75,182.5500030517578,98676
2022-04-04,187.0,187.4499969482422,182.10000610351562,183.8000030517578,62092
2022-04-05,182.3000030517578,187.0,182.3000030517578,183.39999389648438,116894
2022-04-06,183.9499969482422,189.6999969482422,181.85000610351562,182.64999389648438,143021
2022-04-07,182.0,185.75,178.0500030517578,180.39999389648438,78438
2022-04-08,182.0,186.85000610351562,180.4499969482422,185.25,71342
2022-04-11,185.5500030517578,189.0,185.10000610351562,186.3000030517578,65582
2022-04-12,184.0,185.0,181.0,182.9499969482422,54238
2022-04-13,186.0,186.5500030517578,182.85000610351562,183.1999969482422,48138
2022-04-18,186.64999389648438,186.64999389648438,180.0500030517578,183.39999389648438,58840
2022-04-19,182.0,187.5500030517578,181.0500030517578,181.9499969482422,68337
2022-04-20,181.75,184.10000610351562,175.64999389648438,177.14999389648438,54621
2022-04-21,179.9499969482422,184.0,174.0,183.1999969482422,108627
2022-04-22,182.85000610351562,185.85000610351562,181.39999389648438,183.5,61543
2022-04-25,181.8000030517578,185.9499969482422,180.5,183.6999969482422,54910
2022-04-26,185.85000610351562,220.39999389648438,183.89999389648438,209.1999969482422,1142222
2022-04-27,208.89999389648438,217.6999969482422,204.0,210.25,314235
2022-04-28,212.0,217.35000610351562,211.0,213.85000610351562,188974
2022-04-29,213.10000610351562,223.60000610351562,210.64999389648438,212.9499969482422,176220
2022-05-02,208.5,219.0,206.89999389648438,214.1999969482422,115702
2022-05-04,214.5,217.89999389648438,201.0,206.6999969482422,158128
2022-05-05,205.0,209.75,194.64999389648438,199.1999969482422,83705
2022-05-06,204.0,204.0,190.25,191.1999969482422,88300
2022-05-09,194.4499969482422,194.4499969482422,185.0,186.85000610351562,88943
2022-05-10,189.64999389648438,189.64999389648438,153.1999969482422,166.64999389648438,201363
2022-05-11,167.14999389648438,171.0500030517578,158.4499969482422,159.89999389648438,144029
2022-05-12,158.89999389648438,172.0,153.1999969482422,155.9499969482422,197140
2022-05-13,159.4499969482422,163.85000610351562,155.14999389648438,157.1999969482422,89797
2022-05-16,158.9499969482422,163.25,158.0500030517578,160.64999389648438,48250
2022-05-17,164.8000030517578,177.8000030517578,162.6999969482422,176.25,95264
2022-05-18,178.6999969482422,183.75,172.25,174.64999389648438,83227
2022-05-19,164.89999389648438,169.6999969482422,160.3000030517578,165.60000610351562,71864
2022-05-20,169.4499969482422,172.25,166.25,167.5,50357
2022-05-23,168.60000610351562,172.39999389648438,165.89999389648438,169.64999389648438,37097
2022-05-24,172.1999969482422,172.1999969482422,166.0,166.35000610351562,38528
2022-05-25,172.0,172.0,162.1999969482422,162.4499969482422,32354
2022-05-26,163.85000610351562,167.39999389648438,157.10000610351562,165.3000030517578,40905
2022-05-27,167.8000030517578,175.0,164.1999969482422,169.5,62372
2022-05-30,172.0500030517578,175.14999389648438,170.0500030517578,173.35000610351562,53681
2022-05-31,176.0,176.25,170.0,174.25,38234
2022-06-01,180.0,180.0,173.64999389648438,176.10000610351562,23847
2022-06-02,175.0,177.39999389648438,170.0,172.25,52519
2022-06-03,173.0500030517578,175.3000030517578,170.5500030517578,172.1999969482422,20287
2022-06-06,172.0500030517578,172.0500030517578,167.0500030517578,169.39999389648438,15629
2022-06-07,169.9499969482422,169.9499969482422,165.35000610351562,167.60000610351562,19270
2022-06-08,167.5,172.1999969482422,164.10000610351562,166.9499969482422,44604
2022-06-09,164.39999389648438,167.0500030517578,164.39999389648438,166.0500030517578,28032
2022-06-10,161.75,166.10000610351562,161.75,163.10000610351562,19509
2022-06-13,163.89999389648438,163.89999389648438,152.25,153.8000030517578,56795
2022-06-14,155.0,158.35000610351562,150.3000030517578,151.9499969482422,57021
2022-06-15,154.85000610351562,157.3000030517578,150.0,150.85000610351562,51153
2022-06-16,155.8000030517578,155.8000030517578,145.64999389648438,146.0,28015
2022-06-17,144.0,145.64999389648438,137.0,138.0500030517578,102015
2022-06-20,138.5,139.64999389648438,123.3499984741211,125.69999694824219,136157
2022-06-21,129.0,132.89999389648438,127.69999694824219,131.8000030517578,62429
2022-06-22,131.5,143.64999389648438,131.35000610351562,138.85000610351562,115575
2022-06-23,138.60000610351562,144.0,137.0,141.4499969482422,50845
2022-06-24,144.85000610351562,147.1999969482422,142.0500030517578,144.10000610351562,27145
2022-06-27,146.25,149.8000030517578,146.25,148.4499969482422,32053
2022-06-28,148.4499969482422,155.1999969482422,146.25,153.64999389648438,61481
2022-06-29,150.0,155.4499969482422,146.6999969482422,150.0,52685
2022-06-30,149.0,151.75,147.1999969482422,148.6999969482422,33492
2022-07-01,147.3000030517578,148.14999389648438,141.0,143.6999969482422,20245
2022-07-04,143.5,147.5,141.8000030517578,143.0,17705
2022-07-05,142.8000030517578,148.8000030517578,142.8000030517578,143.85000610351562,48394
2022-07-06,142.5,149.89999389648438,142.5,147.9499969482422,31934
2022-07-07,150.85000610351562,153.75,147.3000030517578,152.75,70303
2022-07-08,156.0,156.0,153.10000610351562,153.8000030517578,53268
2022-07-11,150.0500030517578,155.8000030517578,150.0500030517578,152.0500030517578,68152
2022-07-12,152.0,154.0,147.6999969482422,148.5500030517578,42101
2022-07-13,148.8000030517578,150.39999389648438,147.0500030517578,148.14999389648438,26844
2022-07-14,149.0,152.8000030517578,148.0,150.0,45306
2022-07-15,152.9499969482422,152.9499969482422,146.0,149.10000610351562,24890
2022-07-18,149.10000610351562,150.5,147.14999389648438,148.85000610351562,18130
2022-07-19,145.8000030517578,156.35000610351562,145.8000030517578,147.14999389648438,40731
2022-07-20,151.8000030517578,154.75,148.14999389648438,148.60000610351562,37789
2022-07-21,149.5,167.8000030517578,148.35000610351562,163.5500030517578,217440
2022-07-22,164.75,164.75,158.5,159.60000610351562,72352
2022-07-25,163.0,163.0,158.8000030517578,159.89999389648438,35965
2022-07-26,160.6999969482422,160.6999969482422,151.85000610351562,156.1999969482422,54199
2022-07-27,155.75,160.0,153.6999969482422,159.3000030517578,58043
2022-07-28,160.0,160.89999389648438,155.35000610351562,156.8000030517578,40185
2022-07-29,155.75,160.4499969482422,155.75,157.4499969482422,36768
2022-08-01,159.0,160.5,156.60000610351562,157.64999389648438,34024
2022-08-02,159.0,171.8000030517578,158.85000610351562,169.85000610351562,210246
2022-08-03,172.5500030517578,175.39999389648438,166.14999389648438,172.5500030517578,119476
2022-08-04,172.0,179.25,169.1999969482422,174.39999389648438,82270
2022-08-05,173.9499969482422,176.14999389648438,167.35000610351562,170.10000610351562,42772
2022-08-08,172.4499969482422,178.14999389648438,171.1999969482422,173.35000610351562,51336
2022-08-10,173.1999969482422,176.64999389648438,172.0,172.5,37930
2022-08-11,175.9499969482422,175.9499969482422,167.1999969482422,167.75,34310
2022-08-12,167.5,167.5,160.10000610351562,161.14999389648438,49150
2022-08-16,165.0,167.64999389648438,157.85000610351562,162.25,64145
2022-08-17,160.14999389648438,165.4499969482422,159.10000610351562,163.85000610351562,31254
2022-08-18,165.5,166.6999969482422,159.3000030517578,161.35000610351562,83786
2022-08-19,163.4499969482422,164.0,160.0,161.10000610351562,85625
2022-08-22,159.1999969482422,160.6999969482422,156.0,157.10000610351562,64953
2022-08-23,156.0500030517578,160.0,155.3000030517578,157.10000610351562,59836
2022-08-24,158.39999389648438,160.0,155.10000610351562,157.64999389648438,65329
2022-08-25,159.75,189.14999389648438,158.75,189.14999389648438,1025261
2022-08-26,194.8000030517578,194.8000030517578,178.8000030517578,181.89999389648438,657867
2022-08-29,179.9499969482422,193.75,177.39999389648438,186.6999969482422,258611
2022-08-30,187.0,204.0,187.0,195.14999389648438,350057
2022-09-01,193.89999389648438,203.0,191.9499969482422,196.64999389648438,121889
2022-09-02,196.64999389648438,208.14999389648438,196.60000610351562,203.8000030517578,178571
2022-09-05,203.89999389648438,220.0,203.89999389648438,217.60000610351562,272431
2022-09-06,217.89999389648438,223.35000610351562,212.9499969482422,221.9499969482422,194064
2022-09-07,220.89999389648438,232.0,218.0,222.35000610351562,183878
2022-09-08,224.4499969482422,227.75,216.0,219.8000030517578,118913
2022-09-09,219.75,222.89999389648438,210.89999389648438,216.60000610351562,193370
2022-09-12,215.60000610351562,229.5,215.60000610351562,226.10000610351562,184948
2022-09-13,227.6999969482422,234.0,222.60000610351562,225.0,128166
2022-09-14,216.8000030517578,226.0,214.10000610351562,219.14999389648438,156302
2022-09-15,221.35000610351562,226.0,216.0500030517578,217.75,72331
2022-09-16,218.0,220.10000610351562,207.3000030517578,210.10000610351562,98734
2022-09-19,207.0,216.6999969482422,207.0,210.39999389648438,64323
2022-09-20,212.8000030517578,219.9499969482422,212.0,212.4499969482422,94967
2022-09-21,212.4499969482422,215.4499969482422,198.0,203.8000030517578,101631
2022-09-22,203.0,210.0,198.8000030517578,201.3000030517578,70499
2022-09-23,202.9499969482422,204.8000030517578,198.85000610351562,199.85000610351562,55857
2022-09-26,196.85000610351562,197.6999969482422,185.3000030517578,190.3000030517578,103666
2022-09-27,193.10000610351562,198.64999389648438,183.64999389648438,196.4499969482422,82299
2022-09-28,196.4499969482422,198.25,192.64999389648438,195.39999389648438,58203
2022-09-29,198.25,199.14999389648438,195.0,196.39999389648438,36557
2022-09-30,197.0,209.75,194.0,208.25,76863
2022-10-03,207.5,224.89999389648438,205.4499969482422,209.89999389648438,136773
2022-10-04,213.0,216.0500030517578,210.85000610351562,213.1999969482422,100109
2022-10-06,214.8000030517578,215.0,207.9499969482422,209.5,70262
2022-10-07,209.4499969482422,213.5,208.64999389648438,211.4499969482422,58583
2022-10-10,204.3000030517578,215.0,204.3000030517578,209.5,141508
2022-10-11,213.0,214.4499969482422,207.0,208.8000030517578,110101
2022-10-12,212.89999389648438,214.5,208.0,213.10000610351562,147508
2022-10-13,213.3000030517578,221.6999969482422,212.10000610351562,214.0500030517578,137601
2022-10-14,218.25,221.60000610351562,214.0,215.9499969482422,139890
2022-10-17,214.0,217.64999389648438,213.0,216.35000610351562,50291
2022-10-18,216.35000610351562,237.8000030517578,216.35000610351562,230.3000030517578,714378
2022-10-19,229.9499969482422,231.5,224.14999389648438,226.5,119610
2022-10-20,226.0,235.5,225.64999389648438,232.89999389648438,143082
2022-10-21,235.64999389648438,248.85000610351562,235.64999389648438,242.0,560025
2022-10-24,243.60000610351562,252.0,243.0,249.1999969482422,111631
2022-10-25,251.9499969482422,272.25,244.0500030517578,267.6000061035156,669487
2022-10-27,273.3999938964844,285.8999938964844,268.25,282.70001220703125,927930
2022-10-28,283.8999938964844,285.79998779296875,268.0,279.04998779296875,493164
2022-10-31,283.95001220703125,298.70001220703125,275.0,284.3500061035156,570131
2022-11-01,281.3999938964844,290.0,278.5,287.6499938964844,211230
2022-11-02,285.0,289.20001220703125,282.54998779296875,285.6000061035156,238897
2022-11-03,283.0,288.95001220703125,280.1499938964844,286.25,78721
2022-11-04,288.8500061035156,288.8500061035156,273.5,279.70001220703125,157561
2022-11-07,284.70001220703125,284.70001220703125,277.0,279.75,94456
2022-11-09,280.20001220703125,286.0,275.95001220703125,280.3500061035156,176574
2022-11-10,281.8999938964844,281.8999938964844,264.1000061035156,268.5,123072
2022-11-11,270.5,274.45001220703125,252.4499969482422,256.25,176171
2022-11-14,258.0,278.20001220703125,254.85000610351562,269.20001220703125,234361
2022-11-15,269.20001220703125,276.20001220703125,263.8500061035156,266.20001220703125,97837
2022-11-16,265.0,269.0,262.20001220703125,263.95001220703125,57942
2022-11-17,266.0,267.54998779296875,261.20001220703125,263.70001220703125,32701
2022-11-18,263.6499938964844,279.8999938964844,263.6499938964844,276.6499938964844,341678
2022-11-21,280.8999938964844,286.0,268.1499938964844,271.79998779296875,184420
2022-11-22,273.1499938964844,277.5,267.54998779296875,270.95001220703125,64650
2022-11-23,272.29998779296875,273.8999938964844,266.1000061035156,268.25,48993
2022-11-24,269.0,274.45001220703125,264.25,266.54998779296875,69350
2022-11-25,267.0,269.79998779296875,262.0,264.95001220703125,64390
2022-11-28,265.0,279.8500061035156,265.0,275.6499938964844,147750
2022-11-29,277.8500061035156,279.79998779296875,271.3999938964844,274.25,66645
2022-11-30,276.95001220703125,285.0,276.0,278.79998779296875,137361
2022-12-01,283.70001220703125,284.70001220703125,278.1499938964844,280.20001220703125,90041
2022-12-02,279.79998779296875,307.79998779296875,278.25,305.3500061035156,839100
2022-12-05,312.0,328.04998779296875,310.0,324.6499938964844,1300510
2022-12-06,322.0,336.8999938964844,317.04998779296875,327.54998779296875,584450
2022-12-07,330.54998779296875,334.70001220703125,311.25,317.29998779296875,305411
2022-12-08,319.95001220703125,326.0,309.0,315.54998779296875,221460
2022-12-09,317.95001220703125,325.70001220703125,303.1000061035156,319.70001220703125,155971
2022-12-12,323.0,342.5,320.0,333.54998779296875,510857
2022-12-13,337.25,344.29998779296875,325.3500061035156,327.6000061035156,206028
2022-12-14,329.0,334.75,321.95001220703125,324.45001220703125,125643
2022-12-15,323.0,328.1499938964844,319.54998779296875,322.29998779296875,104139
2022-12-16,321.0,325.95001220703125,312.54998779296875,313.6000061035156,127805
2022-12-19,314.8999938964844,315.29998779296875,304.1499938964844,310.8500061035156,113039
2022-12-20,311.8999938964844,325.0,308.45001220703125,317.6000061035156,145836
2022-12-21,320.0,321.75,281.1000061035156,286.3999938964844,390824
2022-12-22,285.3999938964844,294.75,263.54998779296875,272.04998779296875,289067
2022-12-23,267.0,267.95001220703125,236.14999389648438,241.0,507256
2022-12-26,248.0,284.8999938964844,245.0,276.79998779296875,658877
2022-12-27,282.79998779296875,295.79998779296875,275.25,292.5,276407
2022-12-28,292.0,303.6499938964844,284.75,291.79998779296875,184201
2022-12-29,290.95001220703125,294.75,280.0,284.79998779296875,108346
2022-12-30,283.20001220703125,294.04998779296875,281.70001220703125,285.8500061035156,151725
2023-01-02,289.8999938964844,315.0,288.70001220703125,312.25,284912
2023-01-03,315.6499938964844,317.0,304.29998779296875,311.45001220703125,183117
2023-01-04,312.8999938964844,313.8999938964844,301.0,302.75,67691
2023-01-05,303.20001220703125,309.79998779296875,301.0,304.8500061035156,72771
2023-01-06,306.8500061035156,312.79998779296875,295.0,300.29998779296875,100294
2023-01-09,304.8500061035156,308.6499938964844,296.20001220703125,298.5,77985
2023-01-10,300.8999938964844,303.6499938964844,289.0,296.54998779296875,74246
2023-01-11,297.3999938964844,306.79998779296875,294.3500061035156,303.29998779296875,131254
2023-01-12,304.0,308.0,298.0,304.8500061035156,43850
2023-01-13,307.8999938964844,317.5,303.0,306.0,122606
2023-01-16,308.0,317.3999938964844,303.0,307.04998779296875,133620
2023-01-17,307.79998779296875,312.45001220703125,299.1000061035156,301.75,80461
2023-01-18,303.45001220703125,307.95001220703125,296.95001220703125,302.3500061035156,76450
2023-01-19,300.0,318.0,300.0,309.75,149045
2023-01-20,311.29998779296875,316.29998779296875,306.75,309.5,108593
2023-01-23,310.8999938964844,325.0,310.5,312.5,252393
2023-01-24,314.0,320.0,306.0,311.3500061035156,127761
2023-01-25,311.25,311.5,295.0,297.95001220703125,90731
2023-01-27,299.8500061035156,301.6000061035156,273.3500061035156,279.1499938964844,152925
2023-01-30,275.0,286.5,271.5,277.20001220703125,84494
2023-01-31,277.29998779296875,287.45001220703125,275.70001220703125,285.8999938964844,124285
2023-02-01,285.95001220703125,299.75,284.0,288.3999938964844,146918
2023-02-02,288.20001220703125,290.0,278.1000061035156,281.79998779296875,56288
2023-02-03,283.54998779296875,288.8999938964844,275.1000061035156,287.29998779296875,77404
2023-02-06,288.20001220703125,299.0,285.29998779296875,291.70001220703125,56632
2023-02-07,292.95001220703125,303.8999938964844,284.1499938964844,286.20001220703125,105465
2023-02-08,287.45001220703125,293.0,285.29998779296875,287.54998779296875,33323
2023-02-09,288.70001220703125,292.5,280.79998779296875,285.6000061035156,28684
2023-02-10,285.6000061035156,286.79998779296875,280.04998779296875,282.70001220703125,30426
2023-02-13,284.95001220703125,289.0,278.54998779296875,281.29998779296875,31369
2023-02-14,277.0,283.45001220703125,268.0,277.1000061035156,41472
2023-02-15,281.95001220703125,283.04998779296875,272.54998779296875,273.79998779296875,40687
2023-02-16,275.25,283.3999938964844,275.25,276.25,42454
2023-02-17,277.25,277.6499938964844,272.79998779296875,274.3999938964844,20553
2023-02-20,274.3999938964844,277.6499938964844,266.29998779296875,268.8999938964844,32419
2023-02-21,270.1499938964844,270.6000061035156,251.5,259.75,60867
2023-02-22,259.75,273.04998779296875,254.0500030517578,271.04998779296875,110371
2023-02-23,273.29998779296875,283.45001220703125,265.6000061035156,281.54998779296875,186929
2023-02-24,284.3500061035156,289.8999938964844,279.54998779296875,284.95001220703125,94119
2023-02-27,289.0,289.0,271.1499938964844,279.95001220703125,51478
2023-02-28,281.0,283.54998779296875,276.25,278.3500061035156,23546
2023-03-01,279.5,284.0,275.0,276.3500061035156,23314
2023-03-02,277.04998779296875,278.04998779296875,271.1000061035156,272.8999938964844,35975
2023-03-03,274.8500061035156,278.3999938964844,268.70001220703125,269.6000061035156,41253
2023-03-06,269.6000061035156,274.8500061035156,266.5,267.1499938964844,51016
2023-03-08,268.6000061035156,269.25,264.95001220703125,267.6499938964844,73807
2023-03-09,271.6499938964844,276.1000061035156,269.25,272.95001220703125,44118
2023-03-10,272.95001220703125,274.1499938964844,264.54998779296875,273.6000061035156,39425
2023-03-13,273.8500061035156,275.0,263.70001220703125,266.95001220703125,120143
2023-03-14,265.25,281.0,260.5,274.70001220703125,159544
2023-03-15,277.95001220703125,277.95001220703125,264.75,267.1499938964844,106768
2023-03-16,265.79998779296875,280.8999938964844,261.3999938964844,277.0,134237
2023-03-17,281.8999938964844,291.0,275.3999938964844,276.6000061035156,102401
2023-03-20,276.1499938964844,282.0,271.0,275.6000061035156,82901
2023-03-21,279.0,279.0,268.6499938964844,272.5,80170
2023-03-22,273.95001220703125,276.8500061035156,269.79998779296875,272.20001220703125,45229
2023-03-23,272.20001220703125,293.0,272.20001220703125,285.8500061035156,252259
2023-03-24,286.29998779296875,293.0,282.29998779296875,284.6499938964844,107191
2023-03-27,285.0,286.6499938964844,278.0,281.54998779296875,50518
2023-03-28,280.70001220703125,280.8999938964844,273.0,273.70001220703125,24984
2023-03-29,275.20001220703125,292.0,274.79998779296875,286.54998779296875,90640
2023-03-31,294.95001220703125,300.0,285.95001220703125,291.6499938964844,316652
2023-04-03,297.5,315.0,293.04998779296875,314.20001220703125,414134
2023-04-05,315.0,320.5,308.0,310.29998779296875,146100
2023-04-06,314.70001220703125,319.8999938964844,307.20001220703125,312.3500061035156,116128
2023-04-10,312.3500061035156,332.95001220703125,311.04998779296875,326.8999938964844,339959
2023-04-11,325.8999938964844,327.6000061035156,318.5,325.70001220703125,140303
2023-04-12,327.45001220703125,329.0,319.75,325.95001220703125,134124
2023-04-13,323.54998779296875,336.5,323.54998779296875,332.70001220703125,169888
2023-04-17,335.8999938964844,339.8999938964844,330.0,334.75,118714
2023-04-18,339.0,355.25,333.3500061035156,341.54998779296875,373526
2023-04-19,344.79998779296875,354.8999938964844,342.1499938964844,351.1499938964844,109638
2023-04-20,354.3999938964844,361.1000061035156,350.0,358.1000061035156,132872
2023-04-21,358.1499938964844,385.0,358.1499938964844,381.8999938964844,441269
2023-04-24,390.0,418.0,375.0,410.1000061035156,613870
2023-04-25,410.0,424.5,399.29998779296875,408.1000061035156,601842
2023-04-26,409.95001220703125,409.95001220703125,381.25,386.3999938964844,288939
2023-04-27,390.0,400.0,386.1000061035156,394.70001220703125,79082
2023-04-28,389.0,404.5,389.0,398.75,86616
2023-05-02,408.0,408.0,396.1499938964844,398.45001220703125,44635
2023-05-03,398.0,402.95001220703125,385.0,387.3500061035156,52690
2023-05-04,382.70001220703125,394.5,382.70001220703125,384.54998779296875,82529
2023-05-05,384.5,392.1499938964844,381.45001220703125,385.1000061035156,33646
2023-05-08,385.1000061035156,393.95001220703125,382.54998779296875,385.25,65433
2023-05-09,385.25,388.8999938964844,377.8999938964844,379.0,69008
2023-05-10,379.0,387.45001220703125,372.8999938964844,385.1499938964844,125263
2023-05-11,385.1499938964844,390.0,372.1000061035156,375.70001220703125,85722
2023-05-12,374.54998779296875,385.3999938964844,372.6000061035156,379.75,59352
2023-05-15,376.0,383.70001220703125,373.1000061035156,374.8999938964844,42687
2023-05-16,374.25,381.95001220703125,372.54998779296875,377.54998779296875,86180
2023-05-17,383.5,385.0,370.29998779296875,379.8999938964844,63047
2023-05-18,385.0,393.0,379.75,384.95001220703125,177814
2023-05-19,385.1000061035156,394.0,381.0,391.45001220703125,78508
2023-05-22,392.0,399.8999938964844,387.04998779296875,390.3999938964844,62654
2023-05-23,390.3999938964844,396.45001220703125,388.54998779296875,390.5,58241
2023-05-24,389.04998779296875,402.45001220703125,386.1000061035156,391.20001220703125,119260
2023-05-25,392.1000061035156,399.8999938964844,390.6000061035156,396.1499938964844,49438
2023-05-26,396.3999938964844,399.8999938964844,391.0,393.1499938964844,55900
2023-05-29,396.8999938964844,403.70001220703125,392.95001220703125,401.20001220703125,91247
2023-05-30,404.0,414.70001220703125,392.1499938964844,403.1000061035156,198580
2023-05-31,400.0,402.0,383.20001220703125,386.1000061035156,149200
2023-06-01,387.0,394.3999938964844,385.0,388.8999938964844,47630
2023-06-02,391.70001220703125,396.0,385.0,387.0,76308
2023-06-05,393.0,394.1000061035156,384.0,385.3999938964844,76227
2023-06-06,384.0,389.8999938964844,383.0,386.29998779296875,52913
2023-06-07,387.95001220703125,390.25,378.3500061035156,380.3999938964844,70527
2023-06-08,382.0,382.29998779296875,358.70001220703125,366.04998779296875,133842
2023-06-09,368.79998779296875,379.45001220703125,367.0,369.25,87868
2023-06-12,372.45001220703125,373.45001220703125,365.0,366.5,41676
2023-06-13,366.0,371.04998779296875,358.0,361.1000061035156,101626
2023-06-14,361.5,369.8999938964844,361.5,367.45001220703125,86077
2023-06-15,368.5,371.6000061035156,362.3500061035156,364.3500061035156,64867
2023-06-16,368.5,370.0,361.3500061035156,363.5,51676
2023-06-19,364.95001220703125,368.95001220703125,358.20001220703125,364.6499938964844,53624
2023-06-20,365.45001220703125,369.8999938964844,361.1000061035156,365.1499938964844,55009
2023-06-21,367.8500061035156,368.70001220703125,362.04998779296875,364.25,36384
2023-06-22,365.8500061035156,366.95001220703125,355.0,359.3999938964844,61817
2023-06-23,357.5,359.0,349.0,349.5,60452
2023-06-26,348.8999938964844,360.04998779296875,347.04998779296875,356.6000061035156,39956
2023-06-27,357.8500061035156,382.70001220703125,357.1000061035156,371.70001220703125,102046
2023-06-28,375.04998779296875,383.0,374.79998779296875,376.75,105254
2023-06-30,382.29998779296875,387.0,376.8500061035156,385.6000061035156,88836
2023-07-03,385.5,391.29998779296875,385.5,388.8999938964844,51385
2023-07-04,391.95001220703125,391.95001220703125,378.20001220703125,387.0,42563
2023-07-05,389.0,393.70001220703125,382.5,385.0,47175
2023-07-06,386.8999938964844,392.5,377.8999938964844,381.0,52911
2023-07-07,378.20001220703125,386.29998779296875,377.5,383.25,36971
2023-07-10,389.95001220703125,390.0,382.04998779296875,387.5,36326
2023-07-11,390.0,392.95001220703125,385.04998779296875,391.3999938964844,53660
2023-07-12,389.1000061035156,393.5,385.0,391.25,43328
2023-07-13,390.6499938964844,410.0,388.0,398.54998779296875,171079
2023-07-14,400.79998779296875,417.3999938964844,398.3999938964844,409.3500061035156,104972
2023-07-17,415.0,442.0,412.0,439.6499938964844,267553
2023-07-18,443.20001220703125,451.04998779296875,430.1000061035156,431.3500061035156,131393
2023-07-19,433.79998779296875,438.0,426.3500061035156,433.20001220703125,122252
2023-07-20,433.95001220703125,434.0,421.25,423.79998779296875,62889
2023-07-21,422.70001220703125,430.0,413.1499938964844,422.70001220703125,69324
2023-07-24,421.95001220703125,427.79998779296875,417.70001220703125,418.70001220703125,63939
2023-07-25,419.0,420.45001220703125,393.3500061035156,409.70001220703125,85502
2023-07-26,409.70001220703125,411.3500061035156,400.0,404.54998779296875,54975
2023-07-27,406.95001220703125,419.8999938964844,401.3999938964844,418.1499938964844,85037
2023-07-28,426.3500061035156,426.3500061035156,412.29998779296875,418.8500061035156,38438
2023-07-31,428.70001220703125,438.95001220703125,422.54998779296875,436.6000061035156,138341
2023-08-01,440.0,446.79998779296875,433.25,440.8500061035156,93937
2023-08-02,450.0,475.45001220703125,443.20001220703125,457.5,402889
2023-08-03,464.5,477.3999938964844,460.6000061035156,474.8500061035156,215128
2023-08-04,474.8500061035156,499.8500061035156,472.04998779296875,497.1000061035156,509639
2023-08-07,499.8999938964844,520.0,487.3999938964844,515.0,477245
2023-08-08,517.0,519.9000244140625,499.0,505.1000061035156,207937
2023-08-09,501.0,514.0,491.79998779296875,501.20001220703125,227032
2023-08-10,505.0,508.70001220703125,492.1000061035156,496.20001220703125,142896
2023-08-11,520.0,524.0,490.1000061035156,492.0,410994
2023-08-14,491.0,520.0,490.1000061035156,502.3500061035156,271215
2023-08-16,500.04998779296875,508.3999938964844,495.8999938964844,500.6000061035156,94519
2023-08-17,500.6000061035156,506.70001220703125,496.6499938964844,500.1000061035156,94666
2023-08-18,500.95001220703125,513.7999877929688,495.8500061035156,501.20001220703125,116202
2023-08-21,512.5999755859375,516.5,498.6000061035156,512.3499755859375,146792
2023-08-22,514.7999877929688,542.0,514.7999877929688,531.3499755859375,410798
2023-08-23,538.9500122070312,549.0,527.9500122070312,534.4500122070312,193411
2023-08-24,544.0,564.7999877929688,535.0499877929688,559.75,319356
2023-08-25,564.0,569.0,530.0499877929688,565.2999877929688,204853
2023-08-28,570.0,574.7000122070312,552.5,555.2999877929688,135807
2023-08-29,562.0,562.0,544.5499877929688,548.5,90262
2023-08-30,556.2000122070312,569.0999755859375,554.4500122070312,556.4500122070312,142749
2023-08-31,560.0,567.25,551.4000244140625,557.3499755859375,66735
2023-09-01,561.2000122070312,564.2000122070312,553.0,557.4000244140625,75311
2023-09-04,564.0,569.0,531.0499877929688,536.5499877929688,204551
2023-09-05,536.5999755859375,548.1500244140625,531.0999755859375,542.0499877929688,78703
2023-09-06,545.7999877929688,552.2000122070312,534.0,540.4000244140625,81693
2023-09-07,540.4000244140625,546.4500122070312,538.0,539.5499877929688,56023
2023-09-08,543.9000244140625,559.0,541.0499877929688,549.6500244140625,114373
2023-09-11,555.0,560.0,541.0,558.6500244140625,60802
2023-09-12,559.0,564.9000244140625,527.4500122070312,532.5,190335
2023-09-13,532.5,536.7999877929688,513.0,525.3499755859375,165441
2023-09-14,525.0,543.4000244140625,524.25,538.75,70011
2023-09-15,535.5,559.4500122070312,535.5,554.9000244140625,145881
2023-09-18,557.9500122070312,587.0,555.0999755859375,578.8499755859375,327428
2023-09-20,584.4500122070312,625.0,572.0,618.75,578433
2023-09-21,618.0499877929688,618.0499877929688,600.0,603.7999877929688,206312
2023-09-22,606.5999755859375,621.25,600.2999877929688,609.6500244140625,160794
2023-09-25,606.8499755859375,625.0,606.7999877929688,611.5499877929688,127052
2023-09-26,610.5499877929688,619.0,603.5499877929688,605.6500244140625,68714
2023-09-27,608.5999755859375,612.7000122070312,600.9500122070312,608.5999755859375,63881
2023-09-28,609.0,618.5999755859375,593.5999755859375,606.4000244140625,130512
2023-09-29,608.2999877929688,608.2999877929688,598.7999877929688,601.25,75212
2023-10-03,603.0999755859375,608.0,581.2999877929688,595.2999877929688,72764
2023-10-04,595.2999877929688,599.75,577.5499877929688,581.2999877929688,75234
2023-10-05,587.0999755859375,595.8499755859375,583.0,585.5999755859375,53257
2023-10-06,591.0,592.0,583.0999755859375,586.7999877929688,64163
2023-10-09,586.0,586.0,570.0,578.5,121158
2023-10-10,575.0,602.9000244140625,575.0,598.3499755859375,79901
2023-10-11,606.6500244140625,609.9000244140625,585.0,590.6500244140625,88413
2023-10-12,593.0,601.4500122070312,584.4500122070312,594.3499755859375,84746
2023-10-13,603.25,608.0,590.5999755859375,605.5,149302
2023-10-16,607.9500122070312,622.5,590.2999877929688,615.5,123313
2023-10-17,618.0,632.9500122070312,612.0,614.75,117398
2023-10-18,614.0,642.9000244140625,600.5499877929688,629.9000244140625,254634
2023-10-19,639.0,639.9500122070312,620.0499877929688,627.7999877929688,161909
2023-10-20,626.0,644.0,621.9500122070312,632.75,109644
2023-10-23,639.0,639.0,606.0,611.7000122070312,124073
2023-10-25,611.7000122070312,616.5,592.4000244140625,597.4500122070312,81835
2023-10-26,590.0999755859375,593.9500122070312,573.0999755859375,589.6500244140625,129623
2023-10-27,598.5,611.25,591.5499877929688,595.9500122070312,79469
2023-10-30,591.0,603.8499755859375,591.0,597.7000122070312,43713
2023-10-31,605.5999755859375,623.9500122070312,600.0499877929688,602.7999877929688,68092
2023-11-01,604.0,616.0,600.25,602.5999755859375,59306
2023-11-02,606.0499877929688,623.0,606.0499877929688,616.75,127172
2023-11-03,618.5499877929688,630.2000122070312,616.5999755859375,623.0,71765
2023-11-06,628.4500122070312,664.5999755859375,623.0499877929688,655.5499877929688,261930
2023-11-07,659.8499755859375,674.4500122070312,651.0499877929688,670.7999877929688,209686
2023-11-08,667.2000122070312,685.0,660.5499877929688,678.0999755859375,114867
2023-11-09,680.9500122070312,690.75,673.9500122070312,679.5499877929688,118006
2023-11-10,691.0,699.0,679.0999755859375,687.7999877929688,318179
2023-11-13,694.0999755859375,709.9000244140625,676.3499755859375,682.4500122070312,173457
2023-11-15,683.0,695.5499877929688,672.4000244140625,680.3499755859375,111384
2023-11-16,682.0,692.0499877929688,673.2000122070312,682.2000122070312,64553
2023-11-17,683.5999755859375,745.0,683.5999755859375,732.5499877929688,540927
2023-11-20,735.5,772.0,732.25,740.75,267359
2023-11-21,745.25,754.3499755859375,732.5499877929688,735.0999755859375,72574
2023-11-22,744.6500244140625,770.9000244140625,722.0999755859375,762.2999877929688,142798
2023-11-23,764.6500244140625,794.0,763.9500122070312,768.75,196601
2023-11-24,768.0,784.3499755859375,759.9000244140625,770.7000122070312,70886
2023-11-28,781.9500122070312,790.0,764.0,767.0499877929688,63508
2023-11-29,772.0,772.0,742.0,766.1500244140625,112980
2023-11-30,766.0,766.0,712.2999877929688,728.8499755859375,447152
2023-12-01,736.9500122070312,754.9000244140625,718.0,725.1500244140625,234991
2023-12-04,736.0499877929688,753.0,726.5,747.7000122070312,98188
2023-12-05,747.7999877929688,766.0,741.0,745.4500122070312,70562
2023-12-06,745.4500122070312,748.4500122070312,724.0,730.1500244140625,82417
2023-12-07,725.0,737.8499755859375,714.0999755859375,719.4000244140625,64457
2023-12-08,717.0,728.0,714.4500122070312,719.9500122070312,42718
2023-12-11,729.5,747.9500122070312,723.5999755859375,742.5,101060
2023-12-12,759.0,759.0,745.5999755859375,749.7000122070312,100165
2023-12-13,759.0,765.5,747.5,750.2000122070312,84544
2023-12-14,760.2999877929688,760.3499755859375,750.0,753.2999877929688,46502
2023-12-15,757.75,761.7000122070312,741.0,746.3499755859375,73839
2023-12-18,747.9500122070312,757.3499755859375,727.5999755859375,753.5,160048
2023-12-19,753.0,814.9500122070312,752.9500122070312,802.9000244140625,299657
2023-12-20,819.0,824.0,745.0,756.9500122070312,282034
2023-12-21,742.0499877929688,794.75,739.7999877929688,789.25,176408
2023-12-22,800.0,813.3499755859375,780.0499877929688,796.2999877929688,167920
2023-12-26,797.0999755859375,812.5,786.0999755859375,789.8499755859375,68083
2023-12-27,781.0,796.7000122070312,777.5499877929688,785.25,58464
2023-12-28,792.9500122070312,793.0,759.75,768.75,202143
2023-12-29,768.75,804.0,762.4000244140625,791.7999877929688,136553
2024-01-01,798.0,818.0,793.5499877929688,813.8499755859375,204620
2024-01-02,820.0,829.0,803.3499755859375,810.4000244140625,159614
2024-01-03,811.5,817.6500244140625,797.0999755859375,801.2000122070312,50231
2024-01-04,801.2000122070312,809.9000244140625,784.0499877929688,787.25,98024
2024-01-05,794.7000122070312,813.4500122070312,788.5,798.5,107808
2024-01-08,808.9000244140625,813.9000244140625,789.5999755859375,795.9500122070312,90095
2024-01-09,795.9500122070312,818.0,791.9000244140625,799.0,110681
2024-01-10,794.25,805.0,775.0,782.8499755859375,110511
2024-01-11,782.8499755859375,795.0,777.7000122070312,787.0999755859375,35484
2024-01-12,797.4000244140625,797.4000244140625,776.0999755859375,778.5499877929688,61435
2024-01-15,777.0,780.25,741.6500244140625,757.2999877929688,137674
2024-01-16,757.5999755859375,767.7999877929688,740.0,749.5999755859375,111328
2024-01-17,750.0,774.0,731.0499877929688,761.0999755859375,139342
2024-01-18,750.0,779.0,740.8499755859375,772.2000122070312,157790
2024-01-19,774.0499877929688,804.4500122070312,774.0499877929688,786.0499877929688,236743
2024-01-23,814.0,843.9500122070312,801.0499877929688,806.0999755859375,482753
2024-01-24,815.25,896.0,815.2000122070312,887.6500244140625,672393
2024-01-25,899.4500122070312,926.0,892.0,907.75,395666
2024-01-29,914.9000244140625,934.0,898.2000122070312,903.8499755859375,195827
2024-01-30,906.9500122070312,928.2000122070312,893.25,909.3499755859375,162317
2024-01-31,909.3499755859375,939.9000244140625,906.75,920.7000122070312,174220
2024-02-01,929.1500244140625,994.7999877929688,929.1500244140625,992.0999755859375,684155
2024-02-02,1000.0,1009.0499877929688,793.7000122070312,793.7000122070312,1604974
2024-02-05,805.0499877929688,843.0,760.0499877929688,797.0499877929688,738893
2024-02-06,802.9500122070312,811.0,748.5999755859375,782.0,335127
2024-02-07,782.0,798.0499877929688,757.0,768.2999877929688,195194
2024-02-08,774.3499755859375,776.0499877929688,738.75,743.0,245626
2024-02-09,740.1500244140625,752.0,690.1500244140625,710.0999755859375,347796
2024-02-12,705.5499877929688,720.0,568.0999755859375,582.5499877929688,1234057
2024-02-13,589.6500244140625,610.0,546.7000122070312,599.8499755859375,709954
2024-02-14,588.4000244140625,639.0,570.0,626.25,338050
2024-02-15,632.0,635.8499755859375,604.0,614.5999755859375,190796
2024-02-16,614.5999755859375,627.4000244140625,604.9000244140625,612.5999755859375,105325
2024-02-19,613.0,638.0,604.8499755859375,634.0,160301
2024-02-20,638.4500122070312,688.0,638.4500122070312,675.0499877929688,421377
2024-02-21,681.5,690.25,650.0,653.9500122070312,194983
2024-02-22,656.9500122070312,659.9500122070312,635.0,639.2999877929688,134666
2024-02-23,640.0499877929688,662.9500122070312,639.0,655.7999877929688,106323
2024-02-26,654.4500122070312,657.4500122070312,632.6500244140625,638.4500122070312,103170
2024-02-27,645.7999877929688,645.7999877929688,616.0999755859375,618.3499755859375,119291
2024-02-28,617.0,624.9500122070312,588.75,596.2999877929688,144893
2024-02-29,602.25,606.4500122070312,588.5499877929688,595.25,68109
2024-03-01,595.25,609.5499877929688,580.0,596.0499877929688,129840
2024-03-04,600.5999755859375,604.1500244140625,584.0499877929688,593.2000122070312,91276
2024-03-05,586.9000244140625,595.1500244140625,570.0,578.2999877929688,120237
2024-03-06,581.0,582.5999755859375,537.5999755859375,554.5,210205
2024-03-07,551.0,561.4500122070312,542.25,546.25,119908
2024-03-11,549.75,549.75,482.04998779296875,498.70001220703125,620637
2024-03-12,503.1000061035156,513.2999877929688,475.04998779296875,477.6000061035156,322723
2024-03-13,480.0,488.3999938964844,441.25,441.70001220703125,520627
2024-03-14,430.0,464.79998779296875,426.75,452.1499938964844,272089
2024-03-15,458.95001220703125,468.75,446.45001220703125,464.45001220703125,184047
2024-03-18,471.04998779296875,484.0,451.1499938964844,467.0,186371
2024-03-19,467.0,470.70001220703125,451.0,453.6499938964844,95600
2024-03-20,457.8999938964844,464.3500061035156,450.25,455.6000061035156,155865
2024-03-21,461.5,468.29998779296875,452.54998779296875,456.8500061035156,169358
2024-03-22,457.95001220703125,467.8999938964844,451.04998779296875,461.95001220703125,188203
2024-03-26,460.0,466.6000061035156,453.0,460.0,211778
2024-03-27,460.04998779296875,468.8999938964844,440.70001220703125,448.54998779296875,449915
2024-03-28,450.95001220703125,529.1500244140625,450.95001220703125,485.79998779296875,639163
2024-04-01,496.0,568.0,495.54998779296875,553.0499877929688,1069927
2024-04-02,554.0,577.4000244140625,543.6500244140625,573.7999877929688,337864
2024-04-03,575.9500122070312,624.8499755859375,573.7999877929688,615.9500122070312,692245
2024-04-04,619.5499877929688,643.4000244140625,619.5,633.4500122070312,331220
2024-04-05,634.7999877929688,634.7999877929688,596.9000244140625,614.0499877929688,156800
2024-04-08,629.9000244140625,646.7999877929688,614.0,616.7999877929688,113190
2024-04-09,624.0999755859375,635.3499755859375,610.0,611.1500244140625,56310
2024-04-10,615.0,629.7999877929688,602.4000244140625,620.4000244140625,83235
2024-04-12,619.4000244140625,628.0,586.25,595.2000122070312,79531
2024-04-15,580.2999877929688,609.9000244140625,548.0499877929688,590.2999877929688,121409
2024-04-16,587.9500122070312,597.7000122070312,575.2000122070312,586.4500122070312,70617
2024-04-18,578.0,615.2000122070312,578.0,591.2999877929688,114673
2024-04-19,582.9500122070312,606.9000244140625,575.3499755859375,600.9500122070312,74912
2024-04-22,605.0,609.9000244140625,594.0,605.0499877929688,59617
2024-04-23,611.9500122070312,613.1500244140625,592.5999755859375,595.7000122070312,77066
2024-04-24,595.7000122070312,610.9500122070312,595.7000122070312,602.0,109898
2024-04-25,604.0,629.0,598.0499877929688,607.8499755859375,142053
2024-04-26,607.8499755859375,611.2999877929688,595.5999755859375,599.5499877929688,80891
2024-04-29,603.9500122070312,606.4500122070312,568.0999755859375,571.4000244140625,152597
2024-04-30,572.2999877929688,575.9500122070312,560.5499877929688,568.2999877929688,106820
2024-05-02,568.3499755859375,574.9000244140625,534.0499877929688,537.3499755859375,167343
2024-05-03,536.9500122070312,554.9500122070312,530.0999755859375,544.7999877929688,118079
2024-05-06,552.4000244140625,552.4000244140625,525.7000122070312,531.9500122070312,70549
2024-05-07,531.0,539.0,520.0499877929688,529.8499755859375,87127
2024-05-08,529.7999877929688,529.7999877929688,517.4000244140625,524.2000122070312,43077
2024-05-09,533.0,533.0,505.0,508.3999938964844,33899
2024-05-10,507.0,510.75,497.6000061035156,505.29998779296875,62210
2024-05-13,505.3500061035156,505.75,462.54998779296875,468.04998779296875,224049
2024-05-14,472.45001220703125,514.8499755859375,472.20001220703125,510.3500061035156,138232
2024-05-15,528.0,528.0499877929688,491.3500061035156,496.3999938964844,109487
2024-05-16,497.8999938964844,503.45001220703125,490.0,491.95001220703125,77869
2024-05-17,498.0,498.0,488.0,493.79998779296875,68690
2024-05-21,497.54998779296875,497.54998779296875,472.0,474.75,123268
2024-05-22,479.45001220703125,499.95001220703125,469.0,494.0,159502
2024-05-23,497.70001220703125,519.9500122070312,493.54998779296875,497.25,126657
2024-05-24,497.25,516.0,493.0,499.3999938964844,63137
2024-05-27,500.0,500.0,483.8999938964844,496.29998779296875,64216
2024-05-28,501.0,501.0,484.1000061035156,488.20001220703125,56353
2024-05-29,487.79998779296875,537.0,483.45001220703125,528.4500122070312,395863
2024-05-30,530.0,539.2999877929688,511.0,516.75,211186
2024-05-31,518.0499877929688,532.9000244140625,485.75,509.8999938964844,226959
2024-06-03,530.0,533.9500122070312,490.0,495.29998779296875,163590
2024-06-04,500.0,500.0,445.79998779296875,451.45001220703125,210950
2024-06-05,455.95001220703125,477.0,431.95001220703125,475.0,113130
2024-06-06,479.8999938964844,521.0,471.54998779296875,509.6499938964844,188427
2024-06-07,517.2999877929688,525.8499755859375,507.04998779296875,517.4500122070312,151022
2024-06-10,532.0,537.0,510.0,512.1500244140625,137866
2024-06-11,512.0999755859375,531.25,507.0,513.75,197621
2024-06-12,524.0,526.0,511.8500061035156,518.25,150816
2024-06-13,520.0,525.0,510.0,511.75,81755
2024-06-14,514.25,516.4000244140625,505.95001220703125,508.6000061035156,89995
2024-06-18,515.5499877929688,515.5499877929688,499.0,509.75,106431
2024-06-19,512.2000122070312,538.9500122070312,505.95001220703125,530.0,289911
2024-06-20,533.2000122070312,618.0,529.5499877929688,594.9000244140625,1102692
2024-06-21,588.0499877929688,624.25,588.0499877929688,611.3499755859375,570372
2024-06-24,610.0,610.0,575.0,580.5999755859375,394095
2024-06-25,581.0,600.0,575.0,577.3499755859375,181990
2024-06-26,583.9000244140625,594.0,561.0,563.0999755859375,142127
2024-06-27,586.8499755859375,604.8499755859375,574.0,577.7000122070312,419827
2024-06-28,588.0,589.5999755859375,574.5499877929688,578.5,72027
2024-07-01,585.0,589.8499755859375,575.8499755859375,578.5,91205
2024-07-02,579.4500122070312,587.0499877929688,562.0499877929688,571.25,179283
2024-07-03,575.0,639.8499755859375,572.7000122070312,613.0499877929688,931223
2024-07-04,618.2000122070312,639.0,613.0999755859375,616.2999877929688,327470
2024-07-05,619.3499755859375,627.9500122070312,606.9500122070312,618.3499755859375,159871
2024-07-08,625.0,629.0,604.0999755859375,607.5499877929688,131454
2024-07-09,609.8499755859375,624.9000244140625,605.0,615.9000244140625,186313
2024-07-10,613.75,616.9500122070312,587.7999877929688,603.1500244140625,191440
2024-07-11,606.5,644.0,606.5,637.6500244140625,401905
2024-07-12,646.9000244140625,684.4500122070312,646.9000244140625,675.5,1133483
2024-07-15,690.0,699.0,675.5,678.5,566676
2024-07-16,680.6500244140625,681.8499755859375,650.7000122070312,652.2999877929688,245904
2024-07-18,652.0,688.9500122070312,651.0,678.4000244140625,309215
2024-07-19,679.7999877929688,681.5,639.6500244140625,652.0999755859375,248695
2024-07-22,650.0,665.0999755859375,630.0,649.4500122070312,153900
2024-07-23,652.9500122070312,705.0,627.5999755859375,699.4500122070312,735624
2024-07-24,718.6500244140625,749.9000244140625,705.8499755859375,742.4000244140625,1033820
2024-07-25,734.0,773.5999755859375,727.2999877929688,757.4000244140625,643924
2024-07-26,773.5499877929688,779.0,747.2000122070312,762.7000122070312,238368
2024-07-29,759.25,765.25,727.0499877929688,730.9500122070312,189958
2024-07-30,730.9500122070312,743.1500244140625,721.0999755859375,724.7000122070312,121912
2024-07-31,724.7000122070312,770.0,712.9500122070312,765.0499877929688,322664
2024-08-01,767.0,771.7000122070312,737.0,742.3499755859375,215451
2024-08-02,731.2000122070312,761.0999755859375,726.0499877929688,751.6500244140625,193124
2024-08-05,725.0,741.9500122070312,687.3499755859375,693.0,453101
2024-08-06,709.9500122070312,723.75,698.3499755859375,704.5499877929688,151768
2024-08-07,723.0,723.0,692.2999877929688,709.8499755859375,147189
2024-08-08,714.7000122070312,720.9500122070312,703.0,707.5,79734
2024-08-09,711.0,744.7999877929688,711.0,722.7999877929688,183275
2024-08-12,720.0,728.2999877929688,710.0,712.0,127223
2024-08-13,712.0499877929688,734.0,690.25,696.0,157024
2024-08-14,695.0,695.0,640.0999755859375,673.9500122070312,489041
2024-08-16,699.0,709.0,675.0,677.0,133128
2024-08-19,687.5,705.7999877929688,675.5999755859375,704.0499877929688,152607
2024-08-20,708.2999877929688,708.4500122070312,692.4000244140625,695.5499877929688,111606
2024-08-21,693.0,719.7000122070312,690.0999755859375,703.5499877929688,153744
2024-08-22,707.5999755859375,724.0,703.4500122070312,718.4000244140625,105292
2024-08-23,715.0999755859375,732.2999877929688,715.0999755859375,729.25,155049
2024-08-26,738.7000122070312,744.9000244140625,705.0,711.1500244140625,54414
2024-08-27,714.7000122070312,727.4000244140625,705.5,720.7000122070312,122937
2024-08-28,720.4000244140625,724.9500122070312,700.4500122070312,706.9000244140625,91199
2024-08-29,709.4000244140625,724.8499755859375,701.5499877929688,703.25,125011
2024-08-30,701.0499877929688,716.5,700.0499877929688,711.5,51881
2024-09-02,715.0,715.0,689.5,696.8499755859375,88504
2024-09-03,700.2000122070312,718.5999755859375,695.25,698.3499755859375,127910
2024-09-04,689.9000244140625,713.9500122070312,689.9000244140625,701.0999755859375,51707
2024-09-05,705.0,729.8499755859375,700.0999755859375,725.7999877929688,137093
2024-09-06,729.0,736.25,696.7000122070312,703.1500244140625,187182
2024-09-09,700.0999755859375,703.1500244140625,685.0499877929688,692.25,55527
2024-09-10,697.0,704.6500244140625,694.0999755859375,698.7000122070312,34570
2024-09-11,696.25,706.75,680.0,686.7999877929688,79787
2024-09-12,686.0499877929688,700.0,685.25,697.0999755859375,56840
2024-09-13,696.9500122070312,715.5999755859375,695.7000122070312,712.25,95057
2024-09-16,723.0,725.1500244140625,706.8499755859375,711.7000122070312,77417
2024-09-17,713.5,714.9500122070312,694.0,696.2999877929688,28462
2024-09-18,696.25,697.9500122070312,680.6500244140625,684.2999877929688,63195
2024-09-19,686.0,690.0499877929688,654.7999877929688,665.1500244140625,91870
2024-09-20,669.0499877929688,699.0,669.0499877929688,691.1500244140625,86288
2024-09-23,699.0,724.0,685.7000122070312,698.8499755859375,177329
2024-09-24,698.8499755859375,710.0,692.0999755859375,695.0,77726
2024-09-25,692.0,697.4500122070312,684.0,688.0,50572
2024-09-26,692.0,692.0,677.5999755859375,681.5,40715
2024-09-27,675.0999755859375,684.4500122070312,666.5999755859375,669.2999877929688,54738
2024-09-30,659.8499755859375,671.6500244140625,659.8499755859375,662.7000122070312,37693
2024-10-01,668.0,684.5,661.0,675.75,51275
2024-10-03,665.0,674.7000122070312,641.5499877929688,659.1500244140625,90060
2024-10-04,656.0,669.0,642.2999877929688,651.75,73911
2024-10-07,655.5,655.5,610.0,613.5,91439
2024-10-08,601.0,649.0,601.0,646.7999877929688,103087
2024-10-09,646.7999877929688,662.1500244140625,634.75,645.75,30268
2024-10-10,650.0999755859375,659.9000244140625,635.0999755859375,638.0999755859375,43919
2024-10-11,642.0,645.0,627.3499755859375,637.8499755859375,49826
2024-10-14,640.0,644.9500122070312,617.0499877929688,620.25,55461
2024-10-15,624.0999755859375,684.7999877929688,618.9500122070312,658.8499755859375,297723
2024-10-16,662.9000244140625,678.0,656.0,669.25,102264
2024-10-17,673.4500122070312,684.7999877929688,653.25,669.4000244140625,81663
2024-10-18,663.9500122070312,675.0,646.5999755859375,666.5999755859375,68679
2024-10-21,671.5,677.0499877929688,642.2999877929688,646.75,56389
2024-10-22,645.0,645.0,598.5999755859375,602.5999755859375,85703
2024-10-23,603.0,611.0999755859375,591.2999877929688,600.25,189825
2024-10-24,600.0,608.8499755859375,583.0999755859375,589.0499877929688,57173
2024-10-25,591.4000244140625,592.0999755859375,560.5499877929688,569.2000122070312,94721
2024-10-28,573.7000122070312,585.25,555.1500244140625,562.0,71740
2024-10-29,564.7999877929688,575.2000122070312,558.0,571.9500122070312,73174
2024-10-30,575.9500122070312,610.8499755859375,567.0,600.0499877929688,92016
2024-10-31,600.0,635.0,594.5,628.8499755859375,144658
2024-11-01,634.2000122070312,647.0,633.5,638.5999755859375,21036
2024-11-04,638.5999755859375,639.0,618.0,629.9500122070312,40497
2024-11-05,629.9500122070312,638.5999755859375,623.0999755859375,625.0,53937
2024-11-06,625.0,639.0,625.0,636.2999877929688,30870
2024-11-07,635.0499877929688,649.0,630.0,635.1500244140625,70881
2024-11-08,636.0999755859375,636.9500122070312,614.0,614.9000244140625,54875
2024-11-11,615.1500244140625,616.9000244140625,588.0999755859375,591.5999755859375,73005
2024-11-12,591.5999755859375,594.0,567.0999755859375,571.4000244140625,66213
2024-11-13,576.5999755859375,590.0,561.0,563.8499755859375,63718
2024-11-14,560.4500122070312,572.0,549.1500244140625,553.3499755859375,73281
2024-11-18,553.0,553.0,532.0,546.1500244140625,115626
2024-11-19,545.4500122070312,563.0499877929688,545.4500122070312,557.75,75180
2024-11-21,552.1500244140625,555.7000122070312,535.0,540.0499877929688,46208
2024-11-22,541.5999755859375,547.0999755859375,529.9000244140625,537.2999877929688,46167
2024-11-25,544.7999877929688,572.0,536.0,550.5499877929688,99564
2024-11-26,551.9500122070312,560.0,549.8499755859375,556.3499755859375,43193
2024-11-27,557.9500122070312,648.0,557.9500122070312,620.1500244140625,488909
2024-11-28,617.9500122070312,637.0,608.0499877929688,617.5,125360
2024-11-29,613.0,624.2999877929688,611.9000244140625,618.5499877929688,34867
2024-12-02,618.5499877929688,640.2000122070312,610.25,626.75,119504
2024-12-03,629.0499877929688,638.0,619.9500122070312,627.1500244140625,60352
2024-12-04,630.4000244140625,670.0,621.4500122070312,667.25,215054
2024-12-05,671.9000244140625,676.0,655.0,661.25,82735
2024-12-06,656.2000122070312,670.0,650.0,663.0,67126
2024-12-09,656.0,693.2000122070312,650.4500122070312,657.0,199316
2024-12-10,655.0,690.0499877929688,655.0,683.6500244140625,139125
2024-12-11,683.0,692.7000122070312,659.9500122070312,667.5499877929688,75775
2024-12-12,674.9500122070312,674.9500122070312,651.0999755859375,654.75,30485
2024-12-13,648.75,661.4500122070312,638.4000244140625,643.4500122070312,60596
2024-12-16,643.3499755859375,654.3499755859375,642.0999755859375,645.8499755859375,21004
2024-12-17,647.4000244140625,647.4000244140625,627.1500244140625,632.5,55500
2024-12-18,634.0499877929688,661.0,625.2999877929688,630.7999877929688,62773
2024-12-19,620.0999755859375,636.4000244140625,620.0499877929688,626.5499877929688,34944
2024-12-20,620.0999755859375,630.4500122070312,600.75,603.5499877929688,43296
2024-12-23,611.5999755859375,611.5999755859375,595.9000244140625,601.7000122070312,22590
2024-12-24,601.0,613.0,600.0,603.9000244140625,30016
2024-12-26,619.9000244140625,636.9500122070312,615.0,619.4000244140625,209008
2024-12-27,620.9500122070312,625.0,610.0,618.9500122070312,47163
2024-12-30,625.0,625.0,610.0,610.5999755859375,33527
2024-12-31,608.2000122070312,648.7999877929688,598.9000244140625,634.0999755859375,76831
2025-01-01,631.5,648.75,631.4500122070312,645.1500244140625,42223
2025-01-02,645.1500244140625,653.9000244140625,632.4000244140625,636.5999755859375,48082
2025-01-03,641.4000244140625,645.0999755859375,626.0999755859375,629.7999877929688,30053
2025-01-06,630.2999877929688,640.0,611.3499755859375,617.6500244140625,79597
2025-01-07,617.0,641.0,617.0,639.7999877929688,76481
2025-01-08,636.2000122070312,648.0999755859375,626.75,639.1500244140625,168212
2025-01-09,638.2000122070312,647.1500244140625,625.1500244140625,631.5999755859375,30021
2025-01-10,630.0,630.0,609.2999877929688,610.8499755859375,37054
2025-01-13,607.7000122070312,612.8499755859375,569.9500122070312,579.5999755859375,107313
2025-01-14,588.0,590.5,572.1500244140625,578.5999755859375,38448
2025-01-15,580.0,586.3499755859375,568.0,570.4000244140625,35413
2025-01-16,575.0,583.5499877929688,573.0,580.3499755859375,45428
2025-01-17,573.7999877929688,585.0,573.7999877929688,577.0999755859375,32024
2025-01-20,580.25,580.9000244140625,565.0,578.0499877929688,34082
2025-01-21,582.5999755859375,582.5999755859375,565.3499755859375,567.5499877929688,29537
2025-01-22,570.0,570.0,531.0999755859375,548.7999877929688,67720
2025-01-23,557.0499877929688,571.4500122070312,544.0,556.2999877929688,25386
2025-01-24,559.0499877929688,561.25,532.0,535.5499877929688,22651
2025-01-27,528.0,533.3499755859375,499.0,500.25,71353
2025-01-28,507.3999938964844,508.5,486.04998779296875,498.3500061035156,59481
2025-01-29,491.8999938964844,535.1500244140625,490.0,531.8499755859375,88078
2025-01-30,524.0,555.9000244140625,524.0,543.2000122070312,46640
2025-01-31,542.0999755859375,563.9000244140625,542.0999755859375,555.9500122070312,46174
2025-02-01,557.6500244140625,564.4500122070312,541.25,548.2999877929688,30242
2025-02-03,541.0,544.4500122070312,524.8499755859375,527.25,16308
2025-02-04,534.4000244140625,542.0,525.5,536.7999877929688,15533
2025-02-05,542.0999755859375,548.4500122070312,538.0499877929688,545.0,15269
2025-02-06,547.0499877929688,550.9500122070312,540.5,545.25,31219
2025-02-07,548.4000244140625,549.0999755859375,526.25,531.0999755859375,36199
2025-02-10,525.0,536.9000244140625,522.4000244140625,523.7000122070312,21976
2025-02-11,521.2000122070312,522.0999755859375,477.95001220703125,490.3500061035156,70267
2025-02-12,492.0,519.9000244140625,492.0,517.0,54131
2025-02-13,509.25,535.0,496.6499938964844,501.79998779296875,20367
2025-02-14,496.1000061035156,498.95001220703125,481.79998779296875,492.3999938964844,46275
2025-02-17,492.25,494.95001220703125,473.6000061035156,475.5,96114
2025-02-18,481.0,484.95001220703125,454.70001220703125,465.95001220703125,60939
2025-02-19,466.75,489.04998779296875,461.6000061035156,480.04998779296875,25189
2025-02-20,482.04998779296875,490.0,475.1000061035156,482.95001220703125,66441
2025-02-21,485.3500061035156,498.0,472.3999938964844,474.95001220703125,45471
2025-02-24,480.0,480.0,457.1499938964844,459.04998779296875,80071
2025-02-25,458.54998779296875,472.8999938964844,458.54998779296875,465.3999938964844,41603
2025-02-27,459.1499938964844,474.6499938964844,456.04998779296875,458.1499938964844,25866
2025-02-28,455.45001220703125,455.45001220703125,420.0,426.8999938964844,108252
2025-03-03,427.0,441.0,402.25,419.3500061035156,112628
2025-03-04,417.1000061035156,431.54998779296875,407.04998779296875,415.45001220703125,172533
2025-03-05,414.04998779296875,447.8500061035156,414.04998779296875,440.3999938964844,147079
2025-03-06,441.75,480.0,441.75,474.3999938964844,101473
2025-03-07,467.29998779296875,509.8500061035156,467.29998779296875,501.1000061035156,166968
2025-03-10,497.04998779296875,504.6000061035156,483.0,486.20001220703125,120344
2025-03-11,478.95001220703125,490.0,467.0,471.29998779296875,195586
2025-03-12,465.0,491.8999938964844,462.8500061035156,468.5,151002
2025-03-13,472.8500061035156,480.3999938964844,461.0,462.70001220703125,72046
2025-03-17,465.0,479.8500061035156,465.0,466.1000061035156,120642
2025-03-19,473.8999938964844,495.0,472.8500061035156,491.3999938964844,133164
2025-03-20,491.3999938964844,507.20001220703125,490.0,493.20001220703125,101068
2025-03-21,493.20001220703125,507.95001220703125,493.20001220703125,500.0,58107
2025-03-24,509.95001220703125,518.8499755859375,494.3999938964844,497.3500061035156,73337
2025-03-25,504.0,504.0,467.0,471.75,165674
2025-03-26,471.0,490.20001220703125,462.1000061035156,465.95001220703125,131955
2025-03-27,466.5,472.0,443.25,451.20001220703125,337095
2025-03-28,450.0,465.45001220703125,444.54998779296875,448.25,168114
2025-04-01,451.6000061035156,466.8500061035156,450.04998779296875,458.75,51315
2025-04-02,468.3500061035156,468.3500061035156,450.20001220703125,457.3500061035156,80608
2025-04-03,457.79998779296875,487.1000061035156,455.04998779296875,468.95001220703125,65491
2025-04-04,470.25,470.25,435.5,445.29998779296875,103674
2025-04-07,421.3999938964844,424.0,403.3500061035156,409.75,145603
2025-04-08,423.95001220703125,424.0,408.8999938964844,421.70001220703125,49122
2025-04-09,411.1499938964844,418.79998779296875,407.20001220703125,410.8500061035156,41712
2025-04-11,416.75,456.3500061035156,415.6000061035156,444.95001220703125,289655
2025-04-15,454.0,462.04998779296875,444.95001220703125,451.75,87328
2025-04-16,451.75,486.75,450.95001220703125,479.5,185569
2025-04-17,474.0,488.70001220703125,465.3500061035156,481.1000061035156,81818
2025-04-21,481.1000061035156,509.79998779296875,479.0,505.8500061035156,118490
2025-04-22,504.20001220703125,518.4500122070312,502.0,503.70001220703125,104801
2025-04-23,507.8999938964844,514.7000122070312,491.04998779296875,501.3999938964844,90388
2025-04-24,501.3999938964844,516.4500122070312,501.3999938964844,507.95001220703125,99648
2025-04-25,507.0,508.0,471.0,494.6000061035156,137069
2025-04-28,496.95001220703125,496.95001220703125,479.0,486.70001220703125,57941
2025-04-29,489.1499938964844,500.0,483.25,487.25,40796
2025-04-30,486.04998779296875,487.0,465.0,468.45001220703125,26693
2025-05-02,465.0,475.25,460.1000061035156,462.1499938964844,57762
2025-05-05,466.0,475.8999938964844,463.75,467.3999938964844,35374
2025-05-06,468.0,473.0,443.1000061035156,449.45001220703125,47229
2025-05-07,442.70001220703125,452.20001220703125,438.3999938964844,445.75,55177
2025-05-08,448.0,456.54998779296875,427.1000061035156,433.29998779296875,53208
2025-05-09,423.5,446.1499938964844,423.04998779296875,439.8500061035156,50252
2025-05-12,450.29998779296875,478.5,450.29998779296875,469.20001220703125,67115
2025-05-13,468.79998779296875,494.8500061035156,468.79998779296875,486.6499938964844,72115
2025-05-14,486.95001220703125,507.8500061035156,486.95001220703125,504.1000061035156,73630
2025-05-15,506.6000061035156,525.0,501.3999938964844,510.70001220703125,83892
2025-05-16,510.70001220703125,520.0,505.1499938964844,512.0,57010
2025-05-19,519.2000122070312,527.7999877929688,512.0499877929688,515.2999877929688,67636
2025-05-20,519.4000244140625,547.2000122070312,512.0499877929688,540.5499877929688,176113
2025-05-21,540.4500122070312,544.5,527.0499877929688,534.4000244140625,72870
2025-05-22,538.0,538.0,527.2999877929688,532.0999755859375,31410
2025-05-23,532.0999755859375,535.0999755859375,506.0,511.79998779296875,144338
2025-05-26,463.29998779296875,485.8999938964844,457.5,474.0,463718
2025-05-27,478.70001220703125,485.79998779296875,465.0,466.8500061035156,128439
2025-05-28,468.79998779296875,475.20001220703125,466.04998779296875,471.75,47868
2025-05-29,473.3999938964844,480.95001220703125,472.04998779296875,474.20001220703125,64580
2025-05-30,476.54998779296875,486.3999938964844,462.79998779296875,477.3500061035156,152138
2025-06-02,478.0,495.25,473.0,489.0,135608
2025-06-03,493.8500061035156,516.7999877929688,491.1000061035156,510.8999938964844,222077
2025-06-04,513.3499755859375,513.5499877929688,497.54998779296875,503.45001220703125,89161
2025-06-05,505.95001220703125,511.70001220703125,494.0,495.75,104336
2025-06-06,498.79998779296875,513.5,493.3999938964844,511.75,228469
2025-06-09,515.75,522.9500122070312,509.1000061035156,510.20001220703125,119036
2025-06-10,509.0,520.4000244140625,506.1499938964844,515.2000122070312,108947
2025-06-11,516.9000244140625,549.7999877929688,515.2000122070312,527.9000244140625,432748
2025-06-12,529.5,535.5,505.3500061035156,509.75,244420
2025-06-13,506.8999938964844,525.0,501.75,520.8499755859375,142781
2025-06-16,523.0,523.0,503.3999938964844,514.0999755859375,65048
2025-06-17,513.0,525.0,505.3500061035156,509.3999938964844,78398
2025-06-18,507.5,525.0,500.75,521.1500244140625,107206
2025-06-19,520.0,522.2000122070312,505.0,514.25,98310
2025-06-20,514.2000122070312,520.0,513.3499755859375,515.7000122070312,109054
2025-06-23,513.9500122070312,519.2000122070312,508.8500061035156,513.2999877929688,63409
2025-06-24,515.0499877929688,520.0,510.5,512.75,55367
2025-06-25,513.5,552.0,513.5,538.75,658220
2025-06-26,540.0999755859375,549.8499755859375,532.7999877929688,539.0999755859375,129040
2025-06-27,546.0,559.7999877929688,539.1500244140625,541.1500244140625,250195
2025-06-30,541.1500244140625,571.7999877929688,534.5499877929688,563.9500122070312,293252
2025-07-01,565.9500122070312,579.7999877929688,563.0499877929688,577.9000244140625,219690
2025-07-02,578.7999877929688,583.0,558.4000244140625,562.0999755859375,116850
2025-07-03,566.0,577.0,551.5999755859375,556.6500244140625,167254
2025-07-04,556.6500244140625,563.3499755859375,553.25,559.7000122070312,82043
2025-07-07,553.2000122070312,564.9000244140625,548.0,557.1500244140625,122822
2025-07-08,557.1500244140625,611.0,557.1500244140625,604.8499755859375,598398
2025-07-09,605.4000244140625,619.0,595.4000244140625,602.8499755859375,386274
2025-07-10,606.5,619.9000244140625,595.2000122070312,601.2999877929688,147780
2025-07-11,602.0,615.0,595.0,607.3499755859375,250261
2025-07-14,615.9500122070312,627.0,608.5,620.1500244140625,276563
2025-07-15,621.9000244140625,637.8499755859375,615.25,624.0999755859375,284212
2025-07-16,625.75,634.75,618.0,622.7000122070312,119292
2025-07-17,626.7999877929688,630.0,618.0999755859375,620.4500122070312,71202
2025-07-18,620.4500122070312,624.4000244140625,612.0499877929688,614.4500122070312,62902
2025-07-21,615.0999755859375,618.75,602.8499755859375,610.0999755859375,57453
2025-07-22,616.2000122070312,620.0,592.0999755859375,595.3499755859375,114380
2025-07-23,595.3499755859375,600.4500122070312,585.2000122070312,591.3499755859375,74870
2025-07-24,595.0,626.0,593.0,598.7999877929688,260606
2025-07-25,600.2000122070312,600.2000122070312,570.0,578.0999755859375,116865
2025-07-28,573.5999755859375,579.5,567.0999755859375,572.25,60263
2025-07-29,571.2000122070312,587.2999877929688,567.1500244140625,582.4500122070312,69586
2025-07-30,583.5999755859375,594.0,580.7999877929688,586.7999877929688,118033
2025-07-31,586.0,603.2999877929688,573.9000244140625,587.1500244140625,93693
2025-08-01,590.4500122070312,590.4500122070312,571.5,575.9000244140625,45811
2025-08-04,573.7999877929688,579.7000122070312,564.5999755859375,573.6500244140625,65543
2025-08-05,570.0499877929688,579.0499877929688,565.0999755859375,567.0499877929688,44071
2025-08-06,566.7999877929688,571.0,542.75,548.5,95012
2025-08-07,548.5,548.9000244140625,523.7999877929688,537.7000122070312,96856
2025-08-08,540.1500244140625,550.8499755859375,531.6500244140625,539.5499877929688,63581
2025-08-11,540.0,546.0,511.0,537.75,156779
2025-08-12,546.0,565.0,542.0,561.0,130995
2025-08-13,555.0999755859375,561.9500122070312,541.75,554.0999755859375,77956
2025-08-14,554.0999755859375,567.0,553.4500122070312,557.5999755859375,46102
2025-08-18,564.5,565.2000122070312,555.0499877929688,563.4500122070312,36771
2025-08-19,566.0,574.9000244140625,560.75,570.5499877929688,65786
2025-08-20,574.9000244140625,591.9000244140625,567.2999877929688,587.5,67480
2025-08-21,591.2000122070312,608.8499755859375,589.1500244140625,599.4500122070312,227879
2025-08-22,598.9000244140625,611.9000244140625,590.7000122070312,604.0499877929688,126140
2025-08-25,610.5,610.5,585.4000244140625,586.9500122070312,51082
2025-08-26,584.0499877929688,589.5999755859375,568.0999755859375,570.5999755859375,39943
2025-08-28,562.5,574.1500244140625,552.9000244140625,556.0999755859375,57861
2025-08-29,556.0999755859375,561.7999877929688,540.9000244140625,545.5999755859375,63918
2025-09-01,543.0,559.0,543.0,555.2000122070312,53471
2025-09-02,556.2999877929688,573.7000122070312,551.4000244140625,562.9000244140625,62114
2025-09-03,562.9000244140625,571.7000122070312,562.9000244140625,568.5,29215
2025-09-04,564.5,580.0,562.0,563.7000122070312,62007
2025-09-05,569.0,571.0499877929688,559.5,563.3499755859375,27037
2025-09-08,560.9000244140625,582.0,560.0,562.7000122070312,67653
2025-09-09,565.5,569.1500244140625,555.1500244140625,557.25,30957
2025-09-10,558.0,575.5,552.7999877929688,568.5499877929688,58712
2025-09-11,576.0,576.0,559.0,563.1500244140625,45852
2025-09-12,563.8499755859375,574.0,563.0999755859375,566.7999877929688,48731
2025-09-15,569.3499755859375,591.0,567.0,585.5499877929688,154222
2025-09-16,587.3499755859375,590.0,572.4500122070312,576.2999877929688,51331
2025-09-17,577.0,581.0,571.0,573.4500122070312,50067
2025-09-18,575.7999877929688,596.7000122070312,574.4000244140625,587.2999877929688,132837
2025-09-19,621.4000244140625,633.0,595.1500244140625,600.6500244140625,1525137
2025-09-22,604.0999755859375,616.0,592.5,614.9500122070312,293004
2025-09-23,615.5,618.3499755859375,607.0,615.0,132900
2025-09-24,614.0,614.0,599.0,601.9500122070312,78154
2025-09-25,602.0,615.7000122070312,598.0,604.9000244140625,118340
2025-09-26,602.7000122070312,602.7000122070312,570.0,572.6500244140625,75808
2025-09-29,577.9000244140625,584.9000244140625,562.7999877929688,566.8499755859375,43154
2025-09-30,569.0999755859375,569.0999755859375,557.4500122070312,559.9000244140625,45087
2025-10-01,559.8499755859375,588.8499755859375,558.7999877929688,582.25,106816
2025-10-03,585.9000244140625,585.9000244140625,571.9500122070312,576.5,46524
2025-10-06,584.0,599.0,576.0999755859375,593.6500244140625,105809
2025-10-07,599.9000244140625,705.0,594.4000244140625,637.75,10396067
2025-10-08,640.7999877929688,653.1500244140625,635.0999755859375,638.1500244140625,530569
2025-10-09,638.0,645.0499877929688,630.0,632.5999755859375,164861
2025-10-10,632.7000122070312,636.4500122070312,621.1500244140625,625.5,125684
2025-10-13,622.3499755859375,635.2999877929688,617.0999755859375,628.9500122070312,153286
2025-10-14,630.0,630.0,608.5999755859375,623.8499755859375,105569
2025-10-15,616.5,637.9500122070312,615.2000122070312,631.5499877929688,98936
2025-10-16,635.0,651.0,635.0,643.0,197804
2025-10-17,650.0,652.0,635.0,647.3499755859375,124411
2025-10-20,650.0,656.0,641.9500122070312,647.0999755859375,74478
2025-10-21,646.0,652.9500122070312,644.8499755859375,647.8499755859375,26242
2025-10-23,647.8499755859375,658.2999877929688,633.1500244140625,640.2999877929688,98275
2025-10-24,640.5,653.0,638.5499877929688,649.5,88128
2025-10-27,650.0,651.5999755859375,640.4000244140625,644.8499755859375,67734
2025-10-28,651.1500244140625,651.1500244140625,637.4500122070312,639.0999755859375,61150
2025-10-29,639.0,647.5499877929688,636.8499755859375,642.0499877929688,59843
2025-10-30,641.9500122070312,648.9500122070312,638.0,640.0999755859375,41265
2025-10-31,635.0,647.5,634.0499877929688,635.75,58259
2025-11-03,634.9000244140625,637.9500122070312,623.0,627.3499755859375,88147
2025-11-04,629.8499755859375,633.6500244140625,621.5,624.5999755859375,58882
2025-11-06,619.0,626.8499755859375,599.0499877929688,602.7000122070312,81837
2025-11-07,602.4000244140625,608.0,595.2999877929688,606.25,39237
2025-11-10,605.0499877929688,639.6500244140625,602.0,629.5,142759
2025-11-11,628.5999755859375,635.0,620.9000244140625,630.7000122070312,58806
2025-11-12,635.0,638.0,626.9000244140625,633.3499755859375,62159
2025-11-13,633.0,653.0,628.1500244140625,647.4500122070312,125546
2025-11-14,640.0499877929688,642.0499877929688,627.5999755859375,631.6500244140625,148745
2025-11-17,632.4000244140625,637.0999755859375,628.0499877929688,630.0499877929688,41969
2025-11-18,627.0,631.4000244140625,616.6500244140625,625.0999755859375,77360
2025-11-19,620.2999877929688,637.7999877929688,620.2999877929688,629.8499755859375,109518
2025-11-20,630.1500244140625,635.0,619.25,623.2000122070312,69307
2025-11-21,622.2999877929688,630.75,611.5499877929688,614.75,61072
2025-11-24,615.5999755859375,615.5999755859375,589.0,590.9000244140625,58771
2025-11-25,595.25,607.0499877929688,586.5499877929688,598.4500122070312,71367
2025-11-26,595.0,605.7999877929688,590.0999755859375,591.2000122070312,41460
2025-11-27,593.5499877929688,599.3499755859375,587.0,593.75,27926
2025-11-28,586.5999755859375,598.2999877929688,585.2000122070312,593.4500122070312,34920
2025-12-01,601.5999755859375,601.5999755859375,577.7999877929688,581.25,30622
2025-12-02,581.25,587.9000244140625,575.0,578.8499755859375,17064
2025-12-03,576.75,577.75,563.0,567.0499877929688,26297
2025-12-04,563.0999755859375,574.5999755859375,563.0999755859375,567.25,27662
2025-12-05,567.7999877929688,570.4500122070312,556.0,557.9000244140625,36026
2025-12-08,556.0,559.9000244140625,527.7000122070312,532.9500122070312,96270
2025-12-09,531.7999877929688,550.0,520.5,548.3499755859375,63122
2025-12-10,542.9500122070312,557.0,538.9000244140625,540.2000122070312,39814
2025-12-11,540.75,547.5999755859375,536.4000244140625,540.9500122070312,36537
2025-12-12,540.0,553.2000122070312,539.4500122070312,550.6500244140625,35592
2025-12-15,545.0,562.7999877929688,540.0,557.5999755859375,40557
2025-12-16,553.0,558.0,548.0,554.4000244140625,15102
2025-12-17,559.0,559.0,540.0999755859375,547.5999755859375,23253
2025-12-18,546.7999877929688,547.2999877929688,535.0499877929688,543.2999877929688,35535
2025-12-19,540.0,558.0,540.0,553.7999877929688,19691
2025-12-22,553.7999877929688,559.9500122070312,546.0499877929688,556.2999877929688,43060
2025-12-23,556.0,590.6500244140625,537.8499755859375,577.6500244140625,135181
2025-12-24,582.25,584.5,565.9000244140625,569.0999755859375,43670
2025-12-26,562.25,584.4000244140625,562.25,577.9000244140625,37563
2025-12-29,577.9000244140625,577.9000244140625,555.9000244140625,557.9000244140625,48816
2025-12-30,558.2999877929688,580.0,551.5499877929688,563.2000122070312,17186
2025-12-31,568.8499755859375,568.8499755859375,555.0999755859375,556.8499755859375,20633
2026-01-01,558.75,559.0,548.0,551.25,18640
2026-01-02,548.0,556.0,548.0,554.75,17525
2026-01-05,546.4500122070312,557.5,541.0,544.0,49613
2026-01-06,540.0,544.8499755859375,532.0,535.25,35927
2026-01-07,529.7999877929688,540.9500122070312,529.7999877929688,534.2999877929688,24259
2026-01-08,532.0499877929688,534.9000244140625,516.3499755859375,520.2000122070312,31911
2026-01-09,520.9000244140625,523.0,505.04998779296875,510.0,40752
2026-01-12,505.0,507.20001220703125,491.45001220703125,502.8500061035156,92998
2026-01-13,502.8500061035156,515.7999877929688,496.54998779296875,500.1499938964844,27714
2026-01-14,495.0,503.1499938964844,494.95001220703125,497.79998779296875,26107
2026-01-16,497.0,519.9000244140625,496.1499938964844,506.6499938964844,47847
2026-01-19,501.0,510.0,495.04998779296875,501.04998779296875,30487
2026-01-20,495.5,500.75,485.0,486.95001220703125,46916
2026-01-21,479.6499938964844,496.6000061035156,472.0,476.8999938964844,51479
2026-01-22,487.0,498.3500061035156,485.1000061035156,489.6499938964844,33331
2026-01-23,485.3500061035156,511.0,478.0,500.45001220703125,42531
2026-01-27,497.95001220703125,498.70001220703125,481.0,483.54998779296875,23381
2026-01-28,483.0,497.8999938964844,482.6000061035156,489.8500061035156,29389
2026-01-29,489.95001220703125,497.45001220703125,472.04998779296875,481.04998779296875,81775
2026-01-30,472.6000061035156,482.70001220703125,472.6000061035156,475.75,48447
2026-02-02,457.3500061035156,457.54998779296875,430.25,448.6000061035156,66773
2026-02-03,460.79998779296875,494.0,457.8500061035156,472.54998779296875,70381
2026-02-04,473.0,483.95001220703125,469.3999938964844,481.0,20945
2026-02-05,478.0,479.1000061035156,463.04998779296875,465.8999938964844,32383
2026-02-06,470.29998779296875,470.29998779296875,455.0,457.3999938964844,42898
2026-02-09,460.1000061035156,480.25,460.1000061035156,476.04998779296875,75267
2026-02-10,485.0,488.3500061035156,478.0,480.75,38289
2026-02-11,480.0,484.3999938964844,474.75,478.79998779296875,23443
2026-02-12,477.0,480.75,470.1000061035156,471.70001220703125,31352
2026-02-13,470.0,471.54998779296875,461.75,469.1000061035156,33036
2026-02-16,460.04998779296875,467.0,460.04998779296875,464.45001220703125,21380
2026-02-17,457.1000061035156,471.54998779296875,457.1000061035156,468.8999938964844,32263
2026-02-18,468.8999938964844,497.0,468.8999938964844,493.1499938964844,61936
2026-02-19,485.04998779296875,504.0,480.0,482.1000061035156,59813
2026-02-20,475.04998779296875,480.0,468.45001220703125,473.70001220703125,22534
2026-02-23,472.0,474.20001220703125,463.0,470.04998779296875,47856
2026-02-24,466.95001220703125,469.95001220703125,455.04998779296875,462.04998779296875,31934
2026-02-25,458.6499938964844,468.8999938964844,458.6499938964844,464.1000061035156,20227
2026-02-26,463.04998779296875,469.6499938964844,459.95001220703125,465.20001220703125,27849
2026-02-27,461.8500061035156,463.3999938964844,455.0,456.75,45515
2026-03-02,440.04998779296875,449.6499938964844,426.6000061035156,443.54998779296875,50290
2026-03-04,435.6000061035156,439.8500061035156,426.04998779296875,430.5,43302
2026-03-05,454.0,503.0,453.0,481.70001220703125,18446924
2026-03-06,492.70001220703125,518.5999755859375,460.0,468.04998779296875,5152206
2026-03-09,451.0,457.3999938964844,433.04998779296875,452.3500061035156,428663
2026-03-10,460.1000061035156,464.3999938964844,450.04998779296875,458.70001220703125,206351
2026-03-11,470.0,471.0,455.04998779296875,458.5,130292
2026-03-12,460.0,465.70001220703125,446.3999938964844,458.54998779296875,154939
2026-03-13,462.54998779296875,489.0,452.0,479.70001220703125,996897
2026-03-16,501.0,516.9000244140625,455.0,481.29998779296875,1118554
2026-03-17,477.0,481.79998779296875,468.6499938964844,478.54998779296875,120851
2026-03-18,481.45001220703125,493.0,477.5,484.04998779296875,139757
2026-03-19,476.79998779296875,479.20001220703125,469.95001220703125,472.04998779296875,60764
2026-03-20,472.1000061035156,481.5,460.04998779296875,463.54998779296875,110616
2026-03-23,461.0,461.0,441.0,446.8500061035156,78859
2026-03-24,450.1499938964844,454.54998779296875,444.25,449.29998779296875,96951
2026-03-25,451.04998779296875,465.79998779296875,451.04998779296875,462.20001220703125,70415
2026-03-27,455.25,457.54998779296875,441.0,446.6499938964844,199383
2026-03-30,446.6499938964844,447.75,424.5,425.1000061035156,102755
2026-04-01,449.95001220703125,462.0,435.8999938964844,456.3500061035156,90541
2026-04-02,447.25,453.79998779296875,438.0,449.29998779296875,52718
2026-04-06,453.04998779296875,464.79998779296875,444.8999938964844,460.20001220703125,81505
2026-04-07,464.0,471.45001220703125,450.5,467.8500061035156,56978
2026-04-08,476.3500061035156,481.95001220703125,474.75,477.3500061035156,55746
2026-04-09,478.75,482.95001220703125,471.0,474.8500061035156,26260
2026-04-10,480.0,489.8999938964844,478.25,488.3999938964844,82883
2026-04-13,475.04998779296875,489.5,472.8500061035156,483.5,57325
2026-04-15,493.0,515.9500122070312,483.6000061035156,510.8999938964844,270737
2026-04-16,513.5,523.0,505.5,511.20001220703125,140352
2026-04-17,514.1500244140625,519.9000244140625,510.79998779296875,515.0499877929688,127633
2026-04-20,514.0499877929688,523.0,506.6000061035156,513.3499755859375,65878
2026-04-21,519.9500122070312,519.9500122070312,510.1000061035156,512.1500244140625,38926
2026-04-22,512.1500244140625,518.0,510.0,513.9000244140625,52566
2026-04-23,518.0,518.5,508.54998779296875,513.5499877929688,61214
2026-04-24,512.5,513.75,493.0,502.0,49572
2026-04-27,501.1000061035156,510.3999938964844,501.1000061035156,509.5,57301
2026-04-28,512.0,527.0,502.3500061035156,511.75,149602
2026-04-29,511.79998779296875,517.8499755859375,503.0,506.25,52316
2026-04-30,499.04998779296875,508.0,496.0,503.8500061035156,43538
2026-05-04,506.3500061035156,515.0499877929688,499.8999938964844,503.45001220703125,42532
2026-05-05,505.0,506.45001220703125,495.0,501.5,34353
2026-05-06,502.95001220703125,513.0,495.04998779296875,509.5,69586
2026-05-07,509.0,516.7000122070312,506.95001220703125,512.1500244140625,73074
2026-05-08,513.0,513.1500244140625,500.45001220703125,503.1000061035156,46144
2026-05-11,504.0,504.0,480.0,483.3500061035156,72365
2026-05-12,487.0,487.0,462.8500061035156,465.8999938964844,38357
2026-05-13,468.95001220703125,475.70001220703125,460.1499938964844,461.70001220703125,51541
2026-05-14,464.0,467.1000061035156,453.0,456.20001220703125,77394
2026-05-15,456.29998779296875,458.95001220703125,438.5,441.79998779296875,48996
2026-05-18,444.75,449.8999938964844,427.0,442.6000061035156,57061
2026-05-19,443.0,457.79998779296875,443.0,448.1000061035156,25762
2026-05-20,444.0,454.79998779296875,438.6000061035156,444.3500061035156,40982
2026-05-21,444.3500061035156,452.0,441.25,442.70001220703125,24727
2026-05-22,444.0,444.5,438.0,438.6000061035156,20113
2026-05-25,445.0,471.3999938964844,439.6499938964844,459.3500061035156,113504
2026-05-26,460.29998779296875,474.75,456.8999938964844,468.8500061035156,95704
2026-05-27,470.0,479.0,460.04998779296875,463.54998779296875,149578
2026-05-29,460.0,471.0,442.5,446.70001220703125,242756
2026-06-01,452.0,459.0,434.70001220703125,437.3500061035156,71762
2026-06-02,431.0,441.8999938964844,431.0,440.5,43797
2026-06-03,445.0,450.0,430.1000061035156,435.1499938964844,37566
2026-06-04,435.79998779296875,442.5,433.0,434.25,39444
2026-06-05,435.6000061035156,443.8999938964844,432.1000061035156,438.79998779296875,36146
2026-06-08,428.8999938964844,437.45001220703125,425.29998779296875,428.29998779296875,39306
2026-06-09,434.70001220703125,447.0,430.0,440.45001220703125,37950
2026-06-10,435.0,451.0,427.0,430.6499938964844,88885
2026-06-11,431.75,431.79998779296875,410.04998779296875,415.04998779296875,123120
2026-06-12,415.45001220703125,440.0,415.45001220703125,438.3500061035156,81531
2026-06-15,448.0,448.8999938964844,436.3500061035156,439.25,58578
2026-06-16,439.5,442.5,432.1000061035156,433.8500061035156,46639
2026-06-17,435.0,437.20001220703125,431.20001220703125,433.0,58713
2026-06-18,436.29998779296875,438.3500061035156,426.29998779296875,430.45001220703125,48466
2026-06-19,428.3500061035156,433.5,425.0,427.25,81986
2026-06-22,427.25,432.8999938964844,426.0,427.70001220703125,41527
2026-06-23,425.04998779296875,428.0,411.0,412.6499938964844,79764
2026-06-24,414.95001220703125,418.70001220703125,409.1499938964844,413.6000061035156,94566
2026-06-25,418.3500061035156,418.3500061035156,401.1000061035156,404.45001220703125,54811
2026-06-29,405.29998779296875,409.95001220703125,398.0,399.0,53821
2026-06-30,397.1499938964844,404.0,397.1499938964844,401.5,36350
2026-07-01,404.3999938964844,410.0,400.0,401.3999938964844,62460
2026-07-02,401.3999938964844,410.0,401.0,407.3500061035156,75168
2026-07-03,408.0,412.0,399.25,403.3999938964844,67457
2026-07-06,405.0,406.70001220703125,400.20001220703125,401.1499938964844,56406
2026-07-07,403.54998779296875,403.54998779296875,392.0,397.8500061035156,53899
2026-07-08,393.8999938964844,400.8500061035156,382.95001220703125,385.54998779296875,63740
2026-07-09,395.0,396.1499938964844,384.6499938964844,387.25,55119
2026-07-10,388.29998779296875,407.3999938964844,388.29998779296875,403.54998779296875,102995
2026-07-13,404.5,420.0,400.79998779296875,403.79998779296875,135535
2026-07-14,407.95001220703125,413.45001220703125,397.8500061035156,399.20001220703125,71592
2026-07-15,401.1499938964844,405.45001220703125,396.0,396.8500061035156,33983
2026-07-16,396.8500061035156,399.70001220703125,391.79998779296875,392.3999938964844,32144
2026-07-17,394.75,394.8500061035156,382.95001220703125,384.04998779296875,52180
2026-07-20,384.04998779296875,388.8500061035156,381.0,384.8500061035156,45613
2026-07-21,387.20001220703125,387.20001220703125,382.1000061035156,383.0,25219
2026-07-22,383.0,383.45001220703125,373.3500061035156,377.3999938964844,40697
2026-07-23,374.04998779296875,379.0,371.79998779296875,372.29998779296875,16484
2026-07-24,371.8999938964844,374.1000061035156,368.0,371.1000061035156,41637
2026-07-27,372.6000061035156,381.6000061035156,372.6000061035156,375.20001220703125,40579
2026-07-28,375.25,378.75,370.0,371.45001220703125,20932
2026-07-29,372.45001220703125,376.70001220703125,368.0,370.04998779296875,33263
