Date,Open,High,Low,Close,Volume
2011-08-02,72.0,72.5,68.30000305175781,69.75,6555440
2011-08-03,68.0,68.8499984741211,67.0,68.55000305175781,3768227
2011-08-04,69.0,70.44999694824219,65.1500015258789,65.6500015258789,4901076
2011-08-05,60.0,65.0,60.0,61.29999923706055,6890969
2011-08-08,61.0,61.0,56.54999923706055,57.599998474121094,6709418
2011-08-09,54.849998474121094,59.75,54.54999923706055,57.349998474121094,7572146
2011-08-10,58.20000076293945,61.95000076293945,58.20000076293945,61.599998474121094,7580250
2011-08-11,63.400001525878906,64.8499984741211,60.04999923706055,63.75,10162754
2011-08-12,65.0,67.0,62.349998474121094,63.0,5298904
2011-08-16,64.25,64.69999694824219,57.599998474121094,57.95000076293945,7867611
2011-08-17,58.0,59.25,55.099998474121094,58.349998474121094,8547563
2011-08-18,59.0,59.79999923706055,55.349998474121094,55.900001525878906,6920760
2011-08-19,55.5,56.0,50.79999923706055,52.54999923706055,12147022
2011-08-22,52.5,58.25,52.5,57.900001525878906,10183268
2011-08-23,58.400001525878906,58.849998474121094,56.04999923706055,56.849998474121094,5524154
2011-08-24,56.75,59.20000076293945,56.5,57.5,5712551
2011-08-25,57.5,58.25,54.0,54.650001525878906,8330665
2011-08-26,55.0,55.599998474121094,53.099998474121094,53.75,5016379
2011-08-29,54.0,57.20000076293945,54.0,56.54999923706055,4528975
2011-08-30,57.599998474121094,58.54999923706055,56.29999923706055,57.79999923706055,5880636
2011-09-02,58.900001525878906,58.900001525878906,57.04999923706055,58.29999923706055,4898340
2011-09-05,58.0,59.900001525878906,57.099998474121094,59.20000076293945,4801707
2011-09-06,59.25,59.650001525878906,56.5,59.099998474121094,6029460
2011-09-07,60.0,62.5,59.95000076293945,61.599998474121094,7903440
2011-09-08,61.599998474121094,62.95000076293945,60.20000076293945,62.20000076293945,4885768
2011-09-09,62.650001525878906,63.20000076293945,60.099998474121094,60.79999923706055,6025650
2011-09-12,59.900001525878906,59.900001525878906,57.5,57.849998474121094,3528615
2011-09-13,58.0,60.70000076293945,58.0,58.900001525878906,4897483
2011-09-14,59.0,60.25,58.0,59.849998474121094,3696514
2011-09-15,60.0,60.54999923706055,59.04999923706055,59.75,2866618
2011-09-16,61.0,62.79999923706055,59.45000076293945,62.099998474121094,8202123
2011-09-19,61.79999923706055,61.79999923706055,59.54999923706055,60.04999923706055,4600114
2011-09-20,60.400001525878906,61.349998474121094,60.0,60.900001525878906,2393472
2011-09-21,60.5,64.0,59.400001525878906,63.650001525878906,6470792
2011-09-22,62.75,62.75,57.0,57.900001525878906,8105148
2011-09-23,57.0,57.70000076293945,55.75,56.599998474121094,5594780
2011-09-26,57.04999923706055,59.0,54.400001525878906,55.849998474121094,4716539
2011-09-27,56.79999923706055,58.5,56.79999923706055,57.70000076293945,3367096
2011-09-28,57.5,57.900001525878906,54.900001525878906,55.45000076293945,6290772
2011-09-29,55.900001525878906,57.150001525878906,53.650001525878906,56.79999923706055,8797828
2011-09-30,56.5,57.900001525878906,54.900001525878906,55.099998474121094,5436761
2011-10-03,54.75,55.25,52.5,53.45000076293945,4415898
2011-10-04,53.0,55.0,52.0,53.45000076293945,3694408
2011-10-05,54.20000076293945,54.650001525878906,49.75,50.45000076293945,5392827
2011-10-07,51.79999923706055,53.650001525878906,51.45000076293945,52.099998474121094,7160391
2011-10-10,52.20000076293945,54.400001525878906,52.20000076293945,54.20000076293945,5687635
2011-10-11,54.5,55.599998474121094,53.75,54.54999923706055,4569322
2011-10-12,54.75,56.04999923706055,54.20000076293945,55.849998474121094,3191289
2011-10-13,56.04999923706055,56.75,55.0,55.5,3109977
2011-10-14,56.0,57.95000076293945,55.20000076293945,57.70000076293945,6184444
2011-10-17,58.45000076293945,59.0,57.650001525878906,58.150001525878906,2997774
2011-10-18,57.900001525878906,57.900001525878906,54.45000076293945,56.150001525878906,5236927
2011-10-19,56.70000076293945,58.5,56.70000076293945,57.95000076293945,3931324
2011-10-20,57.70000076293945,57.70000076293945,55.45000076293945,56.29999923706055,4008811
2011-10-21,57.29999923706055,57.29999923706055,54.54999923706055,54.75,3824041
2011-10-24,55.099998474121094,56.150001525878906,53.0,53.54999923706055,4357672
2011-10-25,54.0,54.79999923706055,53.349998474121094,54.25,4329440
2011-10-28,55.900001525878906,58.099998474121094,55.79999923706055,57.95000076293945,7010405
2011-10-31,57.95000076293945,58.849998474121094,57.0,57.20000076293945,4304691
2011-11-01,57.0,57.79999923706055,56.099998474121094,56.95000076293945,3257622
2011-11-02,57.0,58.599998474121094,56.04999923706055,57.849998474121094,4157635
2011-11-03,58.0,58.5,55.70000076293945,56.79999923706055,4447602
2011-11-04,57.099998474121094,58.20000076293945,56.25,56.75,5790134
2011-11-08,57.04999923706055,57.5,55.599998474121094,57.0,3590361
2011-11-09,57.5,57.79999923706055,53.45000076293945,54.25,5456491
2011-11-11,54.45000076293945,54.75,50.900001525878906,51.54999923706055,10085758
2011-11-14,51.650001525878906,51.650001525878906,36.150001525878906,38.349998474121094,89096407
2011-11-15,38.25,38.79999923706055,33.849998474121094,34.29999923706055,41139539
2011-11-16,34.54999923706055,35.099998474121094,31.649999618530273,32.650001525878906,36000328
2011-11-17,32.70000076293945,34.5,31.799999237060547,32.099998474121094,23935277
2011-11-18,32.25,35.349998474121094,32.25,35.099998474121094,24399657
2011-11-21,35.0,35.900001525878906,32.900001525878906,33.25,19073302
2011-11-22,33.5,34.5,33.20000076293945,33.45000076293945,10203445
2011-11-23,33.79999923706055,34.79999923706055,30.5,30.950000762939453,21458401
2011-11-24,31.649999618530273,31.899999618530273,29.399999618530273,31.200000762939453,28640830
2011-11-25,31.200000762939453,31.950000762939453,30.299999237060547,30.899999618530273,12119843
2011-11-28,32.0,35.650001525878906,31.299999237060547,32.20000076293945,8789596
2011-11-29,32.25,32.5,30.200000762939453,30.5,11866807
2011-11-30,30.100000381469727,30.899999618530273,29.399999618530273,30.299999237060547,10775849
2011-12-01,31.5,32.349998474121094,30.799999237060547,31.950000762939453,12260744
2011-12-02,31.850000381469727,33.099998474121094,31.100000381469727,32.95000076293945,10670633
2011-12-05,33.0,33.0,31.649999618530273,31.850000381469727,7196669
2011-12-07,31.950000762939453,32.150001525878906,30.450000762939453,30.649999618530273,11049385
2011-12-08,31.200000762939453,31.200000762939453,29.0,29.100000381469727,14273530
2011-12-09,29.0,29.5,28.100000381469727,28.549999237060547,8037286
2011-12-12,29.450000762939453,29.450000762939453,28.399999618530273,28.600000381469727,7413603
2011-12-13,28.299999237060547,29.0,27.950000762939453,28.399999618530273,10763046
2011-12-14,27.350000381469727,28.700000762939453,27.100000381469727,27.350000381469727,8034109
2011-12-15,27.0,27.200000762939453,25.5,26.049999237060547,10561396
2011-12-16,26.399999618530273,26.399999618530273,23.600000381469727,23.899999618530273,18442087
2011-12-19,23.649999618530273,25.5,22.700000762939453,25.25,19559299
2011-12-20,25.200000762939453,25.700000762939453,23.950000762939453,24.049999237060547,8218858
2011-12-21,25.0,25.899999618530273,24.299999237060547,25.0,5935599
2011-12-22,25.049999237060547,26.5,24.950000762939453,26.299999237060547,11839384
2011-12-23,26.5,27.399999618530273,26.0,26.149999618530273,10942519
2011-12-26,26.100000381469727,26.75,25.299999237060547,25.850000381469727,7946021
2011-12-27,26.0,26.350000381469727,24.799999237060547,25.149999618530273,7340963
2011-12-28,27.0,27.0,24.450000762939453,25.149999618530273,7363895
2011-12-29,23.649999618530273,25.149999618530273,23.649999618530273,24.75,5523262
2011-12-30,24.899999618530273,26.0,24.75,25.100000381469727,6240191
2012-01-02,25.75,25.75,23.899999618530273,24.75,5801776
2012-01-03,25.0,26.049999237060547,25.0,25.899999618530273,5430784
2012-01-04,26.0,26.700000762939453,25.600000381469727,25.850000381469727,7189651
2012-01-05,26.049999237060547,26.399999618530273,24.850000381469727,25.149999618530273,5751292
2012-01-06,25.0,26.049999237060547,24.0,25.700000762939453,9429826
2012-01-09,26.5,28.75,26.0,28.549999237060547,20642633
2012-01-10,28.799999237060547,29.950000762939453,28.649999618530273,29.5,14194281
2012-01-11,28.0,30.850000381469727,28.0,30.25,13872746
2012-01-12,30.5,32.70000076293945,29.75,32.349998474121094,16031415
2012-01-13,32.70000076293945,33.650001525878906,32.599998474121094,33.04999923706055,14477741
2012-01-16,33.099998474121094,33.5,31.649999618530273,32.29999923706055,7179980
2012-01-17,32.5,33.849998474121094,31.799999237060547,33.349998474121094,18800813
2012-01-18,33.29999923706055,33.900001525878906,32.25,32.900001525878906,8159840
2012-01-19,33.25,34.150001525878906,33.099998474121094,33.650001525878906,7524856
2012-01-20,34.150001525878906,35.75,34.0,34.650001525878906,14866312
2012-01-23,34.0,35.29999923706055,34.0,34.599998474121094,6240212
2012-01-24,34.900001525878906,35.75,34.599998474121094,35.25,7100515
2012-01-25,35.400001525878906,37.0,35.400001525878906,36.79999923706055,10752171
2012-01-27,37.099998474121094,39.45000076293945,37.099998474121094,39.25,18195504
2012-01-30,40.0,40.849998474121094,36.75,37.25,27424376
2012-01-31,37.349998474121094,38.45000076293945,37.0,38.04999923706055,14542173
2012-02-01,38.0,40.099998474121094,37.400001525878906,39.70000076293945,13682362
2012-02-02,40.45000076293945,40.70000076293945,38.150001525878906,38.849998474121094,9119003
2012-02-03,38.849998474121094,39.75,38.400001525878906,39.25,5701105
2012-02-06,39.45000076293945,40.599998474121094,39.099998474121094,39.5,6714627
2012-02-07,40.400001525878906,41.5,39.5,40.099998474121094,15009877
2012-02-08,42.099998474121094,42.099998474121094,39.70000076293945,40.25,10725764
2012-02-09,40.25,40.25,38.849998474121094,39.5,7123408
2012-02-10,38.0,40.29999923706055,37.29999923706055,38.79999923706055,11276509
2012-02-13,38.79999923706055,39.20000076293945,36.70000076293945,37.150001525878906,9760592
2012-02-14,37.150001525878906,40.099998474121094,36.400001525878906,39.599998474121094,17797148
2012-02-15,40.25,41.650001525878906,40.0,40.70000076293945,15922092
2012-02-16,41.0,41.599998474121094,39.5,39.79999923706055,14018192
2012-02-17,40.5,41.599998474121094,39.0,39.650001525878906,18226107
2012-02-21,39.900001525878906,41.0,39.099998474121094,40.5,10195242
2012-02-22,40.79999923706055,42.29999923706055,36.150001525878906,37.400001525878906,19951650
2012-02-23,37.79999923706055,38.95000076293945,36.5,38.5,12629672
2012-02-24,39.0,39.5,37.099998474121094,37.650001525878906,8156935
2012-02-27,37.70000076293945,37.900001525878906,35.150001525878906,35.599998474121094,10595299
2012-02-28,35.900001525878906,37.400001525878906,35.650001525878906,37.0,7386460
2012-02-29,37.29999923706055,38.29999923706055,36.29999923706055,37.79999923706055,9141317
2012-03-01,37.79999923706055,38.95000076293945,37.349998474121094,38.099998474121094,8574864
2012-03-02,38.5,39.5,37.79999923706055,39.0,8058039
2012-03-05,41.400001525878906,41.400001525878906,38.349998474121094,38.79999923706055,7414089
2012-03-06,38.849998474121094,39.70000076293945,35.849998474121094,36.5,8189269
2012-03-07,36.099998474121094,37.20000076293945,35.650001525878906,36.70000076293945,7173623
2012-03-09,37.29999923706055,37.75,36.79999923706055,37.0,6666949
2012-03-12,37.599998474121094,37.95000076293945,36.95000076293945,37.75,5293899
2012-03-13,38.45000076293945,38.5,37.400001525878906,38.04999923706055,4095704
2012-03-14,38.599998474121094,38.900001525878906,37.5,37.849998474121094,4809680
2012-03-15,38.20000076293945,38.25,36.349998474121094,37.0,5982943
2012-03-16,37.70000076293945,37.70000076293945,36.150001525878906,36.54999923706055,4576357
2012-03-19,37.099998474121094,37.099998474121094,33.099998474121094,33.599998474121094,9395605
2012-03-20,33.54999923706055,34.20000076293945,32.54999923706055,33.29999923706055,7918902
2012-03-21,33.849998474121094,35.45000076293945,33.400001525878906,35.099998474121094,6673902
2012-03-22,34.849998474121094,35.349998474121094,32.400001525878906,32.599998474121094,10058851
2012-03-23,32.5,33.599998474121094,32.5,32.849998474121094,6722744
2012-03-26,33.29999923706055,33.5,30.200000762939453,30.450000762939453,16532490
2012-03-27,31.0,32.099998474121094,30.799999237060547,31.100000381469727,13622555
2012-03-28,31.0,31.100000381469727,30.049999237060547,30.25,5448959
2012-03-29,29.75,30.200000762939453,29.549999237060547,29.75,6410178
2012-03-30,29.899999618530273,31.799999237060547,29.75,31.549999237060547,7871137
2012-04-02,31.799999237060547,32.400001525878906,31.350000381469727,31.799999237060547,5409799
2012-04-03,32.20000076293945,32.25,30.950000762939453,31.5,6506312
2012-04-04,31.200000762939453,31.950000762939453,31.0,31.700000762939453,5777076
2012-04-09,31.25,31.600000381469727,30.5,30.649999618530273,5397751
2012-04-10,30.950000762939453,31.600000381469727,30.200000762939453,31.399999618530273,5379255
2012-04-11,30.899999618530273,32.0,30.549999237060547,31.299999237060547,6114808
2012-04-12,31.5,33.29999923706055,31.5,33.150001525878906,12052461
2012-04-13,33.5,34.099998474121094,32.29999923706055,32.599998474121094,10463016
2012-04-16,32.20000076293945,33.599998474121094,32.20000076293945,32.900001525878906,5639648
2012-04-17,33.25,33.349998474121094,32.099998474121094,33.0,5512005
2012-04-18,33.5,34.0,33.150001525878906,33.70000076293945,8113573
2012-04-19,33.70000076293945,34.400001525878906,33.650001525878906,33.900001525878906,5804415
2012-04-20,33.849998474121094,33.849998474121094,31.950000762939453,32.45000076293945,5330549
2012-04-23,32.45000076293945,32.45000076293945,30.350000381469727,30.600000381469727,5510720
2012-04-24,30.899999618530273,30.899999618530273,29.899999618530273,30.399999618530273,4354179
2012-04-25,30.399999618530273,31.299999237060547,30.399999618530273,31.0,7265483
2012-04-26,31.0,31.299999237060547,30.149999618530273,30.549999237060547,8681383
2012-04-27,30.700000762939453,31.299999237060547,30.299999237060547,30.899999618530273,5115922
2012-04-30,31.899999618530273,32.099998474121094,30.850000381469727,31.799999237060547,3629620
2012-05-02,31.899999618530273,32.150001525878906,30.649999618530273,30.799999237060547,4710844
2012-05-03,31.700000762939453,32.849998474121094,31.5,32.150001525878906,11425899
2012-05-04,32.45000076293945,32.54999923706055,30.700000762939453,31.0,6699568
2012-05-07,29.350000381469727,31.549999237060547,29.0,31.200000762939453,10151031
2012-05-08,35.0,35.0,30.200000762939453,30.5,6420686
2012-05-09,30.450000762939453,30.450000762939453,27.700000762939453,28.799999237060547,12379564
2012-05-10,28.75,29.950000762939453,28.100000381469727,29.200000762939453,6351485
2012-05-11,28.75,29.100000381469727,28.0,28.700000762939453,4692990
2012-05-14,28.950000762939453,29.399999618530273,27.899999618530273,28.299999237060547,3685896
2012-05-15,28.0,29.299999237060547,27.899999618530273,28.899999618530273,4751571
2012-05-16,28.450000762939453,28.899999618530273,27.899999618530273,28.350000381469727,3475933
2012-05-17,28.799999237060547,29.25,28.200000762939453,28.799999237060547,4090129
2012-05-18,28.649999618530273,28.700000762939453,27.600000381469727,28.299999237060547,4643003
2012-05-21,29.0,29.0,28.399999618530273,28.600000381469727,1995904
2012-05-22,29.100000381469727,29.350000381469727,28.0,28.299999237060547,2930411
2012-05-23,28.299999237060547,28.299999237060547,27.100000381469727,27.200000762939453,4314098
2012-05-24,27.25,27.5,26.299999237060547,26.850000381469727,6919637
2012-05-25,27.0,27.399999618530273,26.649999618530273,26.799999237060547,5110725
2012-05-28,26.950000762939453,27.399999618530273,26.700000762939453,27.200000762939453,3213528
2012-05-29,27.350000381469727,27.600000381469727,27.100000381469727,27.25,3203921
2012-05-30,27.0,27.0,26.0,26.149999618530273,6230374
2012-05-31,25.899999618530273,26.950000762939453,25.399999618530273,26.350000381469727,7167924
2012-06-01,26.549999237060547,26.75,25.399999618530273,25.700000762939453,4024245
2012-06-04,25.399999618530273,26.100000381469727,25.100000381469727,25.899999618530273,3698368
2012-06-05,25.950000762939453,26.149999618530273,25.200000762939453,25.5,4077028
2012-06-06,25.350000381469727,26.450000762939453,25.25,26.200000762939453,5036066
2012-06-07,26.899999618530273,28.299999237060547,26.549999237060547,27.850000381469727,7546017
2012-06-08,28.200000762939453,28.549999237060547,27.5,28.049999237060547,6472153
2012-06-11,28.100000381469727,28.450000762939453,27.200000762939453,27.399999618530273,3843643
2012-06-12,27.100000381469727,28.100000381469727,27.049999237060547,27.950000762939453,3449864
2012-06-13,27.899999618530273,28.600000381469727,27.549999237060547,27.799999237060547,4093635
2012-06-14,27.75,27.950000762939453,27.049999237060547,27.200000762939453,2994431
2012-06-15,27.5,28.5,27.200000762939453,28.350000381469727,3975560
2012-06-18,28.350000381469727,28.799999237060547,27.200000762939453,27.600000381469727,4606067
2012-06-19,27.649999618530273,28.100000381469727,27.25,27.700000762939453,2184301
2012-06-20,28.049999237060547,28.700000762939453,27.799999237060547,28.549999237060547,3504691
2012-06-21,28.700000762939453,29.200000762939453,28.100000381469727,29.0,4864134
2012-06-22,28.700000762939453,30.700000762939453,28.600000381469727,30.450000762939453,13005560
2012-06-25,30.450000762939453,31.799999237060547,29.5,29.899999618530273,6618381
2012-06-26,30.200000762939453,30.5,29.649999618530273,30.049999237060547,3554075
2012-06-27,31.0,31.299999237060547,30.399999618530273,30.649999618530273,5309676
2012-06-28,30.950000762939453,31.399999618530273,30.25,30.799999237060547,7860130
2012-06-29,31.100000381469727,31.950000762939453,30.950000762939453,31.600000381469727,5821688
2012-07-02,32.20000076293945,32.75,31.299999237060547,32.45000076293945,6192732
2012-07-03,32.54999923706055,33.45000076293945,32.5,33.150001525878906,6211067
2012-07-04,33.70000076293945,33.75,32.45000076293945,32.95000076293945,6460832
2012-07-05,33.0,35.20000076293945,32.79999923706055,34.599998474121094,11396263
2012-07-06,34.849998474121094,35.400001525878906,33.400001525878906,34.900001525878906,11964087
2012-07-09,34.29999923706055,35.0,33.900001525878906,34.20000076293945,6583471
2012-07-10,34.29999923706055,34.75,33.79999923706055,34.25,7634586
2012-07-11,34.79999923706055,34.79999923706055,33.5,33.75,5559523
2012-07-12,33.70000076293945,34.599998474121094,33.20000076293945,34.400001525878906,11520570
2012-07-13,34.650001525878906,34.849998474121094,33.75,33.95000076293945,6566538
2012-07-16,35.0,35.0,33.70000076293945,33.900001525878906,8544846
2012-07-17,34.0,34.45000076293945,32.0,32.150001525878906,10253757
2012-07-18,32.25,33.25,31.299999237060547,32.79999923706055,8469330
2012-07-19,33.20000076293945,33.400001525878906,32.400001525878906,32.900001525878906,5299913
2012-07-20,32.79999923706055,32.849998474121094,32.20000076293945,32.29999923706055,3900224
2012-07-23,32.25,32.95000076293945,31.799999237060547,32.45000076293945,5780163
2012-07-24,32.70000076293945,34.0,32.20000076293945,33.849998474121094,8959062
2012-07-25,34.20000076293945,34.20000076293945,33.0,33.25,7503452
2012-07-26,33.5,33.5,30.600000381469727,31.0,12218104
2012-07-27,31.5,31.899999618530273,29.100000381469727,29.399999618530273,7678031
2012-07-30,33.900001525878906,33.900001525878906,29.049999237060547,30.700000762939453,5177190
2012-07-31,31.350000381469727,31.450000762939453,30.149999618530273,30.899999618530273,5265591
2012-08-01,31.0,32.150001525878906,30.600000381469727,31.899999618530273,6345401
2012-08-02,32.25,32.45000076293945,31.75,32.0,4478877
2012-08-03,31.600000381469727,33.20000076293945,31.600000381469727,33.099998474121094,8257719
2012-08-06,33.79999923706055,34.849998474121094,33.5,34.349998474121094,14291296
2012-08-07,34.70000076293945,34.79999923706055,33.25,33.5,8165737
2012-08-08,33.75,34.04999923706055,32.45000076293945,32.650001525878906,6819614
2012-08-09,32.5,33.0,31.399999618530273,31.700000762939453,10316807
2012-08-10,31.450000762939453,32.650001525878906,31.200000762939453,32.29999923706055,7183426
2012-08-13,32.400001525878906,33.25,32.099998474121094,32.95000076293945,5857997
2012-08-14,32.70000076293945,33.25,32.04999923706055,32.70000076293945,5278570
2012-08-16,32.29999923706055,32.400001525878906,31.700000762939453,32.099998474121094,6587054
2012-08-17,32.29999923706055,33.900001525878906,32.099998474121094,33.70000076293945,14187424
2012-08-21,34.29999923706055,34.349998474121094,33.349998474121094,33.5,8762556
2012-08-22,33.5,33.95000076293945,32.0,32.20000076293945,10693518
2012-08-23,32.20000076293945,32.599998474121094,30.899999618530273,31.5,8259939
2012-08-24,31.0,32.20000076293945,30.950000762939453,31.549999237060547,4711173
2012-08-27,31.75,31.950000762939453,30.25,30.350000381469727,7692153
2012-08-28,30.200000762939453,30.5,29.5,30.149999618530273,7209271
2012-08-29,30.5,30.899999618530273,29.75,29.950000762939453,5712284
2012-08-30,29.950000762939453,30.450000762939453,29.399999618530273,30.049999237060547,5440270
2012-08-31,30.0,30.649999618530273,30.0,30.450000762939453,4023931
2012-09-03,30.700000762939453,31.950000762939453,30.350000381469727,31.850000381469727,6600086
2012-09-04,32.0,32.400001525878906,31.549999237060547,32.04999923706055,4758981
2012-09-05,32.0,32.20000076293945,31.299999237060547,31.649999618530273,3085950
2012-09-06,32.0,32.20000076293945,31.149999618530273,31.75,2821964
2012-09-07,32.04999923706055,32.349998474121094,31.450000762939453,31.700000762939453,2426660
2012-09-10,32.0,33.099998474121094,31.75,32.95000076293945,5729426
2012-09-11,32.95000076293945,33.79999923706055,32.75,33.650001525878906,8256003
2012-09-12,33.900001525878906,35.5,32.45000076293945,32.70000076293945,5908822
2012-09-13,32.900001525878906,33.150001525878906,32.150001525878906,32.349998474121094,4182833
2012-09-14,32.54999923706055,33.0,32.45000076293945,32.75,3891218
2012-09-17,33.400001525878906,33.75,32.29999923706055,33.29999923706055,6924447
2012-09-18,33.150001525878906,35.650001525878906,33.04999923706055,35.29999923706055,22076902
2012-09-20,35.95000076293945,36.45000076293945,34.150001525878906,35.70000076293945,15994080
2012-09-21,35.75,37.0,35.75,36.349998474121094,15216690
2012-09-24,36.54999923706055,38.25,36.5,37.400001525878906,17314294
2012-09-25,36.75,36.900001525878906,35.0,35.150001525878906,9653161
2012-09-26,35.25,36.5,34.349998474121094,35.04999923706055,6336553
2012-09-27,35.25,36.04999923706055,35.150001525878906,35.70000076293945,8474916
2012-09-28,35.20000076293945,36.70000076293945,35.20000076293945,36.04999923706055,6542334
2012-10-01,36.0,37.04999923706055,36.0,36.849998474121094,6704837
2012-10-03,37.099998474121094,37.54999923706055,36.70000076293945,37.25,7385327
2012-10-04,37.75,38.400001525878906,37.20000076293945,37.349998474121094,7902274
2012-10-05,37.900001525878906,37.900001525878906,35.5,35.95000076293945,9977149
2012-10-08,35.79999923706055,36.099998474121094,34.650001525878906,34.79999923706055,7123396
2012-10-09,35.29999923706055,36.0,35.04999923706055,35.650001525878906,4102923
2012-10-10,36.20000076293945,36.20000076293945,34.900001525878906,35.20000076293945,5643633
2012-10-11,35.599998474121094,36.95000076293945,35.20000076293945,36.70000076293945,8612605
2012-10-12,37.79999923706055,37.900001525878906,36.150001525878906,36.349998474121094,18395301
2012-10-15,36.599998474121094,37.099998474121094,36.25,36.599998474121094,8126999
2012-10-16,36.70000076293945,37.04999923706055,35.0,35.20000076293945,7140902
2012-10-17,35.5,35.599998474121094,33.900001525878906,34.70000076293945,5843366
2012-10-18,34.849998474121094,35.45000076293945,34.25,35.099998474121094,6535342
2012-10-19,35.5,35.5,34.099998474121094,34.45000076293945,9196354
2012-10-22,34.20000076293945,34.45000076293945,33.70000076293945,34.04999923706055,6746570
2012-10-23,34.099998474121094,34.20000076293945,32.650001525878906,32.79999923706055,10180943
2012-10-25,32.95000076293945,32.95000076293945,32.0,32.29999923706055,9641820
2012-10-29,31.549999237060547,31.799999237060547,30.350000381469727,30.649999618530273,13070630
2012-10-30,30.549999237060547,31.399999618530273,30.450000762939453,30.649999618530273,8685786
2012-10-31,31.100000381469727,31.549999237060547,30.75,31.450000762939453,6312000
2012-11-01,31.600000381469727,32.20000076293945,31.600000381469727,31.799999237060547,5659243
2012-11-02,32.0,32.29999923706055,31.200000762939453,31.5,6076585
2012-11-05,31.450000762939453,32.099998474121094,31.049999237060547,31.600000381469727,7628028
2012-11-06,31.299999237060547,31.850000381469727,31.149999618530273,31.700000762939453,4097670
2012-11-07,32.5,32.5,31.299999237060547,32.04999923706055,5530086
2012-11-08,31.850000381469727,32.099998474121094,31.450000762939453,31.799999237060547,3806138
2012-11-09,32.0,32.0,31.0,31.200000762939453,4216093
2012-11-12,30.649999618530273,31.700000762939453,30.649999618530273,31.450000762939453,4386698
2012-11-15,30.899999618530273,32.099998474121094,30.600000381469727,31.899999618530273,7681326
2012-11-16,32.099998474121094,32.29999923706055,30.549999237060547,30.899999618530273,5639793
2012-11-19,31.100000381469727,31.100000381469727,30.049999237060547,30.450000762939453,3977535
2012-11-20,30.700000762939453,30.75,29.25,29.600000381469727,5535551
2012-11-21,29.149999618530273,30.149999618530273,29.0,29.700000762939453,6699238
2012-11-22,29.700000762939453,29.850000381469727,28.899999618530273,29.299999237060547,6750836
2012-11-23,29.700000762939453,30.0,29.049999237060547,29.200000762939453,8986996
2012-11-26,30.0,30.0,28.450000762939453,28.600000381469727,4890033
2012-11-27,28.899999618530273,29.549999237060547,28.75,29.149999618530273,6165037
2012-11-29,29.299999237060547,29.450000762939453,29.0,29.100000381469727,6616028
2012-11-30,29.149999618530273,31.450000762939453,29.149999618530273,31.200000762939453,13673568
2012-12-03,31.649999618530273,31.899999618530273,31.25,31.600000381469727,5620817
2012-12-04,31.799999237060547,32.0,30.799999237060547,31.600000381469727,4965540
2012-12-05,32.099998474121094,33.5,31.5,33.099998474121094,14132663
2012-12-06,33.400001525878906,34.099998474121094,32.400001525878906,33.70000076293945,10420206
2012-12-07,33.79999923706055,34.54999923706055,33.45000076293945,34.099998474121094,12939856
2012-12-10,34.099998474121094,34.099998474121094,32.650001525878906,33.25,13177308
2012-12-11,33.25,33.54999923706055,31.75,32.29999923706055,10699936
2012-12-12,32.45000076293945,33.099998474121094,31.850000381469727,32.599998474121094,8169340
2012-12-13,32.70000076293945,32.75,31.25,31.450000762939453,6082293
2012-12-14,31.950000762939453,31.950000762939453,30.899999618530273,31.299999237060547,6192650
2012-12-17,31.5,31.5,30.149999618530273,30.450000762939453,5758204
2012-12-18,30.450000762939453,31.5,30.25,30.799999237060547,5828934
2012-12-19,31.5,31.5,30.649999618530273,30.850000381469727,5287918
2012-12-20,30.5,31.049999237060547,30.0,30.549999237060547,3835947
2012-12-21,30.5,31.200000762939453,30.200000762939453,30.399999618530273,6139807
2012-12-24,30.200000762939453,31.049999237060547,30.0,30.75,5647329
2012-12-26,30.799999237060547,31.25,30.649999618530273,30.850000381469727,5846569
2012-12-27,31.149999618530273,31.350000381469727,30.450000762939453,30.700000762939453,8400123
2012-12-28,31.0,31.299999237060547,30.850000381469727,31.149999618530273,6297589
2012-12-31,31.149999618530273,31.899999618530273,31.0,31.75,4736106
2013-01-01,32.0,32.400001525878906,31.850000381469727,32.04999923706055,4534346
2013-01-02,32.349998474121094,32.900001525878906,31.899999618530273,32.650001525878906,6699708
2013-01-03,33.0,33.099998474121094,32.349998474121094,32.95000076293945,6700546
2013-01-04,32.79999923706055,33.29999923706055,32.099998474121094,32.599998474121094,12106852
2013-01-07,33.0,34.0,32.70000076293945,33.54999923706055,7776720
2013-01-08,33.650001525878906,34.400001525878906,33.5,34.0,12145103
2013-01-09,34.0,34.150001525878906,32.25,32.54999923706055,10156169
2013-01-10,32.70000076293945,33.0,31.649999618530273,31.75,7904826
2013-01-11,31.549999237060547,31.950000762939453,30.25,30.450000762939453,9854016
2013-01-14,30.549999237060547,31.350000381469727,30.299999237060547,31.25,8626239
2013-01-15,31.399999618530273,32.29999923706055,31.0,31.600000381469727,8811798
2013-01-16,31.700000762939453,32.400001525878906,30.549999237060547,30.75,11332571
2013-01-17,31.0,31.350000381469727,30.600000381469727,31.049999237060547,5595988
2013-01-18,31.350000381469727,31.5,30.399999618530273,30.799999237060547,5879076
2013-01-21,30.799999237060547,31.700000762939453,30.799999237060547,31.450000762939453,4477024
2013-01-22,31.399999618530273,31.649999618530273,30.100000381469727,30.399999618530273,5932154
2013-01-23,30.5,30.649999618530273,29.149999618530273,29.799999237060547,6822528
2013-01-24,29.799999237060547,30.200000762939453,27.5,27.899999618530273,7442526
2013-01-25,27.899999618530273,28.950000762939453,26.899999618530273,28.700000762939453,8810503
2013-01-28,28.700000762939453,28.899999618530273,27.899999618530273,28.299999237060547,4470385
2013-01-29,28.299999237060547,29.25,28.049999237060547,28.399999618530273,6636094
2013-01-30,28.399999618530273,29.049999237060547,27.649999618530273,28.450000762939453,7433912
2013-01-31,28.25,29.450000762939453,28.0,29.299999237060547,8659812
2013-02-01,28.75,30.299999237060547,28.399999618530273,29.700000762939453,10898279
2013-02-04,29.899999618530273,30.100000381469727,28.049999237060547,28.200000762939453,5897596
2013-02-05,27.799999237060547,28.700000762939453,27.25,28.350000381469727,5640985
2013-02-06,29.0,30.0,28.75,29.799999237060547,9958297
2013-02-07,30.049999237060547,30.350000381469727,29.0,29.450000762939453,7792632
2013-02-08,29.0,29.649999618530273,28.5,28.649999618530273,5101095
2013-02-11,28.700000762939453,28.799999237060547,27.899999618530273,28.100000381469727,4300278
2013-02-12,28.200000762939453,28.350000381469727,27.399999618530273,27.799999237060547,4353888
2013-02-13,27.799999237060547,28.450000762939453,27.100000381469727,27.25,5659981
2013-02-14,27.299999237060547,27.299999237060547,26.149999618530273,26.350000381469727,5190895
2013-02-15,26.200000762939453,27.649999618530273,26.0,27.450000762939453,7342998
2013-02-18,27.5,29.049999237060547,27.25,28.799999237060547,6718333
2013-02-19,28.75,29.299999237060547,28.299999237060547,28.799999237060547,6619730
2013-02-20,28.799999237060547,29.450000762939453,28.5,28.799999237060547,5784414
2013-02-21,28.700000762939453,28.700000762939453,27.600000381469727,27.75,4296980
2013-02-22,27.899999618530273,28.25,27.0,27.700000762939453,4936499
2013-02-25,27.700000762939453,28.100000381469727,26.600000381469727,27.149999618530273,4031410
2013-02-26,27.0,27.200000762939453,25.899999618530273,26.049999237060547,5833785
2013-02-27,26.700000762939453,26.700000762939453,25.700000762939453,26.549999237060547,6776257
2013-02-28,26.850000381469727,27.149999618530273,22.600000381469727,23.75,14602199
2013-03-01,23.75,24.75,23.5,24.200000762939453,8579372
2013-03-04,24.350000381469727,24.350000381469727,23.5,23.899999618530273,5523625
2013-03-05,24.25,25.299999237060547,24.200000762939453,25.049999237060547,6450569
2013-03-06,25.200000762939453,26.0,25.149999618530273,25.350000381469727,5780197
2013-03-07,25.350000381469727,25.600000381469727,24.850000381469727,25.399999618530273,3305472
2013-03-08,25.600000381469727,26.049999237060547,24.950000762939453,25.75,5017869
2013-03-11,26.0,26.549999237060547,26.0,26.350000381469727,4794721
2013-03-12,26.75,27.299999237060547,26.5,27.049999237060547,6758855
2013-03-13,27.149999618530273,27.549999237060547,26.5,26.850000381469727,7822567
2013-03-14,27.0,27.149999618530273,26.100000381469727,26.950000762939453,7074375
2013-03-15,26.950000762939453,26.950000762939453,26.100000381469727,26.5,6234031
2013-03-18,26.5,27.200000762939453,26.200000762939453,26.850000381469727,5943705
2013-03-19,27.100000381469727,27.450000762939453,24.799999237060547,25.100000381469727,8779860
2013-03-20,25.100000381469727,25.100000381469727,22.850000381469727,23.25,9280542
2013-03-21,23.950000762939453,23.950000762939453,22.299999237060547,22.600000381469727,9283588
2013-03-22,22.600000381469727,23.049999237060547,21.600000381469727,22.299999237060547,7230811
2013-03-25,23.049999237060547,23.25,22.0,22.149999618530273,6029830
2013-03-26,22.100000381469727,22.5,21.100000381469727,21.5,12307314
2013-03-28,21.75,22.350000381469727,21.200000762939453,22.200000762939453,14565985
2013-04-01,22.25,23.649999618530273,22.100000381469727,23.5,7399710
2013-04-02,23.600000381469727,24.899999618530273,23.600000381469727,24.75,8241561
2013-04-03,24.200000762939453,24.350000381469727,22.899999618530273,23.350000381469727,8216460
2013-04-04,23.450000762939453,25.350000381469727,23.350000381469727,25.0,14743013
2013-04-05,26.0,26.0,25.399999618530273,25.600000381469727,39699832
2013-04-08,25.899999618530273,26.25,24.600000381469727,24.899999618530273,7188996
2013-04-09,25.049999237060547,25.350000381469727,23.799999237060547,23.950000762939453,7339002
2013-04-10,24.0,24.850000381469727,23.450000762939453,24.5,8134169
2013-04-11,24.299999237060547,24.649999618530273,23.600000381469727,23.850000381469727,7252180
2013-04-12,24.0,25.25,23.25,24.850000381469727,10778908
2013-04-15,24.850000381469727,25.149999618530273,24.200000762939453,24.350000381469727,6721874
2013-04-16,24.049999237060547,25.100000381469727,24.049999237060547,24.850000381469727,4651769
2013-04-17,24.700000762939453,25.100000381469727,24.049999237060547,24.25,4862677
2013-04-18,24.299999237060547,24.799999237060547,24.0,24.600000381469727,5822429
2013-04-22,24.200000762939453,25.350000381469727,24.200000762939453,25.200000762939453,5445904
2013-04-23,25.399999618530273,25.399999618530273,24.5,24.700000762939453,3222293
2013-04-25,24.299999237060547,25.5,24.299999237060547,25.200000762939453,6891410
2013-04-26,25.5,25.549999237060547,24.299999237060547,24.649999618530273,6625188
2013-04-29,24.649999618530273,25.25,24.25,24.850000381469727,4169064
2013-04-30,24.850000381469727,25.100000381469727,23.600000381469727,24.100000381469727,6237827
2013-05-02,23.950000762939453,24.549999237060547,23.899999618530273,24.200000762939453,4330284
2013-05-03,24.25,24.5,23.649999618530273,24.149999618530273,5109114
2013-05-06,24.200000762939453,25.0,24.049999237060547,24.75,4492806
2013-05-07,24.75,25.450000762939453,24.299999237060547,25.149999618530273,5752352
2013-05-08,25.600000381469727,25.700000762939453,24.850000381469727,24.899999618530273,5724056
2013-05-09,24.899999618530273,25.299999237060547,24.649999618530273,24.75,4432679
2013-05-10,24.75,24.899999618530273,24.5,24.600000381469727,2704868
2013-05-13,24.549999237060547,24.799999237060547,23.5,23.700000762939453,4620452
2013-05-14,23.799999237060547,23.950000762939453,23.450000762939453,23.649999618530273,2928076
2013-05-15,23.649999618530273,24.25,23.649999618530273,24.049999237060547,3126514
2013-05-16,23.700000762939453,24.5,23.700000762939453,24.25,3549385
2013-05-17,24.25,24.450000762939453,23.899999618530273,24.149999618530273,3866251
2013-05-20,24.049999237060547,24.399999618530273,23.5,23.700000762939453,3437404
2013-05-21,23.75,24.049999237060547,23.5,23.600000381469727,2027386
2013-05-22,23.75,24.149999618530273,21.950000762939453,22.350000381469727,7666635
2013-05-23,22.0,22.450000762939453,21.25,21.899999618530273,5431946
2013-05-24,21.700000762939453,22.450000762939453,21.649999618530273,21.950000762939453,3978545
2013-05-27,22.049999237060547,22.299999237060547,21.700000762939453,22.200000762939453,2491677
2013-05-28,22.100000381469727,22.5,22.100000381469727,22.350000381469727,2686431
2013-05-29,22.350000381469727,22.549999237060547,21.5,21.950000762939453,3935095
2013-05-30,22.399999618530273,22.5,21.5,21.700000762939453,8376249
2013-05-31,21.549999237060547,22.049999237060547,21.200000762939453,21.299999237060547,3930664
2013-06-03,21.100000381469727,21.5,20.549999237060547,21.350000381469727,4071751
2013-06-04,21.399999618530273,21.75,21.200000762939453,21.299999237060547,3291864
2013-06-05,21.149999618530273,21.700000762939453,20.799999237060547,21.5,4263201
2013-06-06,21.350000381469727,22.149999618530273,21.100000381469727,22.0,5055369
2013-06-07,21.75,22.0,21.0,21.299999237060547,3940023
2013-06-10,21.149999618530273,21.399999618530273,17.299999237060547,17.700000762939453,18189943
2013-06-11,17.75,18.700000762939453,16.649999618530273,18.25,16584351
2013-06-12,18.450000762939453,19.100000381469727,18.149999618530273,18.600000381469727,6097362
2013-06-13,18.5,18.600000381469727,16.299999237060547,17.049999237060547,6822606
2013-06-14,17.399999618530273,17.5,15.800000190734863,16.549999237060547,15280693
2013-06-17,16.600000381469727,17.0,16.049999237060547,16.799999237060547,5317211
2013-06-18,16.899999618530273,17.399999618530273,16.5,16.799999237060547,5612238
2013-06-19,16.649999618530273,17.299999237060547,16.600000381469727,17.100000381469727,4437394
2013-06-20,16.700000762939453,16.700000762939453,15.699999809265137,15.800000190734863,7483857
2013-06-21,15.550000190734863,16.649999618530273,15.550000190734863,16.350000381469727,8180758
2013-06-24,16.149999618530273,16.299999237060547,15.050000190734863,15.449999809265137,8546094
2013-06-25,15.550000190734863,16.5,15.300000190734863,16.0,7923935
2013-06-26,16.0,16.100000381469727,15.100000381469727,15.199999809265137,9004893
2013-06-27,15.5,15.800000190734863,14.800000190734863,15.300000190734863,16523164
2013-06-28,15.550000190734863,16.149999618530273,15.449999809265137,16.049999237060547,5508533
2013-07-01,16.0,17.049999237060547,15.800000190734863,16.899999618530273,5538124
2013-07-02,16.649999618530273,16.950000762939453,16.100000381469727,16.299999237060547,5996727
2013-07-03,16.200000762939453,17.149999618530273,16.149999618530273,16.75,7867023
2013-07-04,16.899999618530273,16.950000762939453,15.949999809265137,16.600000381469727,7601571
2013-07-05,17.0,17.5,16.649999618530273,17.0,8546002
2013-07-08,16.950000762939453,17.399999618530273,16.450000762939453,17.149999618530273,5625631
2013-07-09,17.5,17.700000762939453,17.049999237060547,17.399999618530273,7923297
2013-07-10,17.549999237060547,18.399999618530273,17.350000381469727,18.049999237060547,11975609
2013-07-11,18.399999618530273,18.399999618530273,18.049999237060547,18.149999618530273,5346952
2013-07-12,18.100000381469727,18.450000762939453,17.75,18.200000762939453,4836756
2013-07-15,18.0,19.399999618530273,17.950000762939453,19.200000762939453,8732845
2013-07-16,18.75,18.899999618530273,18.100000381469727,18.649999618530273,3823933
2013-07-17,18.700000762939453,19.149999618530273,17.850000381469727,18.25,6544572
2013-07-18,18.549999237060547,19.25,18.5,19.149999618530273,6038178
2013-07-19,19.200000762939453,20.5,18.700000762939453,19.899999618530273,9227611
2013-07-22,19.799999237060547,20.549999237060547,19.5,20.350000381469727,7593455
2013-07-23,20.200000762939453,20.600000381469727,19.649999618530273,19.950000762939453,6377026
2013-07-24,19.649999618530273,19.649999618530273,18.200000762939453,18.5,7188401
2013-07-25,18.25,18.799999237060547,17.100000381469727,18.350000381469727,12567122
2013-07-26,18.399999618530273,18.899999618530273,17.549999237060547,18.25,4792077
2013-07-29,18.149999618530273,18.350000381469727,17.350000381469727,17.700000762939453,2788314
2013-07-30,17.75,17.75,16.850000381469727,17.049999237060547,3381947
2013-07-31,16.899999618530273,17.299999237060547,16.149999618530273,16.899999618530273,4509935
2013-08-01,17.0,17.600000381469727,15.5,15.899999618530273,6190127
2013-08-02,15.800000190734863,16.0,15.100000381469727,15.449999809265137,2933389
2013-08-05,15.300000190734863,15.850000381469727,15.100000381469727,15.699999809265137,2209984
2013-08-06,15.699999809265137,15.699999809265137,14.800000190734863,14.949999809265137,3409217
2013-08-07,15.0,16.149999618530273,14.649999618530273,15.949999809265137,4008583
2013-08-08,16.0,16.600000381469727,15.699999809265137,16.450000762939453,2886102
2013-08-12,16.450000762939453,17.049999237060547,16.25,16.600000381469727,3027239
2013-08-13,16.549999237060547,17.299999237060547,16.200000762939453,17.049999237060547,2155387
2013-08-14,17.0,17.149999618530273,16.600000381469727,16.899999618530273,2732169
2013-08-16,15.800000190734863,16.600000381469727,15.75,15.800000190734863,4501927
2013-08-19,15.449999809265137,16.049999237060547,14.850000381469727,15.649999618530273,3263965
2013-08-20,15.350000381469727,16.25,15.25,16.100000381469727,3564118
2013-08-21,16.100000381469727,16.75,14.850000381469727,15.050000190734863,6510257
2013-08-22,15.0,15.5,14.600000381469727,15.300000190734863,5045687
2013-08-23,15.350000381469727,15.600000381469727,14.949999809265137,15.300000190734863,3877193
2013-08-26,15.300000190734863,15.949999809265137,15.300000190734863,15.600000381469727,4227908
2013-08-27,15.649999618530273,15.899999618530273,15.050000190734863,15.399999618530273,4905366
2013-08-28,15.199999809265137,15.449999809265137,14.5,15.100000381469727,5356963
2013-08-29,15.800000190734863,15.800000190734863,15.050000190734863,15.25,9451788
2013-08-30,15.300000190734863,15.75,14.899999618530273,15.300000190734863,4138310
2013-09-02,15.199999809265137,18.25,15.199999809265137,17.75,14468165
2013-09-03,17.799999237060547,18.0,15.850000381469727,16.200000762939453,11386742
2013-09-04,16.5,17.100000381469727,16.149999618530273,16.700000762939453,6013427
2013-09-05,16.75,17.200000762939453,16.600000381469727,16.950000762939453,4053418
2013-09-06,17.0,17.399999618530273,16.799999237060547,16.899999618530273,3399909
2013-09-10,17.350000381469727,17.450000762939453,16.600000381469727,17.0,4027812
2013-09-11,16.850000381469727,17.5,16.850000381469727,17.350000381469727,4729640
2013-09-12,17.450000762939453,18.0,17.049999237060547,17.350000381469727,3946712
2013-09-13,17.25,18.649999618530273,17.25,18.299999237060547,6522075
2013-09-16,19.549999237060547,19.549999237060547,17.899999618530273,18.850000381469727,8235884
2013-09-17,19.049999237060547,19.299999237060547,18.549999237060547,19.049999237060547,5251044
2013-09-18,18.799999237060547,19.149999618530273,18.5,18.899999618530273,8482592
2013-09-19,19.200000762939453,19.5,18.850000381469727,19.25,3854418
2013-09-20,19.350000381469727,19.350000381469727,18.049999237060547,18.75,4516795
2013-09-23,18.75,18.75,17.899999618530273,18.25,3893720
2013-09-24,18.200000762939453,18.649999618530273,18.0,18.200000762939453,2996201
2013-09-25,18.0,18.700000762939453,17.700000762939453,18.0,3894444
2013-09-26,18.200000762939453,19.149999618530273,17.799999237060547,18.75,4286457
2013-09-27,19.0,19.299999237060547,18.600000381469727,18.850000381469727,3147087
2013-09-30,18.700000762939453,19.450000762939453,17.75,19.100000381469727,5607623
2013-10-01,19.5,20.350000381469727,19.149999618530273,20.0,9080307
2013-10-03,20.299999237060547,20.75,19.950000762939453,20.350000381469727,6389856
2013-10-04,20.200000762939453,20.450000762939453,19.700000762939453,19.850000381469727,4844914
2013-10-07,19.799999237060547,19.899999618530273,19.049999237060547,19.450000762939453,2967661
2013-10-08,19.5,19.799999237060547,18.950000762939453,19.299999237060547,3256181
2013-10-09,19.100000381469727,20.200000762939453,19.049999237060547,19.950000762939453,2762398
2013-10-10,19.899999618530273,20.5,19.799999237060547,20.0,3175283
2013-10-11,20.100000381469727,20.350000381469727,19.25,19.450000762939453,3993683
2013-10-14,19.399999618530273,19.799999237060547,19.25,19.399999618530273,2739397
2013-10-15,19.5,19.600000381469727,18.649999618530273,18.899999618530273,5172282
2013-10-17,18.75,19.850000381469727,18.649999618530273,18.75,9428249
2013-10-18,18.950000762939453,19.450000762939453,18.700000762939453,19.0,6892719
2013-10-21,19.049999237060547,19.75,19.0,19.450000762939453,9714325
2013-10-22,19.600000381469727,22.399999618530273,19.600000381469727,21.450000762939453,27286533
2013-10-23,21.75,23.25,21.200000762939453,22.850000381469727,18326533
2013-10-24,22.899999618530273,24.399999618530273,22.700000762939453,23.25,21475914
2013-10-25,23.399999618530273,23.850000381469727,22.700000762939453,23.25,10951582
2013-10-28,23.549999237060547,24.5,23.399999618530273,24.200000762939453,13358404
2013-10-29,24.399999618530273,24.399999618530273,22.549999237060547,22.75,15585212
2013-10-30,22.600000381469727,22.950000762939453,21.799999237060547,22.149999618530273,13553753
2013-10-31,22.25,23.200000762939453,21.549999237060547,22.450000762939453,38269289
2013-11-01,22.799999237060547,23.0,22.25,22.399999618530273,6342983
2013-11-05,23.200000762939453,23.950000762939453,22.649999618530273,22.799999237060547,8866424
2013-11-06,22.799999237060547,22.899999618530273,22.100000381469727,22.399999618530273,4705139
2013-11-07,22.25,23.149999618530273,22.25,22.5,6003011
2013-11-08,22.5,22.649999618530273,22.049999237060547,22.299999237060547,3088597
2013-11-11,22.299999237060547,22.549999237060547,21.700000762939453,21.850000381469727,1872080
2013-11-12,22.200000762939453,22.25,21.0,21.100000381469727,3652556
2013-11-13,21.100000381469727,21.100000381469727,19.350000381469727,19.700000762939453,3948441
2013-11-14,19.700000762939453,20.5,19.700000762939453,20.450000762939453,3104824
2013-11-18,21.5,21.5,20.100000381469727,20.299999237060547,3142879
2013-11-19,20.350000381469727,20.399999618530273,19.700000762939453,19.799999237060547,2938360
2013-11-20,20.149999618530273,22.399999618530273,20.100000381469727,21.399999618530273,21702032
2013-11-21,21.299999237060547,21.899999618530273,20.200000762939453,20.399999618530273,9889305
2013-11-22,20.5,21.100000381469727,20.049999237060547,20.399999618530273,5633963
2013-11-25,20.700000762939453,21.200000762939453,20.5,20.950000762939453,3606372
2013-11-26,21.049999237060547,21.399999618530273,20.100000381469727,20.350000381469727,4267865
2013-11-27,20.700000762939453,21.100000381469727,20.299999237060547,20.600000381469727,3210976
2013-11-28,20.450000762939453,21.450000762939453,20.200000762939453,20.950000762939453,7908446
2013-11-29,20.799999237060547,20.850000381469727,20.450000762939453,20.549999237060547,2927280
2013-12-02,20.299999237060547,20.950000762939453,20.100000381469727,20.200000762939453,2521517
2013-12-03,20.100000381469727,21.549999237060547,19.899999618530273,21.200000762939453,9743579
2013-12-04,21.299999237060547,22.149999618530273,21.25,21.399999618530273,7996928
2013-12-05,21.799999237060547,21.899999618530273,20.700000762939453,21.049999237060547,4035943
2013-12-06,21.549999237060547,22.5,21.450000762939453,22.100000381469727,11470729
2013-12-09,22.799999237060547,22.799999237060547,21.350000381469727,21.549999237060547,4018125
2013-12-10,21.5,21.700000762939453,21.049999237060547,21.149999618530273,2356683
2013-12-11,21.0,21.700000762939453,20.700000762939453,21.299999237060547,4141756
2013-12-12,21.399999618530273,21.450000762939453,20.799999237060547,20.899999618530273,2055027
2013-12-13,20.700000762939453,21.100000381469727,20.5,20.600000381469727,2034822
2013-12-16,20.850000381469727,20.850000381469727,19.950000762939453,20.049999237060547,2011738
2013-12-17,20.0,20.350000381469727,19.600000381469727,19.75,5951917
2013-12-18,19.950000762939453,20.200000762939453,19.600000381469727,19.700000762939453,4036827
2013-12-19,20.0,20.149999618530273,19.600000381469727,19.700000762939453,5903615
2013-12-20,20.0,20.25,19.700000762939453,19.950000762939453,6438538
2013-12-23,20.0,20.399999618530273,19.75,19.850000381469727,3414826
2013-12-24,20.0,20.200000762939453,19.799999237060547,19.899999618530273,2104642
2013-12-26,20.0,20.75,19.950000762939453,20.299999237060547,5003270
2013-12-27,20.450000762939453,20.649999618530273,20.0,20.100000381469727,3050730
2013-12-30,20.100000381469727,20.25,19.899999618530273,20.0,1539901
2013-12-31,20.049999237060547,20.399999618530273,19.899999618530273,20.0,2380949
2014-01-01,20.0,20.299999237060547,19.799999237060547,19.899999618530273,2241127
2014-01-02,19.799999237060547,20.100000381469727,19.100000381469727,19.200000762939453,5009876
2014-01-03,19.200000762939453,19.299999237060547,18.600000381469727,19.0,4869595
2014-01-06,19.049999237060547,19.899999618530273,18.899999618530273,19.700000762939453,6366724
2014-01-07,20.200000762939453,22.399999618530273,19.899999618530273,21.850000381469727,29184469
2014-01-08,22.149999618530273,22.450000762939453,21.049999237060547,21.299999237060547,11009593
2014-01-09,21.5,22.299999237060547,21.149999618530273,21.549999237060547,7013203
2014-01-10,21.549999237060547,21.649999618530273,20.399999618530273,20.600000381469727,4351634
2014-01-13,21.350000381469727,21.450000762939453,20.600000381469727,20.799999237060547,3920230
2014-01-14,20.799999237060547,21.950000762939453,20.399999618530273,21.75,7339747
2014-01-15,22.0,22.399999618530273,21.549999237060547,21.950000762939453,7903766
2014-01-16,22.049999237060547,22.450000762939453,21.200000762939453,21.350000381469727,6626433
2014-01-17,21.350000381469727,21.549999237060547,20.850000381469727,21.149999618530273,4320456
2014-01-20,21.299999237060547,21.350000381469727,20.850000381469727,20.950000762939453,1363737
2014-01-21,20.950000762939453,21.25,20.549999237060547,20.649999618530273,1646842
2014-01-22,20.700000762939453,20.950000762939453,20.5,20.549999237060547,1370229
2014-01-23,20.5,20.899999618530273,19.700000762939453,20.450000762939453,3145511
2014-01-24,20.350000381469727,20.450000762939453,19.799999237060547,19.950000762939453,2463484
2014-01-27,19.75,19.75,18.700000762939453,18.899999618530273,2621150
2014-01-28,19.149999618530273,19.299999237060547,18.75,18.899999618530273,1115912
2014-01-29,19.0,19.399999618530273,18.350000381469727,18.5,3507224
2014-01-30,18.299999237060547,18.799999237060547,18.25,18.549999237060547,2365467
2014-01-31,18.700000762939453,19.100000381469727,18.399999618530273,18.549999237060547,4388166
2014-02-03,18.5,19.799999237060547,18.5,19.25,3313889
2014-02-04,19.25,19.549999237060547,18.950000762939453,19.450000762939453,2289064
2014-02-05,19.350000381469727,20.25,19.0,20.100000381469727,3532156
2014-02-06,20.0,20.399999618530273,19.850000381469727,20.100000381469727,2752272
2014-02-07,20.100000381469727,20.75,20.100000381469727,20.450000762939453,2816740
2014-02-10,20.200000762939453,20.450000762939453,19.600000381469727,19.75,2043021
2014-02-11,19.950000762939453,20.549999237060547,19.850000381469727,20.299999237060547,3123502
2014-02-12,20.100000381469727,20.299999237060547,19.25,19.649999618530273,2063403
2014-02-13,20.350000381469727,20.799999237060547,19.75,20.149999618530273,6761035
2014-02-14,20.049999237060547,20.350000381469727,19.450000762939453,19.799999237060547,1687992
2014-02-17,19.700000762939453,20.25,19.299999237060547,19.950000762939453,2652093
2014-02-18,19.850000381469727,20.600000381469727,19.799999237060547,20.450000762939453,2354342
2014-02-19,20.5,21.799999237060547,20.450000762939453,21.649999618530273,9611214
2014-02-20,22.100000381469727,22.899999618530273,21.75,22.399999618530273,23095924
2014-02-21,20.149999618530273,21.450000762939453,20.149999618530273,21.049999237060547,32345333
2014-02-24,21.0,21.299999237060547,20.899999618530273,21.0,6421122
2014-02-25,21.049999237060547,21.25,21.0,21.100000381469727,5058621
2014-02-26,21.299999237060547,21.700000762939453,21.0,21.049999237060547,5036116
2014-02-28,21.0,21.399999618530273,21.0,21.25,7316445
2014-03-03,21.25,21.350000381469727,21.049999237060547,21.25,3798148
2014-03-04,21.100000381469727,21.450000762939453,21.100000381469727,21.200000762939453,4146900
2014-03-05,21.200000762939453,21.25,21.049999237060547,21.100000381469727,2306080
2014-03-06,21.149999618530273,21.25,21.100000381469727,21.149999618530273,3490977
2014-03-07,21.100000381469727,21.25,21.100000381469727,21.149999618530273,1971407
2014-03-10,21.100000381469727,21.25,20.799999237060547,21.149999618530273,2206646
2014-03-11,21.200000762939453,21.25,21.049999237060547,21.149999618530273,1732786
2014-03-12,21.100000381469727,21.299999237060547,21.100000381469727,21.149999618530273,3148715
2014-03-13,21.200000762939453,22.350000381469727,21.100000381469727,21.399999618530273,16233443
2014-03-14,21.399999618530273,21.799999237060547,21.299999237060547,21.649999618530273,4583475
2014-03-18,21.5,21.899999618530273,21.299999237060547,21.350000381469727,2539623
2014-03-19,21.549999237060547,21.600000381469727,21.149999618530273,21.25,2290383
2014-03-20,21.25,21.600000381469727,21.200000762939453,21.25,4766927
2014-03-21,21.25,21.5,21.200000762939453,21.399999618530273,3439726
2014-03-24,21.25,21.600000381469727,21.200000762939453,21.299999237060547,2266334
2014-03-25,21.299999237060547,21.399999618530273,21.200000762939453,21.299999237060547,1205477
2014-03-26,21.299999237060547,21.450000762939453,21.25,21.350000381469727,3186749
2014-03-27,21.350000381469727,21.450000762939453,21.25,21.299999237060547,1394286
2014-03-28,21.350000381469727,21.600000381469727,21.350000381469727,21.399999618530273,2242161
2014-03-31,21.450000762939453,21.700000762939453,21.399999618530273,21.549999237060547,2132364
2014-04-01,21.649999618530273,22.350000381469727,21.5,21.950000762939453,6540655
2014-04-02,22.100000381469727,22.399999618530273,21.850000381469727,22.149999618530273,4871506
2014-04-03,22.350000381469727,22.350000381469727,21.649999618530273,21.799999237060547,3074981
2014-04-04,21.950000762939453,23.649999618530273,21.700000762939453,22.75,17802897
2014-04-07,22.850000381469727,23.5,22.100000381469727,22.450000762939453,5301713
2014-04-09,22.5,22.75,22.25,22.350000381469727,2887848
2014-04-10,22.450000762939453,22.549999237060547,22.049999237060547,22.149999618530273,2872006
2014-04-11,22.0,22.299999237060547,21.75,21.850000381469727,5930859
2014-04-15,21.899999618530273,22.25,21.700000762939453,21.75,3456516
2014-04-16,21.799999237060547,22.0,21.700000762939453,21.850000381469727,2733193
2014-04-17,21.899999618530273,22.25,21.799999237060547,22.0,2847168
2014-04-21,22.200000762939453,22.450000762939453,21.950000762939453,22.049999237060547,1751276
2014-04-22,22.049999237060547,22.25,21.899999618530273,21.950000762939453,1903615
2014-04-23,21.950000762939453,22.899999618530273,21.850000381469727,22.399999618530273,8166903
2014-04-25,22.299999237060547,22.799999237060547,22.049999237060547,22.25,3419384
2014-04-28,22.049999237060547,22.649999618530273,22.049999237060547,22.200000762939453,3902366
2014-04-29,22.149999618530273,22.450000762939453,22.049999237060547,22.200000762939453,4070359
2014-04-30,22.149999618530273,22.25,21.700000762939453,21.850000381469727,5217338
2014-05-02,21.799999237060547,22.100000381469727,21.649999618530273,21.799999237060547,2628317
2014-05-05,21.700000762939453,21.950000762939453,21.700000762939453,21.799999237060547,1391949
2014-05-06,21.75,21.899999618530273,21.649999618530273,21.700000762939453,1440848
2014-05-07,21.649999618530273,22.299999237060547,21.600000381469727,21.649999618530273,6208753
2014-05-08,21.700000762939453,21.850000381469727,21.600000381469727,21.700000762939453,2215882
2014-05-09,21.700000762939453,21.899999618530273,21.649999618530273,21.75,1530937
2014-05-12,21.75,22.25,21.75,21.799999237060547,3907808
2014-05-13,21.850000381469727,22.0,21.600000381469727,21.799999237060547,2971003
2014-05-14,22.200000762939453,22.25,21.799999237060547,21.850000381469727,4308690
2014-05-15,21.799999237060547,22.049999237060547,21.649999618530273,21.700000762939453,2471730
2014-05-16,21.799999237060547,22.0,21.450000762939453,21.649999618530273,2667228
2014-05-19,21.850000381469727,22.399999618530273,21.649999618530273,22.200000762939453,8773704
2014-05-20,22.450000762939453,23.799999237060547,22.299999237060547,23.200000762939453,20634922
2014-05-21,23.5,24.799999237060547,22.850000381469727,24.149999618530273,16265815
2014-05-22,24.700000762939453,26.649999618530273,24.25,25.700000762939453,21295313
2014-05-23,26.049999237060547,27.299999237060547,25.5,25.75,15256729
2014-05-26,26.0,27.100000381469727,23.5,24.5,13779367
2014-05-27,24.399999618530273,24.899999618530273,23.299999237060547,24.549999237060547,5513167
2014-05-28,24.950000762939453,25.600000381469727,24.149999618530273,24.649999618530273,4412586
2014-05-29,24.850000381469727,25.549999237060547,24.299999237060547,24.5,3934882
2014-05-30,24.5,25.399999618530273,24.299999237060547,24.799999237060547,5091694
2014-06-02,25.25,25.299999237060547,24.649999618530273,24.850000381469727,2680908
2014-06-03,25.0,27.700000762939453,25.0,27.5,26831943
2014-06-04,28.0,28.100000381469727,26.899999618530273,27.299999237060547,11153015
2014-06-05,27.5,27.700000762939453,26.75,27.149999618530273,5862034
2014-06-06,28.399999618530273,31.799999237060547,28.299999237060547,30.75,36305124
2014-06-09,31.149999618530273,31.450000762939453,30.200000762939453,30.399999618530273,14186421
2014-06-10,30.649999618530273,31.600000381469727,30.399999618530273,30.600000381469727,13700570
2014-06-11,30.799999237060547,30.850000381469727,28.25,28.799999237060547,8582461
2014-06-12,28.700000762939453,29.850000381469727,28.100000381469727,28.5,7772204
2014-06-13,28.649999618530273,29.0,26.350000381469727,26.549999237060547,6764064
2014-06-16,26.5,27.100000381469727,25.149999618530273,26.850000381469727,7053206
2014-06-17,26.899999618530273,28.350000381469727,26.850000381469727,28.149999618530273,7699317
2014-06-18,28.399999618530273,28.5,26.700000762939453,27.299999237060547,5841135
2014-06-19,27.399999618530273,27.899999618530273,26.200000762939453,26.399999618530273,5108171
2014-06-20,26.899999618530273,28.25,26.200000762939453,26.649999618530273,10533546
2014-06-23,27.100000381469727,30.149999618530273,27.100000381469727,29.399999618530273,36534842
2014-06-24,30.5,31.100000381469727,29.5,29.75,20165718
2014-06-25,29.899999618530273,29.899999618530273,28.799999237060547,28.899999618530273,6399484
2014-06-26,29.049999237060547,29.149999618530273,28.100000381469727,28.299999237060547,4636285
2014-06-27,28.450000762939453,28.75,27.25,27.350000381469727,9547595
2014-06-30,27.5,28.149999618530273,27.5,27.75,3965884
2014-07-01,28.0,28.600000381469727,27.649999618530273,28.0,6670603
2014-07-02,28.200000762939453,28.450000762939453,27.600000381469727,27.700000762939453,6467896
2014-07-03,27.5,27.899999618530273,27.049999237060547,27.100000381469727,3869354
2014-07-04,26.799999237060547,27.5,26.600000381469727,26.850000381469727,5601706
2014-07-07,26.899999618530273,28.049999237060547,26.899999618530273,27.549999237060547,6699567
2014-07-08,27.75,27.850000381469727,25.5,25.950000762939453,5061746
2014-07-09,26.0,26.0,24.75,24.950000762939453,5298463
2014-07-10,24.700000762939453,25.75,24.100000381469727,24.700000762939453,7750487
2014-07-11,24.950000762939453,25.25,23.25,23.450000762939453,5497664
2014-07-14,23.350000381469727,23.75,22.75,23.149999618530273,3510651
2014-07-15,23.549999237060547,24.200000762939453,23.299999237060547,24.049999237060547,4258913
2014-07-16,24.25,24.600000381469727,23.799999237060547,24.350000381469727,5364498
2014-07-17,24.200000762939453,24.75,24.100000381469727,24.25,4155328
2014-07-18,24.200000762939453,24.450000762939453,23.75,24.299999237060547,3500215
2014-07-21,24.450000762939453,24.850000381469727,24.0,24.149999618530273,2884713
2014-07-22,24.100000381469727,24.399999618530273,23.649999618530273,23.799999237060547,2576735
2014-07-23,24.0,24.350000381469727,23.600000381469727,24.200000762939453,3251898
2014-07-24,24.299999237060547,25.0,24.200000762939453,24.350000381469727,5065547
2014-07-25,24.100000381469727,24.350000381469727,23.0,23.299999237060547,3236864
2014-07-28,23.149999618530273,23.450000762939453,22.5,22.75,3031104
2014-07-30,22.549999237060547,22.799999237060547,22.25,22.450000762939453,1968905
2014-07-31,22.200000762939453,23.450000762939453,22.200000762939453,22.950000762939453,3225132
2014-08-01,22.649999618530273,23.350000381469727,22.350000381469727,22.450000762939453,3110165
2014-08-04,22.649999618530273,22.850000381469727,22.100000381469727,22.350000381469727,2252980
2014-08-05,22.299999237060547,23.100000381469727,22.299999237060547,22.799999237060547,3263768
2014-08-06,22.799999237060547,23.299999237060547,22.549999237060547,22.850000381469727,3437521
2014-08-07,22.649999618530273,23.100000381469727,22.149999618530273,22.299999237060547,2586007
2014-08-08,22.049999237060547,22.100000381469727,21.25,21.399999618530273,2973959
2014-08-11,21.5,21.799999237060547,20.399999618530273,20.549999237060547,3507942
2014-08-12,20.600000381469727,21.299999237060547,20.549999237060547,20.950000762939453,3816719
2014-08-13,20.700000762939453,20.899999618530273,19.25,19.899999618530273,4372886
2014-08-14,19.75,21.549999237060547,19.549999237060547,21.100000381469727,7480516
2014-08-18,21.350000381469727,21.549999237060547,20.850000381469727,21.299999237060547,1917479
2014-08-19,21.399999618530273,21.450000762939453,20.799999237060547,20.950000762939453,2634612
2014-08-20,20.950000762939453,21.0,20.399999618530273,20.600000381469727,2095770
2014-08-21,20.5,20.799999237060547,20.049999237060547,20.149999618530273,3154835
2014-08-22,20.200000762939453,21.700000762939453,20.100000381469727,21.100000381469727,10616409
2014-08-25,21.200000762939453,21.399999618530273,20.0,20.149999618530273,4579396
2014-08-26,20.049999237060547,20.25,19.450000762939453,19.799999237060547,2858547
2014-08-27,19.600000381469727,20.049999237060547,19.5,19.649999618530273,2239421
2014-08-28,19.549999237060547,19.899999618530273,19.049999237060547,19.399999618530273,3692013
2014-09-01,19.600000381469727,19.850000381469727,19.200000762939453,19.350000381469727,3325427
2014-09-02,19.5,19.700000762939453,18.950000762939453,19.049999237060547,5172705
2014-09-03,19.25,19.450000762939453,18.600000381469727,18.649999618530273,4580512
2014-09-04,18.549999237060547,18.75,18.049999237060547,18.100000381469727,5871724
2014-09-05,18.0,18.200000762939453,17.5,17.799999237060547,6119387
2014-09-08,17.75,18.75,17.549999237060547,18.450000762939453,6727349
2014-09-09,18.5,18.600000381469727,18.100000381469727,18.149999618530273,3387528
2014-09-10,18.0,18.850000381469727,17.950000762939453,18.649999618530273,4196422
2014-09-11,18.700000762939453,19.399999618530273,18.5,19.049999237060547,6605927
2014-09-12,18.899999618530273,19.0,18.299999237060547,18.399999618530273,4697990
2014-09-15,18.200000762939453,18.75,18.049999237060547,18.450000762939453,2911349
2014-09-16,18.350000381469727,18.649999618530273,17.549999237060547,17.700000762939453,4434997
2014-09-17,17.75,18.200000762939453,17.600000381469727,17.850000381469727,3136394
2014-09-18,17.700000762939453,18.200000762939453,17.649999618530273,17.799999237060547,2964643
2014-09-19,18.0,18.200000762939453,17.700000762939453,17.75,3179888
2014-09-22,17.649999618530273,18.200000762939453,17.600000381469727,17.950000762939453,2306761
2014-09-23,17.850000381469727,18.049999237060547,17.100000381469727,17.200000762939453,3891471
2014-09-24,17.049999237060547,17.299999237060547,16.5,16.799999237060547,3392657
2014-09-25,16.649999618530273,17.100000381469727,16.100000381469727,16.299999237060547,3438771
2014-09-26,16.100000381469727,16.350000381469727,15.600000381469727,16.149999618530273,4751166
2014-09-29,16.100000381469727,16.75,16.100000381469727,16.25,2240796
2014-09-30,16.149999618530273,16.450000762939453,15.899999618530273,16.049999237060547,3135932
2014-10-01,16.0,16.700000762939453,16.0,16.149999618530273,5134104
2014-10-07,16.25,16.649999618530273,16.149999618530273,16.399999618530273,2647127
2014-10-08,16.200000762939453,17.200000762939453,16.200000762939453,16.799999237060547,5040410
2014-10-09,16.700000762939453,17.149999618530273,16.700000762939453,16.899999618530273,2229135
2014-10-10,17.0,17.200000762939453,16.549999237060547,16.649999618530273,3068881
2014-10-13,16.649999618530273,16.899999618530273,16.5,16.649999618530273,1795581
2014-10-14,16.5,16.75,16.25,16.350000381469727,2168051
2014-10-16,16.200000762939453,16.450000762939453,15.699999809265137,15.850000381469727,2718106
2014-10-17,15.800000190734863,16.0,15.550000190734863,15.649999618530273,2274969
2014-10-20,15.899999618530273,16.450000762939453,15.800000190734863,16.049999237060547,3281693
2014-10-21,15.949999809265137,16.399999618530273,15.899999618530273,16.100000381469727,2714527
2014-10-22,16.25,16.75,16.149999618530273,16.399999618530273,3276922
2014-10-27,16.75,17.200000762939453,16.600000381469727,16.899999618530273,3977127
2014-10-28,16.799999237060547,17.25,16.799999237060547,17.0,2422933
2014-10-29,17.049999237060547,17.149999618530273,16.600000381469727,16.799999237060547,2377665
2014-10-30,16.850000381469727,16.950000762939453,16.549999237060547,16.649999618530273,2065143
2014-10-31,16.75,17.299999237060547,16.700000762939453,17.049999237060547,3028750
2014-11-03,17.049999237060547,17.799999237060547,16.950000762939453,17.600000381469727,4088089
2014-11-05,17.700000762939453,18.5,17.600000381469727,17.950000762939453,5658145
2014-11-07,18.100000381469727,18.100000381469727,17.299999237060547,17.450000762939453,2913265
2014-11-10,17.450000762939453,17.799999237060547,17.049999237060547,17.299999237060547,1890232
2014-11-11,17.399999618530273,17.549999237060547,17.0,17.350000381469727,2346369
2014-11-12,17.350000381469727,17.950000762939453,17.049999237060547,17.549999237060547,5789526
2014-11-13,17.399999618530273,18.799999237060547,17.149999618530273,18.25,19191973
2014-11-14,18.25,18.450000762939453,17.549999237060547,17.600000381469727,7073561
2014-11-17,17.600000381469727,18.450000762939453,17.450000762939453,18.100000381469727,4698434
2014-11-18,18.600000381469727,19.75,18.600000381469727,19.399999618530273,19661560
2014-11-19,19.850000381469727,20.450000762939453,19.100000381469727,19.399999618530273,12720347
2014-11-20,19.200000762939453,19.200000762939453,18.100000381469727,18.25,6160713
2014-11-21,18.149999618530273,18.350000381469727,17.549999237060547,17.649999618530273,5243699
2014-11-24,17.5,18.200000762939453,17.149999618530273,17.450000762939453,4706605
2014-11-25,17.600000381469727,17.899999618530273,16.799999237060547,17.0,4849420
2014-11-26,17.049999237060547,17.549999237060547,17.0,17.100000381469727,3333684
2014-11-27,17.200000762939453,17.350000381469727,16.799999237060547,16.899999618530273,2948365
2014-11-28,16.700000762939453,17.25,16.700000762939453,16.899999618530273,3283434
2014-12-01,16.899999618530273,17.149999618530273,16.450000762939453,16.5,2818900
2014-12-02,16.350000381469727,16.850000381469727,16.350000381469727,16.700000762939453,2669537
2014-12-03,16.5,17.100000381469727,16.450000762939453,16.799999237060547,2116585
2014-12-04,16.850000381469727,17.049999237060547,16.549999237060547,16.799999237060547,2834025
2014-12-05,16.700000762939453,16.950000762939453,16.5,16.649999618530273,1876902
2014-12-08,16.899999618530273,16.899999618530273,16.399999618530273,16.450000762939453,1509288
2014-12-09,16.450000762939453,16.75,15.850000381469727,16.049999237060547,3725321
2014-12-10,15.899999618530273,17.049999237060547,15.850000381469727,16.850000381469727,8493605
2014-12-11,18.049999237060547,18.700000762939453,17.399999618530273,17.5,12612491
2014-12-12,17.600000381469727,17.899999618530273,16.5,16.75,5559801
2014-12-15,16.75,16.799999237060547,16.25,16.350000381469727,2875119
2014-12-16,16.149999618530273,16.299999237060547,15.5,15.649999618530273,5056269
2014-12-17,15.600000381469727,15.800000190734863,15.050000190734863,15.399999618530273,5175532
2014-12-18,16.149999618530273,16.700000762939453,16.0,16.100000381469727,3364125
2014-12-19,16.5,16.5,15.199999809265137,15.350000381469727,6665245
2014-12-22,15.350000381469727,15.649999618530273,15.199999809265137,15.449999809265137,3120732
2014-12-23,15.5,15.699999809265137,15.25,15.350000381469727,2713839
2014-12-24,15.350000381469727,15.550000190734863,15.300000190734863,15.399999618530273,2107959
2014-12-26,15.550000190734863,15.600000381469727,15.350000381469727,15.449999809265137,1948826
2014-12-29,15.399999618530273,15.75,15.399999618530273,15.449999809265137,2549006
2014-12-30,15.5,15.600000381469727,15.050000190734863,15.199999809265137,4330480
2014-12-31,15.149999618530273,15.449999809265137,15.050000190734863,15.300000190734863,3269867
2015-01-01,15.25,15.649999618530273,15.199999809265137,15.550000190734863,2636803
2015-01-02,15.600000381469727,15.899999618530273,15.550000190734863,15.600000381469727,3890652
2015-01-05,15.550000190734863,15.949999809265137,15.550000190734863,15.800000190734863,2663035
2015-01-06,15.649999618530273,16.450000762939453,15.350000381469727,15.600000381469727,8412414
2015-01-07,15.550000190734863,16.049999237060547,15.300000190734863,15.5,4322240
2015-01-08,15.649999618530273,15.850000381469727,15.5,15.600000381469727,2482288
2015-01-09,15.800000190734863,16.0,15.5,15.699999809265137,3191136
2015-01-12,15.899999618530273,16.450000762939453,15.75,16.200000762939453,4716381
2015-01-13,16.25,16.350000381469727,15.75,16.049999237060547,3468784
2015-01-14,16.0,16.25,15.550000190734863,15.699999809265137,2967944
2015-01-15,15.699999809265137,16.0,15.649999618530273,15.75,2537645
2015-01-16,15.75,16.399999618530273,15.449999809265137,15.75,5583915
2015-01-19,15.800000190734863,16.149999618530273,15.699999809265137,15.75,2549074
2015-01-20,15.75,16.0,15.600000381469727,15.75,2251428
2015-01-21,15.899999618530273,16.350000381469727,15.75,16.200000762939453,4918546
2015-01-22,16.25,16.450000762939453,15.899999618530273,16.0,4153831
2015-01-23,16.149999618530273,16.200000762939453,15.649999618530273,15.75,2456595
2015-01-27,15.800000190734863,17.200000762939453,15.600000381469727,17.0,7417359
2015-01-28,17.399999618530273,17.549999237060547,16.399999618530273,16.5,9736973
2015-01-29,16.350000381469727,16.700000762939453,16.149999618530273,16.350000381469727,2999378
2015-01-30,16.399999618530273,16.75,16.200000762939453,16.299999237060547,3754344
2015-02-02,16.25,16.549999237060547,16.200000762939453,16.299999237060547,1922869
2015-02-03,16.450000762939453,16.5,16.0,16.100000381469727,2623268
2015-02-04,16.200000762939453,16.350000381469727,15.850000381469727,15.949999809265137,3646195
2015-02-05,16.0,16.200000762939453,15.550000190734863,15.649999618530273,3159937
2015-02-06,15.699999809265137,15.75,15.25,15.350000381469727,3444650
2015-02-09,15.25,15.550000190734863,15.0,15.100000381469727,2599693
2015-02-10,15.350000381469727,15.449999809265137,14.899999618530273,15.149999618530273,2317878
2015-02-11,15.300000190734863,15.850000381469727,15.100000381469727,15.449999809265137,2947538
2015-02-12,15.550000190734863,15.800000190734863,15.199999809265137,15.350000381469727,3168110
2015-02-13,15.399999618530273,15.550000190734863,15.25,15.399999618530273,2175144
2015-02-16,15.899999618530273,15.899999618530273,15.449999809265137,15.550000190734863,2290065
2015-02-18,15.649999618530273,16.700000762939453,15.449999809265137,16.399999618530273,8320114
2015-02-19,16.600000381469727,16.649999618530273,16.0,16.350000381469727,5430914
2015-02-20,17.049999237060547,17.399999618530273,16.450000762939453,16.549999237060547,9195521
2015-02-23,16.75,16.75,16.100000381469727,16.149999618530273,2778049
2015-02-24,16.100000381469727,16.200000762939453,15.75,15.899999618530273,2377989
2015-02-25,16.0,16.200000762939453,15.75,15.800000190734863,2321921
2015-02-26,15.850000381469727,16.100000381469727,15.699999809265137,15.75,2218613
2015-02-27,15.850000381469727,16.299999237060547,15.800000190734863,16.149999618530273,3393791
2015-03-02,15.949999809265137,16.200000762939453,15.449999809265137,15.949999809265137,3233332
2015-03-03,16.049999237060547,16.299999237060547,15.800000190734863,16.149999618530273,2550336
2015-03-04,16.299999237060547,16.350000381469727,15.800000190734863,15.899999618530273,3541270
2015-03-05,15.949999809265137,16.299999237060547,15.75,16.049999237060547,4859818
2015-03-09,16.049999237060547,16.350000381469727,15.800000190734863,16.0,2399869
2015-03-10,16.0,16.100000381469727,15.649999618530273,15.699999809265137,2147903
2015-03-11,15.75,15.899999618530273,15.300000190734863,15.399999618530273,4369853
2015-03-12,15.550000190734863,15.699999809265137,15.399999618530273,15.550000190734863,1869391
2015-03-13,15.649999618530273,15.649999618530273,14.350000381469727,14.5,8645813
2015-03-16,14.800000190734863,14.800000190734863,14.0,14.100000381469727,3174516
2015-03-17,14.300000190734863,14.300000190734863,13.5,13.649999618530273,5762291
2015-03-18,13.75,13.899999618530273,13.5,13.550000190734863,3551770
2015-03-19,13.699999809265137,13.800000190734863,13.199999809265137,13.350000381469727,3068051
2015-03-20,13.350000381469727,13.350000381469727,12.600000381469727,12.649999618530273,5016433
2015-03-23,12.75,12.800000190734863,12.050000190734863,12.100000381469727,3517120
2015-03-24,12.199999809265137,12.449999809265137,12.0,12.300000190734863,3659507
2015-03-25,12.300000190734863,13.0,12.25,12.600000381469727,4488592
2015-03-26,12.649999618530273,12.699999809265137,12.350000381469727,12.399999618530273,2138893
2015-03-27,12.600000381469727,12.75,12.300000190734863,12.350000381469727,3177048
2015-03-30,12.399999618530273,12.75,12.399999618530273,12.600000381469727,1694824
2015-03-31,12.75,13.149999618530273,12.600000381469727,12.850000381469727,2797394
2015-04-01,12.800000190734863,12.949999809265137,12.550000190734863,12.699999809265137,2367520
2015-04-06,12.899999618530273,13.75,12.800000190734863,13.649999618530273,4973583
2015-04-07,13.800000190734863,13.800000190734863,13.25,13.550000190734863,2334701
2015-04-08,13.550000190734863,14.649999618530273,13.550000190734863,13.899999618530273,10138653
2015-04-09,14.050000190734863,14.050000190734863,13.300000190734863,13.399999618530273,4273601
2015-04-10,13.449999809265137,13.800000190734863,13.350000381469727,13.399999618530273,3264593
2015-04-13,13.449999809265137,13.649999618530273,13.25,13.350000381469727,3086058
2015-04-15,13.399999618530273,13.5,13.100000381469727,13.149999618530273,2561058
2015-04-16,13.399999618530273,13.75,13.149999618530273,13.25,5579946
2015-04-17,13.300000190734863,13.399999618530273,13.0,13.149999618530273,2235159
2015-04-20,13.149999618530273,13.300000190734863,12.699999809265137,12.949999809265137,2919356
2015-04-21,13.0,13.100000381469727,12.649999618530273,12.800000190734863,1931062
2015-04-22,12.949999809265137,13.149999618530273,12.699999809265137,12.899999618530273,2209785
2015-04-23,13.0,13.100000381469727,12.5,12.649999618530273,6816284
2015-04-24,12.649999618530273,12.699999809265137,12.25,12.399999618530273,2565210
2015-04-27,12.5,13.0,12.0,12.449999809265137,5859566
2015-04-28,12.350000381469727,13.0,12.100000381469727,12.649999618530273,9950906
2015-04-29,12.699999809265137,13.199999809265137,12.600000381469727,12.699999809265137,10788707
2015-04-30,12.800000190734863,12.800000190734863,12.300000190734863,12.350000381469727,3832999
2015-05-04,12.399999618530273,12.649999618530273,12.149999618530273,12.199999809265137,2757639
2015-05-05,12.25,12.300000190734863,11.800000190734863,12.100000381469727,7175764
2015-05-06,12.199999809265137,12.300000190734863,11.75,11.949999809265137,5062587
2015-05-07,11.800000190734863,11.850000381469727,11.5,11.600000381469727,2649847
2015-05-08,11.75,12.100000381469727,11.550000190734863,11.800000190734863,2601213
2015-05-11,11.899999618530273,12.0,11.75,11.850000381469727,1840992
2015-05-12,11.899999618530273,11.899999618530273,11.5,11.550000190734863,1814551
2015-05-13,11.600000381469727,11.699999809265137,11.149999618530273,11.350000381469727,2205443
2015-05-14,11.300000190734863,11.5,11.199999809265137,11.350000381469727,1375806
2015-05-15,11.350000381469727,11.449999809265137,11.100000381469727,11.149999618530273,2759022
2015-05-18,11.199999809265137,11.399999618530273,11.100000381469727,11.199999809265137,2150519
2015-05-19,11.25,11.350000381469727,11.100000381469727,11.149999618530273,2506736
2015-05-20,11.25,11.350000381469727,11.149999618530273,11.25,1764389
2015-05-21,11.300000190734863,11.649999618530273,11.149999618530273,11.300000190734863,2375834
2015-05-22,12.199999809265137,12.25,11.800000190734863,11.850000381469727,9595859
2015-05-25,12.050000190734863,12.050000190734863,11.5,11.600000381469727,1930416
2015-05-26,11.699999809265137,11.699999809265137,11.199999809265137,11.300000190734863,2596879
2015-05-27,11.149999618530273,11.449999809265137,11.100000381469727,11.350000381469727,1870429
2015-05-28,11.449999809265137,11.600000381469727,11.25,11.350000381469727,1944921
2015-05-29,11.449999809265137,11.449999809265137,11.25,11.300000190734863,1660528
2015-06-01,11.300000190734863,11.350000381469727,11.100000381469727,11.199999809265137,1538710
2015-06-02,11.149999618530273,11.25,10.899999618530273,10.949999809265137,1740057
2015-06-03,11.100000381469727,11.149999618530273,9.0,10.149999618530273,4591845
2015-06-04,10.350000381469727,10.350000381469727,9.399999618530273,9.899999618530273,2530743
2015-06-05,10.050000190734863,10.399999618530273,9.850000381469727,10.199999809265137,2415220
2015-06-08,10.25,10.649999618530273,9.949999809265137,10.300000190734863,1657229
2015-06-09,10.300000190734863,10.399999618530273,10.050000190734863,10.100000381469727,960464
2015-06-10,10.050000190734863,11.800000190734863,10.050000190734863,10.899999618530273,16382047
2015-06-11,11.149999618530273,11.149999618530273,10.25,10.350000381469727,2857921
2015-06-12,10.199999809265137,10.5,10.0,10.149999618530273,1881469
2015-06-15,10.149999618530273,10.350000381469727,9.949999809265137,10.25,1057164
2015-06-16,10.149999618530273,10.449999809265137,10.100000381469727,10.350000381469727,1403197
2015-06-17,10.449999809265137,10.800000190734863,10.300000190734863,10.600000381469727,1772472
2015-06-18,10.75,10.800000190734863,10.399999618530273,10.449999809265137,1340679
2015-06-19,10.5,10.800000190734863,10.25,10.600000381469727,1958020
2015-06-22,10.699999809265137,10.800000190734863,10.5,10.600000381469727,1439987
2015-06-23,10.600000381469727,10.800000190734863,10.5,10.699999809265137,1677087
2015-06-24,10.699999809265137,10.800000190734863,10.399999618530273,10.5,1016018
2015-06-25,10.5,10.550000190734863,10.300000190734863,10.399999618530273,1282840
2015-06-26,10.350000381469727,10.449999809265137,10.25,10.350000381469727,1124475
2015-06-29,9.899999618530273,10.199999809265137,9.800000190734863,10.050000190734863,1313288
2015-06-30,10.050000190734863,10.399999618530273,10.050000190734863,10.199999809265137,1285529
2015-07-01,10.199999809265137,10.399999618530273,10.199999809265137,10.25,1421624
2015-07-02,10.300000190734863,10.399999618530273,10.050000190734863,10.100000381469727,2285797
2015-07-03,10.100000381469727,10.199999809265137,10.0,10.050000190734863,1372434
2015-07-06,9.949999809265137,10.800000190734863,9.850000381469727,10.350000381469727,4175009
2015-07-07,10.5,10.600000381469727,10.25,10.399999618530273,3791883
2015-07-08,10.300000190734863,10.399999618530273,9.899999618530273,10.050000190734863,3978168
2015-07-09,10.050000190734863,10.550000190734863,10.050000190734863,10.199999809265137,2795419
2015-07-10,10.300000190734863,10.300000190734863,9.899999618530273,9.949999809265137,3116319
2015-07-13,10.050000190734863,10.149999618530273,10.0,10.050000190734863,1311523
2015-07-14,10.149999618530273,10.350000381469727,9.949999809265137,10.050000190734863,2957361
2015-07-15,10.100000381469727,10.300000190734863,10.050000190734863,10.050000190734863,3891542
2015-07-16,10.100000381469727,10.199999809265137,9.949999809265137,10.0,2122908
2015-07-17,10.0,10.100000381469727,9.899999618530273,9.899999618530273,1809676
2015-07-20,10.0,10.0,9.600000381469727,9.850000381469727,2866825
2015-07-21,9.850000381469727,9.899999618530273,9.449999809265137,9.449999809265137,2865230
2015-07-22,9.449999809265137,9.449999809265137,9.149999618530273,9.300000190734863,3303393
2015-07-23,9.300000190734863,9.600000381469727,9.149999618530273,9.199999809265137,2716177
2015-07-24,9.199999809265137,9.25,8.899999618530273,9.0,2767520
2015-07-27,9.0,9.300000190734863,8.800000190734863,8.850000381469727,4084157
2015-07-28,8.949999809265137,9.0,8.449999809265137,8.5,3153782
2015-07-29,8.600000381469727,8.649999618530273,8.25,8.300000190734863,2223810
2015-07-30,8.399999618530273,8.699999809265137,8.300000190734863,8.5,4217733
2015-07-31,8.800000190734863,9.100000381469727,8.649999618530273,8.899999618530273,5985880
2015-08-03,9.100000381469727,9.199999809265137,8.949999809265137,9.050000190734863,5199453
2015-08-04,9.050000190734863,9.100000381469727,8.75,8.800000190734863,3747261
2015-08-05,8.850000381469727,9.699999809265137,8.800000190734863,9.399999618530273,11113509
2015-08-06,9.5,9.550000190734863,9.050000190734863,9.149999618530273,7443451
2015-08-07,9.100000381469727,9.350000381469727,9.100000381469727,9.199999809265137,3583778
2015-08-10,9.300000190734863,9.550000190734863,9.25,9.350000381469727,3021087
2015-08-11,9.449999809265137,9.649999618530273,9.199999809265137,9.25,4095204
2015-08-12,9.25,9.449999809265137,9.0,9.050000190734863,4803484
2015-08-13,9.399999618530273,9.399999618530273,8.850000381469727,8.899999618530273,7349172
2015-08-14,8.899999618530273,8.899999618530273,8.550000190734863,8.699999809265137,3317090
2015-08-17,8.850000381469727,8.850000381469727,8.600000381469727,8.649999618530273,1437066
2015-08-18,8.75,8.800000190734863,8.649999618530273,8.649999618530273,1831061
2015-08-19,8.649999618530273,8.699999809265137,8.5,8.550000190734863,2812846
2015-08-20,8.649999618530273,8.649999618530273,8.300000190734863,8.399999618530273,2299058
2015-08-21,8.350000381469727,8.350000381469727,7.949999809265137,8.100000381469727,2324671
2015-08-24,8.0,8.0,7.25,7.349999904632568,4077435
2015-08-25,7.400000095367432,7.599999904632568,7.050000190734863,7.400000095367432,2670708
2015-08-26,7.349999904632568,7.449999809265137,7.25,7.300000190734863,1524094
2015-08-27,7.5,7.550000190734863,7.300000190734863,7.349999904632568,1498703
2015-08-28,7.400000095367432,7.5,7.25,7.300000190734863,2515627
2015-08-31,7.300000190734863,7.650000095367432,7.150000095367432,7.449999809265137,1741857
2015-09-01,7.400000095367432,7.550000190734863,7.150000095367432,7.25,1536943
2015-09-02,7.300000190734863,8.100000381469727,7.199999809265137,7.699999809265137,6029506
2015-09-03,7.800000190734863,7.900000095367432,7.5,7.550000190734863,2879489
2015-09-04,7.5,7.550000190734863,7.099999904632568,7.199999809265137,2176004
2015-09-07,7.199999809265137,7.599999904632568,7.199999809265137,7.349999904632568,2719265
2015-09-08,7.400000095367432,7.400000095367432,7.25,7.300000190734863,1505669
2015-09-09,7.400000095367432,7.449999809265137,7.300000190734863,7.349999904632568,1041078
2015-09-10,7.349999904632568,7.400000095367432,7.199999809265137,7.349999904632568,682614
2015-09-11,7.300000190734863,7.599999904632568,7.300000190734863,7.449999809265137,2084055
2015-09-14,7.5,7.5,7.349999904632568,7.400000095367432,719679
2015-09-15,7.400000095367432,7.550000190734863,7.349999904632568,7.550000190734863,1372154
2015-09-16,7.5,7.599999904632568,7.300000190734863,7.349999904632568,1039440
2015-09-18,7.449999809265137,7.550000190734863,7.300000190734863,7.449999809265137,3409328
2015-09-21,7.449999809265137,7.599999904632568,7.349999904632568,7.550000190734863,1613961
2015-09-22,7.550000190734863,7.800000190734863,7.400000095367432,7.449999809265137,1786319
2015-09-23,7.5,7.599999904632568,7.349999904632568,7.449999809265137,857244
2015-09-24,7.5,7.550000190734863,7.400000095367432,7.400000095367432,858686
2015-09-28,7.5,8.0,7.400000095367432,7.699999809265137,3980869
2015-09-29,7.5,7.75,7.300000190734863,7.449999809265137,3979933
2015-09-30,7.550000190734863,7.849999904632568,7.199999809265137,7.199999809265137,4953239
2015-10-01,7.349999904632568,7.5,7.25,7.349999904632568,2984023
2015-10-05,7.5,7.599999904632568,7.449999809265137,7.550000190734863,1927754
2015-10-06,7.599999904632568,8.699999809265137,7.550000190734863,8.550000190734863,9623425
2015-10-07,8.649999618530273,10.199999809265137,8.600000381469727,10.100000381469727,21162205
2015-10-08,10.600000381469727,11.050000190734863,10.350000381469727,10.949999809265137,20631174
2015-10-09,11.199999809265137,11.850000381469727,11.100000381469727,11.5,14703237
2015-10-12,11.600000381469727,11.899999618530273,10.550000190734863,10.75,7745226
2015-10-13,10.75,11.25,10.149999618530273,11.050000190734863,10392523
2015-10-14,11.100000381469727,11.350000381469727,10.899999618530273,10.949999809265137,4859594
2015-10-15,10.949999809265137,11.149999618530273,10.600000381469727,10.649999618530273,4485679
2015-10-16,10.75,10.800000190734863,10.550000190734863,10.649999618530273,3202389
2015-10-19,10.75,11.100000381469727,10.75,10.800000190734863,3132539
2015-10-20,10.899999618530273,11.800000190734863,10.800000190734863,11.449999809265137,11784984
2015-10-21,11.699999809265137,12.449999809265137,11.649999618530273,12.149999618530273,18620993
2015-10-23,12.5,12.75,12.050000190734863,12.399999618530273,13934320
2015-10-26,12.350000381469727,12.449999809265137,11.699999809265137,11.850000381469727,5118210
2015-10-27,11.899999618530273,12.350000381469727,11.75,12.0,6685563
2015-10-28,12.149999618530273,12.149999618530273,11.600000381469727,11.75,3736882
2015-10-29,11.800000190734863,12.050000190734863,11.699999809265137,11.75,3536030
2015-10-30,11.899999618530273,11.949999809265137,11.300000190734863,11.449999809265137,2969538
2015-11-02,11.600000381469727,11.699999809265137,11.149999618530273,11.449999809265137,3447064
2015-11-03,11.600000381469727,11.949999809265137,11.600000381469727,11.800000190734863,3286234
2015-11-04,11.850000381469727,12.050000190734863,11.5,11.600000381469727,3378954
2015-11-05,11.699999809265137,11.699999809265137,11.100000381469727,11.149999618530273,2553752
2015-11-06,11.199999809265137,11.399999618530273,11.100000381469727,11.25,2978473
2015-11-09,10.899999618530273,11.949999809265137,10.449999809265137,11.850000381469727,5193451
2015-11-10,11.649999618530273,12.0,11.350000381469727,11.399999618530273,2700693
2015-11-13,11.399999618530273,12.399999618530273,11.100000381469727,12.25,10294932
2015-11-16,12.399999618530273,13.75,12.350000381469727,13.5,23697639
2015-11-17,14.100000381469727,16.200000762939453,14.100000381469727,16.049999237060547,59783257
2015-11-18,16.25,17.799999237060547,16.25,17.350000381469727,61789287
2015-11-19,17.450000762939453,18.049999237060547,15.649999618530273,15.649999618530273,38938015
2015-11-20,15.399999618530273,16.450000762939453,15.0,15.5,25238680
2015-11-23,15.5,15.949999809265137,15.199999809265137,15.350000381469727,10532934
2015-11-24,15.399999618530273,15.800000190734863,14.550000190734863,15.300000190734863,21957339
2015-11-26,15.350000381469727,15.350000381469727,14.800000190734863,14.899999618530273,8936961
2015-11-27,14.899999618530273,15.199999809265137,14.5,14.550000190734863,8396232
2015-11-30,14.699999809265137,14.949999809265137,13.100000381469727,13.100000381469727,13576668
2015-12-01,13.0,13.25,12.149999618530273,12.5,21544888
2015-12-02,12.600000381469727,13.199999809265137,12.550000190734863,12.800000190734863,25244837
2015-12-03,12.949999809265137,13.050000190734863,12.649999618530273,12.699999809265137,8733917
2015-12-04,12.600000381469727,12.75,12.199999809265137,12.300000190734863,10874978
2015-12-07,12.550000190734863,12.699999809265137,12.399999618530273,12.5,5384060
2015-12-08,12.5,12.850000381469727,12.199999809265137,12.300000190734863,5065081
2015-12-09,12.350000381469727,12.449999809265137,11.699999809265137,11.699999809265137,5181765
2015-12-10,12.0,12.25,11.649999618530273,12.149999618530273,5796337
2015-12-11,12.300000190734863,12.300000190734863,11.649999618530273,11.800000190734863,3755522
2015-12-14,11.75,12.199999809265137,11.600000381469727,12.0,3512458
2015-12-15,12.0,12.600000381469727,11.899999618530273,12.600000381469727,3460755
2015-12-16,12.850000381469727,13.199999809265137,12.75,12.850000381469727,8799295
2015-12-17,12.899999618530273,13.050000190734863,12.75,12.949999809265137,3670053
2015-12-18,12.949999809265137,12.949999809265137,12.550000190734863,12.649999618530273,3281219
2015-12-21,12.600000381469727,12.800000190734863,12.449999809265137,12.649999618530273,1998605
2015-12-22,12.649999618530273,13.25,12.5,12.949999809265137,9541139
2015-12-23,13.100000381469727,13.149999618530273,12.550000190734863,12.600000381469727,5034807
2015-12-24,12.75,12.75,12.5,12.600000381469727,3318719
2015-12-28,12.649999618530273,12.75,12.550000190734863,12.600000381469727,1718916
2015-12-29,12.649999618530273,13.0,12.550000190734863,12.600000381469727,2695747
2015-12-30,12.699999809265137,13.0,12.600000381469727,12.699999809265137,2569119
2015-12-31,12.699999809265137,12.949999809265137,12.699999809265137,12.800000190734863,2345089
2016-01-01,12.850000381469727,13.850000381469727,12.75,13.699999809265137,7159825
2016-01-04,13.899999618530273,14.600000381469727,13.899999618530273,14.300000190734863,10926650
2016-01-05,14.399999618530273,14.600000381469727,13.899999618530273,14.050000190734863,4551813
2016-01-06,14.5,14.949999809265137,14.399999618530273,14.550000190734863,10297817
2016-01-07,14.5,14.5,13.699999809265137,13.75,6307502
2016-01-08,14.0,14.899999618530273,13.850000381469727,14.75,14091342
2016-01-11,14.449999809265137,15.25,14.199999809265137,15.0,15061563
2016-01-12,15.199999809265137,15.399999618530273,14.399999618530273,14.75,10235012
2016-01-13,14.899999618530273,15.149999618530273,13.350000381469727,14.550000190734863,13427445
2016-01-14,14.0,14.550000190734863,13.600000381469727,13.949999809265137,8956620
2016-01-15,14.25,14.449999809265137,12.949999809265137,13.100000381469727,8301830
2016-01-18,12.699999809265137,13.449999809265137,12.350000381469727,12.550000190734863,7072057
2016-01-19,13.0,13.199999809265137,12.649999618530273,12.949999809265137,3981661
2016-01-20,12.699999809265137,12.800000190734863,11.949999809265137,12.199999809265137,5446213
2016-01-21,12.350000381469727,12.600000381469727,11.350000381469727,11.550000190734863,7820048
2016-01-22,11.899999618530273,12.300000190734863,11.699999809265137,12.25,4715496
2016-01-25,12.399999618530273,12.600000381469727,12.100000381469727,12.149999618530273,2938368
2016-01-27,12.25,12.350000381469727,12.0,12.100000381469727,3038519
2016-01-28,12.100000381469727,12.25,11.899999618530273,11.949999809265137,1853624
2016-01-29,12.050000190734863,12.350000381469727,11.949999809265137,12.199999809265137,2850037
2016-02-01,12.25,12.699999809265137,12.100000381469727,12.449999809265137,3643581
2016-02-02,12.600000381469727,12.75,12.100000381469727,12.149999618530273,3034995
2016-02-03,12.0,12.050000190734863,11.649999618530273,11.75,2902251
2016-02-04,11.75,12.100000381469727,11.199999809265137,11.399999618530273,2200558
2016-02-05,11.5,11.899999618530273,11.399999618530273,11.75,2426983
2016-02-08,12.0,12.25,11.800000190734863,12.050000190734863,2517278
2016-02-09,11.949999809265137,12.699999809265137,11.800000190734863,12.25,6731551
2016-02-10,12.350000381469727,12.399999618530273,11.649999618530273,11.75,3098516
2016-02-11,11.800000190734863,12.050000190734863,10.600000381469727,11.050000190734863,3469730
2016-02-12,11.350000381469727,11.350000381469727,9.850000381469727,10.75,4742186
2016-02-15,11.100000381469727,11.5,11.050000190734863,11.399999618530273,1643754
2016-02-16,11.699999809265137,11.800000190734863,11.199999809265137,11.350000381469727,2989100
2016-02-17,11.399999618530273,11.399999618530273,10.600000381469727,11.100000381469727,3299230
2016-02-18,11.399999618530273,11.75,11.25,11.350000381469727,3460168
2016-02-19,11.350000381469727,11.399999618530273,10.949999809265137,11.199999809265137,2035641
2016-02-22,11.25,11.399999618530273,11.100000381469727,11.149999618530273,1177976
2016-02-23,11.350000381469727,11.550000190734863,11.199999809265137,11.25,1673662
2016-02-24,11.350000381469727,12.0,11.25,11.800000190734863,4750812
2016-02-25,11.949999809265137,12.199999809265137,11.800000190734863,11.850000381469727,3225952
2016-02-26,12.100000381469727,12.100000381469727,11.699999809265137,11.75,2276252
2016-02-29,11.850000381469727,11.949999809265137,11.149999618530273,11.649999618530273,2329616
2016-03-01,11.75,12.050000190734863,11.699999809265137,11.899999618530273,1652996
2016-03-02,12.050000190734863,12.25,12.0,12.050000190734863,3099114
2016-03-03,12.149999618530273,12.300000190734863,11.850000381469727,12.100000381469727,3229148
2016-03-04,12.100000381469727,14.100000381469727,12.0,13.899999618530273,15270376
2016-03-08,14.100000381469727,15.100000381469727,13.899999618530273,14.300000190734863,18061804
2016-03-09,14.25,14.550000190734863,13.800000190734863,13.949999809265137,9797497
2016-03-10,14.050000190734863,14.199999809265137,13.149999618530273,13.300000190734863,9290986
2016-03-11,13.350000381469727,13.699999809265137,13.199999809265137,13.449999809265137,3797639
2016-03-14,13.699999809265137,14.050000190734863,13.600000381469727,13.850000381469727,5052502
2016-03-15,13.899999618530273,15.149999618530273,13.850000381469727,15.0,20586793
2016-03-16,15.350000381469727,15.649999618530273,14.850000381469727,15.149999618530273,16248917
2016-03-17,15.300000190734863,15.449999809265137,14.399999618530273,14.5,9106451
2016-03-18,14.699999809265137,15.100000381469727,14.550000190734863,14.899999618530273,8566455
2016-03-21,15.0,15.25,14.699999809265137,14.949999809265137,5463950
2016-03-22,15.5,15.649999618530273,14.75,15.050000190734863,7035388
2016-03-23,14.899999618530273,15.100000381469727,13.649999618530273,14.100000381469727,11865535
2016-03-28,14.199999809265137,14.399999618530273,13.899999618530273,14.0,5680518
2016-03-29,14.0,14.25,13.800000190734863,13.899999618530273,4019206
2016-03-30,14.0,14.850000381469727,13.949999809265137,14.550000190734863,14134393
2016-03-31,14.600000381469727,14.949999809265137,14.5,14.649999618530273,5584094
2016-04-01,14.800000190734863,15.149999618530273,14.649999618530273,14.949999809265137,7908983
2016-04-04,14.899999618530273,15.149999618530273,14.75,14.850000381469727,5239649
2016-04-05,14.699999809265137,14.899999618530273,14.25,14.350000381469727,4399930
2016-04-06,14.550000190734863,15.0,14.550000190734863,14.850000381469727,7750786
2016-04-07,14.850000381469727,14.899999618530273,14.25,14.300000190734863,4802273
2016-04-08,14.300000190734863,14.5,13.800000190734863,13.949999809265137,8586550
2016-04-11,13.899999618530273,14.0,13.600000381469727,13.699999809265137,4602112
2016-04-12,13.699999809265137,13.850000381469727,13.399999618530273,13.550000190734863,4611885
2016-04-13,13.699999809265137,13.800000190734863,13.449999809265137,13.5,3609916
2016-04-18,13.550000190734863,14.199999809265137,13.449999809265137,14.0,6959301
2016-04-20,14.100000381469727,14.25,13.699999809265137,13.75,5043201
2016-04-21,13.75,13.949999809265137,13.550000190734863,13.600000381469727,2426835
2016-04-22,13.600000381469727,13.75,13.399999618530273,13.600000381469727,4119398
2016-04-25,13.649999618530273,13.800000190734863,13.449999809265137,13.649999618530273,2440796
2016-04-26,13.649999618530273,13.800000190734863,13.449999809265137,13.600000381469727,3397808
2016-04-27,13.600000381469727,13.800000190734863,13.449999809265137,13.5,2777553
2016-04-28,13.5,13.5,13.100000381469727,13.149999618530273,3218434
2016-04-29,13.100000381469727,13.5,12.949999809265137,13.399999618530273,4229444
2016-05-02,13.399999618530273,13.649999618530273,13.25,13.5,4186438
2016-05-03,13.600000381469727,13.699999809265137,13.25,13.350000381469727,2784985
2016-05-04,13.350000381469727,13.449999809265137,13.050000190734863,13.100000381469727,3434148
2016-05-05,13.199999809265137,13.600000381469727,13.149999618530273,13.25,6558289
2016-05-06,13.149999618530273,13.350000381469727,13.050000190734863,13.100000381469727,3246040
2016-05-09,13.199999809265137,13.300000190734863,13.050000190734863,13.100000381469727,4155540
2016-05-10,13.149999618530273,13.350000381469727,12.899999618530273,12.899999618530273,4923813
2016-05-11,12.800000190734863,13.800000190734863,12.600000381469727,13.5,7780338
2016-05-12,13.699999809265137,14.25,13.550000190734863,14.0,9175434
2016-05-13,14.199999809265137,15.149999618530273,14.0,14.699999809265137,15654695
2016-05-16,14.850000381469727,15.050000190734863,14.5,14.75,6245450
2016-05-17,14.850000381469727,15.050000190734863,14.050000190734863,14.149999618530273,5865234
2016-05-18,14.0,14.300000190734863,13.850000381469727,13.949999809265137,5131612
2016-05-19,13.899999618530273,14.149999618530273,13.399999618530273,13.5,6190535
2016-05-20,13.550000190734863,13.649999618530273,13.050000190734863,13.149999618530273,3550742
2016-05-23,13.350000381469727,13.550000190734863,13.199999809265137,13.25,2405088
2016-05-24,13.25,13.25,12.800000190734863,12.899999618530273,3420408
2016-05-25,13.050000190734863,13.199999809265137,12.899999618530273,13.0,2673686
2016-05-26,13.199999809265137,13.350000381469727,13.0,13.100000381469727,3530628
2016-05-27,13.199999809265137,13.300000190734863,13.050000190734863,13.199999809265137,2461003
2016-05-30,13.350000381469727,14.0,13.25,13.75,4861866
2016-05-31,14.550000190734863,14.75,14.0,14.100000381469727,10487218
2016-06-01,14.199999809265137,14.5,13.949999809265137,14.050000190734863,4115447
2016-06-02,14.0,14.199999809265137,13.649999618530273,13.800000190734863,3599253
2016-06-03,13.850000381469727,14.300000190734863,13.800000190734863,14.050000190734863,5211041
2016-06-06,14.100000381469727,14.449999809265137,13.850000381469727,13.899999618530273,4796681
2016-06-07,14.050000190734863,14.300000190734863,13.899999618530273,14.0,4104846
2016-06-08,14.100000381469727,14.25,13.800000190734863,14.149999618530273,5105516
2016-06-09,14.100000381469727,14.350000381469727,13.949999809265137,14.199999809265137,5092644
2016-06-10,14.050000190734863,15.100000381469727,14.0,14.899999618530273,16481246
2016-06-13,14.800000190734863,17.649999618530273,14.699999809265137,17.200000762939453,54114448
2016-06-14,17.5,18.950000762939453,17.5,18.450000762939453,40634781
2016-06-15,18.649999618530273,19.149999618530273,18.25,18.450000762939453,24367177
2016-06-16,18.5,18.899999618530273,16.600000381469727,17.5,31934064
2016-06-17,17.399999618530273,17.5,16.549999237060547,16.799999237060547,16553433
2016-06-20,16.299999237060547,17.299999237060547,16.299999237060547,17.149999618530273,8010811
2016-06-21,17.399999618530273,17.450000762939453,16.649999618530273,16.799999237060547,5939492
2016-06-22,16.700000762939453,16.950000762939453,15.600000381469727,16.0,10221169
2016-06-23,15.800000190734863,16.049999237060547,15.5,15.899999618530273,5838299
2016-06-24,15.399999618530273,15.600000381469727,14.75,15.399999618530273,10041299
2016-06-27,15.600000381469727,17.299999237060547,15.399999618530273,17.149999618530273,27842926
2016-06-28,17.350000381469727,17.799999237060547,16.5,16.649999618530273,22727170
2016-06-29,16.850000381469727,17.200000762939453,16.25,16.950000762939453,17992961
2016-06-30,17.399999618530273,17.649999618530273,17.0,17.100000381469727,8707811
2016-07-01,17.200000762939453,17.350000381469727,16.649999618530273,16.850000381469727,11908585
2016-07-04,17.350000381469727,17.700000762939453,17.049999237060547,17.149999618530273,9389615
2016-07-05,17.200000762939453,17.200000762939453,16.600000381469727,16.700000762939453,5746731
2016-07-07,16.700000762939453,17.649999618530273,16.600000381469727,17.200000762939453,15092776
2016-07-08,17.25,17.399999618530273,16.899999618530273,16.950000762939453,6923551
2016-07-11,17.100000381469727,17.299999237060547,16.950000762939453,17.0,4206436
2016-07-12,17.049999237060547,17.25,16.850000381469727,16.899999618530273,4480023
2016-07-13,17.100000381469727,17.200000762939453,16.299999237060547,16.649999618530273,6281065
2016-07-14,16.799999237060547,17.149999618530273,16.549999237060547,16.950000762939453,5804868
2016-07-15,17.0,17.100000381469727,16.5,16.600000381469727,3884195
2016-07-18,16.700000762939453,17.049999237060547,16.399999618530273,16.5,4091280
2016-07-19,16.649999618530273,16.850000381469727,16.399999618530273,16.600000381469727,3632448
2016-07-20,16.649999618530273,16.899999618530273,16.600000381469727,16.649999618530273,3399305
2016-07-21,16.75,16.850000381469727,16.399999618530273,16.450000762939453,4448133
2016-07-22,16.450000762939453,16.649999618530273,16.350000381469727,16.399999618530273,3143564
2016-07-25,16.5,16.950000762939453,16.350000381469727,16.600000381469727,3900361
2016-07-26,16.649999618530273,16.799999237060547,16.200000762939453,16.299999237060547,3157414
2016-07-27,16.299999237060547,18.75,16.100000381469727,18.049999237060547,42248524
2016-07-28,18.25,18.25,17.350000381469727,17.549999237060547,10212764
2016-07-29,17.5,18.899999618530273,17.299999237060547,18.25,18559941
2016-08-01,18.399999618530273,18.700000762939453,17.799999237060547,18.0,10458256
2016-08-02,18.100000381469727,18.399999618530273,17.299999237060547,17.450000762939453,10492048
2016-08-03,17.75,17.799999237060547,16.850000381469727,17.049999237060547,8570722
2016-08-04,17.149999618530273,17.549999237060547,16.899999618530273,17.100000381469727,5600284
2016-08-05,17.149999618530273,17.5,17.049999237060547,17.100000381469727,5406172
2016-08-08,17.299999237060547,17.299999237060547,16.899999618530273,16.950000762939453,3270922
2016-08-09,16.950000762939453,17.0,16.350000381469727,16.399999618530273,4317707
2016-08-10,16.5,16.799999237060547,16.149999618530273,16.200000762939453,4923070
2016-08-11,16.200000762939453,16.350000381469727,15.800000190734863,15.899999618530273,4119532
2016-08-12,15.699999809265137,15.949999809265137,15.600000381469727,15.649999618530273,3733920
2016-08-16,15.800000190734863,15.949999809265137,15.399999618530273,15.550000190734863,2937803
2016-08-17,15.550000190734863,15.649999618530273,15.050000190734863,15.149999618530273,3201681
2016-08-18,15.100000381469727,16.25,14.899999618530273,16.0,8137809
2016-08-19,16.399999618530273,16.75,16.149999618530273,16.600000381469727,6380493
2016-08-22,16.950000762939453,16.950000762939453,16.5,16.700000762939453,5364763
2016-08-23,16.899999618530273,17.200000762939453,16.0,16.399999618530273,9140086
2016-08-24,16.399999618530273,16.5,15.800000190734863,15.899999618530273,4429995
2016-08-25,16.0,16.25,15.899999618530273,16.049999237060547,3048195
2016-08-26,16.100000381469727,16.399999618530273,15.899999618530273,15.949999809265137,3721925
2016-08-29,16.5,17.350000381469727,16.5,16.950000762939453,13387437
2016-08-30,17.200000762939453,17.200000762939453,16.799999237060547,16.850000381469727,4750834
2016-08-31,16.850000381469727,17.200000762939453,16.850000381469727,17.0,6090562
2016-09-01,17.049999237060547,17.049999237060547,16.799999237060547,16.850000381469727,3658171
2016-09-02,16.850000381469727,16.850000381469727,16.049999237060547,16.299999237060547,4440528
2016-09-06,17.100000381469727,17.100000381469727,15.399999618530273,16.100000381469727,2297767
2016-09-07,16.299999237060547,16.450000762939453,16.100000381469727,16.149999618530273,2050515
2016-09-08,16.100000381469727,16.450000762939453,16.100000381469727,16.200000762939453,1908772
2016-09-09,16.299999237060547,17.100000381469727,16.200000762939453,16.450000762939453,7297815
2016-09-12,16.200000762939453,16.450000762939453,15.800000190734863,15.899999618530273,3891810
2016-09-14,16.0,16.049999237060547,15.75,15.800000190734863,3121146
2016-09-15,15.899999618530273,16.0,15.75,15.800000190734863,1984439
2016-09-16,16.100000381469727,16.799999237060547,15.75,16.200000762939453,8340744
2016-09-19,17.0,17.100000381469727,16.600000381469727,16.799999237060547,6758585
2016-09-20,17.0,17.200000762939453,16.350000381469727,16.75,5541566
2016-09-21,16.850000381469727,16.850000381469727,16.399999618530273,16.450000762939453,2157852
2016-09-22,16.5,17.049999237060547,16.399999618530273,16.950000762939453,3476757
2016-09-23,16.899999618530273,17.049999237060547,16.5,16.600000381469727,3000992
2016-09-26,16.700000762939453,16.700000762939453,16.100000381469727,16.25,2802237
2016-09-27,16.299999237060547,16.5,16.0,16.100000381469727,2369549
2016-09-28,16.149999618530273,16.299999237060547,16.0,16.100000381469727,2328492
2016-09-29,16.25,16.700000762939453,12.899999618530273,15.399999618530273,6153180
2016-09-30,15.449999809265137,15.699999809265137,15.25,15.350000381469727,3230382
2016-10-03,15.5,15.800000190734863,15.449999809265137,15.699999809265137,2693035
2016-10-04,15.75,15.949999809265137,15.649999618530273,15.699999809265137,1621291
2016-10-05,16.100000381469727,16.549999237060547,16.100000381469727,16.450000762939453,4978402
2016-10-06,16.700000762939453,16.850000381469727,16.450000762939453,16.549999237060547,4191079
2016-10-07,16.5,16.700000762939453,16.25,16.600000381469727,3094472
2016-10-10,16.600000381469727,16.850000381469727,16.5,16.549999237060547,2210350
2016-10-13,16.5,16.950000762939453,16.200000762939453,16.299999237060547,4050278
2016-10-14,16.399999618530273,16.399999618530273,16.049999237060547,16.149999618530273,1706555
2016-10-17,16.25,16.350000381469727,15.75,15.800000190734863,2519133
2016-10-18,15.850000381469727,16.100000381469727,15.75,15.899999618530273,2286244
2016-10-19,16.0,16.100000381469727,15.850000381469727,15.899999618530273,1926262
2016-10-20,15.949999809265137,16.100000381469727,15.800000190734863,15.850000381469727,1968841
2016-10-21,15.899999618530273,16.100000381469727,15.75,15.899999618530273,3102754
2016-10-24,15.850000381469727,16.0,15.800000190734863,15.800000190734863,1304152
2016-10-25,15.850000381469727,16.0,15.5,15.699999809265137,1525279
2016-10-26,15.699999809265137,15.75,15.449999809265137,15.5,1737178
2016-10-27,15.5,15.699999809265137,15.300000190734863,15.649999618530273,1617005
2016-10-28,15.850000381469727,15.850000381469727,15.5,15.550000190734863,1533085
2016-11-01,15.850000381469727,15.850000381469727,15.600000381469727,15.649999618530273,1268472
2016-11-02,15.649999618530273,15.649999618530273,15.25,15.25,1994306
2016-11-03,15.300000190734863,15.550000190734863,15.100000381469727,15.199999809265137,2178871
2016-11-04,15.300000190734863,15.300000190734863,14.600000381469727,14.75,2696594
2016-11-07,14.949999809265137,15.149999618530273,14.899999618530273,15.0,1431495
2016-11-08,15.100000381469727,15.25,14.75,14.850000381469727,1784279
2016-11-09,13.800000190734863,14.199999809265137,11.899999618530273,14.0,5774405
2016-11-10,14.75,14.850000381469727,14.050000190734863,14.350000381469727,2885745
2016-11-11,14.300000190734863,14.5,14.0,14.149999618530273,2092710
2016-11-15,14.149999618530273,14.199999809265137,13.149999618530273,13.449999809265137,3476819
2016-11-16,14.199999809265137,14.25,13.300000190734863,13.399999618530273,4763761
2016-11-17,13.399999618530273,13.600000381469727,13.199999809265137,13.25,1688380
2016-11-18,13.25,13.800000190734863,13.050000190734863,13.550000190734863,4248673
2016-11-21,13.699999809265137,14.050000190734863,13.25,13.300000190734863,3011087
2016-11-22,13.149999618530273,13.600000381469727,13.100000381469727,13.149999618530273,1431253
2016-11-23,13.199999809265137,13.899999618530273,13.050000190734863,13.75,4374980
2016-11-24,13.5,13.899999618530273,13.5,13.649999618530273,2409610
2016-11-25,13.75,13.899999618530273,13.699999809265137,13.75,993913
2016-11-28,13.75,13.949999809265137,13.75,13.850000381469727,1008270
2016-11-29,13.850000381469727,14.050000190734863,13.850000381469727,13.850000381469727,887400
2016-11-30,13.899999618530273,14.149999618530273,13.899999618530273,14.050000190734863,1269661
2016-12-01,14.199999809265137,14.350000381469727,14.050000190734863,14.100000381469727,1053572
2016-12-02,14.100000381469727,14.25,13.850000381469727,13.949999809265137,1283701
2016-12-05,13.949999809265137,14.149999618530273,13.75,13.850000381469727,1456761
2016-12-06,13.899999618530273,14.0,13.75,13.800000190734863,940528
2016-12-07,13.899999618530273,14.0,13.850000381469727,13.899999618530273,1355439
2016-12-08,14.0,14.199999809265137,13.899999618530273,14.100000381469727,1005385
2016-12-09,14.25,14.25,13.949999809265137,14.0,943324
2016-12-12,13.800000190734863,14.199999809265137,13.449999809265137,13.649999618530273,2219509
2016-12-13,13.699999809265137,13.800000190734863,13.5,13.75,1957899
2016-12-14,13.800000190734863,13.800000190734863,13.550000190734863,13.649999618530273,1173960
2016-12-15,13.449999809265137,13.949999809265137,13.449999809265137,13.75,1144824
2016-12-16,13.699999809265137,13.800000190734863,13.399999618530273,13.5,1292869
2016-12-19,13.600000381469727,13.649999618530273,13.399999618530273,13.449999809265137,814879
2016-12-20,13.449999809265137,13.600000381469727,13.199999809265137,13.350000381469727,1578995
2016-12-21,13.600000381469727,13.600000381469727,13.25,13.300000190734863,1013268
2016-12-22,13.25,13.399999618530273,12.899999618530273,13.199999809265137,1733461
2016-12-23,13.350000381469727,13.850000381469727,11.25,13.199999809265137,4313772
2016-12-26,13.199999809265137,13.199999809265137,12.899999618530273,12.949999809265137,1735901
2016-12-27,12.899999618530273,13.050000190734863,12.699999809265137,12.850000381469727,1222360
2016-12-28,13.050000190734863,13.199999809265137,12.800000190734863,12.850000381469727,1203126
2016-12-29,12.949999809265137,13.199999809265137,12.800000190734863,13.100000381469727,1997359
2016-12-30,13.300000190734863,14.100000381469727,13.300000190734863,13.850000381469727,5852862
2017-01-02,14.100000381469727,14.850000381469727,13.75,14.699999809265137,5368180
2017-01-03,14.949999809265137,15.199999809265137,14.649999618530273,14.75,4267693
2017-01-04,14.949999809265137,15.149999618530273,14.649999618530273,14.75,3249270
2017-01-05,14.899999618530273,15.100000381469727,14.800000190734863,15.0,2379792
2017-01-06,15.100000381469727,15.149999618530273,14.850000381469727,14.949999809265137,2162536
2017-01-09,15.050000190734863,15.399999618530273,14.800000190734863,15.25,2141338
2017-01-10,15.449999809265137,16.200000762939453,15.199999809265137,16.0,8207667
2017-01-11,16.200000762939453,16.200000762939453,15.300000190734863,15.449999809265137,3897027
2017-01-12,15.5,15.600000381469727,15.0,15.050000190734863,2230298
2017-01-13,15.050000190734863,15.600000381469727,14.949999809265137,15.199999809265137,3084492
2017-01-16,15.199999809265137,15.300000190734863,14.949999809265137,15.100000381469727,1608129
2017-01-17,15.25,18.100000381469727,15.0,15.600000381469727,4496807
2017-01-18,15.649999618530273,15.800000190734863,15.25,15.399999618530273,2280375
2017-01-19,15.5,15.600000381469727,15.25,15.399999618530273,1714473
2017-01-20,15.449999809265137,15.449999809265137,14.899999618530273,15.0,2123693
2017-01-23,14.899999618530273,15.350000381469727,14.899999618530273,15.149999618530273,956375
2017-01-24,15.199999809265137,15.399999618530273,15.100000381469727,15.25,2164298
2017-01-25,15.350000381469727,15.449999809265137,15.25,15.300000190734863,1860971
2017-01-27,15.5,15.75,15.300000190734863,15.350000381469727,2230828
2017-01-30,15.350000381469727,15.75,15.199999809265137,15.25,1347432
2017-01-31,15.399999618530273,15.449999809265137,15.100000381469727,15.25,1728438
2017-02-01,15.350000381469727,15.800000190734863,15.100000381469727,15.5,2457052
2017-02-02,15.0,15.5,14.5,15.300000190734863,7252824
2017-02-03,15.399999618530273,15.5,15.100000381469727,15.149999618530273,2461351
2017-02-06,15.25,17.5,15.199999809265137,17.100000381469727,20180155
2017-02-07,17.25,17.350000381469727,16.299999237060547,16.5,9362535
2017-02-08,16.549999237060547,16.649999618530273,15.899999618530273,16.100000381469727,3663117
2017-02-09,16.200000762939453,16.5,15.800000190734863,16.0,3441924
2017-02-10,16.0,16.600000381469727,15.75,15.899999618530273,5192401
2017-02-13,16.049999237060547,16.200000762939453,15.699999809265137,15.800000190734863,3043087
2017-02-14,15.699999809265137,15.949999809265137,15.550000190734863,15.649999618530273,1907022
2017-02-15,15.649999618530273,15.649999618530273,14.899999618530273,15.0,3475293
2017-02-16,15.0,15.5,14.800000190734863,15.25,2533459
2017-02-17,15.300000190734863,15.649999618530273,15.199999809265137,15.550000190734863,2623334
2017-02-20,15.649999618530273,16.700000762939453,15.5,16.350000381469727,5329401
2017-02-21,16.25,16.350000381469727,15.850000381469727,15.899999618530273,1655470
2017-02-22,15.899999618530273,16.049999237060547,15.550000190734863,15.850000381469727,1830898
2017-02-23,15.850000381469727,16.0,15.449999809265137,15.5,1801427
2017-02-27,15.600000381469727,15.800000190734863,15.350000381469727,15.449999809265137,1774683
2017-02-28,15.350000381469727,15.899999618530273,15.350000381469727,15.550000190734863,1857400
2017-03-01,15.550000190734863,15.699999809265137,15.399999618530273,15.449999809265137,1183078
2017-03-02,15.5,15.600000381469727,15.0,15.100000381469727,1692901
2017-03-03,14.75,15.850000381469727,14.75,15.699999809265137,4599464
2017-03-06,15.850000381469727,16.0,15.699999809265137,15.75,2685625
2017-03-07,15.949999809265137,15.949999809265137,15.399999618530273,15.449999809265137,1368773
2017-03-08,15.449999809265137,15.5,15.199999809265137,15.25,940850
2017-03-09,15.550000190734863,15.899999618530273,15.5,15.600000381469727,3781394
2017-03-10,15.699999809265137,15.850000381469727,15.350000381469727,15.449999809265137,1630882
2017-03-14,15.850000381469727,16.0,15.300000190734863,15.350000381469727,2378843
2017-03-15,15.399999618530273,15.600000381469727,15.100000381469727,15.149999618530273,1342221
2017-03-16,15.25,15.449999809265137,15.149999618530273,15.350000381469727,1745258
2017-03-17,15.5,15.649999618530273,15.100000381469727,15.399999618530273,4254182
2017-03-20,15.600000381469727,15.75,15.25,15.350000381469727,1748218
2017-03-21,15.399999618530273,15.449999809265137,15.050000190734863,15.100000381469727,1240700
2017-03-22,15.100000381469727,15.149999618530273,14.800000190734863,14.850000381469727,3477119
2017-03-23,14.800000190734863,15.0,14.699999809265137,14.800000190734863,2202569
2017-03-24,14.800000190734863,14.899999618530273,14.5,14.600000381469727,2571364
2017-03-27,14.649999618530273,15.050000190734863,14.399999618530273,14.850000381469727,2925046
2017-03-28,14.899999618530273,15.050000190734863,14.5,14.600000381469727,1880299
2017-03-29,14.649999618530273,14.649999618530273,14.100000381469727,14.300000190734863,2593755
2017-03-30,14.350000381469727,14.850000381469727,14.350000381469727,14.550000190734863,1877238
2017-03-31,14.550000190734863,14.800000190734863,14.449999809265137,14.550000190734863,2018633
2017-04-03,14.699999809265137,14.949999809265137,14.550000190734863,14.75,1526388
2017-04-05,14.800000190734863,15.600000381469727,14.649999618530273,15.300000190734863,3475883
2017-04-06,15.350000381469727,15.699999809265137,14.949999809265137,15.449999809265137,2956356
2017-04-07,15.399999618530273,15.399999618530273,15.0,15.0,1322893
2017-04-10,15.149999618530273,15.25,14.649999618530273,14.800000190734863,2226326
2017-04-11,14.850000381469727,15.25,14.699999809265137,14.800000190734863,2513434
2017-04-12,14.800000190734863,15.199999809265137,14.600000381469727,14.699999809265137,3110192
2017-04-13,14.75,14.850000381469727,14.5,14.649999618530273,1648182
2017-04-17,14.75,14.75,14.5,14.5,1121514
2017-04-18,14.550000190734863,14.699999809265137,14.199999809265137,14.300000190734863,1771149
2017-04-19,14.199999809265137,14.699999809265137,14.199999809265137,14.449999809265137,1770757
2017-04-20,14.5,15.149999618530273,14.5,15.0,4540125
2017-04-21,15.399999618530273,15.850000381469727,15.25,15.449999809265137,9737610
2017-04-24,15.550000190734863,15.850000381469727,15.25,15.350000381469727,3634010
2017-04-25,15.350000381469727,15.550000190734863,15.0,15.050000190734863,2593782
2017-04-26,15.149999618530273,15.199999809265137,14.75,14.850000381469727,1810457
2017-04-27,15.0,15.100000381469727,14.600000381469727,14.75,1827955
2017-04-28,14.949999809265137,15.0,14.649999618530273,14.75,1309070
2017-05-02,14.75,14.850000381469727,14.600000381469727,14.649999618530273,1257797
2017-05-03,14.75,14.75,14.449999809265137,14.550000190734863,1350352
2017-05-04,14.550000190734863,14.75,14.449999809265137,14.449999809265137,1645420
2017-05-05,14.5,14.550000190734863,14.149999618530273,14.199999809265137,1851766
2017-05-08,14.300000190734863,14.399999618530273,14.199999809265137,14.25,806746
2017-05-09,14.399999618530273,14.75,14.25,14.600000381469727,2328169
2017-05-10,14.850000381469727,14.850000381469727,14.5,14.550000190734863,2302815
2017-05-11,14.649999618530273,14.800000190734863,14.449999809265137,14.5,1712544
2017-05-12,14.5,14.800000190734863,14.350000381469727,14.449999809265137,3220745
2017-05-15,14.300000190734863,14.449999809265137,14.199999809265137,14.25,1027983
2017-05-16,14.25,14.399999618530273,14.25,14.300000190734863,1559376
2017-05-17,14.449999809265137,14.550000190734863,14.300000190734863,14.449999809265137,1593385
2017-05-18,14.399999618530273,14.550000190734863,14.149999618530273,14.199999809265137,1432741
2017-05-19,14.300000190734863,14.5,14.050000190734863,14.100000381469727,1360805
2017-05-22,14.149999618530273,14.199999809265137,13.899999618530273,14.0,1087819
2017-05-23,14.050000190734863,14.050000190734863,13.5,13.600000381469727,1672264
2017-05-24,13.699999809265137,13.699999809265137,13.100000381469727,13.199999809265137,1572067
2017-05-25,13.199999809265137,14.0,13.199999809265137,13.699999809265137,2940463
2017-05-26,13.800000190734863,14.25,13.699999809265137,14.050000190734863,1605382
2017-05-29,14.0,14.350000381469727,13.699999809265137,13.75,1241709
2017-05-30,13.5,13.5,13.050000190734863,13.100000381469727,2109678
2017-05-31,13.199999809265137,13.25,12.850000381469727,12.899999618530273,1427364
2017-06-01,13.0,13.350000381469727,12.899999618530273,13.050000190734863,1048606
2017-06-02,13.149999618530273,13.399999618530273,13.100000381469727,13.149999618530273,1283110
2017-06-05,13.199999809265137,13.199999809265137,12.850000381469727,12.899999618530273,1073203
2017-06-06,12.949999809265137,13.050000190734863,12.800000190734863,12.850000381469727,718527
2017-06-07,12.899999618530273,12.899999618530273,12.699999809265137,12.75,723315
2017-06-08,12.800000190734863,12.800000190734863,12.600000381469727,12.699999809265137,633034
2017-06-09,12.75,12.800000190734863,12.550000190734863,12.600000381469727,792224
2017-06-12,12.600000381469727,12.699999809265137,12.399999618530273,12.5,1013802
2017-06-13,12.699999809265137,13.199999809265137,12.699999809265137,13.0,1909868
2017-06-14,13.199999809265137,13.199999809265137,12.850000381469727,12.949999809265137,948747
2017-06-15,13.0,13.149999618530273,12.850000381469727,13.0,784117
2017-06-16,13.149999618530273,13.149999618530273,12.949999809265137,13.050000190734863,1187800
2017-06-19,13.050000190734863,13.050000190734863,12.600000381469727,12.649999618530273,846556
2017-06-20,12.649999618530273,12.800000190734863,12.600000381469727,12.699999809265137,581432
2017-06-21,12.649999618530273,13.199999809265137,12.649999618530273,12.899999618530273,2291765
2017-06-22,12.949999809265137,13.0,12.699999809265137,12.699999809265137,882032
2017-06-23,12.800000190734863,12.949999809265137,12.5,12.550000190734863,1031625
2017-06-27,12.649999618530273,12.75,12.449999809265137,12.449999809265137,792228
2017-06-28,12.5,12.649999618530273,12.449999809265137,12.5,610928
2017-06-29,12.600000381469727,12.699999809265137,12.550000190734863,12.600000381469727,527012
2017-06-30,12.550000190734863,12.850000381469727,12.449999809265137,12.550000190734863,1437221
2017-07-03,12.800000190734863,12.899999618530273,12.699999809265137,12.75,668365
2017-07-04,12.850000381469727,12.850000381469727,12.600000381469727,12.699999809265137,910085
2017-07-05,12.75,13.050000190734863,12.649999618530273,12.899999618530273,794275
2017-07-06,13.050000190734863,13.199999809265137,12.850000381469727,13.050000190734863,1395571
2017-07-07,13.050000190734863,15.649999618530273,12.949999809265137,15.649999618530273,17542982
2017-07-10,15.699999809265137,15.699999809265137,15.0,15.100000381469727,1368456
2017-07-11,15.5,15.899999618530273,14.699999809265137,14.75,5793898
2017-07-12,14.800000190734863,15.199999809265137,14.649999618530273,15.050000190734863,4476351
2017-07-13,15.149999618530273,15.199999809265137,14.399999618530273,14.649999618530273,2472034
2017-07-14,14.949999809265137,15.199999809265137,14.300000190734863,14.800000190734863,3330104
2017-07-17,14.899999618530273,15.199999809265137,14.699999809265137,14.949999809265137,2575626
2017-07-18,14.899999618530273,15.050000190734863,14.5,14.550000190734863,1861594
2017-07-19,14.5,15.100000381469727,14.5,15.0,2034931
2017-07-20,15.199999809265137,17.049999237060547,15.199999809265137,16.549999237060547,24509072
2017-07-21,16.600000381469727,19.799999237060547,16.299999237060547,19.399999618530273,28530898
2017-07-24,19.799999237060547,21.049999237060547,19.299999237060547,19.5,24445186
2017-07-25,20.200000762939453,22.0,19.700000762939453,21.75,47723292
2017-07-26,22.100000381469727,22.5,20.0,20.25,26310225
2017-07-27,20.600000381469727,20.899999618530273,18.649999618530273,19.100000381469727,15460764
2017-07-28,19.200000762939453,19.399999618530273,17.850000381469727,18.549999237060547,13972982
2017-07-31,18.75,18.850000381469727,18.049999237060547,18.149999618530273,8783723
2017-08-01,18.25,18.450000762939453,17.649999618530273,17.799999237060547,4343236
2017-08-02,17.850000381469727,19.100000381469727,17.299999237060547,18.75,16848625
2017-08-03,18.799999237060547,19.299999237060547,18.200000762939453,18.600000381469727,6997960
2017-08-04,18.700000762939453,19.149999618530273,18.049999237060547,18.850000381469727,6486196
2017-08-07,18.899999618530273,19.700000762939453,18.450000762939453,19.299999237060547,9348959
2017-08-08,19.049999237060547,19.149999618530273,18.5,18.600000381469727,6208375
2017-08-09,18.299999237060547,18.399999618530273,17.600000381469727,17.799999237060547,3830694
2017-08-10,17.600000381469727,18.0,16.600000381469727,16.850000381469727,4011182
2017-08-11,16.700000762939453,17.200000762939453,16.200000762939453,16.649999618530273,4215724
2017-08-14,16.75,17.200000762939453,16.5,16.700000762939453,2605273
2017-08-16,16.799999237060547,16.950000762939453,16.5,16.700000762939453,1740099
2017-08-17,16.850000381469727,17.600000381469727,16.700000762939453,17.149999618530273,3598339
2017-08-18,17.100000381469727,17.149999618530273,16.75,16.899999618530273,1909724
2017-08-21,17.049999237060547,17.399999618530273,16.799999237060547,16.899999618530273,1716090
2017-08-22,16.850000381469727,18.549999237060547,16.299999237060547,17.299999237060547,8129263
2017-08-23,17.450000762939453,17.700000762939453,17.149999618530273,17.399999618530273,1912575
2017-08-24,17.700000762939453,18.0,17.200000762939453,17.350000381469727,2735821
2017-08-28,17.399999618530273,17.649999618530273,17.100000381469727,17.350000381469727,2415836
2017-08-29,17.25,17.350000381469727,16.850000381469727,16.899999618530273,1701608
2017-08-30,17.0,17.299999237060547,17.0,17.049999237060547,1504125
2017-08-31,17.100000381469727,17.450000762939453,17.0,17.100000381469727,2046305
2017-09-01,17.100000381469727,17.299999237060547,17.0,17.049999237060547,1408475
2017-09-04,16.950000762939453,17.200000762939453,16.700000762939453,16.850000381469727,1344788
2017-09-05,16.75,17.25,16.5,16.75,3279064
2017-09-06,16.700000762939453,17.049999237060547,16.549999237060547,16.649999618530273,2073662
2017-09-07,16.649999618530273,16.899999618530273,16.5,16.549999237060547,2027749
2017-09-08,16.600000381469727,16.850000381469727,16.100000381469727,16.25,1796605
2017-09-11,16.25,16.350000381469727,15.649999618530273,15.75,2268618
2017-09-12,15.800000190734863,16.100000381469727,15.600000381469727,15.649999618530273,4117155
2017-09-13,15.600000381469727,16.25,15.600000381469727,15.75,3277452
2017-09-14,15.800000190734863,16.149999618530273,15.600000381469727,15.699999809265137,2514162
2017-09-15,15.5,15.899999618530273,15.300000190734863,15.399999618530273,2214154
2017-09-18,15.449999809265137,15.550000190734863,14.949999809265137,15.100000381469727,2934043
2017-09-19,15.199999809265137,15.25,14.699999809265137,14.800000190734863,4123300
2017-09-20,14.800000190734863,15.199999809265137,14.699999809265137,14.800000190734863,4939862
2017-09-21,14.800000190734863,14.899999618530273,14.5,14.600000381469727,3170029
2017-09-22,14.600000381469727,14.600000381469727,14.300000190734863,14.300000190734863,2692193
2017-09-25,14.399999618530273,14.449999809265137,13.649999618530273,13.800000190734863,2978723
2017-09-26,13.800000190734863,14.050000190734863,13.75,13.800000190734863,3148072
2017-09-27,14.050000190734863,14.350000381469727,13.550000190734863,13.649999618530273,1964880
2017-09-28,13.699999809265137,14.0,13.699999809265137,13.899999618530273,1288961
2017-09-29,14.100000381469727,14.149999618530273,13.800000190734863,13.850000381469727,1308373
2017-10-03,13.899999618530273,14.100000381469727,13.75,13.800000190734863,1349422
2017-10-04,13.899999618530273,14.050000190734863,13.699999809265137,13.75,1421948
2017-10-05,13.800000190734863,13.899999618530273,13.600000381469727,13.649999618530273,1214703
2017-10-06,13.800000190734863,14.300000190734863,13.75,13.899999618530273,3158846
2017-10-09,13.899999618530273,14.899999618530273,13.649999618530273,14.25,3712513
2017-10-10,14.25,15.100000381469727,14.050000190734863,14.850000381469727,6671724
2017-10-11,15.0,15.350000381469727,14.300000190734863,14.5,4060832
2017-10-12,14.649999618530273,14.75,14.350000381469727,14.550000190734863,2445650
2017-10-13,14.550000190734863,15.100000381469727,14.300000190734863,14.850000381469727,2876332
2017-10-16,14.699999809265137,14.899999618530273,14.550000190734863,14.699999809265137,1412164
2017-10-17,14.350000381469727,14.649999618530273,14.350000381469727,14.449999809265137,1208290
2017-10-18,14.350000381469727,14.699999809265137,14.100000381469727,14.199999809265137,1947345
2017-10-19,14.300000190734863,14.300000190734863,14.0,14.100000381469727,724815
2017-10-23,14.300000190734863,14.449999809265137,14.050000190734863,14.350000381469727,2068863
2017-10-24,14.399999618530273,14.600000381469727,14.199999809265137,14.25,1689823
2017-10-25,14.300000190734863,14.75,14.25,14.5,1845555
2017-10-26,14.5,14.5,14.25,14.25,1589992
2017-10-27,14.300000190734863,14.649999618530273,14.199999809265137,14.300000190734863,2142123
2017-10-30,14.300000190734863,14.600000381469727,14.300000190734863,14.399999618530273,2191049
2017-10-31,14.399999618530273,14.600000381469727,14.300000190734863,14.399999618530273,1808494
2017-11-01,14.899999618530273,16.200000762939453,14.899999618530273,15.5,14883593
2017-11-02,15.5,15.5,15.0,15.100000381469727,2163126
2017-11-03,15.100000381469727,15.350000381469727,14.899999618530273,15.25,2737254
2017-11-06,15.149999618530273,15.550000190734863,14.800000190734863,15.300000190734863,2805264
2017-11-07,15.449999809265137,15.5,14.75,14.800000190734863,1775011
2017-11-08,14.800000190734863,15.149999618530273,14.600000381469727,14.75,2401024
2017-11-09,15.0,15.25,14.800000190734863,15.149999618530273,2330041
2017-11-10,15.100000381469727,15.899999618530273,14.800000190734863,15.5,4360964
2017-11-13,15.449999809265137,15.75,15.0,15.149999618530273,1974883
2017-11-14,15.199999809265137,16.149999618530273,14.850000381469727,15.75,6376172
2017-11-15,15.5,16.200000762939453,15.050000190734863,15.649999618530273,6834642
2017-11-16,15.699999809265137,16.049999237060547,15.300000190734863,15.399999618530273,2116592
2017-11-17,15.699999809265137,17.799999237060547,15.699999809265137,17.549999237060547,21617234
2017-11-20,17.75,18.350000381469727,17.149999618530273,17.950000762939453,16020047
2017-11-21,18.149999618530273,18.200000762939453,16.600000381469727,16.799999237060547,8453422
2017-11-22,16.600000381469727,17.200000762939453,16.299999237060547,16.549999237060547,4039127
2017-11-23,16.700000762939453,18.200000762939453,16.700000762939453,17.950000762939453,10426620
2017-11-24,18.0,18.399999618530273,17.600000381469727,17.75,5806502
2017-11-27,17.600000381469727,18.399999618530273,17.549999237060547,18.149999618530273,5286766
2017-11-28,18.0,18.850000381469727,17.899999618530273,18.299999237060547,6135113
2017-11-29,18.200000762939453,18.600000381469727,17.899999618530273,17.950000762939453,4962814
2017-11-30,17.899999618530273,18.299999237060547,17.799999237060547,18.0,3287816
2017-12-01,18.0,18.75,17.600000381469727,17.75,5437883
2017-12-04,17.850000381469727,18.450000762939453,17.25,17.899999618530273,4365891
2017-12-05,17.850000381469727,18.149999618530273,17.649999618530273,17.850000381469727,2386882
2017-12-06,18.450000762939453,18.649999618530273,17.649999618530273,17.75,6275307
2017-12-07,17.799999237060547,18.0,17.399999618530273,17.549999237060547,2381473
2017-12-08,17.549999237060547,17.950000762939453,17.149999618530273,17.25,2110771
2017-12-11,17.25,17.299999237060547,17.0,17.0,1802546
2017-12-12,17.0,17.25,16.799999237060547,16.950000762939453,1619090
2017-12-13,16.950000762939453,17.0,16.100000381469727,16.25,3331498
2017-12-14,16.25,16.350000381469727,15.850000381469727,16.0,1871586
2017-12-15,16.100000381469727,16.350000381469727,15.800000190734863,15.899999618530273,1103143
2017-12-18,16.0,16.200000762939453,15.5,15.949999809265137,1213337
2017-12-19,16.100000381469727,17.399999618530273,16.0,17.100000381469727,7560592
2017-12-20,17.399999618530273,17.399999618530273,16.799999237060547,16.899999618530273,2535937
2017-12-21,16.950000762939453,17.299999237060547,16.399999618530273,16.649999618530273,2454532
2017-12-22,16.799999237060547,17.0,16.549999237060547,16.700000762939453,2458422
2017-12-26,16.700000762939453,16.950000762939453,16.5,16.75,1293926
2017-12-27,16.700000762939453,16.850000381469727,16.25,16.350000381469727,1980336
2017-12-28,16.350000381469727,16.399999618530273,16.0,16.100000381469727,2308467
2017-12-29,16.100000381469727,16.700000762939453,16.100000381469727,16.350000381469727,3094315
2018-01-01,16.399999618530273,17.5,16.25,16.899999618530273,7134944
2018-01-02,17.100000381469727,17.799999237060547,16.649999618530273,17.049999237060547,12467445
2018-01-03,17.149999618530273,17.399999618530273,16.75,16.850000381469727,3722046
2018-01-04,16.950000762939453,17.25,16.75,17.100000381469727,3344490
2018-01-05,17.200000762939453,17.399999618530273,16.850000381469727,16.899999618530273,2968594
2018-01-08,17.0,17.25,16.850000381469727,16.899999618530273,4391356
2018-01-09,16.899999618530273,17.100000381469727,16.700000762939453,16.850000381469727,2556837
2018-01-10,16.950000762939453,17.0,16.649999618530273,16.75,1682351
2018-01-11,16.600000381469727,17.0,16.5,16.549999237060547,2213015
2018-01-12,16.600000381469727,16.700000762939453,16.299999237060547,16.5,2112841
2018-01-15,16.5,17.149999618530273,16.450000762939453,16.600000381469727,2822914
2018-01-16,16.5,16.649999618530273,16.100000381469727,16.149999618530273,2490114
2018-01-17,16.149999618530273,16.299999237060547,15.800000190734863,16.100000381469727,2662629
2018-01-18,16.149999618530273,16.399999618530273,15.75,15.850000381469727,2508180
2018-01-19,15.800000190734863,16.299999237060547,15.600000381469727,15.949999809265137,2812606
2018-01-22,15.949999809265137,16.0,15.600000381469727,15.600000381469727,1395275
2018-01-23,15.75,15.75,15.5,15.600000381469727,1218786
2018-01-24,15.600000381469727,16.100000381469727,15.600000381469727,15.899999618530273,4458708
2018-01-25,15.949999809265137,16.0,15.550000190734863,15.649999618530273,1802032
2018-01-29,15.649999618530273,15.850000381469727,15.649999618530273,15.699999809265137,1765576
2018-01-30,15.75,15.850000381469727,15.149999618530273,15.399999618530273,3716131
2018-01-31,15.5,16.0,15.399999618530273,15.5,2011121
2018-02-01,15.600000381469727,15.699999809265137,15.399999618530273,15.399999618530273,1042626
2018-02-02,15.300000190734863,15.399999618530273,14.350000381469727,14.5,2944628
2018-02-05,14.050000190734863,15.5,14.0,15.25,4195928
2018-02-06,14.5,15.5,13.949999809265137,14.800000190734863,3654110
2018-02-07,15.050000190734863,15.449999809265137,14.899999618530273,15.0,1229940
2018-02-08,15.0,15.350000381469727,14.899999618530273,15.300000190734863,2422340
2018-02-09,15.0,16.25,14.600000381469727,15.649999618530273,5588449
2018-02-12,15.850000381469727,16.399999618530273,15.800000190734863,16.25,2777497
2018-02-14,16.350000381469727,16.350000381469727,15.699999809265137,15.699999809265137,3015796
2018-02-15,15.600000381469727,15.75,15.5,15.550000190734863,1813307
2018-02-16,15.600000381469727,15.75,15.5,15.5,1273438
2018-02-19,15.600000381469727,15.899999618530273,15.350000381469727,15.350000381469727,1332766
2018-02-20,15.449999809265137,15.5,15.350000381469727,15.350000381469727,1492013
2018-02-21,15.5,15.5,15.399999618530273,15.449999809265137,1071470
2018-02-22,15.449999809265137,15.899999618530273,15.350000381469727,15.850000381469727,1952003
2018-02-23,15.949999809265137,16.200000762939453,15.0,16.100000381469727,2480428
2018-02-26,16.100000381469727,16.149999618530273,15.5,15.850000381469727,1468379
2018-02-27,15.649999618530273,15.850000381469727,15.649999618530273,15.699999809265137,1799544
2018-02-28,15.600000381469727,15.699999809265137,15.5,15.649999618530273,714054
2018-03-01,15.800000190734863,16.100000381469727,15.800000190734863,15.850000381469727,3059282
2018-03-05,15.800000190734863,16.0,15.649999618530273,15.75,1535776
2018-03-06,15.800000190734863,15.949999809265137,15.550000190734863,15.600000381469727,1612005
2018-03-07,15.5,15.600000381469727,15.199999809265137,15.199999809265137,5157519
2018-03-08,15.350000381469727,16.0,14.449999809265137,15.550000190734863,5418078
2018-03-09,15.699999809265137,16.149999618530273,15.399999618530273,15.550000190734863,12232597
2018-03-12,15.899999618530273,15.899999618530273,15.399999618530273,15.449999809265137,5222412
2018-03-13,15.449999809265137,15.5,15.399999618530273,15.449999809265137,1417597
2018-03-14,15.449999809265137,15.550000190734863,15.350000381469727,15.399999618530273,1495697
2018-03-15,15.399999618530273,15.449999809265137,15.350000381469727,15.449999809265137,1974092
2018-03-16,15.449999809265137,15.449999809265137,15.25,15.350000381469727,1779915
2018-03-19,15.350000381469727,15.449999809265137,15.25,15.399999618530273,4590687
2018-03-20,15.350000381469727,15.600000381469727,15.350000381469727,15.5,5702825
2018-03-21,15.550000190734863,15.600000381469727,15.350000381469727,15.399999618530273,2272865
2018-03-22,15.399999618530273,15.449999809265137,15.25,15.350000381469727,2652598
2018-03-23,15.199999809265137,15.399999618530273,15.100000381469727,15.300000190734863,5816338
2018-03-26,15.350000381469727,15.399999618530273,15.25,15.300000190734863,2266559
2018-03-27,15.300000190734863,15.350000381469727,15.25,15.25,734914
2018-03-28,15.300000190734863,15.449999809265137,15.25,15.350000381469727,3359498
2018-04-02,15.449999809265137,15.449999809265137,15.300000190734863,15.350000381469727,1610300
2018-04-03,15.399999618530273,15.449999809265137,15.350000381469727,15.399999618530273,788745
2018-04-04,15.399999618530273,15.699999809265137,15.399999618530273,15.550000190734863,1980210
2018-04-05,15.600000381469727,15.649999618530273,15.449999809265137,15.5,685936
2018-04-06,15.5,15.600000381469727,15.449999809265137,15.550000190734863,566574
2018-04-09,15.75,15.850000381469727,15.550000190734863,15.649999618530273,2460030
2018-04-10,15.699999809265137,15.899999618530273,15.550000190734863,15.600000381469727,3832567
2018-04-11,15.800000190734863,15.800000190734863,15.550000190734863,15.600000381469727,765393
2018-04-12,15.649999618530273,15.699999809265137,15.600000381469727,15.600000381469727,848865
2018-04-13,15.649999618530273,15.699999809265137,15.600000381469727,15.649999618530273,749996
2018-04-16,15.649999618530273,15.75,15.649999618530273,15.649999618530273,740677
2018-04-17,15.699999809265137,15.75,15.649999618530273,15.699999809265137,852968
2018-04-18,15.800000190734863,15.850000381469727,15.649999618530273,15.649999618530273,983045
2018-04-19,15.699999809265137,15.800000190734863,15.550000190734863,15.649999618530273,2903024
2018-04-20,15.649999618530273,15.699999809265137,15.600000381469727,15.600000381469727,1058501
2018-04-23,15.600000381469727,15.699999809265137,15.550000190734863,15.649999618530273,1262315
2018-04-24,15.649999618530273,15.75,15.550000190734863,15.600000381469727,1060060
2018-04-25,15.649999618530273,15.649999618530273,15.600000381469727,15.600000381469727,854466
2018-04-26,15.600000381469727,15.75,15.600000381469727,15.649999618530273,1827867
2018-04-27,15.600000381469727,15.800000190734863,15.600000381469727,15.600000381469727,1621690
2018-04-30,15.600000381469727,15.850000381469727,15.550000190734863,15.649999618530273,1407914
2018-05-02,15.75,15.850000381469727,15.550000190734863,15.600000381469727,1591216
2018-05-03,15.649999618530273,15.75,15.550000190734863,15.600000381469727,1159275
2018-05-04,15.600000381469727,15.649999618530273,15.550000190734863,15.550000190734863,1032873
2018-05-07,15.550000190734863,15.600000381469727,15.5,15.5,1251751
2018-05-08,15.550000190734863,15.600000381469727,15.300000190734863,15.449999809265137,25653454
2018-05-09,15.399999618530273,15.600000381469727,15.300000190734863,15.5,31940476
2018-05-10,15.449999809265137,15.550000190734863,15.300000190734863,15.399999618530273,2649672
2018-05-11,15.399999618530273,15.449999809265137,15.350000381469727,15.399999618530273,3006597
2018-05-14,15.399999618530273,15.5,15.350000381469727,15.449999809265137,1997868
2018-05-15,15.449999809265137,15.5,15.399999618530273,15.449999809265137,2346105
2018-05-16,15.199999809265137,15.550000190734863,15.100000381469727,15.5,23113116
2018-05-17,15.550000190734863,15.850000381469727,15.550000190734863,15.75,52382735
2018-05-18,15.800000190734863,16.0,15.649999618530273,15.75,2386833
2018-05-21,15.800000190734863,15.850000381469727,15.699999809265137,15.800000190734863,2489805
2018-05-22,15.800000190734863,15.949999809265137,15.800000190734863,15.899999618530273,2325505
2018-05-23,15.949999809265137,15.949999809265137,15.850000381469727,15.850000381469727,763009
2018-05-24,15.850000381469727,15.949999809265137,15.850000381469727,15.899999618530273,2147942
2018-05-25,16.049999237060547,16.100000381469727,16.049999237060547,16.049999237060547,3559844
2018-05-28,16.200000762939453,16.200000762939453,16.049999237060547,16.100000381469727,2788193
2018-05-29,16.149999618530273,16.149999618530273,16.100000381469727,16.100000381469727,1399692
2018-05-30,16.100000381469727,16.149999618530273,16.049999237060547,16.049999237060547,6508685
2018-05-31,16.100000381469727,16.100000381469727,16.0,16.0,5963175
2018-06-01,16.0,16.049999237060547,15.899999618530273,15.949999809265137,5312967
2018-06-04,16.0,16.100000381469727,16.0,16.049999237060547,2756626
2018-06-05,16.100000381469727,16.100000381469727,15.899999618530273,15.949999809265137,7163658
2018-06-06,16.049999237060547,16.049999237060547,15.949999809265137,16.049999237060547,2516577
2018-06-07,16.049999237060547,16.100000381469727,16.0,16.049999237060547,965849
2018-06-08,16.049999237060547,16.100000381469727,16.0,16.049999237060547,966961
2018-06-11,16.049999237060547,16.25,16.0,16.149999618530273,3482292
2018-06-12,16.149999618530273,16.200000762939453,16.049999237060547,16.100000381469727,3702539
2018-06-13,16.149999618530273,16.149999618530273,16.049999237060547,16.149999618530273,1583129
2018-06-14,15.75,15.899999618530273,15.350000381469727,15.5,582458
2018-06-15,15.5,18.600000381469727,15.5,15.949999809265137,17144351
2018-06-18,15.699999809265137,15.899999618530273,15.350000381469727,15.449999809265137,679593
2018-06-19,15.399999618530273,16.100000381469727,14.25,14.800000190734863,6494007
2018-06-20,14.699999809265137,14.850000381469727,14.449999809265137,14.600000381469727,1237395
2018-06-21,14.75,14.75,14.300000190734863,14.399999618530273,531271
2018-06-22,14.449999809265137,14.449999809265137,13.199999809265137,13.449999809265137,2305652
2018-06-25,13.5,13.75,13.050000190734863,13.300000190734863,583672
2018-06-26,13.449999809265137,13.800000190734863,12.600000381469727,12.649999618530273,1054217
2018-06-27,12.800000190734863,13.25,12.399999618530273,12.550000190734863,919821
2018-06-28,12.449999809265137,12.800000190734863,12.050000190734863,12.25,552261
2018-06-29,12.5,13.300000190734863,12.449999809265137,12.899999618530273,850017
2018-07-02,13.050000190734863,13.300000190734863,12.800000190734863,12.899999618530273,339928
2018-07-03,12.949999809265137,12.949999809265137,12.5,12.800000190734863,278207
2018-07-04,12.800000190734863,12.800000190734863,12.5,12.600000381469727,283912
2018-07-05,12.600000381469727,13.149999618530273,12.300000190734863,12.75,752066
2018-07-06,12.600000381469727,12.949999809265137,12.550000190734863,12.600000381469727,355134
2018-07-09,12.699999809265137,12.850000381469727,12.5,12.550000190734863,388471
2018-07-10,12.600000381469727,13.050000190734863,12.550000190734863,12.850000381469727,685085
2018-07-11,12.850000381469727,12.949999809265137,12.600000381469727,12.649999618530273,342579
2018-07-12,12.649999618530273,12.800000190734863,12.5,12.649999618530273,551365
2018-07-13,12.600000381469727,12.649999618530273,12.25,12.300000190734863,466295
2018-07-16,12.300000190734863,12.300000190734863,11.5,11.550000190734863,549103
2018-07-17,11.649999618530273,11.699999809265137,11.0,11.050000190734863,660535
2018-07-18,11.100000381469727,11.25,10.949999809265137,11.050000190734863,479113
2018-07-19,11.149999618530273,11.25,9.899999618530273,10.149999618530273,1481151
2018-07-20,10.100000381469727,10.149999618530273,9.600000381469727,9.850000381469727,606531
2018-07-23,10.149999618530273,10.449999809265137,9.899999618530273,10.300000190734863,722487
2018-07-24,10.699999809265137,12.100000381469727,10.399999618530273,11.5,1891554
2018-07-25,12.25,13.300000190734863,11.699999809265137,12.949999809265137,2508670
2018-07-26,13.050000190734863,13.899999618530273,13.0,13.350000381469727,1756807
2018-07-27,13.399999618530273,13.449999809265137,12.050000190734863,12.850000381469727,853500
2018-07-30,12.800000190734863,12.899999618530273,12.449999809265137,12.600000381469727,601904
2018-07-31,12.5,12.649999618530273,12.25,12.399999618530273,515473
2018-08-01,12.449999809265137,12.75,12.350000381469727,12.550000190734863,327365
2018-08-02,12.699999809265137,13.050000190734863,12.199999809265137,12.699999809265137,736313
2018-08-03,12.850000381469727,12.850000381469727,12.350000381469727,12.600000381469727,372937
2018-08-06,12.600000381469727,13.350000381469727,12.600000381469727,12.75,799297
2018-08-07,12.75,13.0,12.699999809265137,12.75,480084
2018-08-08,12.75,12.850000381469727,12.550000190734863,12.600000381469727,453179
2018-08-09,12.399999618530273,12.949999809265137,12.399999618530273,12.699999809265137,610711
2018-08-10,12.850000381469727,12.850000381469727,12.399999618530273,12.5,388149
2018-08-13,12.25,12.350000381469727,12.050000190734863,12.149999618530273,375239
2018-08-14,12.149999618530273,12.350000381469727,11.949999809265137,12.25,346465
2018-08-16,12.25,12.300000190734863,11.899999618530273,12.100000381469727,250405
2018-08-17,12.050000190734863,12.75,12.0,12.100000381469727,320482
2018-08-20,12.300000190734863,12.300000190734863,12.0,12.100000381469727,426917
2018-08-21,12.149999618530273,12.25,12.0,12.050000190734863,156794
2018-08-23,12.050000190734863,12.199999809265137,11.899999618530273,11.949999809265137,239402
2018-08-24,11.899999618530273,12.449999809265137,11.649999618530273,12.300000190734863,994189
2018-08-27,12.399999618530273,12.399999618530273,12.0,12.100000381469727,452088
2018-08-28,12.350000381469727,12.550000190734863,12.0,12.050000190734863,440887
2018-08-29,12.149999618530273,12.149999618530273,11.800000190734863,11.850000381469727,490110
2018-08-30,11.800000190734863,11.949999809265137,11.699999809265137,11.800000190734863,262054
2018-08-31,11.800000190734863,11.899999618530273,11.699999809265137,11.75,347540
2018-09-03,11.850000381469727,12.0,11.75,11.850000381469727,305451
2018-09-04,11.850000381469727,11.850000381469727,11.550000190734863,11.649999618530273,342518
2018-09-05,11.699999809265137,11.699999809265137,11.350000381469727,11.449999809265137,333838
2018-09-06,11.550000190734863,11.699999809265137,11.199999809265137,11.399999618530273,496634
2018-09-07,11.5,11.75,11.350000381469727,11.449999809265137,339082
2018-09-10,11.449999809265137,11.850000381469727,11.25,11.649999618530273,846546
2018-09-11,11.75,11.899999618530273,11.449999809265137,11.5,624856
2018-09-12,11.600000381469727,13.300000190734863,11.5,12.899999618530273,3543189
2018-09-14,13.0,15.25,13.0,14.800000190734863,14274002
2018-09-17,15.0,17.75,14.949999809265137,17.700000762939453,32221222
2018-09-18,17.950000762939453,18.350000381469727,15.949999809265137,15.949999809265137,11625087
2018-09-19,16.100000381469727,16.799999237060547,15.199999809265137,15.449999809265137,5263680
2018-09-21,15.550000190734863,15.550000190734863,13.949999809265137,13.949999809265137,4483522
2018-09-24,13.800000190734863,13.899999618530273,13.300000190734863,13.300000190734863,1536925
2018-09-25,13.300000190734863,13.949999809265137,12.75,13.800000190734863,3743251
2018-09-26,14.050000190734863,14.25,13.149999618530273,13.149999618530273,3107651
2018-09-27,13.300000190734863,13.5,12.5,12.5,1179193
2018-09-28,12.399999618530273,12.5,11.899999618530273,11.899999618530273,1362594
2018-10-01,11.550000190734863,11.699999809265137,11.350000381469727,11.449999809265137,1833565
2018-10-03,11.5,12.0,11.350000381469727,12.0,642407
2018-10-04,11.800000190734863,12.350000381469727,11.600000381469727,12.199999809265137,1479791
2018-10-05,12.25,12.800000190734863,12.100000381469727,12.25,873407
2018-10-08,12.449999809265137,12.449999809265137,11.699999809265137,11.800000190734863,1513436
2018-10-09,12.149999618530273,12.350000381469727,12.0,12.149999618530273,1129639
2018-10-10,12.25,12.75,11.949999809265137,12.75,1006257
2018-10-11,12.25,13.100000381469727,12.25,12.800000190734863,1393342
2018-10-12,13.0,13.350000381469727,12.949999809265137,13.25,1348374
2018-10-15,13.899999618530273,13.899999618530273,13.550000190734863,13.899999618530273,1802415
2018-10-16,14.25,14.399999618530273,13.800000190734863,14.050000190734863,1932076
2018-10-17,14.350000381469727,14.399999618530273,13.350000381469727,13.399999618530273,1037380
2018-10-19,12.949999809265137,13.899999618530273,12.949999809265137,13.600000381469727,1361665
2018-10-22,13.699999809265137,13.800000190734863,13.100000381469727,13.199999809265137,476012
2018-10-23,13.050000190734863,13.350000381469727,12.75,12.949999809265137,566721
2018-10-24,13.100000381469727,13.149999618530273,12.649999618530273,12.949999809265137,661729
2018-10-25,12.949999809265137,13.199999809265137,12.550000190734863,12.899999618530273,490171
2018-10-26,12.899999618530273,13.149999618530273,12.649999618530273,12.949999809265137,628833
2018-10-29,13.050000190734863,13.550000190734863,12.850000381469727,13.5,737115
2018-10-30,13.550000190734863,13.899999618530273,13.050000190734863,13.25,971554
2018-10-31,13.050000190734863,13.199999809265137,12.75,12.899999618530273,728316
2018-11-01,12.899999618530273,13.25,12.75,13.0,427224
2018-11-02,13.199999809265137,13.649999618530273,13.0,13.25,1072219
2018-11-05,13.399999618530273,13.550000190734863,13.050000190734863,13.149999618530273,430171
2018-11-06,13.25,13.350000381469727,12.800000190734863,12.899999618530273,565585
2018-11-07,12.949999809265137,13.100000381469727,12.75,13.0,197009
2018-11-09,13.149999618530273,13.399999618530273,13.050000190734863,13.199999809265137,667164
2018-11-12,13.25,13.850000381469727,13.0,13.75,2646065
2018-11-13,13.75,13.75,13.350000381469727,13.449999809265137,1083391
2018-11-14,13.5,13.550000190734863,13.100000381469727,13.25,1217825
2018-11-15,13.199999809265137,13.649999618530273,12.899999618530273,13.350000381469727,1070846
2018-11-16,13.25,13.399999618530273,13.050000190734863,13.149999618530273,513538
2018-11-19,13.300000190734863,13.300000190734863,12.899999618530273,12.949999809265137,678802
2018-11-20,12.899999618530273,13.100000381469727,12.699999809265137,12.699999809265137,637647
2018-11-21,12.75,12.800000190734863,12.600000381469727,12.699999809265137,525377
2018-11-22,12.699999809265137,12.899999618530273,12.550000190734863,12.600000381469727,528720
2018-11-26,12.699999809265137,12.699999809265137,12.5,12.550000190734863,495295
2018-11-27,12.550000190734863,12.75,12.399999618530273,12.449999809265137,592228
2018-11-28,12.5,12.5,11.899999618530273,11.949999809265137,1005738
2018-11-29,12.050000190734863,12.100000381469727,11.600000381469727,11.649999618530273,668598
2018-11-30,11.800000190734863,11.850000381469727,11.399999618530273,11.600000381469727,905907
2018-12-03,11.649999618530273,11.949999809265137,11.5,11.649999618530273,639516
2018-12-04,11.800000190734863,12.050000190734863,11.649999618530273,11.800000190734863,684562
2018-12-05,11.850000381469727,11.850000381469727,11.5,11.550000190734863,458168
2018-12-06,11.5,11.649999618530273,11.149999618530273,11.25,795268
2018-12-07,11.399999618530273,11.399999618530273,11.0,11.100000381469727,363986
2018-12-10,10.949999809265137,11.449999809265137,10.699999809265137,10.899999618530273,407433
2018-12-11,10.850000381469727,11.199999809265137,10.699999809265137,11.050000190734863,326145
2018-12-12,11.149999618530273,11.600000381469727,11.100000381469727,11.300000190734863,1346467
2018-12-13,11.350000381469727,11.5,11.199999809265137,11.25,610047
2018-12-14,11.149999618530273,11.350000381469727,10.899999618530273,11.199999809265137,499206
2018-12-17,11.350000381469727,11.350000381469727,11.050000190734863,11.149999618530273,426928
2018-12-18,11.100000381469727,11.199999809265137,11.050000190734863,11.149999618530273,287037
2018-12-19,11.149999618530273,11.399999618530273,11.100000381469727,11.149999618530273,734900
2018-12-20,11.100000381469727,11.300000190734863,11.0,11.050000190734863,584954
2018-12-21,11.100000381469727,11.300000190734863,10.800000190734863,10.850000381469727,1033506
2018-12-24,10.949999809265137,11.0,10.75,10.800000190734863,447825
2018-12-26,11.0,11.0,10.649999618530273,10.75,488543
2018-12-27,10.699999809265137,10.949999809265137,10.699999809265137,10.75,453156
2018-12-28,10.75,10.800000190734863,10.649999618530273,10.75,362774
2018-12-31,10.699999809265137,10.800000190734863,10.550000190734863,10.699999809265137,647036
2019-01-01,10.800000190734863,11.100000381469727,10.649999618530273,11.050000190734863,578774
2019-01-02,11.0,11.050000190734863,10.850000381469727,10.899999618530273,411621
2019-01-03,11.0,11.199999809265137,10.75,11.0,820288
2019-01-04,10.899999618530273,11.149999618530273,10.899999618530273,11.0,610094
2019-01-07,10.949999809265137,11.100000381469727,10.75,10.800000190734863,475604
2019-01-08,11.0,11.600000381469727,10.800000190734863,11.449999809265137,1708237
2019-01-09,11.649999618530273,11.649999618530273,11.149999618530273,11.199999809265137,529587
2019-01-10,11.25,11.5,11.100000381469727,11.300000190734863,505619
2019-01-11,11.350000381469727,11.399999618530273,11.0,11.149999618530273,811855
2019-01-14,11.25,11.25,10.899999618530273,10.949999809265137,331784
2019-01-15,11.050000190734863,11.5,10.899999618530273,11.300000190734863,750652
2019-01-16,11.300000190734863,11.5,11.149999618530273,11.199999809265137,872434
2019-01-17,11.149999618530273,11.300000190734863,11.0,11.100000381469727,369523
2019-01-18,11.0,11.149999618530273,10.25,10.699999809265137,1344454
2019-01-21,10.550000190734863,11.0,10.550000190734863,10.800000190734863,371455
2019-01-22,10.649999618530273,10.850000381469727,10.649999618530273,10.75,303496
2019-01-23,10.75,10.800000190734863,10.600000381469727,10.649999618530273,225556
2019-01-24,10.699999809265137,10.800000190734863,10.600000381469727,10.649999618530273,278926
2019-01-25,10.699999809265137,10.75,10.5,10.550000190734863,351022
2019-01-28,10.550000190734863,10.550000190734863,10.100000381469727,10.300000190734863,507063
2019-01-29,10.25,10.5,10.100000381469727,10.149999618530273,514603
2019-01-30,10.100000381469727,10.300000190734863,10.100000381469727,10.149999618530273,304190
2019-01-31,10.449999809265137,10.449999809265137,10.149999618530273,10.25,285848
2019-02-01,10.25,10.350000381469727,10.050000190734863,10.100000381469727,365074
2019-02-04,10.149999618530273,10.199999809265137,9.600000381469727,9.850000381469727,441616
2019-02-05,10.0,10.149999618530273,9.75,9.850000381469727,662205
2019-02-06,10.0,10.199999809265137,9.899999618530273,10.0,501853
2019-02-07,10.050000190734863,10.850000381469727,9.899999618530273,10.199999809265137,510607
2019-02-08,10.5,10.5,10.050000190734863,10.149999618530273,301241
2019-02-11,9.899999618530273,10.25,9.899999618530273,10.100000381469727,249774
2019-02-12,10.100000381469727,10.449999809265137,9.949999809265137,10.300000190734863,521457
2019-02-14,10.100000381469727,10.449999809265137,10.0,10.199999809265137,526108
2019-02-15,10.449999809265137,10.649999618530273,10.100000381469727,10.149999618530273,1143276
2019-02-18,10.199999809265137,10.25,9.899999618530273,10.050000190734863,623572
2019-02-19,9.899999618530273,10.449999809265137,9.899999618530273,10.149999618530273,922765
2019-02-20,10.25,10.300000190734863,9.850000381469727,10.0,784101
2019-02-21,10.100000381469727,10.25,9.899999618530273,10.100000381469727,424671
2019-02-22,10.149999618530273,10.5,10.100000381469727,10.350000381469727,982094
2019-02-25,10.350000381469727,11.649999618530273,10.350000381469727,11.25,3315585
2019-02-26,11.100000381469727,11.100000381469727,10.600000381469727,10.75,1757305
2019-02-27,10.850000381469727,11.100000381469727,10.300000190734863,10.399999618530273,1478469
2019-02-28,10.699999809265137,10.800000190734863,10.350000381469727,10.550000190734863,1035842
2019-03-01,10.800000190734863,11.149999618530273,10.75,10.899999618530273,1381432
2019-03-05,10.899999618530273,11.5,10.850000381469727,11.399999618530273,1315671
2019-03-06,11.5,11.850000381469727,11.399999618530273,11.550000190734863,2474029
2019-03-07,11.800000190734863,11.899999618530273,11.5,11.649999618530273,1772940
2019-03-08,11.649999618530273,11.949999809265137,11.399999618530273,11.449999809265137,1001071
2019-03-11,11.399999618530273,11.5,11.25,11.350000381469727,742840
2019-03-12,11.449999809265137,11.75,11.300000190734863,11.649999618530273,1087054
2019-03-13,11.75,11.75,11.25,11.300000190734863,679332
2019-03-14,11.300000190734863,11.600000381469727,11.050000190734863,11.449999809265137,1147081
2019-03-15,11.350000381469727,11.75,10.800000190734863,10.949999809265137,3600564
2019-03-18,11.050000190734863,11.199999809265137,10.800000190734863,11.0,850381
2019-03-19,10.899999618530273,11.100000381469727,10.850000381469727,11.050000190734863,603304
2019-03-20,11.0,11.100000381469727,10.899999618530273,10.899999618530273,801301
2019-03-22,10.899999618530273,11.050000190734863,10.699999809265137,10.75,1050697
2019-03-25,10.699999809265137,10.75,10.300000190734863,10.399999618530273,719609
2019-03-26,10.550000190734863,10.850000381469727,10.199999809265137,10.449999809265137,919734
2019-03-27,10.449999809265137,10.600000381469727,10.149999618530273,10.25,732046
2019-03-28,10.25,10.5,10.149999618530273,10.199999809265137,671933
2019-04-01,10.300000190734863,10.899999618530273,10.25,10.75,1210123
2019-04-02,10.899999618530273,10.899999618530273,10.649999618530273,10.75,275264
2019-04-03,10.75,10.949999809265137,10.550000190734863,10.699999809265137,408308
2019-04-04,10.75,10.850000381469727,10.5,10.75,343714
2019-04-05,10.949999809265137,12.5,10.75,12.25,6280354
2019-04-08,12.300000190734863,12.5,11.5,11.800000190734863,2270192
2019-04-09,11.75,12.149999618530273,11.600000381469727,11.75,845503
2019-04-10,11.850000381469727,12.0,11.550000190734863,11.649999618530273,711703
2019-04-11,11.699999809265137,11.699999809265137,11.350000381469727,11.399999618530273,527433
2019-04-12,11.300000190734863,11.449999809265137,11.25,11.350000381469727,367917
2019-04-15,11.800000190734863,11.800000190734863,11.25,11.300000190734863,619035
2019-04-16,11.300000190734863,11.449999809265137,11.199999809265137,11.25,517280
2019-04-18,11.149999618530273,11.399999618530273,10.899999618530273,11.199999809265137,618981
2019-04-22,11.199999809265137,11.199999809265137,10.850000381469727,10.899999618530273,474670
2019-04-23,10.899999618530273,11.100000381469727,10.75,10.899999618530273,394622
2019-04-24,11.100000381469727,11.100000381469727,10.699999809265137,10.75,342845
2019-04-25,10.800000190734863,11.550000190734863,10.699999809265137,11.100000381469727,1049077
2019-04-26,11.199999809265137,11.199999809265137,10.899999618530273,10.949999809265137,353090
2019-04-30,10.800000190734863,10.949999809265137,10.600000381469727,10.75,530828
2019-05-02,10.550000190734863,11.199999809265137,10.550000190734863,11.100000381469727,1098933
2019-05-03,11.050000190734863,11.300000190734863,10.949999809265137,11.050000190734863,535066
2019-05-06,10.899999618530273,11.100000381469727,10.800000190734863,10.899999618530273,391020
2019-05-07,10.899999618530273,11.0,10.75,10.800000190734863,301756
2019-05-08,10.75,10.800000190734863,10.300000190734863,10.350000381469727,681982
2019-05-09,10.350000381469727,10.699999809265137,10.300000190734863,10.399999618530273,726296
2019-05-10,10.399999618530273,10.600000381469727,10.350000381469727,10.399999618530273,261330
2019-05-13,10.25,10.600000381469727,10.050000190734863,10.149999618530273,628673
2019-05-14,10.050000190734863,10.25,10.0,10.100000381469727,512666
2019-05-15,10.149999618530273,10.399999618530273,10.100000381469727,10.149999618530273,264182
2019-05-16,10.149999618530273,10.300000190734863,10.100000381469727,10.149999618530273,240691
2019-05-17,10.199999809265137,10.399999618530273,9.949999809265137,10.25,617639
2019-05-20,10.449999809265137,11.100000381469727,10.449999809265137,10.550000190734863,528290
2019-05-21,10.75,10.75,10.300000190734863,10.449999809265137,315911
2019-05-22,10.350000381469727,10.600000381469727,10.149999618530273,10.300000190734863,558935
2019-05-23,10.449999809265137,10.600000381469727,10.0,10.300000190734863,723484
2019-05-24,10.25,11.050000190734863,10.199999809265137,10.899999618530273,1264804
2019-05-27,10.800000190734863,11.300000190734863,10.800000190734863,11.050000190734863,1289256
2019-05-28,11.149999618530273,11.149999618530273,10.899999618530273,10.899999618530273,459884
2019-05-29,10.899999618530273,10.899999618530273,10.600000381469727,10.649999618530273,274329
2019-05-30,10.600000381469727,10.800000190734863,9.899999618530273,10.0,1554078
2019-05-31,10.100000381469727,10.300000190734863,10.100000381469727,10.149999618530273,537517
2019-06-03,10.050000190734863,10.25,10.050000190734863,10.149999618530273,332561
2019-06-04,10.199999809265137,10.550000190734863,10.149999618530273,10.199999809265137,544698
2019-06-06,10.350000381469727,10.350000381469727,10.050000190734863,10.100000381469727,286190
2019-06-07,10.050000190734863,10.149999618530273,10.0,10.050000190734863,361740
2019-06-10,10.100000381469727,10.199999809265137,9.850000381469727,9.949999809265137,473216
2019-06-11,9.949999809265137,10.0,9.649999618530273,9.850000381469727,433838
2019-06-12,9.899999618530273,9.949999809265137,9.75,9.75,196571
2019-06-13,9.800000190734863,9.850000381469727,9.699999809265137,9.800000190734863,325224
2019-06-14,9.649999618530273,9.850000381469727,9.600000381469727,9.649999618530273,378282
2019-06-17,9.649999618530273,9.699999809265137,9.350000381469727,9.350000381469727,400824
2019-06-18,9.350000381469727,9.550000190734863,9.25,9.25,549104
2019-06-19,9.350000381469727,9.649999618530273,8.949999809265137,8.949999809265137,503781
2019-06-20,9.149999618530273,9.149999618530273,8.600000381469727,8.800000190734863,522282
2019-06-21,8.850000381469727,9.449999809265137,8.800000190734863,8.949999809265137,713870
2019-06-24,9.0,9.100000381469727,8.949999809265137,9.050000190734863,184826
2019-06-25,9.149999618530273,9.149999618530273,8.949999809265137,9.0,152395
2019-06-26,8.949999809265137,9.100000381469727,8.899999618530273,9.0,449062
2019-06-27,9.149999618530273,9.399999618530273,9.100000381469727,9.149999618530273,608196
2019-06-28,9.149999618530273,9.300000190734863,8.949999809265137,9.199999809265137,370652
2019-07-01,9.449999809265137,9.649999618530273,9.050000190734863,9.25,503755
2019-07-02,9.199999809265137,9.300000190734863,9.0,9.050000190734863,249229
2019-07-03,9.050000190734863,9.149999618530273,9.0,9.050000190734863,178387
2019-07-04,9.149999618530273,9.25,9.0,9.149999618530273,296465
2019-07-05,9.149999618530273,9.300000190734863,9.0,9.050000190734863,297142
2019-07-08,9.050000190734863,9.050000190734863,8.75,8.899999618530273,371191
2019-07-09,9.050000190734863,9.100000381469727,8.899999618530273,9.050000190734863,262894
2019-07-10,9.0,9.050000190734863,8.75,8.800000190734863,237572
2019-07-11,8.899999618530273,8.949999809265137,8.800000190734863,8.850000381469727,153513
2019-07-12,8.949999809265137,9.449999809265137,8.850000381469727,9.300000190734863,931150
2019-07-15,9.0,9.350000381469727,8.899999618530273,8.949999809265137,306018
2019-07-16,9.050000190734863,9.100000381469727,8.800000190734863,8.850000381469727,417936
2019-07-17,8.899999618530273,9.0,8.800000190734863,8.800000190734863,201932
2019-07-18,8.850000381469727,9.100000381469727,8.75,8.800000190734863,345555
2019-07-19,8.899999618530273,9.100000381469727,8.75,8.850000381469727,711042
2019-07-22,8.800000190734863,8.949999809265137,8.649999618530273,8.699999809265137,308311
2019-07-23,8.699999809265137,9.050000190734863,8.699999809265137,8.899999618530273,291268
2019-07-24,8.899999618530273,9.100000381469727,8.850000381469727,8.899999618530273,326131
2019-07-25,9.100000381469727,9.350000381469727,8.75,8.800000190734863,388670
2019-07-26,8.850000381469727,8.899999618530273,8.649999618530273,8.699999809265137,189698
2019-07-29,8.800000190734863,8.850000381469727,8.199999809265137,8.25,496558
2019-07-30,8.25,8.399999618530273,7.650000095367432,7.800000190734863,511023
2019-07-31,7.849999904632568,7.949999809265137,7.599999904632568,7.849999904632568,242151
2019-08-01,7.800000190734863,7.949999809265137,7.599999904632568,7.75,357288
2019-08-02,7.75,7.800000190734863,7.300000190734863,7.599999904632568,412382
2019-08-05,7.5,7.5,7.099999904632568,7.300000190734863,323895
2019-08-06,7.25,7.849999904632568,7.25,7.75,244408
2019-08-07,7.699999809265137,7.699999809265137,6.650000095367432,6.949999809265137,1317931
2019-08-08,7.050000190734863,7.050000190734863,6.900000095367432,7.0,310733
2019-08-09,7.0,7.449999809265137,7.0,7.400000095367432,409521
2019-08-13,7.400000095367432,7.400000095367432,7.150000095367432,7.150000095367432,188884
2019-08-14,7.150000095367432,7.599999904632568,7.050000190734863,7.300000190734863,701088
2019-08-16,7.199999809265137,7.400000095367432,7.150000095367432,7.25,296036
2019-08-19,7.25,7.5,7.25,7.300000190734863,310195
2019-08-20,7.300000190734863,7.349999904632568,7.050000190734863,7.099999904632568,224311
2019-08-21,7.099999904632568,7.199999809265137,6.900000095367432,6.949999809265137,273479
2019-08-22,7.0,7.099999904632568,6.800000190734863,6.849999904632568,384578
2019-08-23,6.949999809265137,6.949999809265137,6.75,6.800000190734863,327767
2019-08-26,7.0,7.0,6.599999904632568,6.650000095367432,402429
2019-08-27,6.650000095367432,7.0,6.599999904632568,6.800000190734863,444393
2019-08-28,6.849999904632568,6.949999809265137,6.75,6.75,626480
2019-08-29,6.900000095367432,7.199999809265137,6.5,6.550000190734863,1426778
2019-08-30,6.599999904632568,6.900000095367432,6.599999904632568,6.849999904632568,493020
2019-09-03,6.849999904632568,7.099999904632568,6.75,7.050000190734863,494543
2019-09-04,7.099999904632568,7.75,7.050000190734863,7.349999904632568,2106263
2019-09-05,7.349999904632568,7.550000190734863,7.099999904632568,7.349999904632568,894951
2019-09-06,7.300000190734863,7.599999904632568,7.150000095367432,7.550000190734863,899332
2019-09-09,7.699999809265137,7.75,7.5,7.650000095367432,564800
2019-09-11,7.699999809265137,8.100000381469727,7.650000095367432,7.849999904632568,1281692
2019-09-12,8.0,8.050000190734863,7.699999809265137,7.800000190734863,483655
2019-09-13,7.900000095367432,7.949999809265137,7.599999904632568,7.849999904632568,509881
2019-09-16,8.0,8.149999618530273,7.800000190734863,7.949999809265137,775694
2019-09-17,8.0,8.300000190734863,7.849999904632568,8.050000190734863,1232077
2019-09-18,8.0,8.149999618530273,7.849999904632568,7.900000095367432,267540
2019-09-19,7.900000095367432,7.949999809265137,7.599999904632568,7.650000095367432,503855
2019-09-20,7.75,7.75,6.900000095367432,7.099999904632568,2713044
2019-09-23,7.199999809265137,7.25,6.849999904632568,6.849999904632568,826273
2019-09-24,6.900000095367432,7.150000095367432,6.900000095367432,7.050000190734863,703601
2019-09-25,7.050000190734863,7.349999904632568,7.0,7.150000095367432,878684
2019-09-26,7.25,7.300000190734863,7.050000190734863,7.099999904632568,587373
2019-09-27,7.0,7.199999809265137,7.0,7.050000190734863,452425
2019-09-30,7.099999904632568,7.099999904632568,6.5,6.599999904632568,664948
2019-10-01,6.599999904632568,6.949999809265137,6.599999904632568,6.699999809265137,400487
2019-10-03,6.75,6.949999809265137,6.699999809265137,6.849999904632568,387119
2019-10-04,6.949999809265137,7.0,6.800000190734863,6.849999904632568,253077
2019-10-07,6.949999809265137,7.0,6.699999809265137,6.849999904632568,274004
2019-10-09,6.75,7.0,6.75,6.800000190734863,331700
2019-10-10,6.650000095367432,6.849999904632568,6.650000095367432,6.75,383620
2019-10-11,6.800000190734863,6.849999904632568,6.650000095367432,6.800000190734863,306641
2019-10-14,6.900000095367432,6.900000095367432,6.75,6.800000190734863,318107
2019-10-15,6.849999904632568,6.849999904632568,6.650000095367432,6.699999809265137,217463
2019-10-16,6.699999809265137,6.800000190734863,6.599999904632568,6.650000095367432,230717
2019-10-17,6.699999809265137,6.800000190734863,6.599999904632568,6.75,369099
2019-10-18,6.75,6.900000095367432,6.699999809265137,6.849999904632568,567562
2019-10-22,6.849999904632568,7.150000095367432,6.800000190734863,7.050000190734863,600308
2019-10-23,7.050000190734863,7.349999904632568,7.050000190734863,7.25,584522
2019-10-24,7.400000095367432,7.400000095367432,6.900000095367432,7.199999809265137,406344
2019-10-25,7.199999809265137,7.25,7.0,7.199999809265137,223318
2019-10-27,7.199999809265137,7.349999904632568,7.199999809265137,7.25,140296
2019-10-29,7.25,7.25,7.050000190734863,7.150000095367432,337332
2019-10-30,7.25,7.349999904632568,7.150000095367432,7.199999809265137,265964
2019-10-31,7.199999809265137,7.400000095367432,7.150000095367432,7.25,830430
2019-11-01,7.349999904632568,8.149999618530273,7.349999904632568,7.75,1567571
2019-11-04,7.949999809265137,8.5,7.849999904632568,8.050000190734863,938661
2019-11-05,8.0,8.100000381469727,7.699999809265137,7.800000190734863,520250
2019-11-06,8.050000190734863,8.25,7.900000095367432,7.949999809265137,897305
2019-11-07,8.0,8.149999618530273,7.900000095367432,8.100000381469727,398120
2019-11-08,8.149999618530273,8.149999618530273,8.0,8.100000381469727,389205
2019-11-11,9.199999809265137,9.699999809265137,8.899999618530273,9.649999618530273,13819372
2019-11-13,9.699999809265137,10.949999809265137,9.649999618530273,10.25,8861711
2019-11-14,10.350000381469727,10.699999809265137,9.399999618530273,9.550000190734863,2111753
2019-11-15,9.649999618530273,9.800000190734863,9.149999618530273,9.300000190734863,1226591
2019-11-18,9.399999618530273,9.899999618530273,9.100000381469727,9.25,901960
2019-11-19,9.25,9.75,8.949999809265137,9.399999618530273,1234853
2019-11-20,9.5,9.800000190734863,9.0,9.399999618530273,1453942
2019-11-21,9.5,9.600000381469727,9.25,9.350000381469727,702112
2019-11-22,9.399999618530273,9.449999809265137,9.149999618530273,9.25,443861
2019-11-25,9.600000381469727,9.649999618530273,8.800000190734863,8.899999618530273,1825654
2019-11-26,9.149999618530273,9.149999618530273,8.350000381469727,8.449999809265137,1125751
2019-11-27,8.350000381469727,8.600000381469727,8.149999618530273,8.300000190734863,848857
2019-11-28,8.350000381469727,8.449999809265137,8.050000190734863,8.149999618530273,834091
2019-11-29,8.149999618530273,8.449999809265137,8.0,8.100000381469727,1432132
2019-12-02,8.149999618530273,8.25,8.0,8.100000381469727,614620
2019-12-03,8.149999618530273,8.149999618530273,7.699999809265137,7.75,801542
2019-12-04,7.650000095367432,8.050000190734863,7.550000190734863,7.900000095367432,842774
2019-12-05,7.75,8.100000381469727,7.75,7.900000095367432,1085250
2019-12-06,7.949999809265137,8.649999618530273,7.849999904632568,7.949999809265137,1890636
2019-12-09,8.0,8.100000381469727,7.75,7.800000190734863,1517571
2019-12-10,7.800000190734863,7.949999809265137,7.699999809265137,7.800000190734863,596301
2019-12-11,7.699999809265137,7.949999809265137,7.349999904632568,7.550000190734863,731064
2019-12-12,7.550000190734863,7.75,7.400000095367432,7.650000095367432,655540
2019-12-13,7.650000095367432,8.0,7.650000095367432,7.949999809265137,790107
2019-12-16,7.949999809265137,8.300000190734863,7.75,7.849999904632568,1425123
2019-12-17,7.849999904632568,7.949999809265137,7.699999809265137,7.75,629927
2019-12-18,8.0,8.100000381469727,7.75,7.800000190734863,1295566
2019-12-19,7.75,7.949999809265137,7.699999809265137,7.75,816751
2019-12-20,7.75,7.849999904632568,7.550000190734863,7.650000095367432,620954
2019-12-23,7.599999904632568,7.650000095367432,7.400000095367432,7.449999809265137,656751
2019-12-24,7.5,7.599999904632568,7.400000095367432,7.599999904632568,471086
2019-12-26,7.650000095367432,8.0,7.5,7.949999809265137,1141339
2019-12-27,7.949999809265137,8.199999809265137,7.75,8.050000190734863,1504007
2019-12-30,8.050000190734863,8.449999809265137,8.0,8.300000190734863,1084800
2019-12-31,8.149999618530273,8.649999618530273,8.149999618530273,8.449999809265137,1121615
2020-01-01,8.5,9.600000381469727,8.399999618530273,9.449999809265137,5276219
2020-01-02,9.600000381469727,9.800000190734863,9.149999618530273,9.25,3015561
2020-01-03,9.050000190734863,9.5,9.050000190734863,9.199999809265137,1512492
2020-01-06,9.100000381469727,9.199999809265137,8.5,8.899999618530273,1625216
2020-01-07,9.350000381469727,9.699999809265137,9.149999618530273,9.399999618530273,2369415
2020-01-08,9.0,9.350000381469727,8.850000381469727,8.899999618530273,2167225
2020-01-09,9.0,9.149999618530273,8.649999618530273,8.75,1960233
2020-01-10,8.699999809265137,8.850000381469727,8.550000190734863,8.600000381469727,1402899
2020-01-13,8.600000381469727,8.850000381469727,8.550000190734863,8.600000381469727,1982446
2020-01-14,8.699999809265137,8.800000190734863,8.449999809265137,8.5,1421252
2020-01-15,8.550000190734863,8.649999618530273,8.399999618530273,8.5,1222309
2020-01-16,8.649999618530273,9.300000190734863,8.550000190734863,8.800000190734863,3142313
2020-01-17,8.850000381469727,9.0,8.800000190734863,8.800000190734863,1557393
2020-01-20,8.800000190734863,9.050000190734863,8.550000190734863,8.600000381469727,1289433
2020-01-21,8.5,8.800000190734863,8.399999618530273,8.5,1004563
2020-01-22,8.600000381469727,8.600000381469727,8.25,8.25,1524206
2020-01-23,8.300000190734863,8.350000381469727,8.100000381469727,8.149999618530273,920069
2020-01-24,8.199999809265137,8.350000381469727,8.149999618530273,8.149999618530273,1009793
2020-01-27,8.149999618530273,8.199999809265137,7.800000190734863,7.900000095367432,1152921
2020-01-28,7.900000095367432,8.100000381469727,7.650000095367432,7.699999809265137,1053116
2020-01-29,7.75,8.149999618530273,7.75,7.949999809265137,1631194
2020-01-30,7.949999809265137,7.949999809265137,7.699999809265137,7.75,860336
2020-01-31,7.800000190734863,7.900000095367432,7.550000190734863,7.75,867450
2020-02-03,7.650000095367432,7.800000190734863,7.449999809265137,7.5,1043571
2020-02-04,7.550000190734863,7.75,7.550000190734863,7.650000095367432,412557
2020-02-05,7.699999809265137,7.800000190734863,7.5,7.599999904632568,502283
2020-02-06,7.599999904632568,8.850000381469727,7.599999904632568,8.300000190734863,3763190
2020-02-07,8.350000381469727,8.399999618530273,7.800000190734863,7.849999904632568,1434100
2020-02-10,7.900000095367432,8.0,7.599999904632568,7.699999809265137,695002
2020-02-11,7.800000190734863,7.849999904632568,7.699999809265137,7.75,451129
2020-02-12,7.75,8.0,7.650000095367432,7.75,1274124
2020-02-13,7.699999809265137,8.0,7.699999809265137,7.800000190734863,1293761
2020-02-14,7.449999809265137,7.449999809265137,6.800000190734863,7.150000095367432,2434185
2020-02-17,7.300000190734863,7.449999809265137,6.949999809265137,7.0,973485
2020-02-18,7.0,7.150000095367432,6.900000095367432,7.150000095367432,925224
2020-02-19,7.25,7.349999904632568,7.0,7.150000095367432,741160
2020-02-20,7.150000095367432,7.25,7.050000190734863,7.099999904632568,517038
2020-02-24,7.050000190734863,7.150000095367432,6.900000095367432,7.050000190734863,744937
2020-02-25,7.099999904632568,7.150000095367432,6.949999809265137,7.099999904632568,874330
2020-02-26,7.050000190734863,7.150000095367432,6.949999809265137,7.099999904632568,773739
2020-02-27,7.099999904632568,7.099999904632568,6.800000190734863,6.900000095367432,519454
2020-02-28,6.849999904632568,6.849999904632568,6.5,6.599999904632568,737884
2020-03-02,6.849999904632568,6.849999904632568,6.349999904632568,6.400000095367432,1557871
2020-03-03,6.550000190734863,6.550000190734863,5.949999809265137,6.099999904632568,2446351
2020-03-04,6.099999904632568,6.099999904632568,5.75,5.900000095367432,1473349
2020-03-05,6.0,6.099999904632568,5.599999904632568,5.849999904632568,1131747
2020-03-06,5.599999904632568,5.699999809265137,5.400000095367432,5.550000190734863,753941
2020-03-09,5.449999809265137,5.550000190734863,5.099999904632568,5.5,2159213
2020-03-11,5.849999904632568,5.849999904632568,5.550000190734863,5.699999809265137,791624
2020-03-12,5.5,5.599999904632568,5.0,5.150000095367432,994139
2020-03-13,4.75,5.199999809265137,4.199999809265137,4.949999809265137,1616433
2020-03-16,5.050000190734863,5.099999904632568,4.349999904632568,4.699999809265137,1379989
2020-03-17,5.0,5.0,4.599999904632568,4.650000095367432,1024954
2020-03-18,4.75,4.800000190734863,4.300000190734863,4.400000095367432,1090027
2020-03-19,4.300000190734863,4.400000095367432,4.0,4.099999904632568,1409592
2020-03-20,4.0,4.099999904632568,3.8499999046325684,3.9000000953674316,2695576
2020-03-23,3.75,3.799999952316284,3.3499999046325684,3.450000047683716,1183874
2020-03-24,3.700000047683716,3.700000047683716,3.25,3.5,813855
2020-03-25,3.6500000953674316,3.6500000953674316,3.25,3.450000047683716,1011756
2020-03-26,3.450000047683716,3.75,3.299999952316284,3.5999999046325684,1500863
2020-03-27,3.75,3.950000047683716,3.6500000953674316,3.9000000953674316,2027285
2020-03-30,3.9000000953674316,4.25,3.75,4.25,1357822
2020-03-31,4.650000095367432,4.650000095367432,4.650000095367432,4.650000095367432,296271
2020-04-01,4.849999904632568,4.849999904632568,4.849999904632568,4.849999904632568,159232
2020-04-03,5.050000190734863,5.050000190734863,5.050000190734863,5.050000190734863,243078
2020-04-07,5.300000190734863,5.300000190734863,5.300000190734863,5.300000190734863,229270
2020-04-08,5.550000190734863,5.550000190734863,5.550000190734863,5.550000190734863,244694
2020-04-09,5.800000190734863,5.800000190734863,5.349999904632568,5.800000190734863,3347668
2020-04-13,5.849999904632568,6.050000190734863,5.550000190734863,5.550000190734863,1737183
2020-04-15,5.550000190734863,5.550000190734863,5.300000190734863,5.300000190734863,1618290
2020-04-16,5.050000190734863,5.050000190734863,5.050000190734863,5.050000190734863,344953
2020-04-17,4.900000095367432,5.300000190734863,4.900000095367432,5.25,1441743
2020-04-20,5.199999809265137,5.349999904632568,5.099999904632568,5.150000095367432,950231
2020-04-21,5.300000190734863,5.349999904632568,5.150000095367432,5.199999809265137,1029525
2020-04-22,5.25,5.449999809265137,4.949999809265137,5.349999904632568,1444339
2020-04-23,5.5,5.5,5.300000190734863,5.300000190734863,776954
2020-04-24,5.349999904632568,5.349999904632568,5.099999904632568,5.199999809265137,446248
2020-04-27,5.199999809265137,5.300000190734863,5.150000095367432,5.150000095367432,293468
2020-04-28,5.25,5.25,5.050000190734863,5.099999904632568,540009
2020-04-29,5.150000095367432,5.349999904632568,5.050000190734863,5.300000190734863,903035
2020-04-30,5.400000095367432,5.400000095367432,5.300000190734863,5.349999904632568,603053
2020-05-04,5.150000095367432,5.150000095367432,5.099999904632568,5.099999904632568,369483
2020-05-05,5.099999904632568,5.150000095367432,4.849999904632568,4.949999809265137,981370
2020-05-06,4.949999809265137,5.050000190734863,4.900000095367432,4.949999809265137,490873
2020-05-07,5.0,5.050000190734863,4.900000095367432,4.949999809265137,358755
2020-05-08,5.0,5.050000190734863,4.900000095367432,4.900000095367432,282208
2020-05-11,4.900000095367432,5.0,4.699999809265137,4.699999809265137,702868
2020-05-12,4.599999904632568,4.699999809265137,4.5,4.5,710762
2020-05-13,4.550000190734863,4.699999809265137,4.550000190734863,4.699999809265137,812319
2020-05-14,4.75,4.800000190734863,4.650000095367432,4.800000190734863,352640
2020-05-15,4.800000190734863,4.849999904632568,4.650000095367432,4.699999809265137,380398
2020-05-18,4.699999809265137,4.800000190734863,4.5,4.5,681449
2020-05-19,4.5,4.550000190734863,4.349999904632568,4.349999904632568,385922
2020-05-20,4.349999904632568,4.550000190734863,4.199999809265137,4.5,703216
2020-05-21,4.449999809265137,4.699999809265137,4.449999809265137,4.599999904632568,618402
2020-05-22,4.599999904632568,4.699999809265137,4.400000095367432,4.449999809265137,607971
2020-05-26,4.449999809265137,4.5,4.400000095367432,4.449999809265137,284241
2020-05-27,4.550000190734863,4.650000095367432,4.5,4.650000095367432,717291
2020-05-28,4.699999809265137,4.849999904632568,4.699999809265137,4.849999904632568,577435
2020-05-29,4.650000095367432,5.0,4.650000095367432,5.0,979769
2020-06-01,5.199999809265137,5.25,5.050000190734863,5.25,659233
2020-06-02,5.5,5.5,5.400000095367432,5.5,874181
2020-06-03,5.75,5.75,5.75,5.75,347494
2020-06-04,6.0,6.0,6.0,6.0,283582
2020-06-05,6.300000190734863,6.300000190734863,6.300000190734863,6.300000190734863,181334
2020-06-08,6.599999904632568,6.599999904632568,6.599999904632568,6.599999904632568,304777
2020-06-09,6.900000095367432,6.900000095367432,6.900000095367432,6.900000095367432,280020
2020-06-10,7.199999809265137,7.199999809265137,7.199999809265137,7.199999809265137,199479
2020-06-11,7.550000190734863,7.550000190734863,6.849999904632568,7.099999904632568,5244460
2020-06-12,6.900000095367432,7.449999809265137,6.75,7.449999809265137,4828180
2020-06-15,7.800000190734863,7.800000190734863,7.699999809265137,7.800000190734863,1567594
2020-06-16,8.149999618530273,8.149999618530273,7.5,8.149999618530273,2103481
2020-06-17,8.550000190734863,8.550000190734863,7.800000190734863,7.900000095367432,4686680
2020-06-18,7.699999809265137,7.800000190734863,7.550000190734863,7.75,2602316
2020-06-19,8.0,8.100000381469727,7.849999904632568,8.100000381469727,1471469
2020-06-22,8.399999618530273,8.5,8.300000190734863,8.449999809265137,2437499
2020-06-23,8.800000190734863,8.850000381469727,8.5,8.850000381469727,1258842
2020-06-24,9.25,9.25,9.25,9.25,705895
2020-06-25,9.649999618530273,9.699999809265137,8.800000190734863,9.699999809265137,4289051
2020-06-26,10.149999618530273,10.149999618530273,10.149999618530273,10.149999618530273,405515
2020-06-29,10.649999618530273,10.649999618530273,10.199999809265137,10.649999618530273,2146811
2020-06-30,11.149999618530273,11.149999618530273,11.149999618530273,11.149999618530273,716010
2020-07-01,11.699999809265137,11.699999809265137,10.649999618530273,11.699999809265137,3408504
2020-07-02,12.25,12.25,11.149999618530273,11.149999618530273,9622846
2020-07-03,10.649999618530273,10.850000381469727,10.600000381469727,10.600000381469727,1847351
2020-07-06,10.100000381469727,11.100000381469727,10.100000381469727,11.100000381469727,15376234
2020-07-07,10.850000381469727,10.899999618530273,10.550000190734863,10.550000190734863,1714740
2020-07-08,10.050000190734863,10.050000190734863,10.050000190734863,10.050000190734863,703717
2020-07-09,9.550000190734863,9.550000190734863,9.550000190734863,9.550000190734863,394573
2020-07-10,9.100000381469727,9.850000381469727,9.100000381469727,9.100000381469727,6927216
2020-07-13,8.649999618530273,9.100000381469727,8.649999618530273,8.699999809265137,2779214
2020-07-14,8.699999809265137,9.100000381469727,8.300000190734863,9.100000381469727,2854489
2020-07-15,9.550000190734863,9.550000190734863,8.649999618530273,8.75,3258691
2020-07-16,8.800000190734863,9.0,8.550000190734863,8.899999618530273,1773393
2020-07-17,9.050000190734863,9.100000381469727,8.75,8.899999618530273,1196266
2020-07-20,9.100000381469727,9.199999809265137,8.800000190734863,8.949999809265137,1132124
2020-07-21,9.0,9.149999618530273,8.600000381469727,8.75,1295217
2020-07-22,8.75,9.100000381469727,8.550000190734863,8.850000381469727,2356920
2020-07-23,8.899999618530273,8.899999618530273,8.699999809265137,8.75,839355
2020-07-24,8.75,8.800000190734863,8.550000190734863,8.600000381469727,957781
2020-07-27,8.600000381469727,8.649999618530273,8.199999809265137,8.25,1290470
2020-07-28,8.25,8.649999618530273,8.25,8.649999618530273,1577262
2020-07-29,8.75,8.75,8.300000190734863,8.399999618530273,1490660
2020-07-30,8.449999809265137,8.5,8.199999809265137,8.350000381469727,861328
2020-07-31,8.300000190734863,8.75,8.100000381469727,8.75,2511024
2020-08-03,9.100000381469727,9.149999618530273,8.899999618530273,9.149999618530273,1513321
2020-08-04,9.449999809265137,9.600000381469727,8.899999618530273,9.0,2279771
2020-08-05,9.0,9.25,8.600000381469727,8.800000190734863,1697487
2020-08-06,8.899999618530273,9.0,8.75,8.850000381469727,725241
2020-08-07,8.949999809265137,9.25,8.800000190734863,9.199999809265137,1870718
2020-08-10,9.399999618530273,9.649999618530273,9.25,9.649999618530273,1465735
2020-08-11,10.100000381469727,10.100000381469727,10.050000190734863,10.100000381469727,475281
2020-08-12,10.399999618530273,10.399999618530273,9.600000381469727,9.899999618530273,3335917
2020-08-13,9.949999809265137,10.199999809265137,9.800000190734863,9.850000381469727,944872
2020-08-14,9.899999618530273,10.050000190734863,9.449999809265137,9.5,1224225
2020-08-17,9.600000381469727,9.949999809265137,9.5,9.949999809265137,1476256
2020-08-18,10.100000381469727,10.199999809265137,9.5,9.699999809265137,2926851
2020-08-19,9.75,9.850000381469727,9.5,9.75,1252240
2020-08-20,9.699999809265137,10.050000190734863,9.649999618530273,9.800000190734863,1122848
2020-08-21,9.850000381469727,10.25,9.800000190734863,10.25,3123067
2020-08-24,10.600000381469727,10.75,10.300000190734863,10.75,2602210
2020-08-25,11.25,11.25,10.550000190734863,10.949999809265137,4233671
2020-08-26,11.100000381469727,11.149999618530273,10.600000381469727,10.800000190734863,1602434
2020-08-27,10.800000190734863,11.100000381469727,10.300000190734863,10.449999809265137,3608903
2020-08-28,10.550000190734863,10.550000190734863,9.949999809265137,10.149999618530273,2614984
2020-08-31,10.199999809265137,10.399999618530273,9.699999809265137,9.800000190734863,1460764
2020-09-01,9.800000190734863,10.25,9.600000381469727,10.25,1628877
2020-09-02,10.25,10.75,10.199999809265137,10.399999618530273,1757816
2020-09-03,10.649999618530273,10.699999809265137,10.050000190734863,10.149999618530273,1180663
2020-09-04,9.949999809265137,10.149999618530273,9.850000381469727,9.899999618530273,1067300
2020-09-07,10.0,10.100000381469727,9.800000190734863,9.899999618530273,522935
2020-09-08,10.0,10.050000190734863,9.550000190734863,9.649999618530273,1048410
2020-09-09,9.649999618530273,9.699999809265137,9.199999809265137,9.25,1537910
2020-09-10,9.25,9.449999809265137,9.149999618530273,9.199999809265137,717167
2020-09-11,9.199999809265137,9.300000190734863,9.0,9.050000190734863,783901
2020-09-14,9.199999809265137,9.25,8.850000381469727,9.0,1483046
2020-09-15,9.199999809265137,9.449999809265137,9.149999618530273,9.449999809265137,1193284
2020-09-16,9.600000381469727,9.600000381469727,9.300000190734863,9.300000190734863,1012924
2020-09-17,9.300000190734863,9.350000381469727,9.149999618530273,9.300000190734863,530438
2020-09-18,9.199999809265137,9.699999809265137,9.199999809265137,9.300000190734863,830435
2020-09-21,9.300000190734863,9.350000381469727,8.850000381469727,8.850000381469727,825688
2020-09-22,9.0,9.25,8.899999618530273,9.199999809265137,1616367
2020-09-23,9.199999809265137,9.550000190734863,8.899999618530273,9.149999618530273,922120
2020-09-24,9.0,9.0,8.699999809265137,8.699999809265137,923975
2020-09-25,8.75,9.100000381469727,8.600000381469727,9.100000381469727,773356
2020-09-28,9.399999618530273,9.399999618530273,9.050000190734863,9.100000381469727,364189
2020-09-29,9.199999809265137,9.25,8.800000190734863,8.949999809265137,706514
2020-09-30,8.899999618530273,9.25,8.75,8.949999809265137,589712
2020-10-01,9.100000381469727,9.25,9.050000190734863,9.050000190734863,632099
2020-10-05,9.050000190734863,9.350000381469727,9.050000190734863,9.050000190734863,506837
2020-10-06,9.199999809265137,9.300000190734863,9.050000190734863,9.149999618530273,597627
2020-10-07,9.25,9.25,9.0,9.0,248365
2020-10-08,9.0,9.449999809265137,9.0,9.100000381469727,850099
2020-10-09,9.100000381469727,9.149999618530273,8.949999809265137,9.0,311479
2020-10-12,9.0,9.350000381469727,9.0,9.25,697465
2020-10-13,9.300000190734863,9.300000190734863,8.899999618530273,9.0,426612
2020-10-14,9.0,9.449999809265137,8.850000381469727,9.449999809265137,1088772
2020-10-15,9.600000381469727,9.899999618530273,9.300000190734863,9.899999618530273,2023017
2020-10-16,10.350000381469727,10.350000381469727,10.149999618530273,10.350000381469727,879844
2020-10-19,10.850000381469727,10.850000381469727,10.050000190734863,10.100000381469727,3740309
2020-10-20,10.100000381469727,10.300000190734863,9.800000190734863,10.149999618530273,1411393
2020-10-21,10.350000381469727,10.449999809265137,9.949999809265137,10.0,926354
2020-10-22,10.0,10.300000190734863,10.0,10.199999809265137,1057554
2020-10-23,10.25,10.300000190734863,9.850000381469727,10.0,1125091
2020-10-26,10.050000190734863,10.25,9.899999618530273,10.0,513025
2020-10-27,10.149999618530273,10.149999618530273,9.899999618530273,9.949999809265137,366048
2020-10-28,9.949999809265137,10.100000381469727,9.949999809265137,9.949999809265137,593367
2020-10-29,9.800000190734863,10.25,9.699999809265137,9.899999618530273,1478745
2020-10-30,10.0,10.050000190734863,9.850000381469727,9.899999618530273,375650
2020-11-02,9.899999618530273,10.100000381469727,9.800000190734863,10.050000190734863,704055
2020-11-03,10.199999809265137,10.25,9.949999809265137,10.149999618530273,1044165
2020-11-04,10.100000381469727,10.199999809265137,10.050000190734863,10.100000381469727,548319
2020-11-05,10.149999618530273,10.149999618530273,9.600000381469727,9.649999618530273,1828612
2020-11-06,9.600000381469727,10.0,9.5,9.800000190734863,811491
2020-11-09,10.0,10.149999618530273,9.899999618530273,10.050000190734863,1412688
2020-11-10,10.199999809265137,10.199999809265137,9.75,9.800000190734863,671065
2020-11-11,9.800000190734863,9.949999809265137,9.699999809265137,9.75,474984
2020-11-12,9.800000190734863,10.199999809265137,9.550000190734863,10.100000381469727,2232068
2020-11-13,9.949999809265137,10.0,9.850000381469727,9.899999618530273,964715
2020-11-14,9.899999618530273,10.050000190734863,9.899999618530273,10.0,218362
2020-11-17,10.100000381469727,10.100000381469727,9.899999618530273,9.949999809265137,909671
2020-11-18,9.949999809265137,10.0,9.800000190734863,9.899999618530273,721796
2020-11-19,9.899999618530273,9.899999618530273,9.699999809265137,9.800000190734863,600301
2020-11-20,9.800000190734863,10.0,9.699999809265137,9.899999618530273,831899
2020-11-23,9.600000381469727,10.350000381469727,9.600000381469727,10.0,3418124
2020-11-24,10.050000190734863,10.149999618530273,9.850000381469727,9.949999809265137,1563871
2020-11-25,9.899999618530273,10.0,9.800000190734863,9.850000381469727,871323
2020-11-26,10.0,10.300000190734863,9.899999618530273,10.25,4585748
2020-11-27,10.100000381469727,10.199999809265137,9.800000190734863,9.949999809265137,3077082
2020-12-01,10.0,10.050000190734863,9.800000190734863,9.899999618530273,1427391
2020-12-02,9.949999809265137,10.0,9.850000381469727,9.899999618530273,710616
2020-12-03,9.949999809265137,10.25,9.850000381469727,10.149999618530273,1751943
2020-12-04,10.149999618530273,10.149999618530273,9.850000381469727,9.949999809265137,1396336
2020-12-07,10.050000190734863,10.899999618530273,9.949999809265137,10.899999618530273,4589870
2020-12-08,11.399999618530273,11.850000381469727,10.600000381469727,11.600000381469727,5247809
2020-12-09,11.600000381469727,12.600000381469727,11.199999809265137,12.399999618530273,7721637
2020-12-10,12.0,12.550000190734863,11.300000190734863,12.0,6084579
2020-12-11,12.100000381469727,12.300000190734863,11.649999618530273,11.850000381469727,4113211
2020-12-14,12.100000381469727,13.0,11.800000190734863,13.0,7210861
2020-12-15,13.399999618530273,13.699999809265137,12.199999809265137,13.399999618530273,8664129
2020-12-16,13.5,14.699999809265137,13.350000381469727,13.600000381469727,20309414
2020-12-17,13.949999809265137,14.25,13.0,13.149999618530273,8206204
2020-12-18,13.100000381469727,13.100000381469727,12.300000190734863,12.550000190734863,4064854
2020-12-21,12.550000190734863,13.199999809265137,11.399999618530273,11.600000381469727,4796342
2020-12-22,11.399999618530273,11.850000381469727,11.050000190734863,11.75,3217282
2020-12-23,11.75,12.899999618530273,11.5,12.899999618530273,5795358
2020-12-24,12.949999809265137,13.199999809265137,12.350000381469727,12.699999809265137,5579951
2020-12-28,12.800000190734863,12.949999809265137,12.25,12.350000381469727,2476047
2020-12-29,12.5,12.699999809265137,12.100000381469727,12.149999618530273,2665746
2020-12-30,12.449999809265137,12.449999809265137,11.600000381469727,12.0,2741955
2020-12-31,12.100000381469727,12.300000190734863,12.050000190734863,12.149999618530273,1524567
2021-01-01,12.199999809265137,12.25,11.899999618530273,11.949999809265137,2346712
2021-01-04,12.0,12.25,11.699999809265137,11.850000381469727,3492349
2021-01-05,11.850000381469727,12.350000381469727,11.699999809265137,11.850000381469727,4049345
2021-01-06,11.850000381469727,12.899999618530273,11.850000381469727,12.5,10050128
2021-01-07,12.550000190734863,12.850000381469727,12.5,12.550000190734863,2973583
2021-01-08,12.600000381469727,12.800000190734863,12.100000381469727,12.199999809265137,2779143
2021-01-11,12.550000190734863,12.600000381469727,11.850000381469727,11.949999809265137,2546650
2021-01-12,11.899999618530273,12.100000381469727,11.75,11.899999618530273,3036849
2021-01-13,11.899999618530273,12.100000381469727,11.699999809265137,11.800000190734863,2035034
2021-01-14,11.800000190734863,11.800000190734863,11.300000190734863,11.399999618530273,3495445
2021-01-15,11.300000190734863,11.75,11.050000190734863,11.149999618530273,3990682
2021-01-18,11.149999618530273,11.300000190734863,10.800000190734863,10.800000190734863,2616948
2021-01-19,10.949999809265137,11.350000381469727,10.75,10.899999618530273,4935984
2021-01-20,10.949999809265137,10.949999809265137,10.649999618530273,10.699999809265137,2920031
2021-01-21,10.699999809265137,11.050000190734863,10.300000190734863,10.350000381469727,3733705
2021-01-22,10.399999618530273,10.449999809265137,9.449999809265137,9.649999618530273,7437019
2021-01-25,9.850000381469727,10.0,8.699999809265137,9.0,9031385
2021-01-27,9.149999618530273,9.850000381469727,8.949999809265137,9.75,3173774
2021-01-28,9.850000381469727,9.899999618530273,9.399999618530273,9.800000190734863,1909147
2021-01-29,9.699999809265137,10.100000381469727,9.699999809265137,9.850000381469727,1629460
2021-02-01,9.899999618530273,10.0,9.649999618530273,9.949999809265137,1679889
2021-02-02,10.0,10.050000190734863,9.850000381469727,9.899999618530273,1873701
2021-02-03,10.0,10.0,9.800000190734863,9.899999618530273,1203010
2021-02-04,9.899999618530273,9.949999809265137,9.800000190734863,9.850000381469727,1155951
2021-02-05,9.949999809265137,10.0,9.75,9.850000381469727,1480645
2021-02-08,10.0,10.550000190734863,9.949999809265137,10.050000190734863,4525299
2021-02-09,10.350000381469727,10.399999618530273,9.850000381469727,9.949999809265137,2939627
2021-02-10,9.75,9.800000190734863,9.350000381469727,9.649999618530273,3363384
2021-02-11,9.699999809265137,10.0,9.600000381469727,9.649999618530273,1805154
2021-02-12,9.75,9.75,9.5,9.550000190734863,915791
2021-02-15,9.649999618530273,9.649999618530273,9.100000381469727,9.199999809265137,1632377
2021-02-16,9.399999618530273,9.5,9.199999809265137,9.300000190734863,1301459
2021-02-17,9.5,9.5,9.25,9.399999618530273,1570874
2021-02-18,9.449999809265137,10.0,9.350000381469727,9.949999809265137,3464222
2021-02-19,10.0,10.149999618530273,9.5,9.699999809265137,3524961
2021-02-22,9.800000190734863,9.850000381469727,9.25,9.399999618530273,1380820
2021-02-23,9.600000381469727,10.199999809265137,9.449999809265137,10.050000190734863,3877517
2021-02-24,10.050000190734863,10.050000190734863,9.5,9.649999618530273,1471492
2021-02-25,9.850000381469727,10.0,9.649999618530273,9.800000190734863,1736631
2021-02-26,9.899999618530273,10.75,9.5,10.399999618530273,8708616
2021-03-01,10.600000381469727,10.699999809265137,10.0,10.149999618530273,5012495
2021-03-02,10.300000190734863,10.449999809265137,10.0,10.350000381469727,6225380
2021-03-03,10.5,11.350000381469727,10.350000381469727,11.350000381469727,13660858
2021-03-04,10.850000381469727,11.899999618530273,10.850000381469727,11.399999618530273,18516978
2021-03-05,11.149999618530273,11.899999618530273,10.399999618530273,10.699999809265137,11971269
2021-03-08,10.600000381469727,11.199999809265137,10.550000190734863,10.75,8876732
2021-03-09,10.800000190734863,11.050000190734863,10.600000381469727,10.699999809265137,6711157
2021-03-10,10.800000190734863,10.800000190734863,9.949999809265137,10.199999809265137,5472875
2021-03-12,10.399999618530273,10.649999618530273,9.800000190734863,9.949999809265137,10308999
2021-03-15,9.949999809265137,10.0,9.75,9.850000381469727,3442842
2021-03-16,9.899999618530273,9.949999809265137,9.649999618530273,9.699999809265137,2474757
2021-03-17,9.75,9.800000190734863,9.449999809265137,9.449999809265137,2105554
2021-03-18,9.550000190734863,9.75,9.399999618530273,9.5,3536056
2021-03-19,9.5,9.5,9.25,9.350000381469727,2537048
2021-03-22,9.399999618530273,9.5,9.199999809265137,9.25,3248136
2021-03-23,9.399999618530273,9.449999809265137,9.25,9.300000190734863,2459657
2021-03-24,9.25,9.5,9.149999618530273,9.199999809265137,3828558
2021-03-25,9.199999809265137,9.75,9.149999618530273,9.300000190734863,5241266
2021-03-26,9.350000381469727,9.75,9.25,9.350000381469727,3622247
2021-03-30,9.399999618530273,9.649999618530273,9.300000190734863,9.350000381469727,2481579
2021-03-31,9.350000381469727,9.449999809265137,9.100000381469727,9.149999618530273,2563969
2021-04-01,9.25,9.75,9.25,9.699999809265137,3345281
2021-04-05,9.649999618530273,9.850000381469727,9.300000190734863,9.449999809265137,2387774
2021-04-06,9.449999809265137,9.600000381469727,9.350000381469727,9.350000381469727,1387051
2021-04-07,9.5,10.25,9.350000381469727,9.949999809265137,4097790
2021-04-08,10.199999809265137,10.899999618530273,9.899999618530273,10.800000190734863,24618169
2021-04-09,11.0,11.350000381469727,10.449999809265137,10.75,9530990
2021-04-12,10.199999809265137,10.300000190734863,9.699999809265137,9.699999809265137,6329465
2021-04-13,9.800000190734863,10.25,9.699999809265137,10.0,3664454
2021-04-15,9.949999809265137,10.449999809265137,9.850000381469727,9.949999809265137,12460152
2021-04-16,10.0,10.449999809265137,9.899999618530273,10.050000190734863,8693351
2021-04-19,9.949999809265137,10.100000381469727,9.600000381469727,9.949999809265137,4318352
2021-04-20,10.199999809265137,10.350000381469727,9.949999809265137,10.0,6540163
2021-04-22,9.949999809265137,10.0,9.850000381469727,9.949999809265137,3858184
2021-04-23,9.949999809265137,10.050000190734863,9.850000381469727,9.899999618530273,5457691
2021-04-26,10.050000190734863,10.100000381469727,9.850000381469727,9.949999809265137,4571233
2021-04-27,9.949999809265137,10.0,9.899999618530273,9.949999809265137,1930385
2021-04-28,10.0,10.899999618530273,9.949999809265137,10.800000190734863,20254416
2021-04-29,10.850000381469727,11.350000381469727,10.300000190734863,11.100000381469727,16151982
2021-04-30,10.899999618530273,12.199999809265137,10.600000381469727,12.050000190734863,34367634
2021-05-03,12.25,13.25,12.0,13.25,28613741
2021-05-04,13.899999618530273,13.899999618530273,12.600000381469727,12.600000381469727,31684087
2021-05-05,12.300000190734863,12.75,12.0,12.0,21963744
2021-05-06,12.199999809265137,12.199999809265137,11.399999618530273,11.649999618530273,16050131
2021-05-07,12.050000190734863,12.199999809265137,12.0,12.199999809265137,17205913
2021-05-10,12.800000190734863,12.800000190734863,12.800000190734863,12.800000190734863,3680085
2021-05-11,13.399999618530273,13.399999618530273,13.399999618530273,13.399999618530273,1887595
2021-05-12,14.050000190734863,14.050000190734863,14.050000190734863,14.050000190734863,1747160
2021-05-14,14.75,14.75,13.75,14.75,54318767
2021-05-17,15.300000190734863,15.449999809265137,14.350000381469727,15.449999809265137,21690092
2021-05-18,16.200000762939453,16.200000762939453,15.449999809265137,16.200000762939453,20823930
2021-05-19,16.450000762939453,17.0,15.399999618530273,15.649999618530273,38754231
2021-05-20,15.649999618530273,15.800000190734863,14.899999618530273,14.899999618530273,21893977
2021-05-21,14.699999809265137,15.399999618530273,14.350000381469727,14.550000190734863,13212633
2021-05-24,14.649999618530273,15.25,14.649999618530273,15.25,10546755
2021-05-25,16.0,16.0,15.699999809265137,16.0,11615955
2021-05-26,16.799999237060547,16.799999237060547,16.5,16.799999237060547,5889936
2021-05-27,17.600000381469727,17.600000381469727,16.0,16.5,36207945
2021-05-28,16.799999237060547,17.100000381469727,15.699999809265137,15.850000381469727,14766617
2021-05-31,15.850000381469727,16.450000762939453,15.600000381469727,15.75,10932333
2021-06-01,15.699999809265137,16.049999237060547,15.0,15.100000381469727,12375284
2021-06-02,15.300000190734863,15.600000381469727,14.800000190734863,14.899999618530273,9347619
2021-06-03,15.600000381469727,15.600000381469727,15.600000381469727,15.600000381469727,1411521
2021-06-04,16.350000381469727,16.350000381469727,16.350000381469727,16.350000381469727,1492934
2021-06-07,17.950000762939453,17.950000762939453,17.950000762939453,17.950000762939453,6176080
2021-06-08,19.700000762939453,19.700000762939453,19.700000762939453,19.700000762939453,2135830
2021-06-09,21.649999618530273,21.649999618530273,20.649999618530273,21.649999618530273,49402723
2021-06-10,22.700000762939453,22.700000762939453,22.700000762939453,22.700000762939453,2815834
2021-06-11,23.799999237060547,23.799999237060547,23.799999237060547,23.799999237060547,1499514
2021-06-14,24.950000762939453,24.950000762939453,23.149999618530273,24.950000762939453,41669533
2021-06-15,26.149999618530273,26.149999618530273,26.149999618530273,26.149999618530273,1080562
2021-06-16,26.950000762939453,27.450000762939453,24.850000381469727,26.350000381469727,110134393
2021-06-17,26.299999237060547,27.649999618530273,25.899999618530273,27.649999618530273,33748807
2021-06-18,28.299999237060547,28.850000381469727,26.299999237060547,26.799999237060547,45857252
2021-06-21,25.700000762939453,28.100000381469727,25.700000762939453,28.100000381469727,29296727
2021-06-22,29.5,29.5,28.850000381469727,29.5,8782042
2021-06-23,30.600000381469727,30.950000762939453,29.850000381469727,30.950000762939453,22691836
2021-06-24,32.0,32.45000076293945,30.549999237060547,32.45000076293945,36124115
2021-06-25,34.04999923706055,34.04999923706055,33.5,34.04999923706055,30062747
2021-06-28,35.75,35.75,35.75,35.75,3014466
2021-06-29,37.5,37.5,37.5,37.5,998838
2021-06-30,39.349998474121094,39.349998474121094,39.349998474121094,39.349998474121094,2109599
2021-07-01,40.0,41.29999923706055,38.04999923706055,41.29999923706055,36087689
2021-07-02,43.349998474121094,43.349998474121094,43.349998474121094,43.349998474121094,3103216
2021-07-05,44.95000076293945,45.5,44.25,45.5,6172781
2021-07-06,47.75,47.75,43.25,43.25,18236288
2021-07-07,41.099998474121094,41.099998474121094,41.099998474121094,41.099998474121094,1720935
2021-07-08,39.04999923706055,39.04999923706055,39.04999923706055,39.04999923706055,3997122
2021-07-09,37.099998474121094,37.099998474121094,37.099998474121094,37.099998474121094,2039943
2021-07-12,37.0,38.95000076293945,37.0,38.95000076293945,11464340
2021-07-13,40.849998474121094,40.849998474121094,37.04999923706055,38.400001525878906,25940816
2021-07-14,37.400001525878906,37.400001525878906,36.5,36.5,3144174
2021-07-15,34.70000076293945,36.5,34.70000076293945,34.900001525878906,13981578
2021-07-16,34.150001525878906,34.25,33.20000076293945,33.20000076293945,9653506
2021-07-19,31.549999237060547,34.849998474121094,31.549999237060547,34.849998474121094,13217522
2021-07-20,34.900001525878906,34.900001525878906,33.150001525878906,33.79999923706055,8422472
2021-07-22,34.650001525878906,35.45000076293945,32.150001525878906,33.150001525878906,5236605
2021-07-23,33.099998474121094,34.150001525878906,31.5,33.29999923706055,7121744
2021-07-26,34.70000076293945,34.95000076293945,33.29999923706055,34.95000076293945,4882975
2021-07-27,35.75,36.650001525878906,35.0,36.650001525878906,10962762
2021-07-28,36.0,37.70000076293945,34.849998474121094,34.849998474121094,4115027
2021-07-29,33.150001525878906,36.54999923706055,33.150001525878906,36.04999923706055,7643685
2021-07-30,36.0,36.04999923706055,34.25,34.25,4366853
2021-08-02,34.29999923706055,34.900001525878906,32.900001525878906,33.54999923706055,4245866
2021-08-03,31.899999618530273,31.899999618530273,31.899999618530273,31.899999618530273,2512093
2021-08-04,30.350000381469727,30.350000381469727,30.350000381469727,30.350000381469727,1418376
2021-08-05,28.850000381469727,28.850000381469727,28.850000381469727,28.850000381469727,1534082
2021-08-06,28.100000381469727,30.25,28.100000381469727,28.350000381469727,14521773
2021-08-09,27.799999237060547,27.850000381469727,26.950000762939453,26.950000762939453,3466293
2021-08-10,25.649999618530273,28.25,25.649999618530273,25.950000762939453,14217510
2021-08-11,26.0,27.200000762939453,24.700000762939453,26.700000762939453,11607640
2021-08-12,27.100000381469727,28.0,26.100000381469727,27.75,6169968
2021-08-13,28.049999237060547,28.100000381469727,26.600000381469727,26.799999237060547,3025880
2021-08-16,26.799999237060547,26.799999237060547,25.5,26.200000762939453,3978366
2021-08-17,26.899999618530273,27.299999237060547,25.5,26.25,3911750
2021-08-18,26.399999618530273,26.450000762939453,24.950000762939453,24.950000762939453,3948477
2021-08-20,24.0,24.399999618530273,23.75,23.75,4089116
2021-08-23,24.75,24.850000381469727,22.600000381469727,22.600000381469727,4474876
2021-08-24,22.299999237060547,23.700000762939453,21.5,23.700000762939453,9750640
2021-08-25,23.700000762939453,24.850000381469727,23.399999618530273,24.850000381469727,6092451
2021-08-26,25.450000762939453,26.049999237060547,25.149999618530273,26.049999237060547,4715340
2021-08-27,27.350000381469727,27.350000381469727,25.5,26.5,6441244
2021-08-30,25.899999618530273,26.549999237060547,25.200000762939453,25.450000762939453,3050165
2021-08-31,25.399999618530273,26.299999237060547,25.0,25.149999618530273,2450956
2021-09-01,25.25,25.600000381469727,23.899999618530273,23.950000762939453,3455694
2021-09-02,23.950000762939453,25.100000381469727,23.399999618530273,25.100000381469727,2134408
2021-09-03,25.950000762939453,26.100000381469727,25.100000381469727,25.399999618530273,2636989
2021-09-06,25.850000381469727,26.100000381469727,25.0,25.75,2231476
2021-09-07,25.75,26.100000381469727,24.5,25.049999237060547,1297407
2021-09-08,25.049999237060547,26.299999237060547,24.950000762939453,26.299999237060547,2853581
2021-09-09,26.5,26.700000762939453,25.299999237060547,26.149999618530273,2176137
2021-09-13,26.149999618530273,26.5,25.450000762939453,26.100000381469727,1938285
2021-09-14,26.5,27.399999618530273,25.600000381469727,27.350000381469727,3023639
2021-09-15,28.600000381469727,28.700000762939453,28.299999237060547,28.700000762939453,2623923
2021-09-16,30.100000381469727,30.100000381469727,30.100000381469727,30.100000381469727,2677317
2021-09-17,30.5,30.5,28.600000381469727,29.100000381469727,8185301
2021-09-20,27.799999237060547,28.799999237060547,27.649999618530273,27.649999618530273,2395173
2021-09-21,27.0,27.799999237060547,26.299999237060547,27.5,2852830
2021-09-22,27.5,28.600000381469727,26.75,28.299999237060547,2057434
2021-09-23,28.700000762939453,29.100000381469727,27.5,27.75,2110644
2021-09-24,28.899999618530273,29.0,27.200000762939453,27.950000762939453,2794997
2021-09-27,28.0,28.0,27.100000381469727,27.549999237060547,1191848
2021-09-28,27.5,27.799999237060547,26.25,26.799999237060547,1931683
2021-09-29,26.549999237060547,28.100000381469727,26.049999237060547,28.049999237060547,2667950
2021-09-30,28.049999237060547,28.700000762939453,27.649999618530273,28.049999237060547,2252207
2021-10-01,27.700000762939453,28.299999237060547,27.100000381469727,28.0,1793038
2021-10-04,29.200000762939453,29.399999618530273,28.5,29.399999618530273,3733100
2021-10-05,30.850000381469727,30.850000381469727,30.100000381469727,30.850000381469727,8381270
2021-10-06,30.899999618530273,30.899999618530273,29.350000381469727,29.350000381469727,4973887
2021-10-07,29.25,29.450000762939453,28.299999237060547,28.75,2768193
2021-10-08,29.5,30.149999618530273,28.149999618530273,30.149999618530273,3419080
2021-10-11,30.899999618530273,30.899999618530273,29.399999618530273,29.600000381469727,3263638
2021-10-12,30.5,30.5,28.149999618530273,29.5,4563040
2021-10-13,29.799999237060547,30.950000762939453,29.25,30.149999618530273,10863578
2021-10-14,30.399999618530273,30.450000762939453,29.399999618530273,29.75,3490491
2021-10-18,30.25,31.200000762939453,29.299999237060547,31.200000762939453,7943285
2021-10-19,31.850000381469727,32.75,30.100000381469727,30.600000381469727,17006110
2021-10-20,29.25,30.299999237060547,29.100000381469727,29.5,9100733
2021-10-21,29.799999237060547,30.5,28.75,29.350000381469727,3713536
2021-10-22,29.100000381469727,29.75,28.049999237060547,28.299999237060547,4006934
2021-10-25,28.299999237060547,28.799999237060547,26.950000762939453,27.75,3798927
2021-10-26,27.899999618530273,29.100000381469727,27.700000762939453,29.100000381469727,2811148
2021-10-27,30.200000762939453,30.5,29.350000381469727,29.850000381469727,4700356
2021-10-28,29.0,29.899999618530273,28.399999618530273,28.450000762939453,4316736
2021-10-29,27.049999237060547,27.049999237060547,27.049999237060547,27.049999237060547,1594228
2021-11-01,26.200000762939453,26.950000762939453,25.700000762939453,25.700000762939453,13401800
2021-11-02,25.149999618530273,26.950000762939453,24.899999618530273,26.950000762939453,11315049
2021-11-03,27.049999237060547,27.5,26.25,26.399999618530273,4636793
2021-11-04,26.950000762939453,27.25,26.549999237060547,27.049999237060547,1689405
2021-11-08,27.75,27.75,26.700000762939453,26.850000381469727,2894418
2021-11-09,26.850000381469727,27.200000762939453,26.549999237060547,26.75,2913467
2021-11-10,26.649999618530273,28.049999237060547,26.399999618530273,28.049999237060547,9989132
2021-11-11,28.799999237060547,29.450000762939453,27.0,29.399999618530273,12363454
2021-11-12,29.700000762939453,29.850000381469727,28.149999618530273,28.899999618530273,5903747
2021-11-15,29.049999237060547,29.5,27.549999237060547,27.75,4133948
2021-11-16,27.950000762939453,28.75,27.25,27.549999237060547,3649545
2021-11-17,27.649999618530273,28.399999618530273,27.200000762939453,27.399999618530273,3093623
2021-11-18,27.350000381469727,27.649999618530273,26.299999237060547,26.799999237060547,3546663
2021-11-22,27.049999237060547,27.25,25.5,25.600000381469727,5917959
2021-11-23,25.5,26.850000381469727,24.75,26.850000381469727,4267178
2021-11-24,27.100000381469727,28.149999618530273,27.049999237060547,27.649999618530273,6377568
2021-11-25,27.950000762939453,28.700000762939453,27.350000381469727,27.950000762939453,4882015
2021-11-26,27.350000381469727,27.850000381469727,26.600000381469727,26.649999618530273,5502570
2021-11-29,26.0,26.350000381469727,25.350000381469727,25.350000381469727,5766264
2021-11-30,25.049999237060547,26.299999237060547,24.399999618530273,24.799999237060547,13374234
2021-12-01,24.799999237060547,25.549999237060547,24.75,24.899999618530273,3086534
2021-12-02,25.149999618530273,25.399999618530273,24.75,25.25,2281039
2021-12-03,25.200000762939453,26.5,25.049999237060547,25.799999237060547,7763110
2021-12-06,25.950000762939453,26.299999237060547,25.25,25.350000381469727,3063115
2021-12-07,25.850000381469727,27.850000381469727,25.649999618530273,27.850000381469727,10772412
2021-12-08,28.5,29.5,27.399999618530273,28.850000381469727,13279079
2021-12-09,28.899999618530273,31.700000762939453,28.200000762939453,31.700000762939453,18923670
2021-12-10,32.599998474121094,33.25,32.25,33.25,8978948
2021-12-13,34.849998474121094,34.900001525878906,31.600000381469727,31.600000381469727,24594115
2021-12-14,30.049999237060547,32.349998474121094,30.049999237060547,31.200000762939453,15579082
2021-12-15,31.0,32.75,30.700000762939453,31.950000762939453,24074401
2021-12-16,32.29999923706055,32.599998474121094,30.399999618530273,30.950000762939453,9589519
2021-12-17,32.20000076293945,32.20000076293945,29.450000762939453,29.600000381469727,9135872
2021-12-20,28.549999237060547,28.899999618530273,28.149999618530273,28.149999618530273,5858123
2021-12-21,28.25,29.549999237060547,28.200000762939453,28.399999618530273,4588430
2021-12-22,28.799999237060547,29.75,28.549999237060547,29.200000762939453,6264281
2021-12-23,29.450000762939453,29.600000381469727,28.600000381469727,28.700000762939453,2981233
2021-12-24,28.799999237060547,29.399999618530273,28.100000381469727,28.25,2918326
2021-12-27,28.25,29.450000762939453,27.950000762939453,29.25,3732857
2021-12-28,29.649999618530273,30.700000762939453,29.450000762939453,30.700000762939453,3652298
2021-12-29,31.649999618530273,32.0,30.200000762939453,30.450000762939453,7566659
2021-12-30,30.5,31.200000762939453,30.0,30.149999618530273,3594304
2021-12-31,30.450000762939453,31.200000762939453,29.799999237060547,30.049999237060547,4158549
2022-01-03,30.25,30.899999618530273,29.950000762939453,30.399999618530273,4754692
2022-01-04,30.700000762939453,31.899999618530273,30.200000762939453,31.899999618530273,12989108
2022-01-05,33.45000076293945,33.45000076293945,32.400001525878906,33.45000076293945,17989018
2022-01-06,33.5,35.099998474121094,32.20000076293945,35.099998474121094,18994503
2022-01-07,36.0,36.70000076293945,33.349998474121094,33.349998474121094,21356502
2022-01-10,33.29999923706055,34.5,32.29999923706055,33.79999923706055,15014020
2022-01-11,33.75,34.0,32.150001525878906,32.20000076293945,9353771
2022-01-12,32.70000076293945,33.400001525878906,31.399999618530273,32.150001525878906,5938567
2022-01-13,32.0,33.75,31.600000381469727,33.150001525878906,14761910
2022-01-14,32.95000076293945,33.900001525878906,32.5,33.04999923706055,7276542
2022-01-17,33.150001525878906,34.70000076293945,33.04999923706055,34.25,15013757
2022-01-18,34.650001525878906,35.75,33.04999923706055,33.45000076293945,17956152
2022-01-19,33.400001525878906,33.900001525878906,32.79999923706055,33.349998474121094,8331028
2022-01-20,33.5,34.900001525878906,33.04999923706055,34.04999923706055,11923374
2022-01-21,34.0,34.95000076293945,33.20000076293945,33.45000076293945,10464073
2022-01-24,33.75,34.54999923706055,31.799999237060547,31.850000381469727,8925822
2022-01-25,32.0,32.849998474121094,30.549999237060547,31.950000762939453,7558088
2022-01-27,31.600000381469727,33.099998474121094,31.399999618530273,32.54999923706055,7418605
2022-01-28,32.900001525878906,33.900001525878906,32.650001525878906,32.849998474121094,6484446
2022-01-31,33.29999923706055,33.54999923706055,32.400001525878906,32.599998474121094,4279224
2022-02-01,33.0,33.5,31.850000381469727,32.349998474121094,4550352
2022-02-02,32.54999923706055,32.900001525878906,32.04999923706055,32.20000076293945,2800817
2022-02-03,32.400001525878906,33.79999923706055,32.29999923706055,33.79999923706055,11136584
2022-02-04,34.099998474121094,34.79999923706055,33.29999923706055,33.5,7375339
2022-02-07,33.900001525878906,36.650001525878906,33.25,35.900001525878906,27958607
2022-02-08,36.29999923706055,36.5,33.5,34.599998474121094,10149276
2022-02-09,34.79999923706055,38.04999923706055,33.75,38.04999923706055,20418349
2022-02-10,38.900001525878906,40.599998474121094,36.75,38.20000076293945,31398737
2022-02-11,37.25,39.599998474121094,36.29999923706055,36.79999923706055,18585923
2022-02-14,36.150001525878906,38.5,34.29999923706055,35.45000076293945,18990825
2022-02-15,36.20000076293945,37.650001525878906,35.29999923706055,37.25,11416826
2022-02-16,37.54999923706055,38.400001525878906,36.75,37.25,9362048
2022-02-17,37.54999923706055,37.900001525878906,35.54999923706055,35.70000076293945,5880574
2022-02-18,35.599998474121094,36.349998474121094,34.599998474121094,34.79999923706055,5285082
2022-02-21,34.599998474121094,34.900001525878906,32.79999923706055,33.04999923706055,6601660
2022-02-22,31.149999618530273,32.20000076293945,30.350000381469727,31.5,11317042
2022-02-23,31.5,34.650001525878906,31.399999618530273,34.5,13506969
2022-02-24,32.150001525878906,33.5,31.049999237060547,31.049999237060547,20090153
2022-02-25,32.5,33.349998474121094,31.799999237060547,32.75,7599309
2022-02-28,32.0,33.29999923706055,31.399999618530273,32.900001525878906,6468516
2022-03-02,32.75,34.25,32.04999923706055,33.0,8381422
2022-03-03,33.599998474121094,34.79999923706055,33.599998474121094,34.150001525878906,11561793
2022-03-04,33.5,34.79999923706055,33.20000076293945,33.349998474121094,8716423
2022-03-07,32.849998474121094,34.599998474121094,31.0,34.150001525878906,11703556
2022-03-08,34.349998474121094,36.70000076293945,34.25,35.650001525878906,14907580
2022-03-09,36.0,38.099998474121094,35.70000076293945,37.29999923706055,20046269
2022-03-10,38.0,38.599998474121094,36.0,36.349998474121094,12213302
2022-03-11,36.349998474121094,39.45000076293945,36.20000076293945,38.849998474121094,25614413
2022-03-14,38.849998474121094,40.04999923706055,38.099998474121094,38.95000076293945,52593291
2022-03-15,38.75,39.45000076293945,36.20000076293945,36.849998474121094,19312658
2022-03-16,37.400001525878906,37.900001525878906,36.79999923706055,37.400001525878906,7137601
2022-03-17,37.79999923706055,37.900001525878906,36.849998474121094,37.0,6594312
2022-03-21,37.400001525878906,38.54999923706055,37.099998474121094,37.20000076293945,13829038
2022-03-22,37.349998474121094,37.95000076293945,36.849998474121094,37.29999923706055,7103833
2022-03-23,37.400001525878906,37.599998474121094,36.5,36.70000076293945,5193819
2022-03-24,36.45000076293945,37.29999923706055,36.25,36.400001525878906,5031514
2022-03-25,36.599998474121094,36.70000076293945,34.900001525878906,35.20000076293945,7781554
2022-03-28,35.20000076293945,35.70000076293945,33.900001525878906,34.04999923706055,8988060
2022-03-29,34.25,35.54999923706055,34.0,34.54999923706055,8291019
2022-03-30,35.29999923706055,36.29999923706055,34.79999923706055,35.75,7187764
2022-03-31,36.0,36.45000076293945,35.45000076293945,35.599998474121094,5452622
2022-04-01,35.70000076293945,37.20000076293945,35.5,36.349998474121094,6130243
2022-04-04,36.70000076293945,37.70000076293945,36.400001525878906,37.099998474121094,8774428
2022-04-05,37.400001525878906,39.150001525878906,36.900001525878906,37.95000076293945,14630341
2022-04-06,37.849998474121094,41.70000076293945,37.70000076293945,41.25,92185144
2022-04-07,43.70000076293945,49.5,43.04999923706055,49.5,120398137
2022-04-08,52.400001525878906,55.599998474121094,48.0,49.75,123900244
2022-04-11,50.0,58.45000076293945,49.599998474121094,56.650001525878906,65114298
2022-04-12,58.95000076293945,59.849998474121094,51.599998474121094,54.5,54867880
2022-04-13,55.25,55.79999923706055,52.25,52.70000076293945,20824345
2022-04-18,51.900001525878906,56.45000076293945,50.5,54.349998474121094,35394775
2022-04-19,55.0,56.45000076293945,51.099998474121094,51.900001525878906,22113639
2022-04-20,52.70000076293945,53.599998474121094,50.79999923706055,52.20000076293945,14243373
2022-04-21,52.75,55.599998474121094,52.400001525878906,54.150001525878906,28254132
2022-04-22,53.849998474121094,63.20000076293945,53.75,61.349998474121094,116929819
2022-04-25,60.79999923706055,63.150001525878906,58.20000076293945,59.70000076293945,70640643
2022-04-26,60.75,61.900001525878906,58.849998474121094,60.25,27716403
2022-04-27,59.599998474121094,60.5,56.29999923706055,56.900001525878906,28525424
2022-04-28,57.75,59.900001525878906,56.5,57.849998474121094,17932394
2022-04-29,58.400001525878906,58.5,53.20000076293945,53.79999923706055,16447345
2022-05-02,52.75,57.20000076293945,50.599998474121094,55.849998474121094,19086501
2022-05-04,56.20000076293945,57.099998474121094,51.400001525878906,52.650001525878906,12242435
2022-05-05,53.70000076293945,54.900001525878906,52.150001525878906,52.54999923706055,9056696
2022-05-06,50.650001525878906,51.70000076293945,49.45000076293945,50.900001525878906,12741090
2022-05-09,50.5,50.5,48.0,48.400001525878906,11577115
2022-05-10,48.150001525878906,50.20000076293945,43.150001525878906,43.70000076293945,17649186
2022-05-11,43.70000076293945,46.0,40.25,44.54999923706055,19546401
2022-05-12,43.5,45.349998474121094,41.75,42.04999923706055,12024405
2022-05-13,43.0,46.79999923706055,42.75,44.599998474121094,15903209
2022-05-16,45.20000076293945,46.900001525878906,44.70000076293945,46.349998474121094,9344466
2022-05-17,47.400001525878906,50.0,46.849998474121094,49.849998474121094,15218611
2022-05-18,50.400001525878906,51.20000076293945,47.5,49.900001525878906,22885091
2022-05-19,47.650001525878906,49.349998474121094,46.79999923706055,47.650001525878906,11176376
2022-05-20,49.25,50.20000076293945,48.599998474121094,49.650001525878906,9917743
2022-05-23,49.95000076293945,50.25,47.849998474121094,48.04999923706055,7732434
2022-05-24,48.400001525878906,48.45000076293945,41.400001525878906,44.849998474121094,38478180
2022-05-25,45.70000076293945,47.20000076293945,41.5,41.849998474121094,25949583
2022-05-26,42.599998474121094,43.849998474121094,38.900001525878906,43.5,29627632
2022-05-27,44.20000076293945,44.900001525878906,43.25,44.04999923706055,12886245
2022-05-30,44.5,45.70000076293945,43.900001525878906,44.45000076293945,10777669
2022-05-31,44.29999923706055,47.70000076293945,43.79999923706055,46.900001525878906,20070377
2022-06-01,47.400001525878906,53.150001525878906,47.29999923706055,52.29999923706055,38861206
2022-06-02,52.29999923706055,55.5,51.599998474121094,52.54999923706055,39036010
2022-06-03,53.099998474121094,53.95000076293945,50.25,50.70000076293945,21732853
2022-06-06,50.75,54.25,49.04999923706055,53.400001525878906,34726227
2022-06-07,52.79999923706055,54.75,52.45000076293945,53.400001525878906,23225662
2022-06-08,53.400001525878906,53.849998474121094,50.25,51.04999923706055,18609579
2022-06-09,50.5,52.400001525878906,50.099998474121094,51.95000076293945,16104511
2022-06-10,51.150001525878906,53.25,50.849998474121094,51.75,22082496
2022-06-13,50.5,50.5,47.099998474121094,47.54999923706055,20758485
2022-06-14,47.0,49.79999923706055,47.0,48.54999923706055,18184511
2022-06-15,49.20000076293945,50.349998474121094,48.79999923706055,49.400001525878906,15933085
2022-06-16,50.400001525878906,50.849998474121094,45.20000076293945,45.599998474121094,21818194
2022-06-17,45.45000076293945,46.29999923706055,44.150001525878906,44.900001525878906,23321003
2022-06-20,45.099998474121094,45.5,39.20000076293945,40.79999923706055,24277871
2022-06-21,41.5,45.900001525878906,41.5,45.25,25063366
2022-06-22,45.20000076293945,46.599998474121094,44.0,44.849998474121094,22102712
2022-06-23,45.20000076293945,46.0,44.099998474121094,45.04999923706055,13547677
2022-06-24,45.599998474121094,48.650001525878906,45.099998474121094,48.25,22814521
2022-06-27,48.79999923706055,49.150001525878906,47.04999923706055,47.400001525878906,16375706
2022-06-28,46.95000076293945,47.599998474121094,46.349998474121094,46.95000076293945,12545607
2022-06-29,46.5,48.29999923706055,46.150001525878906,47.29999923706055,15122236
2022-06-30,47.5,48.099998474121094,46.20000076293945,46.400001525878906,9597151
2022-07-01,46.5,46.5,45.099998474121094,45.70000076293945,8262303
2022-07-04,45.900001525878906,46.45000076293945,45.349998474121094,45.650001525878906,9276371
2022-07-05,46.099998474121094,47.45000076293945,45.54999923706055,46.150001525878906,19762883
2022-07-06,46.25,46.650001525878906,45.0,45.349998474121094,10175059
2022-07-07,45.849998474121094,47.099998474121094,45.0,46.54999923706055,13202817
2022-07-08,46.95000076293945,48.400001525878906,46.29999923706055,47.650001525878906,21952372
2022-07-11,47.20000076293945,49.45000076293945,47.0,49.0,17870621
2022-07-12,48.5,51.45000076293945,48.5,49.45000076293945,25012865
2022-07-13,50.150001525878906,50.70000076293945,48.0,48.45000076293945,13216157
2022-07-14,48.79999923706055,48.79999923706055,46.349998474121094,46.79999923706055,11233003
2022-07-15,47.150001525878906,48.599998474121094,46.599998474121094,48.29999923706055,12318136
2022-07-18,48.900001525878906,49.45000076293945,48.45000076293945,48.900001525878906,9840871
2022-07-19,48.5,49.650001525878906,48.349998474121094,48.70000076293945,9079876
2022-07-20,49.400001525878906,50.5,49.04999923706055,49.54999923706055,20537223
2022-07-21,49.900001525878906,52.70000076293945,49.849998474121094,50.900001525878906,28878743
2022-07-22,51.349998474121094,51.5,49.45000076293945,49.75,12319580
2022-07-25,49.79999923706055,49.900001525878906,48.54999923706055,48.900001525878906,10985704
2022-07-26,48.79999923706055,48.79999923706055,47.25,47.70000076293945,10038142
2022-07-27,47.70000076293945,48.0,47.20000076293945,47.650001525878906,6275938
2022-07-28,48.0,49.79999923706055,47.849998474121094,48.650001525878906,12387486
2022-07-29,49.20000076293945,50.0,48.650001525878906,49.45000076293945,13823594
2022-08-01,49.70000076293945,50.849998474121094,48.849998474121094,49.900001525878906,13581969
2022-08-02,49.45000076293945,51.349998474121094,49.25,50.349998474121094,19948973
2022-08-03,50.599998474121094,50.599998474121094,48.20000076293945,48.79999923706055,11903774
2022-08-04,49.0,49.29999923706055,46.75,47.54999923706055,11814043
2022-08-05,47.95000076293945,48.79999923706055,47.5,48.25,11687866
2022-08-08,48.45000076293945,48.75,47.0,47.400001525878906,6218083
2022-08-10,44.25,46.150001525878906,44.25,44.79999923706055,15673689
2022-08-11,45.349998474121094,45.95000076293945,44.79999923706055,45.04999923706055,6529100
2022-08-12,45.349998474121094,45.599998474121094,44.79999923706055,44.900001525878906,6001067
2022-08-16,45.29999923706055,46.20000076293945,45.0,45.75,8030222
2022-08-17,45.79999923706055,45.849998474121094,44.650001525878906,44.79999923706055,7265117
2022-08-18,44.900001525878906,45.95000076293945,44.70000076293945,45.75,9566431
2022-08-19,45.95000076293945,46.0,44.5,44.650001525878906,7514171
2022-08-22,44.650001525878906,45.599998474121094,44.150001525878906,44.70000076293945,7189452
2022-08-23,44.650001525878906,46.54999923706055,44.45000076293945,45.79999923706055,11219798
2022-08-24,45.79999923706055,46.45000076293945,45.29999923706055,45.70000076293945,7271538
2022-08-25,46.0,47.400001525878906,45.849998474121094,46.45000076293945,10525584
2022-08-26,46.95000076293945,47.29999923706055,46.5,46.79999923706055,6236408
2022-08-29,45.400001525878906,46.349998474121094,45.04999923706055,45.900001525878906,6019134
2022-08-30,46.349998474121094,47.900001525878906,46.099998474121094,47.0,11382198
2022-09-01,46.75,48.400001525878906,46.54999923706055,47.599998474121094,9645011
2022-09-02,48.0,48.900001525878906,47.29999923706055,47.70000076293945,13457983
2022-09-05,48.0,48.650001525878906,47.70000076293945,47.95000076293945,8041621
2022-09-06,48.400001525878906,52.75,48.150001525878906,51.650001525878906,52627354
2022-09-07,51.25,53.45000076293945,51.150001525878906,52.5,24997956
2022-09-08,53.099998474121094,53.349998474121094,51.29999923706055,51.650001525878906,16611725
2022-09-09,52.099998474121094,52.150001525878906,49.20000076293945,49.5,12931351
2022-09-12,49.849998474121094,50.45000076293945,49.349998474121094,49.75,7873324
2022-09-13,50.0,51.25,49.54999923706055,50.349998474121094,9165204
2022-09-14,49.70000076293945,50.25,49.25,49.599998474121094,7053313
2022-09-15,50.0,51.900001525878906,49.900001525878906,50.849998474121094,16189817
2022-09-16,50.79999923706055,52.95000076293945,48.849998474121094,49.45000076293945,40212145
2022-09-19,49.79999923706055,50.75,48.54999923706055,49.25,17955398
2022-09-20,49.70000076293945,57.75,49.54999923706055,55.349998474121094,73342939
2022-09-21,55.349998474121094,58.79999923706055,55.04999923706055,56.79999923706055,94414922
2022-09-22,57.20000076293945,61.25,56.75,60.20000076293945,89198218
2022-09-23,60.79999923706055,62.25,56.599998474121094,57.54999923706055,60450151
2022-09-26,57.0,57.349998474121094,53.29999923706055,54.349998474121094,35892533
2022-09-27,54.79999923706055,59.900001525878906,54.54999923706055,59.349998474121094,62467020
2022-09-28,58.900001525878906,61.75,57.29999923706055,57.900001525878906,63624199
2022-09-29,59.099998474121094,59.900001525878906,56.5,58.5,33545767
2022-09-30,58.650001525878906,61.400001525878906,57.29999923706055,59.29999923706055,41906199
2022-10-03,59.04999923706055,60.400001525878906,56.54999923706055,56.95000076293945,24420014
2022-10-04,58.099998474121094,58.650001525878906,57.400001525878906,57.900001525878906,15373147
2022-10-06,58.400001525878906,61.5,58.099998474121094,60.849998474121094,45620595
2022-10-07,61.099998474121094,64.0999984741211,61.0,62.79999923706055,71279603
2022-10-10,62.349998474121094,65.94999694824219,62.099998474121094,65.3499984741211,53691292
2022-10-11,66.30000305175781,68.75,63.5,63.900001525878906,78040613
2022-10-12,64.5,66.0,62.45000076293945,65.3499984741211,47910979
2022-10-13,66.0,66.69999694824219,64.3499984741211,65.25,30631248
2022-10-14,66.44999694824219,66.69999694824219,63.04999923706055,63.5,21498096
2022-10-17,63.400001525878906,63.599998474121094,61.099998474121094,61.5,21675471
2022-10-18,62.20000076293945,63.5,61.599998474121094,62.95000076293945,17036374
2022-10-19,63.20000076293945,63.599998474121094,61.849998474121094,62.5,18566284
2022-10-20,62.04999923706055,62.54999923706055,61.099998474121094,61.45000076293945,9649605
2022-10-21,61.900001525878906,61.900001525878906,58.099998474121094,58.650001525878906,16548617
2022-10-24,59.5,59.849998474121094,59.0,59.45000076293945,3700401
2022-10-25,59.599998474121094,59.650001525878906,57.0,57.25,11451919
2022-10-27,57.5,58.900001525878906,57.150001525878906,58.5,9855327
2022-10-28,58.650001525878906,58.70000076293945,55.79999923706055,56.099998474121094,9847721
2022-10-31,56.0,56.04999923706055,53.349998474121094,54.04999923706055,18005369
2022-11-01,54.25,58.79999923706055,53.95000076293945,58.349998474121094,36907873
2022-11-02,58.900001525878906,60.599998474121094,57.70000076293945,58.75,32869255
2022-11-03,59.0,59.79999923706055,58.04999923706055,59.0,16091876
2022-11-04,59.150001525878906,59.400001525878906,58.099998474121094,58.25,8197983
2022-11-07,58.29999923706055,59.70000076293945,58.25,58.95000076293945,12399613
2022-11-09,59.20000076293945,59.349998474121094,57.400001525878906,57.849998474121094,7179443
2022-11-10,57.79999923706055,57.900001525878906,55.599998474121094,56.04999923706055,9622655
2022-11-11,56.150001525878906,56.599998474121094,54.20000076293945,54.599998474121094,13706676
2022-11-14,54.54999923706055,57.150001525878906,53.79999923706055,56.599998474121094,13948305
2022-11-15,56.95000076293945,58.25,56.70000076293945,57.5,10692085
2022-11-16,57.849998474121094,60.20000076293945,57.54999923706055,58.04999923706055,25320575
2022-11-17,58.25,59.0,56.400001525878906,56.599998474121094,9162120
2022-11-18,56.75,57.20000076293945,55.849998474121094,56.54999923706055,9202925
2022-11-21,56.54999923706055,56.54999923706055,55.20000076293945,55.75,6564320
2022-11-22,55.849998474121094,56.599998474121094,55.150001525878906,55.400001525878906,5016916
2022-11-23,55.5,56.45000076293945,55.25,55.45000076293945,5315509
2022-11-24,55.95000076293945,57.400001525878906,55.95000076293945,56.5,8840410
2022-11-25,56.79999923706055,58.70000076293945,55.54999923706055,58.150001525878906,12243018
2022-11-28,58.54999923706055,59.849998474121094,57.70000076293945,58.599998474121094,16515883
2022-11-29,58.900001525878906,59.45000076293945,57.900001525878906,58.150001525878906,9377183
2022-11-30,58.45000076293945,58.79999923706055,57.70000076293945,58.45000076293945,7956324
2022-12-01,58.900001525878906,58.95000076293945,56.95000076293945,57.349998474121094,6231276
2022-12-02,57.599998474121094,61.25,57.25,59.650001525878906,33842780
2022-12-05,60.0,60.75,59.150001525878906,59.5,12746130
2022-12-06,59.79999923706055,62.45000076293945,59.70000076293945,61.25,31115301
2022-12-07,61.599998474121094,61.79999923706055,60.0,60.400001525878906,8433233
2022-12-08,60.0,60.79999923706055,58.650001525878906,59.04999923706055,7270654
2022-12-09,59.45000076293945,60.150001525878906,57.099998474121094,58.150001525878906,9637408
2022-12-12,58.0,59.29999923706055,56.95000076293945,58.650001525878906,5860988
2022-12-13,58.95000076293945,59.0,57.400001525878906,57.75,5117678
2022-12-14,58.0,59.599998474121094,57.54999923706055,58.599998474121094,10595333
2022-12-15,58.599998474121094,59.349998474121094,57.20000076293945,57.5,8564171
2022-12-16,57.45000076293945,61.20000076293945,57.20000076293945,59.5,48777285
2022-12-19,61.0,65.5999984741211,60.849998474121094,62.599998474121094,83291515
2022-12-20,62.599998474121094,63.20000076293945,60.650001525878906,61.5,25509470
2022-12-21,62.25,63.29999923706055,56.849998474121094,58.0,23042647
2022-12-22,58.5,59.25,54.400001525878906,55.400001525878906,21700181
2022-12-23,54.099998474121094,54.70000076293945,50.0,50.75,18796586
2022-12-26,50.849998474121094,55.0,49.650001525878906,54.599998474121094,19007575
2022-12-27,56.900001525878906,58.54999923706055,56.599998474121094,57.70000076293945,27052516
2022-12-28,57.45000076293945,58.25,56.400001525878906,57.20000076293945,10005440
2022-12-29,56.349998474121094,59.599998474121094,56.29999923706055,57.95000076293945,24030189
2022-12-30,58.25,59.150001525878906,57.900001525878906,58.150001525878906,9512625
2023-01-02,58.400001525878906,58.79999923706055,57.20000076293945,58.0,9525930
2023-01-03,58.20000076293945,59.099998474121094,58.0,58.099998474121094,7968773
2023-01-04,58.25,58.70000076293945,56.75,57.150001525878906,8171973
2023-01-05,57.29999923706055,57.5,56.25,56.900001525878906,4984208
2023-01-06,56.95000076293945,57.20000076293945,55.79999923706055,56.150001525878906,4355240
2023-01-09,56.650001525878906,56.650001525878906,54.45000076293945,54.75,10117981
2023-01-10,54.650001525878906,54.849998474121094,52.54999923706055,52.75,9665638
2023-01-11,53.04999923706055,55.45000076293945,53.0,54.599998474121094,12187662
2023-01-12,54.900001525878906,55.150001525878906,53.650001525878906,54.400001525878906,5013047
2023-01-13,54.75,55.349998474121094,54.29999923706055,54.95000076293945,5203958
2023-01-16,55.20000076293945,55.5,54.349998474121094,54.45000076293945,3749837
2023-01-17,54.45000076293945,55.150001525878906,53.849998474121094,54.45000076293945,5669267
2023-01-18,54.75,56.349998474121094,54.5,54.79999923706055,9712171
2023-01-19,54.5,54.95000076293945,54.0,54.25,3251450
2023-01-20,54.400001525878906,54.79999923706055,54.0,54.20000076293945,3214901
2023-01-23,54.5,54.5,53.45000076293945,53.650001525878906,2636353
2023-01-24,53.75,54.400001525878906,53.04999923706055,53.349998474121094,3076959
2023-01-25,53.25,53.5,52.400001525878906,52.900001525878906,4077099
2023-01-27,53.25,54.0,47.70000076293945,49.650001525878906,16081122
2023-01-30,49.70000076293945,51.25,48.099998474121094,49.0,9267424
2023-01-31,49.5,52.70000076293945,49.349998474121094,51.79999923706055,9611186
2023-02-01,52.70000076293945,53.5,47.75,49.349998474121094,12717585
2023-02-02,47.849998474121094,50.54999923706055,47.849998474121094,48.45000076293945,7836294
2023-02-03,48.70000076293945,49.0,43.900001525878906,45.95000076293945,22433476
2023-02-06,46.20000076293945,48.70000076293945,46.099998474121094,48.29999923706055,9794561
2023-02-07,48.29999923706055,48.45000076293945,46.5,46.70000076293945,7360599
2023-02-08,46.900001525878906,48.150001525878906,46.29999923706055,47.75,6629844
2023-02-09,47.650001525878906,47.70000076293945,46.70000076293945,47.400001525878906,4435576
2023-02-10,47.0,48.400001525878906,46.900001525878906,47.849998474121094,5760793
2023-02-13,47.79999923706055,48.849998474121094,46.900001525878906,47.29999923706055,5080483
2023-02-14,47.5,48.5,46.400001525878906,46.849998474121094,5538321
2023-02-15,46.849998474121094,47.29999923706055,46.400001525878906,47.0,4837541
2023-02-16,47.25,48.599998474121094,46.79999923706055,47.95000076293945,6546913
2023-02-17,47.75,48.349998474121094,47.20000076293945,47.400001525878906,2978233
2023-02-20,47.400001525878906,47.54999923706055,46.25,46.54999923706055,3773150
2023-02-21,46.54999923706055,46.95000076293945,45.45000076293945,45.75,2659627
2023-02-22,45.5,45.5,44.099998474121094,44.20000076293945,3650535
2023-02-23,44.349998474121094,44.70000076293945,43.400001525878906,44.099998474121094,3430795
2023-02-24,44.5,46.0,44.25,44.45000076293945,4709510
2023-02-27,44.5,44.5,42.45000076293945,42.75,4426120
2023-02-28,43.099998474121094,43.900001525878906,42.650001525878906,43.599998474121094,5290154
2023-03-01,43.849998474121094,45.20000076293945,43.70000076293945,44.95000076293945,4172203
2023-03-02,45.099998474121094,45.599998474121094,43.849998474121094,44.0,4859588
2023-03-03,44.29999923706055,45.599998474121094,44.099998474121094,44.95000076293945,6422975
2023-03-06,45.20000076293945,47.45000076293945,45.099998474121094,47.20000076293945,8788870
2023-03-08,46.900001525878906,51.5,46.349998474121094,50.599998474121094,41370464
2023-03-09,50.70000076293945,50.75,48.099998474121094,48.349998474121094,11964995
2023-03-10,47.79999923706055,49.75,47.0,48.04999923706055,13893709
2023-03-13,48.25,48.45000076293945,45.5,45.900001525878906,7857463
2023-03-14,46.150001525878906,46.54999923706055,44.29999923706055,44.599998474121094,7345723
2023-03-15,45.0,45.75,44.5,44.75,4759362
2023-03-16,44.25,45.150001525878906,43.45000076293945,44.70000076293945,5497024
2023-03-17,44.95000076293945,45.79999923706055,44.5,44.900001525878906,4391548
2023-03-20,44.900001525878906,44.900001525878906,43.5,43.849998474121094,4232399
2023-03-21,44.099998474121094,45.0,43.79999923706055,44.04999923706055,5089213
2023-03-22,44.29999923706055,44.900001525878906,43.70000076293945,44.0,3176641
2023-03-23,44.04999923706055,45.599998474121094,43.650001525878906,44.25,8228534
2023-03-24,44.400001525878906,44.70000076293945,42.650001525878906,42.900001525878906,4657577
2023-03-27,42.900001525878906,42.900001525878906,40.900001525878906,41.20000076293945,5338405
2023-03-28,41.349998474121094,41.349998474121094,39.400001525878906,39.75,8549178
2023-03-29,39.95000076293945,43.150001525878906,39.79999923706055,42.75,11927936
2023-03-31,43.95000076293945,45.25,43.70000076293945,44.099998474121094,10629724
2023-04-03,44.79999923706055,45.75,43.70000076293945,45.150001525878906,8004019
2023-04-05,45.70000076293945,46.20000076293945,45.04999923706055,45.45000076293945,6606317
2023-04-06,46.150001525878906,47.150001525878906,45.25,45.75,12261739
2023-04-10,46.04999923706055,46.54999923706055,45.25,45.400001525878906,3871552
2023-04-11,45.79999923706055,46.5,45.400001525878906,46.099998474121094,7421399
2023-04-12,46.650001525878906,48.150001525878906,46.650001525878906,47.25,13847895
2023-04-13,47.25,47.25,46.099998474121094,46.25,3549639
2023-04-17,46.25,47.0,45.5,46.5,6863222
2023-04-18,46.95000076293945,47.29999923706055,46.099998474121094,46.20000076293945,5081621
2023-04-19,46.349998474121094,47.75,45.79999923706055,47.5,13196374
2023-04-20,47.79999923706055,48.900001525878906,47.5,47.54999923706055,12113134
2023-04-21,48.099998474121094,48.400001525878906,46.099998474121094,46.849998474121094,7523588
2023-04-24,46.900001525878906,47.099998474121094,46.150001525878906,46.650001525878906,4327065
2023-04-25,47.0,48.25,46.900001525878906,47.150001525878906,6511312
2023-04-26,47.25,48.150001525878906,46.79999923706055,46.95000076293945,5713049
2023-04-27,46.79999923706055,47.650001525878906,46.70000076293945,46.95000076293945,5088390
2023-04-28,47.29999923706055,47.849998474121094,46.54999923706055,46.849998474121094,6088196
2023-05-02,47.099998474121094,48.25,46.75,47.349998474121094,8449923
2023-05-03,47.29999923706055,48.849998474121094,47.04999923706055,47.849998474121094,12615288
2023-05-04,47.95000076293945,49.29999923706055,47.54999923706055,47.900001525878906,11489508
2023-05-05,47.95000076293945,48.400001525878906,46.5,46.79999923706055,6983584
2023-05-08,47.0,47.099998474121094,46.099998474121094,46.25,8245384
2023-05-09,46.25,46.79999923706055,44.29999923706055,44.54999923706055,8278971
2023-05-10,44.79999923706055,45.0,43.849998474121094,44.349998474121094,5252590
2023-05-11,44.5,45.0,44.150001525878906,44.25,5664419
2023-05-12,44.400001525878906,44.900001525878906,43.150001525878906,43.70000076293945,5818014
2023-05-15,43.900001525878906,44.099998474121094,42.400001525878906,42.54999923706055,6551971
2023-05-16,42.79999923706055,44.400001525878906,42.79999923706055,43.150001525878906,6922094
2023-05-17,43.25,43.5,42.599998474121094,42.849998474121094,3843078
2023-05-18,43.099998474121094,43.599998474121094,42.900001525878906,43.150001525878906,2808108
2023-05-19,43.400001525878906,44.5,42.650001525878906,44.099998474121094,5458054
2023-05-22,44.349998474121094,44.5,43.599998474121094,43.70000076293945,5732511
2023-05-23,43.900001525878906,44.099998474121094,43.20000076293945,43.29999923706055,3868655
2023-05-24,43.20000076293945,44.150001525878906,43.0,43.349998474121094,3546837
2023-05-25,43.349998474121094,43.849998474121094,43.150001525878906,43.400001525878906,3206681
2023-05-26,43.45000076293945,44.45000076293945,43.349998474121094,43.5,5564524
2023-05-29,43.5,44.25,42.900001525878906,43.849998474121094,9944981
2023-05-30,43.849998474121094,43.900001525878906,43.099998474121094,43.25,3338129
2023-05-31,43.150001525878906,43.25,41.599998474121094,41.95000076293945,10017285
2023-06-01,41.849998474121094,42.900001525878906,41.75,41.849998474121094,6301669
2023-06-02,42.150001525878906,42.849998474121094,41.29999923706055,41.599998474121094,7495599
2023-06-05,42.25,43.650001525878906,42.04999923706055,42.25,14774136
2023-06-06,42.599998474121094,42.79999923706055,41.70000076293945,41.849998474121094,7867005
2023-06-07,42.04999923706055,44.79999923706055,41.599998474121094,44.54999923706055,55882264
2023-06-08,44.95000076293945,45.75,43.5,43.70000076293945,21864798
2023-06-09,44.599998474121094,45.400001525878906,43.95000076293945,45.099998474121094,25288427
2023-06-12,45.5,45.54999923706055,43.70000076293945,43.79999923706055,16623026
2023-06-13,44.20000076293945,44.45000076293945,43.29999923706055,43.70000076293945,8186245
2023-06-14,43.95000076293945,44.099998474121094,43.150001525878906,43.349998474121094,7607489
2023-06-15,43.54999923706055,43.75,42.79999923706055,43.0,6775222
2023-06-16,43.20000076293945,44.29999923706055,43.04999923706055,43.70000076293945,9300967
2023-06-19,44.0,44.29999923706055,43.20000076293945,43.349998474121094,5810450
2023-06-20,43.25,44.650001525878906,42.95000076293945,44.25,12077903
2023-06-21,44.5,44.70000076293945,43.70000076293945,44.150001525878906,8523188
2023-06-22,44.150001525878906,46.0,43.849998474121094,45.54999923706055,32697753
2023-06-23,45.45000076293945,45.79999923706055,43.70000076293945,44.0,15230785
2023-06-26,44.0,44.0,43.20000076293945,43.400001525878906,4566014
2023-06-27,43.54999923706055,43.75,43.20000076293945,43.349998474121094,4478287
2023-06-28,43.0,43.599998474121094,43.0,43.20000076293945,4525970
2023-06-30,43.45000076293945,44.25,43.20000076293945,43.349998474121094,7619236
2023-07-03,43.599998474121094,43.849998474121094,43.0,43.150001525878906,5077316
2023-07-04,43.20000076293945,43.75,42.75,42.95000076293945,6055542
2023-07-05,43.04999923706055,43.70000076293945,42.900001525878906,43.349998474121094,6148806
2023-07-06,43.29999923706055,44.099998474121094,43.20000076293945,43.5,6949320
2023-07-07,43.400001525878906,45.25,43.29999923706055,43.70000076293945,14359408
2023-07-10,44.0,44.099998474121094,43.20000076293945,43.349998474121094,5325585
2023-07-11,43.400001525878906,43.650001525878906,43.04999923706055,43.150001525878906,5095446
2023-07-12,43.25,44.20000076293945,43.20000076293945,43.349998474121094,7583599
2023-07-13,43.5,43.650001525878906,42.79999923706055,42.95000076293945,5128435
2023-07-14,43.099998474121094,43.70000076293945,42.79999923706055,43.099998474121094,5032403
2023-07-17,43.5,44.349998474121094,43.349998474121094,43.650001525878906,10969806
2023-07-18,43.849998474121094,43.95000076293945,43.0,43.29999923706055,6084075
2023-07-19,43.29999923706055,43.650001525878906,43.04999923706055,43.20000076293945,3256331
2023-07-20,43.400001525878906,45.5,43.400001525878906,44.45000076293945,30599406
2023-07-21,44.150001525878906,46.95000076293945,44.0,46.70000076293945,33757289
2023-07-24,47.20000076293945,48.650001525878906,47.0,47.400001525878906,33406481
2023-07-25,47.70000076293945,47.75,46.79999923706055,47.349998474121094,9746134
2023-07-26,47.5,47.599998474121094,46.650001525878906,46.849998474121094,7963312
2023-07-27,47.0,47.25,46.20000076293945,46.349998474121094,6538288
2023-07-28,46.400001525878906,46.599998474121094,45.5,45.70000076293945,5632570
2023-07-31,45.900001525878906,47.0,45.54999923706055,45.900001525878906,7209007
2023-08-01,46.0,46.5,45.70000076293945,46.099998474121094,4986709
2023-08-02,45.900001525878906,46.650001525878906,44.25,44.5,9049489
2023-08-03,44.400001525878906,45.900001525878906,43.849998474121094,45.650001525878906,11522619
2023-08-04,45.849998474121094,47.400001525878906,45.54999923706055,46.54999923706055,16945014
2023-08-07,47.0,47.849998474121094,46.599998474121094,47.400001525878906,9737756
2023-08-08,47.54999923706055,47.75,45.75,45.900001525878906,10245306
2023-08-09,45.849998474121094,48.29999923706055,45.54999923706055,47.400001525878906,14985022
2023-08-10,47.400001525878906,48.79999923706055,46.849998474121094,47.150001525878906,21755439
2023-08-11,47.20000076293945,47.599998474121094,46.0,46.20000076293945,6721028
2023-08-14,45.349998474121094,45.349998474121094,43.900001525878906,44.900001525878906,9633419
2023-08-16,44.5,45.79999923706055,44.5,44.95000076293945,6712493
2023-08-17,45.0,46.099998474121094,44.79999923706055,44.900001525878906,7226131
2023-08-18,45.0,45.75,44.5,44.650001525878906,6496612
2023-08-21,44.79999923706055,45.45000076293945,44.54999923706055,45.04999923706055,6111662
2023-08-22,45.04999923706055,45.599998474121094,44.599998474121094,44.900001525878906,5537151
2023-08-23,45.04999923706055,45.79999923706055,44.75,44.849998474121094,6691343
2023-08-24,45.099998474121094,47.150001525878906,44.849998474121094,46.79999923706055,29460177
2023-08-25,46.5,47.25,45.5,45.599998474121094,11415079
2023-08-28,46.0,46.349998474121094,45.45000076293945,45.54999923706055,6099493
2023-08-29,45.95000076293945,46.20000076293945,45.349998474121094,45.599998474121094,6472722
2023-08-30,45.900001525878906,48.099998474121094,45.54999923706055,47.400001525878906,28801285
2023-08-31,47.79999923706055,47.95000076293945,46.400001525878906,46.599998474121094,11552113
2023-09-01,46.70000076293945,47.75,46.5,47.099998474121094,12021501
2023-09-04,47.5,52.29999923706055,47.5,51.849998474121094,77647724
2023-09-05,52.5,52.79999923706055,49.75,50.599998474121094,33891047
2023-09-06,51.45000076293945,54.79999923706055,51.45000076293945,53.29999923706055,74697747
2023-09-07,53.900001525878906,53.900001525878906,52.20000076293945,52.75,21933005
2023-09-08,53.20000076293945,53.25,51.650001525878906,52.04999923706055,15297064
2023-09-11,54.400001525878906,55.79999923706055,54.099998474121094,54.5,41874178
2023-09-12,55.0,55.150001525878906,49.70000076293945,51.599998474121094,29836721
2023-09-13,51.849998474121094,53.150001525878906,50.099998474121094,52.5,20546770
2023-09-14,53.400001525878906,57.20000076293945,53.20000076293945,55.75,60736178
2023-09-15,56.25,56.54999923706055,54.5,55.25,20225979
2023-09-18,55.400001525878906,55.45000076293945,54.0,54.04999923706055,11294126
2023-09-20,54.0,55.900001525878906,53.150001525878906,55.099998474121094,17589793
2023-09-21,55.150001525878906,55.75,53.400001525878906,53.650001525878906,13732624
2023-09-22,54.0,54.599998474121094,52.70000076293945,54.349998474121094,13856545
2023-09-25,55.0,57.25,54.900001525878906,55.45000076293945,43415239
2023-09-26,55.599998474121094,55.650001525878906,54.0,54.79999923706055,13132970
2023-09-27,55.25,56.150001525878906,54.599998474121094,55.599998474121094,15074978
2023-09-28,55.95000076293945,56.75,54.54999923706055,54.95000076293945,17725713
2023-09-29,55.20000076293945,55.5,54.400001525878906,54.599998474121094,7530646
2023-10-03,54.75,55.04999923706055,54.04999923706055,54.349998474121094,6730598
2023-10-04,54.099998474121094,55.099998474121094,52.849998474121094,53.400001525878906,12369809
2023-10-05,53.900001525878906,54.25,53.400001525878906,53.900001525878906,5850273
2023-10-06,54.099998474121094,54.900001525878906,53.599998474121094,53.900001525878906,7994863
2023-10-09,54.099998474121094,55.150001525878906,53.150001525878906,53.5,16804612
2023-10-10,54.0,54.650001525878906,53.79999923706055,54.29999923706055,7168111
2023-10-11,54.650001525878906,54.79999923706055,53.650001525878906,54.0,7310938
2023-10-12,53.95000076293945,54.5,53.54999923706055,53.75,6388260
2023-10-13,53.599998474121094,54.150001525878906,53.400001525878906,53.599998474121094,6659838
2023-10-16,53.79999923706055,55.5,53.650001525878906,54.25,14469086
2023-10-17,54.650001525878906,55.099998474121094,54.04999923706055,54.349998474121094,8591217
2023-10-18,54.599998474121094,56.20000076293945,53.5,53.650001525878906,29098884
2023-10-19,53.5,53.79999923706055,53.20000076293945,53.349998474121094,6060053
2023-10-20,53.0,53.849998474121094,52.04999923706055,52.45000076293945,7724693
2023-10-23,52.5,52.79999923706055,47.900001525878906,48.20000076293945,17804189
2023-10-25,49.0,51.25,47.900001525878906,48.95000076293945,21184821
2023-10-26,49.150001525878906,49.849998474121094,46.849998474121094,48.400001525878906,16384690
2023-10-27,48.79999923706055,49.75,48.54999923706055,49.099998474121094,8843628
2023-10-30,49.29999923706055,50.29999923706055,48.25,48.75,9857379
2023-10-31,49.0,49.70000076293945,48.5,48.70000076293945,5371826
2023-11-01,48.75,49.45000076293945,48.54999923706055,48.75,7380022
2023-11-02,49.20000076293945,49.79999923706055,48.900001525878906,49.5,5922740
2023-11-03,50.0,51.150001525878906,49.5,49.95000076293945,12250876
2023-11-06,50.400001525878906,53.900001525878906,50.20000076293945,52.900001525878906,28927159
2023-11-07,53.099998474121094,53.54999923706055,51.900001525878906,52.20000076293945,10033010
2023-11-08,52.650001525878906,53.20000076293945,51.29999923706055,51.599998474121094,7953208
2023-11-09,50.150001525878906,50.95000076293945,49.25,49.650001525878906,11063857
2023-11-10,49.599998474121094,50.54999923706055,49.20000076293945,50.29999923706055,7404867
2023-11-13,50.400001525878906,50.45000076293945,49.900001525878906,50.0,4556351
2023-11-15,50.29999923706055,50.70000076293945,49.79999923706055,49.95000076293945,4953191
2023-11-16,50.20000076293945,50.349998474121094,49.79999923706055,50.0,4752129
2023-11-17,50.0,50.400001525878906,49.400001525878906,49.650001525878906,5453705
2023-11-20,49.75,50.900001525878906,49.650001525878906,49.95000076293945,6696688
2023-11-21,50.20000076293945,50.400001525878906,49.45000076293945,49.599998474121094,4725056
2023-11-22,49.650001525878906,49.900001525878906,49.0,49.5,4666812
2023-11-23,49.599998474121094,52.150001525878906,49.5,51.900001525878906,23723417
2023-11-24,52.0,52.150001525878906,50.29999923706055,50.45000076293945,9245814
2023-11-28,50.79999923706055,50.849998474121094,49.95000076293945,50.150001525878906,6622785
2023-11-29,50.349998474121094,50.54999923706055,49.75,49.849998474121094,6847762
2023-11-30,49.900001525878906,51.349998474121094,49.75,49.95000076293945,8379783
2023-12-01,50.150001525878906,50.54999923706055,49.70000076293945,49.79999923706055,6474687
2023-12-04,50.79999923706055,51.400001525878906,50.0,50.650001525878906,10639543
2023-12-05,50.650001525878906,51.150001525878906,50.04999923706055,50.5,6555524
2023-12-06,50.70000076293945,50.79999923706055,49.0,49.29999923706055,10358602
2023-12-07,48.0,49.5,46.599998474121094,47.900001525878906,34349865
2023-12-08,45.0,45.650001525878906,44.5,44.900001525878906,38054297
2023-12-11,44.5,47.70000076293945,44.29999923706055,47.349998474121094,26341654
2023-12-12,47.79999923706055,48.04999923706055,46.900001525878906,47.099998474121094,10508819
2023-12-13,47.5,47.54999923706055,46.54999923706055,46.75,7704442
2023-12-14,46.75,47.95000076293945,46.5,46.650001525878906,15438099
2023-12-15,46.95000076293945,47.099998474121094,46.650001525878906,46.79999923706055,6017939
2023-12-18,51.0,51.0,48.79999923706055,49.0,34594968
2023-12-19,49.5,49.54999923706055,48.54999923706055,48.70000076293945,7734088
2023-12-20,49.0,49.0,46.0,46.5,9473449
2023-12-21,46.0,47.20000076293945,45.5,47.04999923706055,5663016
2023-12-22,47.25,47.599998474121094,46.900001525878906,47.20000076293945,5550024
2023-12-26,47.54999923706055,47.599998474121094,46.599998474121094,46.849998474121094,3909658
2023-12-27,47.150001525878906,47.25,46.400001525878906,46.599998474121094,5577879
2023-12-28,46.900001525878906,47.0,46.099998474121094,46.400001525878906,3869890
2023-12-29,46.5,48.099998474121094,46.45000076293945,47.150001525878906,14662093
2024-01-01,47.400001525878906,48.29999923706055,47.20000076293945,47.400001525878906,7332647
2024-01-02,47.5,47.54999923706055,46.70000076293945,47.20000076293945,6116139
2024-01-03,47.25,47.5,46.849998474121094,46.95000076293945,4597424
2024-01-04,47.29999923706055,47.650001525878906,47.0,47.099998474121094,5122343
2024-01-05,47.20000076293945,48.25,47.0,47.25,12825105
2024-01-08,47.5,47.75,46.849998474121094,47.0,5580026
2024-01-09,47.400001525878906,47.79999923706055,45.650001525878906,46.900001525878906,7309077
2024-01-10,46.900001525878906,47.099998474121094,46.599998474121094,46.849998474121094,3496474
2024-01-11,46.95000076293945,47.150001525878906,46.650001525878906,46.75,4056950
2024-01-12,46.79999923706055,46.95000076293945,46.5,46.650001525878906,3606039
2024-01-15,46.95000076293945,46.95000076293945,46.20000076293945,46.29999923706055,4712711
2024-01-16,46.25,47.099998474121094,45.70000076293945,46.20000076293945,8106293
2024-01-17,45.599998474121094,46.20000076293945,45.29999923706055,45.400001525878906,5293682
2024-01-18,45.25,46.0,44.650001525878906,45.0,7421178
2024-01-19,45.349998474121094,45.54999923706055,45.0,45.04999923706055,4087458
2024-01-23,44.849998474121094,45.150001525878906,43.79999923706055,44.04999923706055,5490626
2024-01-24,44.0,44.79999923706055,43.20000076293945,44.599998474121094,5503798
2024-01-25,44.70000076293945,47.25,44.70000076293945,46.75,20750988
2024-01-29,47.25,48.04999923706055,46.400001525878906,47.099998474121094,15979997
2024-01-30,47.20000076293945,48.5,46.75,47.150001525878906,17916977
2024-01-31,47.54999923706055,48.20000076293945,47.150001525878906,48.0,12481431
2024-02-01,48.0,48.45000076293945,47.0,47.099998474121094,8693210
2024-02-02,47.45000076293945,50.70000076293945,47.099998474121094,49.70000076293945,47765484
2024-02-05,50.04999923706055,52.70000076293945,49.349998474121094,51.29999923706055,62271904
2024-02-06,51.75,52.5,50.599998474121094,51.04999923706055,26615503
2024-02-07,51.400001525878906,54.0,50.849998474121094,52.54999923706055,59428383
2024-02-08,53.150001525878906,53.29999923706055,50.95000076293945,51.20000076293945,18928783
2024-02-09,51.45000076293945,51.5,48.0,49.45000076293945,24406666
2024-02-12,48.849998474121094,49.20000076293945,45.650001525878906,46.099998474121094,18026692
2024-02-13,46.599998474121094,47.25,45.20000076293945,46.400001525878906,11572608
2024-02-14,46.0,47.54999923706055,45.849998474121094,47.25,7864124
2024-02-15,47.75,48.400001525878906,47.150001525878906,47.349998474121094,6979275
2024-02-16,47.70000076293945,48.099998474121094,47.099998474121094,47.29999923706055,4949533
2024-02-19,47.400001525878906,49.150001525878906,47.400001525878906,47.75,9966958
2024-02-20,48.0,51.20000076293945,47.79999923706055,49.95000076293945,41735428
2024-02-21,50.45000076293945,51.400001525878906,49.400001525878906,49.599998474121094,24212300
2024-02-22,50.0,50.04999923706055,47.849998474121094,49.0,13654036
2024-02-23,49.400001525878906,49.79999923706055,48.150001525878906,48.45000076293945,7221547
2024-02-26,48.099998474121094,48.54999923706055,46.95000076293945,47.349998474121094,5062433
2024-02-27,47.29999923706055,47.650001525878906,46.45000076293945,46.650001525878906,5992190
2024-02-28,46.75,47.45000076293945,45.29999923706055,45.54999923706055,7608839
2024-02-29,46.20000076293945,46.95000076293945,45.25,46.599998474121094,9994909
2024-03-01,47.5,47.54999923706055,46.29999923706055,46.45000076293945,4762177
2024-03-04,46.900001525878906,48.20000076293945,46.349998474121094,46.900001525878906,10132798
2024-03-05,47.0,47.20000076293945,46.20000076293945,46.349998474121094,4323089
2024-03-06,46.20000076293945,46.400001525878906,44.849998474121094,45.25,5992858
2024-03-07,45.20000076293945,45.849998474121094,45.150001525878906,45.29999923706055,3194012
2024-03-11,45.400001525878906,45.5,43.79999923706055,44.0,6300064
2024-03-12,44.0,44.20000076293945,42.400001525878906,42.849998474121094,7254924
2024-03-13,43.04999923706055,43.54999923706055,39.70000076293945,39.95000076293945,11359355
2024-03-14,40.0,41.70000076293945,39.29999923706055,41.54999923706055,8657906
2024-03-15,41.849998474121094,43.0,40.599998474121094,42.20000076293945,7849811
2024-03-18,42.70000076293945,43.45000076293945,41.95000076293945,42.099998474121094,6342001
2024-03-19,42.099998474121094,42.150001525878906,41.150001525878906,41.349998474121094,3952787
2024-03-20,41.400001525878906,41.79999923706055,40.29999923706055,40.5,5975050
2024-03-21,41.0,41.599998474121094,40.900001525878906,41.04999923706055,4654066
2024-03-22,41.099998474121094,42.5,41.099998474121094,41.599998474121094,6581154
2024-03-26,41.5,41.75,40.54999923706055,40.70000076293945,10225778
2024-03-27,41.0,41.099998474121094,39.650001525878906,39.95000076293945,10107043
2024-03-28,40.5,40.900001525878906,39.54999923706055,39.70000076293945,10571528
2024-04-01,40.150001525878906,42.5,40.150001525878906,42.349998474121094,8926187
2024-04-02,42.400001525878906,42.75,41.75,42.54999923706055,6401152
2024-04-03,42.29999923706055,44.25,42.29999923706055,43.70000076293945,13527467
2024-04-04,44.20000076293945,44.20000076293945,43.099998474121094,43.599998474121094,7028220
2024-04-05,43.349998474121094,44.099998474121094,43.099998474121094,43.75,5957567
2024-04-08,44.0,44.099998474121094,42.79999923706055,42.900001525878906,4865982
2024-04-09,43.349998474121094,46.29999923706055,42.29999923706055,45.349998474121094,20072905
2024-04-10,45.900001525878906,47.29999923706055,44.75,46.0,17960033
2024-04-12,45.79999923706055,45.900001525878906,44.54999923706055,44.79999923706055,9089764
2024-04-15,43.5,43.70000076293945,42.5,43.099998474121094,6687795
2024-04-16,42.75,43.5,42.54999923706055,42.849998474121094,3848137
2024-04-18,43.099998474121094,43.75,43.0,43.20000076293945,4138050
2024-04-19,42.70000076293945,42.849998474121094,42.099998474121094,42.650001525878906,4373734
2024-04-22,43.0,44.5,43.0,44.04999923706055,8383995
2024-04-23,44.349998474121094,44.75,43.900001525878906,44.04999923706055,5828170
2024-04-24,44.20000076293945,44.900001525878906,43.900001525878906,44.20000076293945,5965443
2024-04-25,44.75,46.45000076293945,44.54999923706055,44.95000076293945,12844062
2024-04-26,45.20000076293945,45.650001525878906,44.599998474121094,44.900001525878906,6443893
2024-04-29,45.29999923706055,46.70000076293945,45.25,45.54999923706055,17295091
2024-04-30,45.650001525878906,46.20000076293945,44.54999923706055,44.75,6301718
2024-05-02,44.900001525878906,45.099998474121094,44.54999923706055,44.650001525878906,4152990
2024-05-03,44.79999923706055,45.25,43.70000076293945,43.900001525878906,6282184
2024-05-06,44.099998474121094,44.150001525878906,42.95000076293945,43.099998474121094,4486722
2024-05-07,43.0,43.349998474121094,42.099998474121094,42.54999923706055,4336580
2024-05-08,42.349998474121094,42.900001525878906,42.150001525878906,42.54999923706055,3547931
2024-05-09,42.5,42.79999923706055,41.25,41.70000076293945,3901061
2024-05-10,41.79999923706055,42.150001525878906,40.849998474121094,41.95000076293945,2899193
2024-05-13,41.95000076293945,42.04999923706055,40.900001525878906,41.29999923706055,3135963
2024-05-14,41.400001525878906,42.150001525878906,41.20000076293945,42.0,3542266
2024-05-15,42.20000076293945,42.45000076293945,41.75,42.0,2743718
2024-05-16,42.099998474121094,42.25,41.70000076293945,41.900001525878906,2317690
2024-05-17,42.099998474121094,42.70000076293945,41.79999923706055,42.5,4491979
2024-05-21,42.900001525878906,42.900001525878906,41.95000076293945,42.099998474121094,3774682
2024-05-22,42.29999923706055,42.400001525878906,41.650001525878906,41.900001525878906,2890637
2024-05-23,41.95000076293945,42.79999923706055,41.75,41.849998474121094,4055725
2024-05-24,41.79999923706055,42.79999923706055,41.599998474121094,41.70000076293945,4966423
2024-05-27,41.79999923706055,42.20000076293945,41.29999923706055,41.650001525878906,3898980
2024-05-28,41.75,41.79999923706055,41.0,41.20000076293945,3699674
2024-05-29,41.20000076293945,41.70000076293945,41.0,41.45000076293945,3194600
2024-05-30,41.0,41.25,40.29999923706055,40.400001525878906,5369583
2024-05-31,40.400001525878906,40.75,39.599998474121094,40.099998474121094,3537654
2024-06-03,41.5,41.79999923706055,40.650001525878906,41.0,5542324
2024-06-04,41.25,41.29999923706055,36.54999923706055,38.599998474121094,8535490
2024-06-05,39.349998474121094,39.849998474121094,38.0,39.70000076293945,5888694
2024-06-06,40.25,41.20000076293945,40.150001525878906,40.75,4347445
2024-06-07,41.0,43.5,40.599998474121094,43.0,20101775
2024-06-10,43.029998779296875,43.439998626708984,42.41999816894531,42.5,7216151
2024-06-11,42.650001525878906,45.13999938964844,41.93000030517578,44.47999954223633,30240741
2024-06-12,44.75,45.25,44.06999969482422,44.15999984741211,14096822
2024-06-13,44.95000076293945,49.95000076293945,44.95000076293945,49.29999923706055,216617224
2024-06-14,49.75,51.25,48.5,49.150001525878906,96428953
2024-06-18,49.150001525878906,49.599998474121094,47.33000183105469,47.810001373291016,37653384
2024-06-19,48.099998474121094,52.27000045776367,46.41999816894531,51.099998474121094,138121783
2024-06-20,51.45000076293945,52.70000076293945,50.650001525878906,51.61000061035156,65975099
2024-06-21,51.720001220703125,53.349998474121094,50.91999816894531,51.630001068115234,62379953
2024-06-24,51.33000183105469,51.75,49.540000915527344,50.02000045776367,28036603
2024-06-25,50.45000076293945,52.29999923706055,50.400001525878906,51.5099983215332,38926761
2024-06-26,51.5099983215332,51.95000076293945,50.09000015258789,50.43000030517578,21667584
2024-06-27,50.560001373291016,50.65999984741211,48.2599983215332,48.779998779296875,19642006
2024-06-28,48.900001525878906,50.099998474121094,48.7599983215332,49.040000915527344,20591251
2024-07-01,49.11000061035156,50.08000183105469,48.720001220703125,49.119998931884766,14442333
2024-07-02,49.189998626708984,50.58000183105469,47.95000076293945,49.52000045776367,23452079
2024-07-03,49.84000015258789,50.150001525878906,49.02000045776367,49.209999084472656,14629490
2024-07-04,49.4900016784668,49.4900016784668,48.0,48.15999984741211,15352445
2024-07-05,48.09000015258789,48.810001373291016,48.0,48.09000015258789,12025327
2024-07-08,48.25,49.38999938964844,47.5,48.38999938964844,17603014
2024-07-09,48.5099983215332,51.349998474121094,48.130001068115234,49.40999984741211,46646523
2024-07-10,49.59000015258789,50.09000015258789,48.0,48.939998626708984,18538114
2024-07-11,49.18000030517578,51.599998474121094,49.16999816894531,50.77000045776367,52135717
2024-07-12,50.77000045776367,51.45000076293945,49.599998474121094,49.900001525878906,20237324
2024-07-15,50.060001373291016,50.25,48.75,49.22999954223633,11184386
2024-07-16,49.349998474121094,51.20000076293945,49.349998474121094,49.63999938964844,14741849
2024-07-18,49.630001068115234,49.84000015258789,48.130001068115234,48.349998474121094,11140067
2024-07-19,48.54999923706055,48.59000015258789,46.86000061035156,47.119998931884766,9948310
2024-07-22,46.75,48.75,46.47999954223633,48.290000915527344,11617022
2024-07-23,48.70000076293945,48.9900016784668,44.099998474121094,47.5099983215332,16765541
2024-07-24,47.5099983215332,50.45000076293945,47.380001068115234,49.47999954223633,26567002
2024-07-25,49.5,52.91999816894531,49.400001525878906,50.209999084472656,74897734
2024-07-26,50.36000061035156,51.34000015258789,49.66999816894531,50.959999084472656,24798719
2024-07-29,51.34000015258789,52.79999923706055,50.369998931884766,50.83000183105469,32467478
2024-07-30,50.79999923706055,52.459999084472656,50.41999816894531,52.15999984741211,31947384
2024-07-31,52.59000015258789,53.25,50.650001525878906,51.0,34673053
2024-08-01,51.130001068115234,51.189998626708984,48.61000061035156,48.810001373291016,22992209
2024-08-02,48.0,49.20000076293945,47.63999938964844,48.63999938964844,14981482
2024-08-05,46.61000061035156,47.36000061035156,45.20000076293945,45.4900016784668,18950894
2024-08-06,46.0,46.88999938964844,44.18000030517578,44.38999938964844,15162356
2024-08-07,45.599998474121094,46.380001068115234,44.849998474121094,46.22999954223633,13450811
2024-08-08,46.45000076293945,46.779998779296875,45.4900016784668,45.91999816894531,10515032
2024-08-09,46.130001068115234,46.66999816894531,46.099998474121094,46.25,6559038
2024-08-12,45.95000076293945,46.689998626708984,45.13999938964844,46.15999984741211,12640921
2024-08-13,47.79999923706055,48.20000076293945,46.849998474121094,47.36000061035156,27112584
2024-08-14,48.0,48.0,45.939998626708984,46.119998931884766,10428015
2024-08-16,46.5,46.939998626708984,45.959999084472656,46.31999969482422,7930710
2024-08-19,46.599998474121094,48.29999923706055,46.20000076293945,47.38999938964844,13076225
2024-08-20,47.689998626708984,48.95000076293945,47.27000045776367,48.459999084472656,14532381
2024-08-21,48.650001525878906,48.7599983215332,47.70000076293945,47.959999084472656,9114527
2024-08-22,48.0,48.75,47.689998626708984,47.95000076293945,6894783
2024-08-23,48.150001525878906,49.060001373291016,47.0,47.11000061035156,11922594
2024-08-26,47.400001525878906,47.439998626708984,46.709999084472656,46.849998474121094,4446609
2024-08-27,46.79999923706055,47.099998474121094,46.43000030517578,46.810001373291016,5979448
2024-08-28,46.810001373291016,48.79999923706055,46.810001373291016,47.93000030517578,22325535
2024-08-29,47.900001525878906,48.349998474121094,47.099998474121094,47.40999984741211,9114826
2024-08-30,52.0,52.0,49.65999984741211,49.970001220703125,113232641
2024-09-02,50.470001220703125,50.54999923706055,48.810001373291016,49.25,19054317
2024-09-03,49.150001525878906,49.2400016784668,47.970001220703125,48.279998779296875,9496465
2024-09-04,47.689998626708984,49.880001068115234,47.5,49.0,14683668
2024-09-05,49.20000076293945,49.4900016784668,48.47999954223633,48.63999938964844,6516477
2024-09-06,48.56999969482422,48.68000030517578,47.0099983215332,47.20000076293945,9189715
2024-09-09,47.09000015258789,47.20000076293945,46.099998474121094,46.81999969482422,6693481
2024-09-10,47.02000045776367,47.58000183105469,46.95000076293945,47.31999969482422,4850413
2024-09-11,47.5,47.52000045776367,46.5,46.72999954223633,4303456
2024-09-12,47.0,47.43000030517578,46.11000061035156,46.9900016784668,7971566
2024-09-13,46.97999954223633,47.34000015258789,46.560001373291016,46.68000030517578,4163920
2024-09-16,47.68000030517578,48.650001525878906,47.2599983215332,48.08000183105469,20794232
2024-09-17,48.0,48.040000915527344,46.900001525878906,46.97999954223633,5953059
2024-09-18,47.06999969482422,49.900001525878906,47.0099983215332,47.349998474121094,15432183
2024-09-19,48.04999923706055,48.5,46.439998626708984,47.20000076293945,9821995
2024-09-20,47.70000076293945,48.16999816894531,47.2400016784668,47.52000045776367,9096741
2024-09-23,48.0,48.400001525878906,47.52000045776367,47.709999084472656,7964218
2024-09-24,47.75,48.349998474121094,47.52000045776367,47.59000015258789,7732893
2024-09-25,47.599998474121094,49.95000076293945,47.5,48.939998626708984,35561702
2024-09-26,49.09000015258789,49.09000015258789,48.0,48.119998931884766,8786853
2024-09-27,49.290000915527344,53.880001068115234,49.290000915527344,53.04999923706055,253434952
2024-09-30,53.150001525878906,55.11000061035156,52.380001068115234,54.470001220703125,147722348
2024-10-01,54.470001220703125,56.5,53.31999969482422,53.86000061035156,130503520
2024-10-03,52.86000061035156,54.4900016784668,51.11000061035156,51.470001220703125,69362147
2024-10-04,51.650001525878906,52.70000076293945,50.0099983215332,50.779998779296875,63697787
2024-10-07,51.45000076293945,51.45000076293945,47.0,47.29999923706055,51200232
2024-10-08,47.29999923706055,49.68000030517578,46.65999984741211,49.150001525878906,44309281
2024-10-09,49.5,49.95000076293945,48.04999923706055,48.16999816894531,24290555
2024-10-10,48.29999923706055,48.77000045776367,47.810001373291016,48.25,15039675
2024-10-11,48.0,48.630001068115234,47.47999954223633,47.630001068115234,11399828
2024-10-14,47.83000183105469,48.040000915527344,47.20000076293945,47.369998931884766,10675097
2024-10-15,47.0,47.470001220703125,46.119998931884766,46.54999923706055,22822508
2024-10-16,46.47999954223633,46.97999954223633,45.689998626708984,46.150001525878906,13367085
2024-10-17,46.25,46.470001220703125,44.70000076293945,44.91999816894531,12233718
2024-10-18,44.70000076293945,44.81999969482422,43.63999938964844,44.47999954223633,14954513
2024-10-21,44.52000045776367,45.04999923706055,42.5,42.61000061035156,15244201
2024-10-22,42.810001373291016,43.0,40.27000045776367,40.68000030517578,17862113
2024-10-23,40.709999084472656,42.040000915527344,39.810001373291016,41.52000045776367,19761709
2024-10-24,41.52000045776367,41.849998474121094,40.81999969482422,41.029998779296875,9678367
2024-10-25,41.0099983215332,41.22999954223633,39.20000076293945,39.779998779296875,13147736
2024-10-28,40.0,41.150001525878906,39.31999969482422,40.900001525878906,12616785
2024-10-29,41.650001525878906,42.25,40.54999923706055,41.33000183105469,15113708
2024-10-30,41.439998626708984,42.900001525878906,41.06999969482422,42.43000030517578,14099278
2024-10-31,42.5,43.54999923706055,42.0099983215332,42.97999954223633,12506254
2024-11-01,43.2400016784668,43.5,43.20000076293945,43.400001525878906,1865748
2024-11-04,43.400001525878906,43.439998626708984,41.79999923706055,42.15999984741211,7787830
2024-11-05,41.209999084472656,43.5,41.209999084472656,43.209999084472656,16700852
2024-11-06,43.349998474121094,43.970001220703125,43.11000061035156,43.84000015258789,9018292
2024-11-07,43.689998626708984,44.099998474121094,42.970001220703125,43.11000061035156,6422514
2024-11-08,43.11000061035156,43.349998474121094,41.75,42.689998626708984,13375464
2024-11-11,42.29999923706055,42.33000183105469,41.41999816894531,41.880001068115234,6952483
2024-11-12,41.900001525878906,42.38999938964844,40.5099983215332,40.75,6447215
2024-11-13,40.650001525878906,40.7599983215332,39.54999923706055,39.81999969482422,6553569
2024-11-14,39.97999954223633,40.4900016784668,39.75,40.08000183105469,5843842
2024-11-18,40.470001220703125,40.470001220703125,39.0,39.560001373291016,6076995
2024-11-19,40.09000015258789,40.59000015258789,39.560001373291016,39.86000061035156,4995830
2024-11-21,39.959999084472656,39.959999084472656,38.2400016784668,38.36000061035156,8306974
2024-11-22,38.59000015258789,39.529998779296875,38.20000076293945,39.2599983215332,6759518
2024-11-25,40.099998474121094,40.650001525878906,39.70000076293945,39.959999084472656,5415604
2024-11-26,40.150001525878906,42.9900016784668,39.900001525878906,42.41999816894531,16606627
2024-11-27,43.0,43.310001373291016,42.5,43.0,9682093
2024-11-28,43.0,43.400001525878906,41.86000061035156,42.150001525878906,8736344
2024-11-29,42.400001525878906,43.06999969482422,41.880001068115234,42.599998474121094,8100613
2024-12-02,42.9900016784668,43.45000076293945,42.099998474121094,42.970001220703125,7211314
2024-12-03,43.459999084472656,43.66999816894531,43.060001373291016,43.31999969482422,6317594
2024-12-04,43.31999969482422,43.7599983215332,42.779998779296875,42.90999984741211,7033851
2024-12-05,42.849998474121094,43.33000183105469,42.81999969482422,42.959999084472656,5195996
2024-12-06,42.900001525878906,43.5,42.61000061035156,42.7599983215332,6617792
2024-12-09,42.91999816894531,43.619998931884766,42.75,43.13999938964844,5680260
2024-12-10,43.13999938964844,43.75,42.849998474121094,43.130001068115234,7142609
2024-12-11,43.150001525878906,44.400001525878906,43.119998931884766,43.720001220703125,11002974
2024-12-12,43.720001220703125,43.75,42.75,42.869998931884766,4054297
2024-12-13,42.599998474121094,42.7400016784668,41.599998474121094,42.38999938964844,4920573
2024-12-16,42.38999938964844,42.849998474121094,41.900001525878906,42.04999923706055,4270962
2024-12-17,41.900001525878906,42.119998931884766,41.29999923706055,41.40999984741211,3932502
2024-12-18,41.34000015258789,41.540000915527344,40.40999984741211,40.56999969482422,5436726
2024-12-19,39.779998779296875,41.70000076293945,39.650001525878906,41.06999969482422,8430376
2024-12-20,41.25,41.29999923706055,39.540000915527344,39.779998779296875,6652158
2024-12-23,40.29999923706055,40.310001373291016,39.29999923706055,40.06999969482422,5201861
2024-12-24,40.18000030517578,40.400001525878906,39.880001068115234,40.09000015258789,3603458
2024-12-26,40.060001373291016,40.220001220703125,39.59000015258789,39.70000076293945,2740070
2024-12-27,39.70000076293945,40.08000183105469,39.400001525878906,39.68000030517578,2629040
2024-12-30,39.58000183105469,39.59000015258789,38.90999984741211,39.0099983215332,3824612
2024-12-31,39.0,39.54999923706055,38.75,39.470001220703125,2997248
2025-01-01,39.439998626708984,40.59000015258789,39.439998626708984,40.13999938964844,4292407
2025-01-02,40.20000076293945,40.470001220703125,39.869998931884766,40.04999923706055,2576767
2025-01-03,40.18000030517578,40.720001220703125,40.04999923706055,40.220001220703125,3216283
2025-01-06,40.04999923706055,40.099998474121094,38.279998779296875,38.43000030517578,5151919
2025-01-07,38.56999969482422,39.08000183105469,38.29999923706055,38.97999954223633,3211265
2025-01-08,39.0,39.220001220703125,38.459999084472656,39.040000915527344,3044486
2025-01-09,38.88999938964844,39.13999938964844,38.150001525878906,38.33000183105469,2449819
2025-01-10,38.31999969482422,38.31999969482422,36.93000030517578,37.119998931884766,4455116
2025-01-13,36.97999954223633,36.97999954223633,34.20000076293945,34.470001220703125,7973353
2025-01-14,34.83000183105469,36.349998474121094,34.83000183105469,35.959999084472656,7882786
2025-01-15,36.09000015258789,37.20000076293945,35.5099983215332,36.75,5198753
2025-01-16,37.70000076293945,39.689998626708984,37.650001525878906,38.630001068115234,13420006
2025-01-17,38.29999923706055,38.7400016784668,37.91999816894531,38.33000183105469,4201717
2025-01-20,39.5,40.29999923706055,39.0099983215332,39.13999938964844,10583656
2025-01-21,39.400001525878906,40.099998474121094,38.720001220703125,39.220001220703125,6792325
2025-01-22,39.220001220703125,39.290000915527344,37.459999084472656,38.41999816894531,4579286
2025-01-23,38.02000045776367,38.72999954223633,37.81999969482422,38.040000915527344,2999886
2025-01-24,38.040000915527344,38.20000076293945,37.41999816894531,37.66999816894531,2684667
2025-01-27,37.25,37.349998474121094,35.709999084472656,35.97999954223633,3611560
2025-01-28,35.9900016784668,36.5,34.650001525878906,35.810001373291016,5310460
2025-01-29,36.220001220703125,38.38999938964844,36.119998931884766,37.83000183105469,8216817
2025-01-30,38.0,38.20000076293945,37.09000015258789,37.209999084472656,4134685
2025-01-31,37.2400016784668,37.9900016784668,36.900001525878906,37.83000183105469,3035710
2025-02-01,38.0,38.59000015258789,37.20000076293945,37.4900016784668,2871105
2025-02-03,37.0,37.43000030517578,36.22999954223633,36.40999984741211,2339481
2025-02-04,36.599998474121094,36.9900016784668,36.439998626708984,36.65999984741211,2451918
2025-02-05,36.720001220703125,37.22999954223633,36.65999984741211,36.7599983215332,2593915
2025-02-06,36.849998474121094,37.119998931884766,36.5,36.810001373291016,3110389
2025-02-07,36.7400016784668,36.7400016784668,36.02000045776367,36.189998626708984,2790275
2025-02-10,36.0,36.220001220703125,35.529998779296875,35.83000183105469,2036959
2025-02-11,35.599998474121094,35.79999923706055,34.209999084472656,34.5099983215332,3260152
2025-02-12,34.0,34.0,30.700000762939453,32.2599983215332,17443120
2025-02-13,32.459999084472656,33.040000915527344,31.709999084472656,31.8799991607666,4502581
2025-02-14,31.8799991607666,32.09000015258789,29.81999969482422,30.040000915527344,6445028
2025-02-17,30.040000915527344,30.309999465942383,28.989999771118164,29.979999542236328,7568782
2025-02-18,29.989999771118164,30.280000686645508,28.559999465942383,28.979999542236328,5274859
2025-02-19,28.790000915527344,30.540000915527344,28.5,30.299999237060547,5939174
2025-02-20,30.0,30.829999923706055,29.719999313354492,30.739999771118164,4553705
2025-02-21,30.299999237060547,31.639999389648438,30.110000610351562,30.260000228881836,6686800
2025-02-24,30.260000228881836,30.43000030517578,29.18000030517578,29.889999389648438,4203862
2025-02-25,30.18000030517578,30.309999465942383,29.450000762939453,29.68000030517578,2687413
2025-02-27,29.700000762939453,29.959999084472656,28.010000228881836,28.6299991607666,4159126
2025-02-28,28.469999313354492,28.5,27.100000381469727,27.510000228881836,6104105
2025-03-03,27.549999237060547,28.100000381469727,25.649999618530273,26.90999984741211,9152434
2025-03-04,26.25,27.729999542236328,26.190000534057617,27.280000686645508,5991772
2025-03-05,27.399999618530273,28.899999618530273,27.25,28.540000915527344,5290081
2025-03-06,28.790000915527344,29.350000381469727,28.639999389648438,29.18000030517578,4704699
2025-03-07,29.34000015258789,29.68000030517578,28.8799991607666,29.149999618530273,5392771
2025-03-10,28.959999084472656,29.350000381469727,27.600000381469727,27.799999237060547,5358944
2025-03-11,27.079999923706055,28.479999542236328,26.899999618530273,28.0,5127787
2025-03-12,28.299999237060547,28.6200008392334,27.809999465942383,27.969999313354492,4132368
2025-03-13,27.959999084472656,28.260000228881836,27.049999237060547,27.389999389648438,4482247
2025-03-17,27.549999237060547,27.84000015258789,26.90999984741211,27.020000457763672,4887211
2025-03-19,28.770000457763672,30.190000534057617,28.75,29.93000030517578,11014956
2025-03-20,30.15999984741211,30.360000610351562,29.280000686645508,29.360000610351562,6321878
2025-03-21,29.389999389648438,30.899999618530273,29.229999542236328,30.239999771118164,11407242
2025-03-24,30.299999237060547,30.989999771118164,30.25,30.3799991607666,5729077
2025-03-25,30.559999465942383,30.739999771118164,29.020000457763672,29.18000030517578,6219685
2025-03-26,29.100000381469727,29.25,28.0,28.059999465942383,6616580
2025-03-27,27.899999618530273,29.040000915527344,27.729999542236328,28.350000381469727,11231002
2025-03-28,28.420000076293945,29.440000534057617,27.399999618530273,27.579999923706055,9530673
2025-04-01,27.6299991607666,28.899999618530273,27.530000686645508,28.65999984741211,6592786
2025-04-02,28.540000915527344,28.93000030517578,27.899999618530273,28.579999923706055,5577549
2025-04-03,28.420000076293945,29.170000076293945,28.239999771118164,29.059999465942383,4771211
2025-04-04,28.93000030517578,29.0,27.420000076293945,27.639999389648438,5826585
2025-04-07,26.639999389648438,26.639999389648438,24.709999084472656,26.40999984741211,6995519
2025-04-08,26.809999465942383,27.389999389648438,26.549999237060547,26.809999465942383,3535839
2025-04-09,26.65999984741211,26.889999389648438,26.020000457763672,26.1200008392334,3368561
2025-04-11,26.700000762939453,27.09000015258789,26.479999542236328,26.979999542236328,3309915
2025-04-15,27.489999771118164,28.520000457763672,27.34000015258789,28.360000610351562,5530976
2025-04-16,28.549999237060547,28.989999771118164,28.3700008392334,28.649999618530273,3822650
2025-04-17,28.489999771118164,29.1200008392334,28.219999313354492,28.670000076293945,3406989
2025-04-21,28.700000762939453,29.530000686645508,28.40999984741211,29.350000381469727,5148643
2025-04-22,29.200000762939453,30.600000381469727,29.100000381469727,30.209999084472656,9201914
2025-04-23,30.399999618530273,30.399999618530273,29.229999542236328,30.079999923706055,5537072
2025-04-24,29.90999984741211,31.149999618530273,29.809999465942383,30.540000915527344,9394688
2025-04-25,30.5,30.600000381469727,29.010000228881836,29.40999984741211,6800154
2025-04-28,29.299999237060547,29.299999237060547,28.639999389648438,29.170000076293945,3932618
2025-04-29,28.770000457763672,29.889999389648438,28.770000457763672,29.3799991607666,3772079
2025-04-30,29.239999771118164,29.3700008392334,28.59000015258789,28.790000915527344,5017528
2025-05-02,28.790000915527344,28.90999984741211,28.219999313354492,28.34000015258789,2938984
2025-05-05,28.209999084472656,28.790000915527344,28.110000610351562,28.6299991607666,2596973
2025-05-06,28.469999313354492,28.860000610351562,27.719999313354492,27.84000015258789,4110056
2025-05-07,27.25,28.399999618530273,27.219999313354492,28.25,4277521
2025-05-08,28.100000381469727,28.899999618530273,28.0,28.200000762939453,3309111
2025-05-09,27.65999984741211,27.81999969482422,25.600000381469727,27.459999084472656,3939290
2025-05-12,28.899999618530273,29.100000381469727,28.459999084472656,28.93000030517578,5037444
2025-05-13,28.950000762939453,29.850000381469727,28.799999237060547,29.510000228881836,4788637
2025-05-14,29.700000762939453,30.75,29.690000534057617,30.56999969482422,9500165
2025-05-15,32.25,32.79999923706055,31.510000228881836,31.8700008392334,20629916
2025-05-16,31.8700008392334,32.09000015258789,31.309999465942383,31.850000381469727,6647888
2025-05-19,31.899999618530273,34.20000076293945,31.899999618530273,33.36000061035156,19224592
2025-05-20,33.95000076293945,34.20000076293945,32.400001525878906,32.529998779296875,8993168
2025-05-21,32.599998474121094,32.72999954223633,32.0099983215332,32.31999969482422,4286409
2025-05-22,32.29999923706055,32.79999923706055,31.8700008392334,32.220001220703125,4360626
2025-05-23,32.349998474121094,33.16999816894531,31.950000762939453,32.709999084472656,5140059
2025-05-26,32.79999923706055,33.290000915527344,32.52000045776367,32.58000183105469,3735388
2025-05-27,32.619998931884766,32.70000076293945,32.209999084472656,32.540000915527344,2332046
2025-05-28,32.540000915527344,33.290000915527344,32.540000915527344,33.189998626708984,5430543
2025-05-29,33.29999923706055,34.060001373291016,32.79999923706055,33.310001373291016,7000805
2025-05-30,33.20000076293945,33.380001068115234,32.540000915527344,32.81999969482422,3488350
2025-06-02,32.650001525878906,33.599998474121094,32.43000030517578,33.18000030517578,3842195
2025-06-03,33.380001068115234,33.439998626708984,32.75,32.869998931884766,2585246
2025-06-04,32.91999816894531,33.29999923706055,32.34000015258789,33.150001525878906,3814300
2025-06-05,33.220001220703125,33.97999954223633,33.04999923706055,33.130001068115234,4320955
2025-06-06,33.130001068115234,33.310001373291016,32.72999954223633,32.810001373291016,2654688
2025-06-09,33.0,34.099998474121094,33.0,33.470001220703125,5076317
2025-06-10,33.689998626708984,34.9900016784668,33.310001373291016,34.15999984741211,12871571
2025-06-11,34.380001068115234,35.849998474121094,34.04999923706055,34.65999984741211,17688155
2025-06-12,34.93000030517578,35.20000076293945,33.540000915527344,34.02000045776367,5872681
2025-06-13,33.400001525878906,33.68000030517578,32.689998626708984,33.25,5449804
2025-06-16,33.220001220703125,33.56999969482422,31.93000030517578,32.970001220703125,5059282
2025-06-17,33.09000015258789,33.29999923706055,32.0099983215332,32.13999938964844,3985269
2025-06-18,32.09000015258789,32.439998626708984,31.600000381469727,31.84000015258789,3258924
2025-06-19,31.700000762939453,32.189998626708984,30.899999618530273,31.1200008392334,3900754
2025-06-20,31.25,31.59000015258789,30.90999984741211,31.40999984741211,3428081
2025-06-23,31.200000762939453,31.360000610351562,30.850000381469727,31.270000457763672,2281235
2025-06-24,31.489999771118164,32.20000076293945,31.489999771118164,31.770000457763672,3642809
2025-06-25,31.950000762939453,33.400001525878906,31.81999969482422,33.130001068115234,6274237
2025-06-26,33.41999816894531,33.4900016784668,32.529998779296875,33.0,4127157
2025-06-27,33.16999816894531,33.810001373291016,32.810001373291016,33.029998779296875,9256193
2025-06-30,33.349998474121094,33.38999938964844,32.90999984741211,33.119998931884766,3793187
2025-07-01,33.290000915527344,33.5099983215332,32.91999816894531,33.060001373291016,3160446
2025-07-02,33.08000183105469,33.540000915527344,32.93000030517578,33.290000915527344,6728288
2025-07-03,33.349998474121094,33.54999923706055,33.04999923706055,33.209999084472656,2995776
2025-07-04,33.2599983215332,33.33000183105469,32.650001525878906,32.88999938964844,3061684
2025-07-07,32.63999938964844,34.06999969482422,32.599998474121094,33.29999923706055,7693900
2025-07-08,33.29999923706055,33.7599983215332,32.849998474121094,33.25,5144719
2025-07-09,33.29999923706055,33.470001220703125,32.86000061035156,33.06999969482422,2506253
2025-07-10,33.099998474121094,33.369998931884766,32.86000061035156,32.939998626708984,2811115
2025-07-11,32.900001525878906,33.25,32.29999923706055,32.540000915527344,3221641
2025-07-14,32.5,32.58000183105469,32.13999938964844,32.290000915527344,2179831
2025-07-15,32.29999923706055,32.81999969482422,32.279998779296875,32.45000076293945,2409017
2025-07-16,32.66999816894531,32.88999938964844,32.45000076293945,32.560001373291016,2153474
2025-07-17,32.689998626708984,32.9900016784668,32.220001220703125,32.36000061035156,2810439
2025-07-18,32.439998626708984,32.439998626708984,31.850000381469727,31.950000762939453,2317843
2025-07-21,31.950000762939453,32.02000045776367,31.329999923706055,31.389999389648438,2738951
2025-07-22,31.68000030517578,32.150001525878906,31.389999389648438,31.790000915527344,2825852
2025-07-23,32.20000076293945,32.20000076293945,31.43000030517578,31.549999237060547,1778308
2025-07-24,31.549999237060547,31.670000076293945,31.270000457763672,31.450000762939453,1424845
2025-07-25,31.450000762939453,31.489999771118164,30.690000534057617,30.899999618530273,1937801
2025-07-28,31.010000228881836,31.010000228881836,29.90999984741211,30.09000015258789,2081684
2025-07-29,30.0,30.860000610351562,29.6299991607666,30.719999313354492,2125127
2025-07-30,30.510000228881836,31.049999237060547,30.5,30.649999618530273,1288429
2025-07-31,30.399999618530273,30.450000762939453,29.700000762939453,30.030000686645508,1730956
2025-08-01,30.0,30.420000076293945,29.790000915527344,29.93000030517578,1406759
2025-08-04,30.020000457763672,30.190000534057617,29.600000381469727,30.030000686645508,1646387
2025-08-05,30.100000381469727,30.309999465942383,29.649999618530273,29.790000915527344,1558540
2025-08-06,29.780000686645508,29.969999313354492,29.209999084472656,29.40999984741211,3314633
2025-08-07,29.350000381469727,29.450000762939453,28.420000076293945,28.959999084472656,2780136
2025-08-08,28.350000381469727,29.149999618530273,28.350000381469727,28.540000915527344,3027314
2025-08-11,28.68000030517578,28.739999771118164,28.030000686645508,28.420000076293945,2525757
2025-08-12,28.579999923706055,28.899999618530273,28.200000762939453,28.25,1914712
2025-08-13,28.25,28.489999771118164,27.950000762939453,28.149999618530273,2039391
2025-08-14,28.149999618530273,28.389999389648438,28.010000228881836,28.079999923706055,1659711
2025-08-18,28.290000915527344,28.59000015258789,28.25,28.469999313354492,1993910
2025-08-19,28.549999237060547,29.600000381469727,28.329999923706055,29.469999313354492,3402922
2025-08-20,29.469999313354492,30.139999389648438,29.209999084472656,29.889999389648438,2809357
2025-08-21,30.09000015258789,30.1200008392334,29.350000381469727,29.43000030517578,1617876
2025-08-22,29.299999237060547,29.360000610351562,28.940000534057617,29.020000457763672,1466571
2025-08-25,29.040000915527344,29.690000534057617,28.899999618530273,29.399999618530273,2662473
2025-08-26,29.209999084472656,29.469999313354492,29.020000457763672,29.170000076293945,2372899
2025-08-28,28.899999618530273,29.100000381469727,28.510000228881836,28.690000534057617,1496381
2025-08-29,28.65999984741211,28.84000015258789,28.239999771118164,28.360000610351562,1374407
2025-09-01,28.639999389648438,28.950000762939453,28.280000686645508,28.790000915527344,1863035
2025-09-02,30.5,33.5,30.350000381469727,32.439998626708984,172714668
2025-09-03,32.70000076293945,33.25,32.13999938964844,32.529998779296875,27273702
2025-09-04,32.70000076293945,32.91999816894531,31.209999084472656,31.389999389648438,9965719
2025-09-05,31.3799991607666,32.88999938964844,30.950000762939453,32.130001068115234,12430846
2025-09-08,32.130001068115234,32.33000183105469,31.56999969482422,31.8700008392334,4045854
2025-09-09,31.940000534057617,31.940000534057617,31.270000457763672,31.530000686645508,2774031
2025-09-10,31.649999618530273,31.8700008392334,31.209999084472656,31.290000915527344,3570703
2025-09-11,31.290000915527344,31.850000381469727,31.059999465942383,31.3700008392334,3220776
2025-09-12,31.360000610351562,31.5,31.020000457763672,31.229999542236328,3192481
2025-09-15,31.229999542236328,31.75,31.110000610351562,31.299999237060547,2901848
2025-09-16,31.389999389648438,31.6200008392334,31.209999084472656,31.34000015258789,2201631
2025-09-17,31.389999389648438,31.600000381469727,31.079999923706055,31.229999542236328,2640574
2025-09-18,31.299999237060547,33.29999923706055,31.239999771118164,31.969999313354492,18077115
2025-09-19,32.0,32.459999084472656,31.600000381469727,32.310001373291016,3637595
2025-09-22,32.0,32.119998931884766,30.5,31.770000457763672,3596328
2025-09-23,31.770000457763672,31.899999618530273,31.0,31.399999618530273,3491308
2025-09-24,31.200000762939453,32.400001525878906,31.1200008392334,31.600000381469727,6760925
2025-09-25,31.520000457763672,31.639999389648438,31.0,31.270000457763672,2621001
2025-09-26,31.0,31.100000381469727,30.110000610351562,30.239999771118164,3059963
2025-09-29,30.239999771118164,31.770000457763672,29.299999237060547,30.100000381469727,13298265
2025-09-30,30.399999618530273,30.489999771118164,29.510000228881836,29.760000228881836,3076072
2025-10-01,29.899999618530273,30.389999389648438,29.81999969482422,30.030000686645508,2662580
2025-10-03,30.100000381469727,30.700000762939453,29.959999084472656,30.530000686645508,2907393
2025-10-06,30.290000915527344,30.770000457763672,30.110000610351562,30.190000534057617,2555889
2025-10-07,30.309999465942383,31.170000076293945,30.010000228881836,30.739999771118164,6075485
2025-10-08,30.75,31.350000381469727,30.450000762939453,30.780000686645508,3801884
2025-10-09,30.90999984741211,30.90999984741211,30.260000228881836,30.389999389648438,2853736
2025-10-10,30.200000762939453,30.899999618530273,30.15999984741211,30.459999084472656,2663948
2025-10-13,30.25,30.43000030517578,30.059999465942383,30.139999389648438,2195639
2025-10-14,30.139999389648438,30.25,29.6200008392334,29.780000686645508,2580095
2025-10-15,29.780000686645508,30.049999237060547,29.670000076293945,29.75,2863217
2025-10-16,29.799999237060547,30.110000610351562,29.600000381469727,29.639999389648438,2415555
2025-10-17,29.639999389648438,29.700000762939453,29.110000610351562,29.209999084472656,1966329
2025-10-20,29.25,29.65999984741211,29.18000030517578,29.579999923706055,2071319
2025-10-21,29.59000015258789,29.989999771118164,29.579999923706055,29.8700008392334,830737
2025-10-23,29.950000762939453,30.31999969482422,29.739999771118164,29.809999465942383,3870325
2025-10-24,30.0,30.079999923706055,29.709999084472656,29.8700008392334,1620475
2025-10-27,29.799999237060547,29.850000381469727,29.510000228881836,29.639999389648438,1456286
2025-10-28,29.5,29.899999618530273,28.700000762939453,29.270000457763672,2673834
2025-10-29,29.290000915527344,30.81999969482422,29.260000228881836,30.040000915527344,7101763
2025-10-30,29.969999313354492,30.040000915527344,29.700000762939453,29.770000457763672,2184417
2025-10-31,29.600000381469727,29.8799991607666,29.450000762939453,29.530000686645508,1834662
2025-11-03,29.530000686645508,29.860000610351562,29.5,29.729999542236328,1723252
2025-11-04,29.760000228881836,29.860000610351562,29.100000381469727,29.229999542236328,2469854
2025-11-06,29.209999084472656,29.229999542236328,28.760000228881836,28.90999984741211,1814524
2025-11-07,28.200000762939453,28.450000762939453,27.360000610351562,27.829999923706055,5398180
2025-11-10,29.600000381469727,29.899999618530273,28.489999771118164,28.6299991607666,5945112
2025-11-11,28.6200008392334,28.6299991607666,28.020000457763672,28.260000228881836,2189222
2025-11-12,28.270000457763672,28.40999984741211,28.200000762939453,28.239999771118164,2182821
2025-11-13,28.239999771118164,28.739999771118164,28.170000076293945,28.260000228881836,2449167
2025-11-14,28.260000228881836,28.399999618530273,28.110000610351562,28.229999542236328,1337608
2025-11-17,28.260000228881836,28.43000030517578,28.06999969482422,28.149999618530273,1549290
2025-11-18,28.350000381469727,28.989999771118164,27.979999542236328,28.270000457763672,2760936
2025-11-19,28.270000457763672,28.989999771118164,28.079999923706055,28.229999542236328,3485821
2025-11-20,28.34000015258789,28.459999084472656,28.15999984741211,28.239999771118164,1614101
2025-11-21,28.100000381469727,28.200000762939453,27.850000381469727,27.959999084472656,1554982
2025-11-24,28.0,28.15999984741211,27.270000457763672,27.450000762939453,2025004
2025-11-25,27.450000762939453,27.469999313354492,26.700000762939453,26.81999969482422,2728591
2025-11-26,26.860000610351562,27.350000381469727,26.850000381469727,27.229999542236328,1739623
2025-11-27,27.280000686645508,27.690000534057617,27.100000381469727,27.18000030517578,1916135
2025-11-28,27.18000030517578,27.18000030517578,26.579999923706055,26.709999084472656,2017127
2025-12-01,26.75,27.200000762939453,26.65999984741211,26.75,1775274
2025-12-02,26.739999771118164,27.100000381469727,26.549999237060547,26.700000762939453,1414982
2025-12-03,26.700000762939453,26.850000381469727,26.360000610351562,26.700000762939453,1810821
2025-12-04,26.700000762939453,27.059999465942383,26.549999237060547,26.770000457763672,1596333
2025-12-05,26.690000534057617,26.690000534057617,26.290000915527344,26.440000534057617,2396033
2025-12-08,26.440000534057617,26.479999542236328,25.549999237060547,25.860000610351562,2925978
2025-12-09,25.690000534057617,26.1200008392334,25.020000457763672,26.010000228881836,3699560
2025-12-10,26.010000228881836,27.3799991607666,25.920000076293945,26.8700008392334,11453744
2025-12-11,26.899999618530273,27.84000015258789,26.850000381469727,27.579999923706055,4928745
2025-12-12,27.600000381469727,28.049999237060547,27.049999237060547,27.209999084472656,2793918
2025-12-15,27.010000228881836,27.079999923706055,26.719999313354492,26.8700008392334,1225635
2025-12-16,26.75,27.06999969482422,26.329999923706055,26.399999618530273,2433564
2025-12-17,26.350000381469727,26.579999923706055,25.959999084472656,26.040000915527344,1786365
2025-12-18,25.969999313354492,27.84000015258789,25.690000534057617,26.8700008392334,4781932
2025-12-19,26.799999237060547,26.799999237060547,25.350000381469727,25.600000381469727,10766818
2025-12-22,26.0,26.020000457763672,25.450000762939453,25.93000030517578,3283469
2025-12-23,26.0,26.079999923706055,25.770000457763672,25.979999542236328,2188960
2025-12-24,25.950000762939453,26.059999465942383,25.65999984741211,25.709999084472656,1819162
2025-12-26,25.690000534057617,25.940000534057617,25.420000076293945,25.860000610351562,2094178
2025-12-29,25.739999771118164,26.1200008392334,25.649999618530273,25.8700008392334,2372030
2025-12-30,25.8700008392334,25.8700008392334,25.540000915527344,25.760000228881836,1853329
2025-12-31,25.65999984741211,26.479999542236328,25.65999984741211,26.1299991607666,3716669
2026-01-01,26.1299991607666,26.290000915527344,25.950000762939453,26.079999923706055,1367595
2026-01-02,26.010000228881836,26.579999923706055,25.920000076293945,26.34000015258789,2571486
2026-01-05,26.260000228881836,26.520000457763672,25.989999771118164,26.049999237060547,2196727
2026-01-06,26.020000457763672,26.049999237060547,25.709999084472656,25.809999465942383,1468158
2026-01-07,25.709999084472656,26.100000381469727,25.6200008392334,25.969999313354492,1620065
2026-01-08,25.899999618530273,26.0,25.450000762939453,25.579999923706055,2889088
2026-01-09,25.59000015258789,25.65999984741211,25.100000381469727,25.18000030517578,2861424
2026-01-12,25.049999237060547,25.43000030517578,24.440000534057617,25.270000457763672,3824699
2026-01-13,25.239999771118164,25.399999618530273,24.90999984741211,25.06999969482422,1328151
2026-01-14,25.190000534057617,25.709999084472656,24.850000381469727,25.209999084472656,2845093
2026-01-16,25.239999771118164,25.479999542236328,24.920000076293945,25.329999923706055,2205631
2026-01-19,25.020000457763672,25.06999969482422,24.450000762939453,24.56999969482422,2241486
2026-01-20,24.5,24.510000228881836,23.549999237060547,23.729999542236328,3939433
2026-01-21,23.309999465942383,23.489999771118164,22.850000381469727,23.18000030517578,4570208
2026-01-22,23.260000228881836,23.889999389648438,23.260000228881836,23.770000457763672,1640664
2026-01-23,23.770000457763672,23.790000915527344,23.0,23.049999237060547,2227440
2026-01-27,23.25,24.350000381469727,23.200000762939453,24.049999237060547,4128818
2026-01-28,24.139999389648438,25.0,24.0,24.81999969482422,2641764
2026-01-29,24.799999237060547,24.81999969482422,23.90999984741211,24.020000457763672,2554403
2026-01-30,24.0,25.309999465942383,23.6299991607666,25.110000610351562,4268093
2026-02-02,24.5,24.68000030517578,23.559999465942383,24.239999771118164,3819780
2026-02-03,24.950000762939453,25.100000381469727,24.510000228881836,24.989999771118164,3164103
2026-02-04,24.989999771118164,25.5,24.84000015258789,25.1200008392334,3253526
2026-02-05,25.0,25.360000610351562,24.610000610351562,24.799999237060547,2234596
2026-02-06,25.350000381469727,25.489999771118164,24.299999237060547,24.719999313354492,2380616
2026-02-09,24.700000762939453,25.56999969482422,24.59000015258789,25.309999465942383,4620878
2026-02-10,25.309999465942383,26.0,25.25,25.889999389648438,3710340
2026-02-11,25.989999771118164,25.989999771118164,25.149999618530273,25.3799991607666,2260101
2026-02-12,25.200000762939453,25.34000015258789,24.600000381469727,24.75,3211100
2026-02-13,24.75,24.75,24.06999969482422,24.25,2249499
2026-02-16,24.549999237060547,24.950000762939453,24.049999237060547,24.209999084472656,3209884
2026-02-17,24.030000686645508,24.989999771118164,24.030000686645508,24.540000915527344,2375154
2026-02-18,24.459999084472656,24.75,24.100000381469727,24.18000030517578,2432069
2026-02-19,24.200000762939453,24.290000915527344,23.709999084472656,23.799999237060547,2053212
2026-02-20,23.700000762939453,23.899999618530273,23.549999237060547,23.670000076293945,1662407
2026-02-23,23.799999237060547,23.93000030517578,23.450000762939453,23.530000686645508,1857739
2026-02-24,23.40999984741211,23.5,23.010000228881836,23.229999542236328,2059203
2026-02-25,23.200000762939453,23.5,23.049999237060547,23.15999984741211,2189590
2026-02-26,23.149999618530273,24.200000762939453,23.149999618530273,23.969999313354492,4906136
2026-02-27,24.25,24.670000076293945,23.829999923706055,24.309999465942383,7173292
2026-03-02,23.100000381469727,24.040000915527344,23.049999237060547,23.479999542236328,5713072
2026-03-04,23.25,25.989999771118164,22.899999618530273,25.31999969482422,47083283
2026-03-05,25.360000610351562,25.950000762939453,24.200000762939453,24.520000457763672,9586903
2026-03-06,24.520000457763672,24.59000015258789,23.649999618530273,23.90999984741211,3205332
2026-03-09,23.479999542236328,25.100000381469727,23.31999969482422,24.790000915527344,15863959
2026-03-10,24.75,25.190000534057617,24.049999237060547,25.049999237060547,6464886
2026-03-11,25.09000015258789,25.690000534057617,24.450000762939453,24.670000076293945,6379967
2026-03-12,24.549999237060547,25.100000381469727,24.219999313354492,24.559999465942383,5013900
2026-03-13,24.559999465942383,24.760000228881836,23.799999237060547,24.020000457763672,3953165
2026-03-16,23.860000610351562,23.979999542236328,23.1200008392334,23.489999771118164,3745096
2026-03-17,23.84000015258789,24.489999771118164,23.520000457763672,23.790000915527344,3869134
2026-03-18,23.809999465942383,24.309999465942383,23.809999465942383,24.059999465942383,3142366
2026-03-19,23.719999313354492,24.670000076293945,23.549999237060547,23.809999465942383,5772307
2026-03-20,24.219999313354492,25.59000015258789,23.920000076293945,24.8700008392334,9757227
2026-03-23,24.799999237060547,24.860000610351562,23.450000762939453,24.110000610351562,8175487
2026-03-24,24.56999969482422,24.649999618530273,23.5,24.299999237060547,6255522
2026-03-25,24.329999923706055,25.6299991607666,24.329999923706055,25.110000610351562,8315458
2026-03-27,24.75,27.350000381469727,24.40999984741211,26.489999771118164,31649235
2026-03-30,26.40999984741211,28.59000015258789,26.219999313354492,27.5,52555870
2026-04-01,28.0,28.93000030517578,27.43000030517578,28.09000015258789,17124320
2026-04-02,27.6200008392334,28.549999237060547,27.049999237060547,28.1200008392334,11240883
2026-04-06,28.1200008392334,28.8700008392334,27.690000534057617,28.440000534057617,10618598
2026-04-07,28.100000381469727,28.850000381469727,27.899999618530273,28.18000030517578,6289152
2026-04-08,28.75,28.770000457763672,27.260000228881836,27.719999313354492,11752031
2026-04-09,27.799999237060547,28.229999542236328,27.350000381469727,27.530000686645508,5605779
2026-04-10,27.549999237060547,28.200000762939453,27.1299991607666,27.299999237060547,7185183
2026-04-13,27.200000762939453,27.739999771118164,26.600000381469727,27.290000915527344,7075129
2026-04-15,27.389999389648438,28.469999313354492,27.350000381469727,27.90999984741211,12343631
2026-04-16,28.100000381469727,28.350000381469727,27.799999237060547,27.899999618530273,5867021
2026-04-17,28.18000030517578,28.799999237060547,27.860000610351562,28.170000076293945,8805775
2026-04-20,28.200000762939453,28.84000015258789,27.3700008392334,27.90999984741211,10830303
2026-04-21,28.0,28.389999389648438,27.670000076293945,27.760000228881836,5407618
2026-04-22,28.100000381469727,28.75,27.860000610351562,28.579999923706055,14312790
2026-04-23,28.700000762939453,30.200000762939453,28.670000076293945,28.889999389648438,31403069
2026-04-24,28.90999984741211,29.1200008392334,27.6200008392334,27.829999923706055,10528561
2026-04-27,27.920000076293945,28.40999984741211,27.790000915527344,28.030000686645508,6640577
2026-04-28,28.049999237060547,28.219999313354492,27.549999237060547,27.639999389648438,5135536
2026-04-29,28.0,28.899999618530273,27.90999984741211,28.309999465942383,11020146
2026-04-30,28.450000762939453,29.780000686645508,28.190000534057617,29.209999084472656,34502981
2026-05-04,29.520000457763672,30.030000686645508,28.959999084472656,29.139999389648438,11603580
2026-05-05,29.09000015258789,30.18000030517578,29.0,29.479999542236328,18387106
2026-05-06,29.760000228881836,30.299999237060547,28.940000534057617,29.139999389648438,9874209
2026-05-07,29.3799991607666,29.440000534057617,28.5,28.549999237060547,9275777
2026-05-08,28.6200008392334,28.739999771118164,27.40999984741211,27.59000015258789,8726534
2026-05-11,26.790000915527344,26.790000915527344,25.860000610351562,25.989999771118164,14784364
2026-05-12,26.0,26.059999465942383,25.030000686645508,25.1200008392334,10000498
2026-05-13,25.100000381469727,25.34000015258789,24.639999389648438,24.860000610351562,7691014
2026-05-14,24.40999984741211,24.989999771118164,23.950000762939453,24.31999969482422,13054262
2026-05-15,24.459999084472656,24.950000762939453,24.06999969482422,24.200000762939453,8312433
2026-05-18,24.209999084472656,24.309999465942383,23.010000228881836,23.149999618530273,8605328
2026-05-19,23.15999984741211,23.969999313354492,23.020000457763672,23.600000381469727,7998907
2026-05-20,23.600000381469727,24.479999542236328,23.3700008392334,24.280000686645508,10096403
2026-05-21,24.489999771118164,24.600000381469727,23.8700008392334,23.93000030517578,6641414
2026-05-22,24.0,24.139999389648438,23.549999237060547,23.850000381469727,5336552
2026-05-25,24.0,24.139999389648438,23.549999237060547,23.65999984741211,4483781
2026-05-26,23.65999984741211,23.690000534057617,23.25,23.290000915527344,5813994
2026-05-27,23.299999237060547,23.739999771118164,23.149999618530273,23.399999618530273,5321983
2026-05-29,23.5,23.649999618530273,22.700000762939453,22.850000381469727,21249658
2026-06-01,23.010000228881836,23.15999984741211,22.610000610351562,22.709999084472656,5585635
2026-06-02,22.700000762939453,22.729999542236328,21.809999465942383,22.209999084472656,10741401
2026-06-03,22.25,22.399999618530273,21.049999237060547,21.489999771118164,12752617
2026-06-04,21.489999771118164,22.280000686645508,21.450000762939453,22.139999389648438,10999842
2026-06-05,22.299999237060547,22.850000381469727,22.079999923706055,22.440000534057617,9464050
2026-06-08,22.3700008392334,23.100000381469727,21.719999313354492,21.950000762939453,10036246
2026-06-09,21.989999771118164,22.18000030517578,21.829999923706055,22.09000015258789,4301313
2026-06-10,22.09000015258789,22.299999237060547,21.75,21.84000015258789,3275334
2026-06-11,22.149999618530273,22.270000457763672,21.510000228881836,21.68000030517578,9060042
2026-06-12,21.989999771118164,22.389999389648438,21.809999465942383,22.290000915527344,5743642
2026-06-15,22.979999542236328,24.889999389648438,22.799999237060547,24.059999465942383,52793038
2026-06-16,24.389999389648438,24.389999389648438,23.520000457763672,23.75,9725923
2026-06-17,23.799999237060547,23.799999237060547,23.1299991607666,23.170000076293945,6793018
2026-06-18,23.34000015258789,23.450000762939453,23.100000381469727,23.209999084472656,4802624
2026-06-19,23.170000076293945,23.299999237060547,22.8799991607666,23.09000015258789,4750525
2026-06-22,23.309999465942383,23.309999465942383,23.06999969482422,23.15999984741211,2353785
2026-06-23,23.149999618530273,23.270000457763672,22.510000228881836,22.610000610351562,4278648
2026-06-24,22.600000381469727,23.1200008392334,22.420000076293945,22.899999618530273,4443859
2026-06-25,22.989999771118164,23.010000228881836,22.309999465942383,22.399999618530273,3371856
2026-06-29,22.420000076293945,22.600000381469727,22.139999389648438,22.260000228881836,2826151
2026-06-30,22.389999389648438,22.489999771118164,22.049999237060547,22.1299991607666,2428753
2026-07-01,22.260000228881836,23.290000915527344,22.149999618530273,23.0,8654831
2026-07-02,23.09000015258789,23.239999771118164,22.850000381469727,23.15999984741211,3171735
2026-07-03,23.18000030517578,23.489999771118164,22.920000076293945,22.989999771118164,3248557
2026-07-06,23.040000915527344,23.639999389648438,22.799999237060547,23.079999923706055,6313582
2026-07-07,23.030000686645508,23.479999542236328,22.700000762939453,23.309999465942383,3831158
2026-07-08,23.110000610351562,23.239999771118164,22.399999618530273,22.559999465942383,3952712
2026-07-09,22.59000015258789,22.959999084472656,22.459999084472656,22.610000610351562,1963851
2026-07-10,22.780000686645508,23.100000381469727,22.700000762939453,22.729999542236328,2000204
2026-07-13,22.690000534057617,23.31999969482422,22.420000076293945,23.06999969482422,5237377
2026-07-14,22.959999084472656,23.25,22.610000610351562,22.719999313354492,2889180
2026-07-15,22.799999237060547,22.809999465942383,22.489999771118164,22.549999237060547,2138676
2026-07-16,22.59000015258789,22.75,22.489999771118164,22.540000915527344,2214449
2026-07-17,22.59000015258789,23.06999969482422,22.299999237060547,22.3700008392334,3636339
2026-07-20,22.350000381469727,22.459999084472656,22.09000015258789,22.170000076293945,2737512
2026-07-21,22.200000762939453,22.549999237060547,22.149999618530273,22.229999542236328,4124632
2026-07-22,22.200000762939453,22.229999542236328,21.969999313354492,22.020000457763672,2561943
2026-07-23,22.0,22.049999237060547,21.6200008392334,21.68000030517578,2358183
2026-07-24,21.649999618530273,22.399999618530273,21.5,22.229999542236328,3308107
2026-07-27,22.260000228881836,22.489999771118164,21.809999465942383,21.860000610351562,2679724
2026-07-28,21.93000030517578,21.93000030517578,21.600000381469727,21.639999389648438,1865205
2026-07-29,21.670000076293945,21.950000762939453,21.6200008392334,21.809999465942383,2016133
