Date,Open,High,Low,Close,Volume
2011-08-02,260.0,265.75,259.5,261.8500061035156,3078086
2011-08-03,260.25,262.375,257.04998779296875,257.92498779296875,1056900
2011-08-04,257.2749938964844,259.0,249.0,250.52499389648438,1112582
2011-08-05,242.5500030517578,252.0,242.5500030517578,249.5,4750262
2011-08-08,245.0,251.89999389648438,241.8000030517578,248.625,3032208
2011-08-09,239.25,245.0,238.0500030517578,240.85000610351562,3857724
2011-08-10,246.0,246.0,238.02499389648438,241.0,2548542
2011-08-11,238.0,245.25,238.0,240.89999389648438,1869728
2011-08-12,241.02499389648438,242.4499969482422,237.0,238.02499389648438,1575372
2011-08-16,238.75,242.10000610351562,236.3249969482422,236.9250030517578,443322
2011-08-17,235.5,245.5,235.5,241.97500610351562,1809090
2011-08-18,242.25,244.1999969482422,237.5500030517578,239.4250030517578,643614
2011-08-19,237.0,243.0,231.64999389648438,233.4499969482422,1494552
2011-08-22,232.5,236.9499969482422,225.6750030517578,233.77499389648438,2256598
2011-08-23,235.22500610351562,237.14999389648438,232.8000030517578,235.75,1040600
2011-08-24,235.125,237.125,231.3000030517578,232.72500610351562,1022666
2011-08-25,236.35000610351562,240.25,232.5,235.3000030517578,2959880
2011-08-26,234.3249969482422,238.9499969482422,228.4499969482422,232.6750030517578,1432896
2011-08-29,232.5,236.97500610351562,230.5,233.0749969482422,1181284
2011-08-30,234.1750030517578,248.0,233.64999389648438,245.8000030517578,2636990
2011-09-02,251.35000610351562,255.39999389648438,249.27499389648438,252.97500610351562,4598464
2011-09-05,251.0,254.5500030517578,249.125,251.52499389648438,5449062
2011-09-06,251.60000610351562,252.375,243.1999969482422,245.9250030517578,1561318
2011-09-07,247.85000610351562,248.6999969482422,243.1999969482422,246.72500610351562,1408916
2011-09-08,246.5500030517578,252.6999969482422,244.27499389648438,245.75,2014584
2011-09-09,246.5,247.72500610351562,238.5500030517578,241.375,1382136
2011-09-12,240.0,246.85000610351562,235.60000610351562,245.02499389648438,1621046
2011-09-13,245.5,247.9499969482422,240.0,241.3000030517578,1459500
2011-09-14,243.35000610351562,246.97500610351562,239.0,244.89999389648438,3733268
2011-09-15,247.4499969482422,247.4499969482422,240.875,243.5500030517578,1605102
2011-09-16,241.52499389648438,248.35000610351562,239.5,242.97500610351562,3369606
2011-09-19,248.5,248.5,235.27499389648438,236.75,1605906
2011-09-20,238.5,243.5,237.6750030517578,242.1999969482422,2011678
2011-09-21,244.9499969482422,245.0,240.5749969482422,242.10000610351562,4244378
2011-09-22,239.89999389648438,239.89999389648438,232.3000030517578,234.52499389648438,1686552
2011-09-23,231.27499389648438,237.0,228.125,234.64999389648438,1761748
2011-09-26,236.375,237.5,227.625,233.4250030517578,2628950
2011-09-27,236.1999969482422,237.60000610351562,232.5500030517578,233.625,2322574
2011-09-28,236.4250030517578,236.5,230.25,235.5,2527078
2011-09-29,233.25,235.9250030517578,232.10000610351562,233.02499389648438,3476192
2011-09-30,233.25,233.25,228.1750030517578,231.25,4327234
2011-10-03,227.625,234.0,226.5,230.97500610351562,1917186
2011-10-04,231.5,231.5749969482422,224.25,226.14999389648438,2401640
2011-10-05,225.0,233.0,225.0,230.52499389648438,2103384
2011-10-07,236.3000030517578,238.875,230.125,234.8000030517578,1987414
2011-10-10,232.77499389648438,236.1999969482422,231.0,231.52499389648438,1468888
2011-10-11,234.0,241.6999969482422,231.75,238.8249969482422,2679866
2011-10-12,240.5500030517578,243.02499389648438,239.5,242.02499389648438,1247944
2011-10-13,241.3249969482422,243.27499389648438,237.10000610351562,238.1750030517578,1589286
2011-10-14,235.6750030517578,243.47500610351562,235.6750030517578,239.9499969482422,1703284
2011-10-17,239.75,240.1750030517578,232.77499389648438,236.02499389648438,1117938
2011-10-18,233.0500030517578,237.9499969482422,232.375,233.1999969482422,1115716
2011-10-19,234.0,242.72500610351562,234.0,241.5,1555646
2011-10-20,239.9499969482422,244.97500610351562,239.0500030517578,244.39999389648438,1757926
2011-10-21,246.6999969482422,248.5,242.0,243.72500610351562,1407938
2011-10-24,247.5,250.5,239.10000610351562,241.125,2053022
2011-10-25,243.5,251.9499969482422,240.4499969482422,250.0500030517578,1749532
2011-10-28,256.0,257.5,251.5500030517578,254.75,2587778
2011-10-31,254.5,254.5,249.125,252.22500610351562,1434860
2011-11-01,250.0,257.95001220703125,250.0,252.97500610351562,2238258
2011-11-02,252.5,256.54998779296875,252.27499389648438,254.5,1224596
2011-11-03,254.5,255.02499389648438,249.5,251.875,1217320
2011-11-04,255.0,257.2250061035156,252.3000030517578,256.57501220703125,1928772
2011-11-08,255.5,257.4750061035156,247.5,249.6999969482422,875436
2011-11-09,248.5,249.75,244.14999389648438,245.35000610351562,1185296
2011-11-11,245.125,252.89999389648438,245.0,252.14999389648438,2616412
2011-11-14,255.60000610351562,262.4750061035156,254.3000030517578,255.39999389648438,1951568
2011-11-15,253.125,257.8999938964844,251.3000030517578,252.4250030517578,944612
2011-11-16,250.60000610351562,251.9499969482422,243.5,244.72500610351562,1355978
2011-11-17,246.5,250.5,243.125,246.22500610351562,2330426
2011-11-18,246.0,251.35000610351562,245.75,249.3000030517578,1782862
2011-11-21,247.5749969482422,250.875,247.0,249.3000030517578,1588990
2011-11-22,247.0,253.4499969482422,247.0,251.3249969482422,2262380
2011-11-23,251.52499389648438,253.875,247.10000610351562,248.75,1856570
2011-11-24,251.5,252.97500610351562,243.0500030517578,250.85000610351562,2058724
2011-11-25,249.5,252.0,244.02499389648438,245.9499969482422,1296106
2011-11-28,247.75,259.0,245.0,256.75,1501122
2011-11-29,258.70001220703125,258.70001220703125,253.10000610351562,254.6750030517578,1094566
2011-11-30,254.0500030517578,264.75,254.0500030517578,262.75,2639414
2011-12-01,265.5,267.4750061035156,259.07501220703125,261.3500061035156,1619632
2011-12-02,262.1499938964844,269.0,259.3999938964844,266.57501220703125,1443394
2011-12-05,267.2749938964844,269.9750061035156,261.04998779296875,262.29998779296875,1211938
2011-12-07,261.1499938964844,264.9750061035156,254.02499389648438,255.6999969482422,2540814
2011-12-08,255.0,261.5,252.5,259.67498779296875,2395944
2011-12-09,256.1000061035156,259.45001220703125,253.60000610351562,256.45001220703125,1156182
2011-12-12,258.0249938964844,260.32501220703125,251.0500030517578,252.4250030517578,1176710
2011-12-13,252.5,257.5,250.5,256.1499938964844,945436
2011-12-14,254.75,264.5,254.75,260.70001220703125,3177478
2011-12-15,257.6000061035156,262.5,257.6000061035156,261.3500061035156,2127162
2011-12-16,259.04998779296875,263.0249938964844,252.0,257.04998779296875,1500160
2011-12-19,256.17498779296875,257.70001220703125,249.5,254.125,1273816
2011-12-20,256.8500061035156,256.8500061035156,248.89999389648438,250.0,2431274
2011-12-21,253.27499389648438,253.5500030517578,246.14999389648438,249.6750030517578,2478390
2011-12-22,250.0,250.0,247.22500610351562,248.0749969482422,2117982
2011-12-23,250.9499969482422,250.9499969482422,247.5,249.375,1159262
2011-12-26,244.5,251.89999389648438,244.5,250.5749969482422,781598
2011-12-27,252.22500610351562,254.85000610351562,248.39999389648438,249.625,1400228
2011-12-28,251.47500610351562,251.47500610351562,247.5,249.625,988442
2011-12-29,250.3000030517578,250.35000610351562,246.10000610351562,248.3000030517578,1229360
2011-12-30,246.14999389648438,250.0,245.97500610351562,248.8249969482422,834046
2012-01-02,250.0,250.1750030517578,244.0,247.60000610351562,1531264
2012-01-03,249.5,250.5,247.64999389648438,249.72500610351562,1183732
2012-01-04,250.0500030517578,253.375,246.75,250.625,2152400
2012-01-05,251.47500610351562,255.5,248.6999969482422,249.9250030517578,3608544
2012-01-06,249.4250030517578,252.5,247.75,249.97500610351562,3077962
2012-01-09,253.1999969482422,254.22500610351562,249.5749969482422,252.75,1932776
2012-01-10,253.5500030517578,260.0,253.47500610351562,258.17498779296875,1689898
2012-01-11,259.625,262.20001220703125,255.125,260.32501220703125,971010
2012-01-12,258.67498779296875,262.875,257.82501220703125,260.0249938964844,746484
2012-01-13,260.07501220703125,261.45001220703125,254.5,256.79998779296875,973202
2012-01-16,257.0,257.0,250.0,252.75,713028
2012-01-17,253.0,259.5249938964844,252.25,258.0,1845766
2012-01-18,259.95001220703125,260.3999938964844,255.39999389648438,258.7250061035156,1309850
2012-01-19,260.17498779296875,266.0,257.625,263.57501220703125,1503506
2012-01-20,265.6000061035156,267.8999938964844,260.5,264.07501220703125,1788144
2012-01-23,265.0,267.45001220703125,260.1499938964844,261.4750061035156,703754
2012-01-24,262.3999938964844,263.7250061035156,255.60000610351562,258.1000061035156,924010
2012-01-25,259.8999938964844,260.6000061035156,257.1499938964844,258.6499938964844,1184990
2012-01-27,264.95001220703125,266.625,260.625,264.3999938964844,2306362
2012-01-30,262.25,271.875,262.25,266.79998779296875,3061562
2012-01-31,269.3999938964844,276.0,267.54998779296875,274.25,2012762
2012-02-01,276.9750061035156,278.3500061035156,271.75,274.79998779296875,1420266
2012-02-02,275.57501220703125,277.2250061035156,267.57501220703125,271.95001220703125,2939066
2012-02-03,270.0,279.0,270.0,278.1499938964844,2111304
2012-02-06,280.5,282.5,269.82501220703125,273.57501220703125,1795680
2012-02-07,277.8500061035156,277.8500061035156,266.375,272.1000061035156,2515820
2012-02-08,272.625,277.45001220703125,268.54998779296875,275.3500061035156,1997008
2012-02-09,275.70001220703125,278.1000061035156,269.92498779296875,271.375,2199964
2012-02-10,272.0,272.57501220703125,269.0,270.7250061035156,1910334
2012-02-13,273.5,279.82501220703125,273.5,276.57501220703125,4020990
2012-02-14,277.375,278.95001220703125,275.125,277.29998779296875,1712396
2012-02-15,278.625,282.4750061035156,276.625,278.3500061035156,992194
2012-02-16,269.75,273.8999938964844,267.5,270.54998779296875,2472766
2012-02-17,272.5,273.9750061035156,268.6499938964844,271.04998779296875,2667234
2012-02-21,272.45001220703125,274.8999938964844,269.70001220703125,271.5,3116204
2012-02-22,274.0,276.7749938964844,272.04998779296875,274.42498779296875,1494106
2012-02-23,276.45001220703125,278.57501220703125,268.32501220703125,272.8999938964844,1913602
2012-02-24,274.8999938964844,275.95001220703125,269.07501220703125,273.8999938964844,1189874
2012-02-27,275.0,277.3999938964844,272.375,274.375,1380884
2012-02-28,272.5,276.42498779296875,271.57501220703125,273.17498779296875,870150
2012-02-29,273.04998779296875,282.8999938964844,273.04998779296875,275.20001220703125,1596572
2012-03-01,276.9750061035156,282.0,274.3500061035156,275.17498779296875,1340134
2012-03-02,277.45001220703125,285.75,275.04998779296875,283.29998779296875,2413962
2012-03-05,282.82501220703125,286.2250061035156,278.0,279.1000061035156,982140
2012-03-06,279.1000061035156,284.0,277.2250061035156,279.54998779296875,1154218
2012-03-07,280.0,281.5,277.4750061035156,279.5,681656
2012-03-09,283.75,288.0,281.1000061035156,285.07501220703125,1668396
2012-03-12,288.875,289.75,285.5,288.0249938964844,982388
2012-03-13,287.0,295.0,287.0,291.8999938964844,1682880
2012-03-14,294.70001220703125,297.0,290.04998779296875,292.125,1414670
2012-03-15,294.17498779296875,295.45001220703125,291.54998779296875,293.2250061035156,1452078
2012-03-16,291.25,296.54998779296875,267.95001220703125,272.875,7968974
2012-03-19,271.5,278.5249938964844,271.2749938964844,277.7250061035156,4185774
2012-03-20,280.95001220703125,287.42498779296875,279.0,285.45001220703125,2498238
2012-03-21,285.0,287.875,282.07501220703125,283.82501220703125,1984122
2012-03-22,286.95001220703125,288.32501220703125,280.25,282.75,2537198
2012-03-23,286.625,292.45001220703125,279.6000061035156,290.20001220703125,1937016
2012-03-26,292.0,292.0,286.04998779296875,288.95001220703125,2546518
2012-03-27,287.5,291.0,284.6000061035156,288.0249938964844,1736656
2012-03-28,289.8500061035156,293.0,280.125,284.0249938964844,928234
2012-03-29,280.0249938964844,289.95001220703125,279.125,285.92498779296875,2185082
2012-03-30,288.20001220703125,292.3999938964844,281.6499938964844,284.9750061035156,2297008
2012-04-02,282.54998779296875,288.57501220703125,280.6000061035156,286.70001220703125,1217922
2012-04-03,288.1499938964844,288.5249938964844,283.57501220703125,284.5249938964844,851142
2012-04-04,284.9750061035156,284.9750061035156,280.1000061035156,282.04998779296875,627652
2012-04-09,280.0,282.4750061035156,277.25,279.57501220703125,561580
2012-04-10,282.0,285.0,279.1499938964844,283.3999938964844,752576
2012-04-11,278.7749938964844,290.0,278.7749938964844,288.29998779296875,977768
2012-04-12,287.75,289.75,282.17498779296875,286.3999938964844,1442474
2012-04-13,286.0,296.0,286.0,292.70001220703125,2142600
2012-04-16,294.42498779296875,294.4750061035156,288.0,288.92498779296875,631486
2012-04-17,290.75,295.8500061035156,286.875,292.3500061035156,1060348
2012-04-18,294.0249938964844,300.75,294.0,298.32501220703125,1001600
2012-04-19,302.5249938964844,303.5,297.2250061035156,298.70001220703125,866778
2012-04-20,299.79998779296875,302.5,292.5,294.3999938964844,1518400
2012-04-23,296.17498779296875,299.6499938964844,292.54998779296875,297.82501220703125,574316
2012-04-24,297.5,302.4750061035156,295.75,297.7250061035156,1996560
2012-04-25,297.1000061035156,300.5,293.2749938964844,296.6499938964844,1301712
2012-04-26,298.3999938964844,299.8500061035156,293.67498779296875,298.70001220703125,1258260
2012-04-27,297.54998779296875,301.0,293.5,299.375,1082160
2012-04-30,297.79998779296875,304.3999938964844,294.5,301.54998779296875,1370226
2012-05-02,301.125,304.4750061035156,297.125,298.32501220703125,1410952
2012-05-03,297.5,302.0,295.75,299.7749938964844,625090
2012-05-04,298.25,303.79998779296875,298.25,300.6499938964844,1697456
2012-05-07,298.25,302.4750061035156,297.57501220703125,300.125,841490
2012-05-08,301.9750061035156,305.375,293.54998779296875,297.32501220703125,1131446
2012-05-09,295.5,301.45001220703125,292.67498779296875,299.875,873108
2012-05-10,301.0,301.5,295.1499938964844,296.79998779296875,982754
2012-05-11,295.57501220703125,297.3500061035156,283.20001220703125,285.54998779296875,1787728
2012-05-14,284.17498779296875,290.5,281.0,288.75,882634
2012-05-15,286.0249938964844,299.25,285.07501220703125,297.42498779296875,1260638
2012-05-16,295.7749938964844,298.9750061035156,288.75,291.07501220703125,1555194
2012-05-17,292.04998779296875,294.8500061035156,286.32501220703125,289.9750061035156,1907122
2012-05-18,285.2749938964844,294.5249938964844,284.8999938964844,290.875,1012422
2012-05-21,288.5249938964844,298.5,288.125,297.45001220703125,1038810
2012-05-22,298.2250061035156,298.5,286.0,287.1000061035156,1755516
2012-05-23,287.0,287.0,279.625,285.29998779296875,1955586
2012-05-24,289.0,289.0,280.54998779296875,284.4750061035156,1482068
2012-05-25,287.5249938964844,289.42498779296875,283.875,284.7749938964844,1113544
2012-05-28,285.5249938964844,287.5,281.04998779296875,284.79998779296875,686258
2012-05-29,286.04998779296875,288.5,281.75,282.875,1343318
2012-05-30,287.4750061035156,290.70001220703125,284.20001220703125,288.70001220703125,3140604
2012-05-31,286.125,290.9750061035156,281.6000061035156,283.4750061035156,3554468
2012-06-01,280.67498779296875,285.82501220703125,280.67498779296875,284.5249938964844,1370470
2012-06-04,284.3500061035156,284.70001220703125,279.54998779296875,282.2250061035156,641718
2012-06-05,281.20001220703125,284.625,276.5,279.625,887034
2012-06-06,277.6000061035156,288.92498779296875,277.6000061035156,287.3500061035156,1651076
2012-06-07,288.1000061035156,290.45001220703125,286.1499938964844,289.25,986750
2012-06-08,286.7749938964844,293.6000061035156,285.45001220703125,291.82501220703125,1039702
2012-06-11,292.5,293.70001220703125,287.6499938964844,289.2749938964844,1015666
2012-06-12,290.45001220703125,292.125,287.57501220703125,289.8999938964844,1104120
2012-06-13,290.0,297.5,289.5,296.5,1536886
2012-06-14,291.5,296.70001220703125,289.79998779296875,291.4750061035156,759932
2012-06-15,291.8500061035156,298.25,291.8500061035156,297.1000061035156,886640
2012-06-18,298.125,299.95001220703125,294.04998779296875,296.1499938964844,587596
2012-06-19,293.42498779296875,300.95001220703125,293.42498779296875,299.0249938964844,1019276
2012-06-20,301.4750061035156,303.4750061035156,299.5,302.6000061035156,1413502
2012-06-21,300.75,309.5249938964844,300.75,307.125,1364524
2012-06-22,305.0249938964844,307.1000061035156,303.0249938964844,304.25,1102860
2012-06-25,305.0,308.75,304.0,304.6499938964844,1053518
2012-06-26,303.0,309.4750061035156,303.0,308.29998779296875,542892
2012-06-27,309.17498779296875,313.45001220703125,308.1499938964844,311.4750061035156,1424142
2012-06-28,311.0,312.5,306.32501220703125,308.0,1773886
2012-06-29,309.125,322.3999938964844,309.125,317.8999938964844,2355224
2012-07-02,318.0,319.82501220703125,315.17498779296875,317.3500061035156,1658388
2012-07-03,316.1499938964844,320.0,313.07501220703125,314.95001220703125,1500942
2012-07-04,315.79998779296875,317.70001220703125,311.5,316.8500061035156,1058592
2012-07-05,316.75,319.95001220703125,314.79998779296875,317.8999938964844,494218
2012-07-06,315.125,318.0,315.125,316.95001220703125,478552
2012-07-09,315.0249938964844,317.25,311.625,312.6000061035156,1392416
2012-07-10,313.0,314.95001220703125,311.29998779296875,313.42498779296875,2648760
2012-07-11,310.75,313.82501220703125,308.75,311.9750061035156,1490872
2012-07-12,310.0,313.57501220703125,309.32501220703125,309.92498779296875,1083586
2012-07-13,309.25,310.7749938964844,307.0,308.17498779296875,946434
2012-07-16,307.5,314.4750061035156,307.5,310.75,893452
2012-07-17,312.5,318.5,312.5,313.8999938964844,1346510
2012-07-18,316.3500061035156,316.3500061035156,312.5,313.3500061035156,2110900
2012-07-19,315.0,316.0,312.04998779296875,312.9750061035156,1563050
2012-07-20,311.5,313.79998779296875,310.7250061035156,312.4750061035156,909906
2012-07-23,311.0,312.1000061035156,305.5,308.3500061035156,1337880
2012-07-24,309.20001220703125,309.20001220703125,303.0249938964844,304.2250061035156,2112538
2012-07-25,305.3500061035156,308.5,302.875,305.625,1486882
2012-07-26,308.8999938964844,314.32501220703125,306.0,311.32501220703125,1766944
2012-07-27,315.8500061035156,317.3500061035156,308.79998779296875,316.2250061035156,1336052
2012-07-30,318.0249938964844,324.42498779296875,312.54998779296875,322.75,2001276
2012-07-31,323.125,328.5,320.9750061035156,326.79998779296875,1153766
2012-08-01,327.75,330.5,323.20001220703125,329.92498779296875,1494284
2012-08-02,329.0,330.0,326.1499938964844,327.95001220703125,658944
2012-08-03,327.0,331.75,324.25,329.9750061035156,1640760
2012-08-06,331.5,337.45001220703125,331.25,335.70001220703125,1423944
2012-08-07,339.95001220703125,342.1000061035156,333.2749938964844,334.8500061035156,1061480
2012-08-08,334.7749938964844,338.79998779296875,334.625,336.75,996162
2012-08-09,337.0,341.5,336.0,338.17498779296875,863074
2012-08-10,339.95001220703125,344.95001220703125,335.25,337.7250061035156,4555986
2012-08-13,340.0,344.5249938964844,338.54998779296875,341.0,1647378
2012-08-14,338.5,338.5,330.5,333.6499938964844,2894370
2012-08-16,333.0,335.3500061035156,329.04998779296875,331.2250061035156,1527782
2012-08-17,330.20001220703125,333.92498779296875,329.1000061035156,330.5249938964844,1902522
2012-08-21,331.0,334.625,327.7749938964844,332.875,1805210
2012-08-22,332.5,337.5,331.3500061035156,332.1000061035156,1864492
2012-08-23,333.0249938964844,338.25,333.0249938964844,334.1499938964844,2383776
2012-08-24,333.5,334.67498779296875,330.5,332.79998779296875,893732
2012-08-27,333.75,335.5249938964844,331.57501220703125,334.9750061035156,991094
2012-08-28,335.0,341.45001220703125,332.75,340.67498779296875,2911176
2012-08-29,342.45001220703125,343.5,336.375,338.04998779296875,1224736
2012-08-30,338.0,340.0,335.0,336.0249938964844,2049460
2012-08-31,336.04998779296875,337.8500061035156,330.25,334.20001220703125,1187724
2012-09-03,335.04998779296875,336.45001220703125,331.82501220703125,333.3999938964844,1044496
2012-09-04,333.8500061035156,334.5,328.20001220703125,330.8500061035156,928220
2012-09-05,329.0,329.95001220703125,322.75,325.20001220703125,2258182
2012-09-06,322.54998779296875,327.8999938964844,320.67498779296875,325.75,1483490
2012-09-07,328.04998779296875,332.7749938964844,328.04998779296875,332.29998779296875,1185380
2012-09-10,332.20001220703125,342.75,332.20001220703125,341.7749938964844,1692520
2012-09-11,343.0249938964844,346.5,339.82501220703125,342.5249938964844,1206306
2012-09-12,347.0,347.75,340.0,340.79998779296875,1622398
2012-09-13,341.0,341.9750061035156,336.6499938964844,338.29998779296875,1563768
2012-09-14,342.5249938964844,343.125,336.29998779296875,339.07501220703125,2217282
2012-09-17,340.625,341.75,330.625,336.45001220703125,3814960
2012-09-18,335.0,342.0,333.125,336.8999938964844,2438776
2012-09-20,334.0,339.95001220703125,333.0249938964844,335.5,1945192
2012-09-21,338.5,342.29998779296875,332.0,334.75,3359616
2012-09-24,334.0,341.3500061035156,333.0,339.7250061035156,1532148
2012-09-25,338.0,342.95001220703125,334.5,338.125,1188406
2012-09-26,335.5,341.2250061035156,334.79998779296875,337.8500061035156,1266006
2012-09-27,338.5,342.8999938964844,335.0,338.7250061035156,2193682
2012-09-28,339.5,349.8999938964844,337.0,347.7749938964844,5214744
2012-10-01,350.0,351.4750061035156,344.6499938964844,346.57501220703125,1262540
2012-10-03,347.0,350.9750061035156,346.6499938964844,348.8500061035156,2312474
2012-10-04,352.5,352.5,347.0,349.375,3083848
2012-10-05,350.0,350.42498779296875,325.0,341.2749938964844,3019160
2012-10-08,344.5,355.8500061035156,342.92498779296875,354.32501220703125,4350908
2012-10-09,355.04998779296875,364.25,355.04998779296875,361.75,3355008
2012-10-10,361.5,364.45001220703125,359.0,360.57501220703125,2011062
2012-10-11,361.0,361.25,355.125,360.0249938964844,2763132
2012-10-12,361.5,363.1499938964844,354.82501220703125,356.625,1129144
2012-10-15,359.3500061035156,359.8500061035156,355.0249938964844,357.3999938964844,1276120
2012-10-16,359.3999938964844,360.70001220703125,356.5249938964844,359.1000061035156,909036
2012-10-17,360.5249938964844,361.5,355.04998779296875,355.75,751248
2012-10-18,355.125,357.29998779296875,349.125,349.8999938964844,2388514
2012-10-19,349.8999938964844,349.8999938964844,342.04998779296875,347.3999938964844,3528600
2012-10-22,347.45001220703125,350.0,340.25,349.54998779296875,1168318
2012-10-23,351.4750061035156,351.4750061035156,346.6499938964844,349.0,818056
2012-10-25,351.5,351.82501220703125,345.0,347.45001220703125,1675108
2012-10-29,342.0,345.2250061035156,340.0249938964844,343.8999938964844,469010
2012-10-30,342.20001220703125,343.5249938964844,340.0249938964844,341.8999938964844,540312
2012-10-31,338.6000061035156,348.7250061035156,338.5,347.07501220703125,1903328
2012-11-01,346.0,351.95001220703125,344.5249938964844,350.7250061035156,1105676
2012-11-02,351.7749938964844,353.79998779296875,346.57501220703125,348.4750061035156,1576272
2012-11-05,350.875,352.3500061035156,348.0249938964844,348.95001220703125,955088
2012-11-06,348.3500061035156,352.17498779296875,345.79998779296875,349.20001220703125,1178430
2012-11-07,349.2250061035156,352.7749938964844,348.5249938964844,350.17498779296875,1227750
2012-11-08,350.45001220703125,357.0,345.1000061035156,348.2749938964844,3533206
2012-11-09,346.29998779296875,353.29998779296875,345.5,347.1000061035156,1012262
2012-11-12,349.3500061035156,349.92498779296875,342.0,345.9750061035156,739238
2012-11-15,343.0,344.70001220703125,328.0,342.1000061035156,2059576
2012-11-16,341.0,345.25,337.875,339.5,1433138
2012-11-19,338.0,344.1000061035156,336.5249938964844,340.2250061035156,1118136
2012-11-20,341.625,342.75,336.0,341.54998779296875,932626
2012-11-21,342.25,351.3999938964844,340.1499938964844,350.2250061035156,2390410
2012-11-22,350.0,351.5,344.1499938964844,349.6000061035156,1062766
2012-11-23,347.6000061035156,354.0,345.70001220703125,352.6499938964844,1470290
2012-11-26,354.625,354.625,346.45001220703125,348.3999938964844,624976
2012-11-27,348.5249938964844,351.25,347.0,349.9750061035156,1100676
2012-11-29,348.5,357.3999938964844,348.5,354.9750061035156,1952048
2012-11-30,355.04998779296875,357.4750061035156,352.625,354.92498779296875,1593304
2012-12-03,353.7749938964844,355.82501220703125,349.7749938964844,352.5249938964844,1017862
2012-12-04,351.29998779296875,355.0,350.75,351.8999938964844,911480
2012-12-05,352.875,355.5,349.04998779296875,351.2749938964844,1198858
2012-12-06,350.54998779296875,354.4750061035156,346.45001220703125,351.57501220703125,2032942
2012-12-07,350.04998779296875,353.0,347.25,349.95001220703125,1377750
2012-12-10,350.0,355.3500061035156,347.5,352.29998779296875,1633846
2012-12-11,354.92498779296875,368.4750061035156,353.2749938964844,357.79998779296875,3350478
2012-12-12,358.79998779296875,364.75,358.54998779296875,362.92498779296875,1823000
2012-12-13,364.0249938964844,364.5,356.75,359.2749938964844,1457298
2012-12-14,360.04998779296875,362.9750061035156,358.1000061035156,359.4750061035156,969798
2012-12-17,357.04998779296875,362.3999938964844,357.04998779296875,360.5249938964844,2047662
2012-12-18,363.375,369.6000061035156,362.57501220703125,368.4750061035156,3048086
2012-12-19,370.5,384.95001220703125,370.25,382.3999938964844,1951640
2012-12-20,384.8999938964844,387.95001220703125,372.125,373.5,1693518
2012-12-21,373.5,376.0,364.04998779296875,364.7250061035156,1407506
2012-12-24,366.45001220703125,372.6499938964844,362.70001220703125,370.42498779296875,1200888
2012-12-26,371.8999938964844,379.95001220703125,371.2250061035156,376.8500061035156,1059686
2012-12-27,379.0,381.54998779296875,371.25,372.75,1429614
2012-12-28,373.8500061035156,376.45001220703125,365.5249938964844,369.75,986386
2012-12-31,369.79998779296875,370.5,366.54998779296875,368.125,390038
2013-01-01,369.54998779296875,374.8999938964844,368.3500061035156,369.75,591988
2013-01-02,370.04998779296875,373.5,369.79998779296875,370.45001220703125,1043632
2013-01-03,373.9750061035156,373.9750061035156,365.04998779296875,366.92498779296875,1040878
2013-01-04,368.75,368.75,363.2250061035156,367.57501220703125,1031736
2013-01-07,370.3999938964844,374.42498779296875,368.54998779296875,372.07501220703125,1968642
2013-01-08,372.5249938964844,380.0,372.5249938964844,377.2250061035156,2574802
2013-01-09,377.5,383.32501220703125,375.7749938964844,380.6000061035156,1819204
2013-01-10,382.0,382.45001220703125,375.1000061035156,377.125,1012396
2013-01-11,376.75,377.7749938964844,367.54998779296875,369.625,1182982
2013-01-14,370.2250061035156,370.2250061035156,366.0,367.6499938964844,1647772
2013-01-15,367.54998779296875,367.82501220703125,363.1000061035156,365.1000061035156,785236
2013-01-16,362.57501220703125,368.92498779296875,359.0,359.67498779296875,1503468
2013-01-17,360.0,360.82501220703125,356.17498779296875,358.5,1800816
2013-01-18,360.0,362.0,353.0,356.0249938964844,1639450
2013-01-21,356.25,357.04998779296875,347.0,349.92498779296875,3077902
2013-01-22,351.45001220703125,357.8500061035156,350.7250061035156,355.3500061035156,2258682
2013-01-23,355.5,356.7250061035156,352.04998779296875,354.875,1375524
2013-01-24,354.0,359.3999938964844,352.5,355.125,1313338
2013-01-25,356.3999938964844,366.42498779296875,350.0,364.3500061035156,2269980
2013-01-28,365.0,365.17498779296875,357.54998779296875,360.2749938964844,767284
2013-01-29,358.6000061035156,364.45001220703125,354.1000061035156,355.67498779296875,822060
2013-01-30,356.95001220703125,358.125,352.375,354.42498779296875,611896
2013-01-31,351.625,362.1499938964844,351.625,359.0,1453696
2013-02-01,359.0249938964844,362.0,358.25,359.95001220703125,494318
2013-02-04,359.0249938964844,363.375,357.5,359.8500061035156,1340546
2013-02-05,367.5,376.0,365.42498779296875,374.75,4320004
2013-02-06,377.1499938964844,380.0,372.75,374.25,2437380
2013-02-07,373.0,377.375,372.5249938964844,374.75,1619600
2013-02-08,375.70001220703125,379.0,370.82501220703125,373.04998779296875,3330272
2013-02-11,375.6499938964844,377.375,373.0,374.67498779296875,1830156
2013-02-12,375.0,387.17498779296875,373.25,385.8500061035156,2452572
2013-02-13,387.0,389.92498779296875,385.0,387.7250061035156,2224038
2013-02-14,387.42498779296875,391.95001220703125,385.07501220703125,389.4750061035156,2065870
2013-02-15,388.0,394.1499938964844,388.0,393.1000061035156,1863412
2013-02-18,393.5,397.4750061035156,391.1000061035156,394.0249938964844,1662562
2013-02-19,393.04998779296875,397.5,388.29998779296875,396.32501220703125,1212136
2013-02-20,397.5,402.3999938964844,395.1499938964844,399.6499938964844,1894642
2013-02-21,398.875,401.0,396.57501220703125,398.75,1410756
2013-02-22,399.95001220703125,406.9750061035156,399.54998779296875,405.7749938964844,2569798
2013-02-25,406.0,413.0,402.75,411.0249938964844,1927688
2013-02-26,411.5,411.5249938964844,398.67498779296875,399.70001220703125,1060678
2013-02-27,401.79998779296875,404.8999938964844,394.5249938964844,399.42498779296875,1923936
2013-02-28,401.125,406.9750061035156,397.875,401.07501220703125,4031342
2013-03-01,401.07501220703125,403.5,392.82501220703125,399.67498779296875,1250104
2013-03-04,399.0,405.3999938964844,395.8999938964844,399.54998779296875,2478736
2013-03-05,400.3500061035156,403.3999938964844,396.29998779296875,399.4750061035156,1161012
2013-03-06,400.1499938964844,403.0,397.5,398.75,1168412
2013-03-07,399.0,407.5,397.54998779296875,405.125,1668392
2013-03-08,406.0,411.45001220703125,406.0,408.9750061035156,1361258
2013-03-11,410.0,419.32501220703125,408.25,416.70001220703125,2524388
2013-03-12,417.125,419.75,410.5,413.67498779296875,1984306
2013-03-13,417.0,419.8999938964844,415.2749938964844,418.70001220703125,2125560
2013-03-14,419.5,421.5249938964844,414.25,415.07501220703125,3003670
2013-03-15,417.5,421.7250061035156,413.1000061035156,416.79998779296875,2263572
2013-03-18,414.75,421.0,413.8999938964844,416.2250061035156,1513756
2013-03-19,417.5,424.3999938964844,415.32501220703125,419.5249938964844,3579608
2013-03-20,419.0,424.20001220703125,417.6000061035156,419.125,1787226
2013-03-21,419.125,422.0,415.0,415.6499938964844,1507534
2013-03-22,417.5,418.125,409.75,410.25,1874746
2013-03-25,413.57501220703125,414.0,408.79998779296875,410.2250061035156,2209706
2013-03-26,409.0,412.7250061035156,407.1499938964844,411.8500061035156,1466472
2013-03-28,414.8999938964844,414.8999938964844,408.29998779296875,409.4750061035156,1938014
2013-04-01,408.0249938964844,412.0,405.0,406.32501220703125,529638
2013-04-02,406.125,426.875,405.54998779296875,425.6499938964844,2410474
2013-04-03,426.4750061035156,438.54998779296875,424.75,432.1499938964844,2615936
2013-04-04,431.5,437.45001220703125,429.25,429.9750061035156,1881574
2013-04-05,431.5,434.5,425.5,429.67498779296875,973426
2013-04-08,429.75,437.45001220703125,424.5,432.7250061035156,1285532
2013-04-09,431.0,437.0,430.125,433.8999938964844,1893340
2013-04-10,441.0,441.0,423.1499938964844,428.7250061035156,2028646
2013-04-11,432.5,437.5,428.79998779296875,436.17498779296875,1878720
2013-04-12,438.5,441.0,432.5,434.875,871688
2013-04-15,436.5,439.0,433.0,436.5,1054114
2013-04-16,435.0,447.45001220703125,434.5,444.70001220703125,1114702
2013-04-17,443.1499938964844,462.0,441.8500061035156,457.125,2785996
2013-04-18,457.5,462.45001220703125,454.07501220703125,458.125,1706792
2013-04-22,461.0,472.25,457.95001220703125,463.5249938964844,2539560
2013-04-23,462.1000061035156,476.7250061035156,462.1000061035156,474.9750061035156,1367732
2013-04-25,475.04998779296875,492.8500061035156,471.75,489.79998779296875,4517038
2013-04-26,486.25,487.5,477.17498779296875,478.04998779296875,2150012
2013-04-29,482.0,483.79998779296875,467.8999938964844,470.25,1885780
2013-04-30,471.0249938964844,482.4750061035156,470.29998779296875,475.5249938964844,1419360
2013-05-02,473.67498779296875,487.1000061035156,473.25,483.5249938964844,1594214
2013-05-03,485.3999938964844,494.70001220703125,481.0,492.3500061035156,2787976
2013-05-06,496.1499938964844,497.3999938964844,488.82501220703125,491.07501220703125,710626
2013-05-07,495.95001220703125,499.0,493.0,495.4750061035156,1964836
2013-05-08,499.42498779296875,499.42498779296875,491.1499938964844,492.7749938964844,1158394
2013-05-09,491.125,492.5,471.79998779296875,474.125,2130960
2013-05-10,477.8999938964844,479.6000061035156,464.07501220703125,467.5249938964844,2265212
2013-05-13,479.8500061035156,481.32501220703125,470.125,471.95001220703125,1977412
2013-05-14,472.3999938964844,484.0,469.0,481.8500061035156,1824490
2013-05-15,480.5,488.07501220703125,478.75,487.0249938964844,2628462
2013-05-16,482.0,490.875,481.79998779296875,484.42498779296875,2135930
2013-05-17,485.04998779296875,488.29998779296875,479.0,483.07501220703125,829624
2013-05-20,487.3500061035156,494.82501220703125,479.3500061035156,482.9750061035156,1447280
2013-05-21,479.57501220703125,490.25,479.57501220703125,486.9750061035156,1588402
2013-05-22,487.625,506.8500061035156,487.625,500.95001220703125,2406450
2013-05-23,490.0,508.25,490.0,503.0,2539658
2013-05-24,494.125,499.0249938964844,480.25,484.42498779296875,2623550
2013-05-27,485.0,513.0,480.9750061035156,506.8500061035156,3350316
2013-05-28,510.5,511.5,494.07501220703125,498.125,3192018
2013-05-29,520.2999877929688,540.3499755859375,510.0,532.875,7929878
2013-05-30,530.0999755859375,542.4000244140625,529.4000244140625,537.0999755859375,2747088
2013-05-31,531.7750244140625,535.5,518.5,522.0499877929688,4391362
2013-06-03,517.0,523.4249877929688,494.25,508.82501220703125,2791600
2013-06-04,505.0,516.375,499.32501220703125,509.125,2693116
2013-06-05,512.5,523.0,505.54998779296875,518.5,2588284
2013-06-06,515.0999755859375,516.9249877929688,506.375,509.04998779296875,1560132
2013-06-07,504.0,513.4000244140625,503.5249938964844,506.2250061035156,1767874
2013-06-10,509.0,509.8999938964844,494.04998779296875,499.32501220703125,2037266
2013-06-11,496.82501220703125,500.7250061035156,488.29998779296875,491.20001220703125,2888004
2013-06-12,491.20001220703125,495.6499938964844,485.75,490.3500061035156,2231638
2013-06-13,466.625,482.0,457.8500061035156,474.70001220703125,6768578
2013-06-14,476.6000061035156,481.0,471.0,476.7749938964844,1661092
2013-06-17,477.5,492.95001220703125,473.54998779296875,486.3500061035156,1932922
2013-06-18,485.125,490.4750061035156,482.0,485.95001220703125,1476768
2013-06-19,482.5,488.5,476.6499938964844,480.625,1286968
2013-06-20,475.5,492.45001220703125,471.5,484.67498779296875,3116684
2013-06-21,484.0,485.5,471.57501220703125,474.25,2758082
2013-06-24,474.0,482.375,470.04998779296875,473.57501220703125,1692162
2013-06-25,473.8999938964844,479.57501220703125,471.32501220703125,474.375,2229816
2013-06-26,475.5,478.5,467.95001220703125,469.6000061035156,1825544
2013-06-27,472.75,499.5,472.75,485.79998779296875,4283804
2013-06-28,490.0,508.04998779296875,490.0,505.7749938964844,3609114
2013-07-01,505.7749938964844,513.5,500.7749938964844,502.5,1421220
2013-07-02,504.0,513.75,500.07501220703125,503.92498779296875,1510760
2013-07-03,501.25,511.0,495.9750061035156,509.875,1825538
2013-07-04,515.0,558.2999877929688,497.5,515.3499755859375,1751098
2013-07-05,520.0,523.4500122070312,516.0,517.875,1077646
2013-07-08,518.0,525.5,513.5,521.3250122070312,990634
2013-07-09,524.0,547.0499877929688,524.0,539.8499755859375,2219666
2013-07-10,541.0,548.2000122070312,533.0499877929688,540.7249755859375,1673354
2013-07-11,543.0,554.3499755859375,543.0,547.6749877929688,1155086
2013-07-12,555.0,557.5,545.0,554.3499755859375,1765166
2013-07-15,550.0250244140625,561.8499755859375,549.0750122070312,555.4749755859375,1359632
2013-07-16,552.0,564.9249877929688,550.7999877929688,559.7999877929688,1068354
2013-07-17,561.125,565.7750244140625,551.0250244140625,556.4000244140625,2560946
2013-07-18,560.0,566.25,555.0499877929688,559.2000122070312,2067200
2013-07-19,559.5,563.2999877929688,536.8499755859375,540.0750122070312,3133700
2013-07-22,540.0750122070312,556.5,534.0,555.0,2048418
2013-07-23,557.0,558.7249755859375,545.5,553.25,1785728
2013-07-24,552.5,565.4000244140625,551.0,563.625,1756166
2013-07-25,560.5999755859375,565.5,540.0999755859375,547.6500244140625,3198186
2013-07-26,554.4500122070312,562.1500244140625,550.5,558.6500244140625,2549844
2013-07-29,565.0,575.7000122070312,560.0499877929688,569.25,836269
2013-07-30,574.5,579.9000244140625,568.8499755859375,575.6500244140625,1805002
2013-07-31,578.0,581.0999755859375,560.0,565.2999877929688,3114492
2013-08-01,573.0,576.0,562.4000244140625,568.25,1343683
2013-08-02,576.9000244140625,576.9000244140625,550.4500122070312,555.2000122070312,1152598
2013-08-05,563.9000244140625,563.9000244140625,545.0999755859375,549.5,883575
2013-08-06,548.1500244140625,548.9500122070312,535.0,538.2999877929688,1041651
2013-08-07,540.5,541.2999877929688,515.2000122070312,522.0499877929688,1612383
2013-08-08,512.0,518.9000244140625,495.0,505.70001220703125,3169712
2013-08-12,521.0,552.0,521.0,541.7000122070312,3185173
2013-08-13,542.3499755859375,551.7000122070312,533.2000122070312,547.4500122070312,1503470
2013-08-14,546.0999755859375,559.0,538.0,550.5499877929688,1488108
2013-08-16,548.1500244140625,553.9000244140625,535.0,542.4500122070312,3335121
2013-08-19,547.0,547.0,511.8999938964844,520.0999755859375,2188987
2013-08-20,514.0,514.0,491.25,507.3500061035156,2817923
2013-08-21,510.0,515.5999755859375,476.29998779296875,482.45001220703125,2632375
2013-08-22,481.0,507.0,475.3500061035156,502.20001220703125,2846075
2013-08-23,505.54998779296875,510.8999938964844,490.0,507.3500061035156,2992002
2013-08-26,514.0,522.0,510.0,517.0,1994208
2013-08-27,511.95001220703125,516.4500122070312,490.0,496.8500061035156,2859676
2013-08-28,496.8500061035156,513.5,476.0,505.3999938964844,2472852
2013-08-29,509.0,515.0,493.6000061035156,510.6499938964844,2769581
2013-08-30,514.0,541.0,503.0,521.2000122070312,3273711
2013-09-02,523.7000122070312,532.5999755859375,522.0499877929688,528.4500122070312,869098
2013-09-03,534.5,534.5,504.0,512.7999877929688,1987746
2013-09-04,511.0,524.5499877929688,500.0,519.7999877929688,1578579
2013-09-05,524.9000244140625,534.7999877929688,508.04998779296875,518.5999755859375,1488124
2013-09-06,519.0,530.7000122070312,516.7000122070312,528.5499877929688,1312068
2013-09-10,535.0,552.9500122070312,528.2000122070312,549.7000122070312,2074078
2013-09-11,550.0,569.9000244140625,543.5499877929688,561.3499755859375,2254248
2013-09-12,569.6500244140625,570.9000244140625,550.0,556.8499755859375,1469651
2013-09-13,555.0,569.9500122070312,553.3499755859375,563.75,1155839
2013-09-16,576.2999877929688,584.6500244140625,554.0,563.5999755859375,2130891
2013-09-17,558.0,562.9000244140625,541.25,544.5,1334776
2013-09-18,547.7000122070312,553.5499877929688,535.5499877929688,549.2999877929688,2183797
2013-09-19,559.9500122070312,564.9500122070312,551.2000122070312,557.9000244140625,2484559
2013-09-20,563.0,573.8499755859375,557.2000122070312,566.0999755859375,2201410
2013-09-23,566.0,570.25,551.2000122070312,557.9500122070312,1350380
2013-09-24,552.0499877929688,564.4000244140625,544.2000122070312,556.1500244140625,2809418
2013-09-25,556.2000122070312,570.0,556.2000122070312,569.0,2326436
2013-09-26,570.0,587.0,570.0,581.2999877929688,2734235
2013-09-27,585.9500122070312,597.5,585.9500122070312,589.8499755859375,2130839
2013-09-30,592.0,601.9000244140625,584.0999755859375,593.2999877929688,2639756
2013-10-01,594.7000122070312,598.3499755859375,588.1500244140625,590.0,1138970
2013-10-03,596.0,608.5,592.4000244140625,600.9000244140625,2598595
2013-10-04,603.0499877929688,610.0,598.0,600.4500122070312,1181436
2013-10-07,600.0,610.7999877929688,596.9000244140625,604.5,1336202
2013-10-08,604.0499877929688,618.7999877929688,601.0,614.1500244140625,1463394
2013-10-09,614.0,651.9000244140625,611.5,645.3499755859375,4011535
2013-10-10,647.5,650.8499755859375,636.25,639.5499877929688,1838930
2013-10-11,645.0,648.0,623.5999755859375,625.9500122070312,1640315
2013-10-14,628.4000244140625,632.5,618.5,626.0999755859375,1496466
2013-10-15,628.0,629.7999877929688,616.5,623.6500244140625,1455200
2013-10-17,626.0,632.5,615.4500122070312,620.2999877929688,1200221
2013-10-18,621.2000122070312,634.0999755859375,621.2000122070312,632.1500244140625,1343916
2013-10-21,635.0,635.0,625.5999755859375,630.9500122070312,962849
2013-10-22,625.5499877929688,644.9000244140625,625.5499877929688,638.4500122070312,1672168
2013-10-23,645.0,645.0,617.0999755859375,621.3499755859375,2351330
2013-10-24,623.5499877929688,628.25,618.0499877929688,621.5,1978847
2013-10-25,620.0,622.9500122070312,602.5999755859375,610.8499755859375,1999798
2013-10-28,612.0,612.0499877929688,598.25,603.8499755859375,1382259
2013-10-29,603.2999877929688,620.0,601.5999755859375,617.9500122070312,1702397
2013-10-30,617.0,621.8499755859375,613.4500122070312,618.5,1014012
2013-10-31,619.7000122070312,619.7000122070312,605.0999755859375,608.7999877929688,1637900
2013-11-01,605.0499877929688,613.6500244140625,600.25,604.5999755859375,1261388
2013-11-05,605.9000244140625,609.0,589.4500122070312,591.8499755859375,1834400
2013-11-06,591.5499877929688,608.3499755859375,585.0999755859375,602.4000244140625,2096377
2013-11-07,606.0,612.75,602.0,605.7999877929688,1170128
2013-11-08,591.0999755859375,608.3499755859375,589.5999755859375,601.4500122070312,1358157
2013-11-11,599.9000244140625,605.9500122070312,592.25,596.0999755859375,1181409
2013-11-12,596.0999755859375,606.75,596.0,597.9500122070312,1467780
2013-11-13,612.0,623.4000244140625,605.0,608.0999755859375,3626443
2013-11-14,618.9500122070312,620.75,597.0,598.75,1912214
2013-11-18,608.4000244140625,612.4000244140625,596.6500244140625,610.75,1630019
2013-11-19,611.0,615.4500122070312,604.0,606.1500244140625,732505
2013-11-20,604.0,611.0,596.0,597.1500244140625,1709590
2013-11-21,596.0,597.0,580.0,581.1500244140625,1452156
2013-11-22,583.9500122070312,584.5,568.2999877929688,574.9500122070312,2357262
2013-11-25,580.0,583.0,575.6500244140625,580.8499755859375,1461973
2013-11-26,582.0,591.2000122070312,568.8499755859375,572.9000244140625,1596742
2013-11-27,573.0,576.0,562.5999755859375,570.1500244140625,1622703
2013-11-28,574.7000122070312,577.0,568.0,570.7999877929688,1932974
2013-11-29,567.2999877929688,578.5499877929688,567.2999877929688,572.0,1545324
2013-12-02,572.0,598.0,572.0,595.3499755859375,2473184
2013-12-03,598.0,601.9000244140625,587.0,592.9000244140625,2312310
2013-12-04,596.0,596.25,585.5,590.8499755859375,1827528
2013-12-05,597.0,599.0,574.5,576.5999755859375,1924907
2013-12-06,576.9000244140625,584.0,576.25,581.2999877929688,1777758
2013-12-09,597.0,597.0,579.5,586.4500122070312,1855333
2013-12-10,584.0,590.0,581.2999877929688,585.9000244140625,2238009
2013-12-11,586.0,590.0,580.2000122070312,583.3499755859375,1255720
2013-12-12,578.0,581.9500122070312,571.5999755859375,574.3499755859375,1992788
2013-12-13,568.5499877929688,579.0499877929688,568.5499877929688,571.1500244140625,1832997
2013-12-16,570.1500244140625,572.25,553.5499877929688,556.1500244140625,1869314
2013-12-17,558.5999755859375,571.8499755859375,558.4000244140625,568.1500244140625,2319899
2013-12-18,568.9000244140625,578.5999755859375,568.0999755859375,573.1500244140625,1508344
2013-12-19,570.5499877929688,587.3499755859375,568.1500244140625,582.9000244140625,1902173
2013-12-20,585.7999877929688,585.7999877929688,570.0,578.9000244140625,1648085
2013-12-23,575.9000244140625,584.7999877929688,574.6500244140625,576.25,917638
2013-12-24,579.4000244140625,581.7000122070312,565.25,567.2999877929688,1898741
2013-12-26,569.0,576.3499755859375,566.5999755859375,569.9000244140625,2233222
2013-12-27,573.7999877929688,578.75,569.0,575.9500122070312,1141946
2013-12-30,576.0,578.2999877929688,566.5999755859375,569.5,1104114
2013-12-31,570.0,572.8499755859375,565.5999755859375,567.4500122070312,930750
2014-01-01,568.25,574.0,568.0999755859375,572.3499755859375,425464
2014-01-02,572.0999755859375,585.0,570.0,573.8499755859375,1311399
2014-01-03,575.0,581.4000244140625,570.0,579.7000122070312,1443488
2014-01-06,583.0,590.8499755859375,579.4500122070312,588.25,1832494
2014-01-07,593.0,599.0,589.2000122070312,594.2000122070312,2986634
2014-01-08,600.0,610.0,598.3499755859375,600.9000244140625,2427891
2014-01-09,600.9000244140625,609.4000244140625,599.2000122070312,607.0,1867544
2014-01-10,607.0,617.7000122070312,605.0999755859375,609.4000244140625,2548423
2014-01-13,610.0,615.25,596.3499755859375,602.3499755859375,1570396
2014-01-14,600.0,606.75,597.7999877929688,603.5499877929688,2626299
2014-01-15,604.0,610.9500122070312,601.1500244140625,603.5,1582614
2014-01-16,604.0,606.25,590.3499755859375,592.75,905324
2014-01-17,591.75,600.5,590.0,594.0,1276748
2014-01-20,595.0,600.0,586.0,589.4000244140625,1022330
2014-01-21,594.0,594.0,577.5999755859375,580.3499755859375,1435394
2014-01-22,580.3499755859375,599.9000244140625,576.6500244140625,597.4500122070312,3419248
2014-01-23,598.5499877929688,612.5,598.5499877929688,609.3499755859375,2954935
2014-01-24,607.9500122070312,614.7000122070312,599.0,603.5999755859375,1467628
2014-01-27,597.9500122070312,613.7999877929688,594.1500244140625,597.7999877929688,2991060
2014-01-28,597.5,604.25,580.0499877929688,581.9000244140625,1935622
2014-01-29,588.0,604.9000244140625,585.9000244140625,591.4500122070312,2412064
2014-01-30,592.9500122070312,599.0,580.25,593.5999755859375,1443395
2014-01-31,595.9000244140625,598.5499877929688,584.0,588.7000122070312,1585472
2014-02-03,588.2000122070312,600.9000244140625,588.2000122070312,594.2999877929688,1640565
2014-02-04,594.3499755859375,594.3499755859375,584.2000122070312,587.75,1873420
2014-02-05,587.8499755859375,596.5,583.0,583.5999755859375,2300454
2014-02-06,587.8499755859375,592.9000244140625,581.5,584.9000244140625,1773116
2014-02-07,590.9500122070312,603.7999877929688,586.0999755859375,601.6500244140625,3201995
2014-02-10,605.5,614.7000122070312,604.0,611.6500244140625,1472255
2014-02-11,616.9500122070312,624.4000244140625,607.0,608.2999877929688,2483629
2014-02-12,614.0,619.6500244140625,610.0,611.0499877929688,1815098
2014-02-13,615.0,623.2000122070312,610.2999877929688,615.2999877929688,3135266
2014-02-14,622.5,626.5,605.2000122070312,609.0499877929688,3027378
2014-02-17,610.0,614.2000122070312,601.0999755859375,605.0999755859375,998680
2014-02-18,605.0,611.9000244140625,604.0,609.75,873040
2014-02-19,613.0,625.7000122070312,611.2000122070312,623.2999877929688,2157227
2014-02-20,620.3499755859375,628.7999877929688,617.7999877929688,619.6500244140625,1270381
2014-02-21,622.0,624.2000122070312,611.5499877929688,615.1500244140625,1461648
2014-02-24,612.0,623.9500122070312,612.0,620.5999755859375,1215618
2014-02-25,622.5,624.9000244140625,616.2000122070312,619.0499877929688,1202575
2014-02-26,622.0,634.0,620.7000122070312,628.0999755859375,1924757
2014-02-28,628.8499755859375,647.9000244140625,628.8499755859375,644.7000122070312,2932048
2014-03-03,649.0,653.3499755859375,622.5499877929688,625.0999755859375,1842188
2014-03-04,625.1500244140625,628.7999877929688,616.3499755859375,619.4000244140625,1535706
2014-03-05,625.0,627.7000122070312,620.0499877929688,623.7000122070312,1050698
2014-03-06,624.25,630.0,618.75,621.0,1490879
2014-03-07,626.0,626.0,608.3499755859375,612.2999877929688,2382533
2014-03-10,608.0,611.4000244140625,592.9000244140625,597.0,2709056
2014-03-11,596.0,596.0,578.0,580.25,3466509
2014-03-12,581.7999877929688,607.4500122070312,581.7999877929688,604.2999877929688,2633927
2014-03-13,610.8499755859375,610.8499755859375,565.5,572.9500122070312,8061906
2014-03-14,570.0,583.75,552.5499877929688,582.0499877929688,7116344
2014-03-18,585.0,586.0,571.4500122070312,579.3499755859375,2274732
2014-03-19,581.1500244140625,587.6500244140625,578.0,585.2999877929688,1529578
2014-03-20,581.0,595.9000244140625,581.0,590.2000122070312,2142868
2014-03-21,590.0499877929688,592.9500122070312,579.2000122070312,580.4000244140625,3117102
2014-03-24,580.0499877929688,587.7999877929688,579.0,579.2999877929688,2238185
2014-03-25,581.0,585.9000244140625,575.0999755859375,579.2999877929688,1847387
2014-03-26,583.7000122070312,584.0,563.25,566.5999755859375,2802852
2014-03-27,568.9500122070312,573.75,556.0,560.5499877929688,4290306
2014-03-28,566.0,570.8499755859375,559.1500244140625,563.2000122070312,2223819
2014-03-31,568.0,577.0,566.0,574.75,2390417
2014-04-01,575.0,578.0,570.25,572.0999755859375,1186522
2014-04-02,572.0,581.5,570.0999755859375,575.25,3765317
2014-04-03,578.3499755859375,582.7999877929688,575.2000122070312,578.5499877929688,2438673
2014-04-04,580.0,584.5999755859375,570.2000122070312,571.7999877929688,2519378
2014-04-07,580.0,594.7999877929688,573.75,588.0999755859375,10031924
2014-04-09,597.0,634.9000244140625,593.0,630.0,13263006
2014-04-10,633.7999877929688,643.0,611.0,615.4000244140625,6187333
2014-04-11,620.0,634.5,617.0999755859375,628.1500244140625,4707211
2014-04-15,632.0,633.9000244140625,614.5,616.4000244140625,2743702
2014-04-16,617.4000244140625,623.7000122070312,612.0999755859375,613.8499755859375,1792061
2014-04-17,614.5,626.0,614.0999755859375,625.0499877929688,2033985
2014-04-21,628.7000122070312,629.25,619.4000244140625,621.25,1324788
2014-04-22,616.7000122070312,623.3499755859375,616.7000122070312,619.9500122070312,1194987
2014-04-23,616.5,635.0,616.5,625.5999755859375,3220766
2014-04-25,627.0,632.7000122070312,621.0,622.0,1463948
2014-04-28,621.0999755859375,638.7999877929688,621.0999755859375,636.6500244140625,2305579
2014-04-29,639.0,643.9500122070312,632.5,639.4500122070312,3027198
2014-04-30,628.0,637.0,622.4500122070312,632.7999877929688,2049214
2014-05-02,631.5999755859375,641.4000244140625,628.5999755859375,629.9000244140625,1531545
2014-05-05,622.2999877929688,634.9000244140625,622.2999877929688,626.5999755859375,1359208
2014-05-06,627.0,629.9000244140625,620.2000122070312,626.0999755859375,960261
2014-05-07,625.0,637.5,623.75,630.75,1768031
2014-05-08,625.0999755859375,631.5,623.2000122070312,624.2000122070312,1806184
2014-05-09,621.5999755859375,631.1500244140625,618.5999755859375,624.0999755859375,1831135
2014-05-12,624.0,624.0999755859375,610.0999755859375,613.3499755859375,2231158
2014-05-13,618.2999877929688,619.0,603.4500122070312,609.0999755859375,2154826
2014-05-14,607.3499755859375,618.7999877929688,607.3499755859375,612.1500244140625,1461829
2014-05-15,620.0,629.7999877929688,613.25,621.4000244140625,2847444
2014-05-16,622.2000122070312,634.5499877929688,611.0,613.5,2621959
2014-05-19,613.0,622.5499877929688,574.75,584.25,3938456
2014-05-20,582.0,599.9000244140625,574.3499755859375,587.4000244140625,3371837
2014-05-21,584.0999755859375,586.4000244140625,575.0,576.9000244140625,3153096
2014-05-22,577.0999755859375,587.7999877929688,572.0,580.0999755859375,2152294
2014-05-23,580.0,586.9000244140625,580.0,584.2999877929688,2115095
2014-05-26,604.0,607.0,585.25,591.0999755859375,3707295
2014-05-27,591.3499755859375,597.9000244140625,584.2000122070312,592.5,1672637
2014-05-28,598.0,598.2999877929688,582.0,584.0999755859375,2276191
2014-05-29,585.0,591.0999755859375,581.8499755859375,586.5999755859375,3306080
2014-05-30,592.0,616.0499877929688,590.0,610.6500244140625,9956155
2014-06-02,614.0,614.0,596.4000244140625,599.2000122070312,1471220
2014-06-03,598.0,606.0499877929688,597.5,603.1500244140625,1878542
2014-06-04,602.0,607.7999877929688,593.2999877929688,596.0499877929688,1591163
2014-06-05,594.0,602.9500122070312,593.0,597.8499755859375,2201960
2014-06-06,610.0499877929688,611.0,595.0499877929688,599.6500244140625,3261294
2014-06-09,600.0,603.7999877929688,593.4500122070312,600.4000244140625,1395182
2014-06-10,603.0,615.0,602.0999755859375,609.0,2676226
2014-06-11,618.0,620.0,605.7999877929688,613.9000244140625,3687253
2014-06-12,617.0,633.4000244140625,616.0499877929688,631.2000122070312,2985927
2014-06-13,630.0,638.5,625.0,629.7000122070312,3851552
2014-06-16,625.0,648.2999877929688,625.0,645.3499755859375,2457802
2014-06-17,646.4500122070312,654.3499755859375,636.0999755859375,649.7999877929688,2844843
2014-06-18,646.0499877929688,650.7000122070312,630.9500122070312,633.3499755859375,1600870
2014-06-19,633.5,645.0,628.2000122070312,642.5499877929688,1386711
2014-06-20,642.5499877929688,642.6500244140625,625.0499877929688,631.2999877929688,1819652
2014-06-23,632.9500122070312,637.9500122070312,628.6500244140625,633.9500122070312,1271054
2014-06-24,631.7999877929688,637.0,626.0499877929688,627.7999877929688,1371690
2014-06-25,627.9000244140625,636.4000244140625,625.0,632.7999877929688,1118293
2014-06-26,630.0999755859375,641.25,626.1500244140625,635.1500244140625,1832085
2014-06-27,651.0,674.9500122070312,650.5999755859375,660.8499755859375,4533478
2014-06-30,668.0,689.9000244140625,664.25,687.9500122070312,2956224
2014-07-01,686.5499877929688,688.0,677.9000244140625,679.25,1231691
2014-07-02,681.0,696.4500122070312,681.0,693.4000244140625,1901849
2014-07-03,695.0,720.0,693.4000244140625,706.8499755859375,4107204
2014-07-04,707.4500122070312,713.7999877929688,704.7000122070312,709.7999877929688,1825657
2014-07-07,716.0999755859375,740.0,707.0999755859375,723.5,2557235
2014-07-08,732.0,744.9000244140625,719.4500122070312,726.0499877929688,4496355
2014-07-09,730.0,735.0,712.8499755859375,724.4000244140625,2606698
2014-07-10,721.25,740.5,713.0999755859375,726.25,1489631
2014-07-11,721.0,753.5999755859375,719.0499877929688,744.0499877929688,3129956
2014-07-14,746.5,748.0,724.0,738.0,2311905
2014-07-15,737.25,747.5999755859375,733.0,739.7000122070312,1205297
2014-07-16,746.0,753.0,737.5,744.9000244140625,1970017
2014-07-17,741.3499755859375,749.0999755859375,740.0,743.0,842445
2014-07-18,744.9000244140625,744.9000244140625,732.2999877929688,742.25,1449855
2014-07-21,750.7999877929688,751.4500122070312,741.0999755859375,743.7000122070312,1201953
2014-07-22,749.0,757.7999877929688,745.5499877929688,750.5999755859375,779530
2014-07-23,752.0,754.9500122070312,742.0,748.8499755859375,1430470
2014-07-24,746.4000244140625,753.0499877929688,741.25,748.2000122070312,888943
2014-07-25,750.0499877929688,785.0,750.0499877929688,782.2000122070312,2015432
2014-07-28,783.0,792.25,774.4500122070312,789.1500244140625,1371299
2014-07-30,785.0,800.0,780.4500122070312,790.4500122070312,2397895
2014-07-31,783.5,794.4500122070312,782.0,790.9500122070312,3352328
2014-08-01,782.0999755859375,789.75,765.0999755859375,768.7999877929688,2204427
2014-08-04,770.0,776.0499877929688,759.0,761.7000122070312,1318303
2014-08-05,766.3499755859375,779.9000244140625,762.5,773.7999877929688,1194951
2014-08-06,770.5,773.0,758.0999755859375,759.7999877929688,1290762
2014-08-07,755.2999877929688,764.0,748.2000122070312,758.8499755859375,1489169
2014-08-08,744.1500244140625,767.2999877929688,743.2999877929688,760.4000244140625,1242359
2014-08-11,764.0,770.0,758.5499877929688,764.5,819734
2014-08-12,769.4500122070312,787.0,766.0,785.25,1917318
2014-08-13,777.5,805.0,777.5,802.5999755859375,3490582
2014-08-14,805.0,816.5999755859375,805.0,814.8499755859375,1775320
2014-08-18,811.0,823.4500122070312,807.4000244140625,816.2000122070312,1077465
2014-08-19,813.5,817.9000244140625,803.0,809.75,1360329
2014-08-20,805.0,849.7999877929688,805.0,846.9500122070312,2512702
2014-08-21,845.0,867.4000244140625,839.0,860.0,2023695
2014-08-22,853.0499877929688,864.0,844.6500244140625,856.6500244140625,2090452
2014-08-25,860.25,870.4000244140625,850.6500244140625,853.5499877929688,1289107
2014-08-26,849.2000122070312,875.4500122070312,849.2000122070312,864.9500122070312,1767734
2014-08-27,865.1500244140625,873.2999877929688,855.0,862.4000244140625,1717217
2014-08-28,861.0,866.4000244140625,849.8499755859375,855.25,2416622
2014-09-01,861.0,861.0499877929688,839.0,842.3499755859375,1923611
2014-09-02,842.0,867.5,842.0,863.5499877929688,1949092
2014-09-03,866.4000244140625,878.4000244140625,857.0499877929688,863.2999877929688,2005404
2014-09-04,864.6500244140625,873.5,859.0499877929688,864.5,1095221
2014-09-05,869.0,869.9000244140625,852.6500244140625,857.8499755859375,1179280
2014-09-08,858.0999755859375,872.2999877929688,858.0999755859375,868.0,1497366
2014-09-09,871.9000244140625,871.9000244140625,858.25,860.4000244140625,905961
2014-09-10,860.0,867.9000244140625,855.5,859.2999877929688,790089
2014-09-11,850.0,850.7000122070312,808.0,822.2999877929688,4483422
2014-09-12,815.0,819.7000122070312,788.0999755859375,806.0999755859375,7549698
2014-09-15,804.0,814.75,792.5,795.2999877929688,3131125
2014-09-16,796.0,810.75,794.2999877929688,798.25,2739568
2014-09-17,804.9000244140625,811.7999877929688,786.7999877929688,792.4000244140625,2736588
2014-09-18,808.0,813.7000122070312,800.1500244140625,805.0499877929688,2993635
2014-09-19,807.9000244140625,824.75,806.2999877929688,807.1500244140625,4584243
2014-09-22,800.0,811.4000244140625,788.1500244140625,798.3499755859375,2569290
2014-09-23,805.0,807.3499755859375,775.0,780.5999755859375,3581317
2014-09-24,774.0999755859375,796.0,774.0999755859375,780.6500244140625,2198773
2014-09-25,780.1500244140625,789.7999877929688,769.0499877929688,774.25,3043090
2014-09-26,768.4000244140625,821.4500122070312,748.0,806.5999755859375,10008066
2014-09-29,808.0,839.7999877929688,808.0,835.7999877929688,3873334
2014-09-30,836.4500122070312,860.9500122070312,833.0,857.25,4054880
2014-10-01,860.0,865.4000244140625,849.4500122070312,860.7999877929688,2624246
2014-10-07,857.1500244140625,868.7999877929688,831.4000244140625,835.9500122070312,2390185
2014-10-08,827.9500122070312,832.0,794.25,800.7999877929688,2857203
2014-10-09,799.5,818.8499755859375,799.5,814.75,2228504
2014-10-10,808.0999755859375,829.9000244140625,800.0999755859375,821.3499755859375,1649139
2014-10-13,813.5999755859375,827.6500244140625,799.5,803.9000244140625,1376229
2014-10-14,797.5,815.5999755859375,797.5,802.9000244140625,1349464
2014-10-16,801.9000244140625,813.0,792.0,796.6500244140625,1845073
2014-10-17,795.0,807.0,791.9500122070312,798.3499755859375,1611523
2014-10-20,802.0,815.0,798.1500244140625,801.5499877929688,1411387
2014-10-21,800.25,807.4500122070312,792.0999755859375,797.3499755859375,1306472
2014-10-22,806.0,815.0,797.3499755859375,806.25,1356157
2014-10-27,805.4000244140625,812.3499755859375,790.0,805.2000122070312,2192544
2014-10-28,805.25,847.9500122070312,805.25,838.6500244140625,3457424
2014-10-29,848.0,849.5,826.0,830.4000244140625,2776661
2014-10-30,824.5,838.7999877929688,823.5,828.6500244140625,2576515
2014-10-31,829.7999877929688,849.9500122070312,828.5,845.4000244140625,1809448
2014-11-03,848.0,858.9000244140625,836.5,853.25,1128086
2014-11-05,858.5,878.25,858.0,871.5,2418354
2014-11-07,852.0,896.5,836.0999755859375,894.2999877929688,3679261
2014-11-10,897.0,932.5,896.5,911.25,4417508
2014-11-11,911.0,924.0,910.0999755859375,917.2999877929688,3176824
2014-11-12,921.25,924.8499755859375,890.0999755859375,906.0499877929688,1547850
2014-11-13,904.25,924.75,900.75,908.2999877929688,2563302
2014-11-14,917.7999877929688,917.7999877929688,880.1500244140625,886.75,2904816
2014-11-17,885.0499877929688,889.0,870.0,883.8499755859375,2514180
2014-11-18,882.9000244140625,896.9000244140625,865.0,866.9000244140625,2217575
2014-11-19,866.5,873.7000122070312,842.2999877929688,850.0999755859375,3822835
2014-11-20,853.0,860.8499755859375,842.4500122070312,851.0499877929688,3411098
2014-11-21,846.25,857.0,839.0,841.0,1813772
2014-11-24,840.0,853.7000122070312,833.3499755859375,835.7999877929688,2455772
2014-11-25,836.0,845.0,832.2999877929688,839.9500122070312,2901233
2014-11-26,840.9000244140625,845.2000122070312,834.5999755859375,839.5999755859375,1551361
2014-11-27,840.0999755859375,852.0,840.0,841.9500122070312,3360445
2014-11-28,841.9500122070312,848.9500122070312,838.0499877929688,839.7000122070312,2172117
2014-12-01,853.9000244140625,856.5,829.0,835.6500244140625,2948295
2014-12-02,831.0,847.2999877929688,831.0,840.4000244140625,1849996
2014-12-03,840.0499877929688,846.9000244140625,837.0499877929688,842.5999755859375,1359511
2014-12-04,840.0,844.25,836.0,839.4000244140625,1007007
2014-12-05,837.4000244140625,844.6500244140625,819.1500244140625,821.5499877929688,1735099
2014-12-08,821.0,839.5499877929688,820.0499877929688,827.7999877929688,1706311
2014-12-09,851.5999755859375,854.4500122070312,832.8499755859375,839.4500122070312,3486844
2014-12-10,835.0999755859375,842.4000244140625,821.0,833.2999877929688,2464142
2014-12-11,828.0999755859375,844.0,828.0999755859375,834.7999877929688,2333233
2014-12-12,837.3499755859375,852.0,834.5,843.3499755859375,2549233
2014-12-15,839.0,851.9500122070312,837.0,844.2000122070312,1424914
2014-12-16,840.0,850.5,825.0,830.1500244140625,2031081
2014-12-17,830.25,836.1500244140625,798.3499755859375,811.3499755859375,2794594
2014-12-18,818.5,821.0,806.1500244140625,812.0,2210484
2014-12-19,816.2000122070312,820.0,804.2999877929688,807.8499755859375,1835976
2014-12-22,809.0,815.5,805.25,814.5,1371848
2014-12-23,813.5,822.3499755859375,807.1500244140625,813.2999877929688,1483001
2014-12-24,812.0499877929688,816.0,800.0,803.5,3936246
2014-12-26,804.5,812.25,803.5499877929688,811.1500244140625,687527
2014-12-29,810.0,822.0,810.0,820.7000122070312,875126
2014-12-30,822.0,828.7999877929688,816.5999755859375,820.4000244140625,1080563
2014-12-31,819.3499755859375,829.0,815.7999877929688,826.5499877929688,1282191
2015-01-01,826.5,830.0,818.0999755859375,822.2000122070312,587479
2015-01-02,824.0,830.5,824.0,826.25,710310
2015-01-05,826.0999755859375,830.7000122070312,824.4500122070312,826.75,792287
2015-01-06,823.0,824.5999755859375,803.7000122070312,808.5499877929688,1709888
2015-01-07,809.0999755859375,815.2000122070312,800.0,809.7999877929688,1730518
2015-01-08,815.0,821.0,814.4000244140625,818.7999877929688,943536
2015-01-09,820.0,836.0,820.0,830.0499877929688,1766875
2015-01-12,832.4500122070312,837.25,830.0999755859375,835.2999877929688,1188646
2015-01-13,837.0499877929688,843.4000244140625,826.1500244140625,833.0999755859375,838422
2015-01-14,831.0,837.75,817.0,820.6500244140625,996066
2015-01-15,826.0,833.9000244140625,819.4000244140625,825.9000244140625,2224116
2015-01-16,828.9000244140625,854.4000244140625,826.2000122070312,849.75,2005202
2015-01-19,855.0,866.1500244140625,853.0999755859375,863.0,1382755
2015-01-20,865.0,874.5,854.5,872.2999877929688,2053198
2015-01-21,875.0,888.0,873.0,885.9500122070312,2358508
2015-01-22,885.2999877929688,927.3499755859375,885.2999877929688,920.0499877929688,4797782
2015-01-23,921.5,938.7000122070312,918.0,926.7999877929688,2835629
2015-01-27,939.9000244140625,939.9500122070312,901.0,914.0,2261868
2015-01-28,915.0,933.0999755859375,892.0,909.75,1939863
2015-01-29,900.0,933.0,891.0,919.7999877929688,2668139
2015-01-30,923.5,927.7999877929688,910.5,917.75,1873464
2015-02-02,925.0,943.5499877929688,922.0,929.0999755859375,1750030
2015-02-03,936.0,947.6500244140625,919.0499877929688,941.25,2275229
2015-02-04,947.5,965.9500122070312,946.0,958.9500122070312,2769365
2015-02-05,960.0,965.9000244140625,951.0,959.5499877929688,1850360
2015-02-06,958.75,962.9000244140625,920.25,926.8499755859375,3120503
2015-02-09,926.7999877929688,948.2000122070312,915.8499755859375,941.4500122070312,1350099
2015-02-10,942.0,942.0,911.0,919.5499877929688,1515424
2015-02-11,924.7999877929688,937.0,920.2000122070312,925.8499755859375,1046438
2015-02-12,929.6500244140625,932.2000122070312,919.0,923.5999755859375,778562
2015-02-13,928.0,952.0,928.0,940.5499877929688,2046667
2015-02-16,918.0,930.9000244140625,907.2999877929688,914.75,2869370
2015-02-18,919.9000244140625,927.5,911.75,917.7999877929688,1309654
2015-02-19,922.7000122070312,926.7999877929688,909.5499877929688,916.7000122070312,1190354
2015-02-20,914.7999877929688,921.5999755859375,910.0,913.2000122070312,1146633
2015-02-23,914.0,924.0,904.25,908.6500244140625,2440626
2015-02-24,907.0,913.9000244140625,905.0,910.4500122070312,1469026
2015-02-25,913.5,914.6500244140625,886.4000244140625,890.75,1407691
2015-02-26,890.0999755859375,894.25,860.2000122070312,865.7000122070312,2614022
2015-02-27,870.1500244140625,883.9000244140625,868.5499877929688,878.9000244140625,2160310
2015-03-02,912.0999755859375,932.0,909.4000244140625,925.2000122070312,2019863
2015-03-03,937.4500122070312,951.4000244140625,933.0999755859375,943.0499877929688,2114707
2015-03-04,946.9000244140625,1035.949951171875,937.7999877929688,1006.2999877929688,7567230
2015-03-05,1018.0,1045.949951171875,1005.5,1038.75,3792463
2015-03-09,1024.3499755859375,1049.9000244140625,1008.0,1041.0,3154190
2015-03-10,1046.0,1055.5,1017.75,1024.6500244140625,2094814
2015-03-11,1029.4000244140625,1035.4000244140625,1007.0499877929688,1009.8499755859375,1845619
2015-03-12,1012.6500244140625,1039.800048828125,1010.0,1036.1500244140625,1990646
2015-03-13,1044.699951171875,1044.699951171875,1006.5499877929688,1011.5999755859375,1499576
2015-03-16,1014.0999755859375,1032.9000244140625,1010.1500244140625,1029.8499755859375,1445672
2015-03-17,1033.0,1051.0,1026.1500244140625,1041.9000244140625,1818956
2015-03-18,1043.4000244140625,1048.0,1031.0,1044.5,1489193
2015-03-19,1050.0,1075.0,1036.199951171875,1047.75,2661474
2015-03-20,1050.0,1074.5,1021.2999877929688,1026.6500244140625,2371025
2015-03-23,1036.9000244140625,1045.949951171875,1013.4000244140625,1024.25,1972135
2015-03-24,1034.0,1049.800048828125,1030.0,1037.1500244140625,2573597
2015-03-25,1058.0,1067.800048828125,1042.0999755859375,1052.050048828125,4242685
2015-03-26,1052.800048828125,1053.0,1020.0,1027.699951171875,2974909
2015-03-27,1036.9000244140625,1041.550048828125,1002.0999755859375,1011.2000122070312,1999967
2015-03-30,1021.1500244140625,1025.75,1009.0,1010.7999877929688,1613058
2015-03-31,1015.0,1033.25,1010.3499755859375,1023.9000244140625,1939047
2015-04-01,1023.9000244140625,1094.0,1018.9500122070312,1081.1500244140625,4104961
2015-04-06,1102.699951171875,1181.0,1090.0,1169.300048828125,4805720
2015-04-07,1180.0,1200.800048828125,1135.75,1152.050048828125,3978093
2015-04-08,1161.3499755859375,1173.300048828125,1137.050048828125,1150.449951171875,2732857
2015-04-09,1159.9000244140625,1162.300048828125,1106.0,1113.449951171875,3143647
2015-04-10,1113.0,1128.5999755859375,1098.3499755859375,1119.75,2880186
2015-04-13,1120.0999755859375,1157.9000244140625,1112.699951171875,1150.949951171875,2036205
2015-04-15,1161.4000244140625,1161.4000244140625,1112.3499755859375,1117.300048828125,3103257
2015-04-16,1122.199951171875,1127.25,1082.5,1087.949951171875,2725037
2015-04-17,1090.0,1105.199951171875,1028.75,1037.75,3749872
2015-04-20,1048.0,1066.9000244140625,1037.800048828125,1043.800048828125,2941375
2015-04-21,951.0,974.25,930.0,952.2000122070312,265709391
2015-04-22,963.0,978.9000244140625,948.0,967.7999877929688,10905987
2015-04-23,980.0,980.7999877929688,936.0,942.0,9450660
2015-04-24,946.0,956.0,938.25,947.4000244140625,10416821
2015-04-27,951.5,957.2999877929688,921.8499755859375,926.4000244140625,7641311
2015-04-28,922.0,934.2000122070312,912.25,924.8499755859375,5553353
2015-04-29,934.2000122070312,947.0,929.0,940.5,7229944
2015-04-30,926.0,943.9000244140625,921.0,938.8499755859375,16367861
2015-05-04,949.0,957.25,942.0499877929688,947.75,7780934
2015-05-05,954.9000244140625,960.0,950.0499877929688,958.4500122070312,4329997
2015-05-06,957.5499877929688,957.7000122070312,925.0,937.1500244140625,5151640
2015-05-07,933.0,936.0,920.0499877929688,927.9000244140625,3690081
2015-05-08,933.3499755859375,946.25,920.0999755859375,940.25,4998817
2015-05-11,950.5,968.4500122070312,948.7999877929688,964.4000244140625,5241168
2015-05-12,962.25,965.4000244140625,943.0,949.6500244140625,4197503
2015-05-13,952.9000244140625,962.9500122070312,942.6500244140625,954.0499877929688,2584318
2015-05-14,952.7999877929688,953.2000122070312,939.0,944.4000244140625,2701006
2015-05-15,927.4000244140625,952.0,926.25,946.3499755859375,2563043
2015-05-18,947.4000244140625,960.0,943.2999877929688,956.9500122070312,2137699
2015-05-19,956.9500122070312,978.4500122070312,947.8499755859375,957.0499877929688,2047194
2015-05-20,961.4000244140625,969.3499755859375,956.0,965.3499755859375,2163245
2015-05-21,966.0999755859375,986.7000122070312,962.0999755859375,981.25,4649220
2015-05-22,978.0,1008.9000244140625,976.75,1003.75,4813876
2015-05-25,1003.0,1010.0,993.5,1002.1500244140625,2000807
2015-05-26,999.9500122070312,1000.0,982.0,994.8499755859375,2570872
2015-05-27,996.0999755859375,1004.0,971.0999755859375,975.5499877929688,2738544
2015-05-28,973.0999755859375,978.75,946.5499877929688,954.7999877929688,7781595
2015-05-29,964.4500122070312,979.0,960.0,966.0999755859375,7065774
2015-06-01,915.5499877929688,917.7999877929688,869.0999755859375,877.6500244140625,14265602
2015-06-02,887.2000122070312,888.4000244140625,856.8499755859375,860.75,7192196
2015-06-03,861.5999755859375,863.0,840.5,842.4000244140625,6496553
2015-06-04,835.0,842.5,818.5999755859375,831.5499877929688,6628714
2015-06-05,831.5499877929688,860.5999755859375,830.0,847.9000244140625,4696506
2015-06-08,850.0,854.0,825.5499877929688,829.5499877929688,2678221
2015-06-09,824.0,826.4500122070312,808.5,810.6500244140625,3709907
2015-06-10,811.2000122070312,830.9000244140625,811.2000122070312,823.0999755859375,4205596
2015-06-11,828.0,840.0,816.0,819.5499877929688,4107146
2015-06-12,824.75,824.75,807.25,813.5499877929688,2398615
2015-06-15,816.4000244140625,847.9000244140625,810.1500244140625,837.7000122070312,3946889
2015-06-16,841.7999877929688,843.0,832.5,840.0999755859375,2221962
2015-06-17,846.7000122070312,848.9500122070312,836.5499877929688,843.9000244140625,3705966
2015-06-18,847.0,862.0,845.0,856.0499877929688,3919775
2015-06-19,861.0,862.7999877929688,843.25,845.9500122070312,2333016
2015-06-22,850.9000244140625,862.0,850.1500244140625,856.9000244140625,2429207
2015-06-23,859.9500122070312,866.7000122070312,856.0,857.7000122070312,1899146
2015-06-24,859.0,880.75,859.0,871.0999755859375,5168452
2015-06-25,870.75,878.4000244140625,860.8499755859375,866.0999755859375,6719110
2015-06-26,869.7000122070312,873.4000244140625,861.0,867.2000122070312,2614534
2015-06-29,852.0,854.0,836.2999877929688,849.5499877929688,1794757
2015-06-30,854.6500244140625,877.2999877929688,850.5999755859375,874.5999755859375,4010634
2015-07-01,881.4500122070312,886.4000244140625,869.5999755859375,873.0999755859375,2251368
2015-07-02,882.7999877929688,884.8499755859375,867.5,871.0999755859375,1914607
2015-07-03,874.4000244140625,881.7000122070312,868.75,871.0,1407939
2015-07-06,862.0499877929688,880.2999877929688,861.5,878.9000244140625,1381867
2015-07-07,879.5,891.7999877929688,875.0,885.3499755859375,2556817
2015-07-08,883.2999877929688,888.5,866.9000244140625,871.2999877929688,2485149
2015-07-09,871.0,885.3499755859375,864.2000122070312,872.4000244140625,2059496
2015-07-10,881.0,907.7999877929688,878.9000244140625,901.5499877929688,3549894
2015-07-13,909.9000244140625,925.5,908.0,915.5,3265149
2015-07-14,915.4000244140625,921.5,905.5499877929688,919.4000244140625,1706366
2015-07-15,921.5,933.0,914.5,929.75,2417317
2015-07-16,934.2999877929688,943.5,932.0,941.3499755859375,1756860
2015-07-17,948.0,957.0,942.5999755859375,947.6500244140625,2256640
2015-07-20,952.8499755859375,953.7000122070312,945.0,948.0,1378923
2015-07-21,853.2000122070312,853.2000122070312,795.25,805.25,32687596
2015-07-22,811.0,836.9500122070312,808.0999755859375,834.5499877929688,10872729
2015-07-23,839.0,839.0999755859375,821.5,828.8499755859375,3645770
2015-07-24,829.0,839.7999877929688,825.2999877929688,836.2000122070312,3052640
2015-07-27,833.7000122070312,839.7999877929688,819.0999755859375,823.7000122070312,3606126
2015-07-28,825.0,834.5,810.0499877929688,820.1500244140625,2689656
2015-07-29,823.0,834.0499877929688,819.6500244140625,829.75,2301293
2015-07-30,835.0,835.5,810.2000122070312,814.25,4324642
2015-07-31,819.0,825.2999877929688,812.0,822.4000244140625,3307416
2015-08-03,822.0,832.0,820.0,830.9500122070312,2029186
2015-08-04,834.7999877929688,834.7999877929688,820.0,830.0999755859375,3069438
2015-08-05,833.0,844.4000244140625,827.0999755859375,841.9000244140625,2246991
2015-08-06,845.0,857.4000244140625,842.0999755859375,845.4000244140625,3573927
2015-08-07,855.0,857.25,850.0,851.9500122070312,2261385
2015-08-10,854.7999877929688,856.5499877929688,831.0,840.7000122070312,2206976
2015-08-11,843.0,846.5999755859375,831.2999877929688,841.75,2135240
2015-08-12,847.9500122070312,884.9000244140625,847.0,866.1500244140625,5281162
2015-08-13,868.9000244140625,888.0,840.0,879.0499877929688,2580690
2015-08-14,888.0,914.7000122070312,887.5999755859375,897.7000122070312,4606523
2015-08-17,909.0,918.0,889.5999755859375,906.2000122070312,2930882
2015-08-18,907.1500244140625,915.0,885.75,889.75,1790875
2015-08-19,897.0,930.0,896.25,927.75,5294282
2015-08-20,946.0,966.0,931.7000122070312,936.6500244140625,7479776
2015-08-21,933.0,942.3499755859375,907.5499877929688,937.9000244140625,4481821
2015-08-24,909.0,940.0,875.2000122070312,891.0999755859375,6095598
2015-08-25,915.8499755859375,921.6500244140625,850.0,890.5999755859375,5366573
2015-08-26,892.9000244140625,900.3499755859375,868.5999755859375,872.9000244140625,3455259
2015-08-27,896.0,905.8499755859375,880.0,902.0,5115937
2015-08-28,911.0,916.5,865.0,886.4500122070312,4988409
2015-08-31,882.4000244140625,911.4000244140625,870.0,898.9500122070312,13512125
2015-09-01,883.7000122070312,916.0,882.0,901.9500122070312,4315484
2015-09-02,914.0,917.0,886.7000122070312,890.1500244140625,4877084
2015-09-03,898.0,901.9000244140625,881.0999755859375,884.9500122070312,2306749
2015-09-04,890.0,890.0,852.6500244140625,857.7000122070312,3075607
2015-09-07,860.1500244140625,866.0,832.0,836.5,2479603
2015-09-08,842.0,850.0,815.0,844.5999755859375,3192919
2015-09-09,856.6500244140625,860.0,835.2000122070312,839.0499877929688,2164371
2015-09-10,835.0,844.0499877929688,824.9000244140625,839.7000122070312,2478514
2015-09-11,844.0,851.9500122070312,840.3499755859375,846.0499877929688,2710761
2015-09-14,854.2000122070312,858.9500122070312,845.3499755859375,857.0499877929688,2590701
2015-09-15,858.5999755859375,871.5,855.0,866.7000122070312,3818309
2015-09-16,879.2000122070312,891.7999877929688,875.6500244140625,887.2000122070312,5674983
2015-09-18,897.0,920.7999877929688,888.4500122070312,905.2000122070312,5214357
2015-09-21,908.2999877929688,912.9500122070312,895.0999755859375,899.9500122070312,3137037
2015-09-22,909.0,909.0,891.5499877929688,900.5999755859375,3447182
2015-09-23,895.0,905.2000122070312,888.2999877929688,896.75,1895163
2015-09-24,900.9000244140625,900.9000244140625,888.25,891.9000244140625,4615659
2015-09-28,895.0,895.0,857.2000122070312,861.0,3862676
2015-09-29,861.0,861.0,840.25,848.25,2137288
2015-09-30,860.0,872.0,858.2000122070312,868.4000244140625,2861245
2015-10-01,875.0,895.0,873.25,891.0,2278061
2015-10-05,899.0,902.2000122070312,880.2000122070312,897.9500122070312,3142118
2015-10-06,905.9500122070312,915.9000244140625,902.25,909.9500122070312,2368600
2015-10-07,915.0,928.7000122070312,903.0,926.2000122070312,2899026
2015-10-08,930.0,933.9500122070312,910.5999755859375,915.6500244140625,2018360
2015-10-09,922.5,922.7999877929688,901.2000122070312,906.2000122070312,1963120
2015-10-12,910.0,914.9500122070312,883.2000122070312,892.0,2057784
2015-10-13,894.0,896.75,874.0,881.5999755859375,1526300
2015-10-14,884.0999755859375,894.0,881.5999755859375,883.7000122070312,1468468
2015-10-15,889.9500122070312,892.5,880.0499877929688,888.0,2180779
2015-10-16,888.0,892.0,881.0,890.5,1209569
2015-10-19,895.0,911.0,886.5499877929688,905.9500122070312,2000070
2015-10-20,911.0,913.0999755859375,899.7000122070312,902.5499877929688,1880891
2015-10-21,901.9000244140625,902.25,886.5,889.0,1272841
2015-10-23,901.9500122070312,903.8499755859375,883.0499877929688,884.5999755859375,1916780
2015-10-26,890.0,894.0999755859375,886.0999755859375,888.7999877929688,1770689
2015-10-27,888.0,912.4500122070312,885.0,908.6500244140625,2896574
2015-10-28,903.0,907.5,895.0499877929688,901.5499877929688,1939812
2015-10-29,902.0,902.0,875.5499877929688,878.9000244140625,3272915
2015-10-30,880.2000122070312,893.0,876.7000122070312,889.5499877929688,2387217
2015-11-02,875.0499877929688,878.1500244140625,857.5499877929688,865.3499755859375,1982404
2015-11-03,870.0,877.7999877929688,862.7999877929688,868.5499877929688,1547053
2015-11-04,867.0,874.5,850.0,852.5,2275409
2015-11-05,848.0,849.9000244140625,809.0,815.9500122070312,4038115
2015-11-06,816.0499877929688,822.3499755859375,800.5499877929688,803.4000244140625,3763950
2015-11-09,761.0,771.8499755859375,744.9500122070312,756.9500122070312,7903526
2015-11-10,753.0999755859375,764.2000122070312,724.0499877929688,731.9500122070312,7024856
2015-11-13,745.0999755859375,752.4000244140625,736.0,740.5999755859375,4665553
2015-11-16,743.0,747.5,732.5499877929688,738.6500244140625,3357919
2015-11-17,746.0,755.5499877929688,743.9500122070312,753.3499755859375,3853257
2015-11-18,755.0,761.2999877929688,748.5,753.75,2521801
2015-11-19,758.0,761.0,738.4000244140625,742.5,4059404
2015-11-20,739.7999877929688,741.0,723.9000244140625,725.8499755859375,5345428
2015-11-23,726.0,728.9000244140625,713.5,717.0999755859375,5781403
2015-11-24,717.0,719.5499877929688,704.0,706.2000122070312,9846509
2015-11-26,716.8499755859375,740.0,716.5,735.9000244140625,8438968
2015-11-27,742.0,742.3499755859375,731.0,739.8499755859375,4475863
2015-11-30,732.5,737.5,727.3499755859375,729.5,8738130
2015-12-01,732.0,733.7999877929688,727.0,729.25,3183165
2015-12-02,739.0,739.0,725.0,731.7999877929688,5136352
2015-12-03,729.8499755859375,732.4000244140625,724.0,726.9000244140625,3079014
2015-12-04,722.5,773.9000244140625,721.5,755.4000244140625,24605807
2015-12-07,765.2999877929688,781.5,762.0499877929688,777.3499755859375,7139702
2015-12-08,776.0,779.8499755859375,767.5,770.9000244140625,3655120
2015-12-09,772.5,775.4000244140625,750.1500244140625,759.1500244140625,4935349
2015-12-10,769.8499755859375,769.8499755859375,733.2999877929688,756.7999877929688,4496091
2015-12-11,759.6500244140625,766.0,748.5,757.7999877929688,2852880
2015-12-14,758.8499755859375,773.0,753.6500244140625,768.5999755859375,2629235
2015-12-15,775.0,781.4500122070312,769.2000122070312,773.75,3549320
2015-12-16,780.0,785.5,775.7999877929688,784.0999755859375,2864795
2015-12-17,791.0499877929688,805.0,788.0,802.25,3491346
2015-12-18,799.5999755859375,809.0,787.2000122070312,790.1500244140625,4125199
2015-12-21,738.0,756.7999877929688,731.0,754.2000122070312,12310649
2015-12-22,756.2000122070312,768.9000244140625,756.2000122070312,763.7000122070312,3734881
2015-12-23,771.0,793.5,770.0,790.4000244140625,6651886
2015-12-24,797.0,798.4000244140625,786.4000244140625,790.8499755859375,2053955
2015-12-28,791.6500244140625,815.0,791.6500244140625,811.5999755859375,4287383
2015-12-29,815.0,819.9000244140625,805.5,811.3499755859375,2702847
2015-12-30,814.0,826.0,806.4500122070312,810.1500244140625,1919186
2015-12-31,812.0,825.0,804.0999755859375,820.1500244140625,2590518
2016-01-01,810.0499877929688,817.9000244140625,806.2000122070312,815.5499877929688,986728
2016-01-04,813.9000244140625,821.2999877929688,795.0999755859375,799.0999755859375,2388588
2016-01-05,807.0,807.0,792.0499877929688,800.5,1632394
2016-01-06,805.0,805.7999877929688,790.75,791.9500122070312,2168214
2016-01-07,788.0,799.0,778.6500244140625,783.7999877929688,2082334
2016-01-08,795.0,805.7999877929688,786.0,794.1500244140625,2315237
2016-01-11,789.5,804.5,779.0999755859375,782.25,3424538
2016-01-12,784.0,794.0,784.0,788.1500244140625,1787888
2016-01-13,795.0,804.6500244140625,781.5,796.5999755859375,3447651
2016-01-14,789.7999877929688,796.4000244140625,785.7000122070312,791.8499755859375,3233849
2016-01-15,797.75,799.0,780.2000122070312,787.0999755859375,2370237
2016-01-18,787.0,797.5,775.0,784.9500122070312,4202772
2016-01-19,786.0,796.7999877929688,781.25,793.9000244140625,2169752
2016-01-20,785.5,805.0,775.5999755859375,792.5999755859375,4222563
2016-01-21,800.0,803.4000244140625,764.0,773.1500244140625,3264178
2016-01-22,779.0,794.0,773.2999877929688,789.2000122070312,1970106
2016-01-25,795.0,814.9000244140625,794.4500122070312,807.25,2905098
2016-01-27,817.0,823.25,809.2999877929688,821.1500244140625,3609838
2016-01-28,817.0,836.7999877929688,817.0,834.1500244140625,4368190
2016-01-29,843.0,878.0,839.0999755859375,872.9500122070312,4709689
2016-02-01,880.7999877929688,888.2999877929688,861.9000244140625,872.2999877929688,3252050
2016-02-02,879.8499755859375,883.3499755859375,831.0999755859375,835.1500244140625,2676955
2016-02-03,836.7999877929688,855.0,829.2999877929688,834.9000244140625,2630864
2016-02-04,840.0,847.7999877929688,818.1500244140625,835.5999755859375,2287218
2016-02-05,839.0,860.0,836.5499877929688,857.5499877929688,2250196
2016-02-08,855.0,864.7999877929688,830.0,835.6500244140625,1198192
2016-02-09,830.0,860.9000244140625,828.0999755859375,854.0499877929688,2340243
2016-02-10,851.0499877929688,865.75,838.2000122070312,855.75,3530848
2016-02-11,851.0,858.9000244140625,827.0,830.4000244140625,2067334
2016-02-12,845.0,884.7000122070312,802.4500122070312,847.3499755859375,5260215
2016-02-15,855.0,867.0,845.0999755859375,850.2000122070312,3592947
2016-02-16,850.5999755859375,857.1500244140625,820.2000122070312,827.7999877929688,1957372
2016-02-17,831.9500122070312,859.3499755859375,828.0,855.7999877929688,1975343
2016-02-18,869.7000122070312,876.5,858.0999755859375,870.4500122070312,2342525
2016-02-19,870.4000244140625,870.4000244140625,857.0,864.2000122070312,1561649
2016-02-22,871.9500122070312,885.7999877929688,868.0,882.4500122070312,2302969
2016-02-23,884.7000122070312,898.4500122070312,866.25,871.0999755859375,2470030
2016-02-24,866.3499755859375,870.0,849.5999755859375,854.5499877929688,1716644
2016-02-25,857.4500122070312,880.0,855.5499877929688,875.3499755859375,3898475
2016-02-26,885.0,890.0,869.0999755859375,871.9000244140625,2409042
2016-02-29,880.7999877929688,880.7999877929688,833.7000122070312,853.9000244140625,3546392
2016-03-01,861.7000122070312,873.0,851.2999877929688,868.4000244140625,2354037
2016-03-02,876.0,877.0999755859375,850.0,851.8499755859375,3184958
2016-03-03,859.9000244140625,873.8499755859375,852.5999755859375,870.9000244140625,2447143
2016-03-04,872.0,874.5,852.5999755859375,856.7999877929688,1525260
2016-03-08,859.7999877929688,871.0,851.25,858.5999755859375,2297582
2016-03-09,860.0,863.7000122070312,836.9000244140625,860.9000244140625,3139226
2016-03-10,864.4500122070312,868.0,846.5,865.0499877929688,2042250
2016-03-11,854.9000244140625,870.0,843.5999755859375,868.2000122070312,2329088
2016-03-14,869.0,876.5499877929688,858.5999755859375,862.2000122070312,2139517
2016-03-15,861.5,861.5,840.5999755859375,843.1500244140625,2357014
2016-03-16,845.5,847.4500122070312,821.6500244140625,835.75,2521867
2016-03-17,842.0,843.9000244140625,821.7999877929688,827.25,2605930
2016-03-18,825.0499877929688,825.9000244140625,798.4000244140625,816.0,5270631
2016-03-21,820.5499877929688,838.0499877929688,816.7999877929688,836.4500122070312,3177198
2016-03-22,835.0499877929688,847.0,831.9000244140625,844.5999755859375,2105722
2016-03-23,844.7000122070312,852.0,834.5999755859375,846.2000122070312,2331768
2016-03-28,846.0,846.0,803.0,809.25,4596334
2016-03-29,809.25,811.8499755859375,770.0,794.3499755859375,7468509
2016-03-30,811.9000244140625,815.5499877929688,801.0499877929688,811.7000122070312,3020735
2016-03-31,811.9000244140625,829.6500244140625,811.9000244140625,820.0,5230705
2016-04-01,821.0,824.0,809.4000244140625,815.0999755859375,1654746
2016-04-04,817.2000122070312,821.0,811.0999755859375,815.0499877929688,1239310
2016-04-05,816.0,816.4500122070312,799.5,800.7999877929688,2570634
2016-04-06,804.5,811.0999755859375,798.0499877929688,809.5499877929688,1809628
2016-04-07,810.0,822.9000244140625,805.0999755859375,811.7000122070312,2221164
2016-04-08,807.0499877929688,817.4500122070312,807.0499877929688,811.75,1088142
2016-04-11,823.0,826.0,809.2000122070312,817.2999877929688,2757166
2016-04-12,819.7000122070312,827.0499877929688,816.3499755859375,823.5999755859375,1942717
2016-04-13,826.0999755859375,835.9000244140625,823.0,833.0499877929688,2310970
2016-04-18,833.1500244140625,841.1500244140625,827.2999877929688,837.7999877929688,2257502
2016-04-20,836.0999755859375,836.0999755859375,825.2000122070312,828.5499877929688,2134965
2016-04-21,831.6500244140625,837.9000244140625,826.7999877929688,832.9000244140625,1381380
2016-04-22,827.0,828.4500122070312,818.1500244140625,820.2000122070312,2527855
2016-04-25,820.0,821.1500244140625,802.0,808.8499755859375,3644370
2016-04-26,805.0,817.5999755859375,797.0,814.4000244140625,4083983
2016-04-27,814.0,816.0999755859375,809.2000122070312,813.9500122070312,1364080
2016-04-28,819.0,819.0,800.0,801.9500122070312,4828596
2016-04-29,805.0,813.2999877929688,802.0,811.2999877929688,2339763
2016-05-02,813.75,816.1500244140625,804.5,811.7999877929688,1083227
2016-05-03,808.2000122070312,813.5999755859375,780.0,798.25,5809209
2016-05-04,799.0,806.4000244140625,787.0499877929688,804.2000122070312,2523074
2016-05-05,825.5499877929688,828.0,806.5,810.4500122070312,3065087
2016-05-06,809.9500122070312,815.0,802.25,804.4000244140625,1464262
2016-05-09,805.0,811.7999877929688,796.0,805.2999877929688,2556690
2016-05-10,806.0,811.0,800.2999877929688,802.1500244140625,2156929
2016-05-11,799.0,806.0,792.0,796.2999877929688,2268518
2016-05-12,795.0999755859375,805.7000122070312,795.0999755859375,803.5499877929688,1962391
2016-05-13,805.3499755859375,805.3499755859375,792.5,795.0499877929688,2454738
2016-05-16,799.9000244140625,802.0,791.7000122070312,797.8499755859375,2035038
2016-05-17,801.0,802.5999755859375,796.5,799.9000244140625,2505291
2016-05-18,798.9500122070312,799.0499877929688,791.0,795.2999877929688,2244494
2016-05-19,797.0,797.7000122070312,790.0,792.5,3114189
2016-05-20,797.9000244140625,797.9000244140625,790.0,791.3499755859375,2460489
2016-05-23,793.0,793.7000122070312,779.2999877929688,784.5499877929688,2403975
2016-05-24,786.0,787.0,771.0,772.2999877929688,2249441
2016-05-25,778.2999877929688,789.9000244140625,771.2000122070312,785.4500122070312,1556315
2016-05-26,781.0999755859375,788.0,774.0499877929688,779.3499755859375,1900809
2016-05-27,795.0,828.0,790.0999755859375,824.9500122070312,3675225
2016-05-30,831.0,842.0,808.25,812.0999755859375,4888391
2016-05-31,792.0,799.0,756.0,762.75,15706495
2016-06-01,767.0499877929688,771.4000244140625,752.4500122070312,754.5499877929688,4921709
2016-06-02,755.0999755859375,758.5,744.5499877929688,746.75,4900285
2016-06-03,751.9000244140625,751.9000244140625,735.0499877929688,737.3499755859375,5944789
2016-06-06,748.9000244140625,750.0,721.8499755859375,724.4000244140625,6330743
2016-06-07,728.0,741.9000244140625,710.1500244140625,738.7999877929688,7369626
2016-06-08,744.0,744.9500122070312,734.4000244140625,738.0,3384926
2016-06-09,738.0,745.25,731.5,742.7000122070312,3948805
2016-06-10,745.8499755859375,747.0,738.4000244140625,741.4000244140625,2785032
2016-06-13,738.5,748.0,733.1500244140625,746.4500122070312,2918950
2016-06-14,748.0,755.0,746.5499877929688,753.7000122070312,2789220
2016-06-15,756.9000244140625,758.3499755859375,750.0,751.5999755859375,1417625
2016-06-16,752.0,756.3499755859375,742.7000122070312,754.5999755859375,2717995
2016-06-17,756.5,758.1500244140625,740.0999755859375,743.2000122070312,3317924
2016-06-20,739.8499755859375,746.0999755859375,733.8499755859375,739.8499755859375,3323011
2016-06-21,741.0999755859375,745.2000122070312,735.2000122070312,736.2999877929688,3703466
2016-06-22,739.9500122070312,741.4000244140625,731.4000244140625,740.0499877929688,3715759
2016-06-23,743.9500122070312,757.7999877929688,743.0,752.5999755859375,3909660
2016-06-24,747.7000122070312,765.0,734.0,754.75,7640809
2016-06-27,757.0,775.5999755859375,753.2999877929688,773.75,4493497
2016-06-28,774.0,779.3499755859375,763.5499877929688,765.0999755859375,2788888
2016-06-29,770.7000122070312,774.4500122070312,767.5999755859375,770.2999877929688,2460436
2016-06-30,775.0,776.9000244140625,761.0,763.0999755859375,4538392
2016-07-01,769.0,769.4500122070312,762.0499877929688,763.3499755859375,2656477
2016-07-04,768.25,774.7999877929688,766.1500244140625,770.7999877929688,1575107
2016-07-05,772.9500122070312,778.0,764.25,774.5,2746347
2016-07-07,778.0,782.9500122070312,775.0,778.2000122070312,2515212
2016-07-08,781.9500122070312,785.0,774.4500122070312,777.5,2174896
2016-07-11,789.0,793.9000244140625,781.5,789.0,4771555
2016-07-12,792.7999877929688,793.0,778.1500244140625,783.0499877929688,3402732
2016-07-13,786.8499755859375,794.8499755859375,775.0,778.5499877929688,3546248
2016-07-14,774.6500244140625,774.6500244140625,766.8499755859375,768.5499877929688,4148326
2016-07-15,772.0,774.7999877929688,764.0999755859375,770.4000244140625,5462554
2016-07-18,774.2999877929688,781.0,770.9000244140625,776.7000122070312,3096502
2016-07-19,780.0,787.0,777.5999755859375,782.4000244140625,3030866
2016-07-20,785.4000244140625,798.2999877929688,781.5499877929688,797.25,4592908
2016-07-21,800.0,806.0,791.0,794.2000122070312,3452258
2016-07-22,796.0,796.0,782.0,786.5999755859375,2552125
2016-07-25,788.0,805.0,787.0,804.0,3836740
2016-07-26,807.0,808.0,795.0999755859375,798.4000244140625,2827707
2016-07-27,797.0499877929688,810.0,791.25,807.9000244140625,2447955
2016-07-28,810.4000244140625,828.0,809.5,825.4500122070312,3981433
2016-07-29,825.0,839.7999877929688,820.5499877929688,829.9500122070312,3056996
2016-08-01,837.9000244140625,840.0,822.7000122070312,835.6500244140625,2052236
2016-08-02,839.0,847.5,826.8499755859375,828.9000244140625,2135409
2016-08-03,832.7000122070312,847.3499755859375,821.2999877929688,839.5999755859375,2105776
2016-08-04,842.0,854.9500122070312,840.0999755859375,848.5499877929688,2609726
2016-08-05,852.9000244140625,854.4500122070312,837.0499877929688,841.9000244140625,1908271
2016-08-08,842.0499877929688,844.8499755859375,830.4000244140625,832.7999877929688,3382787
2016-08-09,834.0,835.2000122070312,822.5999755859375,829.3499755859375,1896252
2016-08-10,831.7000122070312,833.0,815.0499877929688,817.6500244140625,1315780
2016-08-11,814.2999877929688,818.7999877929688,785.2000122070312,808.25,6662203
2016-08-12,816.7999877929688,825.9000244140625,790.5499877929688,800.5499877929688,8732728
2016-08-16,808.3499755859375,808.3499755859375,781.2000122070312,782.7000122070312,5115466
2016-08-17,778.75,790.7999877929688,772.7999877929688,785.0,3550406
2016-08-18,790.0,794.4000244140625,785.5,788.7999877929688,1585900
2016-08-19,792.75,793.5,779.5999755859375,783.7999877929688,3217425
2016-08-22,784.25,785.0,765.0,770.0999755859375,5501620
2016-08-23,770.7000122070312,770.7000122070312,760.0,762.3499755859375,3756220
2016-08-24,765.0,775.3499755859375,763.5499877929688,769.7000122070312,3806381
2016-08-25,773.9500122070312,777.2999877929688,762.0499877929688,764.9500122070312,2285008
2016-08-26,766.25,768.6500244140625,752.75,755.25,1978922
2016-08-29,757.9000244140625,762.4000244140625,746.5999755859375,759.2999877929688,2362413
2016-08-30,763.7999877929688,777.0,760.9500122070312,774.8499755859375,1726397
2016-08-31,778.0,782.0,771.2999877929688,775.6500244140625,3405144
2016-09-01,775.5999755859375,778.9000244140625,767.25,770.0499877929688,1183855
2016-09-02,774.0,784.2999877929688,768.0,782.3499755859375,1867621
2016-09-06,786.0,789.0,778.2999877929688,782.6500244140625,1556462
2016-09-07,783.0,784.5499877929688,776.5499877929688,779.25,1353192
2016-09-08,780.0,809.75,777.2999877929688,808.0499877929688,3663747
2016-09-09,811.0,818.5,794.0999755859375,797.4500122070312,4003165
2016-09-12,789.0,795.9000244140625,779.0999755859375,787.0499877929688,2621800
2016-09-14,795.0,796.2000122070312,774.4000244140625,779.8499755859375,3858523
2016-09-15,784.0,792.5999755859375,782.1500244140625,786.3499755859375,1479337
2016-09-16,790.0499877929688,794.0,781.25,783.7999877929688,2303954
2016-09-19,784.5499877929688,789.7000122070312,780.5499877929688,782.5,1283403
2016-09-20,785.0,786.5999755859375,777.0,778.75,2078649
2016-09-21,782.0,784.5,776.3499755859375,778.8499755859375,1572757
2016-09-22,786.0499877929688,788.8499755859375,783.2999877929688,786.75,1730313
2016-09-23,790.0999755859375,790.75,778.0,780.0499877929688,1768021
2016-09-26,781.0,784.25,764.5999755859375,766.1500244140625,2308824
2016-09-27,766.5,776.9000244140625,766.1500244140625,770.1500244140625,1556490
2016-09-28,766.2000122070312,773.75,763.4000244140625,764.7999877929688,2342694
2016-09-29,769.0,770.0,732.0,735.8499755859375,5321213
2016-09-30,739.9500122070312,745.0,735.0999755859375,742.7000122070312,2051308
2016-10-03,750.0,761.0,750.0,757.0499877929688,1856097
2016-10-04,762.0,773.0,759.25,764.2999877929688,2557812
2016-10-05,768.5,768.5,757.2999877929688,759.4500122070312,1847125
2016-10-06,765.0,766.5499877929688,750.0999755859375,752.9000244140625,1755184
2016-10-07,756.0,756.2000122070312,748.7999877929688,751.2000122070312,1554398
2016-10-10,752.9500122070312,758.0,750.0,755.4500122070312,1365905
2016-10-13,749.2000122070312,753.9000244140625,735.0999755859375,739.7000122070312,2996697
2016-10-14,740.9000244140625,747.0,737.4000244140625,745.5,1849542
2016-10-17,747.2999877929688,747.4000244140625,732.0,733.9500122070312,1510291
2016-10-18,735.9500122070312,745.2999877929688,735.5,743.5,1901132
2016-10-19,748.4000244140625,759.0,747.0499877929688,750.25,2267328
2016-10-20,754.75,755.9000244140625,742.9500122070312,745.5,1360596
2016-10-21,747.0,749.0,740.5499877929688,747.75,1807639
2016-10-24,749.9000244140625,753.7000122070312,745.25,747.1500244140625,1014731
2016-10-25,749.0999755859375,759.0,746.25,747.4000244140625,1924646
2016-10-26,749.0,749.0,736.0999755859375,738.7000122070312,1206610
2016-10-27,742.0,750.7000122070312,737.2000122070312,746.9000244140625,2686399
2016-10-28,747.0,752.0,741.9500122070312,743.4000244140625,1900094
2016-11-01,749.0,749.0,732.0999755859375,733.75,2566651
2016-11-02,732.7999877929688,732.7999877929688,713.0999755859375,714.0499877929688,3286334
2016-11-03,714.0,717.0,700.4000244140625,703.6500244140625,4374269
2016-11-04,679.9000244140625,679.9000244140625,647.0999755859375,651.5,17908933
2016-11-07,676.0,677.0,653.0,654.9000244140625,6663505
2016-11-08,660.0,663.0499877929688,632.2999877929688,635.4000244140625,9896681
2016-11-09,600.0,669.1500244140625,571.9000244140625,660.75,14963330
2016-11-10,680.0,693.5999755859375,664.0999755859375,666.2000122070312,9357587
2016-11-11,690.0,708.0,680.0,688.0,13184334
2016-11-15,697.9500122070312,705.5499877929688,674.6500244140625,682.4500122070312,5816519
2016-11-16,691.0,694.75,660.0,667.4000244140625,4722902
2016-11-17,668.75,681.3499755859375,660.0,669.25,3756250
2016-11-18,671.5,692.5,662.0499877929688,688.8499755859375,6150792
2016-11-21,692.0,697.0999755859375,676.0499877929688,690.3499755859375,5090705
2016-11-22,699.0,699.4000244140625,685.0,689.9000244140625,3359143
2016-11-23,696.0,704.9000244140625,691.0499877929688,701.2999877929688,4496512
2016-11-24,699.5,699.5,680.0,682.5,3783616
2016-11-25,689.5,717.0,685.0999755859375,714.1500244140625,4410579
2016-11-28,713.6500244140625,720.2000122070312,710.0499877929688,715.1500244140625,2607872
2016-11-29,719.9000244140625,721.5,702.0,706.5,3674024
2016-11-30,710.9000244140625,719.5,706.2999877929688,709.7999877929688,4359468
2016-12-01,709.7999877929688,724.5,707.0,721.5,2796906
2016-12-02,719.2999877929688,730.9500122070312,716.0999755859375,720.3499755859375,3163480
2016-12-05,722.0,725.0,710.3499755859375,713.0999755859375,2946490
2016-12-06,716.5499877929688,721.7000122070312,704.1500244140625,706.1500244140625,2939600
2016-12-07,700.0,700.0,660.0,664.0,12922300
2016-12-08,664.0,679.5999755859375,658.8499755859375,675.7000122070312,6865033
2016-12-09,678.0,682.7999877929688,671.25,673.0,3298719
2016-12-12,673.2000122070312,681.9000244140625,670.0,676.4000244140625,2155130
2016-12-13,676.0,685.7000122070312,666.5499877929688,684.3499755859375,4508196
2016-12-14,685.9500122070312,692.6500244140625,675.0,678.4000244140625,3202343
2016-12-15,672.7999877929688,673.5999755859375,645.0,649.9500122070312,9539189
2016-12-16,650.8499755859375,651.9000244140625,633.5999755859375,647.3499755859375,10780836
2016-12-19,644.0,644.0,630.0999755859375,632.25,4214766
2016-12-20,635.0,638.0,622.0999755859375,627.9000244140625,3984283
2016-12-21,632.0,633.9000244140625,613.0499877929688,614.4500122070312,7404147
2016-12-22,616.25,625.0,608.0,609.1500244140625,5479188
2016-12-23,614.0,629.5,611.2000122070312,623.5,6105681
2016-12-26,624.5499877929688,624.9000244140625,610.0,611.25,3005547
2016-12-27,614.0,622.2000122070312,612.5999755859375,621.0999755859375,2289086
2016-12-28,624.0,628.6500244140625,619.0499877929688,621.3499755859375,2516753
2016-12-29,621.5,624.9500122070312,611.8499755859375,614.7000122070312,4788982
2016-12-30,619.0,632.0,616.6500244140625,630.0,3523510
2017-01-02,633.0,640.3499755859375,627.0,634.0499877929688,2266225
2017-01-03,637.0,641.9500122070312,631.8499755859375,636.0999755859375,2821892
2017-01-04,638.0,643.7999877929688,634.7999877929688,637.3499755859375,2500456
2017-01-05,646.0999755859375,647.9000244140625,641.5,643.4500122070312,2589560
2017-01-06,648.0999755859375,649.75,639.4500122070312,640.75,1864378
2017-01-09,641.0999755859375,646.9000244140625,631.0,632.0499877929688,1827405
2017-01-10,635.0,639.9000244140625,627.0999755859375,638.5499877929688,2559697
2017-01-11,640.0,649.5499877929688,639.2999877929688,648.2000122070312,2784843
2017-01-12,629.0,646.9000244140625,629.0,644.75,6269913
2017-01-13,647.0,657.4000244140625,642.4500122070312,653.0,3524996
2017-01-16,651.0,654.9000244140625,642.2000122070312,643.5,1349694
2017-01-17,645.0,652.7000122070312,644.4500122070312,649.7000122070312,3016496
2017-01-18,649.0,654.0,644.5,649.9500122070312,4013631
2017-01-19,647.0,653.7000122070312,641.0999755859375,643.4500122070312,2089653
2017-01-20,642.8499755859375,647.4000244140625,640.0,641.5499877929688,3671360
2017-01-23,640.0,645.25,632.5,633.6500244140625,2955807
2017-01-24,636.0,644.5,636.0,641.4000244140625,2187797
2017-01-25,644.0,646.7000122070312,634.2000122070312,635.8499755859375,3068071
2017-01-27,638.2999877929688,643.0,633.7999877929688,640.5,2362371
2017-01-30,640.0499877929688,654.9000244140625,639.0,644.75,2406083
2017-01-31,644.5,649.0,630.0,631.5,1926978
2017-02-01,631.0,637.4500122070312,618.4000244140625,625.5499877929688,3507275
2017-02-02,626.2000122070312,644.7000122070312,620.0,641.4000244140625,3819377
2017-02-03,644.5,649.7999877929688,640.25,647.25,2048060
2017-02-06,650.0,677.2999877929688,645.0,675.1500244140625,5835962
2017-02-07,675.0,689.5499877929688,667.2000122070312,669.5999755859375,4274151
2017-02-08,668.6500244140625,677.0,659.2000122070312,662.2000122070312,2959209
2017-02-09,665.0,669.0,653.3499755859375,655.5,3295494
2017-02-10,655.5,662.0999755859375,650.0999755859375,655.0499877929688,2814314
2017-02-13,656.5,659.4500122070312,648.0,654.7000122070312,1885766
2017-02-14,659.0,662.8499755859375,640.9000244140625,649.2999877929688,3393607
2017-02-15,650.2000122070312,651.75,621.5,623.0499877929688,10352763
2017-02-16,624.0,652.0,623.4500122070312,649.2999877929688,6158072
2017-02-17,653.5,677.9500122070312,649.0999755859375,675.5,6165104
2017-02-20,678.0,686.4000244140625,672.5,679.6500244140625,4597889
2017-02-21,681.7000122070312,685.0,670.0999755859375,673.2000122070312,2972142
2017-02-22,674.0,675.4000244140625,662.75,670.3499755859375,2662258
2017-02-23,673.9000244140625,681.2999877929688,667.0499877929688,674.5499877929688,4522397
2017-02-27,674.0999755859375,685.5,671.0999755859375,674.4500122070312,3477074
2017-02-28,675.0,682.2999877929688,675.0,679.0,2711558
2017-03-01,681.0999755859375,697.4000244140625,679.0,694.6500244140625,4972108
2017-03-02,700.0,701.2999877929688,672.9000244140625,676.1500244140625,4783045
2017-03-03,672.0,688.4500122070312,671.0999755859375,686.4500122070312,2495214
2017-03-06,684.0,684.5,675.0999755859375,683.0,2858145
2017-03-07,683.5999755859375,684.8499755859375,675.25,679.6500244140625,2152337
2017-03-08,675.0,688.8499755859375,673.0,680.4000244140625,3480865
2017-03-09,680.3499755859375,686.0,676.0999755859375,685.1500244140625,2408830
2017-03-10,680.0499877929688,691.0999755859375,680.0,682.9500122070312,1987748
2017-03-14,693.5,729.0499877929688,677.0999755859375,708.2000122070312,9857280
2017-03-15,713.0,717.4500122070312,704.25,705.8499755859375,3046871
2017-03-16,711.0,719.5,707.0999755859375,710.7999877929688,3087300
2017-03-17,715.0,716.4000244140625,702.0,707.5,3067000
2017-03-20,709.0,711.0,704.5,706.5499877929688,1418664
2017-03-21,704.0,705.9000244140625,684.1500244140625,698.0499877929688,3691911
2017-03-22,694.0,703.0,690.8499755859375,701.4500122070312,2414239
2017-03-23,704.0,705.0,699.25,703.1500244140625,1294418
2017-03-24,703.5,709.6500244140625,700.2000122070312,703.9000244140625,1357525
2017-03-27,701.0,703.3499755859375,689.5,691.2000122070312,1859318
2017-03-28,694.7999877929688,702.5499877929688,693.7000122070312,698.5999755859375,1626424
2017-03-29,701.0,701.4000244140625,685.0,687.6500244140625,5152744
2017-03-30,689.7999877929688,694.0499877929688,685.2000122070312,687.0499877929688,2558208
2017-03-31,685.2000122070312,694.0499877929688,684.5999755859375,688.1500244140625,2898457
2017-04-03,688.75,693.7999877929688,685.0999755859375,692.4000244140625,1347390
2017-04-05,694.5,696.7000122070312,686.5,690.7000122070312,1977427
2017-04-06,692.9500122070312,692.9500122070312,683.1500244140625,686.9000244140625,2015425
2017-04-07,684.9000244140625,684.9000244140625,662.2000122070312,665.9500122070312,6076717
2017-04-10,667.0,669.9000244140625,661.2000122070312,667.75,2138613
2017-04-11,668.0499877929688,673.0,666.0999755859375,670.4000244140625,1344759
2017-04-12,672.75,689.5,663.4000244140625,683.25,2653626
2017-04-13,688.5,699.8499755859375,681.5,692.75,2918733
2017-04-17,682.0,683.0,670.2999877929688,677.0499877929688,2411262
2017-04-18,677.9500122070312,679.5,663.9500122070312,665.1500244140625,1734258
2017-04-19,668.9500122070312,676.0,661.4000244140625,663.3499755859375,2241129
2017-04-20,666.0,667.7000122070312,655.0499877929688,655.9500122070312,2071407
2017-04-21,659.4500122070312,659.4500122070312,636.5999755859375,639.5999755859375,6091210
2017-04-24,635.0,645.25,632.0499877929688,642.8499755859375,4428981
2017-04-25,645.25,649.0,639.9000244140625,642.5499877929688,1825996
2017-04-26,643.0,646.5,635.0999755859375,642.7999877929688,1915462
2017-04-27,645.0,646.0,632.75,637.0,2432744
2017-04-28,637.25,644.2000122070312,637.25,641.9500122070312,1903299
2017-05-02,642.4000244140625,644.25,627.5,632.7999877929688,2415773
2017-05-03,631.0,635.4500122070312,624.0,628.8499755859375,3807210
2017-05-04,628.0,637.2000122070312,623.5999755859375,631.5,3150744
2017-05-05,630.0,638.0,626.0,630.2000122070312,2538263
2017-05-08,630.9500122070312,639.7999877929688,626.7000122070312,637.1500244140625,1544639
2017-05-09,638.0,642.2999877929688,630.4500122070312,640.2999877929688,1589995
2017-05-10,642.0499877929688,646.5999755859375,637.3499755859375,642.7999877929688,1381364
2017-05-11,644.8499755859375,649.9000244140625,640.1500244140625,648.4500122070312,1674209
2017-05-12,650.0,656.7000122070312,643.8499755859375,655.0999755859375,1992719
2017-05-15,655.4000244140625,656.8499755859375,649.5,654.4500122070312,1224004
2017-05-16,655.0,656.5499877929688,648.0,652.3499755859375,2325051
2017-05-17,652.0999755859375,653.0,644.0999755859375,650.9000244140625,1920624
2017-05-18,648.7000122070312,655.25,643.4500122070312,653.9500122070312,2149513
2017-05-19,655.5,656.9500122070312,646.7000122070312,653.1500244140625,2223401
2017-05-22,654.0,654.0,636.2999877929688,640.1500244140625,3156574
2017-05-23,628.0,630.8499755859375,589.0999755859375,614.0999755859375,11623535
2017-05-24,615.9500122070312,616.2999877929688,599.5,603.5,3751856
2017-05-25,609.0499877929688,609.2999877929688,582.3499755859375,591.5499877929688,7237706
2017-05-26,590.5999755859375,597.8499755859375,564.0,567.6500244140625,10814562
2017-05-29,529.0,529.0,492.6499938964844,502.6000061035156,42138319
2017-05-30,502.0,510.54998779296875,502.0,508.0,10937265
2017-05-31,512.0,512.0499877929688,499.75,501.6000061035156,14794419
2017-06-01,502.1000061035156,523.9500122070312,502.1000061035156,507.45001220703125,14169918
2017-06-02,515.0,517.9500122070312,508.0,514.8499755859375,7715676
2017-06-05,520.0,522.0,511.6499938964844,512.7999877929688,5257958
2017-06-06,516.0,516.3499755859375,503.0,504.29998779296875,4813209
2017-06-07,508.8999938964844,515.75,504.79998779296875,511.54998779296875,4217463
2017-06-08,514.0,534.5999755859375,511.6000061035156,528.8499755859375,10616075
2017-06-09,530.0,533.8499755859375,521.7000122070312,524.7000122070312,4635649
2017-06-12,525.0,540.9000244140625,521.9000244140625,532.5499877929688,7634053
2017-06-13,551.1500244140625,552.0,536.2000122070312,537.2000122070312,9578458
2017-06-14,540.0,541.0,532.5999755859375,539.5499877929688,3182248
2017-06-15,540.75,549.3499755859375,536.8499755859375,544.0,4179924
2017-06-16,547.9000244140625,547.9500122070312,526.0,529.1500244140625,4986232
2017-06-19,533.0,533.9500122070312,521.5499877929688,524.8499755859375,4118410
2017-06-20,526.0999755859375,533.7999877929688,519.75,523.7999877929688,4464038
2017-06-21,528.0,535.0,523.2000122070312,528.0,4257922
2017-06-22,529.5,539.9500122070312,529.0,538.7000122070312,5201690
2017-06-23,538.0,545.5,537.0,543.7999877929688,3920128
2017-06-27,547.0,549.4000244140625,537.25,544.0499877929688,4675855
2017-06-28,543.7999877929688,548.1500244140625,538.0,545.4500122070312,5278948
2017-06-29,546.0,546.5,534.0999755859375,536.9000244140625,6060935
2017-06-30,538.7999877929688,560.9500122070312,538.0,555.7000122070312,6561625
2017-07-03,556.0,558.2000122070312,548.75,552.0,1580045
2017-07-04,556.0,556.7000122070312,545.7000122070312,552.4500122070312,1980453
2017-07-05,552.5499877929688,560.5999755859375,548.75,550.6500244140625,3121863
2017-07-06,550.8499755859375,552.5,543.4500122070312,545.5999755859375,4155333
2017-07-07,546.0,552.25,545.0,549.0,4482328
2017-07-10,557.75,570.0,557.75,563.7000122070312,1025468
2017-07-11,565.0,571.9000244140625,562.0999755859375,563.7999877929688,2824262
2017-07-12,566.0,567.0,560.0,562.4000244140625,1383094
2017-07-13,560.0499877929688,571.5999755859375,560.0499877929688,569.2999877929688,4364882
2017-07-14,568.9000244140625,578.9500122070312,568.5,572.5499877929688,3111057
2017-07-17,575.0,577.75,567.5,571.4500122070312,1878995
2017-07-18,569.9000244140625,583.0,569.0,578.25,1868904
2017-07-19,584.0,590.25,583.0,589.1500244140625,1772229
2017-07-20,591.5,591.5,580.0,582.0499877929688,1054118
2017-07-21,582.7000122070312,586.4000244140625,575.0,575.9500122070312,2584036
2017-07-24,577.0,577.9000244140625,569.3499755859375,570.7999877929688,1496356
2017-07-25,571.0499877929688,573.3499755859375,563.5,565.9000244140625,2272849
2017-07-26,568.5,580.2999877929688,566.5,579.5,1896905
2017-07-27,580.0,582.2000122070312,567.5,572.0999755859375,5119717
2017-07-28,569.0,569.8499755859375,549.0,550.7999877929688,4094196
2017-07-31,553.0,553.7000122070312,528.9000244140625,531.6500244140625,5404990
2017-08-01,531.6500244140625,541.9000244140625,530.0499877929688,533.7999877929688,3699349
2017-08-02,537.0,537.2999877929688,521.75,523.5499877929688,3483902
2017-08-03,527.0,530.0,514.0,515.8499755859375,4531774
2017-08-04,513.7000122070312,513.7999877929688,492.6499938964844,506.3999938964844,7344699
2017-08-07,508.8999938964844,513.1500244140625,504.25,505.54998779296875,2279879
2017-08-08,509.0,509.0,498.0,500.3500061035156,3042569
2017-08-09,488.5,493.5,471.3500061035156,474.3500061035156,11025555
2017-08-10,470.5,485.45001220703125,451.04998779296875,460.79998779296875,10149400
2017-08-11,458.0,462.95001220703125,444.6000061035156,450.0,7851424
2017-08-14,433.0,476.95001220703125,432.70001220703125,471.79998779296875,20846332
2017-08-16,478.0,486.70001220703125,467.70001220703125,485.70001220703125,7588306
2017-08-17,485.70001220703125,490.3999938964844,480.54998779296875,488.25,4484873
2017-08-18,485.0,485.0,467.20001220703125,470.1499938964844,4513543
2017-08-21,475.3999938964844,475.3999938964844,459.3999938964844,460.54998779296875,4215469
2017-08-22,464.0,472.5,461.79998779296875,470.45001220703125,3797497
2017-08-23,473.95001220703125,475.95001220703125,467.6000061035156,469.20001220703125,3682870
2017-08-24,471.8999938964844,488.45001220703125,469.5,483.0,5680084
2017-08-28,488.79998779296875,499.8999938964844,483.25,493.20001220703125,6388051
2017-08-29,491.95001220703125,491.95001220703125,479.6499938964844,481.79998779296875,2605383
2017-08-30,484.0,488.95001220703125,481.45001220703125,484.25,2523480
2017-08-31,487.1499938964844,487.3500061035156,476.6499938964844,481.1499938964844,4398132
2017-09-01,481.0,492.0,480.79998779296875,486.20001220703125,3998817
2017-09-04,484.0,509.70001220703125,478.1499938964844,500.70001220703125,4489406
2017-09-05,503.0,504.54998779296875,490.1000061035156,491.8500061035156,5266455
2017-09-06,486.95001220703125,486.95001220703125,473.0,474.25,7344173
2017-09-07,477.0,483.5,474.25,480.45001220703125,2916205
2017-09-08,478.95001220703125,484.29998779296875,467.25,471.3500061035156,3557040
2017-09-11,474.5,476.3999938964844,466.20001220703125,467.45001220703125,3437220
2017-09-12,475.0,485.54998779296875,470.5,483.3999938964844,5892218
2017-09-13,484.0,510.5,479.8999938964844,503.3500061035156,11440036
2017-09-14,520.0,527.1500244140625,513.5999755859375,524.6500244140625,10997664
2017-09-15,518.2000122070312,527.9500122070312,514.0999755859375,524.2999877929688,7483452
2017-09-18,525.0,527.0,511.0,521.0499877929688,3689242
2017-09-19,523.7999877929688,529.4000244140625,511.6000061035156,515.7999877929688,4355599
2017-09-20,518.7999877929688,519.4000244140625,503.6000061035156,505.5,5024973
2017-09-21,508.5,525.0,505.0,519.6500244140625,10217874
2017-09-22,518.9500122070312,528.5,508.70001220703125,513.8499755859375,7990848
2017-09-25,512.0,514.5499877929688,501.5,505.95001220703125,4345197
2017-09-26,506.0,515.0,505.1499938964844,507.6000061035156,3615167
2017-09-27,503.95001220703125,503.95001220703125,489.5,494.70001220703125,7594880
2017-09-28,494.70001220703125,507.0,493.5,499.20001220703125,5557091
2017-09-29,500.25,506.0,498.25,503.25,3478824
2017-10-03,509.0,509.6000061035156,500.1499938964844,502.6499938964844,2880625
2017-10-04,504.1000061035156,522.0,502.0,517.9000244140625,6203591
2017-10-05,519.0,525.0,512.0,513.7999877929688,3576059
2017-10-06,518.0,533.0,515.7999877929688,530.2000122070312,6323391
2017-10-09,527.7999877929688,536.9500122070312,521.5999755859375,531.4000244140625,5049020
2017-10-10,531.9000244140625,535.0,526.0999755859375,527.2000122070312,2244596
2017-10-11,530.7999877929688,533.1500244140625,521.1500244140625,526.0499877929688,4031497
2017-10-12,543.0,545.0,532.0,539.5499877929688,8970339
2017-10-13,541.25,543.0999755859375,533.0,534.7000122070312,3819414
2017-10-16,538.4000244140625,549.9000244140625,533.7999877929688,547.9500122070312,5322443
2017-10-17,546.9000244140625,554.0,544.5499877929688,547.2000122070312,4477156
2017-10-18,549.3499755859375,549.4000244140625,538.8499755859375,540.2000122070312,3499930
2017-10-19,540.2000122070312,543.0,532.0,535.75,434929
2017-10-23,536.0499877929688,543.5,533.2999877929688,540.4000244140625,2878772
2017-10-24,537.5,539.0,533.5,534.5499877929688,1940555
2017-10-25,534.9000244140625,539.0,522.25,523.25,2055745
2017-10-26,525.4000244140625,538.9000244140625,519.0,530.1500244140625,3566575
2017-10-27,532.5,557.9000244140625,532.5,549.9000244140625,8848376
2017-10-30,552.0999755859375,557.2999877929688,544.0999755859375,553.0999755859375,5360570
2017-10-31,553.0,558.7000122070312,545.9000244140625,552.9000244140625,2907328
2017-11-01,553.0499877929688,555.9000244140625,546.4000244140625,548.7000122070312,3304676
2017-11-02,548.0,572.2999877929688,547.6500244140625,563.4500122070312,8413439
2017-11-03,565.0,567.7999877929688,550.2000122070312,551.25,3595527
2017-11-06,553.0,555.9000244140625,539.2999877929688,541.2000122070312,3987042
2017-11-07,545.0,549.7999877929688,513.25,527.5999755859375,8930638
2017-11-08,533.0,545.4000244140625,532.4000244140625,537.7999877929688,4530173
2017-11-09,555.0,555.0,527.0499877929688,533.9000244140625,4591954
2017-11-10,530.0,534.2000122070312,523.75,527.8499755859375,3187021
2017-11-13,526.7999877929688,541.5999755859375,519.0999755859375,532.5499877929688,5498679
2017-11-14,533.4000244140625,537.9000244140625,517.0999755859375,526.0499877929688,5853721
2017-11-15,516.0,520.0,501.1000061035156,504.6499938964844,8629268
2017-11-16,505.0,510.79998779296875,498.20001220703125,508.54998779296875,5351102
2017-11-17,510.20001220703125,522.1500244140625,510.04998779296875,517.0999755859375,3515919
2017-11-20,520.0,521.8499755859375,514.2999877929688,517.1500244140625,1977341
2017-11-21,518.0,541.5,514.5499877929688,538.0499877929688,7852414
2017-11-22,539.75,544.6500244140625,530.1500244140625,535.25,4294740
2017-11-23,535.0,547.5,531.8499755859375,544.75,3972361
2017-11-24,545.75,551.0,541.7000122070312,549.5,4099139
2017-11-27,541.0999755859375,553.9000244140625,538.25,551.5499877929688,3833249
2017-11-28,551.0,556.3499755859375,541.0999755859375,543.1500244140625,2493500
2017-11-29,543.0,549.6500244140625,541.5,547.0999755859375,2174433
2017-11-30,547.0499877929688,554.9500122070312,537.7000122070312,539.9500122070312,5950729
2017-12-01,544.0,545.4500122070312,522.25,525.9500122070312,3164938
2017-12-04,529.7999877929688,529.7999877929688,516.5,520.75,3306680
2017-12-05,518.5499877929688,528.0,517.6500244140625,523.1500244140625,3479216
2017-12-06,525.7999877929688,526.5,510.1000061035156,511.3500061035156,3859141
2017-12-07,510.0,515.5499877929688,506.0,510.3500061035156,4470510
2017-12-08,513.5,524.0,511.0,521.8499755859375,3394236
2017-12-11,525.0,531.0,521.8499755859375,529.5999755859375,2581923
2017-12-12,532.0,533.75,519.2999877929688,520.8499755859375,2669035
2017-12-13,521.0,526.2999877929688,515.5,516.8499755859375,2072867
2017-12-14,518.2000122070312,519.5999755859375,511.20001220703125,514.4000244140625,2301593
2017-12-15,518.5,524.0,515.9000244140625,518.3499755859375,3053990
2017-12-18,517.0,533.7000122070312,499.5,529.7999877929688,4063126
2017-12-19,533.0,535.3499755859375,525.1500244140625,527.5,3216333
2017-12-20,528.7999877929688,532.5,525.7000122070312,527.25,2558514
2017-12-21,532.0,538.7000122070312,525.7999877929688,528.2000122070312,5492286
2017-12-22,528.2000122070312,533.5,526.0499877929688,530.9500122070312,2982469
2017-12-26,530.2000122070312,544.4000244140625,529.0,541.2999877929688,4858794
2017-12-27,543.7999877929688,581.7000122070312,543.0499877929688,576.2999877929688,23356359
2017-12-28,580.25,585.5999755859375,566.3499755859375,568.4000244140625,11062915
2017-12-29,572.7000122070312,579.0,568.2000122070312,571.1500244140625,5197225
2018-01-01,571.5,585.4000244140625,571.25,574.0499877929688,5314142
2018-01-02,577.0,582.0,567.2000122070312,572.1500244140625,3839130
2018-01-03,575.0,578.9500122070312,567.0,569.0499877929688,2182632
2018-01-04,572.0,583.9500122070312,560.0999755859375,581.2000122070312,6246746
2018-01-05,585.0,587.3499755859375,575.2999877929688,578.75,4600683
2018-01-08,588.0,604.5999755859375,586.1500244140625,591.5999755859375,10475190
2018-01-09,597.0,598.0,584.3499755859375,586.5,4025566
2018-01-10,590.7999877929688,594.0,581.4000244140625,585.0999755859375,2929462
2018-01-11,585.75,598.5,580.5,587.9500122070312,5930449
2018-01-12,590.0,591.4500122070312,579.5999755859375,583.4500122070312,2842683
2018-01-15,586.7999877929688,586.7999877929688,574.5,576.4500122070312,4456611
2018-01-16,577.3499755859375,583.9500122070312,572.1500244140625,577.7000122070312,4868363
2018-01-17,583.0,585.9000244140625,576.7000122070312,583.75,4812606
2018-01-18,586.0,589.4500122070312,574.2999877929688,576.7000122070312,3679687
2018-01-19,580.0,580.6500244140625,567.5999755859375,572.0999755859375,4693971
2018-01-22,573.0,578.9000244140625,568.8499755859375,576.1500244140625,3072409
2018-01-23,579.0,585.8499755859375,575.5,579.3499755859375,4790590
2018-01-24,577.0,596.5,575.0999755859375,586.5499877929688,7168397
2018-01-25,591.0,596.0,578.0,579.8499755859375,4213982
2018-01-29,581.0499877929688,594.2000122070312,578.3499755859375,587.9500122070312,6006564
2018-01-30,585.7000122070312,594.75,580.0499877929688,591.9500122070312,3542190
2018-01-31,590.0,594.9000244140625,575.0499877929688,579.9000244140625,4781423
2018-02-01,580.0,580.0,549.5499877929688,554.2999877929688,8789899
2018-02-02,552.0,567.3499755859375,544.6500244140625,551.2000122070312,10873325
2018-02-05,538.7999877929688,560.4500122070312,533.5499877929688,557.4500122070312,4734366
2018-02-06,537.0,554.5,531.2000122070312,551.7999877929688,6325143
2018-02-07,556.0,557.4500122070312,542.5999755859375,549.5,5110233
2018-02-08,540.0499877929688,587.0,533.7999877929688,584.0999755859375,13707589
2018-02-09,570.0999755859375,586.0,570.0999755859375,582.7000122070312,3796079
2018-02-12,586.0,608.9500122070312,585.0,589.1500244140625,10261511
2018-02-14,590.9500122070312,591.7999877929688,571.2000122070312,574.7999877929688,6630066
2018-02-15,565.4000244140625,584.9500122070312,565.4000244140625,575.75,10715444
2018-02-16,575.4000244140625,577.5499877929688,563.3499755859375,575.25,6640151
2018-02-19,575.0,577.25,553.5499877929688,561.4000244140625,3518880
2018-02-20,564.6500244140625,566.6500244140625,557.0,559.5,2481944
2018-02-21,560.0499877929688,563.0,511.29998779296875,525.75,21898950
2018-02-22,527.5,547.0,524.0,541.4500122070312,12473655
2018-02-23,550.0,575.25,546.0,569.6500244140625,30844893
2018-02-26,570.0,571.9000244140625,553.3499755859375,555.9500122070312,8083731
2018-02-27,555.9500122070312,563.4500122070312,542.0499877929688,544.7999877929688,6920945
2018-02-28,543.0,552.3499755859375,532.6500244140625,535.3499755859375,8366660
2018-03-01,537.9500122070312,541.5,533.25,535.4000244140625,4264631
2018-03-05,535.0999755859375,552.7000122070312,527.0499877929688,548.5499877929688,7343286
2018-03-06,561.0,563.0,530.0,531.75,9825945
2018-03-07,532.0,534.1500244140625,520.0999755859375,524.8499755859375,6282066
2018-03-08,529.7000122070312,530.5,509.5,514.5999755859375,9316674
2018-03-09,514.0,519.9000244140625,505.0,506.79998779296875,4996423
2018-03-12,511.0,516.0,506.54998779296875,512.6500244140625,4632925
2018-03-13,512.6500244140625,525.5,512.6500244140625,523.2999877929688,4795084
2018-03-14,523.2999877929688,523.2999877929688,516.0999755859375,520.0999755859375,2469628
2018-03-15,520.0,529.0,514.75,516.4500122070312,3013808
2018-03-16,512.0499877929688,522.0,501.29998779296875,503.04998779296875,8924919
2018-03-19,506.79998779296875,508.54998779296875,496.0,497.6499938964844,5580228
2018-03-20,496.75,511.0,493.75,508.75,4615574
2018-03-21,513.9500122070312,515.5999755859375,502.54998779296875,504.5,3986735
2018-03-22,520.0,521.0,505.1000061035156,508.3999938964844,8691889
2018-03-23,501.79998779296875,506.75,497.54998779296875,502.3999938964844,5098042
2018-03-26,502.3999938964844,506.8999938964844,496.1000061035156,503.20001220703125,4203954
2018-03-27,506.0,512.25,503.20001220703125,505.1000061035156,4458072
2018-03-28,504.0,504.70001220703125,492.0,495.1000061035156,6856832
2018-04-02,500.8999938964844,510.0,496.04998779296875,507.8500061035156,2924481
2018-04-03,506.0,512.2000122070312,504.5,510.0,2709038
2018-04-04,514.9500122070312,514.9500122070312,501.0,502.25,3120925
2018-04-05,506.0,513.0,505.1000061035156,507.54998779296875,2409577
2018-04-06,508.0,515.2999877929688,507.0,512.5999755859375,2772128
2018-04-09,512.0,517.75,507.3500061035156,510.8500061035156,2395291
2018-04-10,512.4000244140625,515.9000244140625,507.5,508.25,2645876
2018-04-11,511.0,522.9000244140625,510.29998779296875,521.4500122070312,5693850
2018-04-12,521.5,521.5,509.6000061035156,515.9000244140625,3619891
2018-04-13,514.5999755859375,519.7999877929688,510.29998779296875,513.0,2130074
2018-04-16,513.0,521.0,511.5,519.4000244140625,2687330
2018-04-17,521.9000244140625,521.9000244140625,510.5,512.1500244140625,3104869
2018-04-18,514.3499755859375,517.4000244140625,510.6499938964844,512.0,2412444
2018-04-19,515.0,515.0,506.3500061035156,509.20001220703125,1936774
2018-04-20,509.0,509.0,502.0,505.29998779296875,4431085
2018-04-23,505.0,515.5,505.0,514.25,2424057
2018-04-24,515.9000244140625,523.5,512.5,517.7999877929688,3432552
2018-04-25,514.5,521.4500122070312,511.20001220703125,514.0499877929688,2112975
2018-04-26,514.0,522.7000122070312,511.29998779296875,512.5999755859375,3304748
2018-04-27,517.5,526.4000244140625,515.25,524.1500244140625,3998704
2018-04-30,528.0,530.9500122070312,525.0999755859375,528.4000244140625,1689385
2018-05-02,530.0,530.75,510.45001220703125,515.2000122070312,5805988
2018-05-03,517.0,539.2999877929688,511.6499938964844,536.0,7457111
2018-05-04,530.0,533.0,516.4000244140625,517.9500122070312,5429919
2018-05-07,518.0,520.0,506.5,513.7000122070312,3837196
2018-05-08,514.0,519.25,508.6000061035156,511.45001220703125,2519096
2018-05-09,511.45001220703125,514.7999877929688,505.20001220703125,506.1499938964844,2477607
2018-05-10,508.0,509.25,495.29998779296875,497.20001220703125,4218689
2018-05-11,494.0,496.1499938964844,467.75,472.04998779296875,9906203
2018-05-14,473.0,487.79998779296875,472.0,473.79998779296875,6746471
2018-05-15,474.0,480.0,459.0,468.6499938964844,5493167
2018-05-16,466.0,473.0,462.5,471.70001220703125,4675165
2018-05-17,473.0,486.0,468.3500061035156,479.8500061035156,5939278
2018-05-18,488.95001220703125,488.95001220703125,462.8500061035156,464.8999938964844,8722402
2018-05-21,464.20001220703125,465.0,440.29998779296875,443.75,5809871
2018-05-22,444.8500061035156,456.0,435.0,453.0,4466739
2018-05-23,454.0,461.5,449.45001220703125,452.25,4549341
2018-05-24,454.8999938964844,469.70001220703125,451.45001220703125,462.8500061035156,6237036
2018-05-25,465.5,469.3999938964844,456.0,466.45001220703125,4971624
2018-05-28,485.0,504.95001220703125,480.0,499.70001220703125,16007675
2018-05-29,496.6000061035156,509.95001220703125,490.04998779296875,499.5,8258927
2018-05-30,494.8999938964844,503.70001220703125,492.3500061035156,494.54998779296875,3851368
2018-05-31,494.8999938964844,496.0,472.8999938964844,480.3500061035156,18790216
2018-06-01,485.0,489.54998779296875,479.1000061035156,484.3500061035156,3793797
2018-06-04,486.0,490.79998779296875,476.79998779296875,478.6000061035156,2995860
2018-06-05,476.1499938964844,483.25,470.1499938964844,473.5,3076737
2018-06-06,476.8999938964844,492.20001220703125,473.1000061035156,489.8500061035156,4126448
2018-06-07,490.6499938964844,493.8999938964844,485.54998779296875,488.75,2197858
2018-06-08,487.0,533.6500244140625,486.25,528.25,29224236
2018-06-11,530.0,544.0,526.1500244140625,535.7000122070312,16452353
2018-06-12,535.7000122070312,544.9500122070312,531.3499755859375,540.4500122070312,8140874
2018-06-13,552.2000122070312,560.9500122070312,542.3499755859375,546.2999877929688,20167822
2018-06-14,546.0,562.0,542.0,559.25,12154425
2018-06-15,562.0,573.8499755859375,561.0,571.2999877929688,15166730
2018-06-18,572.0,578.2999877929688,563.9000244140625,570.0999755859375,6090932
2018-06-19,570.0,576.5,558.3499755859375,559.9500122070312,6719183
2018-06-20,559.0,565.7000122070312,553.0999755859375,564.0999755859375,4435880
2018-06-21,565.0,567.4500122070312,552.5999755859375,554.5,3243433
2018-06-22,553.0,581.7999877929688,547.6500244140625,577.25,9935404
2018-06-25,576.9000244140625,592.0,567.9500122070312,571.7999877929688,14303449
2018-06-26,571.3499755859375,576.5,565.7999877929688,572.9500122070312,4726890
2018-06-27,577.0,581.7000122070312,568.5,576.9000244140625,8539318
2018-06-28,577.75,583.2000122070312,564.2000122070312,567.2999877929688,5516028
2018-06-29,569.0,571.9000244140625,560.1500244140625,564.0,4416940
2018-07-02,566.2999877929688,572.8499755859375,558.5,563.1500244140625,4132132
2018-07-03,564.7999877929688,576.7999877929688,560.7000122070312,573.5999755859375,5950013
2018-07-04,576.0,588.8499755859375,573.0499877929688,579.2999877929688,9406196
2018-07-05,581.0,581.0,564.9000244140625,566.9500122070312,3833300
2018-07-06,567.4000244140625,573.25,555.0,558.0999755859375,5609846
2018-07-09,560.5999755859375,572.5999755859375,560.5999755859375,568.7999877929688,4117856
2018-07-10,569.0,572.0,558.0,563.9500122070312,4594276
2018-07-11,564.9500122070312,569.7000122070312,559.5999755859375,560.75,3519985
2018-07-12,563.0,570.7000122070312,558.0,564.4500122070312,3736611
2018-07-13,566.7999877929688,567.0,557.0499877929688,559.75,2012823
2018-07-16,559.5,560.0,530.7000122070312,533.9500122070312,4267330
2018-07-17,535.0,551.75,533.0,548.6500244140625,3699579
2018-07-18,554.9500122070312,559.2000122070312,542.8499755859375,549.9000244140625,5720388
2018-07-19,552.4000244140625,553.7999877929688,542.25,544.9500122070312,2767826
2018-07-20,545.0,563.0,545.0,560.0999755859375,2702091
2018-07-23,562.7000122070312,567.0,557.5,561.75,2459719
2018-07-24,562.0999755859375,568.5,559.0499877929688,562.7000122070312,2480730
2018-07-25,566.4000244140625,567.3499755859375,555.5,558.1500244140625,2161490
2018-07-26,553.9500122070312,563.7999877929688,551.5,555.4000244140625,3113443
2018-07-27,555.9000244140625,561.0,553.25,557.0499877929688,2638153
2018-07-30,555.2999877929688,566.75,551.9500122070312,562.7000122070312,3441224
2018-07-31,562.5,575.75,560.1500244140625,568.5,5998010
2018-08-01,570.0,576.7999877929688,563.7999877929688,574.6500244140625,3672172
2018-08-02,575.9000244140625,587.5499877929688,575.2999877929688,580.4000244140625,5898107
2018-08-03,583.9000244140625,589.4000244140625,583.8499755859375,585.8499755859375,3298774
2018-08-06,586.5,593.4000244140625,575.0999755859375,576.1500244140625,3867267
2018-08-07,580.4500122070312,582.5,568.25,569.7000122070312,3076068
2018-08-08,570.0,578.3499755859375,564.2999877929688,574.0,2970652
2018-08-09,575.2000122070312,584.9000244140625,563.0499877929688,571.4500122070312,4595269
2018-08-10,566.0999755859375,569.7000122070312,548.8499755859375,554.0,6086714
2018-08-13,556.9000244140625,567.5,552.5999755859375,563.9000244140625,3254839
2018-08-14,565.5,610.0,560.0999755859375,601.7999877929688,25001972
2018-08-16,610.0,621.7000122070312,602.2000122070312,619.7000122070312,25169096
2018-08-17,623.0,633.4000244140625,619.0,623.5,14161255
2018-08-20,625.0,630.9500122070312,620.25,626.3499755859375,9494515
2018-08-21,626.9000244140625,639.4500122070312,620.5,635.4000244140625,7752348
2018-08-23,639.9000244140625,645.5,634.2999877929688,639.6500244140625,8942755
2018-08-24,638.25,639.7999877929688,618.7000122070312,629.7999877929688,7909136
2018-08-27,632.2999877929688,636.5999755859375,620.6500244140625,621.7999877929688,8253456
2018-08-28,625.0,633.4500122070312,619.0999755859375,621.2000122070312,4181613
2018-08-29,623.9000244140625,631.0,616.7999877929688,621.25,4435825
2018-08-30,623.5,642.0,622.1500244140625,639.9500122070312,9022572
2018-08-31,643.4500122070312,659.4000244140625,643.2999877929688,652.8499755859375,12972927
2018-09-03,658.7999877929688,673.5,651.25,656.2000122070312,12185947
2018-09-04,658.0,663.4500122070312,645.1500244140625,655.3499755859375,7989190
2018-09-05,654.0999755859375,671.7999877929688,653.75,663.75,9140409
2018-09-06,668.0,679.2999877929688,663.25,677.4000244140625,7815292
2018-09-07,650.0,670.0,640.0,664.25,22074525
2018-09-10,656.5,667.25,635.3499755859375,638.0,9930755
2018-09-11,643.0,649.4000244140625,627.5499877929688,630.4000244140625,8273963
2018-09-12,625.0,654.4000244140625,620.0999755859375,649.9000244140625,11215125
2018-09-14,665.0,670.9000244140625,658.0,665.25,7444874
2018-09-17,661.0,668.25,644.2000122070312,646.2000122070312,6264996
2018-09-18,646.4000244140625,655.7000122070312,640.5,642.5,5780144
2018-09-19,651.9500122070312,657.25,641.5999755859375,648.8499755859375,7659788
2018-09-21,650.0,655.0,614.5,634.9000244140625,9635852
2018-09-24,638.0,642.9500122070312,616.0,624.0,5305739
2018-09-25,624.0999755859375,645.0,624.0499877929688,641.0999755859375,7213759
2018-09-26,649.7999877929688,649.7999877929688,632.5499877929688,639.8499755859375,4850782
2018-09-27,641.7000122070312,643.9500122070312,625.2000122070312,631.25,4070395
2018-09-28,630.0,636.3499755859375,616.0999755859375,623.25,6693066
2018-10-01,624.0,639.0,610.0,634.7000122070312,5527208
2018-10-03,636.5,640.75,618.5,620.8499755859375,4723773
2018-10-04,618.0,620.75,590.8499755859375,599.0499877929688,4851894
2018-10-05,595.0,616.3499755859375,591.0499877929688,597.9500122070312,6804502
2018-10-08,592.0,608.75,589.0999755859375,604.25,4400199
2018-10-09,608.0,617.2999877929688,597.5999755859375,609.75,4516779
2018-10-10,610.0,619.5,593.0,602.9500122070312,5566798
2018-10-11,590.0,603.25,582.7000122070312,586.7000122070312,4591533
2018-10-12,591.0999755859375,597.75,582.6500244140625,590.5999755859375,5795641
2018-10-15,593.7000122070312,603.4500122070312,586.6500244140625,599.9500122070312,3422475
2018-10-16,601.9500122070312,612.0,592.8499755859375,602.7000122070312,3557343
2018-10-17,609.4000244140625,609.4000244140625,591.0,593.4500122070312,2629035
2018-10-19,591.9000244140625,611.5,590.0999755859375,609.9500122070312,4841857
2018-10-22,610.7000122070312,616.7999877929688,603.4500122070312,606.9000244140625,4362446
2018-10-23,605.0,605.5999755859375,572.75,575.8499755859375,4538253
2018-10-24,583.0,584.0,561.4500122070312,570.7000122070312,5820242
2018-10-25,565.25,572.4500122070312,552.0999755859375,558.75,6105402
2018-10-26,558.75,561.5,550.0,554.0499877929688,4002009
2018-10-29,554.5,577.5999755859375,554.4500122070312,573.5999755859375,3640433
2018-10-30,571.9000244140625,575.9000244140625,559.6500244140625,562.0499877929688,2783468
2018-10-31,562.5499877929688,582.0,560.4500122070312,580.25,5896444
2018-11-01,581.25,584.5,568.0,571.8499755859375,2779373
2018-11-02,574.0,579.75,568.2999877929688,571.8499755859375,2688591
2018-11-05,571.0,583.9500122070312,564.25,571.5999755859375,2962317
2018-11-06,576.0499877929688,585.9000244140625,575.0,579.3499755859375,3500726
2018-11-07,583.0,583.5999755859375,580.0,582.2999877929688,298414
2018-11-09,587.7000122070312,604.7999877929688,583.0999755859375,597.4500122070312,6848765
2018-11-12,600.4000244140625,601.0,587.0,589.5,4284490
2018-11-13,589.5,592.9000244140625,556.25,561.75,9176639
2018-11-14,557.2000122070312,558.7999877929688,516.0,520.0999755859375,25499010
2018-11-15,522.0,528.0,508.1000061035156,515.0999755859375,11390206
2018-11-16,518.4000244140625,525.5499877929688,513.4000244140625,519.75,5732203
2018-11-19,525.0,533.0,519.7000122070312,531.5499877929688,5239761
2018-11-20,530.0,532.5999755859375,521.2999877929688,525.4500122070312,3084743
2018-11-21,525.5,536.2999877929688,525.5,532.8499755859375,4029454
2018-11-22,532.5,532.5,524.75,525.9500122070312,2263069
2018-11-26,527.0,528.1500244140625,506.3999938964844,510.75,5189359
2018-11-27,518.9000244140625,519.3499755859375,474.5,493.8500061035156,39588964
2018-11-28,489.0,502.3999938964844,481.5,486.0,11393583
2018-11-29,489.0,491.45001220703125,478.70001220703125,484.3999938964844,7391256
2018-11-30,486.95001220703125,493.95001220703125,481.75,492.6000061035156,6544665
2018-12-03,450.0,461.0,441.1499938964844,455.3999938964844,61492013
2018-12-04,457.75,464.70001220703125,441.54998779296875,442.8999938964844,36233775
2018-12-05,443.0,445.25,401.5,412.95001220703125,48891969
2018-12-06,416.0,431.5,413.0,420.1499938964844,56087131
2018-12-07,425.0,426.0,408.1499938964844,411.25,23905860
2018-12-10,405.0,409.25,397.04998779296875,399.0,24690744
2018-12-11,390.6000061035156,424.79998779296875,390.6000061035156,422.29998779296875,24688467
2018-12-12,426.70001220703125,433.70001220703125,423.1000061035156,431.45001220703125,16244450
2018-12-13,422.0,429.29998779296875,418.0,422.1000061035156,16853821
2018-12-14,421.95001220703125,426.0,417.1000061035156,420.6499938964844,8144364
2018-12-17,421.79998779296875,425.3999938964844,420.0,420.95001220703125,6151952
2018-12-18,421.0,434.8999938964844,418.8500061035156,433.45001220703125,14402058
2018-12-19,433.45001220703125,434.3999938964844,422.79998779296875,423.79998779296875,7882841
2018-12-20,422.0,431.0,421.6000061035156,429.04998779296875,6156074
2018-12-21,429.5,433.0,423.0,425.29998779296875,7315242
2018-12-24,427.04998779296875,434.0,422.29998779296875,424.3500061035156,7052582
2018-12-26,423.45001220703125,423.45001220703125,410.0,413.6499938964844,8406699
2018-12-27,423.0,423.29998779296875,410.0,411.1499938964844,12839897
2018-12-28,415.0,428.70001220703125,413.5,425.20001220703125,12805576
2018-12-31,428.1000061035156,432.29998779296875,425.5,430.5,6368707
2019-01-01,432.5,438.79998779296875,429.6499938964844,433.54998779296875,8487116
2019-01-02,430.5,441.20001220703125,429.25,440.04998779296875,9656878
2019-01-03,442.04998779296875,443.6000061035156,434.0,436.1000061035156,9479511
2019-01-04,439.1000061035156,439.8999938964844,432.20001220703125,433.79998779296875,6228693
2019-01-07,437.1000061035156,438.0,429.29998779296875,430.79998779296875,4118235
2019-01-08,433.79998779296875,449.0,432.3500061035156,448.04998779296875,12368631
2019-01-09,450.5,453.6499938964844,443.70001220703125,448.75,9034282
2019-01-10,445.1000061035156,448.0,440.45001220703125,444.6000061035156,3672333
2019-01-11,445.04998779296875,449.75,441.6000061035156,444.3999938964844,3778103
2019-01-14,447.0,452.0,443.75,450.8500061035156,5784064
2019-01-15,453.25,454.5,449.5,452.45001220703125,4291873
2019-01-16,451.3999938964844,457.3999938964844,447.1499938964844,453.79998779296875,5879148
2019-01-17,455.0,455.3999938964844,422.5,426.54998779296875,8343750
2019-01-18,424.04998779296875,424.1000061035156,370.20001220703125,390.75,82906214
2019-01-21,390.1000061035156,406.54998779296875,390.04998779296875,398.29998779296875,48936782
2019-01-22,411.0,423.5,409.3999938964844,418.95001220703125,38255365
2019-01-23,417.70001220703125,434.3999938964844,411.6499938964844,431.0,26921274
2019-01-24,431.0,438.0,417.1000061035156,423.0,18446490
2019-01-25,425.3999938964844,429.75,419.3500061035156,422.3999938964844,8720973
2019-01-28,424.0,424.75,410.1499938964844,411.75,5809082
2019-01-29,410.5,424.75,406.25,422.3999938964844,7472930
2019-01-30,424.0,426.0,416.20001220703125,417.95001220703125,4351530
2019-01-31,419.0,431.3500061035156,413.70001220703125,423.45001220703125,16672076
2019-02-01,421.20001220703125,428.0,417.0,423.25,3950126
2019-02-04,422.29998779296875,423.0,409.20001220703125,414.79998779296875,3679517
2019-02-05,414.79998779296875,418.5,406.54998779296875,409.8999938964844,3523707
2019-02-06,410.0,419.0,403.29998779296875,416.6000061035156,5638849
2019-02-07,423.0,445.79998779296875,421.1000061035156,434.8999938964844,18187249
2019-02-08,434.0,435.8999938964844,424.5,431.04998779296875,6133747
2019-02-11,432.25,433.6000061035156,420.8500061035156,428.54998779296875,4945054
2019-02-12,427.20001220703125,444.0,424.04998779296875,436.6000061035156,8559968
2019-02-14,432.0,444.8999938964844,428.6499938964844,440.8999938964844,9040227
2019-02-15,440.75,440.75,416.45001220703125,422.8999938964844,10206627
2019-02-18,424.5,428.0,413.29998779296875,414.6499938964844,6210412
2019-02-19,417.1499938964844,422.3999938964844,412.3500061035156,413.6499938964844,4742270
2019-02-20,418.0,424.45001220703125,416.04998779296875,422.3500061035156,4385350
2019-02-21,425.20001220703125,432.0,422.70001220703125,429.70001220703125,4736317
2019-02-22,431.0,436.75,428.45001220703125,430.5,4373261
2019-02-25,431.3999938964844,438.75,427.5,436.1000061035156,4849697
2019-02-26,430.5,440.0,422.8500061035156,435.75,5255113
2019-02-27,436.5,451.6499938964844,436.0,442.70001220703125,12232682
2019-02-28,446.6000061035156,451.5,442.1000061035156,445.1499938964844,10862473
2019-03-01,447.8999938964844,451.0,445.04998779296875,447.3500061035156,5608805
2019-03-05,447.8500061035156,456.8999938964844,445.3500061035156,455.8999938964844,5251255
2019-03-06,457.0,469.3500061035156,446.95001220703125,460.54998779296875,13004184
2019-03-07,459.5,463.0,448.79998779296875,450.8999938964844,10701581
2019-03-08,449.5,457.8999938964844,447.29998779296875,454.95001220703125,5040326
2019-03-11,456.0,461.45001220703125,454.0,459.45001220703125,4628360
2019-03-12,463.0,471.6499938964844,462.0,470.29998779296875,8660320
2019-03-13,473.0,475.0,452.5,456.5,7156428
2019-03-14,456.8999938964844,468.5,456.0,466.1499938964844,8039525
2019-03-15,466.20001220703125,469.95001220703125,462.29998779296875,464.3500061035156,5877969
2019-03-18,466.0,469.8999938964844,458.6499938964844,464.8999938964844,3785329
2019-03-19,467.5,475.25,466.6499938964844,468.95001220703125,6725926
2019-03-20,470.75,476.79998779296875,466.0,474.75,4235163
2019-03-22,475.79998779296875,479.70001220703125,469.3500061035156,473.25,6125288
2019-03-25,468.5,469.45001220703125,461.20001220703125,464.6499938964844,4043446
2019-03-26,467.0,471.5,462.1000061035156,469.79998779296875,3843580
2019-03-27,471.79998779296875,477.3500061035156,459.75,464.8500061035156,6016947
2019-03-28,465.0,479.79998779296875,465.0,475.45001220703125,10590187
2019-04-01,480.95001220703125,484.25,475.6000061035156,478.8500061035156,3583589
2019-04-02,482.0,483.8999938964844,467.1000061035156,469.70001220703125,4034802
2019-04-03,471.0,473.8999938964844,459.1499938964844,462.0,4715586
2019-04-04,463.0,469.8999938964844,459.5,465.6000061035156,4151406
2019-04-05,467.1000061035156,470.0,461.5,463.1499938964844,2205935
2019-04-08,464.6000061035156,467.20001220703125,460.45001220703125,462.45001220703125,2274003
2019-04-09,457.25,472.3999938964844,454.79998779296875,470.95001220703125,4345243
2019-04-10,468.0,479.8999938964844,467.3500061035156,471.95001220703125,3887388
2019-04-11,465.25,470.8999938964844,461.6000061035156,465.54998779296875,4429596
2019-04-12,467.0,468.5,462.29998779296875,465.04998779296875,3332732
2019-04-15,465.29998779296875,466.79998779296875,457.5,458.6499938964844,3770497
2019-04-16,459.45001220703125,464.5,458.6499938964844,462.54998779296875,2825105
2019-04-18,463.8999938964844,466.0,456.70001220703125,463.20001220703125,3567327
2019-04-22,464.0,465.04998779296875,452.3999938964844,454.5,1828896
2019-04-23,453.0,472.3999938964844,453.0,468.54998779296875,5292341
2019-04-24,469.1000061035156,470.0,462.5,469.3500061035156,2821522
2019-04-25,465.25,474.6000061035156,459.5,461.0,5244937
2019-04-26,464.0,469.3999938964844,462.6000061035156,464.1000061035156,2903286
2019-04-30,464.0,464.0,446.0,457.6499938964844,6586352
2019-05-02,456.95001220703125,461.70001220703125,450.5,452.20001220703125,3732218
2019-05-03,455.0,456.20001220703125,448.8500061035156,453.25,2585548
2019-05-06,448.0,455.8999938964844,446.45001220703125,453.1499938964844,3104707
2019-05-07,456.0,456.0,446.45001220703125,448.20001220703125,4189396
2019-05-08,447.75,449.8500061035156,433.45001220703125,439.1499938964844,4885249
2019-05-09,436.0,442.70001220703125,431.54998779296875,439.3500061035156,3550114
2019-05-10,437.0,442.6499938964844,434.45001220703125,437.75,3482485
2019-05-13,437.75,437.75,344.54998779296875,398.1000061035156,24079258
2019-05-14,406.04998779296875,424.5,403.25,419.45001220703125,18797497
2019-05-15,420.0,424.5,407.1000061035156,409.75,7581005
2019-05-16,411.5,419.6000061035156,379.04998779296875,412.3999938964844,25156049
2019-05-17,409.04998779296875,416.0,401.70001220703125,409.1000061035156,7747301
2019-05-20,420.0,429.0,410.20001220703125,413.5,3809738
2019-05-21,414.20001220703125,423.75,405.6499938964844,408.8500061035156,6228488
2019-05-22,409.0,423.54998779296875,408.0,421.20001220703125,7277731
2019-05-23,425.0,427.0,410.20001220703125,412.95001220703125,5906044
2019-05-24,416.70001220703125,418.0,411.6499938964844,415.75,3010407
2019-05-27,416.95001220703125,421.5,411.54998779296875,414.8500061035156,3886561
2019-05-28,417.0,420.5,410.20001220703125,412.75,7987111
2019-05-29,418.04998779296875,427.79998779296875,403.54998779296875,423.79998779296875,28086149
2019-05-30,421.25,422.70001220703125,411.20001220703125,412.75,9082367
2019-05-31,414.79998779296875,417.1000061035156,406.04998779296875,409.8500061035156,5643400
2019-06-03,411.0,418.6000061035156,407.5,416.79998779296875,4611475
2019-06-04,414.79998779296875,417.8999938964844,409.1000061035156,411.1499938964844,3279047
2019-06-06,411.25,413.5,402.6000061035156,404.1499938964844,3483633
2019-06-07,405.0,406.8999938964844,395.1000061035156,399.25,4668474
2019-06-10,402.0,405.79998779296875,394.04998779296875,402.04998779296875,4966075
2019-06-11,396.0,397.79998779296875,384.0,389.95001220703125,13833555
2019-06-12,391.0,397.0,385.25,391.3999938964844,7739283
2019-06-13,391.0,393.75,385.3999938964844,389.75,4090663
2019-06-14,390.0,394.8500061035156,376.54998779296875,392.54998779296875,9786375
2019-06-17,391.70001220703125,394.5,379.8500061035156,382.8999938964844,6558933
2019-06-18,381.3999938964844,385.6000061035156,374.29998779296875,378.45001220703125,3761637
2019-06-19,380.0,382.1000061035156,368.1499938964844,375.20001220703125,7197444
2019-06-20,368.0,392.20001220703125,368.0,390.5,8109029
2019-06-21,388.8999938964844,391.70001220703125,381.04998779296875,382.79998779296875,5389874
2019-06-24,381.79998779296875,385.3999938964844,377.5,383.45001220703125,3702836
2019-06-25,382.5,387.5,377.54998779296875,385.75,4480306
2019-06-26,385.0,403.54998779296875,384.6499938964844,399.45001220703125,9571797
2019-06-27,399.04998779296875,405.3999938964844,394.75,402.79998779296875,7651785
2019-06-28,404.8999938964844,409.79998779296875,398.1499938964844,400.95001220703125,7283442
2019-07-01,402.0,406.5,401.5,405.3500061035156,2254468
2019-07-02,404.8500061035156,407.0,391.1499938964844,395.54998779296875,5539613
2019-07-03,397.3999938964844,399.1499938964844,393.1000061035156,395.70001220703125,2683086
2019-07-04,396.70001220703125,398.04998779296875,391.20001220703125,392.1000061035156,3308295
2019-07-05,393.5,394.3999938964844,373.3999938964844,375.25,5446432
2019-07-08,375.0,380.8999938964844,365.3999938964844,366.79998779296875,7355520
2019-07-09,367.0,395.0,367.0,386.3999938964844,15428006
2019-07-10,386.0,397.3500061035156,380.6000061035156,392.20001220703125,10202064
2019-07-11,394.8999938964844,400.3500061035156,390.29998779296875,398.1499938964844,7759443
2019-07-12,400.5,411.5,397.3500061035156,407.70001220703125,13549864
2019-07-15,416.25,427.70001220703125,413.6499938964844,422.95001220703125,18269604
2019-07-16,420.79998779296875,435.0,418.6499938964844,433.29998779296875,8630766
2019-07-17,433.0,436.29998779296875,428.1000061035156,430.04998779296875,6500759
2019-07-18,430.04998779296875,432.8999938964844,424.6499938964844,426.20001220703125,4711395
2019-07-19,427.0,429.3999938964844,416.04998779296875,421.3500061035156,5104476
2019-07-22,419.1000061035156,443.29998779296875,419.0,430.25,10420113
2019-07-23,431.0,435.5,427.1000061035156,430.25,6698368
2019-07-24,430.0,432.45001220703125,421.70001220703125,425.54998779296875,5319256
2019-07-25,425.79998779296875,439.70001220703125,425.54998779296875,437.1499938964844,11412685
2019-07-26,437.0,442.20001220703125,433.1000061035156,439.95001220703125,5094438
2019-07-29,440.0,441.70001220703125,429.20001220703125,431.04998779296875,4448863
2019-07-30,430.0,441.29998779296875,405.0,410.3500061035156,9461831
2019-07-31,410.0,428.79998779296875,409.0,426.75,7746831
2019-08-01,424.79998779296875,427.75,418.0,425.1000061035156,3635110
2019-08-02,422.8999938964844,426.5,417.3500061035156,420.6499938964844,3490912
2019-08-05,417.6499938964844,423.75,411.04998779296875,417.1499938964844,4784904
2019-08-06,416.0,422.45001220703125,414.5,418.20001220703125,3204070
2019-08-07,421.0,429.0,418.1000061035156,421.04998779296875,5431353
2019-08-08,424.0,428.20001220703125,418.1499938964844,426.45001220703125,3157083
2019-08-09,428.0,430.3500061035156,418.45001220703125,422.0,3434604
2019-08-13,421.5,444.5,420.75,439.25,13211835
2019-08-14,440.0,441.0,408.04998779296875,417.1499938964844,16173302
2019-08-16,419.3999938964844,421.3999938964844,410.0,414.70001220703125,6536156
2019-08-19,424.75,434.20001220703125,421.0,426.0,11584821
2019-08-20,426.0,426.5,417.29998779296875,420.8999938964844,5151625
2019-08-21,421.0,425.8500061035156,413.6000061035156,417.0,5120294
2019-08-22,416.70001220703125,420.75,408.5,414.54998779296875,5299316
2019-08-23,415.0,429.95001220703125,408.8999938964844,427.79998779296875,5479802
2019-08-26,428.0,429.79998779296875,415.1000061035156,419.3500061035156,6258106
2019-08-27,424.04998779296875,425.45001220703125,415.1000061035156,416.75,6738413
2019-08-28,416.8999938964844,421.70001220703125,411.5,413.1000061035156,3441725
2019-08-29,428.0,438.6000061035156,421.1000061035156,434.6499938964844,19967263
2019-08-30,432.95001220703125,453.3999938964844,429.75,450.3999938964844,12308149
2019-09-03,450.0,456.0,434.29998779296875,439.3500061035156,9396440
2019-09-04,424.54998779296875,429.45001220703125,401.29998779296875,426.45001220703125,33952423
2019-09-05,428.0,433.95001220703125,423.3500061035156,431.79998779296875,8793166
2019-09-06,416.70001220703125,427.20001220703125,414.45001220703125,425.1000061035156,12513040
2019-09-09,426.0,432.5,426.0,428.79998779296875,5488753
2019-09-11,432.0,435.0,421.25,422.20001220703125,7742635
2019-09-12,424.75,439.79998779296875,419.45001220703125,427.79998779296875,9896642
2019-09-13,430.45001220703125,432.8500061035156,421.1000061035156,422.8500061035156,6847742
2019-09-16,421.0,429.5,419.95001220703125,426.79998779296875,5239616
2019-09-17,426.70001220703125,427.54998779296875,419.1499938964844,420.6499938964844,3367950
2019-09-18,423.8999938964844,424.6000061035156,414.25,416.79998779296875,3728621
2019-09-19,416.79998779296875,418.8999938964844,408.20001220703125,411.1499938964844,4238714
2019-09-20,413.8999938964844,420.79998779296875,408.0,413.70001220703125,11785529
2019-09-23,418.0,424.29998779296875,405.3999938964844,409.45001220703125,7342291
2019-09-24,408.0,419.70001220703125,406.3500061035156,409.6499938964844,5860106
2019-09-25,409.6000061035156,412.70001220703125,401.75,406.75,5031063
2019-09-26,406.75,413.0,405.29998779296875,411.95001220703125,5309789
2019-09-27,412.0,412.5,400.25,401.70001220703125,3835936
2019-09-30,402.8999938964844,403.0,386.54998779296875,389.45001220703125,6674624
2019-10-01,388.5,396.3999938964844,380.1000061035156,386.54998779296875,4308157
2019-10-03,382.0,391.45001220703125,377.6499938964844,388.1499938964844,5216456
2019-10-04,389.0,394.0,384.20001220703125,386.04998779296875,4024033
2019-10-07,386.04998779296875,387.6499938964844,372.6000061035156,379.8999938964844,5151963
2019-10-09,378.0,387.75,374.20001220703125,383.95001220703125,4991946
2019-10-10,385.0,389.79998779296875,378.70001220703125,387.04998779296875,4581317
2019-10-11,387.3999938964844,389.3500061035156,381.5,386.29998779296875,4273739
2019-10-14,387.0,399.0,387.0,394.6499938964844,4372357
2019-10-15,397.20001220703125,400.0,392.25,396.79998779296875,2892153
2019-10-16,398.04998779296875,402.20001220703125,394.25,399.70001220703125,5503380
2019-10-17,401.6000061035156,402.54998779296875,396.79998779296875,401.5,2934902
2019-10-18,401.0,406.5,397.5,401.6499938964844,4647037
2019-10-22,402.0,408.0,400.95001220703125,405.45001220703125,2944611
2019-10-23,405.6000061035156,411.3500061035156,403.0,405.20001220703125,3374975
2019-10-24,405.0,407.75,398.70001220703125,405.95001220703125,3017220
2019-10-25,405.0,419.5,401.04998779296875,417.5,4845146
2019-10-27,416.04998779296875,419.79998779296875,416.04998779296875,417.75,359071
2019-10-29,417.70001220703125,425.5,414.0,421.95001220703125,3863059
2019-10-30,426.95001220703125,432.54998779296875,418.1000061035156,429.6499938964844,3511610
2019-10-31,429.6000061035156,440.54998779296875,428.79998779296875,433.3999938964844,6710116
2019-11-01,434.6499938964844,440.8999938964844,433.1000061035156,437.54998779296875,3545584
2019-11-04,439.95001220703125,442.3999938964844,433.6499938964844,437.95001220703125,4646694
2019-11-05,435.5,439.79998779296875,424.04998779296875,429.8999938964844,6719996
2019-11-06,432.3999938964844,452.8999938964844,422.1000061035156,427.8999938964844,15917528
2019-11-07,431.70001220703125,444.0,423.3999938964844,440.6000061035156,14294406
2019-11-08,442.0,442.5,420.8500061035156,422.1000061035156,11902470
2019-11-11,415.0,423.29998779296875,407.1000061035156,421.45001220703125,10249882
2019-11-13,420.0,426.8999938964844,410.0,412.0,6033467
2019-11-14,413.20001220703125,417.3500061035156,407.54998779296875,410.20001220703125,4750176
2019-11-15,412.75,418.8999938964844,410.1499938964844,415.04998779296875,5416931
2019-11-18,418.0,430.0,417.04998779296875,424.54998779296875,7710740
2019-11-19,425.0,429.8999938964844,421.6000061035156,425.8999938964844,4163853
2019-11-20,427.20001220703125,460.6000061035156,423.8500061035156,450.0,23107507
2019-11-21,450.0,454.45001220703125,443.6000061035156,447.1499938964844,7480460
2019-11-22,450.0,461.8999938964844,445.1000061035156,452.1000061035156,12114721
2019-11-25,453.0,463.8999938964844,450.0,458.95001220703125,8251208
2019-11-26,463.79998779296875,467.3999938964844,446.5,450.75,11278843
2019-11-27,449.95001220703125,461.0,447.54998779296875,458.75,6481012
2019-11-28,456.20001220703125,462.3999938964844,455.1499938964844,457.3500061035156,4005893
2019-11-29,458.3999938964844,460.54998779296875,447.45001220703125,449.8500061035156,3198828
2019-12-02,449.0,449.6000061035156,437.0,440.0,4933088
2019-12-03,441.3999938964844,442.20001220703125,430.5,433.6000061035156,3602073
2019-12-04,433.5,444.70001220703125,431.70001220703125,443.70001220703125,4318531
2019-12-05,440.0,441.95001220703125,433.25,436.70001220703125,4096921
2019-12-06,440.29998779296875,444.20001220703125,427.0,428.6000061035156,5805588
2019-12-09,431.8500061035156,434.6000061035156,423.6000061035156,427.0,4959765
2019-12-10,429.6000061035156,435.75,425.29998779296875,427.6499938964844,5578960
2019-12-11,429.1000061035156,431.8999938964844,425.1499938964844,429.79998779296875,3322986
2019-12-12,430.8999938964844,437.8999938964844,430.25,434.1499938964844,2794856
2019-12-13,437.6000061035156,441.8999938964844,425.6000061035156,439.25,5386394
2019-12-16,431.25,437.20001220703125,426.3999938964844,435.1499938964844,8290756
2019-12-17,434.0,437.5,426.25,429.04998779296875,6407264
2019-12-18,430.0,441.3999938964844,427.29998779296875,439.75,5341984
2019-12-19,439.79998779296875,440.6000061035156,427.5,433.6000061035156,6465219
2019-12-20,429.1499938964844,436.70001220703125,428.04998779296875,430.29998779296875,7157364
2019-12-23,427.1000061035156,432.0,426.6000061035156,428.3999938964844,4534617
2019-12-24,428.0,432.45001220703125,425.3999938964844,429.79998779296875,4210004
2019-12-26,430.8999938964844,431.3999938964844,420.6499938964844,422.1499938964844,5296867
2019-12-27,422.0,427.1499938964844,421.3999938964844,426.0,3413181
2019-12-30,428.95001220703125,433.5,426.70001220703125,430.1499938964844,4758825
2019-12-31,430.1000061035156,435.3999938964844,428.70001220703125,432.54998779296875,2957369
2020-01-01,432.95001220703125,436.45001220703125,431.25,434.29998779296875,2321850
2020-01-02,434.0,442.6000061035156,432.0,434.95001220703125,4555670
2020-01-03,434.6499938964844,450.3999938964844,433.04998779296875,444.6000061035156,9457180
2020-01-06,440.8999938964844,444.70001220703125,435.1000061035156,439.95001220703125,4794923
2020-01-07,441.3999938964844,448.0,437.54998779296875,446.3999938964844,4504083
2020-01-08,442.95001220703125,446.5,439.0,440.1000061035156,3881918
2020-01-09,442.70001220703125,444.8500061035156,439.0,439.8500061035156,3934566
2020-01-10,440.1000061035156,449.0,440.0,443.6000061035156,4334013
2020-01-13,447.0,453.6499938964844,442.54998779296875,444.6000061035156,4823348
2020-01-14,447.0,449.5,444.3999938964844,446.0,2708589
2020-01-15,447.6000061035156,450.70001220703125,443.6499938964844,449.04998779296875,3054107
2020-01-16,452.25,456.3500061035156,447.3999938964844,449.04998779296875,4416809
2020-01-17,448.20001220703125,456.25,446.0,454.6000061035156,3216737
2020-01-20,454.20001220703125,456.20001220703125,446.1499938964844,449.45001220703125,2824739
2020-01-21,448.0,451.75,446.0,447.3999938964844,2573651
2020-01-22,448.3999938964844,453.8500061035156,445.3500061035156,446.29998779296875,3412716
2020-01-23,447.20001220703125,452.20001220703125,445.0,449.8500061035156,1875787
2020-01-24,450.0,452.8500061035156,446.79998779296875,447.79998779296875,2153164
2020-01-27,447.0,451.75,442.20001220703125,448.3999938964844,3530914
2020-01-28,448.25,462.5,448.04998779296875,452.8999938964844,9487290
2020-01-29,454.8500061035156,456.75,449.45001220703125,450.1000061035156,3103817
2020-01-30,451.5,453.75,440.29998779296875,442.1000061035156,3486193
2020-01-31,442.6000061035156,445.3999938964844,432.6499938964844,434.29998779296875,3757229
2020-02-03,423.79998779296875,428.8999938964844,414.0,417.54998779296875,4032780
2020-02-04,416.95001220703125,426.8999938964844,412.8500061035156,425.6499938964844,4848610
2020-02-05,429.5,431.3999938964844,421.8999938964844,426.25,3826307
2020-02-06,428.20001220703125,438.0,424.0,430.6499938964844,7745520
2020-02-07,432.0,441.75,423.20001220703125,430.79998779296875,7402556
2020-02-10,428.54998779296875,432.75,418.29998779296875,420.29998779296875,3638523
2020-02-11,422.0,424.70001220703125,416.79998779296875,418.54998779296875,4683072
2020-02-12,418.79998779296875,421.29998779296875,414.0,414.6000061035156,4439987
2020-02-13,414.6000061035156,420.1000061035156,412.0,418.95001220703125,3924569
2020-02-14,420.0,424.75,416.5,418.54998779296875,2862205
2020-02-17,416.20001220703125,418.5,407.29998779296875,408.3999938964844,2625157
2020-02-18,407.0,410.8500061035156,399.04998779296875,408.6499938964844,4187206
2020-02-19,410.3999938964844,414.20001220703125,400.6000061035156,403.54998779296875,5910512
2020-02-20,403.8500061035156,411.5,403.54998779296875,404.95001220703125,4000525
2020-02-24,406.5,414.6499938964844,395.79998779296875,397.8500061035156,12668574
2020-02-25,402.3999938964844,402.3999938964844,385.29998779296875,388.8999938964844,10050971
2020-02-26,385.1000061035156,386.95001220703125,372.5,374.70001220703125,12146582
2020-02-27,375.0,390.70001220703125,369.45001220703125,388.5,15164166
2020-02-28,379.6499938964844,385.6000061035156,371.1000061035156,372.8999938964844,8439591
2020-03-02,378.0,383.6499938964844,363.3500061035156,369.5,6915567
2020-03-03,374.0,396.3999938964844,373.25,393.54998779296875,14474553
2020-03-04,398.0,412.8999938964844,387.3500061035156,405.45001220703125,26369149
2020-03-05,409.95001220703125,414.79998779296875,401.75,404.8999938964844,9874059
2020-03-06,390.04998779296875,403.20001220703125,390.04998779296875,400.8999938964844,6500912
2020-03-09,396.04998779296875,403.8999938964844,385.54998779296875,393.3500061035156,13151861
2020-03-11,394.3999938964844,395.25,380.04998779296875,385.95001220703125,9127352
2020-03-12,365.5,372.70001220703125,346.3999938964844,354.79998779296875,11662910
2020-03-13,341.0,402.95001220703125,325.0,384.20001220703125,15802632
2020-03-16,376.0,396.3999938964844,362.79998779296875,368.54998779296875,14480298
2020-03-17,376.0,395.6000061035156,364.20001220703125,370.1499938964844,12903597
2020-03-18,383.3999938964844,386.3999938964844,355.1000061035156,362.75,12342300
2020-03-19,351.70001220703125,374.45001220703125,347.6499938964844,360.3999938964844,8728092
2020-03-20,365.20001220703125,379.5,362.20001220703125,365.25,10630619
2020-03-23,345.0,354.70001220703125,315.04998779296875,324.5,8018903
2020-03-24,330.0,348.0,330.0,335.1499938964844,6408582
2020-03-25,332.0,350.79998779296875,329.54998779296875,347.6499938964844,6174391
2020-03-26,365.0,368.0,336.1000061035156,338.29998779296875,11670467
2020-03-27,347.0,352.5,333.0,338.25,7745135
2020-03-30,321.6499938964844,344.0,312.0,332.70001220703125,11648241
2020-03-31,340.1000061035156,355.0,328.25,352.29998779296875,9954142
2020-04-01,353.0,355.25,338.3999938964844,343.54998779296875,6702159
2020-04-03,343.95001220703125,389.79998779296875,340.0,375.95001220703125,28550430
2020-04-07,398.0,422.8500061035156,388.29998779296875,417.3500061035156,29675052
2020-04-08,419.0,448.75,413.1499938964844,436.70001220703125,27810872
2020-04-09,454.3999938964844,473.8999938964844,443.3999938964844,454.45001220703125,31862948
2020-04-13,462.95001220703125,477.8999938964844,443.1000061035156,462.3500061035156,30510226
2020-04-15,474.8999938964844,488.5,444.1000061035156,449.20001220703125,32508955
2020-04-16,450.0,467.6000061035156,449.20001220703125,463.70001220703125,16932965
2020-04-17,476.95001220703125,476.95001220703125,448.45001220703125,457.1000061035156,19774082
2020-04-20,457.3500061035156,475.0,450.54998779296875,473.3999938964844,17893064
2020-04-21,467.8500061035156,490.70001220703125,464.25,473.1499938964844,30021752
2020-04-22,474.95001220703125,482.3999938964844,469.0,474.3500061035156,13336137
2020-04-23,476.95001220703125,487.8500061035156,474.3500061035156,477.45001220703125,13748820
2020-04-24,476.95001220703125,497.0,473.54998779296875,485.54998779296875,23394027
2020-04-27,491.0,504.79998779296875,487.0,489.8999938964844,19310626
2020-04-28,495.0,495.3999938964844,470.29998779296875,473.95001220703125,12847910
2020-04-29,476.0,484.95001220703125,473.1499938964844,477.6499938964844,10166496
2020-04-30,484.0,485.0,458.3999938964844,464.45001220703125,18471206
2020-05-04,464.45001220703125,474.5,458.0,465.45001220703125,16097066
2020-05-05,469.79998779296875,472.5,454.0,456.29998779296875,7850482
2020-05-06,459.6000061035156,463.0,448.0,454.3999938964844,10829910
2020-05-07,462.0,465.70001220703125,450.20001220703125,452.20001220703125,11216033
2020-05-08,460.0,471.3999938964844,454.04998779296875,469.0,13693803
2020-05-11,473.70001220703125,475.54998779296875,461.29998779296875,463.8500061035156,10294818
2020-05-12,465.0,468.79998779296875,455.29998779296875,463.8999938964844,9507971
2020-05-13,469.0,469.45001220703125,450.20001220703125,452.3500061035156,10010310
2020-05-14,453.0,462.95001220703125,448.79998779296875,455.95001220703125,11764703
2020-05-15,455.95001220703125,458.8999938964844,445.54998779296875,448.6000061035156,7863358
2020-05-18,447.0,454.6000061035156,434.25,440.70001220703125,9067298
2020-05-19,443.79998779296875,456.0,438.6000061035156,441.70001220703125,10126393
2020-05-20,439.8999938964844,458.45001220703125,437.25,455.75,7967084
2020-05-21,455.5,469.0,453.0,466.45001220703125,8987658
2020-05-22,467.0,471.8999938964844,458.04998779296875,469.3999938964844,10194204
2020-05-26,471.0,475.5,457.0,459.1499938964844,9801056
2020-05-27,464.8999938964844,464.8999938964844,443.3999938964844,450.8999938964844,13253937
2020-05-28,453.8999938964844,461.6499938964844,444.70001220703125,459.1000061035156,12632972
2020-05-29,460.0,481.6000061035156,458.0,474.25,12662824
2020-06-01,483.5,483.70001220703125,458.29998779296875,465.3999938964844,18563612
2020-06-02,470.0,481.0,468.1499938964844,473.1000061035156,10978049
2020-06-03,474.95001220703125,481.6000061035156,473.0,476.1499938964844,7767457
2020-06-04,473.0,498.0,472.1000061035156,494.8500061035156,19100026
2020-06-05,501.0,511.0,492.20001220703125,494.25,22798341
2020-06-08,498.75,498.75,485.04998779296875,489.0,9176155
2020-06-09,492.0,512.7000122070312,492.0,500.75,25883378
2020-06-10,502.5,507.0,493.54998779296875,499.1499938964844,10636465
2020-06-11,490.0,493.79998779296875,469.1000061035156,473.6499938964844,18547382
2020-06-12,455.0,481.8999938964844,455.0,480.1000061035156,11498488
2020-06-15,481.0,489.3999938964844,472.70001220703125,485.79998779296875,10727187
2020-06-16,489.3999938964844,493.5,476.5,483.3999938964844,11247556
2020-06-17,484.1499938964844,489.75,479.1000061035156,485.6499938964844,8222223
2020-06-18,485.6499938964844,488.5,483.0,484.25,4077225
2020-06-19,486.79998779296875,491.95001220703125,485.20001220703125,488.1000061035156,8114839
2020-06-22,492.20001220703125,501.20001220703125,486.0,493.20001220703125,9203804
2020-06-23,493.20001220703125,503.0,489.5,500.45001220703125,10732649
2020-06-24,502.0,503.3999938964844,481.0,484.3999938964844,8567595
2020-06-25,480.29998779296875,492.5,477.0,487.6499938964844,6954147
2020-06-26,490.25,491.0,472.20001220703125,479.95001220703125,7489306
2020-06-29,475.5,487.3500061035156,475.0,482.0,5727377
2020-06-30,483.3999938964844,483.95001220703125,469.79998779296875,472.95001220703125,8339357
2020-07-01,473.5,475.79998779296875,466.1499938964844,468.1499938964844,5983810
2020-07-02,468.0,474.95001220703125,467.95001220703125,473.0,3731827
2020-07-03,477.0,479.3500061035156,472.0,476.8500061035156,4666364
2020-07-06,478.0,481.25,471.3999938964844,480.20001220703125,5995257
2020-07-07,480.0,486.0,476.1499938964844,479.25,6793452
2020-07-08,482.54998779296875,488.0,479.95001220703125,482.5,6279449
2020-07-09,484.54998779296875,487.20001220703125,480.3500061035156,481.95001220703125,3184268
2020-07-10,484.6499938964844,498.8999938964844,483.04998779296875,493.8999938964844,14898919
2020-07-13,495.0,501.70001220703125,492.29998779296875,499.70001220703125,7504299
2020-07-14,500.0,503.8999938964844,490.1000061035156,492.1000061035156,6996801
2020-07-15,494.20001220703125,499.3999938964844,492.20001220703125,495.1000061035156,4710170
2020-07-16,496.0,505.95001220703125,490.6000061035156,499.70001220703125,11263548
2020-07-17,499.6000061035156,509.54998779296875,497.3500061035156,503.6000061035156,9592466
2020-07-20,501.8999938964844,501.8999938964844,481.6000061035156,483.79998779296875,16111398
2020-07-21,488.0,488.20001220703125,475.0,477.25,8470749
2020-07-22,479.6499938964844,488.0,471.6000061035156,474.29998779296875,9848007
2020-07-23,477.95001220703125,481.8500061035156,474.04998779296875,476.0,5416291
2020-07-24,490.0,497.79998779296875,481.25,485.6000061035156,19812185
2020-07-27,484.8500061035156,487.6000061035156,469.0,475.5,6112617
2020-07-28,475.5,483.75,473.25,482.6000061035156,5917155
2020-07-29,485.70001220703125,496.29998779296875,484.1499938964844,493.0,8531803
2020-07-30,493.20001220703125,513.2000122070312,487.29998779296875,509.95001220703125,17534819
2020-07-31,514.25,541.0,507.5,531.7000122070312,41253676
2020-08-03,534.0999755859375,540.2000122070312,516.7999877929688,519.4000244140625,25348229
2020-08-04,522.0,532.4000244140625,517.25,528.9500122070312,11950138
2020-08-05,537.9000244140625,538.0,527.0499877929688,528.8499755859375,10928555
2020-08-06,533.9000244140625,541.4500122070312,526.1500244140625,532.25,10919796
2020-08-07,532.2999877929688,535.4500122070312,522.5999755859375,525.9500122070312,7275403
2020-08-10,526.0,550.7999877929688,526.0,543.8499755859375,16271180
2020-08-11,548.0,549.5999755859375,535.0999755859375,541.0499877929688,7774058
2020-08-12,540.75,540.75,529.75,532.1500244140625,7405695
2020-08-13,532.1500244140625,535.9500122070312,519.0499877929688,520.7999877929688,8729438
2020-08-14,523.5,536.0,522.0,531.3499755859375,11787355
2020-08-17,536.0999755859375,537.5,527.0,528.3499755859375,6657699
2020-08-18,531.7000122070312,533.9000244140625,524.1500244140625,526.0,5555588
2020-08-19,530.0,532.9000244140625,524.3499755859375,525.4000244140625,5414452
2020-08-20,524.5,529.9000244140625,521.0499877929688,522.2999877929688,4886692
2020-08-21,526.5499877929688,538.7000122070312,524.2999877929688,532.3499755859375,9833484
2020-08-24,538.6500244140625,538.6500244140625,528.0499877929688,533.4500122070312,5675533
2020-08-25,533.5999755859375,535.1500244140625,523.4500122070312,525.0999755859375,4414315
2020-08-26,526.0499877929688,530.0,522.25,525.1500244140625,5205745
2020-08-27,528.9500122070312,537.0,524.4000244140625,532.25,8564601
2020-08-28,538.0999755859375,564.75,534.75,555.75,29017731
2020-08-31,560.6500244140625,561.0,514.0499877929688,520.25,20056792
2020-09-01,521.2000122070312,527.6500244140625,506.20001220703125,521.4500122070312,13860865
2020-09-02,523.5,525.5999755859375,509.20001220703125,514.5,9636136
2020-09-03,518.5499877929688,526.8499755859375,512.5499877929688,523.4500122070312,10052098
2020-09-04,518.0,530.4000244140625,508.25,512.4500122070312,12380025
2020-09-07,516.0,518.2000122070312,504.25,513.25,6320017
2020-09-08,512.0,517.6500244140625,498.6499938964844,501.8999938964844,8519561
2020-09-09,497.0,512.7999877929688,493.6000061035156,509.29998779296875,10532163
2020-09-10,512.7000122070312,516.7000122070312,503.6499938964844,507.95001220703125,8572739
2020-09-11,507.0,512.3499755859375,502.6000061035156,505.54998779296875,5189670
2020-09-14,505.54998779296875,509.0,494.0,495.79998779296875,8041379
2020-09-15,498.0,512.4000244140625,496.0,506.3999938964844,11686574
2020-09-16,510.1499938964844,520.0,503.3999938964844,518.5,10080107
2020-09-17,516.7999877929688,521.9000244140625,510.5,512.0,9959257
2020-09-18,517.4500122070312,535.0,515.0,523.3499755859375,25685130
2020-09-21,523.7999877929688,528.25,499.0,503.6499938964844,9977984
2020-09-22,509.5,515.0,493.6000061035156,508.8500061035156,9862141
2020-09-23,520.5,521.0,498.25,502.8999938964844,10846053
2020-09-24,497.5,501.25,483.0,485.79998779296875,8768744
2020-09-25,496.0,496.0,483.8500061035156,489.6499938964844,9665092
2020-09-28,495.0,512.0,488.5,510.1000061035156,12221177
2020-09-29,517.8499755859375,517.8499755859375,504.5,506.1499938964844,8592449
2020-09-30,508.0,516.2000122070312,498.29998779296875,500.45001220703125,12981899
2020-10-01,505.1000061035156,510.5,501.29998779296875,506.8999938964844,6733075
2020-10-05,507.0,525.0999755859375,503.79998779296875,523.0999755859375,8831627
2020-10-06,526.0,527.5999755859375,519.0,521.0499877929688,8537178
2020-10-07,516.0999755859375,522.9000244140625,509.20001220703125,511.75,8346531
2020-10-08,514.5999755859375,526.0,511.75,524.0999755859375,9392711
2020-10-09,525.0,529.2999877929688,511.04998779296875,512.9000244140625,11468529
2020-10-12,514.9000244140625,517.3499755859375,509.29998779296875,513.9000244140625,7092628
2020-10-13,514.0,519.9500122070312,501.6000061035156,503.1499938964844,8851580
2020-10-14,503.1499938964844,507.5,493.29998779296875,502.20001220703125,7640368
2020-10-15,504.70001220703125,504.70001220703125,489.0,490.29998779296875,6605127
2020-10-16,491.0,494.75,485.25,486.8999938964844,9085611
2020-10-19,489.95001220703125,490.8999938964844,480.8999938964844,483.6499938964844,5158764
2020-10-20,484.95001220703125,488.54998779296875,480.3999938964844,486.3500061035156,5550859
2020-10-21,489.0,492.20001220703125,481.5,490.20001220703125,7269981
2020-10-22,491.20001220703125,491.3999938964844,481.70001220703125,485.54998779296875,6428694
2020-10-23,488.0,494.5,482.8999938964844,484.5,6578265
2020-10-26,487.3999938964844,487.3999938964844,471.1000061035156,474.5,6499259
2020-10-27,474.6000061035156,476.75,467.25,470.45001220703125,7693069
2020-10-28,473.0,475.75,461.3999938964844,463.3999938964844,7723679
2020-10-29,463.0,464.0,452.25,456.3500061035156,8297097
2020-10-30,458.6499938964844,469.0,455.8500061035156,465.75,8680701
2020-11-02,467.8999938964844,471.0,459.04998779296875,469.3999938964844,7737909
2020-11-03,472.04998779296875,490.6000061035156,465.75,485.6000061035156,16853462
2020-11-04,499.8999938964844,518.25,495.1499938964844,504.6499938964844,48182254
2020-11-05,508.0,514.0,502.5,512.5,14095319
2020-11-06,515.0,515.75,506.75,509.1499938964844,9251548
2020-11-09,512.5,518.0,504.45001220703125,510.1499938964844,9718357
2020-11-10,511.0,514.25,489.0,490.8999938964844,12767338
2020-11-11,495.0,508.3500061035156,492.0,506.04998779296875,11754997
2020-11-12,503.95001220703125,517.7000122070312,502.20001220703125,509.25,10911897
2020-11-13,511.95001220703125,515.7999877929688,504.54998779296875,508.45001220703125,9501329
2020-11-14,511.0,515.5,510.20001220703125,514.0,1766237
2020-11-17,517.0,523.4000244140625,514.0499877929688,518.4000244140625,12411197
2020-11-18,514.0,518.3499755859375,509.0,513.0,6483702
2020-11-19,512.0,516.1500244140625,505.0,507.3500061035156,6843207
2020-11-20,510.0,512.5,496.0,503.25,7594535
2020-11-23,504.0,516.4000244140625,501.0,512.8499755859375,8931512
2020-11-24,513.5,522.75,508.20001220703125,520.1500244140625,9096230
2020-11-25,521.2000122070312,526.0,504.1499938964844,506.20001220703125,10673809
2020-11-26,506.0,513.0,502.29998779296875,511.70001220703125,7494355
2020-11-27,514.0,520.7999877929688,509.20001220703125,511.6499938964844,12954065
2020-12-01,518.0,542.75,512.6500244140625,539.3499755859375,25388623
2020-12-02,540.9000244140625,547.0,536.0,544.6500244140625,14234038
2020-12-03,550.0,551.4500122070312,541.0,548.25,9345458
2020-12-04,550.0,572.9000244140625,545.2000122070312,569.0499877929688,16177536
2020-12-07,570.3499755859375,591.5,567.0499877929688,582.2999877929688,21232768
2020-12-08,582.0,582.0,565.7999877929688,568.7000122070312,10673103
2020-12-09,571.0,583.9500122070312,566.7000122070312,569.5499877929688,11144200
2020-12-10,570.0,574.75,560.0999755859375,565.2000122070312,6755693
2020-12-11,567.9000244140625,572.9500122070312,562.0,568.0999755859375,6968494
2020-12-14,568.3499755859375,578.6500244140625,568.3499755859375,576.25,8582193
2020-12-15,575.0,580.0,569.0,571.6500244140625,5896090
2020-12-16,571.0,578.5,571.0,576.5999755859375,5135499
2020-12-17,579.5,586.2999877929688,569.7000122070312,571.3499755859375,9025916
2020-12-18,574.0,576.9000244140625,568.0,575.0,4940687
2020-12-21,573.7999877929688,585.9000244140625,539.7000122070312,552.5499877929688,12715463
2020-12-22,553.0,571.0999755859375,540.4000244140625,568.2999877929688,8012096
2020-12-23,570.0,576.5499877929688,566.0999755859375,574.5999755859375,4958783
2020-12-24,574.5999755859375,595.0,572.1500244140625,590.4500122070312,7486583
2020-12-28,599.0,599.4500122070312,584.5499877929688,586.9500122070312,12299793
2020-12-29,589.7999877929688,596.0,583.1500244140625,590.5999755859375,7430043
2020-12-30,595.0,595.0,581.5,584.0,5589703
2020-12-31,584.6500244140625,594.9000244140625,582.0499877929688,592.3499755859375,8835267
2021-01-01,592.5,599.75,585.8499755859375,596.25,8229768
2021-01-04,600.0,609.4500122070312,595.2000122070312,604.4000244140625,11329298
2021-01-05,608.4500122070312,608.7000122070312,600.0,603.4500122070312,7790158
2021-01-06,604.0999755859375,610.9500122070312,596.1500244140625,605.2999877929688,6422080
2021-01-07,606.0499877929688,608.0,598.0,601.9000244140625,4555702
2021-01-08,607.0,622.7999877929688,604.0,620.7999877929688,11451416
2021-01-11,623.7000122070312,628.0,614.0499877929688,621.0,7516087
2021-01-12,621.0,623.9000244140625,607.0499877929688,609.6500244140625,6747035
2021-01-13,611.0,614.5,597.25,602.2999877929688,6186661
2021-01-14,602.2999877929688,611.6500244140625,596.4000244140625,607.0499877929688,6730284
2021-01-15,609.0,616.7999877929688,598.0999755859375,604.2999877929688,8389544
2021-01-18,604.0999755859375,607.3499755859375,578.4500122070312,581.4500122070312,7414570
2021-01-19,586.9000244140625,603.0,583.3499755859375,596.5499877929688,5500391
2021-01-20,601.2000122070312,603.5999755859375,592.9500122070312,594.7000122070312,5182972
2021-01-21,598.0,598.75,580.6500244140625,582.9000244140625,4546393
2021-01-22,582.9000244140625,586.9500122070312,570.5999755859375,575.2000122070312,5591688
2021-01-25,577.0999755859375,594.0,567.0,586.4000244140625,8149590
2021-01-27,585.9000244140625,585.9000244140625,563.75,569.7999877929688,8534047
2021-01-28,554.9000244140625,574.5,550.4000244140625,564.3499755859375,9863454
2021-01-29,568.0,600.0,554.0999755859375,586.2000122070312,22539938
2021-02-01,596.0,599.4000244140625,579.5999755859375,590.1500244140625,12621971
2021-02-02,596.9500122070312,616.9000244140625,591.5,609.4500122070312,15788247
2021-02-03,612.5,648.4000244140625,610.5,629.2000122070312,23788455
2021-02-04,632.5,641.0,626.25,631.5,7926593
2021-02-05,633.5,644.25,623.1500244140625,634.75,10981738
2021-02-08,640.9000244140625,644.8499755859375,632.5499877929688,634.6500244140625,6479801
2021-02-09,631.9000244140625,639.25,621.0,623.5999755859375,5794015
2021-02-10,623.0499877929688,631.5499877929688,614.0999755859375,627.0999755859375,6902162
2021-02-11,622.0,648.75,622.0,643.6500244140625,11433578
2021-02-12,654.4000244140625,654.4000244140625,622.3499755859375,627.1500244140625,15471776
2021-02-15,632.0,637.2999877929688,623.2999877929688,627.5,7310676
2021-02-16,631.0,634.5,623.0,631.1500244140625,6137454
2021-02-17,628.7000122070312,632.4000244140625,619.7999877929688,621.25,4700733
2021-02-18,622.0,627.25,614.0999755859375,616.0499877929688,5633766
2021-02-19,615.9000244140625,622.2999877929688,601.2000122070312,607.2999877929688,7301975
2021-02-22,608.0,610.8499755859375,590.4000244140625,595.2999877929688,5330343
2021-02-23,595.0,608.3499755859375,592.0,604.0499877929688,7564187
2021-02-24,607.0999755859375,609.3499755859375,595.8499755859375,601.4500122070312,3296243
2021-02-25,606.4000244140625,618.9000244140625,602.7000122070312,609.5499877929688,6261754
2021-02-26,604.9500122070312,621.3499755859375,590.0,594.5999755859375,15404415
2021-03-01,600.0,610.7999877929688,597.0499877929688,604.4500122070312,5274758
2021-03-02,609.0,616.3499755859375,604.5,614.2000122070312,4776776
2021-03-03,616.5,625.4000244140625,612.25,624.3499755859375,6626297
2021-03-04,622.0,636.75,616.0,618.9500122070312,11530735
2021-03-05,619.4500122070312,619.4500122070312,606.9000244140625,611.2000122070312,6127488
2021-03-08,611.5,621.9000244140625,611.2999877929688,614.7999877929688,4554461
2021-03-09,618.0,620.9000244140625,607.5,612.5999755859375,4035628
2021-03-10,618.0,627.9000244140625,615.3499755859375,626.0,5825924
2021-03-12,628.0,629.1500244140625,611.5,613.5999755859375,4264170
2021-03-15,614.0,614.0,596.5,605.5,4030762
2021-03-16,606.0,609.9500122070312,599.25,602.2999877929688,4189930
2021-03-17,604.0,604.0,582.0,584.75,7667561
2021-03-18,587.4000244140625,591.5499877929688,572.0,574.5499877929688,5537584
2021-03-19,571.0,582.6500244140625,562.0999755859375,578.2999877929688,6186643
2021-03-22,578.5999755859375,593.5999755859375,578.5999755859375,591.0,7033955
2021-03-23,591.2000122070312,594.7000122070312,583.0,587.8499755859375,5341729
2021-03-24,585.0,597.0,583.2000122070312,585.2999877929688,7299582
2021-03-25,584.4000244140625,587.9500122070312,571.5,575.75,4710869
2021-03-26,580.8499755859375,590.2999877929688,574.5999755859375,587.2000122070312,5761818
2021-03-30,594.9500122070312,599.0,587.25,597.7000122070312,4637718
2021-03-31,598.2000122070312,606.0,595.7000122070312,597.7999877929688,5269919
2021-04-01,600.0,612.7000122070312,597.3499755859375,610.75,6033653
2021-04-05,611.7000122070312,611.9500122070312,592.75,608.7999877929688,5353987
2021-04-06,608.75,621.9000244140625,603.5,620.4500122070312,7444994
2021-04-07,621.0,628.4000244140625,616.1500244140625,621.0499877929688,4757224
2021-04-08,620.5499877929688,626.0,613.2999877929688,614.25,3222479
2021-04-09,613.0,642.0,609.5,636.75,16755446
2021-04-12,639.0,645.8499755859375,615.2000122070312,619.3499755859375,15229597
2021-04-13,624.0,635.5499877929688,616.0999755859375,627.3499755859375,7399207
2021-04-15,633.5999755859375,641.5,626.5,633.25,8588761
2021-04-16,633.25,650.0,626.3499755859375,646.0499877929688,9804095
2021-04-19,644.0,651.4000244140625,635.0,640.6500244140625,11340358
2021-04-20,643.7999877929688,659.5,639.1500244140625,645.1500244140625,13831258
2021-04-22,650.7000122070312,658.0,638.0999755859375,639.9500122070312,11295290
2021-04-23,636.5,645.7999877929688,630.1500244140625,637.9500122070312,7668180
2021-04-26,644.0,644.0,631.0,634.7000122070312,6527947
2021-04-27,632.7000122070312,642.4500122070312,632.0,639.25,5112384
2021-04-28,640.9500122070312,647.2999877929688,638.2999877929688,643.4000244140625,6069155
2021-04-29,648.9500122070312,652.0,641.0999755859375,644.5,5676290
2021-04-30,642.0,666.5999755859375,640.0999755859375,654.4500122070312,10874266
2021-05-03,653.9500122070312,663.9500122070312,650.0999755859375,659.2000122070312,6567597
2021-05-04,662.0,664.9000244140625,642.0,645.1500244140625,5604638
2021-05-05,642.25,687.9000244140625,642.25,683.4000244140625,25296369
2021-05-06,689.8499755859375,696.7000122070312,673.3499755859375,679.4000244140625,11153908
2021-05-07,681.0,691.0,677.5999755859375,679.4500122070312,6466334
2021-05-10,688.0,703.5,683.5999755859375,698.2000122070312,10924222
2021-05-11,698.5,721.8499755859375,696.2000122070312,708.0999755859375,14760511
2021-05-12,714.9500122070312,714.9500122070312,700.0,702.8499755859375,7250661
2021-05-14,703.0,711.0,687.0,691.4500122070312,6851035
2021-05-17,688.0,698.5,680.0499877929688,687.1500244140625,6318234
2021-05-18,691.0,695.8499755859375,684.75,690.7999877929688,4080423
2021-05-19,694.2999877929688,706.75,690.7999877929688,703.4000244140625,7745431
2021-05-20,700.0,701.6500244140625,685.0,686.8499755859375,6226376
2021-05-21,691.75,694.5,688.0,690.4000244140625,3434231
2021-05-24,691.0,698.4000244140625,689.5999755859375,690.9500122070312,3722957
2021-05-25,695.0,697.4000244140625,691.0,696.0999755859375,2800233
2021-05-26,699.5,706.1500244140625,696.2000122070312,703.7999877929688,6235460
2021-05-27,707.25,709.75,694.5,699.5,9875654
2021-05-28,694.0,694.5,666.2999877929688,669.75,28316552
2021-05-31,672.0,675.7000122070312,659.0,668.2999877929688,13947126
2021-06-01,670.0999755859375,673.2999877929688,664.2999877929688,671.0499877929688,6443084
2021-06-02,671.0,678.0999755859375,670.1500244140625,677.4500122070312,4978457
2021-06-03,678.0,680.8499755859375,673.5,675.5,3604574
2021-06-04,678.9000244140625,679.25,672.7999877929688,673.9500122070312,3747803
2021-06-07,673.9500122070312,677.7999877929688,670.9000244140625,675.3499755859375,2793705
2021-06-08,673.0,679.9500122070312,665.0999755859375,678.75,5695920
2021-06-09,681.0499877929688,684.7000122070312,667.5999755859375,672.8499755859375,4492551
2021-06-10,673.0499877929688,681.0,673.0,676.0499877929688,3099864
2021-06-11,675.2000122070312,686.3499755859375,674.0499877929688,681.2999877929688,3822099
2021-06-14,682.0,683.7000122070312,671.5499877929688,677.0999755859375,3640962
2021-06-15,677.0999755859375,681.4000244140625,671.75,673.2000122070312,3862284
2021-06-16,675.0,680.5,666.8499755859375,668.5499877929688,4842448
2021-06-17,671.7999877929688,673.5499877929688,661.6500244140625,665.0499877929688,2776147
2021-06-18,667.0,673.0,652.7000122070312,668.5,4158743
2021-06-21,662.0,674.7999877929688,662.0,671.3499755859375,2932177
2021-06-22,678.0,680.25,665.8499755859375,666.7999877929688,4577152
2021-06-23,666.7999877929688,672.3499755859375,664.25,665.25,2631031
2021-06-24,664.2000122070312,671.0,661.5,664.7999877929688,3460776
2021-06-25,664.7999877929688,677.4000244140625,664.7999877929688,672.25,3010243
2021-06-28,675.0,679.9000244140625,669.5499877929688,676.2999877929688,3342385
2021-06-29,673.25,681.5,673.0999755859375,677.5999755859375,2937766
2021-06-30,678.0499877929688,683.4500122070312,674.25,675.4500122070312,3768943
2021-07-01,675.0,685.7999877929688,673.7000122070312,684.1500244140625,4102748
2021-07-02,685.5,689.5,678.2999877929688,681.25,5071894
2021-07-05,684.0,684.9500122070312,678.5999755859375,680.2000122070312,1600769
2021-07-06,678.0,683.0,672.4000244140625,673.25,2682423
2021-07-07,668.0,682.0,666.0999755859375,680.0999755859375,2576763
2021-07-08,677.0,680.9000244140625,665.0999755859375,666.9000244140625,2548016
2021-07-09,666.5,672.2999877929688,664.2000122070312,667.9000244140625,1994075
2021-07-12,668.5999755859375,672.8499755859375,666.4000244140625,668.5499877929688,1555035
2021-07-13,670.2999877929688,689.3499755859375,669.0,683.0,7744032
2021-07-14,681.9500122070312,692.4000244140625,681.0,685.9500122070312,2663467
2021-07-15,686.0,688.2000122070312,681.2999877929688,683.0,1905193
2021-07-16,684.9000244140625,695.6500244140625,682.6500244140625,688.5999755859375,3479357
2021-07-19,678.0499877929688,691.5,678.0499877929688,689.25,1940882
2021-07-20,689.0,691.5999755859375,673.9000244140625,676.4500122070312,2724983
2021-07-22,680.0,688.2000122070312,675.5499877929688,687.2999877929688,2047831
2021-07-23,686.2000122070312,698.9500122070312,681.5999755859375,694.0,3956261
2021-07-26,695.2000122070312,705.0,695.2000122070312,703.4000244140625,4715053
2021-07-27,705.0,705.7000122070312,673.8499755859375,688.2999877929688,5327355
2021-07-28,688.2999877929688,691.9500122070312,672.5499877929688,687.7999877929688,3332667
2021-07-29,687.7999877929688,705.9500122070312,680.7000122070312,703.0,4397443
2021-07-30,702.9500122070312,783.75,696.1500244140625,773.9500122070312,35893710
2021-08-02,785.0,801.9000244140625,764.0999755859375,775.0,18661462
2021-08-03,773.9500122070312,804.3499755859375,765.25,794.7999877929688,14678219
2021-08-04,791.0,797.9000244140625,779.7000122070312,785.75,5796169
2021-08-05,785.5,794.4000244140625,783.2999877929688,786.1500244140625,5026619
2021-08-06,786.5,796.4500122070312,781.5499877929688,785.2000122070312,4064324
2021-08-09,789.1500244140625,793.0,782.0,788.7999877929688,2873586
2021-08-10,789.9500122070312,798.7999877929688,782.2000122070312,793.3499755859375,5656020
2021-08-11,794.0,795.0,773.2999877929688,779.5499877929688,4275776
2021-08-12,780.0,781.25,773.1500244140625,778.6500244140625,2821380
2021-08-13,769.0,788.5,767.6500244140625,778.2999877929688,4319920
2021-08-16,775.2000122070312,783.0,771.0499877929688,780.7999877929688,2310304
2021-08-17,783.0,793.2000122070312,778.2000122070312,784.1500244140625,5686055
2021-08-18,788.0,791.4000244140625,779.2999877929688,782.9000244140625,4036305
2021-08-20,775.0,784.4500122070312,743.3499755859375,761.1500244140625,6238261
2021-08-23,765.0,770.0,750.7999877929688,759.3499755859375,2375417
2021-08-24,759.7999877929688,777.9500122070312,754.25,771.3499755859375,2732537
2021-08-25,770.0,776.0,759.5999755859375,769.0499877929688,2254852
2021-08-26,765.1500244140625,771.0999755859375,759.25,760.5499877929688,1735864
2021-08-27,760.75,777.0,758.0999755859375,771.7999877929688,2432862
2021-08-30,769.0,794.9500122070312,768.1500244140625,787.2000122070312,3617125
2021-08-31,787.4500122070312,801.0,783.7000122070312,794.0499877929688,7435465
2021-09-01,795.0499877929688,803.9000244140625,787.0,788.5,2811619
2021-09-02,790.2999877929688,795.6500244140625,788.2999877929688,789.9500122070312,2679549
2021-09-03,793.0,797.2000122070312,784.0,789.4000244140625,2860730
2021-09-06,789.4000244140625,793.0999755859375,779.75,784.25,4613445
2021-09-07,782.0,783.0,766.5999755859375,769.9000244140625,3851664
2021-09-08,767.2999877929688,778.9500122070312,763.5499877929688,777.4500122070312,2548562
2021-09-09,772.2000122070312,782.25,771.4500122070312,776.2999877929688,2008287
2021-09-13,776.2999877929688,783.0,771.6500244140625,780.2999877929688,1935832
2021-09-14,784.7000122070312,788.0,777.2999877929688,781.4000244140625,1996844
2021-09-15,784.7000122070312,785.75,778.7999877929688,780.6500244140625,1393824
2021-09-16,780.0,784.5499877929688,778.2999877929688,781.0499877929688,1353677
2021-09-17,785.0,787.9000244140625,766.6500244140625,769.9000244140625,4052622
2021-09-20,766.7000122070312,774.75,751.5999755859375,756.5,2206369
2021-09-21,756.5,766.3499755859375,751.0499877929688,764.5,2123997
2021-09-22,765.0,774.0,764.5,770.0999755859375,1817865
2021-09-23,771.0999755859375,777.2000122070312,766.0999755859375,769.8499755859375,2109768
2021-09-24,769.0,776.6500244140625,762.0,770.4500122070312,1777859
2021-09-27,771.4500122070312,774.5,760.0999755859375,763.0499877929688,2862731
2021-09-28,766.7000122070312,791.0,754.9500122070312,775.0999755859375,4938824
2021-09-29,784.0,819.75,771.3499755859375,811.2999877929688,18565413
2021-09-30,814.7999877929688,832.9500122070312,806.5999755859375,818.25,10478553
2021-10-01,812.0,830.7000122070312,805.2999877929688,826.5999755859375,5730355
2021-10-04,830.0,838.9000244140625,826.4500122070312,832.0,4007435
2021-10-05,828.0,834.4000244140625,814.9500122070312,820.5,2987134
2021-10-06,820.4500122070312,824.0,797.2999877929688,800.5999755859375,2910453
2021-10-07,808.0499877929688,826.3499755859375,804.0999755859375,823.25,4089061
2021-10-08,825.0999755859375,833.7999877929688,818.5999755859375,821.4000244140625,2753935
2021-10-11,826.0,836.2000122070312,817.7999877929688,832.5499877929688,2988841
2021-10-12,833.5,842.75,823.7000122070312,829.7000122070312,2407031
2021-10-13,827.9500122070312,846.7999877929688,827.25,842.5499877929688,4113083
2021-10-14,843.9000244140625,850.0,838.25,841.2999877929688,2300231
2021-10-18,850.0,851.0,832.1500244140625,835.9000244140625,2632795
2021-10-19,837.0,842.2000122070312,825.6500244140625,827.3499755859375,2029762
2021-10-20,825.0499877929688,834.7999877929688,807.5,814.9000244140625,2089252
2021-10-21,823.0499877929688,829.0,810.0499877929688,818.4000244140625,3155655
2021-10-22,825.0999755859375,826.8499755859375,800.1500244140625,812.5499877929688,1709523
2021-10-25,810.0,821.25,795.5499877929688,813.2000122070312,2129988
2021-10-26,817.0,823.9000244140625,806.2999877929688,813.5,1628608
2021-10-27,815.7999877929688,838.4500122070312,815.7999877929688,825.0999755859375,3569869
2021-10-28,823.9500122070312,829.1500244140625,803.0499877929688,807.5999755859375,1647229
2021-10-29,800.0,816.5499877929688,779.3499755859375,795.0,4321416
2021-11-01,798.9500122070312,813.8499755859375,787.0,811.7999877929688,1935341
2021-11-02,814.6500244140625,836.0,782.75,815.4000244140625,17608860
2021-11-03,820.0,822.0,781.3499755859375,787.9500122070312,9452138
2021-11-04,797.0,797.0,788.5,795.4500122070312,485870
2021-11-08,798.0,803.0,783.0,800.0,4280584
2021-11-09,800.0,812.0,797.0,801.3499755859375,3232291
2021-11-10,799.75,815.0,797.0,811.0999755859375,2900645
2021-11-11,808.9500122070312,810.4500122070312,792.0999755859375,794.8499755859375,2107377
2021-11-12,803.9500122070312,808.5499877929688,796.0999755859375,806.5,2076523
2021-11-15,808.2999877929688,819.6500244140625,806.6500244140625,810.7000122070312,2109222
2021-11-16,812.2999877929688,817.4500122070312,795.6500244140625,798.4500122070312,1512946
2021-11-17,800.0,805.0,787.4000244140625,791.3499755859375,1662900
2021-11-18,790.0,794.3499755859375,780.0999755859375,790.6500244140625,3177648
2021-11-22,791.8499755859375,794.0,765.0499877929688,770.75,2894426
2021-11-23,770.0,791.75,761.5499877929688,785.2000122070312,2739763
2021-11-24,783.5,796.9500122070312,775.5499877929688,778.9500122070312,2404041
2021-11-25,775.5999755859375,787.25,774.3499755859375,782.9000244140625,1861259
2021-11-26,775.0,798.9000244140625,762.0,767.2999877929688,5432649
2021-11-29,773.0,775.0,749.0499877929688,751.0499877929688,4664270
2021-11-30,751.0,761.6500244140625,746.0499877929688,753.5999755859375,5505266
2021-12-01,756.75,763.25,740.3499755859375,745.3499755859375,3687799
2021-12-02,753.0,770.75,746.0999755859375,766.25,4896650
2021-12-03,771.9000244140625,771.9000244140625,748.9000244140625,751.7999877929688,3135454
2021-12-06,751.2000122070312,752.5499877929688,733.7000122070312,737.1500244140625,2577704
2021-12-07,741.0999755859375,751.0,735.0,743.7000122070312,2583462
2021-12-08,750.2000122070312,763.5,747.3499755859375,757.5499877929688,2530785
2021-12-09,758.2000122070312,766.7999877929688,756.1500244140625,759.75,2604449
2021-12-10,754.2000122070312,775.0,754.2000122070312,761.3499755859375,2950388
2021-12-13,763.8499755859375,773.3499755859375,759.0,762.5999755859375,2491218
2021-12-14,757.25,768.75,753.5999755859375,756.0499877929688,3224172
2021-12-15,752.5,778.8499755859375,745.2999877929688,775.0999755859375,6231786
2021-12-16,786.5,786.5,760.0,764.4500122070312,6186549
2021-12-17,762.0,772.3499755859375,753.5,768.9500122070312,7171030
2021-12-20,768.0,774.7000122070312,753.0499877929688,763.9500122070312,7474026
2021-12-21,764.0499877929688,783.9500122070312,764.0499877929688,778.5499877929688,5599344
2021-12-22,785.0,801.0,777.5,797.5,5871235
2021-12-23,801.8499755859375,803.9500122070312,790.0,792.4500122070312,4277384
2021-12-24,793.4000244140625,794.7999877929688,777.5999755859375,785.4000244140625,3076272
2021-12-27,784.0,796.5999755859375,781.1500244140625,794.0999755859375,3598487
2021-12-28,796.0,819.9000244140625,794.2000122070312,815.0999755859375,5477769
2021-12-29,822.5,843.6500244140625,816.5,838.7999877929688,8748856
2021-12-30,836.6500244140625,841.9500122070312,827.3499755859375,834.4500122070312,5179861
2021-12-31,834.4500122070312,850.9500122070312,834.0,845.7000122070312,3346523
2022-01-03,845.0,860.0499877929688,840.9000244140625,848.9500122070312,3726756
2022-01-04,852.5,854.0,832.4000244140625,837.7000122070312,3027262
2022-01-05,840.0,844.5499877929688,830.6500244140625,835.0999755859375,2436343
2022-01-06,837.7999877929688,844.9000244140625,822.0,829.5999755859375,2423850
2022-01-07,829.5999755859375,836.0,825.2000122070312,828.9500122070312,1475374
2022-01-10,832.0999755859375,835.0,817.5499877929688,826.7000122070312,4837873
2022-01-11,830.9000244140625,841.5,828.2999877929688,832.4000244140625,4950526
2022-01-12,845.0,845.0,827.5,836.2000122070312,3953446
2022-01-13,836.2000122070312,871.0,834.25,865.5,7395140
2022-01-14,865.5,868.9000244140625,856.7999877929688,859.75,2351963
2022-01-17,859.75,863.4000244140625,850.5,853.2000122070312,1750754
2022-01-18,855.0,867.2000122070312,845.0,846.7000122070312,3354708
2022-01-19,848.0,848.0,834.0,838.5,1677779
2022-01-20,839.2999877929688,842.75,815.6500244140625,820.0,2886894
2022-01-21,816.5,819.7000122070312,801.0999755859375,808.75,3218477
2022-01-24,804.0,825.0,791.5999755859375,800.8499755859375,5300160
2022-01-25,791.0,811.7000122070312,784.7999877929688,808.0499877929688,3779497
2022-01-27,802.0,817.4000244140625,791.2999877929688,812.0999755859375,3593525
2022-01-28,816.0,842.9000244140625,812.0999755859375,827.3499755859375,5073701
2022-01-31,830.0999755859375,849.75,820.0499877929688,834.5,8041517
2022-02-01,847.4000244140625,895.0,839.8499755859375,891.75,12337459
2022-02-02,890.0,898.4500122070312,882.0,890.6500244140625,4404741
2022-02-03,889.3499755859375,891.2000122070312,880.4500122070312,883.5499877929688,2292825
2022-02-04,882.9000244140625,902.8499755859375,881.3499755859375,893.9500122070312,4222492
2022-02-07,901.4500122070312,901.4500122070312,879.7000122070312,887.0499877929688,3494623
2022-02-08,886.0,895.9500122070312,882.0,894.0999755859375,4766558
2022-02-09,893.9000244140625,894.5499877929688,885.3499755859375,886.4500122070312,2874380
2022-02-10,891.4000244140625,896.25,880.0,894.2999877929688,3159839
2022-02-11,894.5999755859375,895.7999877929688,874.6500244140625,880.0999755859375,2682532
2022-02-14,870.0,886.6500244140625,862.2000122070312,864.8499755859375,5163415
2022-02-15,862.5,880.0,859.0499877929688,876.7999877929688,3219287
2022-02-16,876.0,881.1500244140625,867.0999755859375,868.8499755859375,2136415
2022-02-17,872.3499755859375,872.3499755859375,861.2999877929688,862.5499877929688,2275289
2022-02-18,862.5499877929688,867.9000244140625,856.4000244140625,862.9000244140625,1797851
2022-02-21,855.5,864.0,839.5,843.8499755859375,2305713
2022-02-22,836.0,849.0,824.5999755859375,845.7999877929688,3171552
2022-02-23,849.8499755859375,853.0,838.0499877929688,840.25,1979574
2022-02-24,830.5999755859375,836.9500122070312,815.0,818.25,3679222
2022-02-25,820.5,835.0,817.0499877929688,831.5499877929688,2098988
2022-02-28,821.0,847.0,821.0,843.9000244140625,4123139
2022-03-02,844.3499755859375,844.9500122070312,815.7000122070312,820.9000244140625,3807036
2022-03-03,832.7999877929688,832.7999877929688,817.0,820.9000244140625,2657776
2022-03-04,816.2999877929688,839.5999755859375,809.3499755859375,829.6500244140625,4082674
2022-03-07,818.0,829.0,809.0999755859375,822.6500244140625,3065234
2022-03-08,826.2000122070312,861.7000122070312,826.2000122070312,855.0,4864275
2022-03-09,863.4000244140625,885.7999877929688,860.0,868.25,7276355
2022-03-10,869.9000244140625,881.9000244140625,866.5999755859375,869.5499877929688,2899758
2022-03-11,872.0,907.0,869.0499877929688,902.0,7194497
2022-03-14,901.9500122070312,911.7999877929688,889.9500122070312,892.25,3861194
2022-03-15,893.7000122070312,908.0,881.3499755859375,891.6500244140625,4039746
2022-03-16,900.0,900.0,880.4500122070312,889.2000122070312,3134307
2022-03-17,892.2000122070312,915.0,892.2000122070312,911.5999755859375,5484100
2022-03-21,912.5,931.0,911.2999877929688,913.7999877929688,3878744
2022-03-22,913.7999877929688,922.0,902.5,914.0999755859375,2174495
2022-03-23,918.0,926.0,895.7999877929688,900.7999877929688,2578669
2022-03-24,886.0,914.7000122070312,885.5,908.8499755859375,3141478
2022-03-25,911.8499755859375,914.9500122070312,896.2999877929688,902.3499755859375,1571676
2022-03-28,908.9000244140625,910.9000244140625,899.2999877929688,905.9000244140625,1545077
2022-03-29,908.0499877929688,922.0,901.0999755859375,919.3499755859375,3177777
2022-03-30,922.0,922.0,908.4000244140625,920.5999755859375,2084073
2022-03-31,920.5999755859375,927.0,910.7999877929688,914.75,1901705
2022-04-01,914.0,919.0,904.0999755859375,908.7000122070312,1184766
2022-04-04,908.0,928.7999877929688,902.5999755859375,926.0499877929688,1876408
2022-04-05,928.0,940.7000122070312,924.1500244140625,929.0999755859375,2911697
2022-04-06,927.7999877929688,938.7999877929688,925.0,928.0999755859375,1881754
2022-04-07,928.0999755859375,948.0,926.8499755859375,930.9500122070312,2728625
2022-04-08,937.0,937.2999877929688,919.2999877929688,924.5999755859375,1453271
2022-04-11,920.0,933.5499877929688,918.5999755859375,925.4000244140625,1102625
2022-04-12,920.0,928.1500244140625,911.4000244140625,921.2999877929688,1420380
2022-04-13,921.2999877929688,943.0,921.2999877929688,936.75,1825531
2022-04-18,927.5999755859375,941.0499877929688,919.25,927.5,1287320
2022-04-19,930.9500122070312,937.75,915.0499877929688,922.0,2001066
2022-04-20,918.0,931.0,916.0499877929688,923.5,1455897
2022-04-21,931.0,946.0,920.5999755859375,944.0999755859375,2410164
2022-04-22,941.0,942.25,918.3499755859375,924.7999877929688,1745381
2022-04-25,915.5499877929688,922.3499755859375,896.5999755859375,900.0,1146270
2022-04-26,905.0,924.75,904.0499877929688,918.0499877929688,3142879
2022-04-27,910.0499877929688,921.7000122070312,903.5999755859375,906.0999755859375,1586283
2022-04-28,920.0,927.3499755859375,909.2999877929688,921.0,3150038
2022-04-29,924.0,967.0499877929688,919.5499877929688,928.6500244140625,4290688
2022-05-02,922.4500122070312,925.0,902.5499877929688,923.4000244140625,2119174
2022-05-04,920.0999755859375,920.9000244140625,895.0,900.9000244140625,3925917
2022-05-05,905.0,919.2000122070312,872.5999755859375,878.1500244140625,4462293
2022-05-06,862.0,885.7000122070312,861.5,883.2999877929688,2350532
2022-05-09,868.0499877929688,891.4000244140625,868.0499877929688,885.4000244140625,2522123
2022-05-10,885.0,890.8499755859375,846.5,861.8499755859375,6975331
2022-05-11,853.0,867.0,851.0,854.7999877929688,2768829
2022-05-12,852.9000244140625,855.8499755859375,835.2000122070312,850.0,2700591
2022-05-13,862.9500122070312,889.0,860.1500244140625,882.5,4870689
2022-05-16,881.9500122070312,894.75,875.0499877929688,885.5999755859375,2739020
2022-05-17,880.1500244140625,895.5999755859375,878.7000122070312,891.75,2317400
2022-05-18,891.0,909.0,888.0,899.1500244140625,2878378
2022-05-19,885.0,900.0,878.3499755859375,884.5999755859375,2715634
2022-05-20,893.0,917.7000122070312,889.0499877929688,915.6500244140625,2877917
2022-05-23,920.0,931.2999877929688,916.5999755859375,922.0499877929688,2195036
2022-05-24,928.0,930.8499755859375,907.0,909.9000244140625,2911410
2022-05-25,915.0,922.6500244140625,907.25,911.2000122070312,2405811
2022-05-26,918.7999877929688,922.4500122070312,893.5,899.9500122070312,4113170
2022-05-27,901.9500122070312,912.7999877929688,896.0,903.9000244140625,2374509
2022-05-30,905.0,915.5,886.5,888.2999877929688,3541617
2022-05-31,867.25,882.7999877929688,851.2000122070312,860.5999755859375,24360628
2022-06-01,875.0,875.0,832.5999755859375,839.25,5999099
2022-06-02,836.75,862.9000244140625,832.7999877929688,859.5499877929688,3553217
2022-06-03,862.1500244140625,875.0,854.8499755859375,865.0999755859375,2618353
2022-06-06,865.0,873.9500122070312,858.0,859.7999877929688,2095566
2022-06-07,855.0,857.4000244140625,838.5999755859375,848.25,3031449
2022-06-08,845.0999755859375,854.0,837.5999755859375,847.25,3208941
2022-06-09,846.0,862.0999755859375,835.4500122070312,858.8499755859375,2297715
2022-06-10,850.0,853.9500122070312,842.0,845.7000122070312,2124778
2022-06-13,840.0,851.0,819.75,829.5,2191412
2022-06-14,826.0,835.6500244140625,821.8499755859375,825.0499877929688,2461692
2022-06-15,825.25,830.0499877929688,819.1500244140625,822.2999877929688,2008725
2022-06-16,822.5999755859375,826.0,806.5499877929688,814.5999755859375,2327414
2022-06-17,805.2000122070312,810.2999877929688,789.9000244140625,793.4000244140625,5719089
2022-06-20,801.0,813.5,794.5,805.2999877929688,2745302
2022-06-21,806.5999755859375,820.2999877929688,805.3499755859375,817.4500122070312,1342717
2022-06-22,814.0,821.0,803.25,809.2999877929688,2032073
2022-06-23,809.5,826.5,808.5,824.9000244140625,1778752
2022-06-24,827.9000244140625,833.7999877929688,821.5,824.5999755859375,1404748
2022-06-27,828.0,848.0,828.0,835.6500244140625,2980249
2022-06-28,837.0,837.5,825.0499877929688,828.5999755859375,2823691
2022-06-29,824.0,843.7000122070312,823.8499755859375,838.7000122070312,2975927
2022-06-30,836.0,848.1500244140625,823.6500244140625,830.5999755859375,3809670
2022-07-01,829.9000244140625,836.9500122070312,825.0,829.25,2316527
2022-07-04,825.2999877929688,839.6500244140625,821.9000244140625,829.4000244140625,2097164
2022-07-05,829.4000244140625,846.7999877929688,826.6500244140625,835.7999877929688,2682730
2022-07-06,840.0,842.6500244140625,831.25,837.7000122070312,2364840
2022-07-07,843.0499877929688,852.9000244140625,842.1500244140625,849.4500122070312,2327906
2022-07-08,853.5,859.5,849.75,857.7000122070312,2927832
2022-07-11,856.7999877929688,863.0,851.0999755859375,857.25,1768048
2022-07-12,853.0,860.0,849.0,851.5999755859375,1695338
2022-07-13,854.5999755859375,863.25,849.3499755859375,860.1500244140625,2663538
2022-07-14,867.4000244140625,882.9500122070312,864.2000122070312,879.9000244140625,4934156
2022-07-15,884.9000244140625,884.9500122070312,872.8499755859375,878.4000244140625,1413559
2022-07-18,888.5999755859375,895.5999755859375,878.5499877929688,882.7999877929688,2866600
2022-07-19,880.0,891.2999877929688,873.5,875.2999877929688,1604458
2022-07-20,884.7000122070312,884.7000122070312,862.0499877929688,867.5,2885666
2022-07-21,872.0,877.9000244140625,863.7000122070312,869.6500244140625,2321107
2022-07-22,871.0,876.1500244140625,866.5,874.5,1939758
2022-07-25,870.0,878.0,856.4000244140625,868.3499755859375,2419358
2022-07-26,869.2000122070312,877.4000244140625,862.0,867.6500244140625,1560211
2022-07-27,867.5,897.0,866.0499877929688,894.0,2797789
2022-07-28,896.0,896.8499755859375,878.75,894.8499755859375,3183169
2022-07-29,897.0,951.9500122070312,879.0,943.2000122070312,11315800
2022-08-01,939.9500122070312,939.9500122070312,910.0,918.7000122070312,4219890
2022-08-02,918.7000122070312,926.5999755859375,912.0499877929688,917.25,2043767
2022-08-03,915.0,917.7999877929688,893.5499877929688,897.0,2863168
2022-08-04,901.0,920.0,895.5999755859375,918.5,3151481
2022-08-05,919.5,929.0,911.9000244140625,915.9500122070312,3317738
2022-08-08,919.7999877929688,919.7999877929688,908.4000244140625,910.4000244140625,2677742
2022-08-10,913.2000122070312,927.0,913.2000122070312,919.7000122070312,3077870
2022-08-11,923.0,926.9000244140625,917.4500122070312,921.0499877929688,1526395
2022-08-12,921.0499877929688,922.7999877929688,907.1500244140625,913.4500122070312,1384417
2022-08-16,907.0,919.4500122070312,906.2999877929688,914.5999755859375,1635836
2022-08-17,919.0,926.0,915.0,920.7999877929688,1828327
2022-08-18,910.0,919.0,895.2000122070312,916.75,2989998
2022-08-19,916.0,920.7999877929688,898.0,901.3499755859375,1708425
2022-08-22,900.5,903.4500122070312,878.1500244140625,880.5499877929688,2860170
2022-08-23,874.1500244140625,892.0,872.5999755859375,888.4000244140625,2314528
2022-08-24,892.0,899.9500122070312,878.0499877929688,881.0,3223687
2022-08-25,888.0,890.6500244140625,875.0,877.2999877929688,5016244
2022-08-26,882.2999877929688,890.5,878.0999755859375,880.1500244140625,1542618
2022-08-29,872.0,881.0,865.0,879.25,2068888
2022-08-30,883.0,895.5,882.0,893.0499877929688,3672052
2022-09-01,893.0,901.9000244140625,870.4000244140625,871.8499755859375,2939235
2022-09-02,872.9000244140625,878.0,866.0,869.5499877929688,1963435
2022-09-05,869.0,886.1500244140625,864.4500122070312,884.5999755859375,2808538
2022-09-06,887.0,890.7000122070312,882.5499877929688,887.75,2252661
2022-09-07,879.5,896.4000244140625,879.5,893.75,1698682
2022-09-08,898.25,900.75,887.0,894.2999877929688,1772605
2022-09-09,894.5,901.9000244140625,886.7000122070312,890.0,1405210
2022-09-12,891.2000122070312,895.1500244140625,885.0999755859375,887.7000122070312,1571387
2022-09-13,889.8499755859375,893.2999877929688,883.5,890.1500244140625,2216354
2022-09-14,884.5999755859375,897.7000122070312,880.0499877929688,883.75,1889322
2022-09-15,883.0,888.1500244140625,871.0999755859375,874.2999877929688,1780723
2022-09-16,878.7000122070312,890.5,865.7999877929688,868.0499877929688,5625488
2022-09-19,872.4000244140625,876.9500122070312,856.7999877929688,874.8499755859375,1920725
2022-09-20,877.5499877929688,914.75,876.7999877929688,911.9500122070312,4408042
2022-09-21,918.5499877929688,922.5,902.6500244140625,905.2999877929688,4153228
2022-09-22,899.9000244140625,911.25,895.2999877929688,908.0,2317690
2022-09-23,902.5999755859375,926.7000122070312,902.5999755859375,921.0999755859375,4802181
2022-09-26,917.9500122070312,926.3499755859375,899.0499877929688,900.7000122070312,3760536
2022-09-27,905.25,909.8499755859375,894.4000244140625,897.1500244140625,3096645
2022-09-28,894.0,926.0,892.0499877929688,917.8499755859375,5559336
2022-09-29,925.0999755859375,955.5,925.0999755859375,930.7000122070312,8519098
2022-09-30,933.9500122070312,950.9500122070312,930.0,948.6500244140625,4182345
2022-10-03,952.9500122070312,967.8499755859375,942.75,944.5,4444578
2022-10-04,955.7000122070312,956.2999877929688,943.0499877929688,944.5499877929688,1856830
2022-10-06,954.7000122070312,962.0,947.5499877929688,953.9000244140625,3449485
2022-10-07,953.0,961.5499877929688,946.2000122070312,955.1500244140625,1762328
2022-10-10,945.9500122070312,954.25,935.25,946.0499877929688,1683827
2022-10-11,950.7999877929688,951.9000244140625,940.0,944.75,2426935
2022-10-12,946.0,960.0,941.0499877929688,955.5499877929688,2875040
2022-10-13,956.8499755859375,973.75,951.5,968.4000244140625,4498223
2022-10-14,976.0,979.9000244140625,964.0,976.2999877929688,3307000
2022-10-17,976.2999877929688,985.0,973.2999877929688,980.0,2647369
2022-10-18,983.75,985.0,972.75,978.3499755859375,2065146
2022-10-19,975.5999755859375,980.7000122070312,965.0499877929688,976.9000244140625,2424533
2022-10-20,970.0,982.8499755859375,966.5499877929688,980.3499755859375,1669666
2022-10-21,981.0,991.9000244140625,975.75,977.7000122070312,1791608
2022-10-24,986.0,989.9500122070312,982.0999755859375,987.0,191840
2022-10-25,991.9500122070312,997.3499755859375,985.5,991.5499877929688,2119595
2022-10-27,999.0,1013.4000244140625,992.5,1011.6500244140625,4379157
2022-10-28,1002.0,1003.5,987.5499877929688,990.0,3934980
2022-10-31,994.9500122070312,1027.300048828125,991.2000122070312,1016.9000244140625,3546309
2022-11-01,1021.9500122070312,1049.0,1019.1500244140625,1036.5999755859375,5264069
2022-11-02,1038.800048828125,1070.949951171875,1032.6500244140625,1051.949951171875,5923662
2022-11-03,1045.0,1055.5999755859375,1039.550048828125,1044.199951171875,2386317
2022-11-04,1045.300048828125,1046.4000244140625,1031.449951171875,1039.9000244140625,1576349
2022-11-07,1045.0,1049.949951171875,1021.0,1028.3499755859375,2853521
2022-11-09,1020.0499877929688,1036.6500244140625,1010.0,1013.5499877929688,2268760
2022-11-10,1010.0,1022.2999877929688,1006.75,1010.6500244140625,2419991
2022-11-11,1015.75,1031.449951171875,1009.8499755859375,1013.5499877929688,2390487
2022-11-14,1018.6500244140625,1021.4000244140625,1002.0,1016.9000244140625,1764788
2022-11-15,1022.0,1022.0,1004.4500122070312,1016.0499877929688,1703050
2022-11-16,1007.0999755859375,1022.7999877929688,1007.0999755859375,1018.6500244140625,1485506
2022-11-17,1023.2999877929688,1030.5,1010.4500122070312,1013.3499755859375,1758031
2022-11-18,1015.25,1017.8499755859375,1006.0,1009.5999755859375,1130682
2022-11-21,1003.0,1012.7999877929688,993.5,1003.1500244140625,1108922
2022-11-22,1006.1500244140625,1012.4000244140625,996.25,1010.0999755859375,1723123
2022-11-23,1015.2000122070312,1019.0999755859375,1009.4500122070312,1017.6500244140625,1311376
2022-11-24,1020.6500244140625,1037.4000244140625,1013.7999877929688,1035.0999755859375,1994268
2022-11-25,1037.949951171875,1037.949951171875,1026.949951171875,1033.8499755859375,1948596
2022-11-28,1033.0,1041.5,1027.949951171875,1034.75,1427648
2022-11-29,1035.0,1051.199951171875,1034.0,1049.8499755859375,1179559
2022-11-30,1053.0,1058.300048828125,1039.3499755859375,1046.050048828125,3060171
2022-12-01,1055.0,1057.8499755859375,1039.5999755859375,1046.449951171875,1878374
2022-12-02,1048.300048828125,1049.8499755859375,1034.800048828125,1040.0,2284133
2022-12-05,1042.1500244140625,1045.949951171875,1030.75,1039.4000244140625,2294634
2022-12-06,1039.4000244140625,1040.0,1023.25,1033.550048828125,1321211
2022-12-07,1036.550048828125,1037.1500244140625,1015.3499755859375,1017.75,2954262
2022-12-08,1015.0,1018.0,975.0,980.7999877929688,10021644
2022-12-09,980.7999877929688,997.0,980.0,992.8499755859375,4231753
2022-12-12,994.9000244140625,995.0,980.1500244140625,987.4000244140625,1875104
2022-12-13,980.0,996.3499755859375,979.7999877929688,994.6500244140625,1863361
2022-12-14,999.0,1003.0,994.5499877929688,1000.25,1570685
2022-12-15,1001.0,1007.0,998.0999755859375,1002.2000122070312,1304660
2022-12-16,998.1500244140625,1005.0999755859375,987.5999755859375,993.6500244140625,2618988
2022-12-19,987.5999755859375,993.1500244140625,973.7000122070312,987.9500122070312,1547342
2022-12-20,987.9500122070312,990.6500244140625,979.4000244140625,988.3499755859375,1352408
2022-12-21,992.0,1009.5,988.4000244140625,1005.5999755859375,2043630
2022-12-22,1019.9500122070312,1034.050048828125,1007.0499877929688,1010.6500244140625,5163443
2022-12-23,1012.0,1027.8499755859375,998.4500122070312,1001.5499877929688,3612433
2022-12-26,1010.0,1011.7999877929688,988.7000122070312,1000.0499877929688,2307374
2022-12-27,1000.25,1015.75,993.0,1000.1500244140625,1870105
2022-12-28,998.9000244140625,1010.5999755859375,993.0,995.0,1686511
2022-12-29,998.5499877929688,1004.7000122070312,989.0999755859375,1000.5499877929688,2162872
2022-12-30,1004.0,1006.7999877929688,993.75,1001.4000244140625,1629162
2023-01-02,1001.4000244140625,1001.4000244140625,987.2000122070312,997.0,1616012
2023-01-03,993.0,1012.7999877929688,988.0,1009.0999755859375,1810117
2023-01-04,1012.0,1025.9000244140625,1000.75,1004.0999755859375,2573870
2023-01-05,1009.0999755859375,1021.9000244140625,1008.25,1016.2000122070312,2246533
2023-01-06,1015.0,1021.7999877929688,1004.0999755859375,1008.7000122070312,1773153
2023-01-09,1015.0,1023.3499755859375,1010.5,1016.8499755859375,1567316
2023-01-10,1016.0,1024.0,1010.0499877929688,1011.8499755859375,1607654
2023-01-11,1012.0,1033.050048828125,1008.3499755859375,1028.0,3258157
2023-01-12,1031.949951171875,1035.449951171875,1021.1500244140625,1032.8499755859375,1641398
2023-01-13,1031.1500244140625,1035.0,1020.1500244140625,1031.5999755859375,1491367
2023-01-16,1031.5999755859375,1039.5,1026.0999755859375,1035.449951171875,1437532
2023-01-17,1035.449951171875,1036.0,1026.800048828125,1032.699951171875,1245848
2023-01-18,1032.699951171875,1041.5,1030.1500244140625,1040.0999755859375,1238451
2023-01-19,1038.0999755859375,1044.0,1036.0,1040.550048828125,824263
2023-01-20,1044.050048828125,1047.5,1016.8499755859375,1030.3499755859375,2963571
2023-01-23,1035.0,1054.9000244140625,1022.5,1049.300048828125,2106604
2023-01-24,1050.0,1050.949951171875,1034.550048828125,1040.699951171875,2088556
2023-01-25,1030.300048828125,1045.6500244140625,1030.300048828125,1040.050048828125,1753333
2023-01-27,1044.949951171875,1051.0,1034.0,1043.4000244140625,3448013
2023-01-30,1041.949951171875,1072.1500244140625,1040.199951171875,1051.699951171875,3320916
2023-01-31,1055.0,1060.300048828125,1026.050048828125,1034.5,5265462
2023-02-01,1036.449951171875,1043.949951171875,1005.0999755859375,1014.9000244140625,4717887
2023-02-02,1009.9500122070312,1015.7000122070312,993.0,1007.5999755859375,2117181
2023-02-03,1007.0,1032.449951171875,1001.6500244140625,1028.1500244140625,2332076
2023-02-06,1020.0,1025.949951171875,1012.75,1023.3499755859375,1215157
2023-02-07,1026.25,1028.5,1002.0,1006.4000244140625,2360600
2023-02-08,1004.7999877929688,1016.9000244140625,997.4000244140625,1013.0,1815142
2023-02-09,1003.0,1021.2000122070312,1001.4000244140625,1006.7999877929688,1474402
2023-02-10,1006.7999877929688,1014.3499755859375,996.7000122070312,1006.5999755859375,1530150
2023-02-13,1008.25,1017.3499755859375,1002.0,1015.25,1355766
2023-02-14,1018.0,1018.0499877929688,1003.25,1006.75,1832842
2023-02-15,1002.0,1006.4000244140625,990.5499877929688,995.4000244140625,2251350
2023-02-16,998.9000244140625,1010.0,991.2000122070312,995.1500244140625,1678410
2023-02-17,992.2000122070312,996.5,982.0,984.5,1847026
2023-02-20,990.1500244140625,991.6500244140625,974.9500122070312,984.4000244140625,2157871
2023-02-21,990.0,990.7999877929688,969.1500244140625,971.5999755859375,1771813
2023-02-22,971.5499877929688,978.0,966.0,968.5499877929688,2605147
2023-02-23,973.0,977.25,964.0499877929688,972.5,2835983
2023-02-24,970.5999755859375,983.3499755859375,963.7000122070312,970.5,1823835
2023-02-27,970.5,972.5499877929688,960.0499877929688,965.0499877929688,1548675
2023-02-28,969.0,976.0,954.0,956.5999755859375,3819644
2023-03-01,951.0,966.0499877929688,951.0,959.2999877929688,1862513
2023-03-02,960.0,967.0,951.0999755859375,965.2999877929688,1510195
2023-03-03,967.0499877929688,969.75,958.1500244140625,966.9000244140625,2215832
2023-03-06,970.0,979.5,963.7999877929688,965.25,1989152
2023-03-08,960.0,965.0,947.0,957.5,4734482
2023-03-09,957.5,959.4000244140625,947.1500244140625,952.7000122070312,2994556
2023-03-10,946.5,957.5,946.0999755859375,955.5499877929688,2001392
2023-03-13,955.0999755859375,959.9000244140625,947.5499877929688,954.0999755859375,1412106
2023-03-14,953.5,963.75,950.2999877929688,957.2000122070312,1879695
2023-03-15,952.0,964.9000244140625,949.3499755859375,951.4000244140625,2189113
2023-03-16,955.25,970.0,951.7000122070312,967.4000244140625,2228093
2023-03-17,968.5499877929688,968.7000122070312,952.75,957.7000122070312,2218687
2023-03-20,950.0,962.6500244140625,947.3499755859375,961.2000122070312,1955757
2023-03-21,965.0,965.0,953.25,956.2000122070312,1687239
2023-03-22,957.0,974.4000244140625,956.5999755859375,972.0499877929688,1626129
2023-03-23,975.0,982.9500122070312,972.0,977.6500244140625,1857923
2023-03-24,977.5999755859375,979.0,968.0,972.8499755859375,1534322
2023-03-27,980.0,990.9500122070312,963.0,983.4500122070312,2473222
2023-03-28,987.0,987.7999877929688,976.2999877929688,984.2000122070312,1394675
2023-03-29,985.6500244140625,996.5,979.0,991.9000244140625,3045795
2023-03-31,995.2000122070312,995.2000122070312,981.4000244140625,983.0999755859375,1822710
2023-04-03,981.0,988.0,976.2000122070312,979.0499877929688,1671570
2023-04-05,985.0,999.0,975.2999877929688,997.1500244140625,1544121
2023-04-06,997.1500244140625,1014.0,993.4000244140625,1012.0999755859375,1423990
2023-04-10,1015.0,1016.9500122070312,1006.6500244140625,1008.5999755859375,1110974
2023-04-11,1008.5999755859375,1022.25,1007.5499877929688,1009.25,1786844
2023-04-12,1015.5,1020.2000122070312,1005.25,1016.7000122070312,3246327
2023-04-13,1022.2999877929688,1023.8499755859375,1002.0,1003.5,1445693
2023-04-17,999.4500122070312,1009.9000244140625,995.0499877929688,998.7000122070312,1768817
2023-04-18,999.0,1006.25,988.2999877929688,1004.7999877929688,1217390
2023-04-19,1003.5,1009.4000244140625,993.0,995.5,2174563
2023-04-20,999.0999755859375,1002.0999755859375,983.75,987.75,1638094
2023-04-21,994.2999877929688,994.2999877929688,984.9500122070312,989.4500122070312,1216575
2023-04-24,975.0,982.5,959.25,979.1500244140625,3485350
2023-04-25,980.0,982.9000244140625,967.0,972.5,2377746
2023-04-26,975.7999877929688,976.7999877929688,963.2000122070312,971.25,2911028
2023-04-27,968.0,981.5999755859375,963.5499877929688,978.7000122070312,2777173
2023-04-28,984.9500122070312,992.5,979.1500244140625,987.6500244140625,2009995
2023-05-02,987.6500244140625,988.9000244140625,970.2999877929688,973.0499877929688,3152556
2023-05-03,970.5,972.4000244140625,959.5,963.5999755859375,3087472
2023-05-04,967.6500244140625,975.9000244140625,965.1500244140625,974.0,1197830
2023-05-05,974.0,977.25,967.8499755859375,970.4500122070312,1062645
2023-05-08,962.0,969.0,961.0,961.8499755859375,2676958
2023-05-09,961.9000244140625,966.8499755859375,949.5,957.4500122070312,6902170
2023-05-10,957.0,959.9500122070312,951.5999755859375,953.7999877929688,2180917
2023-05-11,953.7999877929688,963.9000244140625,952.0,961.0499877929688,1296607
2023-05-12,961.0,963.0999755859375,952.0,956.0,2014927
2023-05-15,953.0,955.75,948.0499877929688,953.0,1814239
2023-05-16,953.0,962.5499877929688,938.0,940.9500122070312,2625163
2023-05-17,941.25,945.2999877929688,928.8499755859375,935.9500122070312,2956985
2023-05-18,943.0,943.0,922.4500122070312,929.6500244140625,3014019
2023-05-19,932.0,934.4000244140625,924.2999877929688,925.8499755859375,1309343
2023-05-22,925.8499755859375,942.75,922.8499755859375,937.4500122070312,1382485
2023-05-23,937.5,956.2000122070312,929.0999755859375,931.5999755859375,3057684
2023-05-24,935.5,954.7999877929688,932.5999755859375,952.1500244140625,2953574
2023-05-25,949.7000122070312,951.7000122070312,942.7000122070312,945.0,2331464
2023-05-26,943.9500122070312,976.7000122070312,937.0,969.9000244140625,4137189
2023-05-29,969.9500122070312,973.25,946.4000244140625,968.4500122070312,5344765
2023-05-30,965.0,967.4500122070312,956.2999877929688,959.5999755859375,2624815
2023-05-31,965.0,979.2999877929688,960.75,975.3499755859375,5595631
2023-06-01,979.7999877929688,990.4500122070312,975.0,987.7000122070312,3261906
2023-06-02,986.5499877929688,1003.7000122070312,981.0,999.5999755859375,3734815
2023-06-05,1005.3499755859375,1017.7000122070312,998.5,1008.75,3629780
2023-06-06,1008.9000244140625,1015.9500122070312,1004.0,1013.7999877929688,1632644
2023-06-07,1015.0,1017.5,1010.0,1014.5999755859375,1608613
2023-06-08,1015.0,1016.0,983.25,987.0,3395935
2023-06-09,984.0,990.7000122070312,981.0,983.9500122070312,2306206
2023-06-12,987.9000244140625,989.9000244140625,981.0499877929688,985.4500122070312,593319
2023-06-13,990.0,996.0,985.5499877929688,988.0999755859375,2413311
2023-06-14,991.5999755859375,995.0,984.25,986.7000122070312,2139387
2023-06-15,988.5,994.7999877929688,985.7000122070312,988.4000244140625,2731724
2023-06-16,990.0,994.6500244140625,987.2000122070312,992.0,3611214
2023-06-19,995.1500244140625,1006.7000122070312,993.75,1001.7999877929688,1327862
2023-06-20,1007.6500244140625,1007.75,989.5999755859375,991.9500122070312,1445688
2023-06-21,991.9500122070312,993.8499755859375,983.5999755859375,991.9000244140625,1396686
2023-06-22,987.0999755859375,996.2000122070312,987.0999755859375,990.2999877929688,5384143
2023-06-23,994.0,995.9500122070312,977.2999877929688,991.4500122070312,1218237
2023-06-26,994.0,1003.7999877929688,991.4500122070312,994.9500122070312,2066932
2023-06-27,999.9500122070312,1003.3499755859375,986.0,1001.7999877929688,4647465
2023-06-28,995.0,1025.550048828125,995.0,1021.7999877929688,5296330
2023-06-30,1021.75,1055.0,1020.0499877929688,1051.5999755859375,4765060
2023-07-03,1053.0,1053.6500244140625,1030.0,1032.699951171875,2338356
2023-07-04,1040.0,1053.9000244140625,1029.9000244140625,1048.800048828125,1549174
2023-07-05,1055.0,1057.699951171875,1042.6500244140625,1044.699951171875,1840716
2023-07-06,1040.0,1056.5999755859375,1040.0,1042.5,2551103
2023-07-07,1033.5,1051.199951171875,1028.75,1035.699951171875,1721224
2023-07-10,1036.0,1051.0,1031.0999755859375,1045.0,1221769
2023-07-11,1052.0,1074.75,1049.050048828125,1072.25,4369937
2023-07-12,1075.0,1083.75,1070.0,1078.75,5088473
2023-07-13,1081.9000244140625,1081.9000244140625,1071.699951171875,1075.6500244140625,1541690
2023-07-14,1079.949951171875,1080.0,1065.0,1072.949951171875,2641580
2023-07-17,1073.699951171875,1081.050048828125,1070.5,1077.5999755859375,1254025
2023-07-18,1078.449951171875,1078.9000244140625,1064.3499755859375,1067.1500244140625,2238739
2023-07-19,1067.1500244140625,1086.0,1063.8499755859375,1081.8499755859375,2311282
2023-07-20,1086.050048828125,1104.5,1082.300048828125,1097.6500244140625,5218991
2023-07-21,1103.4000244140625,1104.199951171875,1090.3499755859375,1097.1500244140625,1879610
2023-07-24,1094.0,1107.3499755859375,1092.5,1100.4000244140625,2130036
2023-07-25,1110.0,1110.0,1090.800048828125,1095.050048828125,1702900
2023-07-26,1097.050048828125,1114.4000244140625,1094.0999755859375,1112.0,1321572
2023-07-27,1128.0,1155.3499755859375,1116.300048828125,1134.949951171875,6366612
2023-07-28,1129.949951171875,1143.9000244140625,1121.6500244140625,1138.550048828125,2677679
2023-07-31,1140.0,1145.0,1127.0,1143.4000244140625,1718336
2023-08-01,1143.4000244140625,1152.6500244140625,1136.0,1143.449951171875,1448567
2023-08-02,1143.949951171875,1144.300048828125,1126.449951171875,1135.25,1731918
2023-08-03,1130.25,1169.699951171875,1122.3499755859375,1141.0,8460399
2023-08-04,1129.0,1145.0,1121.050048828125,1138.949951171875,3527805
2023-08-07,1138.949951171875,1166.75,1133.5,1160.800048828125,3353219
2023-08-08,1162.199951171875,1164.5999755859375,1139.949951171875,1148.6500244140625,3073468
2023-08-09,1151.1500244140625,1159.300048828125,1140.300048828125,1152.800048828125,1306791
2023-08-10,1150.5999755859375,1157.9000244140625,1143.5999755859375,1150.300048828125,1443067
2023-08-11,1150.050048828125,1151.0,1130.5,1132.3499755859375,1756630
2023-08-14,1131.0,1142.0,1120.5,1134.25,1824622
2023-08-16,1134.949951171875,1145.5,1121.8499755859375,1143.6500244140625,1224080
2023-08-17,1143.6500244140625,1148.949951171875,1137.5,1144.800048828125,1964341
2023-08-18,1141.0,1149.300048828125,1129.0,1134.9000244140625,1473774
2023-08-21,1129.949951171875,1143.9000244140625,1127.1500244140625,1137.4000244140625,941384
2023-08-22,1135.0,1147.0,1130.0,1137.550048828125,1438879
2023-08-23,1128.0,1130.449951171875,1110.5999755859375,1123.699951171875,3050418
2023-08-24,1123.5999755859375,1133.0999755859375,1113.199951171875,1118.300048828125,1575291
2023-08-25,1118.0,1123.300048828125,1100.25,1106.300048828125,1515282
2023-08-28,1110.050048828125,1124.1500244140625,1105.1500244140625,1117.0,1959645
2023-08-29,1125.050048828125,1125.050048828125,1106.449951171875,1111.5999755859375,1749707
2023-08-30,1117.5,1119.1500244140625,1110.5,1114.9000244140625,1543173
2023-08-31,1118.8499755859375,1118.8499755859375,1101.699951171875,1111.5999755859375,4782404
2023-09-01,1112.0,1117.5,1105.75,1109.0,2715249
2023-09-04,1114.0,1114.0,1102.0,1108.9000244140625,1205294
2023-09-05,1110.0,1136.0,1107.199951171875,1131.9000244140625,1698118
2023-09-06,1137.0,1149.0,1129.050048828125,1142.3499755859375,2960249
2023-09-07,1140.0,1141.449951171875,1128.5999755859375,1133.050048828125,1863837
2023-09-08,1133.0,1138.050048828125,1128.5,1130.449951171875,1789037
2023-09-11,1130.449951171875,1140.0,1125.699951171875,1136.9000244140625,2032253
2023-09-12,1142.050048828125,1153.800048828125,1137.0999755859375,1145.25,3989578
2023-09-13,1149.0,1156.699951171875,1142.300048828125,1148.75,2115524
2023-09-14,1148.75,1150.9000244140625,1138.75,1143.800048828125,2065163
2023-09-15,1144.0,1153.800048828125,1144.0,1149.800048828125,2404169
2023-09-18,1149.0,1157.0,1142.550048828125,1147.6500244140625,962842
2023-09-20,1148.0,1156.0,1139.0,1153.1500244140625,2303191
2023-09-21,1149.0,1156.949951171875,1141.1500244140625,1146.1500244140625,2088934
2023-09-22,1142.5,1148.0,1128.300048828125,1132.3499755859375,1585418
2023-09-25,1126.199951171875,1136.800048828125,1121.6500244140625,1124.050048828125,1009279
2023-09-26,1125.0,1130.0,1118.5,1125.8499755859375,1966198
2023-09-27,1126.1500244140625,1145.9000244140625,1123.199951171875,1139.949951171875,2332018
2023-09-28,1142.949951171875,1152.0,1128.8499755859375,1132.300048828125,2685663
2023-09-29,1134.300048828125,1167.4000244140625,1134.300048828125,1158.6500244140625,2288577
2023-10-03,1159.550048828125,1161.949951171875,1139.25,1141.449951171875,1946966
2023-10-04,1138.0999755859375,1139.0,1113.0,1123.800048828125,1803871
2023-10-05,1124.6500244140625,1128.6500244140625,1111.800048828125,1119.0999755859375,2348562
2023-10-06,1128.0,1132.1500244140625,1123.0999755859375,1127.300048828125,1056281
2023-10-09,1111.0,1133.800048828125,1109.0,1123.050048828125,1080276
2023-10-10,1122.0,1130.4000244140625,1119.800048828125,1126.5,1092093
2023-10-11,1128.0,1134.449951171875,1122.3499755859375,1128.75,1456045
2023-10-12,1129.0,1132.550048828125,1121.199951171875,1130.4000244140625,1221965
2023-10-13,1126.0999755859375,1147.199951171875,1122.0,1145.300048828125,1934884
2023-10-16,1141.5,1147.25,1133.050048828125,1135.300048828125,1144308
2023-10-17,1138.6500244140625,1144.0,1134.0,1136.800048828125,798807
2023-10-18,1137.0,1161.800048828125,1134.050048828125,1153.4000244140625,2178517
2023-10-19,1147.4000244140625,1150.0,1135.0,1141.5,1765065
2023-10-20,1138.0,1145.0,1133.0999755859375,1142.199951171875,957910
2023-10-23,1135.0,1149.199951171875,1118.0,1122.449951171875,702730
2023-10-25,1125.0,1129.699951171875,1112.800048828125,1120.300048828125,1800673
2023-10-26,1115.949951171875,1117.949951171875,1097.5,1103.699951171875,2223975
2023-10-27,1112.0,1119.800048828125,1107.6500244140625,1111.300048828125,1250965
2023-10-30,1115.699951171875,1119.949951171875,1103.8499755859375,1115.199951171875,1078813
2023-10-31,1119.449951171875,1119.5999755859375,1068.3499755859375,1088.5999755859375,6475786
2023-11-01,1092.0,1132.550048828125,1082.5999755859375,1116.199951171875,3973264
2023-11-02,1127.8499755859375,1137.550048828125,1110.5999755859375,1132.8499755859375,3454692
2023-11-03,1138.5,1145.699951171875,1131.5,1141.0999755859375,1741756
2023-11-06,1140.0999755859375,1151.0,1140.0,1150.0,1428537
2023-11-07,1149.0,1173.550048828125,1146.550048828125,1170.949951171875,1811831
2023-11-08,1175.0,1182.9000244140625,1171.0,1176.699951171875,1702301
2023-11-09,1181.0,1183.25,1166.8499755859375,1176.199951171875,1849169
2023-11-10,1174.050048828125,1181.5,1170.0999755859375,1179.3499755859375,957539
2023-11-13,1180.0999755859375,1187.550048828125,1173.75,1177.800048828125,816825
2023-11-15,1179.5,1184.4000244140625,1171.0,1180.9000244140625,2246320
2023-11-16,1182.0,1194.9000244140625,1179.5999755859375,1189.550048828125,2205723
2023-11-17,1189.800048828125,1198.4000244140625,1187.949951171875,1194.5999755859375,891965
2023-11-20,1196.0,1198.25,1185.25,1188.0,1054810
2023-11-21,1189.0,1205.0,1186.25,1201.4000244140625,999135
2023-11-22,1205.0,1214.800048828125,1199.0,1204.0999755859375,1401782
2023-11-23,1203.550048828125,1209.9000244140625,1194.75,1198.800048828125,1177434
2023-11-24,1200.0,1209.5999755859375,1192.800048828125,1195.449951171875,1376695
2023-11-28,1197.1500244140625,1200.3499755859375,1189.75,1191.3499755859375,886708
2023-11-29,1191.949951171875,1209.5,1184.5,1202.199951171875,1813462
2023-11-30,1192.3499755859375,1231.1500244140625,1192.3499755859375,1225.8499755859375,4672807
2023-12-01,1233.050048828125,1241.8499755859375,1225.0,1231.25,1749751
2023-12-04,1237.25,1240.0,1220.5,1231.1500244140625,1615837
2023-12-05,1225.9000244140625,1243.5999755859375,1220.550048828125,1239.550048828125,930042
2023-12-06,1248.550048828125,1258.0,1233.300048828125,1240.3499755859375,1704590
2023-12-07,1231.0,1241.9000244140625,1228.9000244140625,1239.300048828125,1478355
2023-12-08,1236.050048828125,1247.5999755859375,1230.6500244140625,1235.800048828125,1612113
2023-12-11,1236.0,1246.3499755859375,1215.0999755859375,1241.4000244140625,1172972
2023-12-12,1249.0,1250.0,1212.6500244140625,1218.0,2832873
2023-12-13,1218.300048828125,1239.5999755859375,1212.6500244140625,1233.0999755859375,2448178
2023-12-14,1239.0,1239.9000244140625,1224.25,1231.300048828125,2341190
2023-12-15,1241.0,1246.5,1233.0,1235.75,3474624
2023-12-18,1235.75,1267.9000244140625,1234.0,1252.75,2135393
2023-12-19,1264.800048828125,1267.949951171875,1236.5,1244.949951171875,2187458
2023-12-20,1255.0,1255.0,1228.449951171875,1232.1500244140625,1837031
2023-12-21,1224.0999755859375,1237.949951171875,1208.550048828125,1233.5,1916222
2023-12-22,1240.0,1251.0,1236.050048828125,1243.6500244140625,2058127
2023-12-26,1243.6500244140625,1250.0,1239.300048828125,1247.5,1796483
2023-12-27,1250.0,1255.4000244140625,1241.25,1252.449951171875,2005268
2023-12-28,1254.949951171875,1264.6500244140625,1249.550048828125,1262.1500244140625,2043365
2023-12-29,1262.0999755859375,1271.949951171875,1252.550048828125,1259.449951171875,1840160
2024-01-01,1261.0,1263.949951171875,1252.5,1260.25,733452
2024-01-02,1261.0,1299.0,1257.1500244140625,1296.199951171875,3174447
2024-01-03,1296.199951171875,1304.6500244140625,1291.1500244140625,1298.5999755859375,1699057
2024-01-04,1304.0,1328.5,1297.050048828125,1312.949951171875,2851729
2024-01-05,1318.0,1318.0,1287.0,1300.199951171875,2960339
2024-01-08,1305.4000244140625,1309.949951171875,1299.300048828125,1305.300048828125,1678133
2024-01-09,1314.949951171875,1333.449951171875,1306.8499755859375,1324.0,1712486
2024-01-10,1330.050048828125,1333.5,1313.1500244140625,1324.8499755859375,1278475
2024-01-11,1328.0,1331.9000244140625,1310.199951171875,1316.25,1320281
2024-01-12,1319.0,1330.0,1305.550048828125,1325.949951171875,1538242
2024-01-15,1329.199951171875,1340.0,1321.5999755859375,1329.3499755859375,1475983
2024-01-16,1330.050048828125,1331.550048828125,1307.550048828125,1313.449951171875,824502
2024-01-17,1312.0,1320.449951171875,1294.3499755859375,1299.0,2544642
2024-01-18,1298.949951171875,1343.4000244140625,1290.0,1335.75,2842572
2024-01-19,1340.0,1344.4000244140625,1329.1500244140625,1335.5999755859375,1605745
2024-01-23,1316.0,1394.5999755859375,1316.0,1378.300048828125,4129729
2024-01-24,1380.0,1390.0,1360.3499755859375,1382.0999755859375,1719845
2024-01-25,1383.550048828125,1390.0999755859375,1348.5,1368.300048828125,1870910
2024-01-29,1365.0,1420.8499755859375,1355.199951171875,1400.8499755859375,3413149
2024-01-30,1401.9000244140625,1409.199951171875,1369.1500244140625,1371.75,1935332
2024-01-31,1371.699951171875,1438.9000244140625,1366.9000244140625,1418.449951171875,5796356
2024-02-01,1427.0,1430.449951171875,1398.9000244140625,1407.949951171875,2442481
2024-02-02,1409.0,1433.8499755859375,1405.1500244140625,1416.6500244140625,1775449
2024-02-05,1426.800048828125,1466.0,1423.5999755859375,1463.800048828125,3481964
2024-02-06,1450.0,1478.0,1446.550048828125,1475.0999755859375,1893995
2024-02-07,1483.0,1500.449951171875,1480.4000244140625,1496.199951171875,2259235
2024-02-08,1501.050048828125,1507.5,1485.3499755859375,1499.5999755859375,2213750
2024-02-09,1500.9000244140625,1539.0,1492.25,1534.800048828125,6343881
2024-02-12,1539.8499755859375,1555.0999755859375,1521.0999755859375,1534.449951171875,4059288
2024-02-13,1537.5,1551.0,1525.449951171875,1542.199951171875,4687838
2024-02-14,1545.800048828125,1545.800048828125,1508.050048828125,1520.4000244140625,2105672
2024-02-15,1529.050048828125,1529.050048828125,1505.550048828125,1509.9000244140625,2161691
2024-02-16,1515.0,1522.0,1504.8499755859375,1509.949951171875,3480879
2024-02-19,1514.8499755859375,1532.75,1507.4000244140625,1530.0999755859375,777823
2024-02-20,1532.0,1542.0,1512.25,1538.699951171875,2230669
2024-02-21,1540.050048828125,1549.5,1533.0,1543.4000244140625,1993748
2024-02-22,1549.5999755859375,1561.0,1535.0,1558.050048828125,1981678
2024-02-23,1558.0,1568.449951171875,1550.4000244140625,1561.25,1340283
2024-02-26,1562.0,1566.9000244140625,1548.699951171875,1556.949951171875,974892
2024-02-27,1556.75,1585.449951171875,1549.050048828125,1582.75,2140963
2024-02-28,1586.5,1587.449951171875,1562.6500244140625,1573.8499755859375,578316
2024-02-29,1575.0,1587.800048828125,1556.5,1577.949951171875,2350244
2024-03-01,1580.0,1581.9000244140625,1548.050048828125,1559.25,4069161
2024-03-04,1550.550048828125,1569.0999755859375,1548.9000244140625,1552.0999755859375,2298105
2024-03-05,1553.800048828125,1576.4000244140625,1535.4000244140625,1574.199951171875,1408172
2024-03-06,1575.0,1606.75,1566.4000244140625,1604.0,1761032
2024-03-07,1610.75,1619.949951171875,1600.4000244140625,1605.699951171875,2440999
2024-03-11,1615.1500244140625,1627.0,1586.4000244140625,1593.5999755859375,2994345
2024-03-12,1592.199951171875,1603.800048828125,1580.1500244140625,1584.300048828125,1294598
2024-03-13,1581.199951171875,1592.199951171875,1544.0,1558.5999755859375,2881503
2024-03-14,1567.25,1574.300048828125,1546.25,1570.199951171875,3062556
2024-03-15,1568.75,1573.5,1541.199951171875,1548.199951171875,3421374
2024-03-18,1548.25,1576.25,1543.449951171875,1571.25,2281873
2024-03-19,1574.0,1579.75,1540.4000244140625,1548.449951171875,3692624
2024-03-20,1559.949951171875,1559.949951171875,1520.5,1549.3499755859375,3412218
2024-03-21,1564.800048828125,1570.8499755859375,1542.550048828125,1565.199951171875,2567975
2024-03-22,1568.9000244140625,1621.0,1566.0999755859375,1608.9000244140625,4941447
2024-03-26,1595.050048828125,1614.699951171875,1593.0999755859375,1598.0999755859375,3649049
2024-03-27,1602.0,1626.1500244140625,1592.0999755859375,1604.1500244140625,2530169
2024-03-28,1609.949951171875,1634.0,1607.949951171875,1620.550048828125,4427587
2024-04-01,1631.5999755859375,1633.75,1618.5,1629.25,1148498
2024-04-02,1629.25,1633.0,1609.9000244140625,1622.25,1921533
2024-04-03,1609.0,1628.949951171875,1594.199951171875,1619.8499755859375,2098379
2024-04-04,1620.9000244140625,1628.0,1587.1500244140625,1619.3499755859375,2439461
2024-04-05,1611.0,1638.8499755859375,1606.0999755859375,1609.0,1548980
2024-04-08,1611.0,1618.9000244140625,1597.0,1599.699951171875,1170390
2024-04-09,1601.0,1608.8499755859375,1591.949951171875,1602.550048828125,1389391
2024-04-10,1603.050048828125,1608.5,1583.75,1604.050048828125,1928878
2024-04-12,1595.0,1595.0,1534.0,1540.0,8258068
2024-04-15,1517.5999755859375,1544.0999755859375,1503.800048828125,1540.050048828125,2474028
2024-04-16,1535.0,1543.300048828125,1525.1500244140625,1537.550048828125,2058697
2024-04-18,1545.550048828125,1545.550048828125,1506.449951171875,1516.4000244140625,3266796
2024-04-19,1505.0,1528.300048828125,1503.699951171875,1522.800048828125,2536516
2024-04-22,1528.449951171875,1548.0,1521.949951171875,1540.0999755859375,1680307
2024-04-23,1562.0,1562.449951171875,1477.699951171875,1484.6500244140625,9160422
2024-04-24,1484.6500244140625,1503.0,1479.3499755859375,1485.75,4652803
2024-04-25,1490.0,1527.300048828125,1488.6500244140625,1520.1500244140625,3846327
2024-04-26,1531.0,1532.0,1500.050048828125,1506.550048828125,1794350
2024-04-29,1516.0,1527.800048828125,1510.050048828125,1521.5999755859375,1091667
2024-04-30,1527.0,1529.1500244140625,1497.0,1502.0999755859375,1991646
2024-05-02,1503.0,1530.0,1502.0,1519.0,2494925
2024-05-03,1527.0,1537.0,1501.5,1511.1500244140625,3183226
2024-05-06,1518.0,1534.0,1508.75,1529.1500244140625,1240626
2024-05-07,1535.949951171875,1543.1500244140625,1510.0999755859375,1515.3499755859375,1532550
2024-05-08,1510.0,1525.800048828125,1502.25,1521.75,1026357
2024-05-09,1521.199951171875,1529.949951171875,1489.800048828125,1494.6500244140625,1477007
2024-05-10,1494.6500244140625,1526.449951171875,1491.0,1506.550048828125,1528487
2024-05-13,1513.0,1530.0,1502.0,1525.050048828125,1628326
2024-05-14,1525.0,1547.949951171875,1516.050048828125,1545.25,2206236
2024-05-15,1545.25,1550.25,1520.3499755859375,1527.4000244140625,1207536
2024-05-16,1529.0,1541.1500244140625,1508.300048828125,1536.300048828125,2684392
2024-05-17,1536.0,1537.300048828125,1520.1500244140625,1531.4000244140625,1341676
2024-05-21,1530.0,1558.300048828125,1524.0,1540.949951171875,1791791
2024-05-22,1547.0,1564.0,1505.4000244140625,1539.300048828125,3948239
2024-05-23,1510.0,1510.0,1467.0,1495.0999755859375,11618479
2024-05-24,1504.0,1505.699951171875,1477.0999755859375,1486.699951171875,5307322
2024-05-27,1486.699951171875,1501.0,1460.550048828125,1466.050048828125,3474806
2024-05-28,1468.949951171875,1479.0999755859375,1455.949951171875,1464.9000244140625,2616438
2024-05-29,1468.0999755859375,1495.0,1465.6500244140625,1478.949951171875,2843365
2024-05-30,1476.0,1477.4000244140625,1449.5,1459.0999755859375,3133423
2024-05-31,1465.0,1479.4000244140625,1440.0,1459.800048828125,5503924
2024-06-03,1496.5,1498.0,1451.0,1453.050048828125,1855318
2024-06-04,1461.5999755859375,1476.300048828125,1377.199951171875,1429.8499755859375,5055952
2024-06-05,1449.699951171875,1490.0,1432.0,1487.300048828125,2487724
2024-06-06,1494.0,1494.0,1455.050048828125,1472.699951171875,3004955
2024-06-07,1479.9000244140625,1510.0999755859375,1472.1500244140625,1506.8499755859375,3404664
2024-06-10,1519.0,1521.699951171875,1505.0999755859375,1513.0999755859375,1433942
2024-06-11,1524.0,1525.0,1497.3499755859375,1499.75,1441589
2024-06-12,1500.0,1514.550048828125,1495.8499755859375,1506.8499755859375,994784
2024-06-13,1514.5999755859375,1514.5999755859375,1498.0,1510.800048828125,1412477
2024-06-14,1513.8499755859375,1518.0,1505.550048828125,1516.0,937490
2024-06-18,1522.5999755859375,1522.8499755859375,1510.199951171875,1520.949951171875,1478241
2024-06-19,1524.949951171875,1529.8499755859375,1500.0,1504.0,1537367
2024-06-20,1487.949951171875,1487.949951171875,1467.0,1471.0,4168375
2024-06-21,1480.0999755859375,1488.0,1460.9000244140625,1467.25,4426556
2024-06-24,1475.050048828125,1502.9000244140625,1475.050048828125,1494.5,3726155
2024-06-25,1498.050048828125,1508.0,1492.300048828125,1505.199951171875,1833311
2024-06-26,1502.0,1528.9000244140625,1495.25,1521.1500244140625,2563493
2024-06-27,1525.0,1528.050048828125,1505.0,1516.25,3881458
2024-06-28,1520.0,1538.949951171875,1515.5999755859375,1520.8499755859375,2634599
2024-07-01,1520.8499755859375,1530.0,1503.8499755859375,1520.0999755859375,1451094
2024-07-02,1514.0,1534.9000244140625,1508.25,1524.050048828125,1336816
2024-07-03,1519.3499755859375,1536.25,1498.300048828125,1533.949951171875,1061099
2024-07-04,1535.0,1571.0,1526.0,1557.9000244140625,2630823
2024-07-05,1562.0,1574.75,1557.0,1568.4000244140625,2481046
2024-07-08,1570.5999755859375,1574.800048828125,1550.949951171875,1556.4000244140625,1120204
2024-07-09,1564.800048828125,1589.9000244140625,1549.800048828125,1585.4000244140625,1492840
2024-07-10,1592.800048828125,1601.1500244140625,1567.5999755859375,1598.550048828125,1899956
2024-07-11,1601.0,1602.5,1572.300048828125,1581.75,1707500
2024-07-12,1582.0,1587.3499755859375,1550.0,1577.300048828125,1426598
2024-07-15,1579.949951171875,1594.699951171875,1577.300048828125,1586.199951171875,832804
2024-07-16,1589.0,1595.0,1574.949951171875,1579.300048828125,688481
2024-07-18,1575.0,1596.5999755859375,1570.25,1594.25,1665636
2024-07-19,1584.699951171875,1589.75,1565.1500244140625,1568.6500244140625,1649335
2024-07-22,1555.050048828125,1589.5,1555.050048828125,1587.3499755859375,826636
2024-07-23,1587.0,1605.6500244140625,1574.300048828125,1601.5999755859375,1502677
2024-07-24,1602.0,1624.949951171875,1592.0,1619.449951171875,2923358
2024-07-25,1614.8499755859375,1681.300048828125,1602.199951171875,1665.800048828125,5329712
2024-07-26,1670.449951171875,1723.800048828125,1665.0,1714.25,4591049
2024-07-29,1715.25,1728.75,1692.75,1723.25,3187339
2024-07-30,1716.0999755859375,1725.449951171875,1697.0,1701.5999755859375,1525840
2024-07-31,1702.0999755859375,1730.949951171875,1695.199951171875,1719.3499755859375,1594881
2024-08-01,1725.5,1746.449951171875,1681.300048828125,1715.199951171875,5258291
2024-08-02,1700.0,1741.800048828125,1683.8499755859375,1731.6500244140625,2992406
2024-08-05,1725.0,1758.0,1715.0,1720.3499755859375,5165558
2024-08-06,1725.0,1734.0,1703.949951171875,1707.550048828125,1710278
2024-08-07,1720.0,1736.8499755859375,1709.4000244140625,1734.449951171875,1922313
2024-08-08,1735.0,1748.6500244140625,1728.3499755859375,1737.050048828125,2480113
2024-08-09,1749.800048828125,1749.800048828125,1730.050048828125,1735.300048828125,751683
2024-08-12,1735.0,1748.5,1730.050048828125,1733.8499755859375,1526788
2024-08-13,1740.0,1751.8499755859375,1725.5999755859375,1740.0999755859375,2076963
2024-08-14,1747.5,1753.0,1732.5999755859375,1741.6500244140625,2207250
2024-08-16,1749.5999755859375,1751.1500244140625,1728.6500244140625,1742.75,2180718
2024-08-19,1752.8499755859375,1752.8499755859375,1740.6500244140625,1747.800048828125,1363446
2024-08-20,1751.800048828125,1770.800048828125,1745.1500244140625,1766.3499755859375,1766597
2024-08-21,1770.0,1771.949951171875,1757.300048828125,1764.6500244140625,1184193
2024-08-22,1769.5,1769.5,1748.4000244140625,1750.6500244140625,1369554
2024-08-23,1753.75,1781.449951171875,1751.9000244140625,1775.75,3515492
2024-08-26,1780.0,1780.0,1764.5,1772.449951171875,933372
2024-08-27,1778.0,1792.5999755859375,1767.1500244140625,1789.4000244140625,1231023
2024-08-28,1796.9000244140625,1823.0,1786.3499755859375,1811.8499755859375,1768949
2024-08-29,1809.9000244140625,1826.8499755859375,1790.25,1799.199951171875,3205924
2024-08-30,1798.1500244140625,1828.1500244140625,1791.300048828125,1821.6500244140625,3036374
2024-09-02,1829.949951171875,1837.0,1805.199951171875,1815.949951171875,1617946
2024-09-03,1820.0,1839.550048828125,1805.0999755859375,1811.5,2148689
2024-09-04,1811.5,1835.0,1801.300048828125,1832.8499755859375,2473477
2024-09-05,1833.199951171875,1843.9000244140625,1820.0,1826.5,1902919
2024-09-06,1819.550048828125,1850.0,1805.0,1824.550048828125,1701134
2024-09-09,1824.550048828125,1835.4000244140625,1812.8499755859375,1821.8499755859375,1544883
2024-09-10,1830.0,1842.25,1825.699951171875,1836.3499755859375,1460472
2024-09-11,1836.4000244140625,1857.5,1831.0999755859375,1845.699951171875,1701900
2024-09-12,1855.1500244140625,1871.5,1840.4000244140625,1865.4000244140625,2744070
2024-09-13,1865.0,1865.0,1851.4000244140625,1853.75,1322430
2024-09-16,1862.0,1873.3499755859375,1850.9000244140625,1862.949951171875,1284085
2024-09-17,1863.0,1869.6500244140625,1859.25,1866.0999755859375,738265
2024-09-18,1868.0,1868.0,1829.5999755859375,1836.0,1202676
2024-09-19,1845.199951171875,1856.0,1835.0,1846.050048828125,1675819
2024-09-20,1851.0999755859375,1871.0,1841.9000244140625,1865.75,4229991
2024-09-23,1867.0,1875.0,1857.5,1862.699951171875,812520
2024-09-24,1856.0,1880.6500244140625,1856.0,1868.0999755859375,2528953
2024-09-25,1874.0,1876.0,1858.550048828125,1870.550048828125,956893
2024-09-26,1870.550048828125,1905.0,1867.050048828125,1898.4000244140625,2452807
2024-09-27,1917.949951171875,1959.300048828125,1915.25,1948.699951171875,3809008
2024-09-30,1949.0,1960.3499755859375,1921.050048828125,1926.699951171875,2608461
2024-10-01,1924.8499755859375,1934.75,1902.3499755859375,1919.949951171875,1275678
2024-10-03,1900.800048828125,1936.300048828125,1896.050048828125,1910.8499755859375,2492195
2024-10-04,1910.8499755859375,1952.25,1903.6500244140625,1910.050048828125,2798189
2024-10-07,1910.050048828125,1917.949951171875,1888.050048828125,1905.25,1691999
2024-10-08,1904.0,1921.449951171875,1901.550048828125,1917.1500244140625,2309881
2024-10-09,1894.550048828125,1947.0,1894.5,1930.8499755859375,1597182
2024-10-10,1929.5999755859375,1937.949951171875,1883.9000244140625,1887.75,2383012
2024-10-11,1899.0,1909.3499755859375,1890.5,1901.949951171875,1019117
2024-10-14,1903.0,1915.75,1895.0999755859375,1909.75,676879
2024-10-15,1918.0,1920.4000244140625,1894.6500244140625,1898.449951171875,1383203
2024-10-16,1908.949951171875,1914.699951171875,1887.0,1898.5,1401914
2024-10-17,1923.550048828125,1923.6500244140625,1879.6500244140625,1889.550048828125,1447059
2024-10-18,1900.0,1917.9000244140625,1872.699951171875,1910.3499755859375,1203693
2024-10-21,1918.800048828125,1920.550048828125,1890.550048828125,1897.0,660583
2024-10-22,1892.0,1906.0,1881.0,1887.550048828125,1192915
2024-10-23,1880.050048828125,1889.550048828125,1832.0,1839.3499755859375,1673366
2024-10-24,1830.0,1859.550048828125,1829.449951171875,1848.9000244140625,1739776
2024-10-25,1856.800048828125,1875.5999755859375,1850.0999755859375,1860.4000244140625,2148004
2024-10-28,1863.199951171875,1916.0,1835.0,1902.9000244140625,2445724
2024-10-29,1922.0,1922.699951171875,1862.0,1871.5999755859375,2295542
2024-10-30,1868.5,1880.9000244140625,1820.0,1852.0999755859375,1900203
2024-10-31,1860.0,1872.5,1842.0999755859375,1848.9000244140625,2572932
2024-11-01,1860.0,1864.949951171875,1831.550048828125,1858.4000244140625,107596
2024-11-04,1845.0,1845.0,1760.0999755859375,1808.9000244140625,5031861
2024-11-05,1805.0,1833.0,1799.449951171875,1803.5999755859375,1658010
2024-11-06,1815.550048828125,1840.0,1802.199951171875,1827.449951171875,2060619
2024-11-07,1845.0,1845.0,1778.800048828125,1790.949951171875,1909269
2024-11-08,1799.800048828125,1815.050048828125,1790.949951171875,1809.5999755859375,1644075
2024-11-11,1817.4000244140625,1817.6500244140625,1791.949951171875,1794.5999755859375,1069649
2024-11-12,1801.9000244140625,1825.0,1795.0999755859375,1800.8499755859375,2471888
2024-11-13,1791.0,1797.300048828125,1770.449951171875,1779.0,1810332
2024-11-14,1779.699951171875,1796.0,1763.1500244140625,1768.199951171875,1473358
2024-11-18,1799.0,1799.0,1743.199951171875,1747.75,1533025
2024-11-19,1730.050048828125,1806.75,1730.0,1777.25,1933316
2024-11-21,1772.0,1791.449951171875,1758.050048828125,1780.0,2014349
2024-11-22,1785.0,1814.949951171875,1768.050048828125,1795.300048828125,1420813
2024-11-25,1806.0,1830.0,1784.1500244140625,1798.9000244140625,3137448
2024-11-26,1806.75,1806.75,1753.199951171875,1761.5999755859375,1589883
2024-11-27,1760.0999755859375,1778.5999755859375,1740.25,1749.449951171875,1982546
2024-11-28,1749.449951171875,1760.699951171875,1723.4000244140625,1734.25,3071758
2024-11-29,1742.9000244140625,1795.800048828125,1739.199951171875,1780.9000244140625,2427677
2024-12-02,1800.0,1814.0,1792.1500244140625,1808.550048828125,1948045
2024-12-03,1831.25,1832.0,1788.3499755859375,1800.050048828125,1543970
2024-12-04,1810.5,1814.8499755859375,1785.0,1800.199951171875,2320116
2024-12-05,1808.699951171875,1825.949951171875,1775.4000244140625,1813.449951171875,2742263
2024-12-06,1815.8499755859375,1823.949951171875,1801.0,1804.8499755859375,1590478
2024-12-09,1814.800048828125,1819.949951171875,1796.699951171875,1806.6500244140625,1528215
2024-12-10,1821.0,1823.0,1796.0,1809.949951171875,2043634
2024-12-11,1824.300048828125,1826.3499755859375,1805.050048828125,1814.0,1745911
2024-12-12,1819.0,1820.0,1798.050048828125,1805.449951171875,1082394
2024-12-13,1804.75,1816.800048828125,1774.050048828125,1813.449951171875,1391111
2024-12-16,1818.699951171875,1822.5,1792.3499755859375,1809.800048828125,1483330
2024-12-17,1810.0,1815.75,1783.0999755859375,1789.050048828125,1608164
2024-12-18,1798.0,1822.449951171875,1792.800048828125,1801.050048828125,1732860
2024-12-19,1801.0,1829.4000244140625,1790.800048828125,1823.300048828125,1924091
2024-12-20,1823.300048828125,1825.949951171875,1794.0999755859375,1808.8499755859375,2513418
2024-12-23,1811.0,1828.0,1796.6500244140625,1814.5999755859375,1299181
2024-12-24,1814.9000244140625,1831.75,1803.1500244140625,1819.0,1121058
2024-12-26,1820.0,1845.050048828125,1814.4000244140625,1841.3499755859375,1402706
2024-12-27,1845.5,1866.0,1836.75,1861.25,1668898
2024-12-30,1862.050048828125,1895.75,1855.0,1883.9000244140625,6021550
2024-12-31,1876.800048828125,1910.0,1868.800048828125,1886.3499755859375,1844944
2025-01-01,1889.9000244140625,1902.949951171875,1878.6500244140625,1889.949951171875,1338092
2025-01-02,1892.0,1896.0,1864.949951171875,1878.0,2507223
2025-01-03,1878.0,1884.0,1844.0,1849.6500244140625,1515825
2025-01-06,1850.5,1856.5,1825.6500244140625,1847.4000244140625,1397724
2025-01-07,1848.550048828125,1865.0,1845.6500244140625,1853.4000244140625,1615649
2025-01-08,1862.5999755859375,1862.5999755859375,1829.199951171875,1837.75,1298188
2025-01-09,1841.0,1841.0,1814.0,1826.3499755859375,1199181
2025-01-10,1825.449951171875,1834.5999755859375,1772.75,1784.800048828125,857827
2025-01-13,1784.5999755859375,1785.550048828125,1742.449951171875,1746.9000244140625,1645287
2025-01-14,1755.0,1784.050048828125,1742.0999755859375,1770.8499755859375,1962645
2025-01-15,1772.800048828125,1775.0,1747.699951171875,1756.8499755859375,857867
2025-01-16,1775.050048828125,1775.5999755859375,1740.800048828125,1763.300048828125,2180496
2025-01-17,1779.0,1791.949951171875,1767.5999755859375,1786.550048828125,1163986
2025-01-20,1789.3499755859375,1800.449951171875,1768.300048828125,1778.25,1341246
2025-01-21,1772.0999755859375,1805.75,1759.5,1762.699951171875,2489267
2025-01-22,1777.0,1803.5999755859375,1773.8499755859375,1798.949951171875,2262270
2025-01-23,1788.0999755859375,1839.75,1786.050048828125,1833.5999755859375,1974760
2025-01-24,1829.0,1843.0999755859375,1808.199951171875,1822.199951171875,1277935
2025-01-27,1818.0999755859375,1824.25,1774.300048828125,1786.8499755859375,1452975
2025-01-28,1779.800048828125,1780.0,1693.0999755859375,1705.5,5972497
2025-01-29,1705.5,1744.0,1696.0,1735.3499755859375,1433336
2025-01-30,1740.449951171875,1760.300048828125,1725.300048828125,1739.0999755859375,2017991
2025-01-31,1742.0,1769.8499755859375,1706.050048828125,1743.949951171875,4275269
2025-02-01,1740.0,1789.0,1733.300048828125,1742.199951171875,1477972
2025-02-03,1781.449951171875,1785.9000244140625,1710.550048828125,1740.5999755859375,2210231
2025-02-04,1749.300048828125,1776.25,1740.6500244140625,1765.25,2796294
2025-02-05,1773.800048828125,1773.800048828125,1735.199951171875,1752.75,1787905
2025-02-06,1753.0,1768.3499755859375,1736.300048828125,1742.0,3421791
2025-02-07,1751.4000244140625,1753.0,1727.300048828125,1749.800048828125,1371545
2025-02-10,1741.25,1750.0,1723.699951171875,1732.0999755859375,1237839
2025-02-11,1725.199951171875,1734.199951171875,1695.050048828125,1699.75,2779274
2025-02-12,1706.449951171875,1714.949951171875,1688.050048828125,1693.8499755859375,1757284
2025-02-13,1700.0,1752.75,1699.949951171875,1746.3499755859375,2750390
2025-02-14,1747.3499755859375,1748.949951171875,1685.0,1700.5,2123774
2025-02-17,1700.5,1735.3499755859375,1696.050048828125,1714.199951171875,2277889
2025-02-18,1714.199951171875,1729.75,1698.4000244140625,1701.5999755859375,2163972
2025-02-19,1665.0999755859375,1699.0,1647.0999755859375,1676.5999755859375,2576319
2025-02-20,1667.1500244140625,1677.949951171875,1663.0,1669.300048828125,1670915
2025-02-21,1678.050048828125,1684.4000244140625,1632.0,1643.75,2244190
2025-02-24,1629.75,1669.9000244140625,1627.050048828125,1639.5,2357441
2025-02-25,1639.5,1647.800048828125,1606.25,1613.5999755859375,2836717
2025-02-27,1628.949951171875,1653.0999755859375,1605.050048828125,1647.5,2744489
2025-02-28,1671.0,1671.0,1586.4000244140625,1593.25,3549979
2025-03-03,1585.300048828125,1607.4000244140625,1582.199951171875,1585.0999755859375,1425492
2025-03-04,1585.0,1590.0,1556.0,1566.5,1717135
2025-03-05,1564.5999755859375,1586.300048828125,1553.050048828125,1582.449951171875,2428171
2025-03-06,1598.25,1617.9000244140625,1572.550048828125,1614.0,2458676
2025-03-07,1624.0,1628.75,1605.6500244140625,1609.300048828125,980890
2025-03-10,1621.949951171875,1641.449951171875,1602.75,1611.5,1600589
2025-03-11,1616.0999755859375,1663.5999755859375,1605.3499755859375,1655.300048828125,3325416
2025-03-12,1662.0,1680.25,1658.050048828125,1676.8499755859375,2389362
2025-03-13,1672.0,1687.1500244140625,1663.449951171875,1683.449951171875,1666929
2025-03-17,1694.050048828125,1720.1500244140625,1688.3499755859375,1704.300048828125,2588408
2025-03-19,1747.800048828125,1748.0,1726.300048828125,1732.3499755859375,2167448
2025-03-20,1735.6500244140625,1757.1500244140625,1722.9000244140625,1750.25,1602232
2025-03-21,1759.0,1792.800048828125,1750.25,1784.5,2483162
2025-03-24,1794.5,1820.0,1777.5999755859375,1784.800048828125,1182084
2025-03-25,1784.800048828125,1795.949951171875,1758.5,1764.75,1471028
2025-03-26,1767.949951171875,1770.800048828125,1746.0999755859375,1758.949951171875,1762361
2025-03-27,1751.0,1752.300048828125,1720.0,1731.449951171875,3279881
2025-03-28,1731.449951171875,1741.3499755859375,1705.199951171875,1734.699951171875,1956781
2025-04-01,1731.0,1733.949951171875,1681.5999755859375,1698.3499755859375,4142445
2025-04-02,1695.0,1718.449951171875,1685.9000244140625,1713.6500244140625,3369489
2025-04-03,1755.0,1812.699951171875,1750.0,1770.0,5715573
2025-04-04,1778.8499755859375,1778.8499755859375,1658.050048828125,1709.3499755859375,5345276
2025-04-07,1620.0999755859375,1692.0,1620.0999755859375,1666.3499755859375,5715334
2025-04-08,1645.0,1709.8499755859375,1645.0,1688.3499755859375,2807382
2025-04-09,1650.0,1679.75,1640.0,1652.199951171875,3481864
2025-04-11,1710.0,1737.0,1682.0999755859375,1687.550048828125,3801939
2025-04-15,1720.0,1724.5,1696.800048828125,1705.0,1993085
2025-04-16,1691.0999755859375,1702.699951171875,1682.0999755859375,1693.0999755859375,2205374
2025-04-17,1695.0,1758.0,1687.4000244140625,1751.5,2683908
2025-04-21,1761.0,1761.0,1731.300048828125,1744.9000244140625,1539511
2025-04-22,1751.0,1755.0,1734.5,1747.4000244140625,961907
2025-04-23,1754.199951171875,1791.300048828125,1742.0999755859375,1788.800048828125,1471029
2025-04-24,1790.0,1807.9000244140625,1773.9000244140625,1803.9000244140625,2101177
2025-04-25,1806.0,1815.5,1764.199951171875,1787.4000244140625,2036801
2025-04-28,1787.4000244140625,1846.0,1781.199951171875,1841.5999755859375,3216482
2025-04-29,1845.0,1846.0,1797.0,1805.5,2886160
2025-04-30,1810.0,1838.9000244140625,1803.300048828125,1832.300048828125,2667314
2025-05-02,1832.300048828125,1851.199951171875,1813.800048828125,1824.5999755859375,1885257
2025-05-05,1827.800048828125,1843.300048828125,1821.4000244140625,1836.5999755859375,1219830
2025-05-06,1820.0,1827.9000244140625,1799.0,1819.0999755859375,1414772
2025-05-07,1817.9000244140625,1826.4000244140625,1778.699951171875,1781.300048828125,2015237
2025-05-08,1781.300048828125,1788.9000244140625,1755.0,1767.199951171875,2647871
2025-05-09,1751.9000244140625,1766.300048828125,1731.699951171875,1744.800048828125,1148956
2025-05-12,1695.699951171875,1712.4000244140625,1623.5999755859375,1686.199951171875,9221075
2025-05-13,1711.0,1748.5,1691.300048828125,1700.0,6988329
2025-05-14,1702.0,1711.4000244140625,1692.0999755859375,1708.199951171875,1639324
2025-05-15,1701.0999755859375,1744.4000244140625,1684.0999755859375,1740.0999755859375,3880385
2025-05-16,1740.0,1741.5999755859375,1719.0,1734.9000244140625,1448249
2025-05-19,1745.0,1765.0,1726.5999755859375,1730.199951171875,2074023
2025-05-20,1743.800048828125,1748.0,1703.300048828125,1707.800048828125,2706777
2025-05-21,1716.4000244140625,1758.699951171875,1707.800048828125,1731.800048828125,2754306
2025-05-22,1734.199951171875,1740.0,1707.199951171875,1718.699951171875,2670554
2025-05-23,1658.0,1689.5,1636.5999755859375,1683.5999755859375,8339783
2025-05-26,1693.0999755859375,1702.4000244140625,1667.0,1676.0999755859375,2282131
2025-05-27,1676.0999755859375,1692.0,1661.0999755859375,1683.4000244140625,2800622
2025-05-28,1683.4000244140625,1686.9000244140625,1663.0,1666.4000244140625,2657712
2025-05-29,1675.0,1703.300048828125,1670.4000244140625,1699.800048828125,2377583
2025-05-30,1702.0,1713.5999755859375,1669.0999755859375,1677.5999755859375,3640641
2025-06-02,1679.0,1683.5,1660.5,1674.5999755859375,1819538
2025-06-03,1695.0,1695.0,1657.5999755859375,1667.5,2556920
2025-06-04,1656.0,1669.0,1649.0,1664.9000244140625,1700482
2025-06-05,1662.0,1694.300048828125,1662.0,1683.0999755859375,2037073
2025-06-06,1685.0,1689.0,1669.0,1679.199951171875,2500047
2025-06-09,1679.9000244140625,1698.800048828125,1673.300048828125,1694.4000244140625,2589656
2025-06-10,1701.800048828125,1706.9000244140625,1677.699951171875,1688.800048828125,2369135
2025-06-11,1694.800048828125,1695.0,1679.300048828125,1690.5999755859375,1999978
2025-06-12,1694.9000244140625,1727.5,1681.0999755859375,1687.4000244140625,3588365
2025-06-13,1666.800048828125,1700.0,1661.0999755859375,1687.800048828125,2404272
2025-06-16,1665.0,1689.800048828125,1655.699951171875,1685.300048828125,2249326
2025-06-17,1680.0,1681.699951171875,1641.0999755859375,1650.199951171875,5408285
2025-06-18,1645.0,1661.300048828125,1638.5,1648.0,1455885
2025-06-19,1648.0999755859375,1655.300048828125,1636.0,1647.5999755859375,1696525
2025-06-20,1647.5999755859375,1670.0,1645.5999755859375,1665.0999755859375,2567882
2025-06-23,1663.199951171875,1667.0,1647.199951171875,1662.5,840643
2025-06-24,1670.5,1686.4000244140625,1658.800048828125,1661.699951171875,2066326
2025-06-25,1661.699951171875,1678.800048828125,1658.0999755859375,1669.5999755859375,1372945
2025-06-26,1674.800048828125,1678.9000244140625,1650.4000244140625,1669.800048828125,2102627
2025-06-27,1670.199951171875,1695.699951171875,1668.199951171875,1687.5999755859375,5313904
2025-06-30,1696.0,1704.5,1671.5999755859375,1675.699951171875,2160184
2025-07-01,1675.699951171875,1684.300048828125,1657.5,1667.199951171875,3298070
2025-07-02,1656.0,1682.0,1656.0,1677.5,1611046
2025-07-03,1677.5,1692.800048828125,1674.5,1679.699951171875,1553777
2025-07-04,1686.699951171875,1686.699951171875,1671.5999755859375,1676.300048828125,1264399
2025-07-07,1674.699951171875,1682.4000244140625,1663.0,1679.9000244140625,1550620
2025-07-08,1680.0,1682.0,1649.0999755859375,1672.5,1860328
2025-07-09,1660.0,1680.800048828125,1647.0,1669.4000244140625,2178705
2025-07-10,1662.0,1670.5999755859375,1647.199951171875,1662.5,1741718
2025-07-11,1665.800048828125,1679.9000244140625,1662.199951171875,1672.0,1298302
2025-07-14,1680.4000244140625,1696.9000244140625,1675.5,1682.5999755859375,1309704
2025-07-15,1705.0,1730.9000244140625,1687.9000244140625,1727.5,3332578
2025-07-16,1730.0,1731.300048828125,1698.0,1701.0,2285143
2025-07-17,1704.0,1717.0,1696.0,1703.4000244140625,1461039
2025-07-18,1709.0,1709.4000244140625,1686.699951171875,1693.5999755859375,1253929
2025-07-21,1681.0999755859375,1701.4000244140625,1677.5,1692.300048828125,2390289
2025-07-22,1686.0999755859375,1693.0999755859375,1672.800048828125,1678.0,1244491
2025-07-23,1678.5,1689.5999755859375,1671.4000244140625,1682.5,1229173
2025-07-24,1682.5,1696.0,1680.0999755859375,1692.0,1079045
2025-07-25,1690.0,1702.0,1682.199951171875,1699.0,1088592
2025-07-28,1702.0999755859375,1710.0999755859375,1693.9000244140625,1702.199951171875,2168507
2025-07-29,1698.0,1718.0,1697.0999755859375,1710.5,1325544
2025-07-30,1720.0,1740.5,1712.0999755859375,1733.800048828125,2318723
2025-07-31,1715.5,1748.0,1694.0,1706.699951171875,3233087
2025-08-01,1690.0,1695.0,1608.0,1629.699951171875,8774548
2025-08-04,1629.800048828125,1647.4000244140625,1613.5999755859375,1641.5999755859375,1898762
2025-08-05,1640.9000244140625,1644.5999755859375,1620.0999755859375,1632.0999755859375,1622897
2025-08-06,1629.699951171875,1629.699951171875,1591.0,1595.199951171875,2376257
2025-08-07,1581.0,1605.4000244140625,1571.0,1598.4000244140625,3435674
2025-08-08,1590.0,1602.0,1580.9000244140625,1586.9000244140625,1654424
2025-08-11,1586.9000244140625,1660.0,1584.199951171875,1608.4000244140625,1140902
2025-08-12,1611.699951171875,1636.699951171875,1610.0999755859375,1622.199951171875,1679088
2025-08-13,1624.199951171875,1643.5,1617.300048828125,1639.800048828125,1313668
2025-08-14,1639.800048828125,1651.0999755859375,1632.199951171875,1641.4000244140625,1738094
2025-08-18,1649.5999755859375,1649.5999755859375,1625.4000244140625,1632.699951171875,3080173
2025-08-19,1632.800048828125,1638.0,1619.0999755859375,1626.5999755859375,2656391
2025-08-20,1634.0,1636.5,1616.0,1633.0999755859375,1831706
2025-08-21,1630.800048828125,1652.5,1623.9000244140625,1640.199951171875,1727099
2025-08-22,1642.0,1651.4000244140625,1635.0999755859375,1641.800048828125,2098310
2025-08-25,1649.199951171875,1660.5,1634.0,1656.699951171875,1904984
2025-08-26,1645.0,1647.4000244140625,1596.199951171875,1600.300048828125,4502371
2025-08-28,1593.0999755859375,1600.0,1567.5999755859375,1585.699951171875,4993739
2025-08-29,1581.0,1601.699951171875,1575.800048828125,1594.5,3176534
2025-09-01,1599.0,1600.199951171875,1556.199951171875,1563.300048828125,9366820
2025-09-02,1566.0,1570.300048828125,1558.0,1565.199951171875,2855840
2025-09-03,1562.0999755859375,1581.0999755859375,1558.300048828125,1578.699951171875,2091370
2025-09-04,1597.0,1597.0,1561.0,1582.300048828125,2298657
2025-09-05,1582.4000244140625,1599.300048828125,1575.5,1593.5999755859375,1814479
2025-09-08,1597.5999755859375,1604.5,1578.199951171875,1581.0,1369139
2025-09-09,1580.0,1597.0,1577.5,1591.699951171875,1709406
2025-09-10,1592.0999755859375,1601.5999755859375,1582.4000244140625,1593.4000244140625,2408379
2025-09-11,1592.5,1617.0,1591.0,1609.699951171875,1762484
2025-09-12,1610.0,1622.5,1603.0999755859375,1616.5999755859375,1878894
2025-09-15,1616.5999755859375,1617.0999755859375,1595.4000244140625,1602.0,2005917
2025-09-16,1602.5,1615.0,1600.0,1610.5,1480567
2025-09-17,1612.5999755859375,1622.0999755859375,1607.4000244140625,1620.199951171875,2128406
2025-09-18,1635.0999755859375,1651.300048828125,1627.699951171875,1648.5999755859375,1832386
2025-09-19,1648.5999755859375,1668.0999755859375,1643.0999755859375,1656.0,3191406
2025-09-22,1650.0,1657.9000244140625,1635.300048828125,1644.0,1785320
2025-09-23,1643.199951171875,1644.0,1625.0999755859375,1631.199951171875,1967731
2025-09-24,1630.0,1635.9000244140625,1625.0,1627.0999755859375,1131058
2025-09-25,1627.9000244140625,1642.800048828125,1622.699951171875,1627.4000244140625,2762750
2025-09-26,1585.0,1602.9000244140625,1548.0,1586.699951171875,7256759
2025-09-29,1581.0,1618.9000244140625,1580.0,1589.300048828125,4180922
2025-09-30,1589.0999755859375,1604.300048828125,1586.0,1594.300048828125,2257443
2025-10-01,1611.9000244140625,1651.5,1611.9000244140625,1636.199951171875,3109095
2025-10-03,1600.0,1645.5,1600.0,1631.199951171875,4041865
2025-10-06,1630.0,1659.699951171875,1620.0,1654.699951171875,1756916
2025-10-07,1649.4000244140625,1663.0,1647.0,1653.0999755859375,2174852
2025-10-08,1645.0,1655.0,1629.0,1631.5999755859375,1846507
2025-10-09,1645.0,1662.300048828125,1632.4000244140625,1658.5,2197566
2025-10-10,1655.0,1676.5999755859375,1649.0,1670.9000244140625,1454056
2025-10-13,1662.5,1675.0,1655.800048828125,1668.4000244140625,1375179
2025-10-14,1667.5999755859375,1669.9000244140625,1646.199951171875,1654.4000244140625,2108287
2025-10-15,1652.5,1668.699951171875,1650.0999755859375,1655.0999755859375,2088737
2025-10-16,1654.0,1662.9000244140625,1643.199951171875,1659.0,2895957
2025-10-17,1658.199951171875,1692.0,1656.699951171875,1679.0999755859375,1594147
2025-10-20,1684.9000244140625,1696.9000244140625,1682.800048828125,1688.5999755859375,1647622
2025-10-21,1690.0,1696.0,1684.0,1690.5,74296
2025-10-23,1705.0,1712.0,1682.199951171875,1689.9000244140625,2687094
2025-10-24,1690.0,1701.9000244140625,1686.0,1699.0,994307
2025-10-27,1701.0,1708.5,1690.0,1693.5999755859375,2067904
2025-10-28,1692.0,1702.699951171875,1679.199951171875,1687.0,2440939
2025-10-29,1690.0,1722.0,1687.300048828125,1715.9000244140625,1016738
2025-10-30,1715.800048828125,1716.9000244140625,1680.0999755859375,1703.4000244140625,1986233
2025-10-31,1700.0,1705.0,1686.800048828125,1690.699951171875,1560918
2025-11-03,1688.199951171875,1712.800048828125,1681.199951171875,1706.4000244140625,1099955
2025-11-04,1707.0,1711.199951171875,1682.199951171875,1690.0,1597993
2025-11-06,1699.0,1723.9000244140625,1667.0,1685.9000244140625,3389867
2025-11-07,1694.0,1710.0,1683.0999755859375,1691.4000244140625,1512908
2025-11-10,1697.5,1703.0999755859375,1685.800048828125,1697.800048828125,1235665
2025-11-11,1701.5999755859375,1719.0,1695.0,1716.0999755859375,1315353
2025-11-12,1721.4000244140625,1744.0999755859375,1710.199951171875,1732.0999755859375,1833097
2025-11-13,1734.5,1747.800048828125,1725.4000244140625,1737.4000244140625,1727602
2025-11-14,1737.4000244140625,1760.0999755859375,1734.699951171875,1757.0999755859375,1667322
2025-11-17,1765.800048828125,1768.0,1747.699951171875,1763.9000244140625,1430618
2025-11-18,1764.0,1764.5,1750.0,1758.800048828125,1429522
2025-11-19,1762.0,1790.300048828125,1751.0999755859375,1784.0999755859375,2131124
2025-11-20,1790.0,1792.0,1773.0999755859375,1777.4000244140625,1513894
2025-11-21,1778.0,1787.4000244140625,1773.699951171875,1779.699951171875,2199311
2025-11-24,1785.9000244140625,1785.9000244140625,1771.800048828125,1780.800048828125,3434492
2025-11-25,1785.0,1792.0999755859375,1766.0999755859375,1776.800048828125,1848114
2025-11-26,1775.5,1806.9000244140625,1773.5999755859375,1804.9000244140625,1158948
2025-11-27,1802.0999755859375,1814.9000244140625,1802.0999755859375,1810.300048828125,2902053
2025-11-28,1810.300048828125,1833.0,1807.5,1831.5999755859375,1623103
2025-12-01,1841.0,1849.0,1801.0,1807.4000244140625,1869293
2025-12-02,1804.0,1814.9000244140625,1788.5999755859375,1799.5,2948688
2025-12-03,1805.0,1816.0,1782.5,1806.699951171875,2114510
2025-12-04,1808.4000244140625,1823.199951171875,1798.300048828125,1818.300048828125,1713961
2025-12-05,1819.0,1820.199951171875,1800.199951171875,1805.300048828125,1777401
2025-12-08,1805.300048828125,1806.0,1785.699951171875,1796.199951171875,2410074
2025-12-09,1796.0,1801.199951171875,1772.0,1776.0,2401728
2025-12-10,1787.9000244140625,1791.699951171875,1767.9000244140625,1785.5,2321746
2025-12-11,1778.0,1810.5,1775.0999755859375,1807.199951171875,1280916
2025-12-12,1808.0,1811.800048828125,1791.0,1793.5,1442309
2025-12-15,1779.0,1804.5999755859375,1777.5999755859375,1797.0999755859375,1396948
2025-12-16,1790.0,1791.9000244140625,1778.300048828125,1781.300048828125,1533979
2025-12-17,1781.0,1797.5999755859375,1771.5,1792.9000244140625,1910628
2025-12-18,1785.0,1785.0,1736.0,1745.9000244140625,3461351
2025-12-19,1747.0,1760.0,1741.199951171875,1744.9000244140625,2768986
2025-12-22,1744.9000244140625,1773.199951171875,1743.0999755859375,1769.800048828125,1467257
2025-12-23,1772.0,1774.5999755859375,1751.699951171875,1755.9000244140625,1124853
2025-12-24,1755.9000244140625,1759.0,1719.0,1737.0,2224786
2025-12-26,1737.0,1737.0,1708.0,1719.5,2507337
2025-12-29,1719.5,1727.5,1710.300048828125,1717.199951171875,1800816
2025-12-30,1723.0999755859375,1723.0999755859375,1707.0,1720.199951171875,2639497
2025-12-31,1720.199951171875,1725.5999755859375,1715.5,1719.699951171875,1428439
2026-01-01,1720.0,1726.0,1708.9000244140625,1721.0999755859375,877515
2026-01-02,1721.0999755859375,1732.0,1719.4000244140625,1728.0,974123
2026-01-05,1728.0,1746.0,1723.4000244140625,1728.9000244140625,1416698
2026-01-06,1725.699951171875,1762.5999755859375,1725.699951171875,1760.199951171875,1658801
2026-01-07,1755.0,1806.5999755859375,1748.5,1782.5999755859375,3059500
2026-01-08,1766.0,1778.5999755859375,1757.699951171875,1760.699951171875,1910656
2026-01-09,1765.199951171875,1765.199951171875,1727.0,1729.9000244140625,1585689
2026-01-12,1732.0999755859375,1744.300048828125,1714.0999755859375,1736.0,2327272
2026-01-13,1743.0,1743.800048828125,1712.0999755859375,1728.699951171875,1770082
2026-01-14,1737.0999755859375,1737.0999755859375,1689.199951171875,1700.699951171875,2479677
2026-01-16,1708.0,1708.0,1659.300048828125,1668.9000244140625,3697596
2026-01-19,1650.0,1687.300048828125,1600.0,1675.4000244140625,2975272
2026-01-20,1674.0999755859375,1674.0999755859375,1602.800048828125,1613.800048828125,5019166
2026-01-21,1637.0,1645.0,1607.699951171875,1612.9000244140625,3947877
2026-01-22,1614.0999755859375,1646.5,1613.199951171875,1634.199951171875,2279862
2026-01-23,1640.0,1648.9000244140625,1625.4000244140625,1631.9000244140625,1678658
2026-01-27,1658.199951171875,1658.199951171875,1622.300048828125,1638.9000244140625,2666522
2026-01-28,1639.9000244140625,1649.300048828125,1600.0,1610.5999755859375,4124391
2026-01-29,1625.0,1625.0,1583.699951171875,1589.300048828125,5796513
2026-01-30,1589.300048828125,1606.5,1585.0999755859375,1595.300048828125,3962196
2026-02-02,1634.0,1634.0,1598.199951171875,1627.9000244140625,2721280
2026-02-03,1709.9000244140625,1725.0,1671.0,1702.0999755859375,8520586
2026-02-04,1714.9000244140625,1729.0,1695.300048828125,1704.4000244140625,3952775
2026-02-05,1699.0,1710.0,1684.300048828125,1702.5999755859375,3074842
2026-02-06,1709.0,1709.0,1689.5999755859375,1695.0999755859375,1277116
2026-02-09,1706.699951171875,1713.4000244140625,1696.0,1704.5999755859375,2647031
2026-02-10,1709.5999755859375,1719.800048828125,1702.0999755859375,1707.800048828125,1869988
2026-02-11,1715.0,1716.699951171875,1702.5,1711.0999755859375,1175501
2026-02-12,1714.800048828125,1719.0,1701.199951171875,1714.9000244140625,1359444
2026-02-13,1714.9000244140625,1719.0,1694.5999755859375,1697.5,1148165
2026-02-16,1697.5,1715.0,1693.4000244140625,1700.5,1247403
2026-02-17,1696.0,1719.0,1693.9000244140625,1717.0999755859375,1053855
2026-02-18,1720.4000244140625,1730.5999755859375,1717.0999755859375,1724.4000244140625,1262429
2026-02-19,1722.199951171875,1727.0,1710.0,1713.4000244140625,1143429
2026-02-20,1710.0999755859375,1727.0,1708.0999755859375,1724.4000244140625,1203988
2026-02-23,1732.9000244140625,1735.800048828125,1720.199951171875,1732.300048828125,1550400
2026-02-24,1732.0,1745.9000244140625,1723.699951171875,1731.800048828125,2769363
2026-02-25,1742.0,1770.4000244140625,1733.4000244140625,1764.199951171875,1200997
2026-02-26,1764.199951171875,1792.199951171875,1760.300048828125,1785.699951171875,2076586
2026-02-27,1779.0,1788.0999755859375,1730.9000244140625,1737.0,3041489
2026-03-02,1712.0,1759.9000244140625,1712.0,1752.5,3919270
2026-03-04,1721.199951171875,1757.199951171875,1721.0,1750.5,4914857
2026-03-05,1750.0,1794.9000244140625,1748.0,1784.5,3600895
2026-03-06,1784.5,1805.5999755859375,1771.800048828125,1799.4000244140625,3669921
2026-03-09,1772.9000244140625,1815.0,1770.0,1807.4000244140625,4112775
2026-03-10,1810.0,1825.0999755859375,1803.300048828125,1812.800048828125,3298680
2026-03-11,1823.0,1843.0,1818.0999755859375,1825.9000244140625,2510495
2026-03-12,1828.0,1833.5999755859375,1808.4000244140625,1825.300048828125,2606057
2026-03-13,1822.0,1833.300048828125,1797.0,1801.5999755859375,2554627
2026-03-16,1801.5999755859375,1818.0,1768.800048828125,1783.199951171875,2452391
2026-03-17,1794.0999755859375,1806.0999755859375,1781.0999755859375,1794.4000244140625,1979497
2026-03-18,1799.5999755859375,1805.0,1773.199951171875,1778.300048828125,2436459
2026-03-19,1760.5,1784.0,1737.9000244140625,1744.4000244140625,2301164
2026-03-20,1755.0999755859375,1781.300048828125,1754.300048828125,1777.0999755859375,3591446
2026-03-23,1774.800048828125,1775.0,1741.0999755859375,1758.4000244140625,2783613
2026-03-24,1775.0,1779.9000244140625,1745.0999755859375,1753.300048828125,2040152
2026-03-25,1766.699951171875,1809.5,1755.5,1795.4000244140625,1900794
2026-03-27,1785.0,1819.0,1785.0,1793.5999755859375,2975423
2026-03-30,1786.800048828125,1790.0,1750.0999755859375,1757.199951171875,4182503
2026-04-01,1762.0999755859375,1788.0,1713.199951171875,1728.5,3245628
2026-04-02,1665.0,1700.0,1620.0,1693.5999755859375,3937824
2026-04-06,1684.300048828125,1699.0,1654.9000244140625,1694.5999755859375,3533715
2026-04-07,1689.800048828125,1723.9000244140625,1681.300048828125,1718.0,2471378
2026-04-08,1730.0,1749.199951171875,1685.5,1714.5999755859375,4859877
2026-04-09,1702.699951171875,1730.9000244140625,1702.699951171875,1717.0999755859375,3276165
2026-04-10,1699.199951171875,1700.0,1630.4000244140625,1654.9000244140625,8089531
2026-04-13,1654.9000244140625,1668.699951171875,1640.0999755859375,1652.199951171875,3751005
2026-04-15,1675.0,1699.199951171875,1657.699951171875,1696.5999755859375,3760449
2026-04-16,1713.9000244140625,1713.9000244140625,1666.5999755859375,1693.0999755859375,4512633
2026-04-17,1696.9000244140625,1696.9000244140625,1670.5,1675.5,3146482
2026-04-20,1680.0,1680.0,1665.0,1668.5999755859375,1834532
2026-04-21,1667.199951171875,1682.9000244140625,1659.9000244140625,1665.199951171875,3631490
2026-04-22,1665.199951171875,1673.9000244140625,1652.4000244140625,1669.800048828125,2169514
2026-04-23,1669.0,1713.0,1661.199951171875,1680.0999755859375,3245164
2026-04-24,1670.4000244140625,1673.300048828125,1613.5999755859375,1620.4000244140625,9606128
2026-04-27,1625.0,1766.9000244140625,1621.9000244140625,1733.5,26995361
2026-04-28,1724.0,1763.9000244140625,1714.300048828125,1747.300048828125,16599167
2026-04-29,1756.0,1789.800048828125,1750.0,1778.699951171875,9809449
2026-04-30,1771.0,1815.0,1761.4000244140625,1808.300048828125,4749798
2026-05-04,1820.0,1841.0,1810.0,1823.5,4206373
2026-05-05,1828.5,1831.699951171875,1798.5999755859375,1820.800048828125,3011421
2026-05-06,1837.0,1857.800048828125,1818.4000244140625,1850.199951171875,3247156
2026-05-07,1850.199951171875,1857.0999755859375,1826.300048828125,1834.4000244140625,2201070
2026-05-08,1822.0,1857.5,1819.199951171875,1847.9000244140625,2837885
2026-05-11,1827.199951171875,1885.800048828125,1825.0,1872.699951171875,2564978
2026-05-12,1875.0,1879.4000244140625,1840.0,1845.699951171875,3263351
2026-05-13,1845.699951171875,1860.0,1820.0,1824.800048828125,1972365
2026-05-14,1852.0,1867.5,1829.699951171875,1863.199951171875,2429220
2026-05-15,1874.0,1887.9000244140625,1863.199951171875,1878.199951171875,2756465
2026-05-18,1878.199951171875,1911.0,1865.0,1905.800048828125,3456331
2026-05-19,1900.5,1916.5999755859375,1880.0,1882.300048828125,2200951
2026-05-20,1880.0,1892.9000244140625,1872.0,1880.300048828125,1376695
2026-05-21,1892.0,1899.5999755859375,1868.0999755859375,1891.300048828125,1605806
2026-05-22,1903.0,1903.0,1833.0999755859375,1844.5999755859375,3610732
2026-05-25,1840.0,1849.0,1825.0,1840.5999755859375,3049028
2026-05-26,1830.0,1844.9000244140625,1815.9000244140625,1840.800048828125,2337759
2026-05-27,1865.0,1882.0,1830.0,1844.300048828125,1385752
2026-05-29,1844.300048828125,1852.800048828125,1785.300048828125,1799.199951171875,10058572
2026-06-01,1812.0,1812.0999755859375,1777.0999755859375,1796.5,2051152
2026-06-02,1794.199951171875,1800.0,1766.5,1789.9000244140625,2885899
2026-06-03,1781.0,1796.300048828125,1756.800048828125,1788.5,4209769
2026-06-04,1787.0,1793.4000244140625,1768.5999755859375,1780.0999755859375,2343536
2026-06-05,1789.0,1802.9000244140625,1779.0,1782.199951171875,2495159
2026-06-08,1780.699951171875,1803.5,1773.5,1788.800048828125,3098542
2026-06-09,1787.699951171875,1796.5999755859375,1766.0999755859375,1779.0,3756570
2026-06-10,1779.5999755859375,1797.5999755859375,1771.0,1786.4000244140625,1882009
2026-06-11,1780.0,1805.0,1778.699951171875,1794.199951171875,1858093
2026-06-12,1807.0,1814.5,1792.5,1807.699951171875,1243362
2026-06-15,1818.0,1818.0,1797.800048828125,1806.0,2188933
2026-06-16,1808.0,1809.9000244140625,1792.5999755859375,1800.699951171875,1373638
2026-06-17,1814.0,1823.4000244140625,1802.5999755859375,1820.4000244140625,1771990
2026-06-18,1817.5,1830.0,1812.5,1824.800048828125,2054738
2026-06-19,1824.0,1842.699951171875,1820.9000244140625,1838.300048828125,2126703
2026-06-22,1845.0,1865.199951171875,1834.0,1862.9000244140625,1588758
2026-06-23,1870.0,1902.4000244140625,1861.199951171875,1868.0,2812236
2026-06-24,1868.0,1882.0999755859375,1864.9000244140625,1874.4000244140625,1406231
2026-06-25,1870.0,1887.0,1858.0,1862.800048828125,1816438
2026-06-29,1876.800048828125,1897.0999755859375,1855.9000244140625,1874.800048828125,1655869
2026-06-30,1885.0,1892.9000244140625,1859.4000244140625,1862.5,2352774
2026-07-01,1877.9000244140625,1887.4000244140625,1860.199951171875,1866.199951171875,1230360
2026-07-02,1876.0,1882.0,1868.300048828125,1871.0,1485296
2026-07-03,1880.0,1925.0999755859375,1871.5999755859375,1904.800048828125,2168491
2026-07-06,1904.0,1917.0,1900.0,1912.800048828125,1213635
2026-07-07,1900.5999755859375,1924.9000244140625,1898.5999755859375,1903.4000244140625,2060613
2026-07-08,1904.0,1929.5,1875.0999755859375,1888.199951171875,2785926
2026-07-09,1889.9000244140625,1952.0,1888.199951171875,1938.699951171875,4446201
2026-07-10,1942.800048828125,1953.9000244140625,1926.5999755859375,1935.5,1478172
2026-07-13,1925.9000244140625,1933.0999755859375,1911.0,1921.4000244140625,1573176
2026-07-14,1910.0,1950.800048828125,1910.0,1942.5999755859375,2822124
2026-07-15,1955.0,1962.699951171875,1943.300048828125,1951.5,2283494
2026-07-16,1950.0,1957.699951171875,1943.0,1950.0999755859375,1396189
2026-07-17,1948.699951171875,1952.5999755859375,1922.5,1932.5999755859375,2475664
2026-07-20,1942.0,1958.800048828125,1935.0,1956.4000244140625,1676034
2026-07-21,1952.0999755859375,1966.5,1938.199951171875,1961.9000244140625,1412579
2026-07-22,1938.0,1951.800048828125,1925.199951171875,1943.0,1718430
2026-07-23,1929.0999755859375,1958.5,1926.800048828125,1954.0,2057288
2026-07-24,1945.0,1959.800048828125,1934.800048828125,1941.0999755859375,1578929
2026-07-27,1948.5,1977.0,1933.0,1973.699951171875,5414380
2026-07-28,1978.800048828125,1993.0,1970.9000244140625,1976.699951171875,4579529
2026-07-29,1977.0,1992.699951171875,1960.4000244140625,1989.9000244140625,2682281
