Date,Open,High,Low,Close,Volume
2017-11-24,28.25,32.400001525878906,28.25,32.400001525878906,2832000
2017-11-27,34.0,36.5625,31.337499618530273,35.67499923706055,1900800
2017-11-28,37.349998474121094,37.349998474121094,34.025001525878906,34.5625,652800
2017-11-29,34.63750076293945,35.75,34.537498474121094,34.67499923706055,417600
2017-11-30,33.75,34.625,33.5,34.0,96000
2017-12-01,33.5,33.75,33.125,33.3125,100800
2017-12-04,34.25,38.25,34.07500076293945,37.525001525878906,345600
2017-12-05,37.287498474121094,38.474998474121094,36.76250076293945,38.025001525878906,192000
2017-12-06,37.275001525878906,38.0,37.275001525878906,37.962501525878906,57600
2017-12-07,38.400001525878906,45.54999923706055,38.400001525878906,45.54999923706055,316800
2017-12-08,48.5,54.650001525878906,48.5,50.849998474121094,412800
2017-12-11,52.5,53.9375,51.875,52.5625,240000
2017-12-12,52.0625,52.0625,48.8125,49.3125,144000
2017-12-13,49.337501525878906,54.23749923706055,49.337501525878906,52.337501525878906,225600
2017-12-14,53.75,54.8125,51.25,51.25,48000
2017-12-15,54.75,55.0,53.0,54.51250076293945,110400
2017-12-18,54.75,56.45000076293945,54.75,55.25,134400
2017-12-19,55.26250076293945,56.25,53.287498474121094,55.07500076293945,105600
2017-12-20,52.54999923706055,56.25,52.54999923706055,56.25,33600
2017-12-21,56.25,56.25,56.0,56.125,38400
2017-12-22,53.76250076293945,57.875,52.01250076293945,57.5,62400
2017-12-26,57.25,63.25,57.25,63.25,115200
2017-12-27,63.75,69.57499694824219,63.75,69.57499694824219,120000
2017-12-28,72.5,73.05000305175781,71.42500305175781,73.05000305175781,52800
2017-12-29,76.25,76.69999694824219,75.5,76.69999694824219,57600
2018-01-01,77.5,80.42500305175781,72.875,72.875,100800
2018-01-02,69.25,69.25,69.23750305175781,69.23750305175781,33600
2018-01-03,66.25,71.5,65.7874984741211,66.2249984741211,148800
2018-01-04,64.1624984741211,66.25,63.75,63.787498474121094,48000
2018-01-05,60.625,64.75,60.625,62.912498474121094,129600
2018-01-08,62.150001525878906,63.23749923706055,62.125,62.125,38400
2018-01-09,59.025001525878906,63.61249923706055,59.025001525878906,61.775001525878906,33600
2018-01-10,62.5,64.0,62.5,64.0,24000
2018-01-11,63.775001525878906,63.875,63.25,63.25,24000
2018-01-12,62.0,63.48749923706055,62.0,62.5,57600
2018-01-15,61.775001525878906,61.875,60.0,60.625,48000
2018-01-16,59.25,60.875,57.599998474121094,59.4375,57600
2018-01-17,58.5,58.5,56.650001525878906,57.48749923706055,33600
2018-01-18,58.48749923706055,58.48749923706055,56.25,57.212501525878906,19200
2018-01-19,56.0,56.125,54.36249923706055,55.0,52800
2018-01-23,55.25,56.25,55.25,56.25,14400
2018-01-24,57.75,57.75,56.25,56.25,9600
2018-01-29,56.5,57.0,56.07500076293945,56.07500076293945,19200
2018-01-30,53.275001525878906,53.400001525878906,53.275001525878906,53.275001525878906,38400
2018-01-31,50.92499923706055,53.5,50.625,52.75,38400
2018-02-01,52.25,52.25,50.5,50.5,9600
2018-02-02,48.5,48.5,47.98749923706055,48.037498474121094,48000
2018-02-05,45.662498474121094,45.75,45.63750076293945,45.75,43200
2018-02-06,43.462501525878906,43.462501525878906,43.462501525878906,43.462501525878906,48000
2018-02-07,45.625,45.625,45.625,45.625,19200
2018-02-09,49.5,50.287498474121094,47.900001525878906,50.287498474121094,57600
2018-02-14,55.4375,55.4375,54.5625,55.4375,33600
2018-02-15,58.20000076293945,58.20000076293945,58.20000076293945,58.20000076293945,62400
2018-02-16,61.0625,61.099998474121094,55.29999923706055,56.57500076293945,139200
2018-02-19,53.775001525878906,56.224998474121094,53.775001525878906,56.224998474121094,9600
2018-02-21,50.76250076293945,50.76250076293945,50.76250076293945,50.76250076293945,4800
2018-02-22,48.224998474121094,49.75,48.224998474121094,49.75,43200
2018-02-23,52.0,52.23749923706055,52.0,52.07500076293945,14400
2018-02-26,49.474998474121094,49.474998474121094,49.474998474121094,49.474998474121094,4800
2018-02-28,49.474998474121094,49.474998474121094,47.01250076293945,47.01250076293945,24000
2018-03-01,44.775001525878906,49.0,44.775001525878906,49.0,24000
2018-03-05,49.75,49.75,49.75,49.75,4800
2018-03-06,48.75,48.75,48.5,48.5,9600
2018-03-07,46.5,46.8125,46.07500076293945,46.07500076293945,24000
2018-03-08,46.07500076293945,46.07500076293945,46.07500076293945,46.07500076293945,4800
2018-03-09,44.5,45.875,44.0,45.875,24000
2018-03-12,44.099998474121094,48.0,44.07500076293945,48.0,38400
2018-03-13,50.29999923706055,50.375,47.76250076293945,50.1875,48000
2018-03-14,48.5,50.974998474121094,48.5,50.962501525878906,19200
2018-03-16,51.75,51.75,48.42499923706055,48.42499923706055,19200
2018-03-19,48.875,48.875,48.875,48.875,4800
2018-03-20,46.5,46.5,46.5,46.5,4800
2018-03-21,48.25,48.25,48.25,48.25,9600
2018-03-22,48.125,48.125,46.025001525878906,47.07500076293945,9600
2018-03-23,48.0,48.0,45.587501525878906,45.587501525878906,33600
2018-03-26,44.537498474121094,45.5,44.537498474121094,45.5,9600
2018-03-27,46.0,46.0,44.775001525878906,44.900001525878906,24000
2018-03-28,45.0,45.3125,44.775001525878906,44.775001525878906,24000
2018-04-02,46.29999923706055,46.29999923706055,45.75,45.75,14400
2018-04-03,45.724998474121094,46.1875,44.5,44.5,14400
2018-04-04,45.0,45.0,42.275001525878906,44.849998474121094,81600
2018-04-06,46.0,46.75,46.0,46.75,14400
2018-04-09,48.75,48.75,48.20000076293945,48.20000076293945,14400
2018-04-10,46.32500076293945,48.75,46.32500076293945,47.75,28800
2018-04-11,49.25,49.25,49.25,49.25,4800
2018-04-12,48.75,51.5,48.75,50.6875,33600
2018-04-13,50.5,53.212501525878906,50.5,53.20000076293945,43200
2018-04-16,55.0,55.849998474121094,53.0,55.70000076293945,52800
2018-04-17,56.45000076293945,58.474998474121094,54.5,57.88750076293945,124800
2018-04-18,60.775001525878906,60.775001525878906,60.775001525878906,60.775001525878906,19200
2018-04-19,63.75,63.8125,60.57500076293945,61.76250076293945,76800
2018-04-20,62.0,62.125,61.0,61.5625,43200
2018-04-23,62.5,64.63749694824219,62.5,64.63749694824219,86400
2018-04-24,67.86250305175781,67.86250305175781,62.88750076293945,66.75,72000
2018-04-25,66.75,67.75,66.75,67.75,24000
2018-04-26,67.01249694824219,67.25,66.0,67.25,33600
2018-04-27,67.2750015258789,67.5,67.25,67.25,19200
2018-04-30,67.75,70.61250305175781,67.75,70.61250305175781,62400
2018-05-02,73.98750305175781,73.98750305175781,71.0,71.25,48000
2018-05-03,70.0,70.0,67.6875,67.6875,86400
2018-05-04,67.75,67.98750305175781,65.125,65.5,33600
2018-05-07,65.75,65.75,63.75,63.75,43200
2018-05-08,62.5,62.5,60.9375,60.9375,28800
2018-05-09,60.5,60.5,58.5,58.5,19200
2018-05-10,56.51250076293945,57.0,55.57500076293945,55.75,48000
2018-05-11,54.5,54.5,52.962501525878906,53.0,57600
2018-05-14,52.0,55.650001525878906,52.0,55.650001525878906,100800
2018-05-15,58.42499923706055,58.42499923706055,56.25,57.0,48000
2018-05-16,56.0,59.849998474121094,56.0,59.849998474121094,57600
2018-05-17,60.0,61.0,58.375,58.375,19200
2018-05-18,57.0,57.0,55.875,55.875,19200
2018-05-21,58.662498474121094,58.662498474121094,56.75,58.662498474121094,38400
2018-05-22,61.587501525878906,61.587501525878906,59.95000076293945,61.587501525878906,110400
2018-05-23,62.82500076293945,63.474998474121094,62.5,63.474998474121094,48000
2018-05-25,62.5,63.75,62.5,63.73749923706055,38400
2018-05-28,65.0,66.9124984741211,65.0,66.9124984741211,52800
2018-05-29,70.25,70.25,70.19999694824219,70.25,86400
2018-05-30,70.0,70.0,66.73750305175781,66.73750305175781,120000
2018-05-31,68.875,68.875,63.75,64.6500015258789,62400
2018-06-01,65.0,67.5,61.42499923706055,61.42499923706055,81600
2018-06-04,58.36249923706055,58.36249923706055,58.36249923706055,58.36249923706055,14400
2018-06-05,55.45000076293945,55.45000076293945,55.45000076293945,55.45000076293945,14400
2018-06-06,52.6875,52.6875,52.6875,52.6875,9600
2018-06-07,47.42499923706055,57.9375,47.42499923706055,57.9375,33600
2018-06-08,57.75,57.76250076293945,57.25,57.42499923706055,67200
2018-06-11,57.25,57.26250076293945,51.6875,52.087501525878906,86400
2018-06-12,48.5625,52.5,48.5625,50.275001525878906,33600
2018-06-13,52.25,52.25,48.51250076293945,49.6875,67200
2018-06-14,50.0,50.25,48.125,50.0625,105600
2018-06-15,48.125,50.375,48.125,50.125,43200
2018-06-18,49.75,49.75,48.75,48.75,24000
2018-06-19,48.76250076293945,49.5,48.76250076293945,49.125,96000
2018-06-20,49.25,49.32500076293945,49.25,49.32500076293945,28800
2018-06-21,49.75,50.125,49.375,49.75,24000
2018-06-22,50.0,50.01250076293945,49.25,49.25,19200
2018-06-25,49.75,50.0,48.23749923706055,49.037498474121094,52800
2018-06-26,49.75,49.775001525878906,46.375,47.099998474121094,52800
2018-06-27,44.25,48.75,43.099998474121094,46.42499923706055,62400
2018-06-28,45.01250076293945,47.5,41.787498474121094,42.212501525878906,148800
2018-06-29,42.25,44.25,41.75,42.212501525878906,86400
2018-07-02,42.5,43.287498474121094,41.125,43.26250076293945,96000
2018-07-03,43.375,45.0,42.75,43.92499923706055,91200
2018-07-04,43.75,44.025001525878906,42.337501525878906,42.349998474121094,76800
2018-07-05,42.25,43.0,41.0,41.75,336000
2018-07-06,42.75,42.75,39.75,40.6875,244800
2018-07-09,43.75,43.75,40.537498474121094,41.900001525878906,192000
2018-07-10,42.75,42.875,39.75,41.75,206400
2018-07-11,42.88750076293945,43.0,40.0,42.45000076293945,312000
2018-07-12,41.5,42.75,41.3125,42.23749923706055,182400
2018-07-13,41.25,42.275001525878906,41.125,41.212501525878906,230400
2018-07-16,41.25,41.92499923706055,40.0,41.20000076293945,264000
2018-07-17,41.5,42.025001525878906,40.75,41.88750076293945,144000
2018-07-18,42.275001525878906,42.5,41.70000076293945,42.11249923706055,211200
2018-07-19,42.5,42.5,41.25,41.875,216000
2018-07-20,41.875,42.375,41.5,42.375,153600
2018-07-23,43.125,43.1875,42.0625,42.26250076293945,148800
2018-07-24,42.525001525878906,43.287498474121094,42.5,43.17499923706055,124800
2018-07-25,43.25,43.775001525878906,42.54999923706055,43.474998474121094,158400
2018-07-26,43.125,44.375,43.11249923706055,43.625,120000
2018-07-27,43.625,45.0,43.599998474121094,44.4375,115200
2018-07-30,44.474998474121094,48.875,43.67499923706055,46.912498474121094,163200
2018-07-31,46.25,48.75,46.25,48.0,67200
2018-08-01,47.25,48.0,46.75,47.412498474121094,172800
2018-08-02,47.25,48.75,46.5,47.5625,148800
2018-08-03,47.25,49.625,47.25,48.63750076293945,120000
2018-08-06,48.75,50.875,47.8125,48.63750076293945,144000
2018-08-07,49.5,49.587501525878906,48.13750076293945,48.5,129600
2018-08-08,48.75,49.98749923706055,48.5,49.0625,129600
2018-08-09,49.6875,49.6875,48.8125,48.875,110400
2018-08-10,48.75,48.82500076293945,47.86249923706055,48.3125,163200
2018-08-13,48.25,48.75,48.0,48.212501525878906,139200
2018-08-14,48.75,49.0,48.0625,48.54999923706055,211200
2018-08-16,48.5,48.5,47.57500076293945,47.86249923706055,120000
2018-08-17,48.25,48.875,48.25,48.625,153600
2018-08-20,48.5,49.087501525878906,48.01250076293945,48.79999923706055,129600
2018-08-21,48.75,49.5,48.375,49.287498474121094,168000
2018-08-23,49.525001525878906,50.0,47.849998474121094,49.25,148800
2018-08-24,48.75,49.3125,48.75,49.275001525878906,72000
2018-08-27,49.25,50.087501525878906,49.25,49.75,72000
2018-08-28,49.5,50.1875,49.5,50.025001525878906,148800
2018-08-29,49.650001525878906,50.0,49.0625,49.70000076293945,100800
2018-08-30,48.75,50.75,48.75,50.099998474121094,144000
2018-08-31,49.75,50.875,49.025001525878906,49.287498474121094,105600
2018-09-03,50.0,50.25,49.849998474121094,49.86249923706055,134400
2018-09-04,50.01250076293945,50.25,49.625,49.75,96000
2018-09-05,50.125,50.5,49.5625,50.337501525878906,100800
2018-09-06,49.75,51.525001525878906,49.75,51.462501525878906,124800
2018-09-07,51.5,52.5,51.5,51.63750076293945,105600
2018-09-10,51.1875,53.0,51.17499923706055,52.900001525878906,192000
2018-09-11,51.75,52.26250076293945,51.25,51.25,105600
2018-09-12,51.5,53.125,51.5,52.875,100800
2018-09-14,52.0625,53.73749923706055,52.0625,52.92499923706055,86400
2018-09-17,53.1875,54.48749923706055,53.125,53.25,52800
2018-09-18,53.625,54.0,53.0,53.57500076293945,86400
2018-09-19,53.6875,55.17499923706055,53.63750076293945,54.412498474121094,216000
2018-09-21,54.75,54.875,52.724998474121094,53.0,105600
2018-09-24,53.3125,53.3125,52.5,53.162498474121094,124800
2018-09-25,53.287498474121094,53.3125,52.5,52.837501525878906,76800
2018-09-26,52.75,52.8125,52.125,52.537498474121094,100800
2018-09-27,52.375,53.8125,52.04999923706055,53.650001525878906,105600
2018-09-28,53.0,53.275001525878906,50.599998474121094,50.75,115200
2018-10-01,51.29999923706055,51.29999923706055,46.57500076293945,48.212501525878906,72000
2018-10-03,48.25,48.287498474121094,47.525001525878906,48.20000076293945,72000
2018-10-04,47.9375,47.98749923706055,47.625,47.86249923706055,48000
2018-10-05,47.5,47.5,46.32500076293945,46.775001525878906,57600
2018-10-08,46.25,46.875,45.5,46.875,76800
2018-10-09,46.5,46.8125,45.875,46.8125,105600
2018-10-10,46.86249923706055,47.375,46.86249923706055,47.212501525878906,62400
2018-10-11,46.125,48.0,46.01250076293945,47.76250076293945,144000
2018-10-12,47.875,47.88750076293945,46.54999923706055,47.525001525878906,72000
2018-10-15,47.5625,47.61249923706055,47.25,47.42499923706055,105600
2018-10-16,47.0625,48.25,47.0625,47.662498474121094,67200
2018-10-17,47.537498474121094,48.125,46.875,47.61249923706055,72000
2018-10-19,47.6875,47.6875,46.400001525878906,47.150001525878906,81600
2018-10-22,47.0625,47.3125,46.625,46.962501525878906,52800
2018-10-23,47.5,47.5,46.07500076293945,46.775001525878906,57600
2018-10-24,47.1875,47.25,46.875,46.875,52800
2018-10-25,46.6875,47.0,46.6875,46.98749923706055,91200
2018-10-26,47.25,48.0,47.0,47.849998474121094,91200
2018-10-29,47.3125,48.400001525878906,47.29999923706055,48.38750076293945,57600
2018-10-30,47.5,48.125,47.5,47.9375,91200
2018-10-31,48.0625,48.125,47.375,48.0,57600
2018-11-01,48.0,48.125,47.974998474121094,48.025001525878906,48000
2018-11-02,48.125,48.1875,48.0625,48.125,72000
2018-11-05,48.375,48.375,48.087501525878906,48.099998474121094,57600
2018-11-06,48.1875,49.0,48.162498474121094,48.9375,86400
2018-11-07,50.0,50.25,50.0,50.25,24000
2018-11-09,49.5,50.025001525878906,49.5,50.01250076293945,52800
2018-11-12,49.775001525878906,50.25,49.775001525878906,50.025001525878906,62400
2018-11-13,49.875,51.5,49.875,51.5,100800
2018-11-14,50.5,51.75,50.5,51.375,96000
2018-11-15,51.0,51.3125,50.974998474121094,51.287498474121094,52800
2018-11-16,50.625,50.6875,50.4375,50.474998474121094,67200
2018-11-19,49.625,50.5,48.775001525878906,49.400001525878906,67200
2018-11-20,49.625,49.75,49.48749923706055,49.5625,57600
2018-11-21,50.0,50.25,49.95000076293945,49.95000076293945,33600
2018-11-22,50.0,50.04999923706055,49.5,49.98749923706055,72000
2018-11-26,50.75,50.75,49.29999923706055,49.57500076293945,67200
2018-11-27,50.75,50.75,49.599998474121094,49.63750076293945,43200
2018-11-28,49.625,49.8125,49.5,49.75,52800
2018-11-29,49.625,49.63750076293945,48.375,48.412498474121094,67200
2018-11-30,48.625,48.70000076293945,48.5,48.57500076293945,62400
2018-12-03,49.5,49.5,48.375,48.76250076293945,67200
2018-12-04,49.0,49.0,48.5,48.537498474121094,57600
2018-12-05,49.75,49.75,48.724998474121094,48.79999923706055,62400
2018-12-06,49.4375,49.4375,47.875,48.662498474121094,72000
2018-12-07,49.375,49.375,48.625,48.6875,72000
2018-12-10,48.5,48.5625,47.525001525878906,48.162498474121094,72000
2018-12-11,47.5,48.51250076293945,47.5,48.51250076293945,48000
2018-12-12,48.75,48.837501525878906,46.45000076293945,46.75,81600
2018-12-13,47.5,47.5625,46.0,46.212501525878906,76800
2018-12-14,46.25,46.36249923706055,46.125,46.349998474121094,67200
2018-12-17,46.5,46.5,45.875,46.412498474121094,72000
2018-12-18,46.75,46.75,45.875,46.125,105600
2018-12-19,47.5,47.5,46.0,46.087501525878906,100800
2018-12-20,46.5,46.9375,45.625,46.0,72000
2018-12-21,46.25,46.25,44.650001525878906,44.650001525878906,129600
2018-12-24,45.5,45.775001525878906,44.5,45.662498474121094,177600
2018-12-26,45.0,45.375,44.6875,44.82500076293945,105600
2018-12-27,45.5,45.8125,45.5,45.5,96000
2018-12-28,45.25,45.75,44.625,44.82500076293945,105600
2018-12-31,44.875,46.0,44.875,45.5,100800
2019-01-01,45.75,46.5,45.662498474121094,46.5,124800
2019-01-02,46.25,46.724998474121094,46.25,46.5,129600
2019-01-03,46.0,46.1875,46.0,46.13750076293945,110400
2019-01-04,46.25,46.8125,46.0,46.775001525878906,110400
2019-01-07,47.0,47.25,46.5,46.51250076293945,67200
2019-01-08,46.5,47.04999923706055,46.462501525878906,47.037498474121094,72000
2019-01-09,47.375,47.412498474121094,46.76250076293945,47.0,62400
2019-01-10,46.75,46.82500076293945,46.73749923706055,46.775001525878906,57600
2019-01-11,47.0,47.087501525878906,47.0,47.025001525878906,57600
2019-01-14,47.0,47.025001525878906,46.5,46.67499923706055,48000
2019-01-15,46.76250076293945,46.82500076293945,45.875,46.79999923706055,110400
2019-01-16,46.75,47.0625,46.0625,46.0625,91200
2019-01-17,46.0,47.0625,46.0,47.0,57600
2019-01-18,46.75,47.04999923706055,46.724998474121094,46.75,96000
2019-01-21,46.25,47.025001525878906,46.25,47.0,81600
2019-01-22,47.25,47.25,46.025001525878906,46.79999923706055,57600
2019-01-23,46.75,46.9375,46.75,46.900001525878906,72000
2019-01-24,46.75,47.25,45.82500076293945,45.974998474121094,76800
2019-01-25,46.5,46.5625,45.42499923706055,45.51250076293945,72000
2019-01-28,46.5,46.5,43.0,43.0,52800
2019-01-29,44.75,45.75,44.75,45.650001525878906,100800
2019-01-30,45.25,45.275001525878906,44.75,44.95000076293945,76800
2019-01-31,45.5,46.04999923706055,44.5,45.36249923706055,105600
2019-02-01,45.75,45.75,45.25,45.25,72000
2019-02-04,45.0,45.5625,45.0,45.5,48000
2019-02-05,45.5,46.787498474121094,45.5,46.67499923706055,110400
2019-02-06,46.25,47.025001525878906,46.25,46.82500076293945,110400
2019-02-07,46.75,48.6875,46.75,47.5,91200
2019-02-08,47.0,47.98749923706055,47.0,47.82500076293945,81600
2019-02-11,47.125,47.474998474121094,47.125,47.25,67200
2019-02-12,46.875,47.875,46.75,47.875,168000
2019-02-14,48.0,48.287498474121094,47.6875,48.162498474121094,144000
2019-02-15,47.5,48.5625,47.36249923706055,48.23749923706055,129600
2019-02-18,48.25,48.76250076293945,48.25,48.75,67200
2019-02-19,48.75,49.125,48.75,49.125,76800
2019-02-20,49.0,49.25,48.75,49.125,115200
2019-02-21,48.75,49.087501525878906,48.625,49.037498474121094,100800
2019-02-22,48.9375,50.0625,48.92499923706055,49.4375,124800
2019-02-25,49.5,50.5,49.5,50.5,62400
2019-02-26,49.5625,49.8125,49.5625,49.75,62400
2019-02-27,49.88750076293945,50.125,49.88750076293945,50.125,76800
2019-02-28,50.1875,51.61249923706055,50.125,50.212501525878906,62400
2019-03-01,50.224998474121094,51.25,50.224998474121094,51.150001525878906,76800
2019-03-05,50.5,51.125,50.5,51.0,100800
2019-03-06,51.25,51.5,49.375,49.4375,86400
2019-03-07,50.01250076293945,51.3125,49.75,51.212501525878906,91200
2019-03-08,52.25,52.275001525878906,51.0625,52.125,81600
2019-03-11,51.25,51.5,50.625,51.45000076293945,76800
2019-03-12,51.5,51.525001525878906,50.0,51.037498474121094,86400
2019-03-13,50.0,50.025001525878906,48.5,49.5,81600
2019-03-14,48.75,49.1875,47.75,47.75,67200
2019-03-15,48.25,49.525001525878906,47.75,48.51250076293945,72000
2019-03-18,48.75,49.5,48.75,49.0625,62400
2019-03-19,48.25,49.5,48.25,49.26250076293945,76800
2019-03-20,49.0,51.5,47.8125,49.13750076293945,105600
2019-03-22,48.25,48.5625,48.23749923706055,48.5625,81600
2019-03-25,47.5,48.01250076293945,47.0,47.48749923706055,86400
2019-03-26,47.125,47.5,46.625,47.13750076293945,100800
2019-03-27,47.25,47.75,46.25,47.1875,81600
2019-03-28,47.3125,48.775001525878906,47.3125,48.775001525878906,52800
2019-04-01,48.5,49.375,48.125,49.0,86400
2019-04-02,48.25,49.5,48.25,49.0,62400
2019-04-03,48.25,49.25,48.25,48.875,62400
2019-04-04,49.4375,49.5,48.125,48.23749923706055,76800
2019-04-05,48.75,49.375,47.875,48.82500076293945,96000
2019-04-08,48.125,49.025001525878906,48.125,48.5,76800
2019-04-09,48.0,48.38750076293945,47.75,48.36249923706055,110400
2019-04-10,48.0,48.5,47.25,47.76250076293945,72000
2019-04-11,47.5,48.125,47.5,47.8125,72000
2019-04-12,47.875,48.875,47.625,48.5,91200
2019-04-15,48.0,48.75,47.79999923706055,47.79999923706055,67200
2019-04-16,47.875,48.25,47.25,48.025001525878906,76800
2019-04-18,47.75,48.3125,47.5,48.025001525878906,72000
2019-04-22,47.5,48.025001525878906,47.25,48.01250076293945,96000
2019-04-23,47.25,48.462501525878906,46.75,48.36249923706055,201600
2019-04-24,48.125,48.125,47.25,47.837501525878906,81600
2019-04-25,48.0,48.3125,47.25,47.9375,129600
2019-04-26,47.5625,48.287498474121094,47.5625,48.23749923706055,62400
2019-04-30,47.5,48.1875,46.73749923706055,47.587501525878906,129600
2019-05-02,47.0,48.5,47.0,47.775001525878906,62400
2019-05-03,47.375,48.75,47.375,47.6875,91200
2019-05-06,47.125,47.82500076293945,47.125,47.787498474121094,81600
2019-05-07,47.25,47.67499923706055,47.125,47.337501525878906,76800
2019-05-08,47.5,47.75,47.11249923706055,47.73749923706055,57600
2019-05-09,47.0,47.5,46.98749923706055,47.26250076293945,76800
2019-05-10,47.5,47.775001525878906,47.25,47.537498474121094,72000
2019-05-13,47.25,47.6875,47.25,47.26250076293945,81600
2019-05-14,46.875,47.125,46.75,46.849998474121094,81600
2019-05-15,47.5,47.525001525878906,47.0,47.0,72000
2019-05-16,47.0,47.775001525878906,46.625,47.76250076293945,91200
2019-05-17,48.25,48.25,47.375,47.75,86400
2019-05-20,51.25,51.25,48.25,48.775001525878906,81600
2019-05-21,50.0,50.0625,48.125,48.13750076293945,76800
2019-05-22,49.0,49.025001525878906,47.75,47.88750076293945,67200
2019-05-23,47.0,49.5,47.0,48.79999923706055,124800
2019-05-24,48.25,48.5,47.025001525878906,48.07500076293945,72000
2019-05-27,48.25,52.5,48.25,49.025001525878906,81600
2019-05-28,49.5,49.525001525878906,48.75,49.11249923706055,76800
2019-05-29,48.125,49.0,47.5,48.75,163200
2019-05-30,47.75,49.0,47.75,48.962501525878906,76800
2019-05-31,51.75,51.75,48.5,49.412498474121094,86400
2019-06-03,48.75,50.625,48.75,49.42499923706055,192000
2019-06-04,49.599998474121094,51.25,49.5,51.04999923706055,76800
2019-06-06,50.25,51.0,50.25,50.54999923706055,120000
2019-06-07,49.5,50.8125,49.5,50.650001525878906,81600
2019-06-10,51.75,51.775001525878906,50.75,51.162498474121094,72000
2019-06-11,52.75,52.75,50.0,50.6875,86400
2019-06-12,50.25,50.54999923706055,49.75,50.23749923706055,91200
2019-06-13,50.0,50.25,49.625,50.25,86400
2019-06-14,49.75,50.125,49.5,50.11249923706055,81600
2019-06-17,49.5,49.75,49.0,49.75,67200
2019-06-18,49.875,50.25,49.5,49.73749923706055,81600
2019-06-19,49.75,49.837501525878906,49.125,49.61249923706055,76800
2019-06-20,48.6875,49.5625,48.625,49.537498474121094,91200
2019-06-21,48.625,49.25,48.625,49.13750076293945,100800
2019-06-24,49.0,49.25,48.9375,49.099998474121094,76800
2019-06-25,48.63750076293945,49.5625,48.63750076293945,49.525001525878906,201600
2019-06-26,48.75,49.3125,48.75,49.04999923706055,81600
2019-06-27,49.125,49.275001525878906,48.875,48.875,76800
2019-06-28,48.875,49.4375,48.6875,48.76250076293945,86400
2019-07-01,49.0,49.625,48.75,49.162498474121094,67200
2019-07-02,49.5,49.525001525878906,48.6875,49.29999923706055,96000
2019-07-03,48.75,49.67499923706055,48.75,49.525001525878906,96000
2019-07-04,49.0,49.75,49.0,49.36249923706055,76800
2019-07-05,49.75,49.75,48.75,49.025001525878906,76800
2019-07-08,48.5,49.025001525878906,48.150001525878906,48.51250076293945,96000
2019-07-09,48.75,49.25,48.73749923706055,49.125,67200
2019-07-10,48.5625,48.79999923706055,47.75,48.775001525878906,86400
2019-07-11,48.75,49.125,48.5,48.9375,120000
2019-07-12,48.76250076293945,49.025001525878906,48.587501525878906,48.61249923706055,67200
2019-07-15,48.775001525878906,49.125,48.75,48.974998474121094,81600
2019-07-16,49.0,49.349998474121094,49.0,49.29999923706055,76800
2019-07-17,49.5,49.525001525878906,48.025001525878906,48.474998474121094,144000
2019-07-18,48.5,48.75,48.5,48.599998474121094,67200
2019-07-19,49.25,49.337501525878906,47.82500076293945,48.5,105600
2019-07-22,48.25,48.3125,48.212501525878906,48.212501525878906,72000
2019-07-23,48.5,49.0,48.42499923706055,48.76250076293945,67200
2019-07-24,48.5,48.787498474121094,48.375,48.61249923706055,72000
2019-07-25,49.0,49.01250076293945,47.375,48.337501525878906,81600
2019-07-26,48.724998474121094,48.75,48.25,48.51250076293945,81600
2019-07-29,48.25,49.025001525878906,48.25,48.912498474121094,81600
2019-07-30,48.75,48.8125,48.25,48.3125,144000
2019-07-31,48.25,48.287498474121094,47.5,47.75,72000
2019-08-01,47.5,47.75,44.25,45.125,86400
2019-08-02,43.75,44.3125,42.5,42.5,129600
2019-08-05,42.1875,43.087501525878906,41.25,42.4375,96000
2019-08-06,41.75,42.3125,41.5,42.11249923706055,86400
2019-08-07,42.025001525878906,42.625,42.0,42.349998474121094,163200
2019-08-08,41.5625,42.625,41.5625,42.599998474121094,86400
2019-08-09,43.5,43.51250076293945,42.5625,42.599998474121094,129600
2019-08-13,41.25,42.4375,41.25,42.4375,9600
2019-08-14,41.25,41.25,41.25,41.25,4800
2019-08-16,46.25,46.412498474121094,39.5,42.8125,52800
2019-08-19,42.875,42.875,41.25,42.1875,72000
2019-08-20,42.17499923706055,42.1875,37.8125,42.1875,81600
2019-08-21,45.0,45.0,40.0,40.087501525878906,43200
2019-08-22,40.0,40.0,38.75,38.75,9600
2019-08-26,39.400001525878906,41.875,39.150001525878906,41.599998474121094,48000
2019-08-27,42.5,42.5,42.0,42.0,28800
2019-08-28,42.625,42.625,41.25,41.625,48000
2019-08-29,41.5,41.5,41.375,41.375,14400
2019-08-30,42.0,42.0,41.625,41.625,14400
2019-09-03,41.5,41.5,41.0,41.0,14400
2019-09-04,45.0,45.0,42.5,42.625,14400
2019-09-05,43.0,43.0,42.5,42.5,14400
2019-09-06,43.0,43.0,42.75,42.875,14400
2019-09-09,42.3125,43.75,42.25,43.75,14400
2019-09-11,42.5,43.5625,42.5,43.5625,19200
2019-09-12,43.625,43.625,41.82500076293945,43.20000076293945,48000
2019-09-13,42.25,42.25,42.1875,42.224998474121094,14400
2019-09-16,42.125,42.125,42.0,42.0,14400
2019-09-17,42.125,42.25,41.25,42.23749923706055,28800
2019-09-18,43.75,43.8125,43.6875,43.8125,14400
2019-09-19,43.75,43.76250076293945,41.599998474121094,41.599998474121094,24000
2019-09-20,42.5,43.775001525878906,42.5,43.775001525878906,28800
2019-09-23,42.5,42.75,42.5,42.75,9600
2019-09-24,43.04999923706055,43.25,40.75,41.6875,105600
2019-09-25,43.25,43.25,40.04999923706055,40.04999923706055,52800
2019-09-26,41.025001525878906,41.150001525878906,41.025001525878906,41.150001525878906,14400
2019-09-27,43.75,43.75,40.0,40.25,72000
2019-09-30,41.25,42.0,40.5,41.0,67200
2019-10-01,42.0,42.0,41.75,41.75,14400
2019-10-03,41.25,41.25,40.0,40.849998474121094,28800
2019-10-07,40.25,40.29999923706055,40.0,40.099998474121094,100800
2019-10-09,38.75,40.29999923706055,38.75,38.76250076293945,14400
2019-10-10,40.375,40.75,37.5625,40.537498474121094,129600
2019-10-11,43.25,43.275001525878906,43.11249923706055,43.11249923706055,14400
2019-10-14,43.5,43.525001525878906,39.0,41.5,24000
2019-10-15,43.125,43.25,43.125,43.25,14400
2019-10-16,43.0,43.75,41.25,43.75,24000
2019-10-17,43.625,44.0,43.25,44.0,28800
2019-10-18,43.0,43.75,43.0,43.75,62400
2019-10-22,43.125,43.1875,43.0625,43.0625,14400
2019-10-23,42.974998474121094,43.25,42.974998474121094,43.25,14400
2019-10-24,43.25,43.3125,43.1875,43.1875,14400
2019-10-25,43.6875,43.6875,43.5625,43.5625,14400
2019-10-27,43.875,44.0,43.8125,43.900001525878906,14400
2019-10-29,43.8125,43.974998474121094,43.75,43.75,24000
2019-10-30,43.375,44.125,43.3125,44.125,76800
2019-10-31,44.25,46.5,41.76250076293945,41.76250076293945,28800
2019-11-01,42.8125,43.45000076293945,42.5,43.275001525878906,91200
2019-11-04,43.125,43.25,43.125,43.25,14400
2019-11-07,41.8125,41.962501525878906,41.8125,41.962501525878906,14400
2019-11-08,41.625,42.125,41.537498474121094,42.125,28800
2019-11-11,41.5625,43.375,39.5,41.25,67200
2019-11-13,41.25,42.5,41.23749923706055,41.275001525878906,48000
2019-11-14,41.25,43.0,40.25,40.650001525878906,115200
2019-11-15,41.5,41.61249923706055,40.5,40.5,172800
2019-11-19,40.3125,41.07500076293945,40.3125,41.07500076293945,76800
2019-11-20,41.25,41.4375,41.25,41.4375,14400
2019-11-21,41.0625,41.25,41.0625,41.25,19200
2019-11-25,41.29999923706055,41.5,40.25,40.25,33600
2019-11-28,41.849998474121094,41.98749923706055,40.25,41.70000076293945,91200
2019-11-29,41.36249923706055,41.45000076293945,40.57500076293945,40.57500076293945,76800
2019-12-04,41.6875,42.26250076293945,41.5625,42.26250076293945,24000
2019-12-05,41.9375,41.974998474121094,41.86249923706055,41.86249923706055,14400
2019-12-06,41.625,41.73749923706055,41.625,41.73749923706055,14400
2019-12-09,41.525001525878906,41.70000076293945,41.525001525878906,41.70000076293945,19200
2019-12-10,41.3125,41.70000076293945,40.25,40.25,81600
2019-12-11,41.275001525878906,41.462501525878906,40.625,40.625,76800
2019-12-13,41.537498474121094,41.73749923706055,41.537498474121094,41.73749923706055,19200
2019-12-17,42.3125,42.474998474121094,40.25,41.662498474121094,43200
2019-12-19,41.3125,41.412498474121094,40.25,41.337501525878906,91200
2019-12-20,41.587501525878906,41.650001525878906,40.625,40.625,76800
2019-12-23,41.037498474121094,41.150001525878906,38.70000076293945,40.0625,43200
2019-12-26,40.79999923706055,40.9375,40.0,40.0,19200
2019-12-27,40.625,40.8125,40.599998474121094,40.8125,24000
2019-12-31,41.025001525878906,42.25,39.25,39.875,76800
2020-01-01,40.775001525878906,40.86249923706055,40.25,40.25,67200
2020-01-02,41.75,47.25,41.625,47.25,19200
2020-01-03,44.900001525878906,44.900001525878906,44.900001525878906,44.900001525878906,4800
2020-01-07,40.0,40.0,40.0,40.0,4800
2020-01-10,38.54999923706055,39.150001525878906,38.54999923706055,39.150001525878906,28800
2020-01-13,40.5,40.5,39.25,39.67499923706055,14400
2020-01-14,38.67499923706055,38.67499923706055,38.67499923706055,38.67499923706055,4800
2020-01-16,37.0,37.0,37.0,37.0,4800
2020-01-17,35.5,40.275001525878906,35.5,40.275001525878906,19200
2020-01-22,38.75,38.75,38.75,38.75,9600
2020-01-23,44.900001525878906,44.900001525878906,44.900001525878906,44.900001525878906,4800
2020-01-27,42.67499923706055,42.67499923706055,42.67499923706055,42.67499923706055,9600
2020-01-29,42.67499923706055,42.67499923706055,42.67499923706055,42.67499923706055,4800
2020-02-05,41.599998474121094,47.099998474121094,41.599998474121094,47.099998474121094,9600
2020-02-06,44.75,44.75,42.5,42.5,9600
2020-02-11,42.5,42.5,42.5,42.5,4800
2020-02-12,40.375,40.375,40.0,40.0,14400
2020-02-14,43.25,44.75,43.25,44.75,19200
2020-02-17,42.525001525878906,44.75,42.525001525878906,44.75,14400
2020-02-19,42.474998474121094,42.474998474121094,40.400001525878906,40.400001525878906,9600
2020-02-25,40.400001525878906,42.375,38.75,40.474998474121094,52800
2020-02-28,38.474998474121094,38.474998474121094,38.474998474121094,38.474998474121094,9600
2020-03-03,42.025001525878906,42.375,42.025001525878906,42.375,14400
2020-03-04,40.275001525878906,40.275001525878906,40.275001525878906,40.275001525878906,9600
2020-03-05,39.5,39.5,39.5,39.5,4800
2020-03-12,37.525001525878906,37.525001525878906,37.525001525878906,37.525001525878906,4800
2020-03-16,37.525001525878906,37.525001525878906,37.525001525878906,37.525001525878906,4800
2020-03-17,35.650001525878906,35.650001525878906,35.650001525878906,35.650001525878906,9600
2020-03-18,33.875,33.875,28.524999618530273,28.524999618530273,14400
2020-03-19,27.100000381469727,27.100000381469727,24.149999618530273,24.149999618530273,33600
2020-03-20,25.350000381469727,26.524999618530273,24.100000381469727,26.5,52800
2020-03-23,25.174999237060547,25.174999237060547,23.875,23.875,14400
2020-03-24,24.625,25.5,24.625,25.375,28800
2020-03-25,26.25,27.25,24.125,27.25,48000
2020-03-26,27.875,28.125,27.875,28.125,14400
2020-03-27,28.75,28.75,25.5,27.25,62400
2020-03-30,27.200000762939453,27.375,27.125,27.375,14400
2020-03-31,28.0,29.0,28.0,29.0,19200
2020-04-01,28.875,28.875,28.625,28.625,14400
2020-04-03,29.0,29.125,28.5,29.125,19200
2020-04-07,29.625,29.875,29.625,29.875,14400
2020-04-08,30.0,30.075000762939453,30.0,30.075000762939453,14400
2020-04-09,30.5,31.149999618530273,30.5,31.125,28800
2020-04-13,31.5,31.75,31.5,31.75,14400
2020-04-15,32.0,32.04999923706055,32.0,32.04999923706055,14400
2020-04-16,32.099998474121094,32.150001525878906,32.099998474121094,32.150001525878906,14400
2020-04-17,33.75,33.75,32.5,33.54999923706055,43200
2020-04-20,34.17499923706055,35.125,34.17499923706055,35.125,19200
2020-04-21,35.5,36.82500076293945,35.0,36.82500076293945,19200
2020-04-22,37.0,37.375,37.0,37.125,19200
2020-04-23,37.5,37.5,37.25,37.25,14400
2020-04-24,37.0,37.125,36.875,37.125,14400
2020-04-27,37.5,37.75,37.5,37.75,14400
2020-04-28,38.0,38.25,36.5,36.5,48000
2020-04-29,37.0,38.0,35.150001525878906,36.67499923706055,76800
2020-04-30,37.5,37.75,34.849998474121094,35.25,48000
2020-05-04,35.0,35.5,34.875,34.875,14400
2020-05-05,35.5,35.875,35.5,35.875,14400
2020-05-06,35.75,37.375,35.525001525878906,35.525001525878906,19200
2020-05-07,35.0,35.5,35.0,35.17499923706055,14400
2020-05-08,35.875,35.875,34.5,34.900001525878906,19200
2020-05-11,36.0,36.125,35.974998474121094,35.974998474121094,14400
2020-05-12,35.45000076293945,35.45000076293945,34.95000076293945,34.95000076293945,19200
2020-05-13,34.974998474121094,36.625,34.974998474121094,36.474998474121094,28800
2020-05-14,38.275001525878906,38.275001525878906,37.150001525878906,37.70000076293945,65982
2020-05-15,37.724998474121094,38.900001525878906,36.79999923706055,37.29999923706055,59416
2020-05-18,37.875,38.0,36.525001525878906,37.400001525878906,51618
2020-05-19,38.95000076293945,38.95000076293945,37.224998474121094,37.625,56362
2020-05-20,38.0,38.0,36.099998474121094,37.125,50574
2020-05-21,36.775001525878906,38.0,36.775001525878906,37.474998474121094,55856
2020-05-22,37.5,38.0,36.875,37.275001525878906,56612
2020-05-26,37.5,39.125,36.5,38.599998474121094,77992
2020-05-27,40.150001525878906,40.150001525878906,37.95000076293945,38.95000076293945,72608
2020-05-28,40.0,40.0,37.025001525878906,37.625,84774
2020-05-29,37.900001525878906,37.900001525878906,35.75,35.75,76142
2020-06-01,37.45000076293945,37.525001525878906,33.974998474121094,36.17499923706055,62768
2020-06-02,36.974998474121094,36.974998474121094,35.5,35.92499923706055,67536
2020-06-03,37.25,37.25,35.349998474121094,36.20000076293945,73588
2020-06-04,36.75,36.75,34.400001525878906,35.875,66904
2020-06-05,36.75,36.900001525878906,34.5,36.82500076293945,62494
2020-06-08,37.224998474121094,39.0,33.57500076293945,37.349998474121094,75852
2020-06-09,38.75,38.75,35.0,35.724998474121094,65176
2020-06-10,37.974998474121094,37.974998474121094,33.70000076293945,34.900001525878906,59944
2020-06-11,36.900001525878906,38.375,36.400001525878906,38.375,41270
2020-06-12,42.20000076293945,42.20000076293945,35.125,39.724998474121094,155100
2020-06-15,40.17499923706055,41.5,35.849998474121094,36.54999923706055,77578
2020-06-16,38.974998474121094,38.974998474121094,36.125,38.150001525878906,66192
2020-06-17,36.0,39.5,34.67499923706055,37.5,69660
2020-06-18,36.5,39.849998474121094,36.5,38.275001525878906,76846
2020-06-19,38.650001525878906,38.650001525878906,36.625,37.75,78062
2020-06-22,37.5,38.92499923706055,36.650001525878906,38.349998474121094,61972
2020-06-23,38.5,40.0,36.0,39.17499923706055,82672
2020-06-24,37.54999923706055,39.82500076293945,37.5,38.0,78058
2020-06-25,39.0,39.5,37.0,37.625,79608
2020-06-26,37.67499923706055,39.974998474121094,36.75,37.974998474121094,63604
2020-06-29,38.20000076293945,38.5,35.0,35.849998474121094,60354
2020-06-30,38.70000076293945,39.42499923706055,34.45000076293945,39.42499923706055,5550358
2020-07-01,43.349998474121094,43.349998474121094,43.349998474121094,43.349998474121094,85392
2020-07-02,47.67499923706055,47.67499923706055,47.67499923706055,47.67499923706055,538228
2020-07-03,50.04999923706055,50.04999923706055,45.29999923706055,49.349998474121094,1103924
2020-07-06,51.150001525878906,51.79999923706055,47.17499923706055,51.724998474121094,585900
2020-07-07,51.5,54.275001525878906,51.400001525878906,52.650001525878906,470284
2020-07-08,52.75,55.275001525878906,52.75,54.025001525878906,1172134
2020-07-09,54.5,56.70000076293945,53.625,55.57500076293945,437168
2020-07-10,56.5,57.5,53.95000076293945,54.0,295814
2020-07-13,54.0,55.79999923706055,53.0,54.0,361802
2020-07-14,54.04999923706055,56.400001525878906,54.0,54.5,232636
2020-07-15,56.974998474121094,57.0,55.42499923706055,56.025001525878906,286108
2020-07-16,57.224998474121094,58.82500076293945,56.025001525878906,58.82500076293945,231272
2020-07-17,61.75,61.75,60.0,61.75,433682
2020-07-20,64.5,64.82499694824219,62.5,64.42500305175781,318868
2020-07-21,65.0,66.44999694824219,63.0,63.32500076293945,152240
2020-07-22,63.349998474121094,64.0,61.5,61.775001525878906,154904
2020-07-23,61.125,62.5,60.150001525878906,60.474998474121094,94554
2020-07-24,60.07500076293945,62.95000076293945,59.5,59.75,167162
2020-07-27,61.0,62.5,59.5,59.57500076293945,89068
2020-07-28,61.0,61.0,59.5,59.5,74920
2020-07-29,59.724998474121094,61.45000076293945,59.5,59.849998474121094,66362
2020-07-30,60.0,62.224998474121094,59.0,59.0,43544
2020-07-31,59.150001525878906,60.974998474121094,58.25,58.42499923706055,42770
2020-08-03,59.974998474121094,60.5,58.0,58.025001525878906,33504
2020-08-04,58.5,60.92499923706055,58.04999923706055,60.724998474121094,99532
2020-08-05,62.0,63.45000076293945,59.67499923706055,60.900001525878906,41228
2020-08-06,61.95000076293945,61.95000076293945,59.5,61.150001525878906,53440
2020-08-07,60.0,62.0,59.75,59.974998474121094,76450
2020-08-10,60.5,61.5,59.400001525878906,59.525001525878906,68008
2020-08-11,59.54999923706055,62.0,58.0,60.974998474121094,77862
2020-08-12,62.0,62.0,59.625,60.79999923706055,69392
2020-08-13,60.849998474121094,61.25,60.0,60.349998474121094,61532
2020-08-14,59.57500076293945,60.5,58.0,58.625,80882
2020-08-17,58.974998474121094,60.5,58.849998474121094,60.0,42476
2020-08-18,59.54999923706055,61.0,59.29999923706055,59.474998474121094,44264
2020-08-19,61.5,61.5,59.125,59.974998474121094,45010
2020-08-20,59.974998474121094,61.099998474121094,59.474998474121094,60.0,32224
2020-08-21,59.57500076293945,61.25,59.57500076293945,60.42499923706055,154024
2020-08-24,60.42499923706055,60.92499923706055,59.95000076293945,60.474998474121094,31462
2020-08-25,61.900001525878906,63.474998474121094,60.0,63.45000076293945,140762
2020-08-26,66.19999694824219,66.5999984741211,64.0250015258789,66.57499694824219,172780
2020-08-27,68.25,69.0,64.0,64.4000015258789,114320
2020-08-28,64.94999694824219,64.94999694824219,62.5,62.5,33834
2020-08-31,63.75,63.75,60.0,60.04999923706055,42550
2020-09-01,60.04999923706055,62.45000076293945,59.0,59.025001525878906,32364
2020-09-02,59.70000076293945,61.5,59.04999923706055,60.875,41988
2020-09-03,62.75,63.900001525878906,61.0,63.900001525878906,870762
2020-09-04,63.900001525878906,67.07499694824219,63.0,67.07499694824219,163306
2020-09-07,68.0250015258789,70.42500305175781,67.5,69.6500015258789,205744
2020-09-08,71.9749984741211,71.9749984741211,66.80000305175781,69.375,98622
2020-09-09,66.375,70.4749984741211,66.375,69.05000305175781,109380
2020-09-10,68.7750015258789,72.5,68.7750015258789,72.5,240190
2020-09-11,75.875,76.0,71.5250015258789,72.57499694824219,114378
2020-09-14,74.44999694824219,75.5,71.5,71.9000015258789,136144
2020-09-15,73.0,73.0,68.82499694824219,69.75,228836
2020-09-16,71.9749984741211,71.9749984741211,70.0,70.875,107604
2020-09-17,70.30000305175781,73.2750015258789,70.125,70.7750015258789,29556
2020-09-18,70.3499984741211,72.875,70.1500015258789,70.94999694824219,254794
2020-09-21,74.0,74.0,68.0250015258789,69.17500305175781,74022
2020-09-22,70.9749984741211,72.625,67.0,71.67500305175781,175950
2020-09-23,69.5,74.44999694824219,69.5,72.625,116260
2020-09-24,72.625,76.25,70.0999984741211,74.7249984741211,380700
2020-09-25,75.5,76.5250015258789,75.125,76.44999694824219,204276
2020-09-28,76.7249984741211,77.5,75.05000305175781,76.44999694824219,97822
2020-09-29,77.5,77.69999694824219,75.19999694824219,76.32499694824219,100544
2020-09-30,77.0999984741211,77.6500015258789,75.67500305175781,76.5250015258789,105102
2020-10-01,76.92500305175781,77.8499984741211,76.25,76.67500305175781,140404
2020-10-05,77.375,77.5,76.0250015258789,76.9000015258789,129446
2020-10-06,76.55000305175781,77.5,76.1500015258789,77.0999984741211,159720
2020-10-07,75.05000305175781,77.57499694824219,75.05000305175781,77.4000015258789,99168
2020-10-08,80.0,81.0,78.625,80.4000015258789,335934
2020-10-09,82.0250015258789,82.4000015258789,80.375,82.32499694824219,273252
2020-10-12,83.0,83.0,80.0,80.67500305175781,38934
2020-10-13,79.07499694824219,81.9749984741211,77.9749984741211,78.32499694824219,114032
2020-10-14,78.0,79.42500305175781,75.5,76.9000015258789,157910
2020-10-15,79.7249984741211,79.7249984741211,76.05000305175781,76.8499984741211,37556
2020-10-16,78.80000305175781,83.375,77.30000305175781,83.19999694824219,454466
2020-10-19,84.0,84.9000015258789,82.2249984741211,83.32499694824219,178432
2020-10-20,83.0,84.5,82.0,82.07499694824219,197822
2020-10-21,82.5250015258789,84.4000015258789,81.3499984741211,81.55000305175781,72780
2020-10-22,80.7249984741211,85.0250015258789,80.0,82.0,442922
2020-10-23,82.75,85.05000305175781,81.5,82.25,90582
2020-10-26,82.69999694824219,85.55000305175781,82.44999694824219,83.8499984741211,98458
2020-10-27,82.625,86.2750015258789,82.3499984741211,84.9749984741211,418400
2020-10-28,86.4000015258789,86.5,81.5,82.75,103984
2020-10-29,82.0,83.55000305175781,79.0,80.5250015258789,143498
2020-10-30,82.5,88.0,81.07499694824219,87.3499984741211,1055634
2020-11-02,89.19999694824219,89.4749984741211,83.75,85.07499694824219,150388
2020-11-03,87.0,90.0,83.5250015258789,89.25,619014
2020-11-04,90.25,91.0,87.5,88.07499694824219,642906
2020-11-05,91.0,91.30000305175781,87.0250015258789,88.6500015258789,79320
2020-11-06,86.6500015258789,91.25,86.6500015258789,89.05000305175781,42796
2020-11-09,90.9749984741211,93.375,88.2750015258789,90.0,196880
2020-11-10,90.5,92.5,88.57499694824219,90.0,121390
2020-11-11,90.875,92.0,88.80000305175781,89.30000305175781,196568
2020-11-12,91.4749984741211,92.5,89.1500015258789,89.4000015258789,358264
2020-11-13,91.19999694824219,92.0999984741211,89.125,89.8499984741211,454372
2020-11-14,92.30000305175781,94.44999694824219,91.25,92.3499984741211,626454
2020-11-17,94.5,94.69999694824219,91.625,93.2750015258789,123812
2020-11-18,92.5,94.5,91.25,91.9749984741211,106916
2020-11-19,91.2750015258789,92.9749984741211,91.05000305175781,91.80000305175781,45566
2020-11-20,93.5,93.5,91.07499694824219,91.5,34188
2020-11-23,92.44999694824219,93.94999694824219,91.25,93.4749984741211,271436
2020-11-24,93.5,96.0,92.05000305175781,92.875,263524
2020-11-25,93.07499694824219,93.4000015258789,91.80000305175781,92.1500015258789,49958
2020-11-26,92.94999694824219,92.94999694824219,90.80000305175781,91.57499694824219,54806
2020-11-27,92.1500015258789,92.3499984741211,90.55000305175781,91.0999984741211,69040
2020-12-01,90.8499984741211,92.94999694824219,90.0,90.19999694824219,109010
2020-12-02,90.0,91.67500305175781,88.0,88.19999694824219,106162
2020-12-03,88.30000305175781,94.82499694824219,88.2750015258789,92.6500015258789,631360
2020-12-04,93.5250015258789,95.19999694824219,92.5,93.42500305175781,130828
2020-12-07,94.94999694824219,95.9000015258789,92.5999984741211,92.94999694824219,218158
2020-12-08,93.94999694824219,94.6500015258789,90.55000305175781,93.67500305175781,99886
2020-12-09,94.42500305175781,105.94999694824219,93.32499694824219,101.94999694824219,944298
2020-12-10,104.6500015258789,105.0,99.94999694824219,102.69999694824219,294430
2020-12-11,105.1500015258789,107.1500015258789,102.5,103.2249984741211,109976
2020-12-14,103.2249984741211,108.0,102.9000015258789,104.7249984741211,275504
2020-12-15,105.57499694824219,105.57499694824219,102.5250015258789,103.4000015258789,90984
2020-12-16,104.44999694824219,108.55000305175781,103.42500305175781,105.67500305175781,129634
2020-12-17,107.44999694824219,110.1500015258789,105.7750015258789,107.75,438194
2020-12-18,108.94999694824219,110.5,105.5,107.2249984741211,167388
2020-12-21,107.55000305175781,111.0,102.5,103.55000305175781,314712
2020-12-22,100.0,103.5,95.0,98.1500015258789,311984
2020-12-23,101.0,106.6500015258789,98.05000305175781,103.44999694824219,248842
2020-12-24,104.80000305175781,108.5,101.0,105.92500305175781,132686
2020-12-28,107.5,108.0,95.0,104.6500015258789,110054
2020-12-29,104.2750015258789,108.94999694824219,102.5,103.75,169480
2020-12-30,107.1500015258789,107.1500015258789,102.92500305175781,103.9749984741211,76172
2020-12-31,106.5,108.82499694824219,103.19999694824219,107.17500305175781,717934
2021-01-01,107.92500305175781,111.7249984741211,106.5250015258789,108.25,144410
2021-01-04,109.25,109.75,108.5,109.07499694824219,115462
2021-01-05,109.4749984741211,110.9749984741211,107.57499694824219,108.57499694824219,92102
2021-01-06,109.94999694824219,112.19999694824219,107.5,108.44999694824219,125702
2021-01-07,110.0,112.5,105.17500305175781,107.57499694824219,178218
2021-01-08,109.375,116.0,106.75,112.67500305175781,794494
2021-01-11,113.25,117.0,110.4000015258789,111.5999984741211,186688
2021-01-12,111.5999984741211,118.0,110.2249984741211,115.7750015258789,604226
2021-01-13,118.4000015258789,118.4000015258789,110.55000305175781,112.3499984741211,263460
2021-01-14,113.4749984741211,114.94999694824219,111.5,113.5,67514
2021-01-15,115.0,115.0,110.0,110.30000305175781,62098
2021-01-18,113.0,113.0,108.0,109.05000305175781,109036
2021-01-19,110.94999694824219,111.2750015258789,108.5,109.30000305175781,49188
2021-01-20,109.30000305175781,119.0,109.0,117.82499694824219,640042
2021-01-21,119.44999694824219,122.0,114.05000305175781,118.57499694824219,460940
2021-01-22,118.57499694824219,120.0,112.5250015258789,114.17500305175781,97562
2021-01-25,114.9000015258789,118.0,113.7249984741211,115.82499694824219,111504
2021-01-27,117.44999694824219,117.44999694824219,114.7750015258789,115.375,68072
2021-01-28,115.07499694824219,116.0,113.5,113.57499694824219,65064
2021-01-29,115.0,116.94999694824219,109.75,111.4749984741211,67806
2021-02-01,111.94999694824219,114.4749984741211,108.7249984741211,113.375,260954
2021-02-02,116.94999694824219,117.17500305175781,113.05000305175781,114.125,74464
2021-02-03,115.0,119.0,112.875,117.5250015258789,139736
2021-02-04,118.25,120.0,117.2750015258789,118.375,141736
2021-02-05,118.375,120.92500305175781,118.30000305175781,119.3499984741211,114496
2021-02-08,121.75,127.0,120.07499694824219,122.44999694824219,169948
2021-02-09,123.44999694824219,123.875,122.0,122.75,127782
2021-02-10,123.94999694824219,127.5,123.0,125.30000305175781,433886
2021-02-11,129.0,130.0,126.80000305175781,127.67500305175781,381378
2021-02-12,130.5,133.5,130.25,130.8249969482422,532300
2021-02-15,133.0,135.27499389648438,130.14999389648438,131.9250030517578,265400
2021-02-16,134.0,135.77499389648438,129.5,131.97500610351562,763788
2021-02-17,135.47500610351562,139.47500610351562,133.22500610351562,134.97500610351562,628688
2021-02-18,137.0,140.625,133.5,134.77499389648438,571818
2021-02-19,135.5,137.75,133.5,134.5500030517578,240944
2021-02-22,135.0,136.9499969482422,129.02499389648438,130.1750030517578,165986
2021-02-23,130.1999969482422,134.9499969482422,127.4749984741211,131.89999389648438,155882
2021-02-24,133.4250030517578,140.97500610351562,131.125,136.75,280030
2021-02-25,139.0,139.97500610351562,135.8000030517578,136.8000030517578,164516
2021-02-26,135.35000610351562,137.35000610351562,133.52499389648438,134.27499389648438,124554
2021-03-01,137.0,142.0,135.35000610351562,140.52499389648438,438250
2021-03-02,142.5,145.0,140.0500030517578,141.52499389648438,203994
2021-03-03,147.47500610351562,153.0,144.77499389648438,147.4250030517578,1095014
2021-03-04,147.9499969482422,158.75,147.77499389648438,152.5,868480
2021-03-05,154.89999389648438,160.5,151.5,152.375,818572
2021-03-08,156.4499969482422,161.0,146.0,147.5,1033946
2021-03-09,152.4499969482422,159.0,142.5,151.8249969482422,857128
2021-03-10,154.875,157.0749969482422,145.75,147.02499389648438,392280
2021-03-12,150.6999969482422,152.0,142.1999969482422,142.8249969482422,557836
2021-03-15,146.47500610351562,149.0,133.5,144.0749969482422,540680
2021-03-16,147.0,147.0,137.0,139.4499969482422,541556
2021-03-17,138.0,140.4499969482422,133.0,133.5749969482422,230130
2021-03-18,137.4499969482422,139.5,130.0,131.14999389648438,367458
2021-03-19,130.0,132.72500610351562,125.5,131.1750030517578,309932
2021-03-22,134.5,141.25,130.0500030517578,131.1750030517578,706192
2021-03-23,132.97500610351562,138.0,127.19999694824219,133.97500610351562,974842
2021-03-24,133.5,133.5,126.75,127.5999984741211,312816
2021-03-25,130.97500610351562,130.97500610351562,120.05000305175781,121.44999694824219,193306
2021-03-26,125.0,128.5749969482422,120.55000305175781,125.625,327082
2021-03-30,128.0,144.6999969482422,124.3499984741211,138.89999389648438,822876
2021-03-31,140.0,141.35000610351562,134.1750030517578,135.6999969482422,253678
2021-04-01,137.4499969482422,145.0,136.52499389648438,142.75,354056
2021-04-05,140.0,146.0,134.5,135.8249969482422,235950
2021-04-06,135.3249969482422,140.8249969482422,135.3249969482422,136.1999969482422,244690
2021-04-07,136.27499389648438,139.9250030517578,135.0,135.9250030517578,254134
2021-04-08,137.5,142.4499969482422,135.14999389648438,135.6999969482422,351054
2021-04-09,138.5,141.9499969482422,136.0,136.52499389648438,402972
2021-04-12,135.0,135.0,126.32499694824219,126.94999694824219,197564
2021-04-13,127.0,138.5,126.6500015258789,130.14999389648438,368696
2021-04-15,132.5,135.72500610351562,128.52499389648438,130.4499969482422,300588
2021-04-16,131.72500610351562,134.0749969482422,128.0500030517578,129.10000610351562,190214
2021-04-19,127.0,127.55000305175781,121.0,124.07499694824219,146728
2021-04-20,126.5,131.0,122.55000305175781,124.82499694824219,225220
2021-04-22,123.7249984741211,125.44999694824219,122.0,122.4000015258789,281846
2021-04-23,124.9000015258789,126.0,121.25,122.0999984741211,629554
2021-04-26,132.0,134.9499969482422,126.0,130.89999389648438,1003612
2021-04-27,132.4499969482422,135.0,128.0,128.8249969482422,218746
2021-04-28,130.9499969482422,133.75,127.5,128.5749969482422,381320
2021-04-29,128.3000030517578,131.97500610351562,123.69999694824219,124.0999984741211,368900
2021-04-30,124.0999984741211,127.17500305175781,122.25,122.6500015258789,348440
2021-05-03,124.5,127.5,121.44999694824219,122.2750015258789,274922
2021-05-04,125.75,127.4749984741211,121.0,121.5250015258789,346182
2021-05-05,123.0,127.4000015258789,120.4000015258789,125.05000305175781,354032
2021-05-06,128.0,130.0,121.0,121.32499694824219,463704
2021-05-07,123.1500015258789,126.0,121.0,121.0999984741211,394852
2021-05-10,121.75,124.5,120.75,120.92500305175781,406012
2021-05-11,120.5,122.5,119.5,120.1500015258789,256820
2021-05-12,121.94999694824219,135.0,118.5,124.5999984741211,905532
2021-05-14,127.5,129.0,120.0,120.8499984741211,293294
2021-05-17,121.3499984741211,127.5,121.0250015258789,121.5,757258
2021-05-18,122.9749984741211,123.69999694824219,119.75,120.05000305175781,536244
2021-05-19,120.92500305175781,123.5,119.67500305175781,120.25,481770
2021-05-20,121.44999694824219,123.3499984741211,119.0,119.4749984741211,412398
2021-05-21,121.5,122.7249984741211,117.375,117.875,677880
2021-05-24,119.6500015258789,120.9749984741211,116.375,118.9000015258789,409660
2021-05-25,122.5,123.5,117.4749984741211,118.0,442244
2021-05-26,118.5,121.5,114.82499694824219,120.375,765432
2021-05-27,121.8499984741211,122.5,117.5,117.80000305175781,357356
2021-05-28,118.92500305175781,118.92500305175781,112.5,112.9000015258789,723214
2021-05-31,113.0,114.3499984741211,106.5,108.32499694824219,818238
2021-06-01,105.55000305175781,115.3499984741211,105.55000305175781,112.69999694824219,756528
2021-06-02,113.9000015258789,118.42500305175781,111.3499984741211,116.0,865584
2021-06-03,117.4000015258789,118.42500305175781,110.5,111.32499694824219,445012
2021-06-04,112.5,113.44999694824219,110.0250015258789,112.0250015258789,268994
2021-06-07,112.30000305175781,113.75,109.5,110.17500305175781,588114
2021-06-08,110.92500305175781,110.92500305175781,108.0250015258789,109.2750015258789,209328
2021-06-09,109.875,112.0,106.1500015258789,106.7249984741211,482916
2021-06-10,107.4000015258789,110.5,105.0,106.375,749240
2021-06-11,107.5,108.42500305175781,100.5,103.0,799314
2021-06-14,102.25,105.0,95.75,98.94999694824219,907808
2021-06-15,99.0250015258789,101.8499984741211,97.625,98.32499694824219,650642
2021-06-16,98.0999984741211,99.3499984741211,96.0,96.32499694824219,545902
2021-06-17,95.5,98.2750015258789,91.5250015258789,93.2249984741211,807844
2021-06-18,92.2249984741211,111.8499984741211,87.7249984741211,102.375,1380744
2021-06-21,102.375,107.875,95.25,98.875,952078
2021-06-22,99.8499984741211,102.2750015258789,94.4749984741211,95.4000015258789,798896
2021-06-23,96.75,99.0,94.1500015258789,94.875,398080
2021-06-24,96.0,100.0,94.0,98.4000015258789,611244
2021-06-25,99.0,101.0,94.75,98.94999694824219,407750
2021-06-28,99.0,101.69999694824219,94.7750015258789,95.80000305175781,211076
2021-06-29,96.0,97.2249984741211,94.2249984741211,94.55000305175781,344192
2021-06-30,95.0250015258789,98.55000305175781,93.0,93.55000305175781,569204
2021-07-01,95.44999694824219,107.0,89.5,90.69999694824219,3348844
2021-07-02,92.19999694824219,93.9749984741211,84.8499984741211,86.57499694824219,1577456
2021-07-05,85.9000015258789,86.2249984741211,81.5250015258789,82.9000015258789,1244998
2021-07-06,82.82499694824219,85.9749984741211,81.6500015258789,83.32499694824219,1422710
2021-07-07,83.32499694824219,85.6500015258789,80.9000015258789,81.57499694824219,750118
2021-07-08,82.44999694824219,83.94999694824219,79.1500015258789,80.07499694824219,860564
2021-07-09,80.07499694824219,83.0,78.0,82.0250015258789,578050
2021-07-12,81.94999694824219,84.0,79.0,79.30000305175781,833606
2021-07-13,78.2750015258789,80.75,76.5,76.94999694824219,798640
2021-07-14,77.7249984741211,78.5,75.0,77.2249984741211,810446
2021-07-15,78.4749984741211,80.25,74.32499694824219,75.6500015258789,1141780
2021-07-16,76.0,79.0,74.80000305175781,75.9749984741211,2204696
2021-07-19,76.94999694824219,77.94999694824219,75.0,75.5,764278
2021-07-20,75.0999984741211,75.82499694824219,73.05000305175781,73.5,213422
2021-07-22,74.80000305175781,77.0,73.0999984741211,75.82499694824219,655890
2021-07-23,76.5,79.0,73.5,74.2249984741211,1193998
2021-07-26,74.25,76.44999694824219,71.9000015258789,73.4749984741211,763412
2021-07-27,73.92500305175781,74.7249984741211,72.75,73.2750015258789,564046
2021-07-28,72.875,73.75,71.0250015258789,71.69999694824219,297908
2021-07-29,71.0,72.92500305175781,70.5,71.375,299104
2021-07-30,71.8499984741211,72.25,70.2750015258789,70.6500015258789,224930
2021-08-02,71.0,75.44999694824219,70.05000305175781,72.92500305175781,1104420
2021-08-03,72.92500305175781,73.4000015258789,70.0,70.7750015258789,627234
2021-08-04,71.3499984741211,71.9000015258789,67.75,69.1500015258789,589762
2021-08-05,69.0,78.0,66.0,75.875,1685412
2021-08-06,75.0,75.0,70.05000305175781,71.375,393622
2021-08-09,72.0,74.5,70.0,70.80000305175781,313622
2021-08-10,71.75,72.75,67.0,68.4000015258789,286082
2021-08-11,69.19999694824219,70.0,63.275001525878906,65.5,282006
2021-08-12,65.625,68.625,64.80000305175781,65.875,305194
2021-08-13,66.4749984741211,68.375,65.05000305175781,65.42500305175781,653498
2021-08-16,65.75,68.4000015258789,63.29999923706055,63.625,740750
2021-08-17,63.400001525878906,64.44999694824219,61.0,61.625,310406
2021-08-18,61.275001525878906,63.724998474121094,58.775001525878906,59.54999923706055,570612
2021-08-20,58.20000076293945,61.025001525878906,55.0,56.849998474121094,974162
2021-08-23,58.29999923706055,58.349998474121094,51.025001525878906,52.95000076293945,357842
2021-08-24,52.0,52.5,50.025001525878906,50.54999923706055,320852
2021-08-25,50.525001525878906,54.400001525878906,50.525001525878906,51.900001525878906,522856
2021-08-26,51.900001525878906,62.275001525878906,51.42499923706055,56.974998474121094,2716296
2021-08-27,58.5,60.95000076293945,53.224998474121094,54.67499923706055,1347848
2021-08-30,54.42499923706055,57.0,48.20000076293945,52.57500076293945,1059098
2021-08-31,54.0,54.0,51.25,51.92499923706055,255284
2021-09-01,51.92499923706055,55.0,51.375,51.79999923706055,895788
2021-09-02,52.224998474121094,52.5,51.275001525878906,51.474998474121094,299142
2021-09-03,52.275001525878906,52.275001525878906,50.224998474121094,50.525001525878906,337648
2021-09-06,50.650001525878906,51.974998474121094,49.525001525878906,50.20000076293945,298846
2021-09-07,51.375,51.375,48.70000076293945,49.17499923706055,296290
2021-09-08,49.17499923706055,52.5,49.025001525878906,50.95000076293945,597562
2021-09-09,51.45000076293945,51.45000076293945,48.54999923706055,49.224998474121094,472440
2021-09-13,49.724998474121094,49.724998474121094,48.474998474121094,48.70000076293945,264364
2021-09-14,48.45000076293945,50.32500076293945,48.25,48.45000076293945,409716
2021-09-15,48.57500076293945,49.25,47.625,47.849998474121094,563424
2021-09-16,48.42499923706055,54.474998474121094,48.224998474121094,50.07500076293945,2350532
2021-09-17,51.17499923706055,52.849998474121094,50.0,51.20000076293945,854132
2021-09-20,51.20000076293945,51.375,48.5,48.775001525878906,267738
2021-09-21,49.5,49.875,48.29999923706055,49.54999923706055,160116
2021-09-22,49.92499923706055,52.20000076293945,49.5,51.625,524676
2021-09-23,52.0,52.349998474121094,50.07500076293945,50.57500076293945,266146
2021-09-24,51.25,51.25,50.0,50.349998474121094,132962
2021-09-27,50.5,51.25,48.375,49.599998474121094,226048
2021-09-28,49.599998474121094,49.95000076293945,48.5,49.474998474121094,123130
2021-09-29,49.474998474121094,51.25,48.599998474121094,50.400001525878906,250480
2021-09-30,51.0,51.0,49.5,49.82500076293945,135396
2021-10-01,49.82500076293945,50.5,49.25,49.849998474121094,108512
2021-10-04,50.5,50.92499923706055,49.75,49.900001525878906,91200
2021-10-05,49.75,50.125,49.5,49.599998474121094,132674
2021-10-06,50.150001525878906,50.150001525878906,49.474998474121094,49.67499923706055,105302
2021-10-07,49.900001525878906,50.0,49.45000076293945,49.70000076293945,116120
2021-10-08,50.0,54.0,49.57500076293945,53.20000076293945,828488
2021-10-11,53.650001525878906,57.400001525878906,53.5,55.95000076293945,574432
2021-10-12,56.42499923706055,57.25,52.54999923706055,53.45000076293945,332306
2021-10-13,53.54999923706055,54.20000076293945,52.82500076293945,53.45000076293945,182334
2021-10-14,53.95000076293945,53.95000076293945,52.525001525878906,52.67499923706055,151608
2021-10-18,52.5,53.125,51.04999923706055,51.275001525878906,181846
2021-10-19,50.54999923706055,52.5,50.0,50.45000076293945,164128
2021-10-20,50.349998474121094,51.25,49.5,49.599998474121094,150862
2021-10-21,50.5,50.70000076293945,49.0,50.474998474121094,101744
2021-10-22,50.650001525878906,50.79999923706055,49.25,49.79999923706055,85764
2021-10-25,50.5,50.5,48.099998474121094,48.5,129220
2021-10-26,48.0,49.125,48.0,48.32500076293945,79706
2021-10-27,48.54999923706055,49.75,48.025001525878906,48.375,114944
2021-10-28,49.0,49.0,47.099998474121094,47.224998474121094,91876
2021-10-29,47.0,47.275001525878906,45.29999923706055,45.92499923706055,93822
2021-11-01,46.0,47.25,45.724998474121094,46.45000076293945,44290
2021-11-02,47.125,47.42499923706055,46.025001525878906,46.45000076293945,53964
2021-11-03,47.275001525878906,48.099998474121094,46.25,47.224998474121094,84044
2021-11-04,47.599998474121094,48.20000076293945,46.75,48.07500076293945,26220
2021-11-08,48.45000076293945,48.67499923706055,47.54999923706055,47.82500076293945,32616
2021-11-09,47.54999923706055,50.724998474121094,47.099998474121094,49.974998474121094,154636
2021-11-10,50.0,52.400001525878906,49.974998474121094,51.599998474121094,197724
2021-11-11,52.0,52.0,49.349998474121094,49.82500076293945,72932
2021-11-12,49.5,50.474998474121094,48.70000076293945,49.025001525878906,53580
2021-11-15,50.45000076293945,50.45000076293945,47.92499923706055,48.42499923706055,48452
2021-11-16,49.0,50.0,47.75,48.375,60372
2021-11-17,49.125,49.125,46.75,47.42499923706055,51792
2021-11-18,48.07500076293945,48.099998474121094,46.625,46.79999923706055,61044
2021-11-22,46.625,47.70000076293945,45.5,45.974998474121094,70354
2021-11-23,46.900001525878906,46.900001525878906,42.650001525878906,44.625,122482
2021-11-24,44.099998474121094,45.775001525878906,42.54999923706055,44.07500076293945,129834
2021-11-25,44.849998474121094,44.849998474121094,43.79999923706055,44.04999923706055,61974
2021-11-26,44.474998474121094,44.5,42.42499923706055,42.67499923706055,153732
2021-11-29,42.25,42.5,40.0,40.42499923706055,201136
2021-11-30,41.0,42.5,39.79999923706055,41.275001525878906,108192
2021-12-01,41.95000076293945,43.0,40.349998474121094,42.599998474121094,145490
2021-12-02,43.0,43.0,40.849998474121094,41.32500076293945,103984
2021-12-03,41.79999923706055,42.0,40.95000076293945,41.099998474121094,77018
2021-12-06,41.400001525878906,43.0,41.0,41.20000076293945,82930
2021-12-07,41.5,41.79999923706055,40.400001525878906,41.07500076293945,75728
2021-12-08,42.0,42.0,41.0,41.650001525878906,39736
2021-12-09,42.5,42.525001525878906,41.45000076293945,41.54999923706055,75540
2021-12-10,42.099998474121094,42.125,41.275001525878906,41.849998474121094,83086
2021-12-13,42.29999923706055,49.849998474121094,42.224998474121094,47.900001525878906,1143254
2021-12-14,48.0,48.0,45.900001525878906,46.5,217776
2021-12-15,46.5,49.70000076293945,46.5,48.275001525878906,250962
2021-12-16,48.95000076293945,57.275001525878906,48.625,54.849998474121094,1545540
2021-12-17,54.375,58.07500076293945,50.17499923706055,54.599998474121094,1108354
2021-12-20,54.0,54.0,48.67499923706055,50.32500076293945,256398
2021-12-21,51.0,53.0,49.5,50.599998474121094,133258
2021-12-22,50.599998474121094,52.025001525878906,48.67499923706055,50.42499923706055,85954
2021-12-23,50.0,52.25,50.0,50.95000076293945,63068
2021-12-24,51.849998474121094,52.0,49.775001525878906,49.92499923706055,85108
2021-12-27,49.75,50.42499923706055,47.20000076293945,47.57500076293945,123832
2021-12-28,48.599998474121094,54.875,48.29999923706055,52.025001525878906,484454
2021-12-29,52.95000076293945,53.974998474121094,51.57500076293945,51.974998474121094,114006
2021-12-30,52.0,55.400001525878906,50.125,52.0,310238
2021-12-31,52.849998474121094,53.349998474121094,51.125,51.67499923706055,98852
2022-01-03,52.349998474121094,53.67499923706055,51.275001525878906,51.70000076293945,90684
2022-01-04,52.17499923706055,52.275001525878906,50.525001525878906,51.099998474121094,90402
2022-01-05,52.224998474121094,55.0,51.20000076293945,54.125,376350
2022-01-06,54.5,64.94999694824219,51.650001525878906,63.29999923706055,2847236
2022-01-07,65.5,74.0999984741211,65.19999694824219,72.9000015258789,2720818
2022-01-10,75.0,75.75,66.0,66.8499984741211,985482
2022-01-11,65.0,69.0,64.17500305175781,64.7249984741211,427272
2022-01-12,66.25,67.125,58.5,59.849998474121094,781572
2022-01-13,61.20000076293945,61.875,60.25,61.275001525878906,281868
2022-01-14,61.375,63.125,60.5,61.474998474121094,208008
2022-01-17,61.0,62.900001525878906,60.42499923706055,62.04999923706055,179440
2022-01-18,62.5,62.5,56.5,57.625,268784
2022-01-19,57.625,62.5,56.775001525878906,61.724998474121094,289532
2022-01-20,63.45000076293945,64.0,59.775001525878906,61.275001525878906,179646
2022-01-21,59.25,61.25,58.525001525878906,59.625,113464
2022-01-24,61.474998474121094,61.474998474121094,53.67499923706055,55.45000076293945,290104
2022-01-25,56.0,57.25,53.5,56.79999923706055,152270
2022-01-27,55.54999923706055,58.07500076293945,53.82500076293945,54.775001525878906,126380
2022-01-28,56.0,60.25,55.67499923706055,58.95000076293945,259706
2022-01-31,60.5,60.5,57.5,57.82500076293945,82956
2022-02-01,59.025001525878906,59.025001525878906,55.70000076293945,56.67499923706055,80794
2022-02-02,57.04999923706055,61.0,57.04999923706055,59.375,161836
2022-02-03,59.70000076293945,59.75,57.54999923706055,58.400001525878906,76466
2022-02-04,58.25,59.82500076293945,56.54999923706055,57.349998474121094,81750
2022-02-07,57.650001525878906,59.5,57.42499923706055,57.67499923706055,88974
2022-02-08,59.0,59.0,56.07500076293945,57.0,39386
2022-02-09,58.5,58.5,55.5,57.025001525878906,41026
2022-02-10,56.5,61.45000076293945,56.5,59.32500076293945,177726
2022-02-11,59.525001525878906,59.525001525878906,56.5,56.875,79382
2022-02-14,55.54999923706055,56.099998474121094,49.0,51.400001525878906,159952
2022-02-15,51.54999923706055,54.849998474121094,50.349998474121094,54.07500076293945,144038
2022-02-16,54.25,55.5,53.07500076293945,54.57500076293945,58194
2022-02-17,54.57500076293945,55.849998474121094,51.349998474121094,53.32500076293945,84088
2022-02-18,53.75,53.75,52.375,52.70000076293945,33430
2022-02-21,51.25,52.400001525878906,50.025001525878906,50.275001525878906,84258
2022-02-22,48.5,49.57500076293945,47.0,47.875,127382
2022-02-23,47.650001525878906,51.42499923706055,47.650001525878906,49.32500076293945,82574
2022-02-24,43.900001525878906,47.0,43.04999923706055,43.875,193490
2022-02-25,45.75,47.54999923706055,45.0,45.900001525878906,74648
2022-02-28,49.0,49.79999923706055,44.5,48.099998474121094,128070
2022-03-02,47.25,49.0,47.0,47.79999923706055,47002
2022-03-03,47.75,49.25,47.724998474121094,48.224998474121094,55982
2022-03-04,49.0,49.0,46.54999923706055,47.29999923706055,47478
2022-03-07,46.125,47.0,45.525001525878906,45.849998474121094,40320
2022-03-08,46.32500076293945,48.0,45.79999923706055,47.275001525878906,44384
2022-03-09,47.275001525878906,49.5,47.275001525878906,48.525001525878906,46032
2022-03-10,49.95000076293945,52.349998474121094,49.775001525878906,50.54999923706055,87236
2022-03-11,52.45000076293945,54.0,51.0,51.82500076293945,125378
2022-03-14,52.0,52.82500076293945,49.0,49.67499923706055,75268
2022-03-15,50.42499923706055,50.5,48.5,49.25,45742
2022-03-16,50.0,50.474998474121094,49.0,49.375,37280
2022-03-17,49.375,50.29999923706055,48.5,48.92499923706055,74944
2022-03-21,49.0,49.92499923706055,48.42499923706055,49.125,108564
2022-03-22,50.125,50.125,47.25,48.20000076293945,81692
2022-03-23,48.625,49.20000076293945,47.474998474121094,47.75,65728
2022-03-24,47.099998474121094,48.32500076293945,47.099998474121094,47.5,59492
2022-03-25,48.0,48.0,46.599998474121094,47.025001525878906,90550
2022-03-28,47.0,47.0,44.75,45.17499923706055,114312
2022-03-29,46.275001525878906,48.849998474121094,43.349998474121094,44.04999923706055,143906
2022-03-30,44.5,46.375,44.5,45.95000076293945,107042
2022-03-31,45.95000076293945,46.0,43.849998474121094,44.125,220672
2022-04-01,45.5,47.5,44.5,46.375,115262
2022-04-04,46.375,47.849998474121094,46.25,47.29999923706055,92346
2022-04-05,47.75,47.900001525878906,46.875,47.375,83164
2022-04-06,47.625,52.0,47.275001525878906,51.45000076293945,309904
2022-04-07,51.70000076293945,51.70000076293945,48.95000076293945,49.29999923706055,117876
2022-04-08,50.0,51.724998474121094,49.5,50.275001525878906,94252
2022-04-11,50.5,51.349998474121094,49.32500076293945,49.875,90762
2022-04-12,50.025001525878906,50.04999923706055,48.525001525878906,49.650001525878906,94914
2022-04-13,49.75,51.20000076293945,49.25,49.974998474121094,118194
2022-04-18,49.92499923706055,49.92499923706055,47.650001525878906,48.70000076293945,80368
2022-04-19,48.775001525878906,49.45000076293945,47.0,48.099998474121094,75832
2022-04-20,48.5,48.974998474121094,47.775001525878906,47.92499923706055,34036
2022-04-21,48.0,52.349998474121094,48.0,50.599998474121094,180780
2022-04-22,50.04999923706055,51.599998474121094,49.25,49.775001525878906,69238
2022-04-25,48.75,50.07500076293945,48.25,48.375,59136
2022-04-26,49.32500076293945,49.32500076293945,47.650001525878906,47.849998474121094,56484
2022-04-27,48.0,49.400001525878906,47.20000076293945,47.95000076293945,69070
2022-04-28,48.5,49.5,47.625,47.95000076293945,58572
2022-04-29,47.95000076293945,49.04999923706055,47.0,47.400001525878906,54138
2022-05-02,47.5,47.67499923706055,44.349998474121094,45.92499923706055,73946
2022-05-04,46.25,46.92499923706055,45.25,45.92499923706055,35546
2022-05-05,46.0,46.57500076293945,45.5,45.82500076293945,19634
2022-05-06,45.54999923706055,46.875,44.0,44.67499923706055,55228
2022-05-09,46.0,46.0,44.17499923706055,44.625,23688
2022-05-10,45.0,45.474998474121094,42.5,42.75,56372
2022-05-11,42.75,43.0,37.20000076293945,40.07500076293945,112008
2022-05-12,38.099998474121094,39.474998474121094,37.04999923706055,37.95000076293945,76876
2022-05-13,40.95000076293945,41.0,38.525001525878906,40.0,57978
2022-05-16,42.900001525878906,42.900001525878906,40.775001525878906,41.75,36760
2022-05-17,43.474998474121094,43.474998474121094,41.900001525878906,42.57500076293945,38174
2022-05-18,42.57500076293945,42.599998474121094,42.0,42.125,25898
2022-05-19,41.5,42.20000076293945,40.82500076293945,41.5,23238
2022-05-20,41.5,42.724998474121094,41.474998474121094,42.599998474121094,16898
2022-05-23,42.5,42.875,41.42499923706055,41.70000076293945,17548
2022-05-24,41.57500076293945,42.0,41.025001525878906,41.57500076293945,26196
2022-05-25,42.0,42.17499923706055,40.224998474121094,40.92499923706055,25226
2022-05-26,41.0,41.5,40.32500076293945,40.599998474121094,16018
2022-05-27,41.0,41.57500076293945,40.400001525878906,40.67499923706055,16144
2022-05-30,40.67499923706055,41.875,38.67499923706055,39.75,37296
2022-05-31,40.0,47.70000076293945,40.0,45.349998474121094,586846
2022-06-01,43.67499923706055,45.900001525878906,43.42499923706055,44.375,114198
2022-06-02,44.5,44.5,43.025001525878906,43.474998474121094,46272
2022-06-03,43.625,45.0,43.474998474121094,43.57500076293945,36130
2022-06-06,43.57500076293945,43.849998474121094,35.75,40.099998474121094,136726
2022-06-07,40.75,42.95000076293945,40.25,41.17499923706055,67854
2022-06-08,40.775001525878906,41.525001525878906,40.45000076293945,40.5,26212
2022-06-09,40.5,41.375,39.900001525878906,40.375,21036
2022-06-10,40.375,42.474998474121094,39.525001525878906,40.724998474121094,34004
2022-06-13,41.0,41.0,39.150001525878906,39.400001525878906,30432
2022-06-14,40.0,40.5,38.099998474121094,39.349998474121094,38620
2022-06-15,39.75,40.07500076293945,38.599998474121094,38.92499923706055,21318
2022-06-16,39.0,41.625,37.724998474121094,38.17499923706055,36978
2022-06-17,38.5,39.20000076293945,37.900001525878906,39.0,16156
2022-06-20,38.25,38.25,37.0,37.125,30904
2022-06-21,38.650001525878906,38.650001525878906,37.17499923706055,38.224998474121094,21506
2022-06-22,38.5,38.525001525878906,33.67499923706055,37.275001525878906,22534
2022-06-23,36.5,38.025001525878906,36.5,37.45000076293945,12586
2022-06-24,37.45000076293945,38.67499923706055,37.45000076293945,37.79999923706055,15428
2022-06-27,39.0,45.349998474121094,39.0,45.349998474121094,353540
2022-06-28,47.5,50.775001525878906,44.0,45.45000076293945,762608
2022-06-29,44.5,45.20000076293945,42.125,42.79999923706055,91194
2022-06-30,42.599998474121094,44.875,41.07500076293945,41.875,84870
2022-07-01,42.67499923706055,44.0,39.95000076293945,40.625,51080
2022-07-04,42.900001525878906,42.95000076293945,40.650001525878906,41.79999923706055,54606
2022-07-05,41.70000076293945,43.0,41.0,41.474998474121094,56036
2022-07-06,41.599998474121094,41.95000076293945,40.04999923706055,40.900001525878906,31186
2022-07-07,41.67499923706055,42.5,40.400001525878906,40.82500076293945,56440
2022-07-08,41.625,42.79999923706055,41.5,41.79999923706055,111956
2022-07-11,42.275001525878906,42.275001525878906,40.625,41.224998474121094,47976
2022-07-12,40.82500076293945,41.900001525878906,40.82500076293945,41.525001525878906,37726
2022-07-13,41.67499923706055,42.32500076293945,41.0,41.150001525878906,30632
2022-07-14,41.625,41.75,41.125,41.375,18674
2022-07-15,42.099998474121094,42.099998474121094,40.875,41.125,32522
2022-07-18,41.92499923706055,42.275001525878906,41.29999923706055,41.900001525878906,23678
2022-07-19,42.400001525878906,42.45000076293945,41.5,41.974998474121094,18804
2022-07-20,42.0,42.70000076293945,41.57500076293945,41.75,76728
2022-07-21,41.625,42.17499923706055,40.599998474121094,41.599998474121094,52676
2022-07-22,41.974998474121094,44.0,41.95000076293945,42.07500076293945,19588
2022-07-25,42.875,42.875,41.025001525878906,42.025001525878906,27366
2022-07-26,41.82500076293945,41.974998474121094,41.125,41.32500076293945,11742
2022-07-27,40.75,41.57500076293945,40.75,41.400001525878906,16752
2022-07-28,41.95000076293945,43.0,41.45000076293945,42.150001525878906,42810
2022-07-29,41.525001525878906,43.04999923706055,41.349998474121094,41.650001525878906,25128
2022-08-01,41.75,44.0,41.025001525878906,42.275001525878906,59578
2022-08-02,41.57500076293945,42.54999923706055,41.57500076293945,42.42499923706055,22424
2022-08-03,42.75,42.75,41.5,41.775001525878906,35066
2022-08-04,41.04999923706055,42.5,41.04999923706055,42.099998474121094,30000
2022-08-05,41.70000076293945,42.125,41.04999923706055,41.775001525878906,28284
2022-08-08,41.5,42.25,41.150001525878906,41.70000076293945,28604
2022-08-10,41.70000076293945,42.20000076293945,41.125,42.0,21764
2022-08-11,42.0,42.70000076293945,40.599998474121094,41.17499923706055,55718
2022-08-12,41.974998474121094,42.0,40.95000076293945,41.20000076293945,25404
2022-08-16,41.099998474121094,42.275001525878906,38.54999923706055,40.32500076293945,186428
2022-08-17,39.75,41.875,39.75,41.07500076293945,38922
2022-08-18,41.525001525878906,42.45000076293945,40.974998474121094,41.474998474121094,43512
2022-08-19,42.275001525878906,42.275001525878906,39.67499923706055,41.04999923706055,39828
2022-08-22,41.625,41.625,40.099998474121094,41.25,21562
2022-08-23,41.17499923706055,41.45000076293945,40.17499923706055,40.974998474121094,20884
2022-08-24,41.724998474121094,42.25,40.75,41.42499923706055,50430
2022-08-25,41.95000076293945,42.20000076293945,41.025001525878906,41.474998474121094,30588
2022-08-26,42.0,42.224998474121094,41.42499923706055,41.525001525878906,36140
2022-08-29,41.25,41.25,40.150001525878906,40.92499923706055,21952
2022-08-30,40.92499923706055,44.42499923706055,40.599998474121094,42.525001525878906,94876
2022-09-01,43.25,43.474998474121094,42.0,42.375,33954
2022-09-02,42.275001525878906,44.70000076293945,42.25,43.474998474121094,113798
2022-09-05,43.25,45.0,42.79999923706055,44.099998474121094,79488
2022-09-06,44.5,52.150001525878906,44.0,50.20000076293945,779682
2022-09-07,49.849998474121094,60.0,48.224998474121094,58.099998474121094,1921158
2022-09-08,57.54999923706055,63.400001525878906,57.54999923706055,60.79999923706055,1288860
2022-09-09,61.0,61.275001525878906,58.0,58.42499923706055,323112
2022-09-12,59.5,64.25,58.54999923706055,61.900001525878906,902500
2022-09-13,64.25,67.25,63.0,65.80000305175781,792016
2022-09-14,64.625,69.2249984741211,64.07499694824219,67.2249984741211,531440
2022-09-15,67.7249984741211,70.07499694824219,65.80000305175781,69.2750015258789,496920
2022-09-16,68.94999694824219,69.5999984741211,62.349998474121094,63.025001525878906,403078
2022-09-19,63.0,67.0,62.974998474121094,64.7249984741211,196458
2022-09-20,64.75,65.9749984741211,62.099998474121094,63.29999923706055,152172
2022-09-21,61.79999923706055,64.5,60.29999923706055,61.375,123728
2022-09-22,60.525001525878906,62.150001525878906,59.150001525878906,60.150001525878906,61726
2022-09-23,60.5,61.95000076293945,57.775001525878906,58.82500076293945,85254
2022-09-26,58.82500076293945,58.82500076293945,52.974998474121094,54.67499923706055,164198
2022-09-27,53.974998474121094,60.125,53.224998474121094,56.79999923706055,361394
2022-09-28,55.875,60.0,55.375,57.20000076293945,112144
2022-09-29,58.349998474121094,58.75,56.625,57.099998474121094,23862
2022-09-30,55.20000076293945,58.07500076293945,55.20000076293945,56.400001525878906,52832
2022-10-03,56.29999923706055,59.75,56.29999923706055,58.525001525878906,111732
2022-10-04,59.0,62.5,58.900001525878906,60.349998474121094,170210
2022-10-06,61.95000076293945,61.974998474121094,60.45000076293945,61.20000076293945,104270
2022-10-07,60.5,61.150001525878906,59.5,60.25,42940
2022-10-10,59.900001525878906,59.900001525878906,58.125,58.54999923706055,42314
2022-10-11,59.95000076293945,59.95000076293945,57.275001525878906,57.79999923706055,56518
2022-10-12,57.82500076293945,58.724998474121094,57.25,57.525001525878906,23494
2022-10-13,58.45000076293945,63.275001525878906,56.525001525878906,63.150001525878906,589728
2022-10-14,62.95000076293945,63.45000076293945,59.224998474121094,59.5,278804
2022-10-17,59.25,61.025001525878906,58.400001525878906,59.07500076293945,84262
2022-10-18,60.0,60.474998474121094,58.775001525878906,59.025001525878906,52200
2022-10-19,59.0,59.0,54.625,55.099998474121094,224094
2022-10-20,55.0,59.724998474121094,54.57500076293945,58.349998474121094,122406
2022-10-21,59.0,59.07500076293945,54.07500076293945,54.79999923706055,131614
2022-10-24,57.45000076293945,57.45000076293945,52.95000076293945,53.70000076293945,111534
2022-10-25,53.45000076293945,55.5,52.650001525878906,53.82500076293945,50546
2022-10-27,53.5,55.5,52.79999923706055,53.525001525878906,64102
2022-10-28,53.650001525878906,54.42499923706055,48.900001525878906,51.17499923706055,115242
2022-10-31,52.0,53.275001525878906,51.42499923706055,51.70000076293945,40510
2022-11-01,52.0,56.20000076293945,51.625,53.875,245708
2022-11-02,54.95000076293945,54.95000076293945,52.75,53.0,24014
2022-11-03,53.900001525878906,53.900001525878906,51.25,52.79999923706055,30204
2022-11-04,54.5,54.75,51.775001525878906,54.45000076293945,73270
2022-11-07,55.0,56.0,53.5,54.54999923706055,58700
2022-11-09,54.5,60.0,52.275001525878906,58.025001525878906,250742
2022-11-10,60.0,63.82500076293945,56.54999923706055,63.54999923706055,902864
2022-11-11,67.0,69.4000015258789,65.9000015258789,67.92500305175781,919554
2022-11-14,69.0,69.94999694824219,66.6500015258789,68.94999694824219,375828
2022-11-15,67.57499694824219,72.375,67.57499694824219,72.375,410850
2022-11-16,75.9749984741211,75.9749984741211,75.9749984741211,75.9749984741211,246508
2022-11-17,79.75,79.75,79.75,79.75,152734
2022-11-18,83.7249984741211,83.7249984741211,75.7750015258789,83.7249984741211,3049964
2022-11-21,84.94999694824219,87.9000015258789,80.5999984741211,87.875,1395900
2022-11-22,88.125,90.8499984741211,84.80000305175781,87.42500305175781,742110
2022-11-23,86.0,88.42500305175781,83.07499694824219,83.44999694824219,573082
2022-11-24,84.0,87.5999984741211,79.30000305175781,87.5999984741211,1495952
2022-11-25,91.5,91.9749984741211,89.0,91.4000015258789,1111890
2022-11-28,91.5,94.07499694824219,87.80000305175781,89.375,231026
2022-11-29,89.0,93.82499694824219,84.92500305175781,93.80000305175781,1925174
2022-11-30,96.8499984741211,98.4749984741211,92.92500305175781,98.4749984741211,1986564
2022-12-01,98.1500015258789,101.82499694824219,96.75,99.6500015258789,670914
2022-12-02,99.94999694824219,101.0,98.0,98.8499984741211,291656
2022-12-05,99.94999694824219,103.2249984741211,96.0,101.30000305175781,613828
2022-12-06,99.94999694824219,101.94999694824219,97.0,97.5250015258789,97972
2022-12-07,96.5,100.5,95.0,97.57499694824219,76770
2022-12-08,97.42500305175781,102.44999694824219,95.5,102.44999694824219,267406
2022-12-09,104.0,107.5,99.05000305175781,104.1500015258789,214604
2022-12-12,101.44999694824219,109.3499984741211,101.44999694824219,109.3499984741211,272954
2022-12-13,110.4000015258789,112.5,106.5999984741211,111.42500305175781,183100
2022-12-14,110.5,115.0,106.3499984741211,113.1500015258789,219162
2022-12-15,112.5,115.0,108.5,108.80000305175781,133622
2022-12-16,108.9000015258789,114.2249984741211,104.05000305175781,114.2249984741211,472564
2022-12-19,114.5,119.92500305175781,110.5250015258789,118.94999694824219,460396
2022-12-20,120.0,122.5,115.5,120.55000305175781,315476
2022-12-21,120.55000305175781,120.55000305175781,114.5250015258789,114.5250015258789,158074
2022-12-22,110.5,112.25,108.80000305175781,108.80000305175781,74574
2022-12-23,103.375,103.375,103.375,103.375,32290
2022-12-26,98.2249984741211,108.19999694824219,98.2249984741211,105.5999984741211,231696
2022-12-27,107.4749984741211,110.875,102.5,110.875,141728
2022-12-28,112.5,116.4000015258789,108.1500015258789,116.4000015258789,246740
2022-12-29,113.125,122.19999694824219,113.125,118.5999984741211,238540
2022-12-30,124.0,124.5250015258789,114.0,119.5250015258789,199588
2023-01-02,120.0,125.5,116.0,123.875,278784
2023-01-03,124.0,129.97500610351562,120.05000305175781,127.9000015258789,354998
2023-01-04,131.4499969482422,131.4499969482422,122.5,127.30000305175781,76124
2023-01-05,128.52499389648438,131.4499969482422,125.5,126.875,102210
2023-01-06,129.85000610351562,129.85000610351562,122.625,126.4749984741211,81470
2023-01-09,127.0,129.5,122.75,126.17500305175781,136184
2023-01-10,126.82499694824219,129.0,122.05000305175781,122.4749984741211,124086
2023-01-11,125.4749984741211,125.4749984741211,122.4749984741211,122.7249984741211,52026
2023-01-12,126.0,127.0,120.55000305175781,123.0999984741211,123032
2023-01-13,124.94999694824219,127.4749984741211,118.07499694824219,120.4749984741211,53128
2023-01-16,120.5,122.5,119.25,120.42500305175781,44974
2023-01-17,120.42500305175781,124.0,118.0,121.2249984741211,58752
2023-01-18,121.9749984741211,127.2750015258789,120.05000305175781,127.19999694824219,203466
2023-01-19,129.5,129.5,124.875,125.92500305175781,97294
2023-01-20,126.94999694824219,129.0,124.5,125.375,54540
2023-01-23,127.1500015258789,129.5,122.2750015258789,123.125,64494
2023-01-24,122.5,125.1500015258789,120.80000305175781,122.19999694824219,36708
2023-01-25,122.19999694824219,122.19999694824219,116.0999984741211,116.0999984741211,79596
2023-01-27,115.4749984741211,118.5,110.30000305175781,113.3499984741211,187814
2023-01-30,113.3499984741211,119.0,110.0,113.5,163562
2023-01-31,112.5,117.5,110.0250015258789,115.0250015258789,58560
2023-02-01,117.42500305175781,118.44999694824219,109.2750015258789,109.30000305175781,65448
2023-02-02,109.4749984741211,114.69999694824219,103.94999694824219,109.0250015258789,84456
2023-02-03,109.0,109.94999694824219,103.57499694824219,107.25,212452
2023-02-06,103.5,107.0,103.5,106.8499984741211,30746
2023-02-07,104.19999694824219,108.44999694824219,104.0,105.30000305175781,52620
2023-02-08,105.30000305175781,108.5,105.0250015258789,105.3499984741211,16850
2023-02-09,105.3499984741211,110.5999984741211,101.5,108.07499694824219,65480
2023-02-10,108.0,113.44999694824219,105.17500305175781,106.32499694824219,40550
2023-02-13,108.44999694824219,109.9000015258789,103.2750015258789,104.1500015258789,29220
2023-02-14,104.19999694824219,104.5,100.0,100.375,40986
2023-02-15,100.0,100.5,96.3499984741211,99.4749984741211,104162
2023-02-16,100.0,101.94999694824219,95.0,96.5999984741211,51086
2023-02-17,97.3499984741211,98.75,95.1500015258789,97.57499694824219,74228
2023-02-20,97.5,101.5,97.0,97.0,46084
2023-02-21,97.0,101.8499984741211,97.0,101.8499984741211,139084
2023-02-22,100.5,103.75,97.5,99.0999984741211,50180
2023-02-23,97.0,104.05000305175781,97.0,104.05000305175781,79206
2023-02-24,104.0,109.25,104.0,107.9749984741211,87696
2023-02-27,111.5,113.0,108.25,110.7249984741211,43102
2023-02-28,112.5,116.25,108.2750015258789,110.25,273984
2023-03-01,111.0,115.75,109.05000305175781,114.94999694824219,541436
2023-03-02,119.0,119.0,115.625,117.07499694824219,132430
2023-03-03,117.55000305175781,120.25,113.2750015258789,114.19999694824219,88796
2023-03-06,118.0,118.0,110.07499694824219,111.0,156318
2023-03-08,110.75,114.82499694824219,110.75,113.3499984741211,142048
2023-03-09,112.5,114.92500305175781,108.0250015258789,110.0999984741211,126252
2023-03-10,111.9749984741211,113.625,107.875,110.82499694824219,318112
2023-03-13,112.4000015258789,114.7750015258789,107.0,108.0999984741211,255820
2023-03-14,110.44999694824219,110.44999694824219,103.5,104.19999694824219,323734
2023-03-15,106.0,109.4000015258789,104.5999984741211,109.05000305175781,495064
2023-03-16,109.82499694824219,112.125,104.75,105.82499694824219,315164
2023-03-17,107.9749984741211,108.5,105.69999694824219,106.5250015258789,267776
2023-03-20,104.55000305175781,108.125,104.0,106.5,336446
2023-03-21,107.5,109.67500305175781,104.5999984741211,105.5250015258789,269482
2023-03-22,108.2249984741211,109.0,102.55000305175781,104.4749984741211,483032
2023-03-23,104.94999694824219,106.5,102.7750015258789,104.7750015258789,359468
2023-03-24,106.30000305175781,106.30000305175781,99.55000305175781,100.07499694824219,450164
2023-03-27,100.4749984741211,100.4749984741211,95.07499694824219,95.07499694824219,710574
2023-03-28,95.07499694824219,99.4749984741211,92.42500305175781,96.2750015258789,666338
2023-03-29,96.2750015258789,99.2249984741211,93.5250015258789,95.125,984010
2023-03-31,95.69999694824219,99.875,95.69999694824219,99.875,1045572
2023-04-03,101.82499694824219,104.8499984741211,100.6500015258789,104.0,762718
2023-04-05,105.5,109.19999694824219,104.875,109.19999694824219,761674
2023-04-06,108.4000015258789,113.75,108.0999984741211,111.75,1008300
2023-04-10,108.5,115.42500305175781,108.125,109.07499694824219,533514
2023-04-11,110.5,117.5999984741211,109.69999694824219,116.9749984741211,1405856
2023-04-12,118.5,120.5,106.30000305175781,107.125,1389170
2023-04-13,108.44999694824219,115.42500305175781,108.0250015258789,108.5,716530
2023-04-17,108.5,108.5,105.05000305175781,105.67500305175781,411136
2023-04-18,107.5,110.75,106.5250015258789,108.625,436840
2023-04-19,109.92500305175781,110.4000015258789,105.67500305175781,106.7750015258789,430144
2023-04-20,106.7750015258789,109.0999984741211,104.5,105.2249984741211,456524
2023-04-21,105.69999694824219,109.9749984741211,105.07499694824219,106.80000305175781,556482
2023-04-24,109.0,110.0,106.2249984741211,107.05000305175781,447784
2023-04-25,108.125,117.0,107.6500015258789,115.6500015258789,907158
2023-04-26,117.5,127.19999694824219,113.05000305175781,127.19999694824219,3053952
2023-04-27,127.5250015258789,135.97500610351562,127.19999694824219,130.0,1324390
2023-04-28,139.75,139.75,121.0,122.57499694824219,1620370
2023-05-02,124.25,129.75,123.0250015258789,124.125,645054
2023-05-03,124.94999694824219,127.3499984741211,122.55000305175781,123.55000305175781,504492
2023-05-04,122.67500305175781,125.5,121.625,123.0,439850
2023-05-05,124.5,124.80000305175781,120.0,120.4000015258789,410404
2023-05-08,121.67500305175781,123.5,119.3499984741211,120.5250015258789,554636
2023-05-09,121.9749984741211,123.4749984741211,115.5,116.875,596308
2023-05-10,118.5999984741211,122.4749984741211,115.55000305175781,120.0,416790
2023-05-11,122.5,125.5,119.5,120.625,455340
2023-05-12,121.75,123.5,118.5,119.0,479296
2023-05-15,119.5250015258789,125.0,117.30000305175781,122.80000305175781,479030
2023-05-16,124.5,131.25,122.44999694824219,127.55000305175781,1529936
2023-05-17,128.4499969482422,128.4499969482422,120.0,121.69999694824219,364534
2023-05-18,122.5,124.9000015258789,120.0,121.5,340560
2023-05-19,121.5,123.9000015258789,120.0,121.5,325958
2023-05-22,121.5,123.0,118.0,118.55000305175781,423746
2023-05-23,118.55000305175781,119.875,116.05000305175781,117.1500015258789,278016
2023-05-24,113.0,117.2249984741211,112.42500305175781,114.875,298710
2023-05-25,112.5,117.25,112.5,115.25,509116
2023-05-26,115.25,117.0,113.5,115.4749984741211,316412
2023-05-29,117.1500015258789,122.05000305175781,109.17500305175781,110.5,615490
2023-05-30,111.44999694824219,116.30000305175781,108.30000305175781,113.17500305175781,629466
2023-05-31,113.17500305175781,114.0999984741211,110.0,111.4000015258789,369544
2023-06-01,111.5,114.75,111.0,112.05000305175781,362002
2023-06-02,113.69999694824219,120.9000015258789,111.4000015258789,117.125,437394
2023-06-05,118.25,128.8249969482422,118.25,122.375,864798
2023-06-06,122.5,127.75,121.2750015258789,124.5999984741211,931354
2023-06-07,125.5999984741211,128.22500610351562,112.1500015258789,112.17500305175781,954270
2023-06-08,112.5,117.7750015258789,111.0,115.4000015258789,125446
2023-06-09,115.5,117.32499694824219,112.5,115.1500015258789,34304
2023-06-12,110.25,116.4000015258789,110.25,113.375,32666
2023-06-13,112.7750015258789,114.9749984741211,110.5,113.94999694824219,54982
2023-06-14,116.0,116.0,113.5,113.82499694824219,23460
2023-06-15,114.0,119.5,113.4000015258789,118.0,148844
2023-06-16,121.9000015258789,121.9000015258789,118.05000305175781,119.0,52276
2023-06-19,120.9749984741211,124.94999694824219,116.05000305175781,118.9749984741211,269584
2023-06-20,120.0,120.0,115.0,117.5,164106
2023-06-21,117.5,118.44999694824219,113.0,114.92500305175781,26990
2023-06-22,114.94999694824219,117.5,113.0,113.55000305175781,33362
2023-06-23,113.5,117.0,112.75,113.82499694824219,97166
2023-06-26,117.5,119.0,115.0,115.67500305175781,188854
2023-06-27,116.0,119.0,113.5,114.2249984741211,14484
2023-06-28,114.0,117.0,111.5,113.0,36622
2023-06-30,113.92500305175781,114.9749984741211,111.5,112.75,38106
2023-07-03,117.44999694824219,118.375,113.0,115.2249984741211,38728
2023-07-04,115.2249984741211,116.8499984741211,112.0999984741211,113.07499694824219,13516
2023-07-05,114.9749984741211,114.9749984741211,109.5,110.94999694824219,25372
2023-07-06,112.0,113.25,111.5,112.0,27866
2023-07-07,114.9000015258789,116.5,109.5,114.1500015258789,33896
2023-07-10,114.5,114.5,111.5,112.0999984741211,122548
2023-07-11,112.5,116.5,112.0,112.5999984741211,36846
2023-07-12,112.5999984741211,115.5,110.25,112.9749984741211,28092
2023-07-13,114.82499694824219,114.82499694824219,110.5,112.75,31088
2023-07-14,112.5,114.4000015258789,109.0999984741211,112.17500305175781,40980
2023-07-17,110.57499694824219,113.4749984741211,110.0,110.125,20176
2023-07-18,110.125,113.5,109.25,111.2249984741211,40468
2023-07-19,111.2249984741211,112.75,110.0,110.30000305175781,32968
2023-07-20,110.5,110.625,109.0,110.19999694824219,21508
2023-07-21,110.0,115.69999694824219,109.0,113.19999694824219,115930
2023-07-24,113.5,115.0,110.57499694824219,113.9000015258789,32912
2023-07-25,115.0,115.0,111.5,111.67500305175781,15760
2023-07-26,114.5,114.5,110.5,111.5250015258789,19564
2023-07-27,111.9000015258789,117.0999984741211,110.25,117.0999984741211,183850
2023-07-28,122.94999694824219,122.94999694824219,113.5,122.94999694824219,363840
2023-07-31,124.44999694824219,129.0,123.0,125.5250015258789,249030
2023-08-01,127.9749984741211,129.0,123.55000305175781,127.05000305175781,97462
2023-08-02,128.0,130.5,125.0,129.0500030517578,155414
2023-08-03,131.47500610351562,135.5,129.0500030517578,135.5,1120650
2023-08-04,135.5,135.5,132.8000030517578,135.5,206984
2023-08-07,135.0,135.0,132.8000030517578,135.0,116646
2023-08-08,132.3000030517578,134.97500610351562,132.3000030517578,132.3000030517578,44818
2023-08-09,132.3000030517578,132.3000030517578,129.64999389648438,132.3000030517578,90754
2023-08-10,129.64999389648438,129.64999389648438,129.64999389648438,129.64999389648438,56766
2023-08-11,129.75,129.75,127.07499694824219,129.75,33342
2023-08-14,130.0749969482422,130.10000610351562,128.02499389648438,130.0749969482422,64294
2023-08-16,127.4749984741211,127.5,127.4749984741211,127.4749984741211,17564
2023-08-17,127.375,127.5,124.92500305175781,127.375,38680
2023-08-18,126.4000015258789,126.4000015258789,125.0,126.4000015258789,17010
2023-08-21,126.4000015258789,126.4000015258789,125.0,126.4000015258789,23120
2023-08-22,127.44999694824219,127.5,126.0,127.44999694824219,13644
2023-08-23,124.9000015258789,127.0,124.9000015258789,124.9000015258789,24866
2023-08-24,124.875,124.875,122.6500015258789,124.875,31348
2023-08-25,127.2249984741211,127.2249984741211,123.30000305175781,127.2249984741211,22008
2023-08-28,127.5,127.5,127.0,127.5,15202
2023-08-29,127.5,127.5,125.07499694824219,127.5,21356
2023-08-30,127.375,127.375,125.0,127.375,38536
2023-08-31,127.2249984741211,127.2249984741211,124.82499694824219,127.2249984741211,43238
2023-09-01,129.0,129.47500610351562,127.5,129.0,34548
2023-09-04,131.5749969482422,131.5749969482422,130.02499389648438,131.5749969482422,70006
2023-09-05,128.9499969482422,133.97500610351562,128.9499969482422,128.9499969482422,24000
2023-09-06,130.4499969482422,130.4499969482422,127.5250015258789,130.4499969482422,32316
2023-09-07,133.0500030517578,133.0500030517578,131.02499389648438,133.0500030517578,76086
2023-09-08,133.0500030517578,133.0500030517578,131.0,133.0500030517578,26226
2023-09-11,132.52499389648438,139.6999969482422,132.52499389648438,139.6999969482422,91952
2023-09-12,145.0,145.0,134.5,137.8249969482422,51626
2023-09-13,133.125,140.0,133.125,139.10000610351562,100650
2023-09-14,143.47500610351562,143.47500610351562,135.8000030517578,137.8000030517578,41266
2023-09-15,139.0,142.47500610351562,135.60000610351562,138.14999389648438,38854
2023-09-18,138.3000030517578,140.5,132.9250030517578,133.10000610351562,65850
2023-09-20,130.0500030517578,139.5,130.0,135.22500610351562,48604
2023-09-21,134.97500610351562,137.4499969482422,132.5500030517578,133.4499969482422,10878
2023-09-22,130.5749969482422,139.5,130.5749969482422,138.0500030517578,67556
2023-09-25,139.875,150.0,135.0,140.5500030517578,319700
2023-09-26,142.5,142.5,135.8000030517578,138.6999969482422,186630
2023-09-27,138.6999969482422,147.5,138.6999969482422,143.875,783806
2023-09-28,143.0749969482422,149.0,143.0749969482422,144.8249969482422,482866
2023-09-29,146.97500610351562,149.9499969482422,143.5,147.1999969482422,292666
2023-10-03,148.85000610351562,148.85000610351562,142.1750030517578,143.02499389648438,69090
2023-10-04,145.1750030517578,145.1750030517578,139.77499389648438,141.5500030517578,46608
2023-10-05,143.97500610351562,148.85000610351562,140.125,147.125,1135548
2023-10-06,148.5,155.0,146.125,150.22500610351562,1278554
2023-10-09,147.89999389648438,150.97500610351562,143.6750030517578,147.8000030517578,718586
2023-10-10,151.6999969482422,158.6999969482422,146.75,157.77499389648438,1140292
2023-10-11,156.22500610351562,162.0,152.75,154.14999389648438,387580
2023-10-12,155.0,169.5500030517578,151.5,169.5500030517578,3629250
2023-10-13,167.64999389648438,177.77499389648438,164.89999389648438,166.3000030517578,488598
2023-10-16,166.5,170.60000610351562,157.4499969482422,159.75,255306
2023-10-17,159.77499389648438,172.1999969482422,159.77499389648438,163.375,637418
2023-10-18,163.39999389648438,168.97500610351562,160.52499389648438,164.25,609510
2023-10-19,164.25,179.9499969482422,158.77499389648438,174.97500610351562,1209008
2023-10-20,175.0,179.3000030517578,169.0749969482422,170.4250030517578,380148
2023-10-23,177.0,177.47500610351562,161.10000610351562,162.4499969482422,315034
2023-10-25,162.4499969482422,164.22500610351562,150.0,153.4250030517578,534732
2023-10-26,154.97500610351562,154.97500610351562,142.52499389648438,152.3249969482422,274578
2023-10-27,150.5,159.0,150.5,155.6750030517578,556094
2023-10-30,158.85000610351562,159.60000610351562,152.02499389648438,157.60000610351562,1610802
2023-10-31,157.5,166.39999389648438,155.375,159.1999969482422,1858832
2023-11-01,159.5,162.39999389648438,155.8000030517578,156.75,232412
2023-11-02,161.4499969482422,161.4499969482422,152.625,154.875,261604
2023-11-03,155.0749969482422,165.85000610351562,155.0749969482422,163.27499389648438,670696
2023-11-06,165.5500030517578,179.60000610351562,159.25,179.60000610351562,1839200
2023-11-07,182.3000030517578,182.3000030517578,171.1750030517578,176.97500610351562,496018
2023-11-08,179.47500610351562,182.4499969482422,170.02499389648438,175.5,366924
2023-11-09,178.47500610351562,182.5,173.0,179.25,800690
2023-11-10,179.02499389648438,179.02499389648438,174.25,175.4250030517578,233524
2023-11-13,176.9499969482422,180.0,175.875,178.8249969482422,199488
2023-11-15,182.0,182.89999389648438,175.47500610351562,176.9250030517578,205548
2023-11-16,176.9250030517578,178.85000610351562,171.5749969482422,172.5500030517578,233764
2023-11-17,175.14999389648438,175.14999389648438,170.52499389648438,171.8000030517578,220240
2023-11-20,171.8000030517578,188.9250030517578,171.8000030517578,185.0,1212086
2023-11-21,187.5,197.35000610351562,182.9499969482422,184.875,560390
2023-11-22,184.5,195.5,180.0,180.89999389648438,270328
2023-11-23,180.0,186.9499969482422,177.6750030517578,180.72500610351562,228902
2023-11-24,180.72500610351562,184.5,175.52499389648438,177.27499389648438,210772
2023-11-28,179.9250030517578,179.9250030517578,170.60000610351562,172.0500030517578,290046
2023-11-29,174.625,179.47500610351562,171.72500610351562,172.5749969482422,245816
2023-11-30,172.5749969482422,175.0,170.0500030517578,172.6999969482422,282610
2023-12-01,172.6999969482422,178.6999969482422,170.0,170.47500610351562,161348
2023-12-04,175.0,179.0,170.27499389648438,173.85000610351562,310228
2023-12-05,176.4499969482422,177.5,169.0,171.77499389648438,145518
2023-12-06,174.35000610351562,176.39999389648438,170.0,171.6999969482422,184080
2023-12-07,172.5,200.0749969482422,170.25,197.3249969482422,4459634
2023-12-08,196.0,199.9499969482422,189.6750030517578,195.0749969482422,1421572
2023-12-11,191.89999389648438,194.9499969482422,187.625,189.25,273424
2023-12-12,191.22500610351562,193.22500610351562,185.9499969482422,189.27499389648438,521998
2023-12-13,187.75,192.5500030517578,186.4499969482422,191.0,478922
2023-12-14,192.5,192.5,185.5500030517578,187.1750030517578,412378
2023-12-15,187.5,194.5,181.35000610351562,183.97500610351562,433664
2023-12-18,183.5,186.625,178.02499389648438,183.3249969482422,157164
2023-12-19,183.3249969482422,217.4499969482422,182.52499389648438,210.75,3391858
2023-12-20,213.39999389648438,213.89999389648438,200.25,202.22500610351562,601490
2023-12-21,202.0,236.0,190.0,231.72500610351562,2194246
2023-12-22,226.5,254.6999969482422,225.9499969482422,248.60000610351562,2612890
2023-12-26,251.72500610351562,253.39999389648438,239.0,240.1999969482422,1369654
2023-12-27,240.5,246.6999969482422,231.0,237.9499969482422,704006
2023-12-28,239.39999389648438,249.3000030517578,232.0,238.85000610351562,552148
2023-12-29,235.0,238.89999389648438,230.0,236.9250030517578,456516
2024-01-01,232.5,244.5,232.5,237.6750030517578,378186
2024-01-02,239.9499969482422,239.9499969482422,227.375,229.10000610351562,427782
2024-01-03,229.0,232.5,225.6750030517578,227.0,363578
2024-01-04,230.47500610351562,247.39999389648438,228.0,232.27499389648438,776940
2024-01-05,234.4499969482422,252.0,234.3249969482422,243.875,1007954
2024-01-08,244.97500610351562,292.6499938964844,244.5,292.3999938964844,3253134
2024-01-09,297.4750061035156,322.25,297.4750061035156,304.875,2589364
2024-01-10,305.25,316.5,305.25,307.5249938964844,1848690
2024-01-11,305.0,309.8500061035156,295.0,298.0,611706
2024-01-12,300.0,302.25,284.57501220703125,289.8999938964844,890586
2024-01-15,289.5,318.875,285.2250061035156,318.875,712784
2024-01-16,322.5,329.5,307.0,313.45001220703125,605992
2024-01-17,305.0,344.7749938964844,303.5,344.7749938964844,1514364
2024-01-18,350.0,379.25,348.9750061035156,379.25,1097846
2024-01-19,398.20001220703125,398.20001220703125,380.29998779296875,386.95001220703125,971264
2024-01-23,400.5,412.5,376.92498779296875,377.95001220703125,339068
2024-01-24,381.0,396.82501220703125,373.5,396.82501220703125,374704
2024-01-25,407.0,416.6499938964844,395.0,398.79998779296875,399670
2024-01-29,380.0,402.45001220703125,380.0,384.1499938964844,158884
2024-01-30,384.5,390.0,370.20001220703125,376.1000061035156,52716
2024-01-31,380.0,387.0,365.20001220703125,375.5249938964844,40040
2024-02-01,376.5,384.95001220703125,356.75,358.25,140710
2024-02-02,367.5,367.5,347.5,357.67498779296875,45066
2024-02-05,357.5,375.54998779296875,357.5,365.07501220703125,52530
2024-02-06,379.0,382.8999938964844,368.0,375.70001220703125,86072
2024-02-07,375.70001220703125,375.70001220703125,360.07501220703125,364.1499938964844,60606
2024-02-08,370.3999938964844,382.3500061035156,366.70001220703125,382.32501220703125,545752
2024-02-09,401.42498779296875,401.42498779296875,367.54998779296875,385.04998779296875,91090
2024-02-12,392.7749938964844,395.0,366.1000061035156,367.8500061035156,65140
2024-02-13,370.0,385.9750061035156,355.57501220703125,380.42498779296875,146726
2024-02-14,382.8500061035156,390.0,366.5,383.625,71700
2024-02-15,369.0,387.0,369.0,380.25,30182
2024-02-16,383.5,398.95001220703125,370.57501220703125,382.4750061035156,157696
2024-02-19,394.5,400.0,374.6000061035156,390.4750061035156,146458
2024-02-20,399.5,407.5,390.0249938964844,400.3500061035156,384614
2024-02-21,405.0,420.3500061035156,392.5,393.7250061035156,441870
2024-02-22,397.5,413.0,395.57501220703125,408.5249938964844,359636
2024-02-23,414.32501220703125,423.8500061035156,402.82501220703125,406.25,153286
2024-02-26,406.25,406.25,391.04998779296875,393.0249938964844,62298
2024-02-27,405.95001220703125,405.95001220703125,383.0,388.32501220703125,45788
2024-02-28,395.0,407.7250061035156,383.0,406.5249938964844,219818
2024-02-29,413.0,414.0,400.0,404.75,57980
2024-03-01,404.75,424.9750061035156,404.75,424.9750061035156,179078
2024-03-04,452.5,452.5,420.5,423.2250061035156,105752
2024-03-05,425.0,429.0,403.0249938964844,422.29998779296875,505268
2024-03-06,424.9750061035156,435.0,402.5249938964844,414.92498779296875,291448
2024-03-07,412.5,424.5,407.5,411.375,15608
2024-03-11,412.5,412.7749938964844,390.82501220703125,390.82501220703125,116688
2024-03-12,389.92498779296875,394.5,371.29998779296875,371.29998779296875,171250
2024-03-13,370.0,382.5,352.75,358.2250061035156,277618
2024-03-14,358.2250061035156,376.125,346.0,376.125,102218
2024-03-15,394.20001220703125,394.92498779296875,357.32501220703125,363.625,144206
2024-03-18,371.5,381.79998779296875,363.5,372.07501220703125,69692
2024-03-19,384.0,384.0,360.0,361.92498779296875,36562
2024-03-20,374.25,374.25,360.0,362.5,24102
2024-03-21,365.0249938964844,375.0,352.5,360.4750061035156,67780
2024-03-22,366.5,366.5,350.0,356.875,45586
2024-03-26,364.9750061035156,364.9750061035156,350.9750061035156,352.57501220703125,71632
2024-03-27,354.0,364.9750061035156,351.0,353.5249938964844,135186
2024-03-28,353.5249938964844,367.875,352.1000061035156,360.8999938964844,84280
2024-04-01,369.92498779296875,378.92498779296875,369.92498779296875,378.92498779296875,46548
2024-04-02,389.04998779296875,397.3500061035156,379.0249938964844,393.0249938964844,57444
2024-04-03,389.0,399.5,373.67498779296875,390.70001220703125,66144
2024-04-04,377.5,395.4750061035156,377.5,384.125,48052
2024-04-05,389.0,389.0,380.0,386.42498779296875,52926
2024-04-08,393.5,393.8999938964844,375.75,384.67498779296875,14820
2024-04-09,384.6499938964844,399.0,375.0,393.2749938964844,197152
2024-04-10,395.95001220703125,412.92498779296875,389.9750061035156,409.625,721656
2024-04-12,416.0,419.625,397.75,404.57501220703125,84458
2024-04-15,392.57501220703125,402.5,390.0,395.9750061035156,32358
2024-04-16,390.0,412.3500061035156,385.8500061035156,407.8500061035156,41070
2024-04-18,411.0,415.0,396.32501220703125,411.375,69696
2024-04-19,394.5,410.82501220703125,394.5,408.29998779296875,70112
2024-04-22,412.4750061035156,414.95001220703125,391.04998779296875,411.1000061035156,73826
2024-04-23,411.07501220703125,431.4750061035156,400.57501220703125,428.875,405968
2024-04-24,434.92498779296875,442.0,425.0,440.7749938964844,230150
2024-04-25,442.5,442.5,427.5,436.75,184172
2024-04-26,436.75,436.75,420.5,429.375,27056
2024-04-29,436.0,437.32501220703125,417.5,426.125,20466
2024-04-30,423.0,445.0,411.0,433.57501220703125,190392
2024-05-02,430.0,441.0,424.0,430.32501220703125,62856
2024-05-03,430.32501220703125,437.45001220703125,417.29998779296875,421.2250061035156,25278
2024-05-06,421.54998779296875,429.95001220703125,403.04998779296875,406.57501220703125,70802
2024-05-07,406.57501220703125,418.3999938964844,386.25,387.625,99496
2024-05-08,387.4750061035156,390.0,377.5,383.6499938964844,85388
2024-05-09,383.6499938964844,394.0,380.0,387.45001220703125,36690
2024-05-10,392.3500061035156,392.3500061035156,368.07501220703125,369.29998779296875,114194
2024-05-13,360.04998779296875,385.3999938964844,355.2749938964844,383.1000061035156,37502
2024-05-14,392.45001220703125,392.5,372.5,378.67498779296875,48448
2024-05-15,378.5,388.0,375.0,378.92498779296875,8064
2024-05-16,381.0,388.5,373.5,376.07501220703125,20036
2024-05-17,376.5,385.8500061035156,369.5,373.0249938964844,23008
2024-05-21,376.0,384.625,372.5249938964844,376.125,28116
2024-05-22,377.5,384.4750061035156,362.54998779296875,373.92498779296875,173470
2024-05-23,374.5,382.04998779296875,365.0,368.29998779296875,145988
2024-05-24,365.5,372.4750061035156,360.0,363.82501220703125,96796
2024-05-27,358.5,369.5,357.5,362.2250061035156,50108
2024-05-28,362.2250061035156,380.0249938964844,350.5,374.5249938964844,169340
2024-05-29,390.0,390.0,365.0,373.95001220703125,81000
2024-05-30,377.3500061035156,381.8999938964844,359.67498779296875,361.6000061035156,24406
2024-05-31,364.82501220703125,367.04998779296875,347.82501220703125,361.45001220703125,46984
2024-06-03,377.17498779296875,379.5,354.54998779296875,360.92498779296875,78264
2024-06-04,362.45001220703125,362.45001220703125,342.875,342.875,33558
2024-06-05,339.9750061035156,339.9750061035156,325.75,328.7749938964844,31618
2024-06-06,328.0,345.0,322.57501220703125,328.7250061035156,82598
2024-06-07,328.7250061035156,345.0,328.0,336.29998779296875,46586
2024-06-10,339.95001220703125,349.5,330.1000061035156,338.8999938964844,65308
2024-06-11,345.70001220703125,355.82501220703125,334.0249938964844,355.82501220703125,698076
2024-06-12,355.5,370.0,351.07501220703125,360.75,341846
2024-06-13,362.95001220703125,369.0,357.5,363.95001220703125,266818
2024-06-14,360.20001220703125,367.45001220703125,359.32501220703125,361.29998779296875,77316
2024-06-18,351.5,359.9750061035156,351.5,356.54998779296875,216312
2024-06-19,359.4750061035156,359.4750061035156,341.5249938964844,353.7749938964844,90918
2024-06-20,356.45001220703125,356.45001220703125,347.82501220703125,349.92498779296875,11548
2024-06-21,348.3999938964844,352.5,344.5,350.0,129556
2024-06-24,367.5,367.5,362.5,366.1499938964844,342870
2024-06-25,379.0,384.45001220703125,370.125,384.42498779296875,353482
2024-06-26,383.4750061035156,389.0,366.0,367.67498779296875,606570
2024-06-27,367.3999938964844,379.3999938964844,350.79998779296875,362.92498779296875,262650
2024-06-28,364.4750061035156,366.0,352.5,358.20001220703125,48676
2024-07-01,366.0,374.5,365.0,370.67498779296875,87638
2024-07-02,383.45001220703125,383.45001220703125,362.17498779296875,364.2749938964844,95638
2024-07-03,368.95001220703125,368.95001220703125,346.07501220703125,357.875,370048
2024-07-04,354.92498779296875,355.0,340.7749938964844,343.25,241832
2024-07-05,360.5,360.5,360.5,360.5,14750
2024-07-08,377.5,378.5,371.0,378.5,46071
2024-07-09,397.0,397.0,390.5,397.0,84104
2024-07-10,416.5,416.5,377.5,410.0,540524
2024-07-11,410.0,410.0,394.5,403.5,41423
2024-07-12,413.0,413.0,385.5,396.0,126084
2024-07-15,402.0,402.0,376.5,385.5,115341
2024-07-16,387.5,392.5,373.0,383.5,137000
2024-07-18,373.5,387.0,369.0,370.5,60328
2024-07-19,370.5,375.0,360.0,361.5,10984
2024-07-22,360.0,366.5,343.5,346.5,50865
2024-07-23,340.0,354.5,333.5,340.0,12938
2024-07-24,343.5,357.0,330.5,357.0,16042
2024-07-25,373.0,374.5,345.0,361.5,131098
2024-07-26,343.5,361.5,343.5,346.0,98589
2024-07-29,347.5,353.0,334.0,337.5,236140
2024-07-30,339.0,354.0,327.5,352.5,194865
2024-07-31,352.0,369.0,340.0,350.5,231082
2024-08-01,351.0,362.0,342.0,346.20001220703125,191050
2024-08-02,339.5,346.20001220703125,332.5,334.29998779296875,251729
2024-08-05,318.0,337.8999938964844,317.5,319.79998779296875,51598
2024-08-06,319.79998779296875,335.70001220703125,316.1000061035156,331.3999938964844,189612
2024-08-07,343.0,344.0,325.1000061035156,328.3999938964844,206361
2024-08-08,335.0,344.70001220703125,330.1000061035156,338.29998779296875,75374
2024-08-09,352.79998779296875,352.79998779296875,339.0,340.29998779296875,35325
2024-08-12,347.0,347.0,332.6000061035156,339.3999938964844,353604
2024-08-13,346.5,346.5,328.1000061035156,329.8999938964844,223388
2024-08-14,336.0,345.0,313.3999938964844,329.0,746905
2024-08-16,339.29998779296875,339.3999938964844,318.0,324.29998779296875,938688
2024-08-19,330.0,340.5,313.1000061035156,338.5,688945
2024-08-20,344.79998779296875,347.79998779296875,328.20001220703125,332.29998779296875,285774
2024-08-21,332.29998779296875,338.0,320.0,328.6000061035156,219393
2024-08-22,332.8999938964844,342.0,328.1000061035156,332.1000061035156,147362
2024-08-23,337.0,337.0,325.29998779296875,328.29998779296875,45829
2024-08-26,333.0,336.5,330.0,335.5,65205
2024-08-27,339.8999938964844,339.8999938964844,336.0,337.29998779296875,67474
2024-08-28,340.0,354.0,336.1000061035156,345.8999938964844,124535
2024-08-29,348.0,350.0,337.0,340.70001220703125,194357
2024-08-30,336.0,341.8999938964844,330.29998779296875,332.3999938964844,24801
2024-09-02,339.79998779296875,339.79998779296875,324.1000061035156,325.79998779296875,46882
2024-09-03,325.0,332.3999938964844,323.8999938964844,327.29998779296875,36706
2024-09-04,329.5,343.6000061035156,321.20001220703125,343.20001220703125,118721
2024-09-05,357.79998779296875,360.29998779296875,343.6000061035156,360.0,706559
2024-09-06,364.29998779296875,378.0,351.0,356.5,420378
2024-09-09,359.8999938964844,373.0,347.20001220703125,369.8999938964844,258957
2024-09-10,374.0,385.0,357.5,362.1000061035156,324200
2024-09-11,367.3999938964844,369.6000061035156,343.8999938964844,345.1000061035156,651356
2024-09-12,351.3999938964844,351.70001220703125,334.0,338.20001220703125,692662
2024-09-13,343.0,348.8999938964844,338.8999938964844,342.8999938964844,402095
2024-09-16,343.0,353.5,335.0,340.3999938964844,211743
2024-09-17,332.5,347.1000061035156,329.0,330.5,128511
2024-09-18,330.5,335.20001220703125,314.0,315.5,239437
2024-09-19,324.5,331.0,299.70001220703125,299.70001220703125,1062732
2024-09-20,312.3999938964844,314.6000061035156,306.20001220703125,314.6000061035156,107714
2024-09-23,330.29998779296875,330.29998779296875,321.0,330.29998779296875,9066455
2024-09-24,340.1000061035156,346.79998779296875,340.1000061035156,346.79998779296875,5909722
2024-09-25,348.0,354.70001220703125,348.0,352.79998779296875,8149307
2024-09-26,353.6000061035156,356.20001220703125,353.5,355.8999938964844,5895316
2024-09-27,338.1000061035156,338.1000061035156,338.1000061035156,338.1000061035156,404328
2024-09-30,321.1000061035156,321.1000061035156,321.1000061035156,321.1000061035156,57235
2024-10-01,305.0,305.0,305.0,305.0,105380
2024-10-03,289.70001220703125,289.70001220703125,289.70001220703125,289.70001220703125,71946
2024-10-04,275.20001220703125,275.20001220703125,275.20001220703125,275.20001220703125,56969
2024-10-07,261.3999938964844,261.3999938964844,261.3999938964844,261.3999938964844,43751
2024-10-08,248.3000030517578,248.3000030517578,248.3000030517578,248.3000030517578,110541
2024-10-09,235.8000030517578,248.10000610351562,235.8000030517578,235.8000030517578,3845328
2024-10-10,224.0,230.6999969482422,224.0,224.0,849023
2024-10-11,212.8000030517578,235.1999969482422,212.8000030517578,228.0,3307135
2024-10-14,223.39999389648438,229.8000030517578,216.60000610351562,216.60000610351562,891201
2024-10-15,205.6999969482422,205.6999969482422,205.6999969482422,205.6999969482422,311706
2024-10-16,195.39999389648438,205.3000030517578,195.39999389648438,196.3000030517578,4378313
2024-10-17,196.3000030517578,206.10000610351562,188.10000610351562,205.89999389648438,1402944
2024-10-18,207.0,216.10000610351562,195.60000610351562,198.60000610351562,1294627
2024-10-21,199.0,200.6999969482422,188.60000610351562,188.60000610351562,271647
2024-10-22,179.10000610351562,183.8000030517578,179.10000610351562,179.10000610351562,869535
2024-10-23,170.60000610351562,177.1999969482422,170.10000610351562,170.10000610351562,1232002
2024-10-24,167.0,169.39999389648438,161.5,161.5,1020488
2024-10-25,156.5,166.60000610351562,153.39999389648438,153.39999389648438,382827
2024-10-28,147.5,153.3000030517578,145.6999969482422,148.0,1154365
2024-10-29,148.10000610351562,155.39999389648438,143.3000030517578,151.89999389648438,677585
2024-10-30,153.0,159.39999389648438,147.3000030517578,158.89999389648438,415006
2024-10-31,166.8000030517578,166.8000030517578,165.0,166.6999969482422,246555
2024-11-01,175.0,175.0,172.0,174.89999389648438,182902
2024-11-04,183.60000610351562,183.60000610351562,173.10000610351562,180.3000030517578,1026420
2024-11-05,177.5,181.3000030517578,171.1999969482422,172.39999389648438,632471
2024-11-06,174.5,181.0,167.1999969482422,178.8000030517578,593227
2024-11-07,179.8000030517578,184.89999389648438,175.3000030517578,176.8000030517578,368301
2024-11-08,178.89999389648438,178.89999389648438,168.5,169.60000610351562,386440
2024-11-11,165.0,171.0,163.3000030517578,166.89999389648438,148980
2024-11-12,172.0,175.1999969482422,165.60000610351562,167.5,270211
2024-11-13,172.39999389648438,172.39999389648438,159.3000030517578,160.89999389648438,224314
2024-11-14,160.89999389648438,166.5,160.0,165.5,127581
2024-11-18,170.0,170.0,160.0,160.8000030517578,118366
2024-11-19,162.89999389648438,164.6999969482422,154.5,157.60000610351562,321581
2024-11-21,157.60000610351562,160.0,151.8000030517578,152.89999389648438,375496
2024-11-22,156.0,156.0,148.5,151.6999969482422,397725
2024-11-25,155.6999969482422,156.60000610351562,148.8000030517578,151.60000610351562,405491
2024-11-26,151.6999969482422,155.3000030517578,148.0,149.3000030517578,608929
2024-11-27,146.1999969482422,156.6999969482422,146.1999969482422,149.10000610351562,427965
2024-11-28,151.89999389648438,156.5,148.1999969482422,151.3000030517578,527822
2024-11-29,150.0,152.6999969482422,145.5,148.8000030517578,717870
2024-12-02,151.89999389648438,155.8000030517578,147.5,149.60000610351562,343002
2024-12-03,151.0,151.8000030517578,147.60000610351562,149.1999969482422,324300
2024-12-04,150.8000030517578,153.60000610351562,149.0,150.1999969482422,246210
2024-12-05,152.0,152.0,146.6999969482422,148.3000030517578,327991
2024-12-06,149.6999969482422,163.10000610351562,148.0,162.10000610351562,1043462
2024-12-09,165.3000030517578,172.39999389648438,163.60000610351562,167.6999969482422,602564
2024-12-10,169.89999389648438,169.89999389648438,162.0,164.3000030517578,328815
2024-12-11,164.3000030517578,165.5,158.3000030517578,160.3000030517578,285687
2024-12-12,160.8000030517578,163.8000030517578,156.0,156.89999389648438,160726
2024-12-13,154.5,157.3000030517578,151.8000030517578,154.5,153680
2024-12-16,155.10000610351562,158.0,148.89999389648438,149.3000030517578,336906
2024-12-17,149.5,151.3000030517578,147.0,149.0,196634
2024-12-18,149.6999969482422,149.6999969482422,145.0,146.39999389648438,170968
2024-12-19,143.5,153.0,143.0,149.8000030517578,218013
2024-12-20,149.8000030517578,153.6999969482422,146.5,147.10000610351562,159136
2024-12-23,148.8000030517578,151.39999389648438,144.6999969482422,146.3000030517578,107559
2024-12-24,145.89999389648438,148.89999389648438,144.8000030517578,145.3000030517578,98661
2024-12-26,145.5,146.0,134.60000610351562,135.89999389648438,440653
2024-12-27,135.10000610351562,140.3000030517578,135.0,138.89999389648438,135395
2024-12-30,140.89999389648438,141.5,136.8000030517578,138.60000610351562,153610
2024-12-31,138.0,142.1999969482422,137.0,138.89999389648438,329150
2025-01-01,138.8000030517578,145.39999389648438,138.5,144.10000610351562,107947
2025-01-02,146.5,147.5,140.5,142.6999969482422,103411
2025-01-03,143.5,152.1999969482422,143.39999389648438,148.5,249468
2025-01-06,148.5,150.8000030517578,135.10000610351562,137.89999389648438,182909
2025-01-07,138.0,141.0,136.1999969482422,139.1999969482422,114291
2025-01-08,139.1999969482422,139.1999969482422,135.60000610351562,137.39999389648438,133468
2025-01-09,137.1999969482422,144.8000030517578,136.5,137.6999969482422,330684
2025-01-10,138.5,140.0,130.0,132.0,152151
2025-01-13,129.6999969482422,132.3000030517578,124.5999984741211,125.5,172575
2025-01-14,126.0999984741211,131.60000610351562,126.0999984741211,130.8000030517578,98772
2025-01-15,129.0,133.0,128.1999969482422,130.89999389648438,56415
2025-01-16,135.10000610351562,135.10000610351562,129.0,130.6999969482422,137480
2025-01-17,127.5,131.60000610351562,127.5,130.0,517243
2025-01-20,130.0,133.89999389648438,129.0,130.0,129170
2025-01-21,130.6999969482422,136.39999389648438,120.0,125.30000305175781,241870
2025-01-22,125.5,126.69999694824219,120.19999694824219,122.4000015258789,141121
2025-01-23,122.0,124.4000015258789,120.5999984741211,121.0999984741211,99741
2025-01-24,121.4000015258789,122.80000305175781,116.4000015258789,118.30000305175781,108504
2025-01-27,118.30000305175781,118.9000015258789,107.19999694824219,110.19999694824219,316667
2025-01-28,110.0,114.5,103.0,107.5,298369
2025-01-29,106.9000015258789,113.0,106.4000015258789,110.80000305175781,155408
2025-01-30,105.4000015258789,114.5,105.4000015258789,111.80000305175781,47580
2025-01-31,114.9000015258789,114.9000015258789,108.5999984741211,111.19999694824219,63560
2025-02-01,113.5,113.5,107.0999984741211,108.9000015258789,73001
2025-02-03,111.80000305175781,112.5,108.80000305175781,112.0,39998
2025-02-04,112.0,113.5,108.5,109.69999694824219,73519
2025-02-05,109.80000305175781,112.5,108.0,109.19999694824219,70338
2025-02-06,110.0,111.4000015258789,107.0,108.4000015258789,57350
2025-02-07,108.0999984741211,109.9000015258789,102.9000015258789,108.5,53694
2025-02-10,110.69999694824219,110.69999694824219,106.19999694824219,107.0,45062
2025-02-11,109.0,109.5,101.5999984741211,102.19999694824219,91970
2025-02-12,107.19999694824219,107.19999694824219,97.0,106.80000305175781,120674
2025-02-13,108.5,109.80000305175781,105.5,108.0999984741211,48471
2025-02-14,109.69999694824219,109.80000305175781,103.0,105.69999694824219,53019
2025-02-17,106.0,108.80000305175781,100.4000015258789,100.9000015258789,77028
2025-02-18,100.9000015258789,104.0999984741211,95.80000305175781,95.80000305175781,107042
2025-02-19,97.69999694824219,100.0,91.0,96.69999694824219,252111
2025-02-20,91.80000305175781,98.0999984741211,91.80000305175781,96.0,103075
2025-02-21,96.0,96.9000015258789,93.0,95.19999694824219,70357
2025-02-24,96.5,96.80000305175781,90.4000015258789,90.9000015258789,98197
2025-02-25,92.9000015258789,92.9000015258789,90.0,91.19999694824219,55106
2025-02-27,91.9000015258789,91.9000015258789,87.5999984741211,89.19999694824219,77650
2025-02-28,89.9000015258789,93.5,84.69999694824219,91.30000305175781,607363
2025-03-03,93.80000305175781,95.0,87.5999984741211,90.0,101348
2025-03-04,91.0,93.9000015258789,89.0,93.19999694824219,84294
2025-03-05,94.0,97.5,93.69999694824219,96.30000305175781,94431
2025-03-06,99.5,101.0999984741211,96.0,100.0,160702
2025-03-07,103.5,105.0,100.0,104.19999694824219,156396
2025-03-10,109.4000015258789,109.4000015258789,100.0,105.69999694824219,142439
2025-03-11,104.5,104.5,100.4000015258789,100.4000015258789,83523
2025-03-12,98.30000305175781,99.5,98.30000305175781,98.30000305175781,21324
2025-03-13,96.30000305175781,96.30000305175781,96.30000305175781,96.30000305175781,11851
2025-03-17,94.30000305175781,94.30000305175781,94.30000305175781,94.30000305175781,11521
2025-03-18,92.4000015258789,92.4000015258789,92.4000015258789,92.4000015258789,19064
2025-03-19,90.5,92.0,90.5,90.5,54062
2025-03-20,88.5999984741211,88.5999984741211,88.5999984741211,88.5999984741211,39281
2025-03-21,86.80000305175781,86.80000305175781,86.80000305175781,86.80000305175781,37391
2025-03-24,85.0,85.0,85.0,85.0,68689
2025-03-25,83.30000305175781,83.30000305175781,83.30000305175781,83.30000305175781,55615
2025-03-26,81.5999984741211,81.5999984741211,81.5999984741211,81.5999984741211,41083
2025-03-27,79.9000015258789,79.9000015258789,79.9000015258789,79.9000015258789,33484
2025-03-28,78.30000305175781,78.30000305175781,78.30000305175781,78.30000305175781,44752
2025-04-01,79.80000305175781,79.80000305175781,78.30000305175781,79.80000305175781,51809
2025-04-02,81.30000305175781,81.30000305175781,81.30000305175781,81.30000305175781,6302
2025-04-03,82.9000015258789,82.9000015258789,82.9000015258789,82.9000015258789,7059
2025-04-04,84.5,84.5,84.5,84.5,81604
2025-04-07,82.80000305175781,82.80000305175781,82.80000305175781,82.80000305175781,25401
2025-04-08,84.4000015258789,84.4000015258789,84.4000015258789,84.4000015258789,29983
2025-04-09,83.0,86.0,83.0,83.0,44424
2025-04-11,84.5999984741211,84.5999984741211,83.0,84.5999984741211,10887
2025-04-15,82.9000015258789,86.19999694824219,82.9000015258789,82.9000015258789,38722
2025-04-16,82.0,82.9000015258789,82.0,82.0,31151
2025-04-17,82.0,82.0,81.0,82.0,22999
2025-04-21,85.80000305175781,86.0999984741211,85.80000305175781,86.0999984741211,16876
2025-04-22,90.4000015258789,90.4000015258789,82.5,89.5999984741211,120830
2025-04-23,85.0999984741211,94.0,85.0999984741211,93.9000015258789,161342
2025-04-24,97.5,98.5,97.0,98.5,113589
2025-04-25,101.5,103.4000015258789,98.4000015258789,101.5,193143
2025-04-28,103.5,105.9000015258789,97.0,100.0,86045
2025-04-29,101.5999984741211,104.0,95.0,98.0999984741211,73982
2025-04-30,96.0999984741211,98.0999984741211,96.0999984741211,96.0999984741211,13743
2025-05-02,94.0999984741211,95.5999984741211,94.0999984741211,94.0999984741211,154
2025-05-05,92.19999694824219,93.5999984741211,92.19999694824219,92.19999694824219,13363
2025-05-06,90.30000305175781,90.30000305175781,90.30000305175781,90.30000305175781,5578
2025-05-07,88.4000015258789,88.4000015258789,88.4000015258789,88.4000015258789,23520
2025-05-08,86.5999984741211,86.5999984741211,86.5999984741211,86.5999984741211,33703
2025-05-09,84.80000305175781,84.80000305175781,84.80000305175781,84.80000305175781,69847
2025-05-12,86.4000015258789,86.4000015258789,83.0999984741211,86.4000015258789,103675
2025-05-13,88.0999984741211,88.0999984741211,88.0999984741211,88.0999984741211,26450
2025-05-14,89.5,89.80000305175781,89.5,89.5,109327
2025-05-15,89.9000015258789,89.9000015258789,89.5,89.9000015258789,15693
2025-05-16,90.0,90.0,89.9000015258789,90.0,23935
2025-05-19,89.5999984741211,90.0,89.5999984741211,89.5999984741211,20409
2025-05-20,88.5,89.5999984741211,88.5,88.5,16558
2025-05-21,87.5,88.0,87.5,87.5,18428
2025-05-22,87.9000015258789,87.9000015258789,87.5,87.9000015258789,14251
2025-05-23,88.30000305175781,88.30000305175781,88.0,88.30000305175781,34937
2025-05-26,90.0,90.0,90.0,90.0,14769
2025-05-27,91.80000305175781,91.80000305175781,91.0999984741211,91.80000305175781,44357
2025-05-28,93.5999984741211,93.5999984741211,93.5999984741211,93.5999984741211,27731
2025-05-29,95.4000015258789,95.4000015258789,95.4000015258789,95.4000015258789,89368
2025-05-30,97.30000305175781,97.30000305175781,97.30000305175781,97.30000305175781,72676
2025-06-02,99.19999694824219,99.19999694824219,99.19999694824219,99.19999694824219,29164
2025-06-03,101.0999984741211,101.0999984741211,101.0999984741211,101.0999984741211,30705
2025-06-04,103.0999984741211,103.0999984741211,103.0999984741211,103.0999984741211,16606
2025-06-05,102.0,105.0999984741211,101.0,102.0,164607
2025-06-06,104.0,104.0,99.9000015258789,104.0,116985
2025-06-09,106.0,106.0,104.0,106.0,44683
2025-06-10,108.0999984741211,108.0999984741211,108.0999984741211,108.0999984741211,53404
2025-06-11,110.19999694824219,110.19999694824219,110.19999694824219,110.19999694824219,150648
2025-06-12,107.9000015258789,112.0,107.9000015258789,107.9000015258789,62023
2025-06-13,105.69999694824219,106.0,105.69999694824219,105.69999694824219,24842
2025-06-16,103.5,103.5,103.5,103.5,23916
2025-06-17,101.4000015258789,101.5,101.4000015258789,101.4000015258789,15096
2025-06-18,99.30000305175781,101.4000015258789,99.30000305175781,99.30000305175781,17852
2025-06-19,97.30000305175781,97.30000305175781,97.30000305175781,97.30000305175781,15772
2025-06-20,95.30000305175781,96.0,95.30000305175781,95.30000305175781,22716
2025-06-23,93.5999984741211,93.5999984741211,93.30000305175781,93.5999984741211,32887
2025-06-24,91.69999694824219,93.5999984741211,91.69999694824219,91.69999694824219,58372
2025-07-11,96.27999877929688,96.27999877929688,87.11000061035156,87.11000061035156,97950
2025-07-14,81.81999969482422,95.0,78.38999938964844,79.95999908447266,632129
2025-07-15,79.0,80.63999938964844,73.01000213623047,78.12999725341797,656248
2025-07-16,77.73999786376953,85.94000244140625,76.37000274658203,85.93000030517578,741731
2025-07-17,89.0,93.93000030517578,86.88999938964844,92.70999908447266,547259
2025-07-18,95.0,101.9800033569336,93.51000213623047,101.9800033569336,651827
2025-07-21,106.5999984741211,111.33000183105469,97.0,97.79000091552734,1563957
2025-07-22,98.5999984741211,103.48999786376953,97.80000305175781,99.87999725341797,368729
2025-07-23,99.87999725341797,100.06999969482422,95.01000213623047,95.30999755859375,166094
2025-07-24,97.77999877929688,97.77999877929688,90.54000091552734,90.9000015258789,195346
2025-07-25,90.54000091552734,95.4000015258789,86.55000305175781,90.29000091552734,279947
2025-07-28,88.0999984741211,92.7699966430664,86.0999984741211,87.6500015258789,132133
2025-07-29,88.98999786376953,89.26000213623047,86.0,88.66000366210938,78097
2025-07-30,89.0,91.0,87.55000305175781,89.76000213623047,134820
2025-07-31,89.75,89.75,85.9000015258789,86.18000030517578,153770
2025-08-01,86.0,87.79000091552734,83.05999755859375,83.68000030517578,116309
2025-08-04,83.5,85.80999755859375,83.5,84.29000091552734,55606
2025-08-05,84.30000305175781,84.98999786376953,83.01000213623047,83.5199966430664,56083
2025-08-06,83.01000213623047,87.69000244140625,81.11000061035156,87.69000244140625,214591
2025-08-07,89.9000015258789,97.80000305175781,87.98999786376953,95.0999984741211,898576
2025-08-08,97.38999938964844,97.4000015258789,90.08999633789062,90.87999725341797,208073
2025-08-11,90.87999725341797,92.01000213623047,87.0999984741211,90.41999816894531,103858
2025-08-12,91.80000305175781,92.5199966430664,84.30999755859375,86.62999725341797,128627
2025-08-13,86.37999725341797,91.75,86.37999725341797,88.91000366210938,156778
2025-08-14,89.6500015258789,89.6500015258789,85.5,87.12999725341797,140150
2025-08-18,88.80000305175781,88.80000305175781,84.69999694824219,85.31999969482422,135327
2025-08-19,85.31999969482422,88.0,83.5,84.12999725341797,279802
2025-08-20,84.7699966430664,85.63999938964844,83.13999938964844,83.79000091552734,86340
2025-08-21,84.0999984741211,86.5,81.0,81.72000122070312,316606
2025-08-22,82.0,83.4800033569336,80.16000366210938,80.91000366210938,104978
2025-08-25,81.0,82.98999786376953,80.0,80.4000015258789,118324
2025-08-26,80.5,81.76000213623047,78.5,78.9000015258789,107008
2025-08-28,78.0999984741211,79.69000244140625,76.9000015258789,77.68000030517578,87217
2025-08-29,77.68000030517578,78.79000091552734,76.55999755859375,76.94000244140625,66011
2025-09-01,76.69999694824219,78.44000244140625,76.55999755859375,78.04000091552734,63301
2025-09-02,79.0,82.4000015258789,78.11000061035156,80.0999984741211,140174
2025-09-03,80.5,80.66000366210938,78.19999694824219,78.97000122070312,80898
2025-09-04,78.5999984741211,80.8499984741211,77.51000213623047,77.93000030517578,66875
2025-09-05,78.25,78.37000274658203,75.87000274658203,76.75,95718
2025-09-08,77.19999694824219,77.98999786376953,76.44999694824219,76.93000030517578,70062
2025-09-09,77.5,77.5,76.25,76.33000183105469,53937
2025-09-10,76.33000183105469,77.43000030517578,75.0999984741211,75.7300033569336,76525
2025-09-11,75.7300033569336,77.45999908447266,75.4000015258789,75.63999938964844,62745
2025-09-12,79.0,79.0,75.3499984741211,75.77999877929688,91726
2025-09-15,77.0,77.0,75.0,75.47000122070312,174405
2025-09-16,76.0,76.08000183105469,73.9000015258789,74.05999755859375,144957
2025-09-17,74.19999694824219,86.75,73.5999984741211,81.62999725341797,973610
2025-09-18,84.80000305175781,84.80000305175781,79.0,79.47000122070312,250921
2025-09-19,79.47000122070312,80.48999786376953,77.0999984741211,77.61000061035156,139149
2025-09-22,76.0999984741211,79.54000091552734,76.0999984741211,78.94000244140625,89208
2025-09-23,79.25,79.73999786376953,77.7300033569336,77.98999786376953,52008
2025-09-24,77.98999786376953,78.4800033569336,76.5,76.73999786376953,52729
2025-09-25,76.73999786376953,77.98999786376953,74.5,74.68000030517578,104557
2025-09-26,74.5,77.0,73.05000305175781,73.8499984741211,170825
2025-09-29,73.8499984741211,75.58999633789062,73.01000213623047,73.56999969482422,127004
2025-09-30,73.30000305175781,77.30000305175781,73.05000305175781,73.88999938964844,192366
2025-10-01,74.05999755859375,76.23999786376953,74.0,74.18000030517578,66873
2025-10-03,74.16000366210938,75.5,74.01000213623047,75.06999969482422,74610
2025-10-06,75.06999969482422,75.69999694824219,73.5,73.66999816894531,82213
2025-10-07,72.75,75.30000305175781,71.1500015258789,71.8499984741211,72968
2025-10-08,72.80000305175781,72.94999694824219,70.61000061035156,70.73999786376953,77729
2025-10-09,71.0,71.48999786376953,68.44999694824219,68.80000305175781,210262
2025-10-10,69.0,71.98999786376953,69.0,70.73999786376953,83518
2025-10-13,70.73999786376953,71.5,69.05999755859375,69.54000091552734,52459
2025-10-14,69.54000091552734,70.5,67.5,68.86000061035156,99684
2025-10-15,68.86000061035156,70.12999725341797,68.0,68.80999755859375,41738
2025-10-16,70.0,70.0,67.51000213623047,68.29000091552734,70695
2025-10-17,68.29000091552734,69.5,66.61000061035156,68.5999984741211,269398
2025-10-20,68.5999984741211,69.08999633789062,67.5,68.08999633789062,78562
2025-10-21,68.52999877929688,71.0,66.97000122070312,69.3499984741211,71670
2025-10-23,68.11000061035156,71.75,68.11000061035156,69.5999984741211,170536
2025-10-24,69.5999984741211,70.0,68.25,68.63999938964844,110090
2025-10-27,68.63999938964844,69.5999984741211,68.5,68.8499984741211,267122
2025-10-28,69.37000274658203,70.4000015258789,68.6500015258789,69.01000213623047,143747
2025-10-29,69.3499984741211,70.69999694824219,68.5,68.77999877929688,158581
2025-10-30,69.5,70.25,66.88999938964844,68.30000305175781,436894
2025-10-31,68.30000305175781,68.98999786376953,67.75,68.16999816894531,166038
2025-11-03,68.51000213623047,69.80000305175781,68.0,68.55999755859375,159035
2025-11-04,69.0,72.0,68.3499984741211,71.2699966430664,275420
2025-11-06,71.23999786376953,71.63999938964844,69.5,70.01000213623047,821150
2025-11-07,69.9000015258789,70.20999908447266,68.5,69.01000213623047,178793
2025-11-10,69.0,69.4000015258789,63.20000076293945,68.29000091552734,326428
2025-11-11,68.5999984741211,70.0,66.80000305175781,68.69999694824219,245857
2025-11-12,68.5,70.80000305175781,68.5,69.61000061035156,279467
2025-11-13,69.56999969482422,70.48999786376953,68.5,69.68000030517578,239670
2025-11-14,70.0,73.0,68.41000366210938,70.47000122070312,402666
2025-11-17,70.58000183105469,72.48999786376953,69.5,70.62000274658203,203118
2025-11-18,70.9800033569336,71.72000122070312,69.16999816894531,70.9000015258789,267845
2025-11-19,71.2699966430664,71.30999755859375,70.0,70.25,170482
2025-11-20,69.5,71.94000244140625,69.12000274658203,71.2300033569336,235041
2025-11-21,72.30000305175781,72.30000305175781,69.5,71.05999755859375,190792
2025-11-24,71.69999694824219,71.69999694824219,68.91000366210938,70.63999938964844,243374
2025-11-25,69.5999984741211,73.94999694824219,69.5999984741211,71.55999755859375,470736
2025-11-26,71.55999755859375,75.8499984741211,71.55999755859375,74.43000030517578,367891
2025-11-27,75.02999877929688,75.69999694824219,73.16999816894531,73.55000305175781,127046
2025-11-28,73.6500015258789,74.0199966430664,68.9800033569336,71.62000274658203,226250
2025-12-01,72.3499984741211,73.75,71.43000030517578,72.5,180942
2025-12-02,73.0999984741211,73.5,71.95999908447266,72.58000183105469,164089
2025-12-03,73.0,73.0,71.45999908447266,72.27999877929688,208548
2025-12-04,72.5,72.5,70.83999633789062,71.1500015258789,196724
2025-12-05,71.0999984741211,72.9000015258789,70.0,72.30999755859375,230038
2025-12-08,71.0,72.75,70.25,71.93000030517578,227922
2025-12-09,71.93000030517578,72.55000305175781,70.55000305175781,71.95999908447266,206826
2025-12-10,71.95999908447266,72.94999694824219,71.55000305175781,72.04000091552734,227747
2025-12-11,71.55999755859375,73.58000183105469,71.55999755859375,73.01000213623047,220632
2025-12-12,73.5,75.5,72.62999725341797,75.1500015258789,292043
2025-12-15,75.75,75.75,73.30000305175781,74.45999908447266,261460
2025-12-16,75.0,75.29000091552734,73.0,73.12999725341797,213177
2025-12-17,73.25,74.6500015258789,72.72000122070312,74.08999633789062,204889
2025-12-18,74.08999633789062,74.08999633789062,72.93000030517578,73.06999969482422,159021
2025-12-19,72.75,75.5,72.6500015258789,74.76000213623047,194813
2025-12-22,75.0,75.0,73.52999877929688,73.70999908447266,172778
2025-12-23,74.5,74.5,72.44999694824219,73.9000015258789,166656
2025-12-24,75.0,76.80000305175781,73.9000015258789,74.55000305175781,372653
2025-12-26,75.0,75.6500015258789,74.0,74.12000274658203,169988
2025-12-29,73.30000305175781,74.37999725341797,72.83999633789062,73.97000122070312,199142
2025-12-30,73.25,73.79000091552734,66.56999969482422,70.62999725341797,275092
2025-12-31,71.0,71.88999938964844,70.1500015258789,71.29000091552734,173364
2026-01-01,71.29000091552734,71.69999694824219,70.1500015258789,70.38999938964844,168507
2026-01-02,70.38999938964844,71.68000030517578,69.5199966430664,69.80000305175781,155294
2026-01-05,69.25,70.19999694824219,68.43000030517578,69.58000183105469,169034
2026-01-06,69.58000183105469,69.9000015258789,67.05999755859375,67.52999877929688,593173
2026-01-07,67.52999877929688,71.30000305175781,67.0999984741211,68.63999938964844,329185
2026-01-08,69.19000244140625,69.3499984741211,67.97000122070312,68.2300033569336,227530
2026-01-09,67.30000305175781,69.94999694824219,66.88999938964844,68.51000213623047,213576
2026-01-12,67.25,69.75,66.05000305175781,68.79000091552734,268956
2026-01-13,69.5,69.5,68.19999694824219,68.72000122070312,214400
2026-01-14,68.5199966430664,70.11000061035156,68.11000061035156,69.06999969482422,219008
2026-01-16,69.0,70.58999633789062,67.6500015258789,69.30999755859375,249611
2026-01-19,68.0,69.75,67.75,68.79000091552734,184774
2026-01-20,68.5,68.80000305175781,67.4000015258789,67.5199966430664,169141
2026-01-21,66.1500015258789,69.0,64.55999755859375,67.73999786376953,283091
2026-01-22,67.9000015258789,69.22000122070312,67.5999984741211,68.11000061035156,300058
2026-01-23,68.0,68.26000213623047,61.04999923706055,63.75,317204
2026-01-27,65.0,65.0,59.25,61.119998931884766,242520
2026-01-28,62.0,62.70000076293945,61.0,61.939998626708984,280775
2026-01-29,61.20000076293945,61.47999954223633,56.0,56.470001220703125,226166
2026-01-30,56.5,58.0,54.119998931884766,55.79999923706055,293574
2026-02-02,55.79999923706055,56.68000030517578,52.20000076293945,54.130001068115234,191280
2026-02-03,59.70000076293945,59.70000076293945,53.04999923706055,55.34000015258789,146036
2026-02-04,55.34000015258789,57.29999923706055,53.70000076293945,56.560001373291016,211032
2026-02-05,56.5,58.75,53.650001525878906,53.880001068115234,193119
2026-02-06,54.150001525878906,55.7400016784668,52.709999084472656,54.88999938964844,184660
2026-02-09,55.0,56.16999816894531,53.79999923706055,54.7599983215332,165724
2026-02-10,55.0,55.599998474121094,53.0,54.220001220703125,187054
2026-02-11,54.0,55.0,51.400001525878906,52.720001220703125,361253
2026-02-12,53.29999923706055,53.29999923706055,51.0,51.54999923706055,181555
2026-02-13,51.540000915527344,52.45000076293945,50.52000045776367,50.81999969482422,178501
2026-02-16,50.81999969482422,50.83000183105469,47.119998931884766,48.0,109581
2026-02-17,47.54999923706055,54.25,47.54999923706055,51.540000915527344,430436
2026-02-18,51.91999816894531,53.0,49.790000915527344,50.08000183105469,172228
2026-02-19,50.290000915527344,50.33000183105469,47.869998931884766,48.689998626708984,161095
2026-02-20,47.70000076293945,48.68000030517578,47.70000076293945,47.869998931884766,154092
2026-02-23,47.0,48.95000076293945,46.41999816894531,47.130001068115234,81513
2026-02-24,48.79999923706055,48.79999923706055,46.08000183105469,46.529998779296875,166545
2026-02-25,46.650001525878906,47.45000076293945,45.22999954223633,45.97999954223633,146998
2026-02-26,45.5099983215332,46.97999954223633,45.5099983215332,46.20000076293945,207729
2026-02-27,45.70000076293945,49.5,45.70000076293945,47.869998931884766,392406
2026-03-02,43.79999923706055,46.91999816894531,43.79999923706055,45.0099983215332,239073
2026-03-04,45.189998626708984,45.75,42.47999954223633,42.869998931884766,164353
2026-03-05,42.900001525878906,44.70000076293945,40.90999984741211,41.650001525878906,205233
2026-03-06,42.099998474121094,44.0099983215332,40.58000183105469,40.810001373291016,214437
2026-03-09,40.54999923706055,44.0,40.0,40.88999938964844,202282
2026-03-10,41.20000076293945,42.65999984741211,41.0,41.849998474121094,123304
2026-03-11,41.04999923706055,43.70000076293945,40.70000076293945,40.97999954223633,190307
2026-03-12,41.189998626708984,41.439998626708984,39.060001373291016,39.2599983215332,282823
2026-03-13,38.79999923706055,39.15999984741211,35.16999816894531,36.189998626708984,308722
2026-03-16,37.70000076293945,37.70000076293945,34.5,35.58000183105469,166955
2026-03-17,36.0,36.0,34.5099983215332,34.79999923706055,114104
2026-03-18,36.0,38.7400016784668,34.79999923706055,37.72999954223633,247650
2026-03-19,37.70000076293945,37.72999954223633,35.66999816894531,36.15999984741211,107318
2026-03-20,39.0,39.0,36.34000015258789,37.619998931884766,128791
2026-03-23,36.20000076293945,36.880001068115234,34.66999816894531,35.27000045776367,98313
2026-03-24,38.5,38.5,35.310001373291016,35.689998626708984,97290
2026-03-25,35.689998626708984,37.849998474121094,35.689998626708984,36.4900016784668,179256
2026-03-27,36.5,36.70000076293945,31.100000381469727,31.959999084472656,824435
2026-03-30,28.399999618530273,30.5,27.020000457763672,28.190000534057617,731191
2026-04-01,29.0,33.81999969482422,29.0,31.139999389648438,346944
2026-04-02,30.799999237060547,33.540000915527344,28.049999237060547,33.02000045776367,158365
2026-04-06,34.83000183105469,37.88999938964844,33.189998626708984,37.349998474121094,173095
2026-04-07,38.70000076293945,39.0,36.25,38.16999816894531,159265
2026-04-08,39.70000076293945,42.75,39.650001525878906,40.119998931884766,219267
2026-04-09,41.599998474121094,41.63999938964844,39.95000076293945,40.810001373291016,90503
2026-04-10,41.93000030517578,44.33000183105469,41.2599983215332,43.310001373291016,196117
2026-04-13,42.900001525878906,45.16999816894531,41.31999969482422,44.709999084472656,119954
2026-04-15,45.29999923706055,49.18000030517578,45.27000045776367,49.15999984741211,245164
2026-04-16,52.70000076293945,52.70000076293945,50.20000076293945,51.83000183105469,188682
2026-04-17,51.83000183105469,53.5,51.40999984741211,52.90999984741211,153150
2026-04-20,56.0,56.0,52.0,53.209999084472656,125744
2026-04-21,53.349998474121094,54.63999938964844,49.040000915527344,50.529998779296875,121604
2026-04-22,51.540000915527344,52.20000076293945,50.15999984741211,51.2400016784668,74559
2026-04-23,51.34000015258789,51.77000045776367,50.5099983215332,51.70000076293945,57783
2026-04-24,52.0,52.0,49.58000183105469,50.36000061035156,61826
2026-04-27,53.0,53.0,51.0,51.43000030517578,65560
2026-04-28,51.0,52.11000061035156,51.0,51.18000030517578,69652
2026-04-29,50.439998626708984,51.599998474121094,50.060001373291016,50.209999084472656,128496
2026-04-30,50.0,50.0,49.0,49.529998779296875,46894
2026-05-04,49.529998779296875,50.95000076293945,47.400001525878906,48.20000076293945,73242
2026-05-05,47.099998474121094,48.189998626708984,47.099998474121094,47.47999954223633,31954
2026-05-06,48.16999816894531,48.970001220703125,47.72999954223633,48.810001373291016,43686
2026-05-07,49.790000915527344,50.0,48.7599983215332,49.7599983215332,45741
2026-05-08,49.79999923706055,50.41999816894531,47.630001068115234,47.91999816894531,144261
2026-05-11,47.91999816894531,53.25,47.5,51.20000076293945,251979
2026-05-12,52.70000076293945,52.70000076293945,48.0,48.41999816894531,77435
2026-05-13,49.5,49.59000015258789,47.290000915527344,48.09000015258789,43977
2026-05-14,47.29999923706055,49.0,47.29999923706055,47.90999984741211,40338
2026-05-15,48.79999923706055,48.79999923706055,45.720001220703125,45.9900016784668,51267
2026-05-18,45.97999954223633,45.97999954223633,43.209999084472656,43.91999816894531,58147
2026-05-19,43.91999816894531,45.9900016784668,43.91999816894531,45.02000045776367,30569
2026-05-20,44.5,45.400001525878906,44.0099983215332,44.790000915527344,31273
2026-05-21,44.31999969482422,46.95000076293945,44.31999969482422,45.79999923706055,43650
2026-05-22,44.75,47.939998626708984,44.75,47.150001525878906,47581
2026-05-25,47.29999923706055,48.41999816894531,46.5,47.369998931884766,54968
2026-05-26,48.29999923706055,48.29999923706055,47.11000061035156,47.439998626708984,39728
2026-05-27,47.439998626708984,48.97999954223633,47.439998626708984,47.58000183105469,22795
2026-05-29,47.58000183105469,49.29999923706055,46.25,47.720001220703125,36028
2026-06-01,46.25,48.75,45.5,46.130001068115234,33670
2026-06-02,45.34000015258789,46.75,44.11000061035156,45.22999954223633,28823
2026-06-03,45.22999954223633,45.22999954223633,42.970001220703125,42.970001220703125,105741
2026-06-04,42.95000076293945,43.060001373291016,40.83000183105469,40.86000061035156,123054
2026-06-05,42.650001525878906,42.650001525878906,38.72999954223633,38.72999954223633,181362
2026-06-08,38.72999954223633,40.65999984741211,36.79999923706055,40.650001525878906,825313
2026-06-09,42.599998474121094,42.68000030517578,40.70000076293945,42.68000030517578,424944
2026-06-10,41.869998931884766,44.810001373291016,41.290000915527344,44.810001373291016,494922
2026-06-11,44.83000183105469,46.900001525878906,43.63999938964844,45.88999938964844,130792
2026-06-12,46.79999923706055,46.900001525878906,43.650001525878906,45.349998474121094,189120
2026-06-15,45.349998474121094,47.25,44.11000061035156,45.290000915527344,49030
2026-06-16,46.4900016784668,46.900001525878906,45.0,45.16999816894531,38903
2026-06-17,46.5,46.5,43.86000061035156,44.560001373291016,32036
2026-06-18,44.400001525878906,45.9900016784668,43.79999923706055,44.11000061035156,27527
2026-06-19,45.900001525878906,45.900001525878906,43.04999923706055,43.400001525878906,19352
2026-06-22,43.400001525878906,43.400001525878906,41.22999954223633,41.47999954223633,81632
2026-06-23,41.279998779296875,42.25,39.40999984741211,40.290000915527344,149123
2026-06-24,40.11000061035156,41.11000061035156,39.5,39.720001220703125,46141
2026-06-25,39.5,40.83000183105469,37.7400016784668,37.91999816894531,129154
2026-06-29,39.0,39.79999923706055,37.91999816894531,39.02000045776367,89931
2026-06-30,39.790000915527344,39.79999923706055,37.25,38.7400016784668,27703
2026-07-01,39.70000076293945,39.70000076293945,37.0,38.66999816894531,56455
2026-07-02,38.59000015258789,39.45000076293945,37.0,37.369998931884766,54436
2026-07-03,37.4900016784668,39.0,37.4900016784668,38.650001525878906,39461
2026-07-06,38.900001525878906,39.779998779296875,38.36000061035156,38.72999954223633,27979
2026-07-07,38.72999954223633,39.650001525878906,38.099998474121094,39.34000015258789,23953
2026-07-08,39.0,39.5,38.0,39.18000030517578,32991
2026-07-09,39.18000030517578,39.18000030517578,37.599998474121094,38.25,30146
2026-07-10,38.25,39.79999923706055,38.25,38.86000061035156,21419
2026-07-13,38.0,39.79999923706055,37.72999954223633,38.310001373291016,38992
2026-07-14,39.2400016784668,40.0,38.0099983215332,39.040000915527344,43305
2026-07-15,38.209999084472656,39.779998779296875,37.09000015258789,37.529998779296875,106921
2026-07-16,37.5,38.900001525878906,36.20000076293945,37.36000061035156,23923
2026-07-17,37.5,38.0,36.5099983215332,36.970001220703125,56165
2026-07-20,38.099998474121094,38.099998474121094,36.20000076293945,36.790000915527344,15049
2026-07-21,37.529998779296875,37.529998779296875,34.959999084472656,35.310001373291016,145668
2026-07-22,35.29999923706055,35.790000915527344,34.70000076293945,35.279998779296875,28793
2026-07-23,35.869998931884766,36.400001525878906,35.099998474121094,35.290000915527344,18464
2026-07-24,34.0,36.25,34.0,35.58000183105469,19745
2026-07-27,35.58000183105469,36.0,35.0,35.54999923706055,39973
2026-07-28,35.099998474121094,35.95000076293945,34.54999923706055,35.060001373291016,42129
2026-07-29,35.0,36.0,34.20000076293945,35.790000915527344,30066
