Date,Open,High,Low,Close,Volume
2011-08-02,430.21954345703125,435.566162109375,400.2138671875,423.02923583984375,1778155
2011-08-03,421.9691162109375,435.1052551269531,402.8410949707031,407.0815124511719,1186369
2011-08-04,407.0815124511719,414.8249206542969,378.55078125,394.72894287109375,472731
2011-08-05,389.0135803222656,401.320068359375,364.400634765625,391.2720947265625,660329
2011-08-08,387.2621154785156,417.5904235839844,373.5728759765625,412.796875,1003508
2011-08-09,405.6065979003906,418.51226806640625,384.312255859375,388.276123046875,1651282
2011-08-10,391.9173583984375,405.6065979003906,386.063720703125,388.78314208984375,430799
2011-08-11,389.0135803222656,392.42437744140625,368.6410827636719,370.43865966796875,570972
2011-08-12,375.8313903808594,382.5607604980469,370.1159973144531,371.4065856933594,217295
2011-08-16,377.675048828125,382.5607604980469,366.24432373046875,367.8114318847656,251175
2011-08-17,370.4847412109375,376.29229736328125,352.1402587890625,355.6893310546875,300535
2011-08-18,357.5790710449219,361.3586120605469,341.0782775878906,343.198486328125,270974
2011-08-19,342.92193603515625,350.8957824707031,333.8879699707031,344.1664123535156,251519
2011-08-22,345.410888671875,370.3003845214844,342.1844787597656,366.7052307128906,269336
2011-08-23,369.3785400390625,376.0157470703125,362.7413330078125,370.20819091796875,334580
2011-08-24,368.825439453125,377.39849853515625,357.7634582519531,359.2383728027344,232427
2011-08-25,363.8475341796875,365.0459289550781,353.799560546875,356.7955322265625,94825
2011-08-26,357.71734619140625,365.8755798339844,344.3968811035156,350.48095703125,252208
2011-08-29,356.4728698730469,361.3586120605469,350.5270690917969,353.7073669433594,110071
2011-08-30,355.8276062011719,363.6631774902344,353.569091796875,356.242431640625,133157
2011-09-02,358.3165588378906,372.8815002441406,354.90576171875,368.4106140136719,321234
2011-09-05,366.0599365234375,379.3343505859375,366.0599365234375,372.4666748046875,257694
2011-09-06,371.1761169433594,373.52679443359375,360.48284912109375,363.47882080078125,146999
2011-09-07,364.7693786621094,376.1079406738281,364.12408447265625,365.46075439453125,359646
2011-09-08,366.88958740234375,369.65509033203125,359.60711669921875,364.7693786621094,102436
2011-09-09,365.8755798339844,368.22625732421875,355.0901184082031,363.1100769042969,100236
2011-09-12,359.4688415527344,361.0820617675781,352.2324523925781,354.2604675292969,68796
2011-09-13,357.5329895019531,363.6631774902344,353.569091796875,356.8876953125,113506
2011-09-14,359.2383728027344,359.5149230957031,349.65130615234375,353.9378356933594,84304
2011-09-15,357.39471435546875,366.2904052734375,350.48095703125,361.6351318359375,94877
2011-09-16,369.3785400390625,369.3785400390625,357.2103576660156,359.33056640625,150539
2011-09-19,361.26641845703125,372.42059326171875,360.206298828125,364.3084716796875,157848
2011-09-20,365.0459289550781,370.5769348144531,357.7634582519531,368.0879821777344,152144
2011-09-21,370.5769348144531,386.2019958496094,370.3003845214844,383.2982177734375,580431
2011-09-22,380.25616455078125,383.48260498046875,357.7634582519531,359.9758605957031,151170
2011-09-23,356.3807067871094,361.6812438964844,345.8257141113281,353.75347900390625,114094
2011-09-26,356.28851318359375,358.50091552734375,345.68743896484375,357.2564392089844,119837
2011-09-27,363.8475341796875,368.7332763671875,360.0219421386719,361.49688720703125,67046
2011-09-28,363.2022705078125,371.8214111328125,361.4046936035156,366.1521301269531,88909
2011-09-29,364.58502197265625,367.073974609375,354.07611083984375,359.7914733886719,123634
2011-09-30,360.1141357421875,363.2022705078125,351.21844482421875,353.2925720214844,35441
2011-10-03,348.1763916015625,361.26641845703125,346.9779968261719,359.2383728027344,100759
2011-10-04,354.62921142578125,372.42059326171875,354.62921142578125,369.931640625,185530
2011-10-05,369.931640625,376.06182861328125,357.993896484375,361.7734069824219,122274
2011-10-07,364.58502197265625,370.5769348144531,357.6712646484375,361.0820617675781,77933
2011-10-10,363.75537109375,373.250244140625,361.91168212890625,371.1300354003906,59477
2011-10-11,372.42059326171875,423.1214294433594,370.5769348144531,413.903076171875,2240137
2011-10-12,417.5904235839844,419.43408203125,398.83111572265625,403.6246337890625,541327
2011-10-13,406.2518615722656,410.1235656738281,396.61871337890625,397.77099609375,149189
2011-10-14,397.3100891113281,403.7629089355469,391.8251953125,400.72088623046875,107096
2011-10-17,402.5645446777344,423.9510803222656,391.4564514160156,417.72869873046875,353651
2011-10-18,419.8028259277344,430.9109191894531,412.0594177246094,417.0834045410156,524187
2011-10-19,419.43408203125,422.5683288574219,334.62542724609375,412.0133361816406,155389
2011-10-20,401.91925048828125,417.1295166015625,395.4664306640625,408.9252014160156,76022
2011-10-21,410.21575927734375,416.7607727050781,400.16778564453125,402.38018798828125,65248
2011-10-24,408.0955505371094,418.4200744628906,405.6065979003906,409.34002685546875,189468
2011-10-25,410.3079528808594,413.903076171875,403.6707458496094,405.3300476074219,68479
2011-10-28,419.43408203125,420.0793762207031,404.68475341796875,407.6346130371094,113250
2011-10-31,406.5284118652344,418.2357177734375,406.5284118652344,408.87908935546875,119492
2011-11-01,408.3721008300781,412.9351501464844,398.7850341796875,401.04351806640625,67811
2011-11-02,397.3561706542969,406.2518615722656,396.84918212890625,399.70684814453125,69370
2011-11-03,400.9974365234375,401.550537109375,390.0276184082031,392.470458984375,77271
2011-11-04,397.8631896972656,403.1637268066406,392.700927734375,395.2359619140625,111776
2011-11-08,396.4343566894531,412.0133361816406,396.38824462890625,408.0494384765625,198049
2011-11-09,409.708740234375,413.903076171875,394.5445861816406,396.3421630859375,123125
2011-11-11,397.3100891113281,398.23193359375,379.7952575683594,381.638916015625,126718
2011-11-14,388.0917663574219,400.81304931640625,388.0917663574219,393.3462219238281,259782
2011-11-15,391.5025329589844,392.6087341308594,364.9998474121094,367.3044128417969,126969
2011-11-16,369.3785400390625,374.9095458984375,364.7693786621094,368.5028076171875,96045
2011-11-17,367.5348815917969,369.3785400390625,353.3386535644531,354.85968017578125,128394
2011-11-18,351.86370849609375,357.5790710449219,343.24456787109375,355.6893310546875,137337
2011-11-21,352.7855529785156,360.6211242675781,346.6092529296875,348.6833801269531,64876
2011-11-22,350.2966003417969,354.4909362792969,341.5391845703125,351.7254333496094,115929
2011-11-23,350.0200500488281,350.94189453125,334.9019775390625,345.13433837890625,146679
2011-11-24,345.8257141113281,350.94189453125,342.0000915527344,347.5310974121094,79288
2011-11-25,342.6453857421875,361.3586120605469,342.6453857421875,347.89984130859375,79735
2011-11-28,351.1262512207031,364.1701965332031,350.94189453125,359.10009765625,49991
2011-11-29,357.39471435546875,392.42437744140625,356.1963195800781,382.099853515625,362231
2011-11-30,386.89337158203125,389.0135803222656,374.4486389160156,380.0257263183594,353276
2011-12-01,388.7370300292969,393.53057861328125,382.2842102050781,385.8793640136719,203603
2011-12-02,384.35833740234375,391.7790832519531,383.48260498046875,389.0596923828125,82657
2011-12-05,389.5205993652344,402.2879943847656,383.48260498046875,395.3742370605469,189403
2011-12-07,395.4664306640625,400.5364990234375,393.0696716308594,394.4524230957031,131939
2011-12-08,394.2219543457031,394.2680358886719,380.80926513671875,382.1920166015625,75880
2011-12-09,379.7491760253906,379.7491760253906,370.20819091796875,371.86749267578125,92766
2011-12-12,373.9877014160156,376.9375915527344,352.1402587890625,354.39874267578125,141407
2011-12-13,354.4448547363281,356.011962890625,342.0000915527344,345.410888671875,120002
2011-12-14,343.8437805175781,354.39874267578125,334.07232666015625,337.4370422363281,102947
2011-12-15,334.348876953125,334.348876953125,319.4151916503906,328.2648010253906,198198
2011-12-16,329.64752197265625,335.916015625,304.2049560546875,310.05859375,158619
2011-12-19,306.0486145019531,307.89227294921875,264.79656982421875,278.8545227050781,494602
2011-12-20,283.6480712890625,287.6119384765625,246.12945556640625,249.90896606445312,1097695
2011-12-21,257.9750061035156,264.0130310058594,251.06126403808594,258.2054748535156,377402
2011-12-22,256.0391540527344,270.051025390625,251.7526397705078,262.81463623046875,374597
2011-12-23,265.4879455566406,278.7623596191406,263.2294616699219,267.2855224609375,338908
2011-12-26,266.501953125,272.86260986328125,265.4879455566406,267.33160400390625,95123
2011-12-27,268.2995300292969,274.7062683105469,262.7224426269531,264.8426513671875,157297
2011-12-28,262.9529113769531,267.00897216796875,251.06126403808594,252.39791870117188,109757
2011-12-29,253.7345733642578,262.7224426269531,253.50411987304688,258.7585754394531,158718
2011-12-30,260.8787841796875,262.7224426269531,253.55020141601562,254.8407745361328,111515
2012-01-02,256.9148864746094,260.83270263671875,253.55020141601562,254.14939880371094,110917
2012-01-03,256.9148864746094,263.92083740234375,256.8227233886719,259.72650146484375,152204
2012-01-04,260.8787841796875,260.8787841796875,244.28578186035156,252.49009704589844,239952
2012-01-05,254.14939880371094,255.80870056152344,235.34400939941406,238.20169067382812,201393
2012-01-06,238.20169067382812,244.83888244628906,231.56448364257812,240.82891845703125,259004
2012-01-09,254.4259490966797,276.5499572753906,249.81678771972656,273.36962890625,550391
2012-01-10,275.9968566894531,284.7542724609375,272.86260986328125,280.0989990234375,423436
2012-01-11,284.3855285644531,322.59552001953125,281.15911865234375,310.33514404296875,1556054
2012-01-12,315.2669372558594,326.3289489746094,304.2049560546875,306.8782653808594,560524
2012-01-13,307.89227294921875,318.8620910644531,306.0486145019531,310.10467529296875,219142
2012-01-16,285.7682800292969,326.3289489746094,282.634033203125,323.4251708984375,531007
2012-01-17,327.57342529296875,330.3388977050781,319.2308349609375,322.3189697265625,212063
2012-01-18,324.3930969238281,327.66558837890625,312.8240661621094,316.83404541015625,127768
2012-01-19,319.783935546875,330.2928161621094,313.6998291015625,324.85400390625,210925
2012-01-20,326.9742126464844,336.4691162109375,319.8760986328125,326.6054992675781,279686
2012-01-23,323.47125244140625,340.0642395019531,323.47125244140625,337.2065734863281,250946
2012-01-24,340.5251770019531,352.96990966796875,333.6575012207031,345.0882568359375,212014
2012-01-25,347.5310974121094,354.90576171875,342.92193603515625,347.7615661621094,113578
2012-01-27,348.45294189453125,353.0621032714844,341.4469909667969,344.58123779296875,120474
2012-01-30,341.7235412597656,351.21844482421875,336.6534729003906,343.8898620605469,112097
2012-01-31,346.3788146972656,352.1402587890625,345.6413269042969,348.8677673339844,70366
2012-02-01,346.33270263671875,356.1963195800781,343.8437805175781,350.2505187988281,80143
2012-02-02,350.2505187988281,366.88958740234375,350.2505187988281,361.4046936035156,169815
2012-02-03,363.3405456542969,386.063720703125,355.9197692871094,379.61090087890625,425736
2012-02-06,381.638916015625,385.3262634277344,373.3424377441406,376.6610412597656,256396
2012-02-07,378.3203125,389.0135803222656,377.675048828125,385.18798828125,221299
2012-02-08,388.0917663574219,407.1737060546875,385.46453857421875,395.55859375,280191
2012-02-09,393.3462219238281,400.72088623046875,388.0917663574219,390.8111572265625,78420
2012-02-10,391.7790832519531,408.55645751953125,387.4925537109375,404.2699279785156,277645
2012-02-13,407.1737060546875,414.8710021972656,403.7629089355469,408.1877136230469,270033
2012-02-14,413.62652587890625,440.59014892578125,413.5804443359375,427.4079284667969,1299926
2012-02-15,428.928955078125,437.6863708496094,420.4020080566406,421.92303466796875,292544
2012-02-16,421.416015625,437.8707580566406,418.51226806640625,434.5521545410156,225561
2012-02-17,438.7004089355469,469.8583679199219,435.05914306640625,438.05511474609375,1306522
2012-02-21,434.18341064453125,450.77642822265625,434.18341064453125,445.4297790527344,255047
2012-02-22,444.3696594238281,457.0448913574219,444.3696594238281,450.9146728515625,351281
2012-02-23,447.3656311035156,453.5419006347656,424.7807312011719,435.9349060058594,252870
2012-02-24,439.39178466796875,448.9788513183594,432.3397521972656,434.96697998046875,183420
2012-02-27,429.3437805175781,437.548095703125,420.8629150390625,423.81280517578125,90820
2012-02-28,428.65240478515625,443.4939270019531,426.7165832519531,438.5621337890625,235431
2012-02-29,440.1753234863281,454.4637451171875,440.1753234863281,444.9227600097656,186665
2012-03-01,446.35162353515625,485.4373474121094,438.28558349609375,477.0947570800781,1114049
2012-03-02,478.9844970703125,487.6497497558594,466.5397644042969,475.61981201171875,512359
2012-03-05,471.14892578125,490.32305908203125,465.5257568359375,475.2510986328125,433233
2012-03-06,472.9004211425781,490.4152526855469,472.0707702636719,480.7359924316406,446777
2012-03-07,472.9004211425781,483.96240234375,465.5257568359375,470.3653564453125,141346
2012-03-09,474.74407958984375,483.04058837890625,474.6058044433594,479.9063415527344,153063
2012-03-12,482.7640380859375,524.7996215820312,482.7640380859375,514.8438110351562,1240850
2012-03-13,518.1624145507812,531.6211547851562,511.6174011230469,525.2144165039062,616972
2012-03-14,517.1483764648438,530.3306274414062,517.1483764648438,523.9238891601562,239426
2012-03-15,522.6793823242188,546.1861572265625,518.4850463867188,537.6130981445312,718477
2012-03-16,536.4608154296875,550.3344116210938,525.721435546875,537.244384765625,360828
2012-03-19,540.1942138671875,552.1780395507812,538.3505859375,542.2222900390625,232815
2012-03-20,545.4486694335938,548.49072265625,531.4368286132812,543.3284912109375,308050
2012-03-21,543.9276733398438,554.8052978515625,541.208251953125,543.420654296875,367847
2012-03-22,542.959716796875,552.1780395507812,539.2723999023438,541.9918212890625,383122
2012-03-23,543.881591796875,565.8211669921875,539.5950317382812,558.3082275390625,374316
2012-03-26,556.7872314453125,573.1958618164062,546.6470336914062,551.0257568359375,456191
2012-03-27,553.0999145507812,560.6128540039062,486.7279052734375,514.70556640625,1667771
2012-03-28,512.2626953125,531.1602783203125,501.1084899902344,521.2505493164062,508803
2012-03-29,511.1103820800781,539.226318359375,511.1103820800781,535.031982421875,394971
2012-03-30,538.765380859375,554.9435424804688,537.6591796875,551.8554077148438,261558
2012-04-02,557.6168823242188,566.9273681640625,550.3344116210938,559.1378784179688,227818
2012-04-03,561.3963623046875,578.6807861328125,561.3963623046875,576.0074462890625,315946
2012-04-04,575.223876953125,597.117431640625,572.0435791015625,593.8909912109375,404315
2012-04-09,598.2697143554688,616.1532592773438,591.4481811523438,611.8667602539062,457413
2012-04-10,613.9408569335938,620.6702880859375,583.65869140625,589.0513916015625,357955
2012-04-11,585.3640747070312,606.9349365234375,579.2799682617188,601.3578491210938,372814
2012-04-12,606.5662231445312,614.2174072265625,597.8087768554688,600.1594848632812,173346
2012-04-13,603.754638671875,606.1052856445312,566.0055541992188,574.9473266601562,264686
2012-04-16,573.1036987304688,587.2077026367188,566.4664916992188,573.6567993164062,129733
2012-04-17,574.0255126953125,587.85302734375,568.5405883789062,583.2438354492188,153050
2012-04-18,588.6826782226562,622.1452026367188,586.516357421875,614.2174072265625,359214
2012-04-19,619.3796997070312,643.4395141601562,618.1813354492188,638.0468139648438,430422
2012-04-20,640.3975219726562,648.7861938476562,629.0589599609375,644.637939453125,376722
2012-04-23,646.2050170898438,657.0827026367188,638.5077514648438,641.4575805664062,231690
2012-04-24,644.0848388671875,647.1268920898438,627.0308837890625,640.3052978515625,220660
2012-04-25,649.062744140625,667.361083984375,649.062744140625,660.9082641601562,467416
2012-04-26,663.4432983398438,667.1306762695312,646.2050170898438,650.5376586914062,186778
2012-04-27,654.2249755859375,663.7198486328125,649.8923950195312,658.6958618164062,188467
2012-04-30,663.5355224609375,674.7818603515625,652.7039794921875,671.8781127929688,251992
2012-05-02,673.0303955078125,683.078369140625,661.876220703125,665.4713745117188,178355
2012-05-03,662.521484375,681.2346801757812,661.2308959960938,677.2247314453125,137576
2012-05-04,676.6255493164062,679.3910522460938,648.0487060546875,658.2349853515625,153567
2012-05-07,647.1268920898438,660.9082641601562,628.736328125,656.80615234375,187570
2012-05-08,659.1107177734375,667.4072265625,626.7543334960938,634.22119140625,102627
2012-05-09,627.7683715820312,649.8923950195312,627.7683715820312,639.1530151367188,93588
2012-05-10,640.674072265625,660.0325317382812,640.674072265625,653.7640991210938,175249
2012-05-11,636.0648803710938,655.699951171875,626.8465576171875,629.9346923828125,107158
2012-05-14,631.4556884765625,631.4556884765625,609.4238891601562,616.7063598632812,106868
2012-05-15,611.1753540039062,630.5338745117188,599.2837524414062,623.8045043945312,229813
2012-05-16,616.4759521484375,642.425537109375,613.664306640625,631.2713623046875,197938
2012-05-17,658.0045166015625,658.0045166015625,617.858642578125,627.9988403320312,152900
2012-05-18,620.1171875,631.1791381835938,610.7605590820312,622.9287719726562,156668
2012-05-21,625.60205078125,638.000732421875,610.7144775390625,614.125244140625,167128
2012-05-22,626.8465576171875,672.016357421875,582.5985717773438,663.3511352539062,3370615
2012-05-23,663.7198486328125,759.959228515625,663.7198486328125,747.6988525390625,5760442
2012-05-24,738.3883666992188,760.5123291015625,713.6371459960938,726.174072265625,2638999
2012-05-25,728.2481689453125,740.4624633789062,704.280517578125,712.1160888671875,912968
2012-05-28,719.0298461914062,760.420166015625,711.3325805664062,740.6468505859375,2078035
2012-05-29,742.07568359375,757.746826171875,733.3182983398438,740.0476684570312,691298
2012-05-30,737.1900024414062,767.6104736328125,723.6390380859375,739.678955078125,1309703
2012-05-31,731.5667724609375,752.0775756835938,725.2061157226562,734.1940307617188,618090
2012-06-01,736.544677734375,762.863037109375,734.2401123046875,738.1578979492188,303405
2012-06-04,737.466552734375,766.8729858398438,732.8573608398438,758.668701171875,814978
2012-06-05,763.3700561523438,814.9005126953125,763.3700561523438,802.9627685546875,1987826
2012-06-06,806.0509033203125,807.4336547851562,777.1053466796875,783.1433715820312,1152329
2012-06-07,783.0050659179688,798.21533203125,781.2536010742188,786.0932006835938,453789
2012-06-08,788.259521484375,811.2131958007812,788.259521484375,799.966796875,710228
2012-06-11,808.4476928710938,817.7581787109375,794.8506469726562,798.21533203125,557631
2012-06-12,805.6821899414062,807.5258178710938,789.36572265625,795.6342163085938,234417
2012-06-13,798.3074951171875,805.0369262695312,791.1171875,793.32958984375,200669
2012-06-14,796.4638671875,799.6902465820312,755.9492797851562,766.365966796875,475864
2012-06-15,772.0352783203125,789.2735595703125,762.7708740234375,781.7145385742188,659451
2012-06-18,786.047119140625,796.4638671875,771.7587280273438,775.4921264648438,260018
2012-06-19,778.0271606445312,816.7442016601562,768.8549194335938,805.497802734375,646352
2012-06-20,808.4476928710938,830.8021240234375,806.60400390625,817.435546875,906539
2012-06-21,814.577880859375,821.3533325195312,809.461669921875,816.0067138671875,293632
2012-06-22,811.1209716796875,815.8223266601562,796.4638671875,801.8565673828125,144368
2012-06-25,803.8385009765625,836.7479858398438,803.8385009765625,830.2490234375,488046
2012-06-26,829.6498413085938,836.9323120117188,817.0668334960938,827.5757446289062,443913
2012-06-27,829.4654541015625,857.212646484375,823.197021484375,853.248779296875,778359
2012-06-28,856.3829956054688,868.0902709960938,844.9522705078125,865.0482177734375,596985
2012-06-29,865.601318359375,866.93798828125,852.6956787109375,861.3609008789062,293895
2012-07-02,861.4530639648438,870.7636108398438,848.1787109375,863.388916015625,206365
2012-07-03,867.5371704101562,880.1201782226562,857.3048095703125,861.2687377929688,180119
2012-07-04,862.51318359375,870.8557739257812,848.0864868164062,852.0042724609375,296073
2012-07-05,844.399169921875,864.4029541015625,834.5355834960938,842.2328491210938,262766
2012-07-06,844.7678833007812,846.3350219726562,809.3695068359375,816.2832641601562,320038
2012-07-09,816.4215087890625,860.0703125,812.1810913085938,853.5714111328125,591326
2012-07-10,853.6174926757812,865.1404418945312,849.0083618164062,854.539306640625,254460
2012-07-11,852.6956787109375,855.461181640625,835.1808471679688,839.7899780273438,206261
2012-07-12,839.7899780273438,853.6174926757812,834.028564453125,838.6837768554688,160913
2012-07-13,842.5554809570312,847.1646728515625,831.816162109375,841.1727294921875,179459
2012-07-16,845.96630859375,851.7738647460938,825.178955078125,829.0045776367188,193121
2012-07-17,833.0606079101562,839.6517333984375,822.1829833984375,830.9404296875,187273
2012-07-18,834.904296875,847.1646728515625,825.3633422851562,842.6937866210938,222430
2012-07-19,845.2288208007812,861.9140014648438,839.7899780273438,855.6455078125,433836
2012-07-20,855.461181640625,861.8218383789062,848.3169555664062,853.3409423828125,200516
2012-07-23,847.9021606445312,856.3369140625,840.7118530273438,850.344970703125,140355
2012-07-24,853.6174926757812,901.5067138671875,852.6956787109375,891.458740234375,1041933
2012-07-25,891.4126586914062,900.3544311523438,878.0460815429688,891.5970458984375,407367
2012-07-26,894.1781616210938,899.7091674804688,829.8803100585938,874.1282958984375,518055
2012-07-27,907.0838012695312,907.0838012695312,841.6336669921875,850.0223388671875,592692
2012-07-30,851.7738647460938,890.1220703125,850.8519897460938,884.86767578125,397731
2012-07-31,884.0380249023438,906.8072509765625,870.5792236328125,899.4786987304688,411351
2012-08-01,900.6309814453125,928.7468872070312,898.0498657226562,925.5205078125,610745
2012-08-02,929.2078247070312,958.5220947265625,927.1798095703125,951.3318481445312,416603
2012-08-03,958.7064819335938,958.7064819335938,909.5266723632812,931.4202270507812,636525
2012-08-06,940.2698364257812,1000.18896484375,938.9331665039062,973.3636474609375,2129274
2012-08-07,977.1431274414062,1002.9544677734375,975.4838256835938,996.870361328125,587667
2012-08-08,995.579833984375,1075.594970703125,987.4215698242188,1062.8736572265625,1254367
2012-08-09,1053.28662109375,1088.6849365234375,1038.16845703125,1066.6070556640625,699170
2012-08-10,1052.7335205078125,1106.1998291015625,1052.7335205078125,1097.8111572265625,639775
2012-08-13,1096.9354248046875,1114.3118896484375,1078.5447998046875,1108.50439453125,541200
2012-08-14,1091.450439453125,1148.6041259765625,1091.450439453125,1143.3035888671875,647157
2012-08-16,1149.802490234375,1177.5035400390625,1146.760498046875,1170.774169921875,582839
2012-08-17,1170.7281494140625,1201.1485595703125,1170.7281494140625,1197.50732421875,428387
2012-08-21,1207.6014404296875,1220.507080078125,1154.1351318359375,1165.5657958984375,900364
2012-08-22,1169.52978515625,1179.024658203125,1147.4979248046875,1170.12890625,602598
2012-08-23,1179.9464111328125,1197.27685546875,1171.64990234375,1178.6097412109375,469378
2012-08-24,1174.6920166015625,1187.13671875,1153.6741943359375,1168.2391357421875,279797
2012-08-27,1167.5938720703125,1177.826171875,1095.7369384765625,1110.901123046875,682950
2012-08-28,1087.6708984375,1093.1097412109375,1016.781982421875,1028.8118896484375,1333830
2012-08-29,1024.1566162109375,1109.8870849609375,1024.1566162109375,1096.6126708984375,980094
2012-08-30,1092.372314453125,1137.5421142578125,1078.5447998046875,1131.642333984375,698161
2012-08-31,1121.8709716796875,1143.0731201171875,1075.318359375,1133.5321044921875,105302
2012-09-03,1161.509765625,1161.509765625,1084.5367431640625,1123.023193359375,51396
2012-09-04,1151.83056640625,1151.83056640625,1078.5447998046875,1093.478515625,21265
2012-09-05,1114.496337890625,1124.636474609375,1079.0517578125,1123.2076416015625,89289
2012-09-06,1122.792724609375,1179.3472900390625,1094.2620849609375,1179.3472900390625,177213
2012-09-07,1193.128662109375,1238.2984619140625,1180.8682861328125,1236.3626708984375,190216
2012-09-10,1226.0380859375,1310.293701171875,1226.0380859375,1302.504150390625,154629
2012-09-11,1309.9249267578125,1327.1632080078125,1253.8314208984375,1266.1839599609375,71084
2012-09-12,1281.34814453125,1281.34814453125,1210.366943359375,1215.8057861328125,84787
2012-09-13,1248.162109375,1259.22412109375,1215.89794921875,1231.75341796875,75258
2012-09-14,1257.38037109375,1257.656982421875,1226.0380859375,1231.2926025390625,96550
2012-09-17,1253.64697265625,1253.64697265625,1170.7281494140625,1184.8782958984375,99789
2012-09-18,1152.3375244140625,1198.383056640625,1135.7906494140625,1142.243408203125,99063
2012-09-20,1147.6822509765625,1156.900634765625,1089.698974609375,1100.6688232421875,93791
2012-09-21,1150.44775390625,1155.7022705078125,1078.636962890625,1142.6121826171875,117439
2012-09-24,1165.1971435546875,1175.3372802734375,1115.4180908203125,1125.6043701171875,61399
2012-09-25,1152.245361328125,1156.900634765625,1110.8089599609375,1123.89892578125,32168
2012-09-26,1133.854736328125,1166.118896484375,1114.496337890625,1159.1590576171875,66871
2012-09-27,1161.509765625,1212.2105712890625,1138.55615234375,1197.9222412109375,89482
2012-09-28,1202.9923095703125,1207.6014404296875,1161.509765625,1193.6817626953125,117219
2012-10-01,1195.8941650390625,1207.6014404296875,1181.9744873046875,1191.377197265625,93048
2012-10-03,1198.383056640625,1202.9923095703125,1166.1650390625,1176.2130126953125,61742
2012-10-04,1175.3372802734375,1207.6014404296875,1161.924560546875,1186.53759765625,97530
2012-10-05,1189.164794921875,1202.9923095703125,1156.900634765625,1178.102783203125,42372
2012-10-08,1207.6014404296875,1207.6014404296875,1159.712158203125,1195.6636962890625,92106
2012-10-09,1198.383056640625,1199.304931640625,1183.6337890625,1193.9122314453125,71437
2012-10-10,1196.5394287109375,1198.3370361328125,1179.9925537109375,1185.84619140625,27005
2012-10-11,1191.607666015625,1245.1199951171875,1186.3992919921875,1245.1199951171875,84618
2012-10-12,1245.1199951171875,1307.34375,1244.4747314453125,1307.34375,70714
2012-10-15,1313.6123046875,1372.7017822265625,1299.7847900390625,1333.892578125,89523
2012-10-16,1341.2672119140625,1382.749755859375,1269.3642578125,1355.1868896484375,231682
2012-10-17,1381.827880859375,1382.749755859375,1341.7742919921875,1351.4534912109375,129105
2012-10-18,1316.930908203125,1364.3131103515625,1290.56640625,1344.5858154296875,43861
2012-10-19,1363.3912353515625,1363.3912353515625,1313.6123046875,1319.4197998046875,30979
2012-10-22,1336.6580810546875,1385.376953125,1322.876708984375,1385.376953125,111215
2012-10-23,1385.376953125,1447.278076171875,1385.376953125,1429.6710205078125,91614
2012-10-25,1438.0596923828125,1461.1055908203125,1358.22900390625,1390.2626953125,89167
2012-10-29,1379.89208984375,1379.89208984375,1318.3597412109375,1335.5057373046875,37278
2012-10-30,1350.3934326171875,1350.3934326171875,1318.221435546875,1333.3394775390625,28994
2012-10-31,1341.7281494140625,1396.5772705078125,1335.3675537109375,1382.1966552734375,82124
2012-11-01,1382.749755859375,1404.873779296875,1362.19287109375,1371.04248046875,20874
2012-11-02,1385.8839111328125,1409.48291015625,1373.5775146484375,1402.2926025390625,114729
2012-11-05,1409.94384765625,1427.827392578125,1377.2647705078125,1405.242431640625,17681
2012-11-06,1430.5928955078125,1455.482421875,1378.2327880859375,1441.9775390625,43283
2012-11-07,1464.7928466796875,1513.557861328125,1447.3702392578125,1500.744384765625,94837
2012-11-08,1488.760498046875,1539.46142578125,1479.542236328125,1526.5556640625,61205
2012-11-09,1525.72607421875,1545.9141845703125,1495.5360107421875,1500.56005859375,56151
2012-11-12,1511.806396484375,1568.0382080078125,1499.822509765625,1561.7236328125,100740
2012-11-15,1594.7713623046875,1638.0975341796875,1585.552978515625,1635.7008056640625,179302
2012-11-16,1676.0770263671875,1686.9547119140625,1572.6473388671875,1612.9315185546875,92969
2012-11-19,1636.25390625,1639.941162109375,1544.1165771484375,1579.1002197265625,44308
2012-11-20,1657.4560546875,1657.4560546875,1551.4451904296875,1569.3287353515625,42942
2012-11-21,1551.4451904296875,1575.3206787109375,1505.353515625,1517.8443603515625,125634
2012-11-22,1530.2430419921875,1562.5072021484375,1525.080810546875,1554.39501953125,46747
2012-11-23,1540.0145263671875,1593.8494873046875,1540.0145263671875,1573.1544189453125,40392
2012-11-26,1649.0673828125,1649.0673828125,1572.2786865234375,1624.8231201171875,86542
2012-11-27,1626.1136474609375,1626.1136474609375,1590.3004150390625,1600.210205078125,53304
2012-11-29,1548.6796875,1605.8333740234375,1520.2412109375,1522.3153076171875,141687
2012-11-30,1525.6339111328125,1553.288818359375,1446.2178955078125,1476.9150390625,352737
2012-12-03,1493.3697509765625,1544.070556640625,1493.3697509765625,1538.355224609375,80377
2012-12-04,1497.9788818359375,1602.14599609375,1497.9788818359375,1595.37060546875,101915
2012-12-05,1608.598876953125,1613.2080078125,1543.148681640625,1605.6490478515625,64297
2012-12-06,1557.8980712890625,1602.0999755859375,1554.7637939453125,1572.9239501953125,83465
2012-12-07,1567.1163330078125,1575.3668212890625,1539.0926513671875,1548.5875244140625,64307
2012-12-10,1548.6796875,1594.7713623046875,1491.5260009765625,1538.4473876953125,39537
2012-12-11,1493.3697509765625,1552.3670654296875,1461.5665283203125,1481.2015380859375,107965
2012-12-12,1484.1513671875,1497.5179443359375,1441.2861328125,1453.27001953125,45841
2012-12-13,1458.340087890625,1487.7926025390625,1407.6392822265625,1425.4766845703125,44543
2012-12-14,1407.6392822265625,1479.542236328125,1392.060302734375,1451.1497802734375,54802
2012-12-17,1451.1497802734375,1485.9949951171875,1438.0596923828125,1442.9454345703125,32347
2012-12-18,1459.2618408203125,1472.259765625,1419.623046875,1460.50634765625,40191
2012-12-19,1424.232177734375,1507.197265625,1424.232177734375,1470.8309326171875,46355
2012-12-20,1470.8309326171875,1488.760498046875,1448.4302978515625,1470.231689453125,31552
2012-12-21,1456.496337890625,1465.7147216796875,1424.232177734375,1438.15185546875,35529
2012-12-24,1464.7928466796875,1474.01123046875,1452.4403076171875,1463.594482421875,28551
2012-12-26,1474.93310546875,1482.3077392578125,1410.40478515625,1422.6190185546875,45495
2012-12-27,1474.47216796875,1474.47216796875,1419.623046875,1432.620849609375,24996
2012-12-28,1473.08935546875,1473.08935546875,1417.87158203125,1428.5648193359375,89607
2012-12-31,1427.9195556640625,1456.496337890625,1410.40478515625,1449.8131103515625,76978
2013-01-01,1449.1217041015625,1461.013427734375,1428.8414306640625,1438.7510986328125,32276
2013-01-02,1443.03759765625,1459.2618408203125,1423.3104248046875,1447.69287109375,80090
2013-01-03,1447.278076171875,1461.1055908203125,1428.3804931640625,1437.091796875,61700
2013-01-04,1436.216064453125,1508.902587890625,1433.4505615234375,1508.902587890625,143678
2013-01-07,1508.902587890625,1567.1163330078125,1508.902587890625,1542.5955810546875,113202
2013-01-08,1557.8980712890625,1563.4290771484375,1522.868408203125,1540.751953125,64476
2013-01-09,1563.4290771484375,1585.552978515625,1534.8521728515625,1561.3548583984375,99925
2013-01-10,1594.7713623046875,1594.7713623046875,1548.6796875,1575.5050048828125,139614
2013-01-11,1496.734375,1576.334716796875,1496.734375,1546.5594482421875,40876
2013-01-14,1521.946533203125,1567.024169921875,1519.0888671875,1536.373291015625,56848
2013-01-15,1516.0928955078125,1567.024169921875,1516.0928955078125,1534.529541015625,71138
2013-01-16,1519.6419677734375,1557.8980712890625,1519.6419677734375,1549.186767578125,33613
2013-01-17,1548.6796875,1593.8494873046875,1539.46142578125,1557.298828125,78714
2013-01-18,1557.8980712890625,1564.350830078125,1498.071044921875,1526.0487060546875,29882
2013-01-21,1576.334716796875,1576.334716796875,1525.6339111328125,1533.65380859375,27949
2013-01-22,1567.0703125,1567.0703125,1475.8548583984375,1526.5096435546875,26747
2013-01-23,1548.6796875,1548.6796875,1467.788818359375,1495.0750732421875,67819
2013-01-24,1552.3670654296875,1552.3670654296875,1447.278076171875,1492.586181640625,45996
2013-01-25,1493.3697509765625,1520.1029052734375,1485.1654052734375,1503.786376953125,52040
2013-01-28,1499.684326171875,1543.0103759765625,1469.402099609375,1523.1910400390625,73554
2013-01-29,1536.6959228515625,1536.6959228515625,1497.9788818359375,1505.998779296875,35366
2013-01-30,1502.5880126953125,1539.46142578125,1484.1513671875,1533.3311767578125,28961
2013-01-31,1544.992431640625,1609.9815673828125,1532.086669921875,1606.8934326171875,122257
2013-02-01,1616.296142578125,1640.863037109375,1568.13037109375,1628.8331298828125,77637
2013-02-04,1631.6446533203125,1648.191650390625,1605.87939453125,1621.3201904296875,50027
2013-02-05,1621.3201904296875,1621.3201904296875,1571.7255859375,1607.03173828125,63302
2013-02-06,1617.817138671875,1648.2376708984375,1603.98974609375,1642.7528076171875,40167
2013-02-07,1654.6905517578125,1673.127197265625,1634.41015625,1648.6064453125,107272
2013-02-08,1676.814453125,1676.814453125,1618.739013671875,1627.9112548828125,45119
2013-02-11,1645.4261474609375,1650.081298828125,1613.2080078125,1636.7608642578125,29839
2013-02-12,1640.863037109375,1663.9088134765625,1618.09375,1659.391845703125,69791
2013-02-13,1663.9088134765625,1686.0328369140625,1627.0355224609375,1632.42822265625,47176
2013-02-14,1657.4560546875,1676.814453125,1550.8460693359375,1596.7994384765625,162364
2013-02-15,1673.127197265625,1676.630126953125,1577.256591796875,1646.578369140625,181475
2013-02-18,1577.256591796875,1673.127197265625,1567.1163330078125,1664.738525390625,86956
2013-02-19,1631.6446533203125,1747.9339599609375,1631.6446533203125,1743.4630126953125,89709
2013-02-20,1746.873779296875,1786.0517578125,1708.3411865234375,1765.7713623046875,89471
2013-02-21,1765.7713623046875,1789.9234619140625,1733.1385498046875,1777.7091064453125,86698
2013-02-22,1766.0018310546875,1795.6387939453125,1710.23095703125,1780.290283203125,72307
2013-02-25,1792.9654541015625,1820.6204833984375,1712.7659912109375,1748.5792236328125,52801
2013-02-26,1762.5450439453125,1773.5147705078125,1705.391357421875,1746.044189453125,64030
2013-02-27,1751.4830322265625,1806.79296875,1714.609619140625,1787.0657958984375,83220
2013-02-28,1783.7471923828125,1807.8070068359375,1760.7012939453125,1792.5045166015625,76719
2013-03-01,1816.0113525390625,1816.0113525390625,1762.0841064453125,1779.0457763671875,126008
2013-03-04,1778.03173828125,1787.2501220703125,1690.135009765625,1724.7037353515625,191433
2013-03-05,1746.7816162109375,1768.9056396484375,1733.000244140625,1763.09814453125,108964
2013-03-06,1763.052001953125,1826.47412109375,1758.9498291015625,1801.4464111328125,111335
2013-03-07,1804.9493408203125,1888.836181640625,1804.9493408203125,1877.8201904296875,304238
2013-03-08,1889.2509765625,1929.3968505859375,1880.585693359375,1906.9041748046875,175550
2013-03-11,1922.43701171875,1944.1461181640625,1908.5633544921875,1939.2603759765625,304360
2013-03-12,1940.458740234375,1999.271728515625,1938.937744140625,1953.8253173828125,272254
2013-03-13,1954.2862548828125,1958.8955078125,1822.464111328125,1845.7864990234375,198354
2013-03-14,1845.510009765625,1890.6798095703125,1772.8695068359375,1843.48193359375,196284
2013-03-15,1885.1488037109375,1885.1488037109375,1774.52880859375,1795.96142578125,321853
2013-03-18,1792.91943359375,1813.5684814453125,1760.7474365234375,1779.2762451171875,162141
2013-03-19,1802.5526123046875,1811.3560791015625,1757.2445068359375,1774.1600341796875,152535
2013-03-20,1797.4364013671875,1876.852294921875,1769.87353515625,1802.1376953125,308742
2013-03-21,1806.7469482421875,1831.6824951171875,1774.52880859375,1784.715087890625,111762
2013-03-22,1784.6689453125,1812.323974609375,1728.4371337890625,1746.1824951171875,145303
2013-03-25,1765.67919921875,1805.686767578125,1714.609619140625,1758.627197265625,210813
2013-03-26,1786.5587158203125,1797.482421875,1765.310546875,1786.1439208984375,150686
2013-03-28,1804.9493408203125,1898.8841552734375,1797.57470703125,1848.552001953125,401314
2013-04-01,1852.8846435546875,1907.2728271484375,1852.8846435546875,1866.6199951171875,127001
2013-04-02,1866.712158203125,1878.6959228515625,1823.385986328125,1836.5682373046875,160709
2013-04-03,1851.916748046875,1856.572021484375,1826.1976318359375,1834.217529296875,74856
2013-04-04,1816.0113525390625,1854.728271484375,1816.0113525390625,1831.59033203125,92148
2013-04-05,1783.83935546875,1862.10302734375,1783.83935546875,1834.447998046875,143304
2013-04-08,1843.666259765625,1866.712158203125,1836.2916259765625,1844.4498291015625,225045
2013-04-09,1852.8846435546875,1889.7119140625,1850.119140625,1860.95068359375,156593
2013-04-10,1871.3212890625,1879.5716552734375,1856.940673828125,1862.5638427734375,173697
2013-04-11,1879.6177978515625,1879.6177978515625,1779.41455078125,1794.486572265625,231087
2013-04-12,1802.183837890625,1810.6646728515625,1615.0516357421875,1615.0977783203125,524619
2013-04-15,1603.06787109375,1673.127197265625,1453.5926513671875,1578.8236083984375,651569
2013-04-16,1566.194580078125,1596.7532958984375,1509.9627685546875,1566.2406005859375,397816
2013-04-17,1567.1163330078125,1682.345458984375,1567.1163330078125,1657.82470703125,553556
2013-04-18,1664.8768310546875,1721.016357421875,1659.2996826171875,1668.6102294921875,239463
2013-04-22,1686.632080078125,1689.7662353515625,1659.2996826171875,1679.02685546875,198322
2013-04-23,1671.513916015625,1716.2689208984375,1670.453857421875,1709.0325927734375,131813
2013-04-25,1719.2188720703125,1769.919677734375,1711.751953125,1761.8074951171875,183192
2013-04-26,1599.3804931640625,1756.0460205078125,1599.3804931640625,1717.2369384765625,232942
2013-04-29,1716.3612060546875,1765.310546875,1673.127197265625,1756.414794921875,123056
2013-04-30,1778.2161865234375,1778.2161865234375,1723.8280029296875,1757.336669921875,114891
2013-05-02,1776.3724365234375,1792.043701171875,1731.20263671875,1766.5089111328125,196551
2013-05-03,1778.8614501953125,1778.8614501953125,1733.230712890625,1755.2164306640625,88416
2013-05-06,1779.137939453125,1779.137939453125,1743.2786865234375,1761.991943359375,103744
2013-05-07,1779.137939453125,1779.137939453125,1713.2269287109375,1722.168701171875,248994
2013-05-08,1719.264892578125,1737.47119140625,1698.0167236328125,1708.3873291015625,85206
2013-05-09,1723.8280029296875,1724.9803466796875,1631.6446533203125,1646.808837890625,175182
2013-05-10,1667.59619140625,1667.59619140625,1502.5880126953125,1545.2227783203125,475676
2013-05-13,1603.98974609375,1639.0194091796875,1553.288818359375,1595.9237060546875,176727
2013-05-14,1613.2080078125,1630.722900390625,1593.8494873046875,1615.88134765625,72312
2013-05-15,1626.021484375,1696.1729736328125,1618.739013671875,1687.461669921875,258551
2013-05-16,1738.0703125,1759.9638671875,1679.764404296875,1703.870361328125,531684
2013-05-17,1703.5477294921875,1713.8721923828125,1645.47216796875,1658.792724609375,159704
2013-05-20,1663.9088134765625,1691.1490478515625,1604.0357666015625,1609.244140625,135752
2013-05-21,1594.7713623046875,1630.722900390625,1544.070556640625,1552.1826171875,172843
2013-05-22,1552.3670654296875,1557.8980712890625,1502.5880126953125,1513.8804931640625,436355
2013-05-23,1511.806396484375,1521.024658203125,1211.1043701171875,1211.1043701171875,1202564
2013-05-24,1106.4302978515625,1179.024658203125,977.1431274414062,1137.63427734375,5638658
2013-05-27,1161.509765625,1221.428955078125,1153.2132568359375,1178.333251953125,1778005
2013-05-28,1202.7156982421875,1203.9140625,1113.8970947265625,1148.9267578125,925115
2013-05-29,1152.29150390625,1163.076904296875,1034.0662841796875,1034.0662841796875,963091
2013-05-30,1009.4072875976562,1073.9356689453125,933.033447265625,1051.3968505859375,2196714
2013-05-31,1061.3065185546875,1151.2774658203125,1060.108154296875,1127.678466796875,2758178
2013-06-03,1124.59033203125,1130.0753173828125,1078.5447998046875,1103.4803466796875,629463
2013-06-04,1106.1998291015625,1148.6962890625,1099.7469482421875,1106.7989501953125,357640
2013-06-05,1101.590576171875,1124.636474609375,1098.4102783203125,1104.54052734375,184601
2013-06-06,1101.590576171875,1115.4180908203125,1098.1337890625,1101.9132080078125,134403
2013-06-07,1101.590576171875,1123.6224365234375,1098.4564208984375,1101.7750244140625,160135
2013-06-10,1110.8089599609375,1115.4180908203125,1099.0555419921875,1108.27392578125,187422
2013-06-11,1111.08544921875,1117.4000244140625,997.4695434570312,997.4695434570312,222532
2013-06-12,972.5339965820312,988.942626953125,899.2943115234375,954.0972900390625,793016
2013-06-13,941.0072631835938,995.4876098632812,900.7232055664062,960.2274780273438,434545
2013-06-14,960.8267211914062,980.323486328125,956.86279296875,966.0350341796875,122996
2013-06-17,964.2374877929688,1017.7037963867188,909.9876098632812,994.9345092773438,457266
2013-06-18,993.7361450195312,1045.3587646484375,990.9706420898438,1026.8760986328125,258826
2013-06-19,1041.2105712890625,1050.797607421875,987.2833251953125,1004.7981567382812,183303
2013-06-20,993.7361450195312,998.2531127929688,960.5501708984375,971.1051635742188,222637
2013-06-21,973.4097290039062,990.9706420898438,938.6105346679688,946.9992065429688,140406
2013-06-24,949.4881591796875,965.1593017578125,917.6849365234375,923.9072875976562,144689
2013-06-25,931.051513671875,942.9892578125,895.6991577148438,910.8633422851562,261352
2013-06-26,921.6488037109375,938.4261474609375,905.7932739257812,918.7910766601562,158547
2013-06-27,931.051513671875,944.8789672851562,920.0816650390625,932.2959594726562,133532
2013-06-28,922.7550048828125,935.66064453125,917.2239990234375,922.61669921875,227875
2013-07-01,931.051513671875,1003.8762817382812,924.3220825195312,989.2191772460938,265100
2013-07-02,981.7523193359375,1028.673583984375,980.8305053710938,995.2110595703125,195957
2013-07-03,998.3453369140625,1000.6038208007812,912.6148071289062,936.766845703125,232962
2013-07-04,949.4420776367188,949.4881591796875,909.8493041992188,916.3943481445312,281322
2013-07-05,923.6768188476562,930.9592895507812,825.1328735351562,844.0304565429688,1312084
2013-07-08,833.15283203125,864.6795043945312,804.2533569335938,840.435302734375,571673
2013-07-09,846.611572265625,861.22265625,836.3792114257812,841.8180541992188,318630
2013-07-10,846.2889404296875,897.865478515625,845.8280029296875,886.5269165039062,565225
2013-07-11,885.5590209960938,889.5228881835938,849.93017578125,865.9239501953125,365175
2013-07-12,859.194580078125,889.5689697265625,852.6956787109375,882.4708862304688,223376
2013-07-15,884.9598388671875,936.12158203125,877.8616943359375,928.1016235351562,353576
2013-07-16,919.989501953125,946.5382690429688,900.3544311523438,908.4204711914062,244045
2013-07-17,909.8493041992188,921.8331298828125,887.725341796875,899.6630859375,208447
2013-07-18,900.6309814453125,910.7711791992188,866.9840698242188,875.6032104492188,203847
2013-07-19,892.2883911132812,892.2883911132812,800.7503662109375,819.233154296875,522628
2013-07-22,820.4315185546875,827.5296020507812,719.075927734375,746.4083251953125,2286422
2013-07-23,751.2940063476562,779.640380859375,751.2940063476562,759.54443359375,473130
2013-07-24,760.5123291015625,764.19970703125,607.6724243164062,607.6724243164062,3298376
2013-07-25,572.4583740234375,604.0772705078125,546.923583984375,588.267822265625,3483107
2013-07-26,594.5823974609375,599.099365234375,529.4548950195312,529.4548950195312,1107816
2013-07-29,485.1607971191406,500.0022888183594,476.5416564941406,476.5416564941406,1227832
2013-07-30,452.75836181640625,457.3675231933594,452.75836181640625,452.75836181640625,89878
2013-07-31,430.1273498535156,465.5257568359375,430.1273498535156,431.7866516113281,1614634
2013-08-01,410.21575927734375,444.3235778808594,410.21575927734375,410.21575927734375,1044110
2013-08-02,389.7049560546875,389.7049560546875,389.7049560546875,389.7049560546875,28666
2013-08-05,370.2542724609375,370.2542724609375,370.2542724609375,370.2542724609375,29284
2013-08-06,351.77154541015625,351.77154541015625,351.77154541015625,351.77154541015625,7597
2013-08-07,334.2106018066406,334.2106018066406,334.2106018066406,334.2106018066406,15662
2013-08-08,317.5254211425781,350.8957824707031,317.5254211425781,350.8957824707031,2356175
2013-08-12,368.4106140136719,368.4106140136719,345.77960205078125,368.4106140136719,1145301
2013-08-13,386.7550964355469,386.8011779785156,386.2480773925781,386.8011779785156,48529
2013-08-14,406.11358642578125,406.11358642578125,406.11358642578125,406.11358642578125,24085
2013-08-16,426.3939208984375,426.3939208984375,387.169921875,424.13543701171875,2605191
2013-08-19,432.70849609375,444.3235778808594,426.0712890625,436.2575378417969,774281
2013-08-20,437.778564453125,448.9327392578125,414.4561767578125,418.60443115234375,713721
2013-08-21,429.6203308105469,433.2615966796875,397.6788330078125,397.6788330078125,501022
2013-08-22,392.700927734375,405.514404296875,375.7852783203125,391.9173583984375,680971
2013-08-23,392.700927734375,411.5063171386719,391.7790832519531,411.5063171386719,165889
2013-08-26,422.6604919433594,432.0632019042969,417.2677917480469,432.0632019042969,117925
2013-08-27,441.5580749511719,449.8545837402344,414.8249206542969,425.0572814941406,1070305
2013-08-28,419.43408203125,433.2615966796875,407.5885314941406,420.49420166015625,693848
2013-08-29,422.8909606933594,437.778564453125,422.1995849609375,428.1914978027344,405538
2013-08-30,429.66644287109375,441.5580749511719,425.9330139160156,432.75457763671875,351892
2013-09-02,433.7225036621094,437.8707580566406,411.1375732421875,414.5483703613281,443978
2013-09-03,425.3338317871094,429.5742492675781,415.51629638671875,417.2677917480469,392727
2013-09-04,411.1375732421875,423.81280517578125,404.2238464355469,406.62060546875,360751
2013-09-05,410.21575927734375,426.947021484375,407.5424499511719,426.947021484375,295638
2013-09-06,450.592041015625,504.24273681640625,450.592041015625,473.08477783203125,1657415
2013-09-10,500.04840087890625,567.6648559570312,483.96240234375,567.6648559570312,1986998
2013-09-11,602.87890625,658.1889038085938,599.1915283203125,623.1130981445312,2857639
2013-09-12,617.3516845703125,640.5818481445312,585.824951171875,595.0432739257812,1058771
2013-09-13,598.0853271484375,644.2691650390625,596.426025390625,605.736572265625,1371733
2013-09-16,610.2535400390625,621.9608154296875,545.172119140625,545.9556884765625,1409068
2013-09-17,545.7252197265625,545.7252197265625,491.3831787109375,491.475341796875,1201364
2013-09-18,483.68585205078125,516.0421752929688,481.1968994140625,516.0421752929688,1189479
2013-09-19,528.2103881835938,538.7192993164062,514.9821166992188,519.6834716796875,709973
2013-09-20,518.0702514648438,545.633056640625,496.40716552734375,543.190185546875,1516353
2013-09-23,534.8475952148438,555.4966430664062,528.4408569335938,538.6731567382812,834657
2013-09-24,532.819580078125,549.9656372070312,529.0861206054688,539.456787109375,471678
2013-09-25,539.2723999023438,553.0999145507812,531.0680541992188,537.1060791015625,497609
2013-09-26,538.3505859375,545.633056640625,531.94384765625,534.7092895507812,339340
2013-09-27,507.9761657714844,515.2125244140625,507.9761657714844,507.9761657714844,555475
2013-09-30,482.57965087890625,482.57965087890625,482.57965087890625,482.57965087890625,23196
2013-10-01,458.4737243652344,458.4737243652344,458.4737243652344,458.4737243652344,34325
2013-10-03,435.566162109375,435.566162109375,435.566162109375,435.566162109375,61058
2013-10-04,413.8109130859375,413.8109130859375,413.8109130859375,413.8109130859375,111393
2013-10-07,394.1297607421875,434.4599609375,394.1297607421875,434.4599609375,1565436
2013-10-08,445.1993103027344,456.16912841796875,445.1993103027344,456.16912841796875,777198
2013-10-09,463.9586181640625,478.93841552734375,445.24542236328125,465.80230712890625,1341494
2013-10-10,465.9866638183594,487.4653625488281,465.5257568359375,482.02655029296875,496730
2013-10-11,491.8901672363281,501.6155090332031,481.6578369140625,484.79205322265625,407965
2013-10-14,460.59393310546875,460.59393310546875,460.59393310546875,460.59393310546875,54234
2013-10-15,437.5942077636719,437.5942077636719,437.5942077636719,437.5942077636719,65228
2013-10-17,433.353759765625,459.441650390625,430.54217529296875,435.566162109375,1070498
2013-10-18,439.16131591796875,451.6982421875,430.49609375,432.70849609375,701541
2013-10-21,441.5580749511719,445.4297790527344,437.8707580566406,440.3597106933594,326740
2013-10-22,438.7925720214844,448.01092529296875,419.71063232421875,422.9370422363281,1312138
2013-10-23,419.43408203125,432.98504638671875,419.43408203125,430.49609375,488271
2013-10-24,431.0030822753906,436.94891357421875,423.1675109863281,425.14947509765625,349097
2013-10-25,424.965087890625,434.18341064453125,415.74676513671875,420.6785583496094,580844
2013-10-28,423.9510803222656,424.68853759765625,405.6065979003906,406.85107421875,399441
2013-10-29,403.34808349609375,427.177490234375,396.38824462890625,427.177490234375,523766
2013-10-30,432.3397521972656,437.2254638671875,424.0432434082031,427.45404052734375,587868
2013-10-31,427.2696533203125,432.3397521972656,407.45025634765625,409.8009338378906,563140
2013-11-01,410.21575927734375,423.1214294433594,405.6065979003906,410.9532165527344,694492
2013-11-05,420.3559265136719,421.92303466796875,410.6766662597656,411.7828674316406,277853
2013-11-06,414.8710021972656,432.3397521972656,414.8710021972656,432.3397521972656,1002619
2013-11-07,448.9327392578125,483.5014953613281,448.1492004394531,461.37750244140625,3698979
2013-11-08,462.57586669921875,474.0987854003906,446.0289611816406,449.53192138671875,995528
2013-11-11,449.67022705078125,449.67022705078125,433.2615966796875,436.3497314453125,387812
2013-11-12,445.24542236328125,459.0729064941406,439.8526916503906,443.0791015625,627183
2013-11-13,442.9408264160156,443.4017333984375,424.13543701171875,427.8688659667969,370493
2013-11-14,436.8567199707031,446.628173828125,432.3397521972656,436.2575378417969,376554
2013-11-18,440.6362609863281,447.8726501464844,434.64434814453125,439.0230407714844,687086
2013-11-19,440.0831604003906,446.5359802246094,429.8047180175781,431.09527587890625,454579
2013-11-20,429.66644287109375,470.1349182128906,429.66644287109375,450.4537658691406,2103447
2013-11-21,450.77642822265625,478.2470397949219,440.9588928222656,459.3033752441406,2304220
2013-11-22,467.2772216796875,470.042724609375,448.4718322753906,450.4537658691406,959062
2013-11-25,455.29339599609375,463.3133544921875,449.11712646484375,452.3896179199219,601343
2013-11-26,451.6060485839844,472.7160339355469,428.1914978027344,433.1233215332031,4251603
2013-11-27,424.0432434082031,431.0491943359375,374.86346435546875,397.0796203613281,6085159
2013-11-28,382.5607604980469,400.9513244628906,382.5607604980469,390.9033508300781,1273860
2013-11-29,390.9494323730469,399.06158447265625,389.88934326171875,392.1478271484375,912746
2013-12-02,392.7931213378906,404.177734375,392.7931213378906,394.08367919921875,687514
2013-12-03,393.7149353027344,397.3100891113281,383.9435119628906,385.6488952636719,665239
2013-12-04,385.41845703125,389.5666809082031,369.286376953125,371.2221984863281,1584971
2013-12-05,373.480712890625,382.3302917480469,361.6812438964844,369.1941833496094,1717904
2013-12-06,368.9176330566406,375.693115234375,367.67315673828125,370.43865966796875,676013
2013-12-09,379.7952575683594,379.7952575683594,367.3966064453125,369.2402648925781,624387
2013-12-10,372.09796142578125,376.56884765625,363.4327087402344,364.5389099121094,760231
2013-12-11,360.436767578125,364.9537353515625,352.2324523925781,353.43084716796875,676761
2013-12-12,352.2324523925781,360.8976745605469,346.3788146972656,347.66937255859375,732464
2013-12-13,345.77960205078125,346.6092529296875,325.45318603515625,328.8179016113281,1049894
2013-12-16,328.0804138183594,329.0944519042969,310.2429504394531,313.2850036621094,1408055
2013-12-17,311.8561706542969,358.5931091308594,311.76397705078125,346.56317138671875,5585167
2013-12-18,339.2345886230469,356.7494201660156,338.3127746582031,350.48095703125,1885539
2013-12-19,354.8135681152344,395.0054931640625,349.88177490234375,385.8332824707031,6544877
2013-12-20,387.5386657714844,400.9052429199219,385.3262634277344,388.8753356933594,2293832
2013-12-23,390.488525390625,401.91925048828125,380.16400146484375,386.2019958496094,2072664
2013-12-24,385.5567321777344,400.9052429199219,385.5567321777344,393.0235595703125,1389263
2013-12-26,391.7790832519531,409.2017517089844,390.8572692871094,400.95135498046875,2380488
2013-12-27,402.19580078125,410.169677734375,398.7850341796875,400.3521423339844,947594
2013-12-30,403.02545166015625,420.3559265136719,396.664794921875,415.1475524902344,2792631
2013-12-31,417.49822998046875,423.81280517578125,410.0314025878906,417.2677917480469,1374415
2014-01-01,418.51226806640625,429.389892578125,417.9130554199219,426.3939208984375,1292379
2014-01-02,428.4680480957031,430.7265319824219,406.2057800292969,409.708740234375,1081274
2014-01-03,407.3119812011719,417.1295166015625,402.5645446777344,407.4041748046875,1022322
2014-01-06,409.2017517089844,411.5063171386719,393.6227722167969,396.5726318359375,807455
2014-01-07,403.7629089355469,419.43408203125,399.1998596191406,402.0114440917969,2015146
2014-01-08,404.5925598144531,416.6685791015625,402.14971923828125,412.151611328125,1449447
2014-01-09,418.92706298828125,420.540283203125,402.79498291015625,403.90118408203125,1314421
2014-01-10,405.514404296875,405.9753112792969,389.98150634765625,391.7330017089844,891986
2014-01-13,388.0917663574219,392.0095520019531,380.71710205078125,385.7410888671875,1183436
2014-01-14,382.6529541015625,389.5666809082031,378.4125061035156,379.887451171875,591014
2014-01-15,382.2381286621094,383.1599426269531,374.3564453125,375.6930847167969,657076
2014-01-16,376.2001037597656,398.6467590332031,376.2001037597656,391.5025329589844,1859527
2014-01-17,392.700927734375,398.23193359375,379.7952575683594,381.27020263671875,707643
2014-01-20,380.25616455078125,393.6227722167969,380.25616455078125,390.718994140625,695176
2014-01-21,392.3321838378906,397.125732421875,387.3542785644531,390.258056640625,505320
2014-01-22,388.1839294433594,405.0534973144531,388.1839294433594,396.1117248535156,1029502
2014-01-23,397.0335388183594,399.06158447265625,389.1979675292969,390.21197509765625,439219
2014-01-24,387.44647216796875,388.045654296875,371.2221984863281,377.0758361816406,1082403
2014-01-27,373.4346008300781,373.4346008300781,355.0901184082031,358.0860900878906,711243
2014-01-28,356.8876953125,369.4707336425781,356.8876953125,360.80548095703125,403233
2014-01-29,363.29443359375,375.5548400878906,363.29443359375,367.99578857421875,614420
2014-01-30,364.03192138671875,366.7513122558594,356.1963195800781,358.4087219238281,433916
2014-01-31,360.5289611816406,371.037841796875,359.8836669921875,363.6170959472656,535791
2014-02-03,362.8335266113281,392.6087341308594,361.03594970703125,375.0478210449219,2588160
2014-02-04,368.54888916015625,378.8734130859375,366.4747619628906,375.41656494140625,768120
2014-02-05,374.4486389160156,384.4044189453125,374.4486389160156,376.61492919921875,716689
2014-02-06,379.0116882324219,387.99957275390625,376.56884765625,378.4125061035156,844156
2014-02-07,381.638916015625,382.9755859375,364.35455322265625,368.6410827636719,762284
2014-02-10,383.7591552734375,393.20794677734375,378.9195251464844,381.638916015625,2007256
2014-02-11,380.3483581542969,383.48260498046875,372.42059326171875,375.18609619140625,557046
2014-02-12,375.5548400878906,378.4125061035156,367.8114318847656,371.08392333984375,446134
2014-02-13,370.6690979003906,374.4486389160156,360.9898681640625,362.14215087890625,605962
2014-02-14,364.2162780761719,367.8114318847656,359.5149230957031,363.75537109375,361487
2014-02-17,364.12408447265625,365.9677734375,360.5289611816406,361.6812438964844,267896
2014-02-18,358.9618225097656,373.3424377441406,358.9618225097656,365.5068359375,502889
2014-02-19,367.0278625488281,375.5548400878906,367.0278625488281,371.4987487792969,700594
2014-02-20,367.8114318847656,388.9214172363281,367.35052490234375,381.6850280761719,2041353
2014-02-21,382.6529541015625,391.64080810546875,380.71710205078125,385.6028137207031,868073
2014-02-24,384.4966125488281,386.10980224609375,377.39849853515625,382.0076599121094,497331
2014-02-25,383.7591552734375,398.23193359375,379.05780029296875,393.76104736328125,1467384
2014-02-26,395.28204345703125,400.9052429199219,391.7790832519531,394.1758728027344,1001900
2014-02-28,395.74298095703125,412.42816162109375,387.2621154785156,407.726806640625,1958263
2014-03-03,410.21575927734375,417.0834045410156,401.1357116699219,407.4041748046875,1084900
2014-03-04,409.66265869140625,431.141357421875,403.302001953125,427.82275390625,2068286
2014-03-05,431.7405700683594,439.16131591796875,424.2737121582031,427.7305908203125,1541196
2014-03-06,428.3758544921875,443.4017333984375,426.0712890625,435.3818054199219,1636052
2014-03-07,438.5160217285156,444.3235778808594,422.2917785644531,424.6424255371094,1224007
2014-03-10,425.4259948730469,432.24755859375,422.4300537109375,427.5001220703125,620346
2014-03-11,429.2976989746094,430.3578186035156,404.45428466796875,405.9753112792969,941942
2014-03-12,406.8049621582031,419.0653381347656,406.0675048828125,410.44622802734375,672632
2014-03-13,411.4602355957031,429.75860595703125,406.62060546875,421.60040283203125,1199526
2014-03-14,420.0793762207031,421.04730224609375,409.8009338378906,414.6405334472656,637737
2014-03-18,417.5904235839844,427.45404052734375,414.364013671875,423.4901428222656,744530
2014-03-19,423.90496826171875,427.4079284667969,410.6305847167969,413.30389404296875,696695
2014-03-20,414.73272705078125,419.43408203125,407.77288818359375,408.9712829589844,446461
2014-03-21,404.68475341796875,409.2017517089844,398.23193359375,405.9292297363281,617412
2014-03-24,401.550537109375,412.0594177246094,401.550537109375,404.2699279785156,442379
2014-03-25,402.5645446777344,410.169677734375,402.5645446777344,406.57452392578125,431991
2014-03-26,405.6987609863281,410.21575927734375,402.38018798828125,404.5925598144531,471639
2014-03-27,408.3721008300781,425.2877197265625,406.2979736328125,417.5904235839844,937134
2014-03-28,420.3559265136719,427.7305908203125,413.5804443359375,418.83489990234375,776420
2014-03-31,420.4480895996094,428.56024169921875,417.9130554199219,421.92303466796875,438763
2014-04-01,423.4901428222656,427.7305908203125,418.9731750488281,423.5362548828125,414148
2014-04-02,426.1634826660156,508.20660400390625,424.91900634765625,508.20660400390625,6559142
2014-04-03,538.3505859375,587.85302734375,535.3546142578125,553.4686279296875,7432596
2014-04-04,555.773193359375,575.03955078125,545.4947509765625,559.6910400390625,2569689
2014-04-07,562.3182373046875,569.92333984375,541.438720703125,552.91552734375,1706343
2014-04-09,554.021728515625,562.3182373046875,551.4866943359375,554.8513793945312,773215
2014-04-10,556.234130859375,599.1915283203125,554.9435424804688,593.0613403320312,3324381
2014-04-11,592.0934448242188,628.690185546875,586.285888671875,602.2796630859375,2098944
2014-04-15,606.0131225585938,611.8206787109375,577.3901977539062,580.9853515625,850770
2014-04-16,583.7969360351562,604.7686157226562,554.1138916015625,569.6467895507812,999373
2014-04-17,574.2098999023438,585.3640747070312,571.7670288085938,578.08154296875,548999
2014-04-21,582.5985717773438,588.1295776367188,573.4263305664062,576.6527099609375,509413
2014-04-22,579.7408447265625,625.9246826171875,574.6707763671875,603.985107421875,2602133
2014-04-23,607.8568115234375,621.3155517578125,601.3578491210938,607.488037109375,1034144
2014-04-25,591.81689453125,606.2896728515625,582.5985717773438,597.347900390625,1079632
2014-04-28,599.8829345703125,683.078369140625,598.4080200195312,665.9322509765625,6209981
2014-04-29,672.7538452148438,781.43798828125,670.6336059570312,746.50048828125,11694278
2014-04-30,746.73095703125,782.0371704101562,669.2969360351562,707.414794921875,6929445
2014-05-02,717.1862182617188,734.6088256835938,673.9522094726562,705.0640869140625,4808469
2014-05-05,711.1021118164062,729.8153076171875,704.280517578125,714.697265625,1564019
2014-05-06,723.0859375,737.42041015625,708.06005859375,711.609130859375,1946033
2014-05-07,715.342529296875,726.404541015625,709.9036865234375,715.9417114257812,945039
2014-05-08,722.5789184570312,728.2481689453125,693.3568115234375,711.9317626953125,956981
2014-05-09,715.572998046875,720.87353515625,704.280517578125,708.5209350585938,789909
2014-05-12,704.280517578125,720.3665161132812,693.679443359375,697.9660034179688,617942
2014-05-13,700.9158325195312,711.378662109375,693.5872802734375,702.2064208984375,651395
2014-05-14,706.492919921875,758.9452514648438,706.2163696289062,733.8713989257812,1777107
2014-05-15,740.3703002929688,755.9031982421875,709.8576049804688,717.4166259765625,1249607
2014-05-16,726.404541015625,737.466552734375,703.3587036132812,708.1061401367188,581656
2014-05-19,716.2643432617188,717.093994140625,640.674072265625,657.8662109375,1067176
2014-05-20,659.0184936523438,680.1284790039062,633.2993774414062,666.0244750976562,928007
2014-05-21,670.5414428710938,695.5231323242188,669.8961791992188,674.459228515625,882598
2014-05-22,680.9581298828125,685.521240234375,660.0325317382812,664.7799682617188,449456
2014-05-23,671.4632568359375,684.5532836914062,659.663818359375,662.060546875,579399
2014-05-26,667.2228393554688,682.1565551757812,636.0648803710938,646.5277099609375,582635
2014-05-27,619.7023315429688,647.1268920898438,589.9732055664062,617.1212158203125,1792333
2014-05-28,611.5441284179688,625.9246826171875,590.249755859375,593.0613403320312,693391
2014-05-29,590.0654296875,597.347900390625,539.87158203125,545.0338745117188,1833267
2014-05-30,546.2783203125,566.4664916992188,545.2642822265625,547.9837036132812,1027300
2014-06-02,550.93359375,577.4823608398438,550.93359375,565.083740234375,1242101
2014-06-03,568.3101196289062,573.6567993164062,542.1761474609375,549.8734741210938,1082606
2014-06-04,541.208251953125,541.208251953125,521.8036499023438,527.5651245117188,1143366
2014-06-05,527.3807373046875,545.3565063476562,525.537109375,529.0861206054688,889967
2014-06-06,532.9117431640625,537.1060791015625,525.9979858398438,528.0721435546875,661527
2014-06-09,528.3026123046875,535.5390014648438,525.4448852539062,527.51904296875,570188
2014-06-10,529.2705078125,570.15380859375,529.2705078125,547.384521484375,2940559
2014-06-11,552.6389770507812,566.9273681640625,547.7532348632812,550.7492065429688,1249542
2014-06-12,553.2381591796875,562.3182373046875,548.4446411132812,556.0958251953125,771963
2014-06-13,560.2902221679688,571.260009765625,534.6632080078125,540.747314453125,1427040
2014-06-16,540.747314453125,557.6168823242188,539.2723999023438,546.0478515625,805585
2014-06-17,548.5828857421875,556.6028442382812,543.881591796875,545.8173828125,541982
2014-06-18,547.7532348632812,552.91552734375,530.146240234375,532.9117431640625,746616
2014-06-19,527.6112060546875,542.0379028320312,524.7074584960938,526.3206176757812,627911
2014-06-20,526.5510864257812,535.9537963867188,518.1624145507812,520.5130615234375,867771
2014-06-23,525.2144165039062,528.8556518554688,514.3828735351562,516.3648681640625,432454
2014-06-24,518.3007202148438,528.2103881835938,516.3187255859375,519.314697265625,613460
2014-06-25,521.0200805664062,535.5850830078125,520.0982666015625,523.4629516601562,730114
2014-06-26,525.537109375,529.4548950195312,517.5171508789062,519.13037109375,416714
2014-06-27,523.6934204101562,532.819580078125,523.6012573242188,526.9198608398438,688101
2014-06-30,529.5931396484375,534.6632080078125,525.537109375,530.376708984375,580401
2014-07-01,531.5289916992188,548.5828857421875,531.0680541992188,541.9918212890625,1488085
2014-07-02,546.8775024414062,585.2718505859375,542.0379028320312,575.3621826171875,2902575
2014-07-03,586.4241333007812,603.8007202148438,578.7268676757812,583.2899169921875,2565383
2014-07-04,586.93115234375,591.81689453125,562.410400390625,569.46240234375,1041243
2014-07-07,570.9373779296875,582.0454711914062,568.5405883789062,571.8591918945312,835390
2014-07-08,574.6707763671875,575.0856323242188,534.9859008789062,539.1340942382812,856995
2014-07-09,539.7333374023438,548.26025390625,520.9279174804688,524.1543579101562,758855
2014-07-10,528.0260620117188,538.9036865234375,502.3990783691406,524.8917846679688,850713
2014-07-11,529.1322021484375,543.881591796875,523.1403198242188,527.74951171875,797531
2014-07-14,526.5050048828125,528.9939575195312,516.2265625,518.9459838867188,307689
2014-07-15,521.3888549804688,548.49072265625,521.3888549804688,541.669189453125,705109
2014-07-16,546.3704833984375,567.8492431640625,538.4888305664062,558.5847778320312,1415524
2014-07-17,559.6909790039062,569.6467895507812,554.2061157226562,556.4185180664062,920317
2014-07-18,553.9295654296875,553.9295654296875,537.7052612304688,540.4246826171875,627361
2014-07-21,542.1300659179688,561.3963623046875,542.1300659179688,556.9716186523438,804866
2014-07-22,563.2400512695312,600.2977294921875,562.9635009765625,592.462158203125,3877536
2014-07-23,597.4400634765625,612.4659423828125,586.8389892578125,593.5222778320312,1897578
2014-07-24,594.674560546875,612.0972290039062,587.4842529296875,607.2114868164062,1644287
2014-07-25,613.664306640625,716.90966796875,613.664306640625,690.7756958007812,14783536
2014-07-28,639.10693359375,668.2368774414062,628.690185546875,636.8023681640625,4939848
2014-07-30,636.203125,658.1889038085938,636.203125,641.1349487304688,1915915
2014-07-31,645.4215087890625,649.8923950195312,615.6463012695312,619.42578125,1335140
2014-08-01,616.7063598632812,632.1010131835938,613.1112060546875,615.876708984375,1266681
2014-08-04,619.7023315429688,627.7683715820312,610.2535400390625,622.6522216796875,902269
2014-08-05,626.7543334960938,664.1807861328125,624.3115234375,660.4012451171875,3319666
2014-08-06,658.1889038085938,681.2346801757812,655.4234008789062,660.7239379882812,2052189
2014-08-07,659.3411865234375,669.803955078125,637.0789184570312,640.1209716796875,1375069
2014-08-08,632.2853393554688,671.83203125,623.5279541015625,643.0247192382812,2786955
2014-08-11,653.8562622070312,662.0144653320312,647.3573608398438,650.9985961914062,951553
2014-08-12,654.59375,656.6217651367188,614.9088134765625,625.5559692382812,4129762
2014-08-13,619.4718627929688,623.1592407226562,592.3699951171875,597.3018188476562,1771800
2014-08-14,593.384033203125,631.4556884765625,581.1235961914062,623.0209350585938,3244118
2014-08-18,623.2974853515625,633.9446411132812,622.4217529296875,626.477783203125,773711
2014-08-19,627.4918212890625,654.3171997070312,619.9788818359375,644.1309204101562,1987653
2014-08-20,647.3573608398438,666.1627197265625,647.3573608398438,655.1007080078125,1957677
2014-08-21,655.7460327148438,668.3290405273438,645.4675903320312,649.9384765625,1548509
2014-08-22,648.6478881835938,664.6417236328125,641.2271728515625,649.3392944335938,1757937
2014-08-25,653.2109985351562,672.89208984375,650.5376586914062,657.3131103515625,2424904
2014-08-26,660.77001953125,669.2508544921875,648.0487060546875,656.2991333007812,1418279
2014-08-27,661.5074462890625,664.6417236328125,645.974609375,648.6939697265625,982645
2014-08-28,649.1088256835938,651.92041015625,630.2112426757812,636.89453125,989154
2014-09-01,665.5174560546875,676.5333251953125,651.9664916992188,654.1788940429688,1993983
2014-09-02,656.7139282226562,658.8341674804688,644.822265625,646.3433227539062,1078912
2014-09-03,648.5096435546875,654.2710571289062,642.0568237304688,645.6980590820312,744361
2014-09-04,645.7902221679688,646.619873046875,634.22119140625,639.7061157226562,623022
2014-09-05,640.7201538085938,732.8573608398438,637.0327758789062,725.52880859375,7738200
2014-09-08,734.14794921875,766.6886596679688,734.14794921875,744.4263916015625,4164071
2014-09-09,747.145751953125,798.860595703125,716.7252807617188,778.5341796875,6647942
2014-09-10,779.3177490234375,806.0509033203125,775.5843505859375,784.065185546875,3596449
2014-09-11,788.7665405273438,794.3436279296875,769.730712890625,773.0492553710938,1388209
2014-09-12,774.4781494140625,802.9166870117188,771.6665649414062,785.3557739257812,2270976
2014-09-15,787.1533203125,817.666015625,780.7926635742188,798.1231689453125,2914892
2014-09-16,800.0590209960938,800.888671875,732.8573608398438,742.76708984375,2136740
2014-09-17,750.3721923828125,769.730712890625,741.4765014648438,757.977294921875,1836250
2014-09-18,761.8029174804688,790.932861328125,751.2940063476562,779.6864624023438,1605332
2014-09-19,781.8067016601562,791.1171875,751.38623046875,756.1336669921875,1366825
2014-09-22,753.5064086914062,769.730712890625,750.69482421875,758.9913330078125,753819
2014-09-23,761.0654296875,776.8748779296875,742.07568359375,746.27001953125,1250708
2014-09-24,751.2940063476562,760.3740844726562,719.0298461914062,732.119873046875,1106028
2014-09-25,735.8533325195312,744.7490234375,693.218505859375,700.9619140625,1109659
2014-09-26,702.4368896484375,728.2481689453125,684.0924072265625,721.10400390625,1225230
2014-09-29,723.546875,746.6848754882812,719.767333984375,732.4886474609375,1046157
2014-09-30,732.0277099609375,755.4422607421875,721.1500854492188,736.4985961914062,1541949
2014-10-01,738.4805297851562,750.3721923828125,729.1700439453125,743.181884765625,1178064
2014-10-07,739.3101806640625,750.049560546875,724.3303833007812,729.5848388671875,958447
2014-10-08,730.1840209960938,737.1900024414062,715.112060546875,721.10400390625,826458
2014-10-09,722.8093872070312,734.7010498046875,721.1961669921875,725.7592163085938,560692
2014-10-10,719.1220703125,732.3964233398438,709.9036865234375,711.8395385742188,795993
2014-10-13,709.8115234375,717.6010131835938,702.4368896484375,709.4428100585938,622052
2014-10-14,714.5128784179688,717.785400390625,696.352783203125,697.7816162109375,543818
2014-10-16,691.5131225585938,713.8676147460938,671.4171752929688,679.114501953125,872766
2014-10-17,682.3870239257812,688.609375,666.0244750976562,672.707763671875,540493
2014-10-20,680.3128662109375,690.4530639648438,673.1686401367188,675.7958984375,449534
2014-10-21,676.7177124023438,690.4530639648438,673.2147827148438,682.2947998046875,520758
2014-10-22,689.5311889648438,698.565185546875,684.0001831054688,688.5172119140625,504453
2014-10-27,696.0762329101562,713.4988403320312,686.811767578125,699.3948364257812,786968
2014-10-28,703.3587036132812,711.56298828125,693.5872802734375,697.3206787109375,630691
2014-10-29,699.8096313476562,721.6110229492188,699.8096313476562,710.456787109375,1012928
2014-10-30,714.881591796875,715.342529296875,693.3107299804688,697.9198608398438,564046
2014-10-31,702.3446655273438,708.244384765625,694.6012573242188,698.565185546875,506489
2014-11-03,703.4508666992188,718.9376831054688,701.6072387695312,709.9959106445312,856396
2014-11-05,695.0621948242188,707.0460205078125,679.3910522460938,693.8177490234375,1455931
2014-11-07,704.280517578125,728.156005859375,690.0842895507812,723.546875,1461921
2014-11-10,726.1279907226562,753.8751831054688,721.2422485351562,747.2379760742188,1980409
2014-11-11,750.92529296875,764.1074829101562,747.2840576171875,755.9031982421875,1213606
2014-11-12,760.6045532226562,761.2958984375,746.7770385742188,750.280029296875,739382
2014-11-13,736.7290649414062,748.5285034179688,729.1700439453125,733.8713989257812,568610
2014-11-14,734.0557250976562,739.86328125,712.9457397460938,724.9295654296875,443477
2014-11-17,726.3584594726562,728.0638427734375,709.9036865234375,714.927734375,355846
2014-11-18,714.5128784179688,765.1215209960938,714.5128784179688,753.1837768554688,1861238
2014-11-19,755.995361328125,775.6304321289062,743.2279663085938,757.6546630859375,1754250
2014-11-20,764.614501953125,778.9490356445312,757.746826171875,762.7708740234375,1309774
2014-11-21,761.7568359375,770.6525268554688,751.38623046875,753.9673461914062,677496
2014-11-24,765.1215209960938,784.4800415039062,758.7608642578125,781.0231323242188,1661148
2014-11-25,783.419921875,785.0331420898438,739.3101806640625,746.27001953125,1195991
2014-11-26,746.4544067382812,754.1055908203125,739.3101806640625,746.03955078125,608070
2014-11-27,750.280029296875,768.2557373046875,746.6387939453125,762.9091186523438,875802
2014-11-28,767.8870239257812,799.8285522460938,765.2136840820312,778.2576293945312,2386802
2014-12-01,778.0271606445312,797.3856811523438,768.808837890625,789.6422729492188,1171374
2014-12-02,788.9970092773438,868.274658203125,787.8908081054688,862.97412109375,5497826
2014-12-03,866.6153564453125,904.2261352539062,860.2546997070312,895.0999755859375,3239450
2014-12-04,895.0078125,934.7388305664062,881.2725219726562,920.6808471679688,3687563
2014-12-05,923.5846557617188,957.7385864257812,918.6989135742188,929.484375,2653270
2014-12-08,936.8590087890625,948.47412109375,904.5487670898438,934.1396484375,1893941
2014-12-09,939.7628173828125,951.1013793945312,912.6148071289062,929.9453125,1544377
2014-12-10,932.802978515625,939.8088989257812,917.777099609375,931.1436767578125,1153349
2014-12-11,932.802978515625,974.3776245117188,923.6768188476562,969.722412109375,2404187
2014-12-12,978.98681640625,1001.8482666015625,960.7344970703125,971.5199584960938,2203660
2014-12-15,969.3075561523438,974.79248046875,941.191650390625,945.0172729492188,1182250
2014-12-16,938.8870849609375,944.8789672851562,886.0199584960938,899.2021484375,1306245
2014-12-17,892.8875732421875,902.0137329101562,800.0590209960938,817.0668334960938,3002444
2014-12-18,821.8142700195312,873.3447265625,821.8142700195312,867.1223754882812,3183297
2014-12-19,875.55712890625,889.476806640625,831.6778564453125,842.186767578125,2047430
2014-12-22,847.1646728515625,871.13232421875,846.7498168945312,857.3048095703125,1407585
2014-12-23,856.5213012695312,905.1018676757812,856.5213012695312,888.9237060546875,2920613
2014-12-24,894.2703247070312,914.873291015625,894.2703247070312,900.3544311523438,2221834
2014-12-26,905.2401733398438,916.1638793945312,900.7232055664062,907.2681884765625,946246
2014-12-29,914.3663330078125,934.7388305664062,905.8854370117188,931.051513671875,1315993
2014-12-30,940.1776123046875,943.4501342773438,922.38623046875,930.8671264648438,907986
2014-12-31,916.3482666015625,935.66064453125,904.9175415039062,931.1897583007812,1272646
2015-01-01,932.8951416015625,948.47412109375,929.2078247070312,941.422119140625,687136
2015-01-02,944.8789672851562,962.393798828125,941.191650390625,953.544189453125,933352
2015-01-05,950.6865234375,963.9148559570312,949.6725463867188,958.1533813476562,588893
2015-01-06,951.4240112304688,951.4240112304688,893.48681640625,902.981689453125,1118678
2015-01-07,904.3182983398438,925.3822021484375,901.0919189453125,919.6668701171875,1236940
2015-01-08,942.1134643554688,954.9269409179688,937.5043334960938,949.7647094726562,1069991
2015-01-09,960.642333984375,999.95849609375,957.0471801757812,992.6299438476562,2107587
2015-01-12,997.5156860351562,1014.0164794921875,993.9205322265625,1007.5636596679688,1145493
2015-01-13,1007.5636596679688,1029.134521484375,982.6280517578125,987.7903442382812,1307680
2015-01-14,989.126953125,989.126953125,951.3318481445312,959.121337890625,921275
2015-01-15,971.704345703125,980.4617309570312,941.2838134765625,956.8167114257812,1073109
2015-01-16,958.7986450195312,969.7684936523438,944.8789672851562,954.5582275390625,772819
2015-01-19,960.8267211914062,990.9706420898438,960.8267211914062,985.5317993164062,1187515
2015-01-20,995.3032836914062,1022.31298828125,992.3533935546875,1016.551513671875,1771683
2015-01-21,1019.6396484375,1022.1746826171875,988.251220703125,1005.07470703125,1109994
2015-01-22,1001.2030029296875,1032.453125,992.1690063476562,1022.6356201171875,1070427
2015-01-23,1031.16259765625,1046.2806396484375,1012.1727905273438,1034.1124267578125,1169355
2015-01-27,1037.984130859375,1061.9517822265625,1034.3890380859375,1054.8076171875,1084886
2015-01-28,1047.294677734375,1063.3345947265625,1039.8739013671875,1053.5631103515625,675891
2015-01-29,1056.6973876953125,1096.0595703125,1046.2806396484375,1089.9755859375,1359063
2015-01-30,1104.4483642578125,1120.02734375,1094.6768798828125,1113.4822998046875,898852
2015-02-02,1097.258056640625,1132.9329833984375,1096.9814453125,1114.6806640625,594865
2015-02-03,1121.31787109375,1129.24560546875,1083.24609375,1089.3302001953125,640382
2015-02-04,1097.857177734375,1206.12646484375,1063.011962890625,1184.3712158203125,5732864
2015-02-05,1203.9140625,1215.5291748046875,1125.6505126953125,1140.9990234375,3194571
2015-02-06,1144.916748046875,1166.5338134765625,1116.8009033203125,1138.970947265625,1438713
2015-02-09,1133.7625732421875,1228.8035888671875,1122.8388671875,1212.39501953125,2877645
2015-02-10,1212.0262451171875,1264.524658203125,1204.14453125,1250.789306640625,2570380
2015-02-11,1267.61279296875,1348.1810302734375,1262.1739501953125,1328.5458984375,3564607
2015-02-12,1325.5960693359375,1403.3988037109375,1294.0233154296875,1379.154541015625,3997370
2015-02-13,1390.1243896484375,1438.0596923828125,1377.21875,1401.4168701171875,3475314
2015-02-16,1413.90771484375,1450.5045166015625,1397.13037109375,1413.631103515625,2198176
2015-02-18,1421.0980224609375,1421.83544921875,1368.0003662109375,1393.3046875,1458421
2015-02-19,1400.2645263671875,1413.1241455078125,1366.7559814453125,1385.1004638671875,1218379
2015-02-20,1380.8138427734375,1387.2667236328125,1344.49365234375,1349.5177001953125,758087
2015-02-23,1354.679931640625,1420.3604736328125,1339.423583984375,1413.21630859375,2350679
2015-02-24,1424.232177734375,1459.169677734375,1416.6732177734375,1446.0335693359375,2561497
2015-02-25,1456.496337890625,1485.9949951171875,1446.356201171875,1478.5281982421875,2630948
2015-02-26,1488.7144775390625,1489.912841796875,1399.527099609375,1428.5648193359375,3446405
2015-02-27,1436.216064453125,1465.7147216796875,1408.56103515625,1460.50634765625,1587330
2015-03-02,1465.7147216796875,1535.7740478515625,1346.8443603515625,1530.61181640625,2083037
2015-03-03,1543.148681640625,1564.350830078125,1517.33740234375,1535.4974365234375,1340945
2015-03-04,1525.4034423828125,1560.66357421875,1510.2392578125,1523.4215087890625,1159474
2015-03-05,1530.7039794921875,1571.7255859375,1524.7120361328125,1562.2767333984375,1013343
2015-03-09,1567.9920654296875,1594.21826171875,1549.4632568359375,1581.220458984375,1045459
2015-03-10,1592.8355712890625,1663.816650390625,1584.9998779296875,1642.384033203125,2441519
2015-03-11,1665.7525634765625,1690.135009765625,1647.9150390625,1662.526123046875,1821801
2015-03-12,1672.94287109375,1674.0029296875,1636.7147216796875,1667.13525390625,1090288
2015-03-13,1678.9346923828125,1682.2532958984375,1639.941162109375,1651.0953369140625,1021081
2015-03-16,1656.9029541015625,1755.1702880859375,1648.0072021484375,1744.8458251953125,2198585
2015-03-17,1768.997802734375,1795.73095703125,1756.2764892578125,1770.33447265625,1892629
2015-03-18,1751.4830322265625,1765.310546875,1705.391357421875,1732.4010009765625,2282846
2015-03-19,1806.79296875,1825.2296142578125,1746.8277587890625,1760.839599609375,2469030
2015-03-20,1764.388671875,1764.388671875,1654.6905517578125,1683.3594970703125,1982132
2015-03-23,1690.6419677734375,1721.984375,1654.78271484375,1699.0767822265625,1776515
2015-03-24,1713.6878662109375,1737.5633544921875,1696.1729736328125,1728.4832763671875,1271253
2015-03-25,1738.577392578125,1774.52880859375,1734.5673828125,1765.44873046875,1495924
2015-03-26,1769.458740234375,1781.626953125,1711.7059326171875,1721.6156005859375,1681424
2015-03-27,1737.1024169921875,1749.6392822265625,1655.6123046875,1691.6099853515625,1472217
2015-03-30,1704.469482421875,1723.321044921875,1688.79833984375,1716.7760009765625,953808
2015-03-31,1723.8280029296875,1750.5611572265625,1712.858154296875,1720.878173828125,1173702
2015-04-01,1711.521484375,1731.89404296875,1697.002685546875,1725.210693359375,919831
2015-04-06,1737.655517578125,1765.21826171875,1730.2808837890625,1762.222412109375,1146455
2015-04-07,1777.2943115234375,1839.05712890625,1765.310546875,1821.5423583984375,1577696
2015-04-08,1839.7945556640625,1843.666259765625,1790.9375,1807.899169921875,1276045
2015-04-09,1808.6365966796875,1813.89111328125,1714.88623046875,1742.3568115234375,1522562
2015-04-10,1732.12451171875,1777.2943115234375,1706.5435791015625,1746.1824951171875,1559020
2015-04-13,1730.2808837890625,1742.1724853515625,1705.391357421875,1717.282958984375,879140
2015-04-15,1710.92236328125,1723.73583984375,1558.81982421875,1603.6669921875,1575426
2015-04-16,1590.3927001953125,1622.4263916015625,1521.116943359375,1603.252197265625,3106070
2015-04-17,1609.520751953125,1646.7626953125,1545.4072265625,1567.6234130859375,1963284
2015-04-20,1576.334716796875,1592.7432861328125,1530.2891845703125,1552.459228515625,1516021
2015-04-21,1556.0543212890625,1594.7713623046875,1544.1627197265625,1571.3106689453125,1180467
2015-04-22,1586.474853515625,1613.6689453125,1567.485107421875,1605.5567626953125,1069874
2015-04-23,1616.8953857421875,1624.085693359375,1556.607421875,1569.05224609375,932829
2015-04-24,1593.8494873046875,1598.366455078125,1476.7767333984375,1498.25537109375,1079577
2015-04-27,1504.708251953125,1523.329345703125,1145.838623046875,1224.1944580078125,4410111
2015-04-28,1156.900634765625,1227.8817138671875,1085.043701171875,1146.3455810546875,8985741
2015-04-29,1156.6240234375,1206.4952392578125,1152.3836669921875,1187.6898193359375,2794201
2015-04-30,1188.51953125,1220.6453857421875,1135.7445068359375,1187.2288818359375,3180799
2015-05-04,1198.475341796875,1346.7982177734375,1188.1046142578125,1321.032958984375,4475428
2015-05-05,1312.6904296875,1353.2510986328125,1296.3740234375,1337.6259765625,2635202
2015-05-06,1324.58203125,1337.5338134765625,1186.030517578125,1217.3729248046875,3049439
2015-05-07,1198.383056640625,1206.6795654296875,1101.0374755859375,1134.9149169921875,3225269
2015-05-08,1175.3372802734375,1219.4930419921875,1171.8343505859375,1186.8602294921875,2163561
2015-05-11,1198.383056640625,1239.5889892578125,1172.4334716796875,1193.7279052734375,1879994
2015-05-12,1194.69580078125,1194.69580078125,1140.2154541015625,1147.2213134765625,1347810
2015-05-13,1161.509765625,1198.1065673828125,1143.349609375,1173.217041015625,1683466
2015-05-14,1179.024658203125,1209.445068359375,1151.4156494140625,1198.843994140625,1613449
2015-05-15,1184.6478271484375,1230.647216796875,1162.80029296875,1206.864013671875,1934099
2015-05-18,1202.9923095703125,1237.10009765625,1200.226806640625,1228.48095703125,867945
2015-05-19,1222.3507080078125,1285.4041748046875,1217.7415771484375,1265.630859375,2029265
2015-05-20,1277.568603515625,1307.5281982421875,1275.356201171875,1288.35400390625,1579013
2015-05-21,1290.4281005859375,1313.6123046875,1276.7388916015625,1298.35595703125,1449070
2015-05-22,1327.439697265625,1345.7841796875,1305.638427734375,1315.4559326171875,1312445
2015-05-25,1309.0030517578125,1312.1373291015625,1274.9874267578125,1284.666748046875,860715
2015-05-26,1281.34814453125,1322.7384033203125,1276.7388916015625,1311.814697265625,947748
2015-05-27,1299.7847900390625,1469.402099609375,1295.175537109375,1452.394287109375,5616148
2015-05-28,1459.169677734375,1463.87109375,1312.7825927734375,1320.9869384765625,4676674
2015-05-29,1227.32861328125,1355.0947265625,1222.765625,1332.970703125,4542414
2015-06-01,1340.714111328125,1381.827880859375,1317.990966796875,1359.51953125,1524372
2015-06-02,1366.986328125,1370.7198486328125,1282.362060546875,1292.6405029296875,1395124
2015-06-03,1304.3017578125,1310.293701171875,1124.6824951171875,1244.7052001953125,2580362
2015-06-04,1257.0577392578125,1287.1556396484375,1226.6373291015625,1276.00146484375,2144965
2015-06-05,1262.911376953125,1297.9410400390625,1255.16796875,1265.9073486328125,1316459
2015-06-08,1257.38037109375,1261.0677490234375,1185.4774169921875,1212.2567138671875,2005655
2015-06-09,1206.9100341796875,1238.390625,1189.2108154296875,1217.6494140625,1582873
2015-06-10,1219.5391845703125,1270.2861328125,1218.6634521484375,1261.6669921875,1467068
2015-06-11,1276.46240234375,1293.3319091796875,1209.8138427734375,1218.2025146484375,1637666
2015-06-12,1218.6634521484375,1230.647216796875,1189.164794921875,1214.28466796875,1563356
2015-06-15,1215.89794921875,1239.8656005859375,1199.304931640625,1220.507080078125,1084773
2015-06-16,1221.428955078125,1260.3763427734375,1199.304931640625,1247.1019287109375,1350232
2015-06-17,1264.6629638671875,1286.7408447265625,1254.79931640625,1271.4383544921875,1446780
2015-06-18,1279.50439453125,1303.3338623046875,1276.7388916015625,1285.9111328125,1054507
2015-06-19,1299.0472412109375,1309.0030517578125,1279.781005859375,1290.0133056640625,925923
2015-06-22,1317.115234375,1339.4697265625,1315.4559326171875,1323.5679931640625,1164986
2015-06-23,1329.2373046875,1331.495849609375,1300.061279296875,1318.221435546875,836091
2015-06-24,1324.0289306640625,1361.4554443359375,1316.5159912109375,1328.822509765625,1549816
2015-06-25,1325.5960693359375,1338.7783203125,1303.4720458984375,1308.680419921875,904288
2015-06-26,1304.025146484375,1325.550048828125,1295.175537109375,1314.67236328125,814478
2015-06-29,1268.4423828125,1282.223876953125,1253.693115234375,1273.8812255859375,937645
2015-06-30,1276.646728515625,1311.0311279296875,1274.895263671875,1305.36181640625,916595
2015-07-01,1318.221435546875,1329.6060791015625,1302.4580078125,1313.1973876953125,674686
2015-07-02,1318.40576171875,1322.60009765625,1293.3319091796875,1299.462158203125,628686
2015-07-03,1300.6605224609375,1347.2591552734375,1299.462158203125,1314.8106689453125,1278063
2015-07-06,1285.957275390625,1354.9564208984375,1281.8089599609375,1341.635986328125,1044354
2015-07-07,1358.7821044921875,1399.3427734375,1334.076904296875,1379.845947265625,2313633
2015-07-08,1355.1868896484375,1401.1864013671875,1347.99658203125,1360.0726318359375,1848927
2015-07-09,1367.07861328125,1378.140625,1331.5880126953125,1343.6640625,943550
2015-07-10,1353.8963623046875,1370.58154296875,1341.359375,1351.315185546875,694760
2015-07-13,1356.2930908203125,1387.35888671875,1343.4796142578125,1381.136474609375,907364
2015-07-14,1393.0281982421875,1398.236572265625,1370.9041748046875,1378.2327880859375,887687
2015-07-15,1379.9381103515625,1391.8758544921875,1357.9063720703125,1366.7559814453125,714615
2015-07-16,1364.3131103515625,1431.2381591796875,1364.3131103515625,1423.0338134765625,1285530
2015-07-17,1412.2484130859375,1436.216064453125,1401.4168701171875,1412.4327392578125,1466974
2015-07-20,1415.9356689453125,1446.356201171875,1410.819580078125,1434.64892578125,978608
2015-07-21,1436.216064453125,1436.216064453125,1360.625732421875,1370.765869140625,1078215
2015-07-22,1375.3751220703125,1421.2823486328125,1366.15673828125,1411.0960693359375,839619
2015-07-23,1419.623046875,1422.1580810546875,1370.81201171875,1383.0723876953125,774340
2015-07-24,1403.030029296875,1417.7794189453125,1361.4554443359375,1374.4071044921875,1051778
2015-07-27,1371.226806640625,1396.5772705078125,1344.03271484375,1378.27880859375,825859
2015-07-28,1386.89794921875,1400.2645263671875,1345.87646484375,1355.5556640625,761814
2015-07-29,1358.7821044921875,1364.7740478515625,1337.7642822265625,1349.7481689453125,587945
2015-07-30,1361.547607421875,1379.4771728515625,1353.2510986328125,1370.2589111328125,840137
2015-07-31,1379.9842529296875,1450.96533203125,1377.21875,1441.7470703125,1291052
2015-08-03,1451.7950439453125,1485.3958740234375,1438.0596923828125,1461.796875,1041205
2015-08-04,1451.8411865234375,1455.85107421875,1415.013916015625,1441.2861328125,887037
2015-08-05,1454.560546875,1470.3238525390625,1430.1781005859375,1446.0797119140625,665088
2015-08-06,1446.3101806640625,1471.844970703125,1438.0596923828125,1455.8050537109375,644803
2015-08-07,1456.496337890625,1500.052978515625,1451.9793701171875,1470.1395263671875,1125659
2015-08-10,1474.93310546875,1553.288818359375,1415.013916015625,1523.237060546875,3399260
2015-08-11,1541.3050537109375,1551.12255859375,1512.91259765625,1523.1910400390625,1295405
2015-08-12,1515.49365234375,1545.822021484375,1496.2274169921875,1501.804443359375,1254704
2015-08-13,1511.52978515625,1545.591552734375,1509.7783203125,1528.3072509765625,1111451
2015-08-14,1542.1807861328125,1583.7093505859375,1536.6959228515625,1576.4268798828125,1168667
2015-08-17,1576.334716796875,1576.334716796875,1541.7659912109375,1560.7095947265625,680440
2015-08-18,1569.927978515625,1586.8896484375,1534.9443359375,1541.1207275390625,882025
2015-08-19,1543.148681640625,1599.3804931640625,1539.46142578125,1590.070068359375,1277892
2015-08-20,1585.552978515625,1608.552734375,1549.0023193359375,1555.77783203125,1002005
2015-08-21,1539.5074462890625,1540.6597900390625,1506.275390625,1526.7401123046875,1107560
2015-08-24,1469.402099609375,1482.123291015625,1161.509765625,1199.8118896484375,2113414
2015-08-25,1261.0677490234375,1268.9033203125,1096.9814453125,1218.3408203125,2998963
2015-08-26,1218.3408203125,1260.9755859375,1173.1248779296875,1196.4932861328125,1483489
2015-08-27,1227.144287109375,1254.9376220703125,1214.8377685546875,1231.338623046875,1336939
2015-08-28,1258.117919921875,1308.081298828125,1216.81982421875,1245.765380859375,2088774
2015-08-31,1221.15234375,1258.2100830078125,1208.0162353515625,1237.4227294921875,1287734
2015-09-01,1220.507080078125,1255.16796875,1174.7841796875,1193.08251953125,1318375
2015-09-02,1206.633544921875,1216.9119873046875,1184.739990234375,1194.649658203125,911892
2015-09-03,1210.09033203125,1230.647216796875,1200.364990234375,1221.3828125,779762
2015-09-04,1221.5211181640625,1230.1402587890625,1137.5882568359375,1161.4176025390625,1226910
2015-09-07,1166.118896484375,1170.543701171875,1079.558837890625,1090.0677490234375,1327739
2015-09-08,1085.504638671875,1116.20166015625,1037.5693359375,1094.30810546875,2383232
2015-09-09,1140.3076171875,1150.44775390625,1112.7447509765625,1122.2857666015625,1633128
2015-09-10,1086.84130859375,1224.8397216796875,1074.02783203125,1213.3629150390625,3848265
2015-09-11,1224.1944580078125,1292.4100341796875,1202.9923095703125,1277.107666015625,2756376
2015-09-14,1267.5206298828125,1306.1453857421875,1252.079833984375,1291.7647705078125,2132575
2015-09-15,1276.46240234375,1338.962646484375,1259.3162841796875,1318.0369873046875,3061159
2015-09-16,1331.1270751953125,1347.7200927734375,1288.2618408203125,1297.9410400390625,2024074
2015-09-18,1309.0030517578125,1316.3316650390625,1247.6090087890625,1257.61083984375,1829972
2015-09-21,1233.59716796875,1279.320068359375,1232.5369873046875,1271.2078857421875,1185731
2015-09-22,1277.568603515625,1306.1453857421875,1219.7696533203125,1235.2103271484375,1806180
2015-09-23,1215.89794921875,1271.8531494140625,1206.0804443359375,1266.5987548828125,1521187
2015-09-24,1261.0677490234375,1291.6265869140625,1250.4666748046875,1260.1920166015625,1354025
2015-09-28,1295.175537109375,1342.4195556640625,1281.4403076171875,1302.8729248046875,2565731
2015-09-29,1280.42626953125,1325.1351318359375,1273.09765625,1311.2154541015625,1427748
2015-09-30,1322.646240234375,1420.5909423828125,1321.90869140625,1406.4869384765625,3675312
2015-10-01,1419.899658203125,1427.9195556640625,1396.66943359375,1405.7955322265625,1415177
2015-10-05,1418.4246826171875,1445.4344482421875,1404.873779296875,1419.208251953125,1090847
2015-10-06,1446.171875,1479.542236328125,1444.6968994140625,1462.3961181640625,2087919
2015-10-07,1462.02734375,1495.029052734375,1424.5087890625,1434.6029052734375,1723062
2015-10-08,1439.9034423828125,1451.88720703125,1408.56103515625,1436.861328125,1299739
2015-10-09,1448.1998291015625,1457.418212890625,1421.4666748046875,1428.057861328125,865938
2015-10-12,1436.9534912109375,1458.8931884765625,1419.7152099609375,1433.0357666015625,776903
2015-10-13,1432.5286865234375,1445.8031005859375,1406.0260009765625,1418.79345703125,597661
2015-10-14,1424.923583984375,1443.2220458984375,1413.031982421875,1436.446533203125,732494
2015-10-15,1447.278076171875,1464.7928466796875,1439.258056640625,1448.107666015625,867448
2015-10-16,1449.3521728515625,1473.08935546875,1440.3642578125,1467.0052490234375,993630
2015-10-19,1465.7147216796875,1485.9949951171875,1444.9735107421875,1451.65673828125,991363
2015-10-20,1456.496337890625,1460.1375732421875,1424.232177734375,1429.117919921875,710747
2015-10-21,1430.4085693359375,1445.3421630859375,1415.013916015625,1428.1038818359375,626490
2015-10-23,1438.0596923828125,1455.021484375,1431.9755859375,1447.23193359375,617300
2015-10-26,1451.88720703125,1503.5098876953125,1435.294189453125,1487.7926025390625,1120568
2015-10-27,1497.7945556640625,1511.806396484375,1461.5665283203125,1473.504150390625,1133738
2015-10-28,1477.6986083984375,1497.149169921875,1469.58642578125,1490.373779296875,782939
2015-10-29,1490.604248046875,1496.780517578125,1467.8349609375,1474.5643310546875,633164
2015-10-30,1482.3077392578125,1488.760498046875,1299.7847900390625,1379.89208984375,1999532
2015-11-02,1378.140625,1438.0596923828125,1359.8421630859375,1430.91552734375,1323867
2015-11-03,1430.68505859375,1442.4844970703125,1376.296875,1409.8516845703125,1038680
2015-11-04,1418.701171875,1431.60693359375,1398.4208984375,1407.9619140625,532609
2015-11-05,1413.1702880859375,1413.1702880859375,1378.4632568359375,1401.969970703125,669174
2015-11-06,1407.6392822265625,1418.4246826171875,1369.475341796875,1382.5654296875,558771
2015-11-09,1345.87646484375,1426.8594970703125,1333.7542724609375,1419.899658203125,662201
2015-11-10,1417.7794189453125,1433.1739501953125,1390.1243896484375,1417.2723388671875,946049
2015-11-13,1392.428955078125,1446.3101806640625,1318.7283935546875,1407.0400390625,2145851
2015-11-16,1412.15625,1431.0076904296875,1401.1864013671875,1411.188232421875,738776
2015-11-17,1412.2484130859375,1487.1011962890625,1410.40478515625,1478.1134033203125,1708337
2015-11-18,1476.638427734375,1509.824462890625,1458.801025390625,1465.4381103515625,1896138
2015-11-19,1473.08935546875,1490.4659423828125,1448.1998291015625,1481.5701904296875,1182949
2015-11-20,1485.3497314453125,1502.4036865234375,1475.9010009765625,1487.4239501953125,775383
2015-11-23,1492.7244873046875,1506.229248046875,1473.135498046875,1484.0592041015625,630653
2015-11-24,1506.736328125,1515.49365234375,1488.760498046875,1497.010986328125,988857
2015-11-26,1503.3255615234375,1503.3255615234375,1470.50830078125,1474.195556640625,536715
2015-11-27,1476.7767333984375,1492.4478759765625,1468.3419189453125,1477.6063232421875,512163
2015-11-30,1481.3858642578125,1545.4532470703125,1479.7265625,1529.9664306640625,1483833
2015-12-01,1534.8521728515625,1566.9320068359375,1533.7459716796875,1560.156494140625,1052177
2015-12-02,1604.0819091796875,1608.598876953125,1562.8759765625,1569.006103515625,1463910
2015-12-03,1570.7115478515625,1580.94384765625,1543.148681640625,1549.2327880859375,640081
2015-12-04,1541.1207275390625,1573.3848876953125,1532.1328125,1545.3150634765625,768800
2015-12-07,1556.9761962890625,1570.8037109375,1507.197265625,1521.1629638671875,894240
2015-12-08,1518.1669921875,1562.5072021484375,1495.397705078125,1510.9766845703125,1466345
2015-12-09,1509.0408935546875,1524.7120361328125,1428.8414306640625,1441.6549072265625,1323699
2015-12-10,1451.241943359375,1485.9949951171875,1421.4666748046875,1476.868896484375,1072976
2015-12-11,1485.0732421875,1493.3697509765625,1447.5545654296875,1457.648681640625,943314
2015-12-14,1449.5826416015625,1460.8289794921875,1424.232177734375,1437.6448974609375,769089
2015-12-15,1442.392333984375,1456.957275390625,1436.216064453125,1449.2138671875,555561
2015-12-16,1457.879150390625,1491.433837890625,1454.6527099609375,1463.0875244140625,680972
2015-12-17,1471.337890625,1513.6500244140625,1452.8551025390625,1500.9287109375,1006675
2015-12-18,1502.5880126953125,1525.49560546875,1493.646240234375,1500.32958984375,864348
2015-12-21,1506.275390625,1515.0328369140625,1491.5721435546875,1500.8826904296875,512138
2015-12-22,1506.5518798828125,1514.5718994140625,1475.0252685546875,1485.7646484375,520497
2015-12-23,1497.0570068359375,1505.353515625,1415.9356689453125,1451.011474609375,1622390
2015-12-24,1450.0435791015625,1465.16162109375,1432.5286865234375,1439.8111572265625,740360
2015-12-28,1437.137939453125,1455.39013671875,1433.6810302734375,1441.239990234375,363192
2015-12-29,1447.278076171875,1451.88720703125,1431.60693359375,1437.506591796875,355679
2015-12-30,1442.0697021484375,1444.6968994140625,1407.6392822265625,1414.2303466796875,546092
2015-12-31,1415.013916015625,1432.021728515625,1403.030029296875,1409.206298828125,536042
2016-01-01,1417.594970703125,1487.8387451171875,1411.188232421875,1478.389892578125,1126352
2016-01-04,1474.47216796875,1500.32958984375,1428.93359375,1455.021484375,1484165
2016-01-05,1461.1055908203125,1474.93310546875,1440.9173583984375,1456.2198486328125,1202306
2016-01-06,1460.1837158203125,1492.355712890625,1447.4163818359375,1453.3621826171875,1055321
2016-01-07,1444.6968994140625,1452.80908203125,1416.5810546875,1424.9697265625,802336
2016-01-08,1438.0596923828125,1472.1676025390625,1426.9976806640625,1459.58447265625,887916
2016-01-11,1437.8292236328125,1449.859130859375,1405.472900390625,1435.80126953125,711940
2016-01-12,1442.6689453125,1500.744384765625,1437.137939453125,1492.7705078125,1349326
2016-01-13,1509.9627685546875,1518.1209716796875,1412.340576171875,1448.84521484375,1802086
2016-01-14,1427.6890869140625,1446.356201171875,1369.014404296875,1396.485107421875,1045951
2016-01-15,1398.1444091796875,1400.0802001953125,1153.766357421875,1186.3992919921875,5426423
2016-01-18,1174.4154052734375,1185.0626220703125,1055.452880859375,1115.0032958984375,3983103
2016-01-19,1117.2618408203125,1147.6822509765625,1023.7418212890625,1116.8009033203125,3693867
2016-01-20,1078.5447998046875,1138.0030517578125,1066.0078125,1105.416259765625,2592625
2016-01-21,1122.7005615234375,1133.854736328125,1083.1539306640625,1096.566650390625,1819451
2016-01-22,1109.979248046875,1129.24560546875,1100.069580078125,1107.766845703125,1069272
2016-01-25,1117.6304931640625,1164.18310546875,1110.901123046875,1131.5963134765625,1673270
2016-01-27,1137.5421142578125,1147.6822509765625,1115.4180908203125,1125.097412109375,892815
2016-01-28,1124.636474609375,1178.8402099609375,1119.3359375,1155.8865966796875,2125058
2016-01-29,1143.165283203125,1196.0784912109375,1125.097412109375,1173.908447265625,1411147
2016-02-01,1181.7901611328125,1189.11865234375,1134.776611328125,1143.9488525390625,1034347
2016-02-02,1143.0731201171875,1157.7763671875,1113.7587890625,1118.460205078125,893854
2016-02-03,1106.1998291015625,1106.1998291015625,1027.9361572265625,1053.3787841796875,1312384
2016-02-04,1059.9237060546875,1062.8736572265625,913.582763671875,939.3941040039062,4580889
2016-02-05,934.7388305664062,972.3956909179688,891.228271484375,962.20947265625,3743775
2016-02-08,966.0811767578125,976.2213134765625,922.7550048828125,932.6646728515625,1563075
2016-02-09,912.6148071289062,938.518310546875,894.546875,910.49462890625,1756526
2016-02-10,909.8493041992188,921.1878662109375,857.443115234375,881.1342163085938,2318113
2016-02-11,871.13232421875,905.2401733398438,781.7606201171875,808.5398559570312,2608024
2016-02-12,760.5123291015625,769.730712890625,650.583740234375,702.529052734375,6800638
2016-02-15,724.5608520507812,759.5905151367188,658.4193115234375,698.74951171875,6367907
2016-02-16,705.2945556640625,750.8331298828125,673.3991088867188,731.3824462890625,7189433
2016-02-17,741.61474609375,750.0956420898438,721.7953491210938,734.332275390625,3412752
2016-02-18,746.8692016601562,771.5743408203125,714.4207153320312,729.907470703125,3151452
2016-02-19,726.3123168945312,751.8471069335938,704.3265991210938,742.4443969726562,2274930
2016-02-22,753.8751831054688,755.9492797851562,726.7732543945312,747.3301391601562,1630159
2016-02-23,748.8972778320312,748.8972778320312,719.3986206054688,726.9115600585938,1811227
2016-02-24,719.0298461914062,734.332275390625,702.529052734375,728.156005859375,2190731
2016-02-25,734.7010498046875,747.376220703125,720.3665161132812,724.60693359375,1617917
2016-02-26,732.8573608398438,739.2640991210938,708.5209350585938,720.2743530273438,1429887
2016-02-29,713.4066772460938,726.2201538085938,693.448974609375,700.7314453125,1504345
2016-03-01,704.09619140625,746.6848754882812,704.09619140625,738.8493041992188,2022697
2016-03-02,751.801025390625,829.2811279296875,748.5285034179688,812.5037231445312,5028228
2016-03-03,824.1188354492188,853.6174926757812,823.197021484375,845.50537109375,3382051
2016-03-04,852.6956787109375,857.3048095703125,821.3533325195312,839.743896484375,2012188
2016-03-08,842.5554809570312,895.8374633789062,826.2390747070312,890.4447631835938,3672587
2016-03-09,894.1781616210938,919.0215454101562,886.0199584960938,902.5668334960938,2731705
2016-03-10,908.0056762695312,918.42236328125,881.7794799804688,891.1821899414062,1691038
2016-03-11,894.1781616210938,902.3825073242188,877.5851440429688,895.883544921875,1222153
2016-03-14,896.9436645507812,933.5404663085938,889.06201171875,918.0536499023438,2588764
2016-03-15,919.6668701171875,930.2679443359375,897.2662963867188,901.5528564453125,1524754
2016-03-16,899.9857177734375,907.0838012695312,862.4671020507812,884.63720703125,2190851
2016-03-17,894.0859985351562,902.1981201171875,873.0681762695312,877.9539184570312,1864669
2016-03-18,876.1563110351562,876.5250854492188,840.8961791992188,861.9140014648438,2424830
2016-03-21,866.523193359375,880.3506469726562,855.461181640625,874.0822143554688,1302377
2016-03-22,875.7415161132812,896.4827270507812,874.3587646484375,883.1161499023438,1406919
2016-03-23,886.5269165039062,893.25634765625,878.7374267578125,882.4708862304688,903859
2016-03-28,877.5851440429688,888.1862182617188,863.7576904296875,867.3067016601562,723255
2016-03-29,862.8358154296875,881.2263793945312,821.3533325195312,873.4368896484375,2353795
2016-03-30,887.4487915039062,889.476806640625,868.1363525390625,879.8897705078125,1002764
2016-03-31,885.6973266601562,902.3825073242188,881.2725219726562,897.8193969726562,1349053
2016-04-01,901.5528564453125,912.5226440429688,891.4126586914062,900.95361328125,906208
2016-04-04,907.9595947265625,908.0056762695312,887.3104858398438,894.132080078125,656191
2016-04-05,890.4908447265625,898.787353515625,872.1463623046875,877.30859375,753061
2016-04-06,874.7274780273438,875.55712890625,857.443115234375,869.150390625,859266
2016-04-07,871.0862426757812,908.927490234375,869.2886962890625,878.0460815429688,1892958
2016-04-08,878.0460815429688,890.4908447265625,874.8196411132812,882.6552734375,691822
2016-04-11,887.0800170898438,896.9436645507812,876.663330078125,891.919677734375,666540
2016-04-12,894.0859985351562,954.7426147460938,890.5830078125,948.3819580078125,3424698
2016-04-13,964.2374877929688,973.9628295898438,945.8008422851562,952.2075805664062,1478114
2016-04-18,954.9269409179688,963.315673828125,921.9253540039062,954.235595703125,1029667
2016-04-20,958.429931640625,985.1630859375,956.908935546875,967.510009765625,1232077
2016-04-21,973.455810546875,985.4396362304688,929.2999877929688,941.652587890625,1027778
2016-04-22,938.4261474609375,954.9269409179688,927.6406860351562,943.4501342773438,925126
2016-04-25,943.4501342773438,950.1334228515625,923.5846557617188,929.1617431640625,759198
2016-04-26,929.1156616210938,959.6282958984375,925.5205078125,955.756591796875,1055987
2016-04-27,956.8167114257812,963.315673828125,944.8789672851562,948.4280395507812,656954
2016-04-28,951.3318481445312,953.9129638671875,915.5186157226562,919.8972778320312,777140
2016-04-29,920.8191528320312,933.263916015625,903.6730346679688,914.5045776367188,1107946
2016-05-02,914.8272094726562,946.6765747070312,913.582763671875,929.0695190429688,885664
2016-05-03,931.8350219726562,941.191650390625,909.8954467773438,916.6248168945312,732777
2016-05-04,917.0396118164062,925.7970581054688,890.8134765625,894.2703247070312,785622
2016-05-05,897.865478515625,908.0056762695312,886.803466796875,894.9156494140625,839885
2016-05-06,894.9156494140625,897.865478515625,858.2266845703125,864.2185668945312,1848559
2016-05-09,848.0864868164062,886.7573852539062,834.7199096679688,875.9258422851562,3093252
2016-05-10,879.2444458007812,897.865478515625,876.663330078125,883.8075561523438,1009504
2016-05-11,873.7134399414062,886.2042846679688,864.6795043945312,870.9940795898438,764007
2016-05-12,875.6032104492188,883.94580078125,868.3668212890625,873.1603393554688,486147
2016-05-13,872.5150756835938,877.9539184570312,854.4471435546875,860.4390869140625,629311
2016-05-16,863.7576904296875,874.8196411132812,852.7417602539062,862.328857421875,575197
2016-05-17,868.3668212890625,888.5089111328125,865.1865234375,874.6353149414062,936720
2016-05-18,876.0641479492188,884.9598388671875,868.044189453125,880.1201782226562,662328
2016-05-19,881.2725219726562,881.2725219726562,850.0223388671875,854.9541625976562,679494
2016-05-20,858.964111328125,871.13232421875,846.9342041015625,852.7417602539062,715995
2016-05-23,857.5813598632812,861.9140014648438,831.4935302734375,836.9783935546875,516268
2016-05-24,837.8541259765625,841.1266479492188,791.5320434570312,804.6220703125,1071984
2016-05-25,816.6058959960938,817.0668334960938,797.98486328125,811.674072265625,723961
2016-05-26,815.7301635742188,834.212890625,809.6460571289062,829.9724731445312,660498
2016-05-27,834.1668090820312,868.8277587890625,833.337158203125,854.2166748046875,768463
2016-05-30,861.2687377929688,871.13232421875,850.8519897460938,858.8719482421875,564645
2016-05-31,863.20458984375,865.4169921875,839.7899780273438,845.27490234375,509075
2016-06-01,848.0864868164062,868.689453125,846.381103515625,855.461181640625,575617
2016-06-02,858.1344604492188,863.7576904296875,850.575439453125,861.3609008789062,506808
2016-06-03,866.523193359375,881.6412353515625,844.7218017578125,850.6215209960938,971158
2016-06-06,857.212646484375,858.31884765625,838.9142456054688,851.6355590820312,413720
2016-06-07,855.6455078125,861.867919921875,844.399169921875,857.9962158203125,553407
2016-06-08,860.76171875,888.14013671875,850.9442138671875,882.609130859375,889836
2016-06-09,885.8816528320312,886.619140625,864.6795043945312,868.5512084960938,579830
2016-06-10,868.3668212890625,879.0139770507812,861.176513671875,865.1865234375,443649
2016-06-13,854.769775390625,856.6134643554688,838.8681640625,845.1827392578125,579247
2016-06-14,848.132568359375,857.1204833984375,840.7579345703125,847.9943237304688,418819
2016-06-15,852.2347412109375,862.6975708007812,848.593505859375,851.8660278320312,447968
2016-06-16,852.4191284179688,852.4191284179688,831.585693359375,836.1948852539062,657728
2016-06-17,842.5554809570312,843.75390625,812.5037231445312,815.22314453125,791123
2016-06-20,809.7843627929688,834.904296875,803.515869140625,825.6859741210938,904696
2016-06-21,830.9404296875,842.9242553710938,825.8703002929688,829.7420043945312,554019
2016-06-22,831.4935302734375,836.8401489257812,812.6420288085938,818.126953125,497549
2016-06-23,818.4956665039062,822.2290649414062,807.1571044921875,812.2733154296875,628581
2016-06-24,774.33984375,825.9625244140625,757.746826171875,819.41748046875,1117224
2016-06-27,813.0568237304688,835.1808471679688,813.0568237304688,828.1288452148438,921263
2016-06-28,832.2770385742188,842.5554809570312,829.6498413085938,838.453369140625,644166
2016-06-29,842.5554809570312,852.603515625,838.9142456054688,843.3390502929688,581351
2016-06-30,850.8519897460938,863.7115478515625,843.984375,860.8999633789062,1012794
2016-07-01,864.4951171875,875.7415161132812,857.6275024414062,863.849853515625,488396
2016-07-04,870.026123046875,883.0239868164062,863.8959350585938,877.6312866210938,591731
2016-07-05,878.5070190429688,896.4827270507812,876.1563110351562,881.6412353515625,728099
2016-07-07,882.839599609375,891.4126586914062,859.6094360351562,865.3247680664062,578688
2016-07-08,869.6574096679688,883.8997192382812,867.4910888671875,876.5711669921875,614267
2016-07-11,889.5689697265625,904.1800537109375,883.531005859375,897.4046020507812,731941
2016-07-12,903.3043212890625,904.7792358398438,881.2725219726562,885.2363891601562,571773
2016-07-13,889.3846435546875,896.9436645507812,871.59326171875,877.2164306640625,658090
2016-07-14,879.336669921875,883.1161499023438,868.8277587890625,874.8657836914062,407814
2016-07-15,877.5851440429688,882.2404174804688,861.9140014648438,865.6473999023438,303999
2016-07-18,870.026123046875,870.026123046875,840.2509155273438,852.0042724609375,391502
2016-07-19,849.93017578125,856.1986083984375,839.7899780273438,849.8840942382812,546588
2016-07-20,850.0684204101562,967.4639282226562,850.0684204101562,956.0331420898438,4500426
2016-07-21,996.5016479492188,1040.7957763671875,902.4746704101562,913.7210083007812,9113444
2016-07-22,910.7711791992188,933.7247924804688,893.25634765625,898.6490478515625,2481956
2016-07-25,900.6309814453125,920.8191528320312,895.0999755859375,904.272216796875,1349758
2016-07-26,905.9776000976562,912.2000122070312,884.9598388671875,888.2784423828125,765908
2016-07-27,885.8816528320312,936.12158203125,868.3668212890625,910.5867919921875,2287395
2016-07-28,916.7630615234375,933.2177734375,903.7651977539062,913.121826171875,1902196
2016-07-29,917.2239990234375,953.1754760742188,913.582763671875,929.7609252929688,2101368
2016-08-01,931.9733276367188,946.72265625,905.2401733398438,920.3121337890625,1169593
2016-08-02,921.8331298828125,937.0433959960938,903.396484375,908.7892456054688,934845
2016-08-03,906.1619873046875,955.9409790039062,886.803466796875,922.8010864257812,2668803
2016-08-04,931.9733276367188,946.5382690429688,921.280029296875,931.4202270507812,1338509
2016-08-05,938.7948608398438,945.8008422851562,922.84716796875,935.7989501953125,868790
2016-08-08,877.5851440429688,877.5851440429688,809.3234252929688,843.5234375,5087595
2016-08-09,842.5554809570312,853.2026977539062,834.443359375,837.4393310546875,1385186
2016-08-10,842.5554809570312,847.1185913085938,803.4697875976562,808.2172241210938,1384917
2016-08-11,811.2131958007812,821.8142700195312,791.8546752929688,799.5980834960938,1176200
2016-08-12,803.5619506835938,810.79833984375,740.6929321289062,747.2840576171875,3168525
2016-08-16,739.3101806640625,739.3101806640625,706.1242065429688,719.9055786132812,3159959
2016-08-17,718.0619506835938,746.6848754882812,712.71533203125,727.0498046875,2277488
2016-08-18,733.7791748046875,738.34228515625,725.5748901367188,728.9856567382812,921451
2016-08-19,732.6729736328125,748.2980346679688,729.1700439453125,734.9776000976562,1450690
2016-08-22,739.2640991210938,744.8411865234375,722.9937744140625,725.2522583007812,883474
2016-08-23,724.2843017578125,742.07568359375,719.1220703125,730.137939453125,1090451
2016-08-24,734.3783569335938,745.7630004882812,731.059814453125,740.4163818359375,1169105
2016-08-25,748.5285034179688,781.5301513671875,748.4363403320312,765.2136840820312,4050318
2016-08-26,770.6525268554688,773.694580078125,751.2940063476562,754.474365234375,919913
2016-08-29,754.9813842773438,767.3800048828125,741.3843383789062,755.9492797851562,1027091
2016-08-30,760.5123291015625,770.2838134765625,758.9452514648438,765.3519897460938,830306
2016-08-31,765.259765625,772.9570922851562,750.3721923828125,753.7368774414062,803370
2016-09-01,753.1376953125,764.0153198242188,739.3101806640625,745.9473876953125,732103
2016-09-02,749.4503784179688,759.959228515625,742.53662109375,753.0916137695312,786186
2016-09-06,753.1376953125,764.0153198242188,753.1376953125,757.0093994140625,486115
2016-09-07,759.2218017578125,774.0632934570312,753.3681640625,767.057373046875,1039058
2016-09-08,770.3759765625,814.347412109375,765.1215209960938,808.401611328125,2535810
2016-09-09,812.5037231445312,819.64794921875,784.4800415039062,789.59619140625,2038796
2016-09-12,773.4180297851562,779.870849609375,751.2940063476562,754.65869140625,1176730
2016-09-14,761.4342041015625,776.6444091796875,755.9031982421875,766.826904296875,1151836
2016-09-15,768.62451171875,783.2816162109375,767.0112915039062,772.2657470703125,799437
2016-09-16,779.2255859375,883.9918823242188,777.1053466796875,838.5455322265625,10531782
2016-09-19,845.3209838867188,858.31884765625,814.0247802734375,821.0307006835938,3494479
2016-09-20,824.0266723632812,860.53125,822.275146484375,840.1126708984375,3730918
2016-09-21,844.399169921875,855.461181640625,800.2894287109375,821.7681884765625,4027700
2016-09-22,835.4113159179688,840.61962890625,824.718017578125,828.3592529296875,1713054
2016-09-23,827.4374389648438,835.5956420898438,811.3053588867188,814.8544311523438,1071235
2016-09-26,816.2371826171875,855.461181640625,813.1490478515625,838.9142456054688,3167704
2016-09-27,840.4813842773438,856.3829956054688,830.4794921875,832.8762817382812,1820045
2016-09-28,834.0746459960938,842.0946044921875,830.5716552734375,833.8902587890625,1000694
2016-09-29,841.4492797851562,871.13232421875,788.1673583984375,796.3716430664062,5295063
2016-09-30,801.8565673828125,819.4635620117188,795.127197265625,809.692138671875,2362859
2016-10-03,820.33935546875,836.5175170898438,816.098876953125,825.9625244140625,1258708
2016-10-04,849.0083618164062,863.7576904296875,826.8843383789062,848.4552612304688,3875534
2016-10-05,850.2988891601562,852.6495971679688,838.8681640625,841.54150390625,972554
2016-10-06,845.73583984375,851.7738647460938,823.0126342773438,829.5115356445312,968948
2016-10-07,833.0606079101562,838.6837768554688,815.9606323242188,824.3493041992188,907319
2016-10-10,829.4193725585938,831.4935302734375,815.9606323242188,820.2010498046875,714289
2016-10-13,819.0487670898438,819.5097045898438,799.321533203125,806.83447265625,849876
2016-10-14,810.2913208007812,817.1589965820312,805.1751708984375,807.5258178710938,547775
2016-10-17,809.7843627929688,814.808349609375,790.05712890625,794.666259765625,682914
2016-10-18,799.1371459960938,810.7061767578125,798.7684326171875,804.4838256835938,680257
2016-10-19,808.6320190429688,828.72802734375,807.3875732421875,812.6420288085938,1055457
2016-10-20,818.1730346679688,820.4315185546875,808.0789184570312,810.8444213867188,585685
2016-10-21,813.9325561523438,816.6058959960938,802.9166870117188,807.8945922851562,432878
2016-10-24,811.2131958007812,828.6358032226562,804.5759887695312,815.868408203125,800935
2016-10-25,819.2792358398438,819.9705810546875,807.5258178710938,810.9366455078125,397711
2016-10-26,801.994873046875,812.7802734375,793.0991821289062,796.2333984375,463279
2016-10-27,794.435791015625,800.888671875,784.526123046875,786.508056640625,627877
2016-10-28,787.7986450195312,809.5538940429688,783.650390625,800.9347534179688,912198
2016-11-01,805.6361083984375,822.736083984375,803.8845825195312,811.2131958007812,1151473
2016-11-02,802.17919921875,802.17919921875,779.6864624023438,782.4519653320312,755147
2016-11-03,782.4519653320312,795.0811157226562,767.8870239257812,770.1915893554688,660198
2016-11-04,768.808837890625,768.808837890625,730.0918579101562,735.2080078125,1313244
2016-11-07,746.6848754882812,759.1295776367188,743.642822265625,748.0215454101562,603575
2016-11-08,751.2940063476562,755.9031982421875,728.3403930664062,741.7069702148438,852620
2016-11-09,667.5454711914062,742.07568359375,634.3594970703125,728.3403930664062,1863103
2016-11-10,748.5285034179688,758.207763671875,742.4905395507812,750.23388671875,732064
2016-11-11,719.0298461914062,738.2039794921875,707.5530395507812,722.8093872070312,1316947
2016-11-15,733.68701171875,733.68701171875,689.6234130859375,700.777587890625,715944
2016-11-16,717.8314819335938,719.0298461914062,679.344970703125,683.2166137695312,826853
2016-11-17,682.1565551757812,686.39697265625,666.7158203125,670.495361328125,724431
2016-11-18,673.8600463867188,683.539306640625,668.3290405273438,673.6295776367188,648814
2016-11-21,681.2346801757812,682.0182495117188,635.3734741210938,638.5999145507812,911121
2016-11-22,644.2691650390625,648.0487060546875,629.6581420898438,635.327392578125,851558
2016-11-23,615.3236083984375,632.1010131835938,605.6444091796875,621.5921020507812,2051178
2016-11-24,619.4718627929688,632.8384399414062,611.682373046875,619.5179443359375,1532073
2016-11-25,622.283447265625,628.1370849609375,615.9689331054688,621.9608154296875,1652965
2016-11-28,622.32958984375,639.6600341796875,622.32958984375,631.1791381835938,1154578
2016-11-29,634.8665161132812,654.2249755859375,634.22119140625,640.3513793945312,1520547
2016-11-30,644.7301025390625,651.6438598632812,643.3473510742188,646.4815673828125,672256
2016-12-01,649.8923950195312,664.6417236328125,645.3753662109375,649.3392944335938,1351050
2016-12-02,648.4174194335938,654.5015258789062,636.0648803710938,638.9686279296875,740726
2016-12-05,641.7802734375,645.1910400390625,626.938720703125,634.1290283203125,736225
2016-12-06,635.14306640625,645.8823852539062,635.14306640625,639.6139526367188,611201
2016-12-07,644.2691650390625,644.2691650390625,628.7824096679688,631.8705444335938,582968
2016-12-08,636.0648803710938,641.4114990234375,632.7923583984375,638.41552734375,436714
2016-12-09,639.752197265625,644.9144897460938,634.8203735351562,638.0928955078125,464842
2016-12-12,637.9085693359375,641.5958862304688,631.6400756835938,634.22119140625,491669
2016-12-13,635.14306640625,640.5818481445312,634.22119140625,636.1570434570312,337165
2016-12-14,654.4554443359375,666.0244750976562,642.5177001953125,645.8363037109375,2689187
2016-12-15,639.752197265625,648.7401123046875,636.5258178710938,639.1990966796875,658713
2016-12-16,641.5958862304688,642.425537109375,626.938720703125,631.0408935546875,601402
2016-12-19,632.7462768554688,636.9866943359375,627.7683715820312,629.381591796875,427996
2016-12-20,644.2691650390625,648.7401123046875,624.3115234375,629.8886108398438,1308033
2016-12-21,632.9306640625,634.5899658203125,613.9408569335938,616.7525024414062,737231
2016-12-22,613.01904296875,616.7063598632812,604.0772705078125,610.5300903320312,765249
2016-12-23,611.1753540039062,619.88671875,605.4139404296875,610.161376953125,674328
2016-12-26,608.2716064453125,608.3176879882812,582.5985717773438,586.4702758789062,733465
2016-12-27,584.4421997070312,594.5823974609375,578.1737670898438,590.5263061523438,654832
2016-12-28,590.3419799804688,603.8007202148438,589.8810424804688,595.7346801757812,708334
2016-12-29,596.426025390625,601.95703125,591.4481811523438,597.7166137695312,632731
2016-12-30,601.0352172851562,619.4718627929688,601.0352172851562,606.3357543945312,1823079
2017-01-02,609.28564453125,618.550048828125,606.6123046875,614.3096313476562,628229
2017-01-03,616.6141967773438,625.7403564453125,611.2214965820312,614.2635498046875,885016
2017-01-04,599.1915283203125,618.550048828125,590.5723876953125,613.5721435546875,1675869
2017-01-05,614.8627319335938,623.6201171875,611.0831909179688,620.8085327148438,767370
2017-01-06,647.1268920898438,671.0023803710938,643.4395141601562,655.3311767578125,7040653
2017-01-09,655.3772583007812,658.0966796875,637.0327758789062,643.9004516601562,1247424
2017-01-10,647.1268920898438,652.4735107421875,640.7201538085938,644.7301025390625,827803
2017-01-11,651.7360229492188,652.6578979492188,639.752197265625,642.3794555664062,993332
2017-01-12,634.1290283203125,637.35546875,626.9848022460938,632.5158081054688,1019304
2017-01-13,635.0508422851562,645.0988159179688,633.345458984375,641.2271728515625,806700
2017-01-16,638.8303833007812,639.6600341796875,631.9166259765625,634.4977416992188,413225
2017-01-17,636.9406127929688,640.213134765625,625.9708251953125,630.1651611328125,630476
2017-01-18,632.2853393554688,642.425537109375,630.3494873046875,636.9406127929688,602057
2017-01-19,639.752197265625,640.1670532226562,628.7824096679688,631.7783813476562,345268
2017-01-20,631.4556884765625,637.4476318359375,622.2373657226562,623.7584228515625,583909
2017-01-23,622.2373657226562,622.2373657226562,604.7225341796875,618.319580078125,432973
2017-01-24,621.4537963867188,633.9907836914062,618.0430297851562,629.1050415039062,677761
2017-01-25,608.409912109375,619.42578125,605.8748168945312,609.7926025390625,1522508
2017-01-27,612.7424926757812,620.1632690429688,610.2535400390625,616.2454833984375,757413
2017-01-30,615.7845458984375,623.1592407226562,609.6543579101562,611.9589233398438,514899
2017-01-31,612.4659423828125,614.816650390625,594.7667236328125,596.7947998046875,704903
2017-02-01,596.7947998046875,597.117431640625,584.6726684570312,591.4481811523438,651931
2017-02-02,590.7567749023438,618.9187622070312,589.6505737304688,613.1112060546875,1401014
2017-02-03,615.7845458984375,645.2371215820312,614.2174072265625,632.8384399414062,1848975
2017-02-06,638.8303833007812,673.8600463867188,634.22119140625,658.6497802734375,4341177
2017-02-07,662.7980346679688,668.2368774414062,644.5918579101562,648.18701171875,1425741
2017-02-08,647.1268920898438,650.5376586914062,630.5338745117188,635.1891479492188,1042390
2017-02-09,637.8163452148438,644.3153076171875,622.2373657226562,631.824462890625,849497
2017-02-10,634.7282104492188,640.674072265625,625.0028686523438,633.2532958984375,775716
2017-02-13,636.0648803710938,637.4015502929688,614.4478759765625,619.1031494140625,888653
2017-02-14,617.8125610351562,624.956787109375,616.107177734375,618.5039672851562,594486
2017-02-15,616.337646484375,619.9788818359375,604.8147583007812,607.948974609375,635769
2017-02-16,610.4379272460938,634.9586791992188,608.7786254882812,630.6721801757812,1065893
2017-02-17,635.6039428710938,658.0045166015625,631.2252807617188,645.3292846679688,2570449
2017-02-20,648.2330932617188,666.4853515625,645.3753662109375,659.1107177734375,1788572
2017-02-21,659.9864501953125,671.83203125,648.9705200195312,664.1347045898438,1435475
2017-02-22,667.4993896484375,667.4993896484375,642.5177001953125,655.7460327148438,1244907
2017-02-23,655.4234008789062,666.2088012695312,647.1268920898438,649.5236206054688,1012776
2017-02-27,652.6117553710938,713.0379638671875,649.8923950195312,701.1002197265625,6613630
2017-02-28,702.298583984375,710.7333374023438,687.91796875,693.4950561523438,2701391
2017-03-01,696.998046875,709.8115234375,687.2266235351562,691.3748779296875,1631306
2017-03-02,660.954345703125,672.016357421875,646.2050170898438,657.8662109375,5776329
2017-03-03,656.5296020507812,668.69775390625,650.814208984375,664.50341796875,1495382
2017-03-06,664.6417236328125,691.3748779296875,658.4654541015625,679.6215209960938,2496811
2017-03-07,682.617431640625,694.5090942382812,669.6657104492188,679.759765625,1543105
2017-03-08,662.521484375,691.3287963867188,655.4234008789062,681.2346801757812,4109586
2017-03-09,679.2066650390625,688.5632934570312,669.6657104492188,673.9522094726562,1488603
2017-03-10,680.7738037109375,683.9080200195312,666.7158203125,669.573486328125,862267
2017-03-14,686.7656860351562,686.7656860351562,670.495361328125,673.5374145507812,1371337
2017-03-15,676.5333251953125,683.4931640625,674.920166015625,677.7317504882812,659297
2017-03-16,683.078369140625,700.086181640625,679.8519287109375,687.964111328125,1744566
2017-03-17,694.140380859375,699.3948364257812,678.8379516601562,685.1063842773438,1080105
2017-03-20,685.1063842773438,693.5411987304688,683.078369140625,688.0562744140625,797567
2017-03-21,691.1444091796875,691.1904907226562,665.1026000976562,670.264892578125,1062113
2017-03-22,672.938232421875,688.609375,669.2508544921875,673.7217407226562,1701997
2017-03-23,676.9942626953125,683.9541015625,667.4072265625,670.3570556640625,810686
2017-03-24,673.8600463867188,676.6255493164062,660.0325317382812,662.6597900390625,879768
2017-03-27,664.319091796875,669.2508544921875,657.3592529296875,661.876220703125,683251
2017-03-28,665.19482421875,677.54736328125,663.7198486328125,675.1967163085938,1137902
2017-03-29,682.0182495117188,684.829833984375,666.0244750976562,668.3751220703125,912269
2017-03-30,670.9562377929688,677.0403442382812,667.9603271484375,669.7117919921875,1347902
2017-03-31,672.016357421875,674.228759765625,660.954345703125,663.0285034179688,555037
2017-04-03,666.9462890625,713.4527587890625,664.6417236328125,705.84765625,4903055
2017-04-05,710.8255615234375,723.1781005859375,701.1002197265625,706.8616943359375,1881710
2017-04-06,706.1242065429688,713.4988403320312,694.1864624023438,703.7274169921875,767009
2017-04-07,699.67138671875,727.0037231445312,696.1683959960938,703.2665405273438,2266804
2017-04-10,707.0460205078125,712.5770263671875,700.1783447265625,703.63525390625,588693
2017-04-11,704.4649047851562,718.015869140625,702.4368896484375,713.4527587890625,998062
2017-04-12,712.02392578125,715.2503662109375,696.998046875,706.723388671875,663861
2017-04-13,710.7333374023438,715.4346923828125,700.9619140625,702.94384765625,661759
2017-04-17,703.3587036132812,707.4608764648438,691.3748779296875,693.3568115234375,563209
2017-04-18,695.9840087890625,707.5530395507812,685.4751586914062,688.4249877929688,580229
2017-04-19,689.6234130859375,695.0621948242188,683.308837890625,686.5352172851562,413091
2017-04-20,689.8999633789062,694.6012573242188,682.5713500976562,687.8718872070312,400562
2017-04-21,691.3748779296875,692.2966918945312,677.54736328125,682.3408813476562,501169
2017-04-24,684.9220581054688,684.9681396484375,670.1727294921875,675.1967163085938,480325
2017-04-25,677.54736328125,684.4611206054688,674.7818603515625,677.8699951171875,492948
2017-04-26,678.4691772460938,684.0001831054688,664.6878051757812,668.1907348632812,626665
2017-04-27,670.1727294921875,678.6074829101562,655.4234008789062,659.9864501953125,784709
2017-04-28,660.77001953125,668.052490234375,654.8241577148438,662.7058715820312,525642
2017-05-02,663.7198486328125,670.8640747070312,652.6578979492188,655.1929321289062,503120
2017-05-03,656.34521484375,661.8301391601562,649.8923950195312,652.0586547851562,463936
2017-05-04,655.239013671875,670.5414428710938,647.1268920898438,658.4193115234375,1020959
2017-05-05,636.0648803710938,642.9325561523438,625.9246826171875,630.48779296875,1785945
2017-05-08,631.4556884765625,635.14306640625,619.65625,624.6802368164062,683679
2017-05-09,627.6762084960938,631.2713623046875,620.9006958007812,625.0028686523438,425411
2017-05-10,625.7403564453125,633.2993774414062,624.956787109375,627.0770263671875,625733
2017-05-11,630.25732421875,639.9365844726562,627.9066772460938,631.0408935546875,617211
2017-05-12,633.2993774414062,634.036865234375,616.1994018554688,621.9608154296875,458409
2017-05-15,625.0028686523438,627.0308837890625,618.3656616210938,623.8966674804688,305164
2017-05-16,626.6621704101562,634.22119140625,621.3155517578125,626.6621704101562,418723
2017-05-17,627.2152709960938,630.5338745117188,621.7303466796875,625.60205078125,293967
2017-05-18,617.6282348632812,624.0810546875,613.2955932617188,615.1392822265625,333656
2017-05-19,615.1853637695312,621.5460205078125,604.7225341796875,606.3818359375,396515
2017-05-22,607.948974609375,610.9910278320312,587.6686401367188,590.7567749023438,401216
2017-05-23,590.710693359375,592.692626953125,560.1058349609375,567.1578369140625,766733
2017-05-24,567.8492431640625,571.029541015625,534.7554321289062,537.9357299804688,967956
2017-05-25,535.4006958007812,535.5850830078125,513.9680786132812,529.7775268554688,991530
2017-05-26,534.4788818359375,548.3985595703125,528.8556518554688,539.1802368164062,830575
2017-05-29,542.0379028320312,587.3460083007812,518.6233520507812,557.2481689453125,3192613
2017-05-30,557.5247192382812,575.915283203125,555.0357666015625,565.5446166992188,1194469
2017-05-31,567.8492431640625,582.0454711914062,565.1759033203125,571.3521728515625,1040711
2017-06-01,573.3802490234375,586.285888671875,570.9373779296875,576.1918334960938,768867
2017-06-02,581.8150024414062,583.4743041992188,573.472412109375,578.4042358398438,507616
2017-06-05,577.9893798828125,584.9031372070312,573.5645751953125,578.3580932617188,441950
2017-06-06,578.9111938476562,581.1697387695312,560.658935546875,566.42041015625,623353
2017-06-07,566.9273681640625,583.2899169921875,566.2821044921875,573.88720703125,726411
2017-06-08,575.9613647460938,596.1956176757812,572.6888427734375,586.1015014648438,1863025
2017-06-09,586.1015014648438,593.6605834960938,581.3540649414062,585.5023193359375,726731
2017-06-12,588.1295776367188,593.568359375,578.2659301757812,581.400146484375,650124
2017-06-13,585.3640747070312,588.5904541015625,576.2839965820312,579.3260498046875,383106
2017-06-14,579.8330688476562,580.9853515625,572.4583740234375,576.4683837890625,405388
2017-06-15,581.6766967773438,601.6804809570312,580.4783325195312,586.93115234375,1846646
2017-06-16,591.4481811523438,597.8087768554688,579.6947631835938,583.19775390625,869493
2017-06-19,587.2077026367188,587.2077026367188,540.1942138671875,543.881591796875,3558537
2017-06-20,543.881591796875,548.8594360351562,534.7554321289062,536.783447265625,1275032
2017-06-21,535.5850830078125,543.6972045898438,531.1602783203125,533.7413940429688,784242
2017-06-22,534.6171264648438,541.1160888671875,511.6174011230469,514.7516479492188,1995848
2017-06-23,522.6793823242188,531.897705078125,514.70556640625,522.17236328125,2794848
2017-06-27,525.9058227539062,546.5548706054688,522.1262817382812,540.516845703125,2518428
2017-06-28,541.1160888671875,546.4627075195312,534.0640258789062,541.8074340820312,1353137
2017-06-29,545.7252197265625,562.3182373046875,542.4526977539062,559.4605712890625,2235091
2017-06-30,560.013671875,566.6508178710938,551.3023071289062,556.87939453125,1029406
2017-07-03,559.552734375,562.7791137695312,553.330322265625,558.0778198242188,718991
2017-07-04,566.9273681640625,567.8492431640625,547.4766845703125,551.348388671875,767079
2017-07-05,549.4125366210938,552.9616088867188,537.4747924804688,549.4586791992188,1421179
2017-07-06,551.2562255859375,564.0236206054688,550.7952880859375,552.91552734375,1176645
2017-07-07,553.0999145507812,561.8572998046875,551.2562255859375,554.2061157226562,798240
2017-07-10,558.9996337890625,584.4421997070312,558.5847778320312,563.5166015625,179169
2017-07-11,567.8492431640625,571.0756225585938,558.6309204101562,560.5206298828125,603965
2017-07-12,563.101806640625,566.6508178710938,558.7230834960938,563.6549072265625,437630
2017-07-13,564.161865234375,571.5365600585938,562.9635009765625,565.9133911132812,733537
2017-07-14,566.9273681640625,573.7950439453125,563.2400512695312,570.38427734375,795508
2017-07-17,573.1036987304688,574.2098999023438,565.5446166992188,570.5225219726562,440803
2017-07-18,567.1117553710938,584.4421997070312,566.2360229492188,576.4683837890625,902359
2017-07-19,579.5565185546875,599.1915283203125,579.0955810546875,594.3058471679688,968856
2017-07-20,598.0853271484375,604.9990844726562,586.1015014648438,590.480224609375,872650
2017-07-21,594.029296875,594.029296875,579.5104370117188,583.1055908203125,521373
2017-07-24,582.5985717773438,589.8810424804688,580.3861694335938,587.7147216796875,411911
2017-07-25,587.5764770507812,592.27783203125,581.7228393554688,585.8710327148438,370927
2017-07-26,573.4263305664062,584.1656494140625,569.0015258789062,572.8732299804688,794148
2017-07-27,574.3020629882812,578.54248046875,566.9273681640625,569.8311767578125,500578
2017-07-28,566.604736328125,574.0255126953125,558.907470703125,569.46240234375,483012
2017-07-31,573.8411254882812,574.3020629882812,557.8934326171875,559.552734375,298458
2017-08-01,560.1519165039062,566.2821044921875,552.3624267578125,555.5888671875,396193
2017-08-02,550.3344116210938,552.91552734375,532.819580078125,540.10205078125,3829348
2017-08-03,535.5850830078125,556.7872314453125,535.5850830078125,547.7071533203125,1656119
2017-08-04,544.8494873046875,554.9435424804688,534.4788818359375,552.8694458007812,677394
2017-08-07,552.3624267578125,565.1759033203125,548.6751098632812,552.7772216796875,439068
2017-08-08,556.1419677734375,556.87939453125,541.438720703125,545.9556884765625,346371
2017-08-09,545.633056640625,546.1861572265625,534.8475952148438,539.0880126953125,400644
2017-08-10,536.783447265625,546.6470336914062,511.3408508300781,517.332763671875,676046
2017-08-11,509.77374267578125,518.5772705078125,495.669677734375,512.2166137695312,688717
2017-08-14,519.9138793945312,524.5230712890625,516.2265625,520.5592041015625,320727
2017-08-16,520.8357543945312,529.915771484375,516.45703125,525.3988037109375,351969
2017-08-17,527.28857421875,533.6492309570312,519.2225341796875,522.4950561523438,357512
2017-08-18,519.9600219726562,521.757568359375,503.7818298339844,510.05029296875,575431
2017-08-21,509.77374267578125,513.4610595703125,490.1847839355469,495.9923400878906,476827
2017-08-22,497.5594482421875,509.31280517578125,489.1707763671875,500.8319396972656,790888
2017-08-23,503.3208923339844,517.5171508789062,502.4451599121094,515.120361328125,521107
2017-08-24,515.3047485351562,577.6206665039062,511.8939514160156,560.7050170898438,4172615
2017-08-28,558.861328125,569.69287109375,555.1279296875,560.3823852539062,1120336
2017-08-29,554.8974609375,570.61474609375,550.3344116210938,554.4365234375,1369661
2017-08-30,558.6309204101562,573.2880249023438,556.64892578125,563.6549072265625,1145354
2017-08-31,564.622802734375,566.374267578125,547.7071533203125,553.5147094726562,1110314
2017-09-01,556.3262939453125,569.508544921875,554.9435424804688,561.7190551757812,727321
2017-09-04,561.3963623046875,588.037353515625,558.7230834960938,573.5184936523438,2550148
2017-09-05,579.8330688476562,587.8991088867188,573.9794311523438,575.9613647460938,959795
2017-09-06,572.4583740234375,573.3802490234375,560.013671875,564.7149658203125,681498
2017-09-07,566.9273681640625,576.145751953125,563.2861328125,565.4063720703125,531536
2017-09-08,567.1117553710938,572.781005859375,557.0177001953125,559.1840209960938,482244
2017-09-11,562.3182373046875,564.622802734375,554.8974609375,555.3583984375,422194
2017-09-12,558.8152465820312,575.03955078125,555.4966430664062,569.6467895507812,984904
2017-09-13,571.1678466796875,622.6522216796875,566.0055541992188,593.6144409179688,8917576
2017-09-14,597.347900390625,607.3958740234375,580.7548828125,591.0333251953125,3291055
2017-09-15,589.6966552734375,599.6524658203125,582.5985717773438,585.8710327148438,1193221
2017-09-18,591.0333251953125,596.426025390625,576.5144653320312,587.5764770507812,1226451
2017-09-19,589.0513916015625,601.8648681640625,588.1295776367188,595.1815795898438,1374394
2017-09-20,594.8589477539062,597.4861450195312,581.861083984375,583.7047729492188,921445
2017-09-21,584.8109741210938,614.586181640625,584.8109741210938,604.0772705078125,3717110
2017-09-22,601.772705078125,607.3958740234375,557.80126953125,565.6829223632812,2131785
2017-09-25,563.8853149414062,584.4421997070312,549.18212890625,561.53466796875,2345302
2017-09-26,564.0236206054688,597.8549194335938,562.640869140625,586.2398071289062,2101795
2017-09-27,588.1295776367188,589.7888793945312,548.49072265625,553.1920776367188,1413141
2017-09-28,556.003662109375,570.61474609375,554.6669921875,559.6909790039062,1126430
2017-09-29,564.5306396484375,579.5565185546875,560.4745483398438,567.2039184570312,1200089
2017-10-03,571.5365600585938,576.099609375,558.6309204101562,561.4425048828125,600595
2017-10-04,562.3182373046875,583.8890991210938,561.76513671875,573.6106567382812,1517567
2017-10-05,576.6066284179688,595.31982421875,576.6066284179688,580.2939453125,2505312
2017-10-06,584.3961181640625,589.9732055664062,576.3761596679688,585.2257690429688,1052705
2017-10-09,583.8890991210938,594.5823974609375,578.9573364257812,588.959228515625,889796
2017-10-10,589.9732055664062,599.1915283203125,582.6907348632812,586.6546020507812,781461
2017-10-11,591.5403442382812,597.2556762695312,572.5966796875,576.8831787109375,916599
2017-10-12,582.091552734375,586.7929077148438,577.9893798828125,582.322021484375,639820
2017-10-13,582.322021484375,590.8950805664062,579.0494995117188,581.1697387695312,558700
2017-10-16,582.5985717773438,591.4020385742188,580.7548828125,584.534423828125,720786
2017-10-17,585.2718505859375,588.1295776367188,580.9853515625,585.3179931640625,437498
2017-10-18,586.285888671875,587.5764770507812,571.0756225585938,575.8230590820312,477259
2017-10-19,577.2980346679688,578.6807861328125,558.7230834960938,566.42041015625,175057
2017-10-23,571.1678466796875,575.4082641601562,564.9915161132812,570.568603515625,506436
2017-10-24,571.3982543945312,579.648681640625,570.1077270507812,573.702880859375,431293
2017-10-25,580.7548828125,598.1775512695312,576.791015625,584.4421997070312,1478789
2017-10-26,584.4421997070312,587.9451904296875,575.223876953125,577.1597290039062,603730
2017-10-27,580.0173950195312,621.3155517578125,579.0494995117188,611.037109375,3333141
2017-10-30,615.7384643554688,629.151123046875,592.7847900390625,596.3338623046875,3887870
2017-10-31,600.0673217773438,605.506103515625,591.6325073242188,596.426025390625,1444401
2017-11-01,600.20556640625,611.912841796875,598.2697143554688,599.2837524414062,1051899
2017-11-02,603.0171508789062,623.6201171875,603.0171508789062,618.1351928710938,2606500
2017-11-03,621.3155517578125,631.4556884765625,613.24951171875,622.9287719726562,2249807
2017-11-06,622.0530395507812,670.6336059570312,619.9328002929688,667.4993896484375,5394612
2017-11-07,671.3250122070312,677.08642578125,629.9807739257812,639.982666015625,3542279
2017-11-08,642.5177001953125,665.0104370117188,640.3052978515625,657.0365600585938,1894877
2017-11-09,665.5635375976562,665.6557006835938,631.4556884765625,645.1910400390625,1398119
2017-11-10,645.283203125,655.5155639648438,634.22119140625,646.0667724609375,1080255
2017-11-13,648.0487060546875,681.4651489257812,641.0888671875,667.9603271484375,2106474
2017-11-14,671.2789306640625,685.4751586914062,643.4395141601562,666.3931884765625,1494088
2017-11-15,658.6497802734375,669.2508544921875,633.4376831054688,639.2451782226562,1084026
2017-11-16,643.53173828125,649.4314575195312,634.6360473632812,640.5357666015625,749754
2017-11-17,643.946533203125,661.7839965820312,643.946533203125,655.7460327148438,975202
2017-11-20,656.6678466796875,665.2869873046875,652.2430419921875,659.9403686523438,646338
2017-11-21,662.3370971679688,694.6012573242188,660.4934692382812,683.1244506835938,3045761
2017-11-22,683.9541015625,685.8438720703125,660.954345703125,663.8120727539062,1179453
2017-11-23,665.379150390625,671.6015625,654.6859130859375,661.0465698242188,861008
2017-11-24,660.954345703125,667.8681030273438,650.7220458984375,654.1788940429688,658661
2017-11-27,652.1047973632812,661.00048828125,649.9384765625,656.57568359375,571524
2017-11-28,657.2670288085938,668.92822265625,622.2373657226562,651.1368408203125,1220412
2017-11-29,651.275146484375,662.1527709960938,651.275146484375,658.7420043945312,625589
2017-11-30,658.1889038085938,669.4813232421875,650.814208984375,663.8120727539062,796606
2017-12-01,668.3290405273438,678.4691772460938,641.5958862304688,647.9104614257812,1373902
2017-12-04,653.7640991210938,653.7640991210938,637.35546875,642.3333740234375,597546
2017-12-05,636.8023681640625,642.425537109375,626.8465576171875,635.096923828125,687817
2017-12-06,630.71826171875,641.0888671875,627.0770263671875,630.8565063476562,524766
2017-12-07,633.8985595703125,639.3834838867188,627.8605346679688,636.43359375,565062
2017-12-08,639.752197265625,657.681884765625,637.9085693359375,649.1549072265625,1075645
2017-12-11,649.9384765625,701.4689331054688,649.2009887695312,694.78564453125,3786782
2017-12-12,695.9840087890625,700.5932006835938,683.078369140625,685.290771484375,1729103
2017-12-13,679.6215209960938,689.1163940429688,659.7098999023438,664.7799682617188,1209006
2017-12-14,667.4072265625,706.1242065429688,667.361083984375,702.8516845703125,4422479
2017-12-15,708.8897094726562,725.2061157226562,705.2484741210938,712.48486328125,3088570
2017-12-18,704.280517578125,717.1862182617188,680.1284790039062,698.334716796875,1291842
2017-12-19,703.5891723632812,734.2401123046875,700.7314453125,727.0958862304688,2307494
2017-12-20,724.5608520507812,746.5926513671875,724.5147705078125,739.3101806640625,2392383
2017-12-21,749.7269287109375,831.4473876953125,746.6848754882812,824.30322265625,12168583
2017-12-22,830.3411865234375,834.6277465820312,799.2293701171875,805.5899658203125,3973903
2017-12-26,810.0147705078125,815.3153076171875,793.6983642578125,800.9347534179688,1423957
2017-12-27,801.994873046875,863.6654663085938,800.1051025390625,823.2431030273438,7472446
2017-12-28,812.135009765625,851.7738647460938,807.6180419921875,840.4813842773438,4816954
2017-12-29,847.5333862304688,879.3827514648438,843.984375,858.54931640625,3613075
2018-01-01,859.1484985351562,871.59326171875,849.0083618164062,852.3269653320312,1522323
2018-01-02,858.964111328125,863.1123657226562,826.8843383789062,832.69189453125,1761560
2018-01-03,837.6697998046875,866.523193359375,832.8762817382812,860.76171875,1904344
2018-01-04,866.523193359375,868.044189453125,849.46923828125,854.2627563476562,1379646
2018-01-05,855.461181640625,869.4730224609375,855.461181640625,863.7576904296875,1352388
2018-01-08,857.3048095703125,932.8951416015625,857.3048095703125,915.2420654296875,5849578
2018-01-09,910.8633422851562,910.8633422851562,881.2725219726562,885.8355712890625,2094408
2018-01-10,885.8816528320312,910.49462890625,881.8717041015625,888.60107421875,1889366
2018-01-11,892.33447265625,902.4746704101562,875.7415161132812,880.8115844726562,1319622
2018-01-12,888.5549926757812,895.0078125,866.523193359375,874.8657836914062,1188054
2018-01-15,882.7474365234375,882.7474365234375,860.53125,865.4630737304688,984504
2018-01-16,866.523193359375,870.256591796875,825.9625244140625,833.1989135742188,1163950
2018-01-17,829.6498413085938,866.523193359375,784.295654296875,858.7337036132812,2965406
2018-01-18,870.8557739257812,902.2442016601562,827.391357421875,841.8641357421875,3823850
2018-01-19,838.8681640625,856.751708984375,816.9285278320312,833.7520141601562,2202688
2018-01-22,837.0706176757812,849.8380126953125,823.38134765625,845.4132080078125,1331840
2018-01-23,849.6075439453125,880.3506469726562,841.9102172851562,863.9420166015625,1952224
2018-01-24,856.3829956054688,878.0,844.0304565429688,852.6495971679688,2112457
2018-01-25,853.5253295898438,864.3568725585938,837.0245361328125,839.7899780273438,1183437
2018-01-29,847.7638549804688,856.3829956054688,829.6498413085938,838.0385131835938,1615008
2018-01-30,828.26708984375,828.5436401367188,754.243896484375,760.6967163085938,4999763
2018-01-31,747.606689453125,763.27783203125,735.6228637695312,741.9374389648438,3617623
2018-02-01,750.8331298828125,750.8331298828125,709.8576049804688,719.306396484375,2355270
2018-02-02,711.1942749023438,729.5848388671875,670.6336059570312,676.9481811523438,4010359
2018-02-05,652.6578979492188,702.7134399414062,652.6578979492188,686.9500732421875,2661777
2018-02-06,645.283203125,689.5772705078125,638.8303833007812,678.5153198242188,2941537
2018-02-07,700.5932006835938,720.7813720703125,691.3748779296875,708.705322265625,2252620
2018-02-08,708.6131591796875,733.7330932617188,702.7134399414062,729.6770629882812,1864175
2018-02-09,710.1341552734375,750.7869873046875,708.1522216796875,745.0716552734375,2168207
2018-02-12,749.9112548828125,767.4260864257812,746.6848754882812,751.0174560546875,1927106
2018-02-14,755.6266479492188,774.80078125,751.2940063476562,760.3740844726562,1852148
2018-02-15,766.0894165039062,772.0813598632812,721.3805541992188,728.4325561523438,1846609
2018-02-16,733.7791748046875,744.6107177734375,724.83740234375,728.386474609375,1371074
2018-02-19,731.7511596679688,735.8533325195312,703.5891723632812,714.6050415039062,1298458
2018-02-20,713.4988403320312,719.767333984375,691.3748779296875,702.529052734375,1550213
2018-02-21,708.8897094726562,713.6832275390625,688.609375,698.9338989257812,1201323
2018-02-22,698.5191040039062,711.0098876953125,691.05224609375,702.6212158203125,1565479
2018-02-23,707.184326171875,732.3042602539062,707.184326171875,723.9155883789062,2080911
2018-02-26,727.5568237304688,733.7330932617188,721.8414306640625,724.7452392578125,863561
2018-02-27,728.2481689453125,748.0215454101562,725.482666015625,735.1619262695312,1810354
2018-02-28,732.3964233398438,762.7247314453125,723.7772827148438,755.995361328125,2616121
2018-03-01,757.746826171875,768.62451171875,746.7770385742188,751.570556640625,1636808
2018-03-05,749.9112548828125,764.19970703125,737.9274291992188,741.0616455078125,1570829
2018-03-06,747.7449951171875,757.6546630859375,698.795654296875,717.9236450195312,1169820
2018-03-07,712.9457397460938,722.7172241210938,696.9058837890625,704.971923828125,1405811
2018-03-08,713.4988403320312,719.0298461914062,693.679443359375,703.0821533203125,1155916
2018-03-09,708.5670776367188,713.4527587890625,685.8438720703125,690.4991455078125,1340820
2018-03-12,703.0821533203125,714.0980834960938,674.8740844726562,706.6773071289062,1441764
2018-03-13,706.1242065429688,720.2743530273438,702.759521484375,712.899658203125,1199686
2018-03-14,709.7193603515625,735.5767822265625,705.0180053710938,731.6589965820312,1731620
2018-03-15,732.8573608398438,748.5285034179688,708.0139770507812,716.863525390625,2152641
2018-03-16,714.4207153320312,727.7872924804688,695.3387451171875,700.4088134765625,1672655
2018-03-19,704.9258422851562,708.5670776367188,687.91796875,691.7435913085938,978559
2018-03-20,687.6875610351562,701.4228515625,679.8519287109375,690.2686767578125,1305874
2018-03-21,693.8177490234375,704.8336181640625,680.3128662109375,683.8619384765625,945928
2018-03-22,688.9780883789062,690.7296142578125,666.6697387695312,673.9061279296875,1196380
2018-03-23,663.7198486328125,667.4072265625,649.8923950195312,654.3171997070312,926856
2018-03-26,655.88427734375,665.379150390625,648.9705200195312,660.77001953125,875587
2018-03-27,671.0945434570312,686.4430541992188,669.0665283203125,675.8880615234375,1482631
2018-03-28,674.7818603515625,683.078369140625,666.4853515625,669.7117919921875,978633
2018-04-02,674.7357788085938,694.140380859375,666.9002075195312,690.8678588867188,1182751
2018-04-03,689.024169921875,719.0298461914062,684.0462646484375,717.5088500976562,1722240
2018-04-04,714.4207153320312,722.625,690.9600219726562,696.7214965820312,1203836
2018-04-05,704.3727416992188,715.112060546875,698.74951171875,706.262451171875,828457
2018-04-06,709.8115234375,721.6110229492188,705.38671875,711.7473754882812,1322519
2018-04-09,717.1862182617188,721.2422485351562,705.2945556640625,709.7193603515625,838695
2018-04-10,716.8174438476562,720.3665161132812,707.0460205078125,709.2123413085938,680046
2018-04-11,709.8115234375,717.8314819335938,695.1082763671875,702.6212158203125,683389
2018-04-12,702.4368896484375,706.1242065429688,689.024169921875,695.5692138671875,790984
2018-04-13,699.21044921875,701.4228515625,680.3128662109375,683.4470825195312,1366724
2018-04-16,681.0503540039062,701.5150146484375,675.980224609375,697.9660034179688,1075214
2018-04-17,698.7034301757812,704.6492919921875,690.2686767578125,695.2005004882812,629913
2018-04-18,698.6573486328125,700.086181640625,681.0503540039062,683.4931640625,586070
2018-04-19,684.9220581054688,706.3546752929688,679.4371337890625,703.3126220703125,874820
2018-04-20,702.4368896484375,738.3883666992188,693.679443359375,734.9314575195312,2420966
2018-04-23,733.8252563476562,755.6266479492188,725.8053588867188,730.3223266601562,2509693
2018-04-24,731.3824462890625,770.5603637695312,724.192138671875,741.1077880859375,4876810
2018-04-25,736.544677734375,744.8411865234375,711.6552124023438,718.7532958984375,1957226
2018-04-26,722.3484497070312,741.8912963867188,706.6773071289062,732.6268920898438,1551981
2018-04-27,736.544677734375,757.6546630859375,733.4104614257812,753.8751831054688,1991877
2018-04-30,759.4061279296875,786.0010375976562,758.85302734375,768.39404296875,2278029
2018-05-02,771.021240234375,778.7185668945312,739.3101806640625,747.4684448242188,1390483
2018-05-03,749.4503784179688,758.668701171875,728.3403930664062,752.7228393554688,1697052
2018-05-04,750.3721923828125,750.3721923828125,731.9816284179688,739.9555053710938,1371820
2018-05-07,723.6390380859375,727.3263549804688,659.202880859375,682.8939819335938,6892736
2018-05-08,683.8619384765625,695.9379272460938,673.2147827148438,679.6676025390625,2193624
2018-05-09,679.3910522460938,688.609375,668.3290405273438,670.6336059570312,1453988
2018-05-10,673.8600463867188,678.4691772460938,659.0184936523438,663.7198486328125,1128855
2018-05-11,664.7799682617188,669.9422607421875,652.8883056640625,659.3411865234375,841284
2018-05-14,660.4934692382812,679.2527465820312,646.7581176757812,661.184814453125,2373350
2018-05-15,663.7198486328125,672.7538452148438,648.0487060546875,653.026611328125,1179763
2018-05-16,648.0487060546875,655.699951171875,640.8583984375,647.03466796875,1071049
2018-05-17,648.2330932617188,660.4934692382812,648.2330932617188,655.0546264648438,986260
2018-05-18,655.1468505859375,659.5255126953125,604.39990234375,610.8988037109375,1716036
2018-05-21,605.6444091796875,612.5120239257812,582.552490234375,586.055419921875,1510861
2018-05-22,587.5764770507812,609.6543579101562,582.6907348632812,606.3818359375,1777586
2018-05-23,606.5662231445312,615.9228515625,586.1937255859375,590.3880615234375,1455582
2018-05-24,596.9791259765625,614.8627319335938,591.9090576171875,610.5300903320312,1678568
2018-05-25,611.3597412109375,631.363525390625,603.063232421875,628.2293090820312,1572094
2018-05-28,634.1290283203125,652.2891235351562,631.6400756835938,639.8905029296875,1095085
2018-05-29,636.9866943359375,640.9967041015625,623.2974853515625,630.3956298828125,1119903
2018-05-30,622.2373657226562,636.0648803710938,620.1171875,631.3174438476562,739996
2018-05-31,631.4556884765625,637.1710815429688,616.798583984375,630.0729370117188,1014806
2018-06-01,633.9446411132812,637.1710815429688,613.1112060546875,616.2454833984375,777662
2018-06-04,620.3475952148438,624.9107055664062,596.656494140625,602.0953369140625,967210
2018-06-05,602.2335815429688,607.3037109375,577.6206665039062,589.6505737304688,961627
2018-06-06,590.710693359375,604.7225341796875,583.3359985351562,598.8228149414062,827830
2018-06-07,600.1134033203125,614.8627319335938,600.1134033203125,607.5802612304688,727905
2018-06-08,605.3678588867188,649.4775390625,601.95703125,635.4196166992188,2850258
2018-06-11,637.9085693359375,652.2891235351562,629.1972045898438,634.6360473632812,2030078
2018-06-12,636.0648803710938,658.0966796875,636.0648803710938,648.0487060546875,2229428
2018-06-13,656.1608276367188,668.92822265625,647.1268920898438,649.7080078125,2378855
2018-06-14,654.2710571289062,675.6115112304688,644.637939453125,672.1546630859375,2624196
2018-06-15,674.9662475585938,690.4530639648438,671.3250122070312,674.689697265625,3066269
2018-06-18,670.1727294921875,679.4832153320312,653.487548828125,664.2268676757812,1456343
2018-06-19,659.9403686523438,673.8600463867188,646.2972412109375,648.8783569335938,1683351
2018-06-20,653.44140625,659.84814453125,641.3654174804688,649.3392944335938,1322697
2018-06-21,654.5015258789062,654.5015258789062,624.726318359375,627.2152709960938,1213205
2018-06-22,622.283447265625,626.8465576171875,614.8627319335938,624.6341552734375,1541751
2018-06-25,623.4818725585938,640.5357666015625,609.4238891601562,615.2314453125,1711934
2018-06-26,612.8346557617188,613.894775390625,597.578369140625,603.2015380859375,1815531
2018-06-27,603.8007202148438,611.1753540039062,587.2077026367188,593.6605834960938,1570271
2018-06-28,589.6966552734375,595.4120483398438,567.94140625,576.6066284179688,1786402
2018-06-29,585.4562377929688,594.259765625,579.00341796875,590.8950805664062,954494
2018-07-02,593.568359375,593.8909912109375,568.1257934570312,581.7228393554688,1105763
2018-07-03,582.73681640625,600.43603515625,575.8692016601562,592.9691772460938,1714390
2018-07-04,591.12548828125,607.488037109375,587.2077026367188,598.6845703125,1605178
2018-07-05,601.4039306640625,606.4279174804688,578.54248046875,582.4141845703125,1349140
2018-07-06,584.4421997070312,592.04736328125,576.1918334960938,582.96728515625,1094712
2018-07-09,587.9912719726562,598.0853271484375,583.3359985351562,588.498291015625,1171335
2018-07-10,593.1996459960938,597.8549194335938,583.0594482421875,592.1856079101562,1126842
2018-07-11,591.7247314453125,594.5363159179688,579.5104370117188,582.2297973632812,1098661
2018-07-12,585.3640747070312,591.81689453125,572.0896606445312,579.5565185546875,1200311
2018-07-13,582.3681030273438,584.073486328125,570.38427734375,579.648681640625,936581
2018-07-16,580.5704956054688,580.5704956054688,543.1441040039062,546.8775024414062,1659618
2018-07-17,542.6831665039062,552.1780395507812,532.2664794921875,546.8314208984375,1654153
2018-07-18,547.7071533203125,556.64892578125,527.5651245117188,531.4368286132812,1522735
2018-07-19,526.3667602539062,531.1602783203125,513.6915283203125,522.9098510742188,1526238
2018-07-20,521.296630859375,529.5009765625,515.765625,518.9459838867188,977002
2018-07-23,518.9920654296875,525.3527221679688,506.3629455566406,512.3087768554688,1066546
2018-07-24,514.8438110351562,533.3726806640625,513.5071411132812,528.7174072265625,1392191
2018-07-25,533.6492309570312,540.9317016601562,521.8036499023438,530.3306274414062,1303296
2018-07-26,524.7074584960938,529.7775268554688,515.7195434570312,525.6753540039062,945574
2018-07-27,529.2244262695312,537.5209350585938,528.2564697265625,532.7273559570312,798212
2018-07-30,535.5850830078125,552.1319580078125,534.2023315429688,546.6931762695312,1659332
2018-07-31,549.2282104492188,552.8233642578125,538.3505859375,542.2222900390625,1077415
2018-08-01,543.420654296875,555.3583984375,538.9036865234375,549.5508422851562,1176670
2018-08-02,550.9796752929688,567.5726928710938,550.7952880859375,555.4966430664062,2480383
2018-08-03,558.9996337890625,567.8492431640625,557.755126953125,561.53466796875,1066754
2018-08-06,572.4583740234375,584.4421997070312,565.6368408203125,573.472412109375,2525254
2018-08-07,577.0675659179688,579.648681640625,544.4807739257812,547.3384399414062,1701703
2018-08-08,549.4125366210938,563.2400512695312,541.669189453125,555.9575805664062,1643820
2018-08-09,557.6168823242188,567.6187744140625,547.6610717773438,554.6209106445312,1251204
2018-08-10,555.1279296875,559.1840209960938,545.1260375976562,549.3203735351562,715258
2018-08-13,545.5869750976562,559.091796875,543.881591796875,549.2742919921875,905699
2018-08-14,552.6389770507812,563.7009887695312,543.881591796875,562.0877685546875,1150984
2018-08-16,562.871337890625,574.993408203125,560.013671875,570.15380859375,1728141
2018-08-17,573.011474609375,584.9031372070312,573.011474609375,576.4683837890625,1811703
2018-08-20,577.7128295898438,594.029296875,577.7128295898438,589.2818603515625,1655619
2018-08-21,590.6185302734375,600.9891357421875,577.1136474609375,594.029296875,1804650
2018-08-23,597.117431640625,610.2535400390625,594.029296875,603.1093139648438,2261343
2018-08-24,603.7085571289062,603.7085571289062,582.1376342773438,591.4942626953125,1251722
2018-08-27,594.5823974609375,604.7686157226562,586.4241333007812,598.6845703125,1166880
2018-08-28,599.1915283203125,607.3958740234375,588.2217407226562,590.710693359375,1395699
2018-08-29,590.3419799804688,600.5742797851562,589.0974731445312,594.4901733398438,808252
2018-08-30,594.5823974609375,621.9608154296875,591.7708129882812,613.7565307617188,1822299
2018-08-31,622.6061401367188,626.6160888671875,603.8007202148438,612.0050048828125,2418693
2018-09-03,614.586181640625,625.9246826171875,597.347900390625,608.1333618164062,1990216
2018-09-04,609.469970703125,612.7424926757812,583.3359985351562,585.8710327148438,1277657
2018-09-05,582.5985717773438,600.1134033203125,582.5985717773438,592.7387084960938,1419848
2018-09-06,595.5042114257812,616.568115234375,592.7387084960938,614.0330810546875,2194349
2018-09-07,611.1753540039062,624.495849609375,607.6724243164062,617.3056030273438,2036869
2018-09-10,615.1853637695312,633.575927734375,597.9931640625,602.3258056640625,2236806
2018-09-11,605.6444091796875,610.161376953125,575.4082641601562,577.2980346679688,1401142
2018-09-12,570.15380859375,582.322021484375,561.7190551757812,578.6807861328125,1770655
2018-09-14,584.8109741210938,625.4638061523438,583.5203857421875,622.2373657226562,3066701
2018-09-17,622.0530395507812,638.0928955078125,608.409912109375,616.798583984375,3551808
2018-09-18,613.664306640625,621.3155517578125,584.9031372070312,589.4201049804688,1857610
2018-09-19,595.1815795898438,599.0532836914062,575.223876953125,579.4642944335938,1422371
2018-09-21,582.5985717773438,588.8670043945312,492.58154296875,533.3265991210938,3506607
2018-09-24,539.6871948242188,541.7613525390625,499.6335754394531,505.9942321777344,2355588
2018-09-25,505.11846923828125,529.0861206054688,489.6777648925781,519.4530029296875,2683472
2018-09-26,525.3527221679688,541.3464965820312,518.5311279296875,538.4427490234375,1746218
2018-09-27,539.0880126953125,543.651123046875,511.156494140625,520.7896118164062,1479616
2018-09-28,524.5230712890625,525.4448852539062,491.3370666503906,499.44921875,1972284
2018-10-01,497.7899169921875,499.9562072753906,471.2872009277344,496.9141540527344,2277225
2018-10-03,495.0244140625,522.3567504882812,492.2589111328125,506.731689453125,1644120
2018-10-04,500.4632263183594,500.5553894042969,467.5998840332031,475.06671142578125,2685565
2018-10-05,468.6138916015625,484.8842468261719,461.8384094238281,466.5858459472656,1968697
2018-10-08,468.10687255859375,471.0567321777344,437.9629211425781,447.50390625,2061337
2018-10-09,449.8545837402344,465.5257568359375,438.5621337890625,453.4958190917969,1802456
2018-10-10,456.3074035644531,475.4815368652344,456.3074035644531,471.0106506347656,1541634
2018-10-11,455.3855895996094,482.4413757324219,449.8545837402344,464.69610595703125,1579790
2018-10-12,468.1529541015625,480.92034912109375,461.8384094238281,465.80230712890625,1416901
2018-10-15,463.68206787109375,486.0365295410156,461.0548400878906,481.0586242675781,1711465
2018-10-16,482.02655029296875,488.4794006347656,472.7160339355469,478.70794677734375,1204183
2018-10-17,483.96240234375,487.6497497558594,446.167236328125,452.0208740234375,1455720
2018-10-19,452.0208740234375,463.3133544921875,439.760498046875,443.12518310546875,1652960
2018-10-22,444.78448486328125,452.1591491699219,430.1273498535156,434.9208679199219,1501483
2018-10-23,430.49609375,437.548095703125,416.29986572265625,421.4621276855469,1440179
2018-10-24,427.7305908203125,432.52410888671875,412.3359680175781,423.85888671875,1473199
2018-10-25,419.43408203125,431.87884521484375,416.39202880859375,426.1634826660156,1485342
2018-10-26,423.85888671875,427.45404052734375,403.25592041015625,411.41412353515625,1640482
2018-10-29,413.4421691894531,463.68206787109375,412.0594177246094,457.9667053222656,3238371
2018-10-30,459.5799255371094,467.46160888671875,446.8125305175781,452.6661682128906,1987882
2018-10-31,453.3575439453125,473.361328125,450.4076843261719,455.7082214355469,2495094
2018-11-01,458.1510925292969,471.5176696777344,456.5839538574219,466.8163146972656,1448660
2018-11-02,471.8403015136719,484.2850341796875,468.7521667480469,471.2411193847656,1641250
2018-11-05,470.87237548828125,481.1968994140625,461.0087585449219,467.830322265625,966007
2018-11-06,469.76617431640625,476.3111877441406,462.48370361328125,468.8443298339844,700051
2018-11-07,469.21307373046875,473.4535217285156,466.90850830078125,470.1809997558594,151157
2018-11-09,470.87237548828125,487.6497497558594,469.21307373046875,480.59771728515625,1339789
2018-11-12,485.8060607910156,533.234375,485.8060607910156,523.4629516601562,8513873
2018-11-13,520.7435302734375,525.3527221679688,478.431396484375,486.45135498046875,6141452
2018-11-14,490.369140625,495.85406494140625,480.7820739746094,486.77398681640625,2067021
2018-11-15,487.6497497558594,488.5715637207031,478.0165710449219,481.75,1010022
2018-11-16,484.6998596191406,495.0244140625,479.81414794921875,484.2850341796875,1392456
2018-11-19,486.7279052734375,490.830078125,481.75,485.5295104980469,711525
2018-11-20,482.57965087890625,493.457275390625,469.2591552734375,473.130859375,1354171
2018-11-21,477.27911376953125,511.156494140625,475.7120056152344,488.89422607421875,4554969
2018-11-22,490.369140625,502.2146911621094,478.5235900878906,490.369140625,2365057
2018-11-26,492.2589111328125,494.1025695800781,474.8823547363281,479.76806640625,1335069
2018-11-27,481.93438720703125,487.1888122558594,472.3473205566406,481.47344970703125,1343047
2018-11-28,481.93438720703125,484.9764099121094,468.7521667480469,476.17291259765625,995791
2018-11-29,478.5696716308594,490.32305908203125,474.0987854003906,487.4653625488281,1220030
2018-11-30,485.9904479980469,501.47723388671875,483.2249450683594,499.8640441894531,1496971
2018-12-03,503.3208923339844,503.3208923339844,488.5715637207031,496.0845031738281,1371926
2018-12-04,497.60552978515625,508.3909912109375,482.1648254394531,485.11468505859375,2082736
2018-12-05,483.04058837890625,493.5955505371094,470.5958251953125,477.0025634765625,1441159
2018-12-06,476.0346374511719,483.4093017578125,458.9807434082031,463.58990478515625,1835413
2018-12-07,470.1349182128906,471.74810791015625,455.6621398925781,461.37750244140625,1622864
2018-12-10,456.0308532714844,456.0308532714844,438.7464904785156,442.5260009765625,1085737
2018-12-11,438.7925720214844,458.1510925292969,435.1052551269531,454.9246520996094,1443819
2018-12-12,457.229248046875,469.9505310058594,457.229248046875,466.7702331542969,995948
2018-12-13,471.0106506347656,476.8642883300781,464.6039123535156,471.4715576171875,1012813
2018-12-14,471.5176696777344,478.2009582519531,466.4014892578125,470.87237548828125,810940
2018-12-17,473.8222351074219,493.5033874511719,472.485595703125,484.8842468261719,2702596
2018-12-18,481.93438720703125,484.19287109375,474.5597229003906,477.5556640625,1053273
2018-12-19,481.93438720703125,489.493408203125,477.50958251953125,479.72198486328125,1092955
2018-12-20,478.70794677734375,487.00445556640625,472.9004211425781,477.1408386230469,1182166
2018-12-21,477.4173889160156,482.7179260253906,464.2812805175781,465.5257568359375,1111424
2018-12-24,467.18505859375,478.9844970703125,463.03680419921875,465.1570129394531,1869748
2018-12-26,464.97265625,468.8443298339844,453.31146240234375,466.4014892578125,1228684
2018-12-27,471.0567321777344,471.8863830566406,463.12896728515625,465.6640319824219,855491
2018-12-28,468.1990661621094,479.53759765625,467.0928649902344,477.50958251953125,1431203
2018-12-31,479.9063415527344,485.34515380859375,473.1769714355469,482.3492126464844,1265326
2019-01-01,482.1187438964844,494.1025695800781,482.0726623535156,487.4192810058594,1971516
2019-01-02,487.4192810058594,491.1527099609375,473.08477783203125,477.27911376953125,1208580
2019-01-03,477.4173889160156,481.38128662109375,466.3092956542969,468.10687255859375,823374
2019-01-04,468.33734130859375,472.85430908203125,461.8384094238281,470.7801818847656,1014460
2019-01-07,474.42144775390625,476.0807189941406,464.8343811035156,467.0928649902344,601002
2019-01-08,469.9505310058594,475.1128234863281,468.2451477050781,473.5456848144531,1145999
2019-01-09,475.6659240722656,477.3251953125,465.01873779296875,470.4575500488281,791566
2019-01-10,470.4575500488281,479.81414794921875,467.3694152832031,476.679931640625,941752
2019-01-11,475.6659240722656,482.1187438964844,471.5176696777344,474.8362731933594,838500
2019-01-14,474.74407958984375,478.2470397949219,468.3834228515625,469.812255859375,727373
2019-01-15,472.9004211425781,474.6518859863281,467.18505859375,469.5818176269531,813071
2019-01-16,469.9505310058594,475.85028076171875,468.1990661621094,470.54974365234375,738793
2019-01-17,472.9465026855469,473.5456848144531,459.9947509765625,462.1149597167969,918066
2019-01-18,463.68206787109375,464.23516845703125,448.56402587890625,451.09906005859375,1631963
2019-01-21,453.2653503417969,465.3874816894531,452.9888000488281,456.0308532714844,1845302
2019-01-22,456.3074035644531,458.9807434082031,450.0389404296875,456.2613220214844,885178
2019-01-23,457.229248046875,461.7923278808594,452.0669860839844,453.7723693847656,723419
2019-01-24,454.3715515136719,457.9667053222656,442.6642761230469,445.79852294921875,862188
2019-01-25,448.7944641113281,451.1451416015625,438.1473083496094,441.4659118652344,831590
2019-01-28,443.4017333984375,443.4017333984375,393.4844970703125,410.169677734375,3518201
2019-01-29,409.2939147949219,420.9551086425781,403.1637268066406,413.9491882324219,1620748
2019-01-30,411.1375732421875,415.9311218261719,405.6987609863281,409.10955810546875,766076
2019-01-31,410.0314025878906,412.98126220703125,400.9974365234375,406.9432373046875,765923
2019-02-01,409.0173645019531,419.43408203125,404.2238464355469,414.5944519042969,874290
2019-02-04,415.28582763671875,416.06939697265625,385.8332824707031,389.0135803222656,1906312
2019-02-05,387.8152160644531,391.31817626953125,374.63299560546875,378.8734130859375,1333137
2019-02-06,377.4906921386719,380.4405517578125,350.6192321777344,368.7332763671875,2587241
2019-02-07,373.250244140625,395.0054931640625,371.86749267578125,386.2480773925781,2736759
2019-02-08,386.2480773925781,389.33624267578125,373.52679443359375,382.69903564453125,1162634
2019-02-11,380.3483581542969,381.1319274902344,368.0419006347656,375.3704528808594,1098431
2019-02-12,375.18609619140625,383.0677795410156,372.14404296875,375.96966552734375,887802
2019-02-14,362.0960693359375,384.312255859375,359.7914733886719,373.4346008300781,1662225
2019-02-15,373.7111511230469,373.7111511230469,359.05401611328125,362.0038757324219,1245877
2019-02-18,363.8475341796875,365.9677734375,357.2103576660156,359.1462097167969,884222
2019-02-19,361.0820617675781,369.931640625,358.0860900878906,361.49688720703125,983661
2019-02-20,362.649169921875,364.7693786621094,358.6852722167969,361.9577941894531,894399
2019-02-21,362.8335266113281,372.42059326171875,362.188232421875,366.33648681640625,1967833
2019-02-22,367.6270751953125,370.5769348144531,361.6812438964844,362.92572021484375,1032188
2019-02-25,364.8154602050781,372.7893371582031,363.3866271972656,366.4286804199219,1682975
2019-02-26,362.2804260253906,363.8936462402344,353.0621032714844,361.0820617675781,1951085
2019-02-27,365.0459289550781,372.5127868652344,360.436767578125,363.9858093261719,1607566
2019-02-28,365.9677734375,370.43865966796875,362.37261962890625,365.0459289550781,1205430
2019-03-01,369.4707336425781,393.6227722167969,365.23028564453125,387.76910400390625,3478314
2019-03-05,391.5947265625,397.8631896972656,387.2621154785156,392.5626525878906,2634254
2019-03-06,394.08367919921875,403.6246337890625,388.32220458984375,396.895263671875,4024586
2019-03-07,396.895263671875,402.2879943847656,389.98150634765625,393.76104736328125,2077699
2019-03-08,391.5947265625,396.29608154296875,383.48260498046875,388.8292236328125,1661324
2019-03-11,390.8572692871094,408.0955505371094,389.9354248046875,405.3300476074219,2006353
2019-03-12,409.2939147949219,415.5623779296875,400.9974365234375,404.68475341796875,2363988
2019-03-13,404.408203125,409.2939147949219,392.2861022949219,393.6227722167969,1346393
2019-03-14,395.3742370605469,405.23785400390625,388.1378479003906,397.9092712402344,1667533
2019-03-15,398.04754638671875,404.2238464355469,394.5445861816406,396.895263671875,1933793
2019-03-18,400.9513244628906,400.9513244628906,393.2540283203125,395.4664306640625,1043878
2019-03-19,397.0335388183594,402.47235107421875,395.51251220703125,397.4483642578125,819817
2019-03-20,397.125732421875,399.93731689453125,391.08770751953125,393.76104736328125,821333
2019-03-22,395.4203186035156,396.5726318359375,389.4745178222656,394.40631103515625,907641
2019-03-25,393.6227722167969,404.408203125,383.9435119628906,387.44647216796875,2591128
2019-03-26,389.10577392578125,391.31817626953125,384.8192443847656,388.9214172363281,1148101
2019-03-27,398.23193359375,408.5103759765625,394.08367919921875,395.9273376464844,4225031
2019-03-28,394.5445861816406,403.25592041015625,392.700927734375,398.877197265625,1725426
2019-04-01,411.5063171386719,434.09124755859375,408.0955505371094,419.43408203125,3614264
2019-04-02,421.4621276855469,422.5683288574219,407.5424499511719,411.04541015625,1291823
2019-04-03,410.21575927734375,417.72869873046875,400.3060607910156,403.071533203125,1293192
2019-04-04,403.57855224609375,413.4421691894531,400.0755920410156,410.0314025878906,1453490
2019-04-05,412.1054992675781,416.6685791015625,405.8370361328125,408.4642639160156,994080
2019-04-08,412.98126220703125,424.0432434082031,405.8370361328125,408.4642639160156,2501698
2019-04-09,408.2799072265625,411.2758483886719,399.15374755859375,409.2939147949219,3049653
2019-04-10,408.2799072265625,416.2076721191406,405.744873046875,407.8190002441406,2402356
2019-04-11,414.8249206542969,422.0152282714844,410.21575927734375,411.96722412109375,3798254
2019-04-12,412.98126220703125,418.4661560058594,411.5985107421875,414.4561767578125,2028990
2019-04-15,420.3559265136719,424.0432434082031,414.9171142578125,417.49822998046875,1794587
2019-04-16,420.1254577636719,421.7386779785156,416.29986572265625,418.28179931640625,1112725
2019-04-18,418.05133056640625,420.58636474609375,401.7348937988281,404.8230285644531,1275151
2019-04-22,403.2098083496094,406.34405517578125,389.9354248046875,391.5025329589844,1075029
2019-04-23,392.2400207519531,397.5405578613281,389.0596923828125,393.7149353027344,1150799
2019-04-24,395.74298095703125,395.9273376464844,389.5666809082031,393.4844970703125,723825
2019-04-25,395.0976867675781,401.8731689453125,391.9634704589844,395.3742370605469,1133476
2019-04-26,396.664794921875,401.6427001953125,392.700927734375,394.4985046386719,862932
2019-04-30,394.913330078125,395.18988037109375,374.2642517089844,380.80926513671875,1298596
2019-05-02,379.2421569824219,382.2842102050781,373.0658874511719,374.5869140625,850573
2019-05-03,375.8313903808594,377.95159912109375,370.8995666503906,375.8774719238281,852529
2019-05-06,365.1842041015625,381.9615783691406,365.1842041015625,377.0297546386719,1600162
2019-05-07,386.2019958496094,386.2019958496094,364.12408447265625,368.9176330566406,2741752
2019-05-08,365.5068359375,368.3184509277344,356.7494201660156,358.17828369140625,1086243
2019-05-09,357.4869079589844,360.1141357421875,351.21844482421875,353.3386535644531,1073083
2019-05-10,351.0801696777344,354.5370178222656,347.7154541015625,350.0200500488281,1050731
2019-05-13,347.623291015625,347.66937255859375,321.7197570800781,330.5693664550781,1679193
2019-05-14,330.2928161621094,353.9839172363281,321.81195068359375,350.2505187988281,2124803
2019-05-15,353.0621032714844,356.6572570800781,345.9178771972656,348.8677673339844,1480944
2019-05-16,349.9278564453125,349.9278564453125,330.0162658691406,335.1324462890625,1581108
2019-05-17,335.73162841796875,339.6955261230469,331.3529357910156,336.3308410644531,1097075
2019-05-20,341.0782775878906,361.26641845703125,341.0782775878906,357.39471435546875,1347095
2019-05-21,358.5931091308594,368.45672607421875,351.31060791015625,353.799560546875,1458351
2019-05-22,353.799560546875,366.88958740234375,348.6833801269531,363.47882080078125,1458168
2019-05-23,367.8114318847656,372.14404296875,358.17828369140625,360.7593994140625,978848
2019-05-24,361.3586120605469,377.39849853515625,358.82354736328125,375.2782897949219,1067212
2019-05-27,376.1079406738281,380.71710205078125,369.8394470214844,374.40252685546875,856073
2019-05-28,373.3424377441406,381.1319274902344,366.88958740234375,368.8715515136719,940736
2019-05-29,369.2402648925781,371.86749267578125,360.2984924316406,361.7734069824219,804871
2019-05-30,362.418701171875,372.7893371582031,362.2804260253906,371.268310546875,882775
2019-05-31,373.1580505371094,373.5728759765625,355.9197692871094,359.6531982421875,1078169
2019-06-03,361.3586120605469,371.037841796875,352.64727783203125,367.35052490234375,1037878
2019-06-04,367.35052490234375,378.55078125,364.3084716796875,374.0338134765625,1225853
2019-06-06,375.9235534667969,376.33837890625,356.05804443359375,358.3165588378906,1133806
2019-06-07,357.62518310546875,359.33056640625,347.0701904296875,350.98797607421875,1119713
2019-06-10,353.43084716796875,356.6572570800781,344.6734313964844,351.0340576171875,1046737
2019-06-11,349.605224609375,367.8114318847656,346.7014465332031,365.7373046875,1171145
2019-06-12,364.12408447265625,368.5028076171875,354.95184326171875,357.2564392089844,932209
2019-06-13,357.62518310546875,359.8836669921875,347.5771789550781,353.154296875,931915
2019-06-14,359.5149230957031,366.2904052734375,354.2604675292969,356.9798889160156,3040059
2019-06-17,358.8696594238281,360.2524108886719,343.0141296386719,345.13433837890625,1374886
2019-06-18,342.8297424316406,348.3146667480469,340.15643310546875,345.0882568359375,1128179
2019-06-19,348.1763916015625,348.7294921875,304.3893127441406,317.8941650390625,3568903
2019-06-20,307.89227294921875,338.0362243652344,294.1108703613281,334.07232666015625,6074249
2019-06-21,327.5273132324219,341.0782775878906,323.5634460449219,338.1283874511719,2695283
2019-06-24,335.5472717285156,344.1203308105469,329.7397155761719,341.1243591308594,2065225
2019-06-25,337.4370422363281,360.7593994140625,336.6534729003906,356.28851318359375,2200009
2019-06-26,349.4208679199219,372.2362365722656,345.7335205078125,367.67315673828125,3242841
2019-06-27,365.7373046875,365.7373046875,342.92193603515625,346.6553649902344,3910220
2019-06-28,346.7014465332031,352.6011962890625,337.9901123046875,345.5952453613281,1224962
2019-07-01,346.56317138671875,348.45294189453125,341.1243591308594,344.7195129394531,566577
2019-07-02,344.7195129394531,346.4709777832031,338.0362243652344,341.3548278808594,485554
2019-07-03,342.69146728515625,344.58123779296875,336.51519775390625,340.4329833984375,572563
2019-07-04,345.0421447753906,347.4850158691406,341.26263427734375,343.3367614746094,537917
2019-07-05,344.6734313964844,344.6734313964844,331.85992431640625,334.1645202636719,429879
2019-07-08,331.6755676269531,333.2887878417969,322.6416015625,323.8860778808594,424954
2019-07-09,323.517333984375,338.72760009765625,319.8760986328125,332.09039306640625,777098
2019-07-10,331.3990173339844,331.3990173339844,324.57745361328125,327.8499755859375,529005
2019-07-11,328.172607421875,333.0122375488281,324.9461975097656,328.3569641113281,456033
2019-07-12,329.924072265625,333.6575012207031,325.4071044921875,326.55938720703125,456477
2019-07-15,327.6195068359375,330.75372314453125,323.6556091308594,324.80792236328125,418590
2019-07-16,324.85400390625,329.8319091796875,322.6416015625,327.9882507324219,439350
2019-07-17,327.2507629394531,332.4591369628906,324.02435302734375,327.942138671875,472703
2019-07-18,327.2507629394531,327.2507629394531,318.0324401855469,319.322998046875,382896
2019-07-19,320.9822998046875,322.13458251953125,310.7499694824219,312.04052734375,451257
2019-07-22,310.4734191894531,315.72784423828125,304.89630126953125,309.0906677246094,398233
2019-07-23,310.10467529296875,313.146728515625,304.4814758300781,306.509521484375,436671
2019-07-24,307.8000793457031,308.6297302246094,297.7521057128906,300.2410583496094,402265
2019-07-25,299.872314453125,304.6658630371094,294.20306396484375,296.5537109375,534636
2019-07-26,296.4154357910156,303.0065612792969,295.07879638671875,298.0747375488281,489088
2019-07-29,297.7521057128906,300.333251953125,289.501708984375,293.7882385253906,401740
2019-07-30,294.3413391113281,301.439453125,287.88848876953125,289.9626159667969,551286
2019-07-31,289.8243408203125,291.1610107421875,284.9386291503906,287.6580505371094,367497
2019-08-01,286.9666748046875,290.37744140625,280.69818115234375,285.1690979003906,491971
2019-08-02,280.2372741699219,283.5558776855469,271.2955017089844,273.13916015625,679619
2019-08-05,270.09710693359375,270.09710693359375,259.26556396484375,261.15533447265625,417310
2019-08-06,258.11328125,264.3356628417969,256.40789794921875,260.9709777832031,321874
2019-08-07,262.7224426269531,270.88067626953125,260.6483154296875,261.93890380859375,769797
2019-08-08,263.5520935058594,271.0189514160156,263.5520935058594,270.00494384765625,465090
2019-08-09,271.3876953125,279.3615417480469,265.9488525390625,273.0469665527344,589814
2019-08-13,273.6922607421875,273.6922607421875,262.26153564453125,264.9809265136719,308141
2019-08-14,266.1793212890625,271.8486022949219,258.11328125,265.9488525390625,1111631
2019-08-16,261.0631408691406,264.52001953125,259.0351257324219,260.1874084472656,419638
2019-08-19,260.8787841796875,265.02703857421875,254.794677734375,257.4219055175781,611148
2019-08-20,257.5601806640625,258.8507385253906,251.7526397705078,253.64239501953125,346335
2019-08-21,253.4119415283203,253.4119415283203,233.82298278808594,235.5283660888672,704424
2019-08-22,235.43618774414062,239.8148956298828,230.6426544189453,234.32998657226562,621831
2019-08-23,233.86907958984375,240.5062713623047,228.6607208251953,234.74481201171875,589461
2019-08-26,237.83294677734375,238.7086944580078,230.55047607421875,234.23780822753906,571235
2019-08-27,235.0674591064453,243.5944061279297,233.45425415039062,237.00331115722656,568349
2019-08-28,236.03538513183594,239.4000701904297,230.55047607421875,232.57850646972656,380743
2019-08-29,230.32000732421875,230.32000732421875,223.54454040527344,227.1396942138672,513572
2019-08-30,227.5545196533203,229.3520965576172,224.09764099121094,225.75694274902344,295261
2019-09-03,223.72891235351562,225.38819885253906,217.2760772705078,219.71893310546875,303532
2019-09-04,218.47445678710938,220.0415802001953,213.12782287597656,215.38632202148438,367935
2019-09-05,216.53860473632812,221.1016845703125,215.0636749267578,217.2760772705078,490958
2019-09-06,218.3822784423828,223.0836181640625,216.26205444335938,220.13375854492188,437950
2019-09-09,220.31813049316406,225.6647491455078,217.32215881347656,223.77499389648438,430913
2019-09-11,224.9272918701172,268.5299987792969,223.40626525878906,268.5299987792969,2941974
2019-09-12,276.457763671875,316.8801574707031,273.7844543457031,298.95050048828125,9514054
2019-09-13,297.7981872558594,297.7981872558594,281.71221923828125,290.1930847167969,3246519
2019-09-16,288.1650390625,319.6917419433594,284.01678466796875,301.25506591796875,5060106
2019-09-17,303.2831115722656,315.128662109375,292.4976501464844,296.3232727050781,2164768
2019-09-18,302.36126708984375,309.7359313964844,294.0186767578125,297.0146484375,1256193
2019-09-19,300.5176086425781,302.315185546875,278.39361572265625,283.14105224609375,1241615
2019-09-20,285.7682800292969,293.64996337890625,274.9367370605469,278.7623596191406,1786034
2019-09-23,282.634033203125,289.3634338378906,273.7844543457031,279.6380920410156,1136808
2019-09-24,281.9426574707031,292.86639404296875,276.8265075683594,283.094970703125,1568945
2019-09-25,280.3294677734375,285.58392333984375,272.4017028808594,275.3515625,684682
2019-09-26,276.5499572753906,280.60601806640625,264.47393798828125,266.0871276855469,909229
2019-09-27,266.4097900390625,269.6361999511719,251.29171752929688,252.90492248535156,867515
2019-09-30,253.4119415283203,253.50411987304688,232.62460327148438,236.35801696777344,959638
2019-10-01,235.43618774414062,248.29576110839844,225.94129943847656,235.66664123535156,1002226
2019-10-03,233.9151611328125,242.3499298095703,228.6146240234375,232.16368103027344,664226
2019-10-04,233.22378540039062,234.00733947753906,222.2078857421875,226.49440002441406,789023
2019-10-07,224.3741912841797,226.5865936279297,216.99952697753906,220.45640563964844,720751
2019-10-09,220.22593688964844,224.60464477539062,212.15989685058594,219.4423828125,732597
2019-10-10,218.2900848388672,240.18362426757812,216.03160095214844,230.5965576171875,2249848
2019-10-11,231.7027587890625,236.6345672607422,227.23187255859375,231.10357666015625,940018
2019-10-14,227.41624450683594,241.33592224121094,227.41624450683594,233.86907958984375,1032883
2019-10-15,234.74481201171875,237.09548950195312,229.5364532470703,233.73080444335938,684269
2019-10-16,234.5143585205078,243.73268127441406,233.50033569335938,235.89710998535156,814519
2019-10-17,235.2057342529297,241.0593719482422,234.23780822753906,238.93914794921875,478714
2019-10-18,238.52432250976562,253.50411987304688,237.556396484375,245.6224365234375,1090622
2019-10-22,245.02325439453125,257.6523742675781,243.73268127441406,253.6884765625,745416
2019-10-23,255.3477783203125,255.67042541503906,247.05128479003906,248.71058654785156,417174
2019-10-24,248.15748596191406,254.4259490966797,242.76475524902344,247.74266052246094,415141
2019-10-25,247.97311401367188,252.12136840820312,240.69064331054688,245.89898681640625,327106
2019-10-27,247.4661102294922,251.6604461669922,246.3599090576172,248.80276489257812,60449
2019-10-29,248.80276489257812,256.5922546386719,247.28173828125,251.1534423828125,453383
2019-10-30,252.49009704589844,263.644287109375,249.724609375,253.96502685546875,1370366
2019-10-31,255.5321502685547,272.3555908203125,254.93295288085938,264.7043762207031,1474139
2019-11-01,266.77850341796875,271.3415832519531,263.644287109375,265.4418640136719,685529
2019-11-04,267.1472473144531,285.2151794433594,265.02703857421875,274.8906555175781,1432825
2019-11-05,277.4717712402344,279.5458984375,267.7464294433594,272.5860595703125,617493
2019-11-06,272.7704162597656,287.6119384765625,272.032958984375,277.1952209472656,1467905
2019-11-07,278.3014221191406,280.882568359375,273.9227294921875,277.56396484375,555709
2019-11-08,264.56610107421875,270.7884826660156,261.15533447265625,264.3356628417969,894033
2019-11-11,264.0130310058594,269.6361999511719,261.47796630859375,264.9809265136719,474179
2019-11-13,265.4418640136719,269.54400634765625,259.72650146484375,261.6162414550781,414712
2019-11-14,261.70843505859375,262.49200439453125,250.7847137451172,253.27366638183594,444499
2019-11-15,253.04319763183594,259.0351257324219,248.9871368408203,250.2316131591797,594378
2019-11-18,259.49603271484375,283.094970703125,259.26556396484375,273.4617919921875,7577695
2019-11-19,271.9407958984375,276.457763671875,261.1092529296875,266.13323974609375,1401293
2019-11-20,267.33160400390625,269.8666687011719,251.79872131347656,254.19549560546875,4160572
2019-11-21,256.2696228027344,258.11328125,242.62648010253906,244.1475067138672,2334460
2019-11-22,244.97715759277344,246.12945556640625,231.7027587890625,235.0674591064453,2148402
2019-11-25,235.0213623046875,239.86099243164062,233.0394287109375,236.40411376953125,1075295
2019-11-26,237.1876678466797,244.7467041015625,236.91111755371094,238.43214416503906,1338669
2019-11-27,236.54238891601562,237.51031494140625,230.68875122070312,233.77688598632812,968838
2019-11-28,234.69871520996094,237.37203979492188,233.9612579345703,234.79090881347656,647745
2019-11-29,231.380126953125,243.73268127441406,231.380126953125,237.6024932861328,1483727
2019-12-02,238.2938690185547,239.35397338867188,233.31597900390625,234.60653686523438,542220
2019-12-03,234.14561462402344,235.89710998535156,228.70680236816406,230.0895538330078,512129
2019-12-04,228.6146240234375,231.9332275390625,224.9272918701172,227.73887634277344,729265
2019-12-05,228.33807373046875,234.69871520996094,226.86314392089844,230.50437927246094,706017
2019-12-06,231.10357666015625,233.50033569335938,223.54454040527344,225.06556701660156,654901
2019-12-09,223.0836181640625,226.31004333496094,221.83914184570312,222.99143981933594,486358
2019-12-10,223.0836181640625,227.5545196533203,219.3962860107422,220.13375854492188,592379
2019-12-11,219.8111114501953,222.1617889404297,216.1698760986328,220.548583984375,605463
2019-12-12,222.25396728515625,224.65074157714844,219.9493865966797,221.79306030273438,471371
2019-12-13,222.43833923339844,224.2359161376953,220.9173126220703,223.0836181640625,443082
2019-12-16,223.2679901123047,231.24185180664062,222.25396728515625,226.9092254638672,942340
2019-12-17,227.8771514892578,227.8771514892578,224.00546264648438,225.24993896484375,334667
2019-12-18,225.94129943847656,234.88308715820312,224.973388671875,229.6747283935547,1557496
2019-12-19,229.90518188476562,232.02540588378906,227.78497314453125,229.95127868652344,585224
2019-12-20,230.36610412597656,232.94723510742188,228.15370178222656,228.84507751464844,457272
2019-12-23,229.3520965576172,230.2278289794922,225.4803924560547,226.9092254638672,359893
2019-12-24,226.955322265625,227.6927947998047,224.55856323242188,225.38819885253906,251827
2019-12-26,226.49440002441406,234.79090881347656,226.49440002441406,230.7809295654297,1583682
2019-12-27,231.65667724609375,233.9612579345703,226.4022216796875,228.29197692871094,666901
2019-12-30,228.29197692871094,229.30599975585938,218.75100708007812,219.4884796142578,1664957
2019-12-31,221.23995971679688,223.91326904296875,215.10977172851562,215.66287231445312,1979833
2020-01-01,217.1838836669922,218.2900848388672,213.86529541015625,216.63079833984375,577505
2020-01-02,216.6768798828125,221.1477813720703,216.63079833984375,219.11973571777344,692308
2020-01-03,220.0415802001953,229.3520965576172,218.47445678710938,223.3140869140625,2037307
2020-01-06,223.45236206054688,223.45236206054688,215.70895385742188,217.55262756347656,606575
2020-01-07,218.8431854248047,223.0836181640625,218.01353454589844,222.1617889404297,608393
2020-01-08,218.56663513183594,224.7890167236328,218.56663513183594,221.79306030273438,562528
2020-01-09,225.84912109375,226.3561248779297,224.00546264648438,225.11166381835938,400881
2020-01-10,225.84912109375,231.84103393554688,224.28201293945312,226.3561248779297,859608
2020-01-13,227.41624450683594,229.02944946289062,225.24993896484375,226.955322265625,334928
2020-01-14,226.7709503173828,239.16961669921875,226.7709503173828,235.66664123535156,2070904
2020-01-15,235.98928833007812,241.52029418945312,235.98928833007812,239.03134155273438,923815
2020-01-16,244.28578186035156,272.5860595703125,244.28578186035156,252.2596435546875,10566254
2020-01-17,253.50411987304688,267.1933288574219,247.4661102294922,264.15130615234375,4200596
2020-01-20,265.4879455566406,274.6141052246094,258.2515563964844,261.93890380859375,2324776
2020-01-21,262.7224426269531,265.4879455566406,257.237548828125,260.09521484375,954402
2020-01-22,261.9849853515625,262.5380859375,254.70249938964844,256.8227233886719,831879
2020-01-23,256.40789794921875,261.5240783691406,254.01112365722656,259.0812072753906,656013
2020-01-24,260.32568359375,279.2232666015625,258.2976379394531,275.62811279296875,3573515
2020-01-27,276.0890197753906,330.75372314453125,274.84454345703125,323.8399963378906,19944959
2020-01-28,333.6575012207031,345.5030517578125,312.1327209472656,316.9723205566406,16274698
2020-01-29,319.4151916503906,327.2507629394531,313.6537170410156,322.3189697265625,4693546
2020-01-30,322.2728576660156,333.3809509277344,319.4151916503906,326.9281311035156,2721891
2020-01-31,329.924072265625,336.0542907714844,319.8760986328125,325.5453796386719,1999767
2020-02-03,313.0084533691406,318.49334716796875,305.2189636230469,311.9022521972656,891292
2020-02-04,315.17474365234375,326.0523986816406,308.8601989746094,315.128662109375,1689198
2020-02-05,315.2669372558594,330.0162658691406,312.63970947265625,325.8219299316406,1949328
2020-02-06,328.172607421875,333.1505126953125,311.7178955078125,315.359130859375,1737455
2020-02-07,316.00439453125,327.2507629394531,314.3912048339844,318.0324401855469,1343990
2020-02-10,319.8760986328125,338.9580383300781,318.5855407714844,334.9941711425781,2511702
2020-02-11,339.92596435546875,379.4726257324219,338.1283874511719,362.5569763183594,9631623
2020-02-12,367.8114318847656,374.07989501953125,333.3809509277344,338.72760009765625,5546068
2020-02-13,322.6416015625,335.3168029785156,318.5855407714844,322.5033264160156,3346345
2020-02-14,325.4071044921875,331.85992431640625,315.0364685058594,317.8941650390625,1494141
2020-02-17,322.1806945800781,330.0162658691406,319.0003662109375,321.48931884765625,1396387
2020-02-18,322.36505126953125,325.2227478027344,298.95050048828125,309.1828308105469,1517911
2020-02-19,312.1788024902344,344.6734313964844,311.9483337402344,339.004150390625,4091650
2020-02-20,339.1424255371094,347.0701904296875,325.4992980957031,329.6936340332031,1867374
2020-02-24,328.5413513183594,328.5413513183594,310.8421325683594,312.7319030761719,972956
2020-02-25,315.9122314453125,327.02032470703125,315.2669372558594,318.7698974609375,1439847
2020-02-26,320.7979431152344,323.1025085449219,308.1688232421875,311.21087646484375,923327
2020-02-27,313.2388916015625,313.51544189453125,298.76611328125,306.46343994140625,840697
2020-02-28,296.6459045410156,303.19091796875,276.5499572753906,283.3254089355469,1002536
2020-03-02,290.2852478027344,297.5677490234375,278.39361572265625,282.7723083496094,900987
2020-03-03,287.519775390625,294.3413391113281,279.4076232910156,290.65399169921875,1035015
2020-03-04,293.1429443359375,300.4254150390625,285.4456481933594,295.4936218261719,1527392
2020-03-05,297.7521057128906,303.5596618652344,291.76019287109375,295.8162536621094,835528
2020-03-06,281.15911865234375,286.69012451171875,276.1351318359375,279.0849914550781,732046
2020-03-09,273.7844543457031,273.7844543457031,240.82891845703125,251.1073455810547,797552
2020-03-11,244.28578186035156,253.04319763183594,230.68875122070312,236.0814666748047,882811
2020-03-12,219.76502990722656,219.76502990722656,188.88360595703125,190.17417907714844,1252790
2020-03-13,171.5992431640625,209.1639404296875,171.18441772460938,207.04373168945312,1842061
2020-03-16,198.19412231445312,206.49063110351562,188.51487731933594,193.35450744628906,864863
2020-03-17,193.5849609375,198.10194396972656,187.1321258544922,189.29843139648438,383865
2020-03-18,193.0318603515625,196.1660919189453,173.85772705078125,181.23239135742188,874553
2020-03-19,175.14830017089844,179.4809112548828,163.1644744873047,167.4049072265625,801321
2020-03-20,171.46096801757812,176.99195861816406,158.87794494628906,165.1464080810547,746883
2020-03-23,152.1024627685547,157.6334686279297,148.64559936523438,148.64559936523438,174729
2020-03-24,149.33697509765625,154.8679656982422,135.23292541503906,143.99034118652344,340095
2020-03-25,139.19680786132812,157.6334686279297,139.19680786132812,153.34693908691406,400831
2020-03-26,156.66554260253906,165.0081329345703,153.02430725097656,160.99815368652344,420402
2020-03-27,164.0863037109375,172.33670043945312,156.71163940429688,158.7857666015625,391756
2020-03-30,156.71163940429688,158.92404174804688,152.1024627685547,155.8358917236328,717553
2020-03-31,159.8458709716797,163.0261993408203,155.69761657714844,159.1544952392578,231013
2020-04-01,160.35287475585938,168.69546508789062,159.52322387695312,163.94802856445312,470079
2020-04-03,164.0863037109375,179.0660858154297,159.8458709716797,170.72349548339844,1256209
2020-04-07,175.10220336914062,187.7774200439453,171.32269287109375,186.76339721679688,955255
2020-04-08,188.05397033691406,205.43051147460938,187.1321258544922,204.00167846679688,1186166
2020-04-09,213.86529541015625,214.18792724609375,210.17796325683594,214.18792724609375,495432
2020-04-13,224.88119506835938,224.88119506835938,208.70303344726562,224.88119506835938,738707
2020-04-15,236.0814666748047,236.0814666748047,219.3962860107422,235.80491638183594,676918
2020-04-16,235.0674591064453,247.55828857421875,232.3019561767578,247.14346313476562,621975
2020-04-17,252.9971160888672,258.11328125,246.12945556640625,249.724609375,492180
2020-04-20,252.58229064941406,253.50411987304688,239.67662048339844,243.2717742919922,401447
2020-04-21,240.59844970703125,253.50411987304688,231.149658203125,243.91705322265625,621411
2020-04-22,246.9130096435547,248.0192108154297,241.52029418945312,242.76475524902344,181873
2020-04-23,242.5343017578125,248.24966430664062,241.52029418945312,243.77877807617188,168186
2020-04-24,243.36395263671875,255.9469757080078,239.4000701904297,246.3599090576172,838660
2020-04-27,248.80276489257812,252.95101928710938,244.28578186035156,246.12945556640625,348412
2020-04-28,251.56826782226562,252.02919006347656,240.59844970703125,241.52029418945312,252717
2020-04-29,241.52029418945312,247.69656372070312,241.52029418945312,242.3499298095703,334134
2020-04-30,244.51625061035156,247.97311401367188,235.0674591064453,235.7588348388672,397993
2020-05-04,230.45828247070312,247.51220703125,230.45828247070312,241.4281005859375,703709
2020-05-05,244.28578186035156,244.9310760498047,234.2838897705078,236.91111755371094,348041
2020-05-06,239.67662048339844,241.0593719482422,234.14561462402344,236.1736602783203,258394
2020-05-07,235.89710998535156,238.98524475097656,233.22378540039062,234.6526336669922,238624
2020-05-08,236.91111755371094,239.30789184570312,231.380126953125,233.592529296875,242170
2020-05-11,236.91111755371094,245.2537078857422,229.58255004882812,237.09548950195312,2594472
2020-05-12,236.77284240722656,236.77284240722656,225.24993896484375,225.38819885253906,743784
2020-05-13,230.45828247070312,231.380126953125,217.36825561523438,219.85720825195312,621372
2020-05-14,219.4884796142578,224.2359161376953,214.37229919433594,216.7229766845703,618082
2020-05-15,218.2900848388672,219.16583251953125,209.30221557617188,211.929443359375,294598
2020-05-18,208.7952117919922,211.79116821289062,201.37445068359375,201.6970977783203,284213
2020-05-19,206.12188720703125,206.12188720703125,194.1380615234375,196.7191925048828,345269
2020-05-20,196.7191925048828,206.53671264648438,195.52081298828125,206.53671264648438,526914
2020-05-21,206.3984375,212.80519104003906,204.3704071044922,207.1820068359375,449366
2020-05-22,207.32028198242188,210.0857696533203,198.3784942626953,208.0577392578125,385568
2020-05-26,208.9795684814453,210.0857696533203,202.8032989501953,205.8453369140625,282338
2020-05-27,207.36636352539062,209.717041015625,201.92755126953125,207.1359100341797,258119
2020-05-28,208.33428955078125,210.17796325683594,206.67498779296875,208.42648315429688,201986
2020-05-29,208.33428955078125,209.99359130859375,198.009765625,199.16204833984375,633327
2020-06-01,199.16204833984375,204.87742614746094,197.9636688232422,199.30032348632812,548208
2020-06-02,200.7291717529297,209.25611877441406,199.4385986328125,205.66098022460938,1031359
2020-06-03,209.2100372314453,215.93942260742188,207.78118896484375,215.47850036621094,874761
2020-06-04,215.52459716796875,226.2178497314453,210.91542053222656,226.2178497314453,970453
2020-06-05,229.5364532470703,245.20762634277344,229.25990295410156,236.4962921142578,1547352
2020-06-08,239.58444213867188,241.4741973876953,230.96530151367188,233.31597900390625,777489
2020-06-09,234.88308715820312,255.3477783203125,230.55047607421875,244.0092315673828,2414864
2020-06-10,245.6685333251953,251.01516723632812,237.7407684326172,239.63052368164062,1228483
2020-06-11,241.52029418945312,245.20762634277344,224.973388671875,229.25990295410156,907920
2020-06-12,213.86529541015625,239.58444213867188,213.86529541015625,234.19171142578125,920392
2020-06-15,234.60653686523438,240.59844970703125,229.5364532470703,235.6205596923828,583909
2020-06-16,239.67662048339844,244.83888244628906,226.07957458496094,234.23780822753906,1111820
2020-06-17,246.03726196289062,250.73861694335938,242.44212341308594,247.3278350830078,2893793
2020-06-18,248.89495849609375,252.39791870117188,244.88497924804688,246.45208740234375,848012
2020-06-19,248.618408203125,248.618408203125,242.0272979736328,243.96315002441406,578208
2020-06-22,245.20762634277344,268.34564208984375,245.20762634277344,265.8105773925781,3271007
2020-06-23,271.8946838378906,285.2612609863281,265.7644958496094,270.4658508300781,2341575
2020-06-24,273.7844543457031,274.7984619140625,258.34375,260.5100402832031,906308
2020-06-25,258.11328125,265.02703857421875,253.96502685546875,260.37176513671875,645028
2020-06-26,261.70843505859375,270.7424011230469,259.49603271484375,263.13726806640625,957334
2020-06-29,264.56610107421875,273.2313537597656,264.1051940917969,268.89874267578125,1122119
2020-06-30,270.281494140625,271.2494201660156,256.73052978515625,258.94293212890625,811095
2020-07-01,258.94293212890625,261.5240783691406,250.73861694335938,258.15936279296875,524758
2020-07-02,259.9569396972656,260.37176513671875,251.84481811523438,253.27366638183594,582401
2020-07-03,253.7345733642578,256.13134765625,251.42999267578125,254.19549560546875,316804
2020-07-06,256.50006103515625,259.9569396972656,252.8588409423828,254.4259490966797,504401
2020-07-07,255.3477783203125,255.5321502685547,247.05128479003906,249.90896606445312,377386
2020-07-08,251.1995391845703,253.8728485107422,242.0272979736328,243.2717742919922,610148
2020-07-09,245.20762634277344,253.8728485107422,242.44212341308594,244.60842895507812,991278
2020-07-10,244.28578186035156,248.4340362548828,239.72271728515625,243.1334991455078,639432
2020-07-13,245.20762634277344,245.20762634277344,233.82298278808594,235.85101318359375,733842
2020-07-14,235.34400939941406,236.77284240722656,227.6927947998047,229.25990295410156,542293
2020-07-15,231.10357666015625,231.3340301513672,220.31813049316406,224.28201293945312,560316
2020-07-16,224.55856323242188,226.07957458496094,219.0736541748047,222.94534301757812,389185
2020-07-17,223.91326904296875,238.57041931152344,223.2679901123047,236.45021057128906,1099862
2020-07-20,239.03134155273438,241.4741973876953,232.8550567626953,235.0674591064453,752388
2020-07-21,235.5283660888672,247.05128479003906,234.9752655029297,240.41409301757812,1237423
2020-07-22,241.52029418945312,244.1475067138672,236.4962921142578,239.86099243164062,589627
2020-07-23,239.768798828125,253.50411987304688,238.75479125976562,251.56826782226562,1939852
2020-07-24,248.71058654785156,252.58229064941406,242.0272979736328,245.43807983398438,807007
2020-07-27,245.57635498046875,245.89898681640625,233.13160705566406,236.4962921142578,550098
2020-07-28,237.69467163085938,240.82891845703125,234.60653686523438,237.2337646484375,391460
2020-07-29,237.83294677734375,245.6685333251953,237.83294677734375,241.10546875,508150
2020-07-30,241.79684448242188,248.80276489257812,240.13754272460938,242.62648010253906,786025
2020-07-31,244.10142517089844,259.6803894042969,240.78282165527344,254.4259490966797,3197581
2020-08-03,256.2696228027344,279.8685607910156,254.4259490966797,279.8685607910156,4357031
2020-08-04,292.2210998535156,307.84619140625,288.1650390625,307.84619140625,9251558
2020-08-05,312.8240661621094,316.18878173828125,295.03271484375,298.6739501953125,2617434
2020-08-06,301.439453125,303.92840576171875,291.52972412109375,293.74212646484375,1301899
2020-08-07,293.74212646484375,297.06072998046875,284.0628967285156,285.12298583984375,974604
2020-08-10,286.9666748046875,299.3192138671875,285.7682800292969,293.3734130859375,1412059
2020-08-11,295.677978515625,303.19091796875,291.3453674316406,293.41949462890625,747826
2020-08-12,290.42352294921875,293.5577697753906,285.7682800292969,287.56585693359375,462732
2020-08-13,288.0728759765625,294.2491455078125,286.69012451171875,288.44158935546875,467002
2020-08-14,289.4095153808594,302.82220458984375,288.6259460449219,297.2450866699219,2487942
2020-08-17,299.59576416015625,302.7760925292969,292.6820373535156,295.2631530761719,602219
2020-08-18,296.5998229980469,296.5998229980469,288.99468994140625,290.5157165527344,401880
2020-08-19,291.6679992675781,298.2591247558594,288.99468994140625,290.33135986328125,501743
2020-08-20,289.4555969238281,295.8162536621094,288.7181396484375,290.97662353515625,450084
2020-08-21,292.4515686035156,304.2049560546875,292.2210998535156,297.06072998046875,1335300
2020-08-24,299.9184265136719,306.509521484375,297.0146484375,301.9925537109375,991998
2020-08-25,303.2831115722656,305.9564208984375,294.20306396484375,296.4154357910156,478512
2020-08-26,296.4154357910156,301.71600341796875,296.4154357910156,298.72003173828125,435572
2020-08-27,300.2410583496094,308.76800537109375,298.72003173828125,301.3472595214844,873875
2020-08-28,304.2049560546875,310.2890319824219,302.03863525390625,303.5135803222656,1185640
2020-08-31,309.7359313964844,312.31707763671875,288.3493957519531,288.3493957519531,1077653
2020-09-01,282.91058349609375,284.846435546875,273.96881103515625,274.245361328125,458616
2020-09-02,276.5499572753906,282.5418701171875,272.86260986328125,275.7663879394531,364692
2020-09-03,277.1952209472656,284.6620788574219,277.1952209472656,278.8545227050781,407287
2020-09-04,276.50384521484375,283.92462158203125,269.45184326171875,276.0890197753906,361341
2020-09-07,278.3014221191406,279.3154602050781,271.2955017089844,274.1070861816406,205172
2020-09-08,273.7844543457031,275.58203125,263.644287109375,265.58013916015625,235077
2020-09-09,264.1973876953125,264.1973876953125,254.51812744140625,259.26556396484375,383915
2020-09-10,260.60223388671875,267.23944091796875,260.04913330078125,265.395751953125,390861
2020-09-11,266.4097900390625,271.9407958984375,264.1973876953125,268.3917236328125,333000
2020-09-14,269.77447509765625,273.18524169921875,266.6402282714844,268.4839172363281,270128
2020-09-15,269.8666687011719,280.2372741699219,268.4839172363281,273.73834228515625,584489
2020-09-16,275.12109375,280.69818115234375,273.7844543457031,275.6741943359375,425225
2020-09-17,273.41571044921875,277.51788330078125,271.9407958984375,273.0008850097656,238659
2020-09-18,274.3836364746094,286.6440124511719,274.3375549316406,281.80438232421875,1207156
2020-09-21,282.0809326171875,284.1550598144531,267.7464294433594,268.7604675292969,432147
2020-09-22,270.7884826660156,270.7884826660156,255.48605346679688,257.7906494140625,471123
2020-09-23,261.38580322265625,262.7224426269531,249.77069091796875,256.6844482421875,302991
2020-09-24,254.9790496826172,254.9790496826172,245.20762634277344,246.9591064453125,311635
2020-09-25,249.21759033203125,254.794677734375,245.3459014892578,253.59629821777344,281773
2020-09-28,255.76260375976562,263.644287109375,253.96502685546875,258.8507385253906,323760
2020-09-29,259.8647766113281,270.00494384765625,254.70249938964844,267.79254150390625,515587
2020-09-30,269.17529296875,278.670166015625,268.2534484863281,271.5720520019531,627618
2020-10-01,272.86260986328125,280.7442932128906,272.86260986328125,279.17718505859375,539335
2020-10-05,280.4677429199219,293.09686279296875,273.7844543457031,293.09686279296875,1328270
2020-10-06,295.86236572265625,304.8502197265625,290.97662353515625,298.48956298828125,1531757
2020-10-07,298.6278381347656,301.3933410644531,287.4275817871094,290.60791015625,829148
2020-10-08,299.59576416015625,306.4173278808594,289.1329650878906,292.4976501464844,1962386
2020-10-09,293.5577697753906,298.8122253417969,287.6119384765625,292.2210998535156,755495
2020-10-12,293.1429443359375,293.1429443359375,278.8545227050781,283.6019592285156,497440
2020-10-13,285.03082275390625,290.88446044921875,282.1731262207031,286.8744812011719,536194
2020-10-14,286.41357421875,288.3493957519531,280.60601806640625,284.24725341796875,296400
2020-10-15,283.92462158203125,288.7181396484375,270.55804443359375,272.7704162597656,400217
2020-10-16,273.6922607421875,278.7623596191406,270.09710693359375,273.2774353027344,272009
2020-10-19,276.3655700683594,278.7623596191406,270.09710693359375,276.5960388183594,299982
2020-10-20,273.7844543457031,280.2372741699219,272.1712341308594,274.0610046386719,307413
2020-10-21,274.7062683105469,276.0890197753906,267.33160400390625,272.53997802734375,269342
2020-10-22,271.9407958984375,273.7844543457031,268.6221923828125,270.55804443359375,252443
2020-10-23,270.6963195800781,275.9046630859375,270.09710693359375,271.5720520019531,250278
2020-10-26,271.8486022949219,273.0008850097656,265.02703857421875,268.94482421875,230281
2020-10-27,268.2534484863281,272.63214111328125,261.8927917480469,270.88067626953125,310610
2020-10-28,268.99090576171875,272.86260986328125,265.8105773925781,270.1432189941406,204174
2020-10-29,268.069091796875,270.1432189941406,264.8426513671875,267.9308166503906,162781
2020-10-30,267.0550537109375,271.66424560546875,262.8607177734375,268.5299987792969,234546
2020-11-02,269.77447509765625,285.6300048828125,263.1833801269531,272.53997802734375,1585107
2020-11-03,273.7844543457031,283.7863464355469,267.33160400390625,268.1612548828125,905251
2020-11-04,269.17529296875,273.13916015625,264.6582946777344,266.962890625,367620
2020-11-05,270.09710693359375,270.32757568359375,265.0731201171875,268.0229797363281,293040
2020-11-06,269.1291809082031,272.8165283203125,266.8706970214844,270.8345947265625,711353
2020-11-09,273.3235168457031,273.5079040527344,267.5159912109375,268.4839172363281,267412
2020-11-10,270.2353820800781,270.2353820800781,264.7043762207031,266.8246154785156,274124
2020-11-11,267.33160400390625,270.09710693359375,264.9809265136719,267.3777160644531,346377
2020-11-12,267.7003479003906,274.19927978515625,267.33160400390625,269.6822814941406,497735
2020-11-13,269.17529296875,271.0189514160156,267.88470458984375,269.0830993652344,184619
2020-11-14,269.9127502441406,271.0189514160156,269.22137451171875,270.281494140625,84559
2020-11-17,271.7103271484375,282.5418701171875,270.3736572265625,279.6380920410156,1008833
2020-11-18,280.1911926269531,299.59576416015625,280.1911926269531,296.50762939453125,2221242
2020-11-19,294.0647888183594,310.65777587890625,293.3273010253906,302.1308288574219,1714722
2020-11-20,304.89630126953125,362.5569763183594,303.37530517578125,362.5569763183594,6501024
2020-11-23,378.2281494140625,416.576416015625,373.3424377441406,400.7669677734375,8027328
2020-11-24,400.4443359375,400.8591613769531,375.3243713378906,384.7731628417969,1851050
2020-11-25,386.1559143066406,387.6308288574219,359.5149230957031,364.2623596191406,966318
2020-11-26,363.6170959472656,400.6747741699219,362.2804260253906,400.6747741699219,1745268
2020-11-27,409.10955810546875,435.52008056640625,407.77288818359375,417.4521484375,2443110
2020-12-01,424.0432434082031,436.0270690917969,415.1475524902344,426.57830810546875,1326294
2020-12-02,434.1373291015625,434.1373291015625,417.5904235839844,421.60040283203125,550205
2020-12-03,423.7206115722656,427.6383972167969,398.4162902832031,408.78692626953125,552141
2020-12-04,408.8330078125,422.1995849609375,404.7769470214844,407.5424499511719,721922
2020-12-07,406.34405517578125,425.24163818359375,405.1456604003906,407.726806640625,827284
2020-12-08,410.21575927734375,448.4718322753906,409.5243835449219,448.4718322753906,2673070
2020-12-09,464.6039123535156,493.3190002441406,459.2572937011719,466.0327453613281,6414093
2020-12-10,468.2912292480469,496.77587890625,463.1750793457031,488.0645751953125,2589760
2020-12-11,497.7899169921875,506.0863952636719,470.2270812988281,477.27911376953125,1552867
2020-12-14,482.1187438964844,482.57965087890625,464.0047302246094,467.46160888671875,619583
2020-12-15,471.4715576171875,481.5656433105469,466.44757080078125,471.0106506347656,749396
2020-12-16,474.467529296875,478.06268310546875,467.4154968261719,468.9365234375,444844
2020-12-17,472.8082275390625,493.18072509765625,469.3974304199219,475.9885559082031,1539755
2020-12-18,478.431396484375,480.27508544921875,467.4154968261719,469.3974304199219,481428
2020-12-21,467.18505859375,477.8782958984375,422.47613525390625,427.8688659667969,1080422
2020-12-22,431.41790771484375,444.5540466308594,391.64080810546875,427.22357177734375,1027598
2020-12-23,430.49609375,455.3855895996094,428.65240478515625,452.52789306640625,1080280
2020-12-24,455.3855895996094,457.4136047363281,445.24542236328125,452.0669860839844,493743
2020-12-28,455.06292724609375,457.0448913574219,448.379638671875,451.4677734375,384326
2020-12-29,452.52789306640625,473.8222351074219,451.4677734375,469.8583679199219,1466809
2020-12-30,472.9004211425781,514.3828735351562,462.57586669921875,507.4691467285156,6476541
2020-12-31,510.4651184082031,525.2605590820312,495.0244140625,503.8279113769531,4833247
2021-01-01,501.9381408691406,511.0182189941406,495.94622802734375,501.5233154296875,1155833
2021-01-04,506.8238830566406,514.3828735351562,477.50958251953125,482.2109375,2077416
2021-01-05,478.431396484375,495.1165771484375,476.218994140625,485.3912353515625,1224202
2021-01-06,487.6497497558594,489.6777648925781,471.6098327636719,478.06268310546875,672592
2021-01-07,480.4594421386719,490.4152526855469,475.1128234863281,478.2470397949219,598110
2021-01-08,480.643798828125,490.4152526855469,470.1349182128906,476.40338134765625,743638
2021-01-11,477.8782958984375,480.7820739746094,467.00067138671875,471.10284423828125,494697
2021-01-12,471.0567321777344,474.6518859863281,466.4936828613281,469.6278991699219,494155
2021-01-13,471.0567321777344,471.5176696777344,447.1351623535156,456.8605041503906,676192
2021-01-14,456.8605041503906,496.40716552734375,447.54998779296875,489.76995849609375,2719773
2021-01-15,491.2449035644531,505.1645812988281,479.5837097167969,491.3831787109375,2567318
2021-01-18,494.4713134765625,494.84002685546875,462.9906921386719,469.44354248046875,950501
2021-01-19,472.024658203125,488.5715637207031,471.97857666015625,485.89825439453125,726108
2021-01-20,488.0645751953125,513.368896484375,480.6899108886719,493.5033874511719,2818249
2021-01-21,494.9322204589844,497.7899169921875,472.4394836425781,477.4173889160156,874707
2021-01-22,478.431396484375,484.19287109375,467.55377197265625,473.591796875,636128
2021-01-25,476.5877380371094,479.16888427734375,449.99285888671875,457.9667053222656,856090
2021-01-27,457.9667053222656,459.0729064941406,445.33758544921875,448.33355712890625,502733
2021-01-28,444.3235778808594,456.0308532714844,439.0230407714844,448.65618896484375,497611
2021-01-29,453.40362548828125,469.5818176269531,434.18341064453125,443.4478454589844,1629372
2021-02-01,444.13922119140625,449.76239013671875,438.93084716796875,446.12115478515625,520664
2021-02-02,450.31549072265625,467.3694152832031,447.0890808105469,457.5979919433594,755117
2021-02-03,458.1510925292969,488.5254821777344,454.0028381347656,475.80419921875,1502442
2021-02-04,471.0567321777344,485.7599792480469,471.0567321777344,476.8182067871094,517565
2021-02-05,481.5656433105469,482.5335693359375,465.9866638183594,468.7982482910156,503310
2021-02-08,471.65594482421875,477.04864501953125,463.7281799316406,467.87640380859375,394469
2021-02-09,467.3694152832031,493.73382568359375,466.7702331542969,478.93841552734375,1822545
2021-02-10,483.91632080078125,497.7899169921875,475.8963623046875,481.6578369140625,1918659
2021-02-11,481.15081787109375,484.8842468261719,475.6659240722656,477.4173889160156,455987
2021-02-12,478.15484619140625,480.0906982421875,455.6621398925781,462.25323486328125,670440
2021-02-15,461.93060302734375,464.3734436035156,453.5419006347656,454.6942138671875,490585
2021-02-16,457.18316650390625,473.5456848144531,455.3855895996094,465.617919921875,717489
2021-02-17,467.9685974121094,467.9685974121094,450.77642822265625,452.9427185058594,495149
2021-02-18,456.3074035644531,456.3074035644531,441.5580749511719,447.6882629394531,529979
2021-02-19,441.5580749511719,461.7923278808594,441.5580749511719,451.42169189453125,692163
2021-02-22,453.5880126953125,456.2152404785156,440.6362609863281,443.2173767089844,431306
2021-02-23,445.6602478027344,458.05889892578125,440.4057922363281,451.2373352050781,513889
2021-02-24,452.6200866699219,458.84246826171875,447.6421813964844,450.54595947265625,206269
2021-02-25,454.6020202636719,468.0146789550781,452.1591491699219,454.3715515136719,628840
2021-02-26,451.2834167480469,481.75,448.4718322753906,462.25323486328125,2758547
2021-03-01,467.0928649902344,473.4535217285156,458.4737243652344,461.2392272949219,546653
2021-03-02,462.76025390625,478.8001403808594,458.1510925292969,470.5958251953125,1156011
2021-03-03,472.9925842285156,474.5597229003906,465.57183837890625,466.8623962402344,563244
2021-03-04,462.76025390625,476.8642883300781,455.9386901855469,459.9025573730469,748310
2021-03-05,461.8384094238281,465.9405822753906,448.9788513183594,451.3294982910156,535642
2021-03-08,454.3715515136719,455.4316711425781,445.33758544921875,446.7203369140625,400864
2021-03-09,455.7543029785156,466.90850830078125,448.9327392578125,454.18719482421875,942534
2021-03-10,456.9066162109375,459.6260070800781,451.74432373046875,454.5559387207031,304518
2021-03-12,456.3074035644531,458.1510925292969,444.5079345703125,448.33355712890625,400002
2021-03-15,450.77642822265625,450.77642822265625,433.30767822265625,439.2995910644531,452107
2021-03-16,440.86669921875,446.90472412109375,430.49609375,431.5561828613281,390466
2021-03-17,431.5561828613281,437.4098205566406,420.03326416015625,422.752685546875,375251
2021-03-18,426.5321960449219,428.56024169921875,396.4804382324219,400.9052429199219,613072
2021-03-19,397.95538330078125,397.95538330078125,380.2100830078125,390.258056640625,771155
2021-03-22,391.0416259765625,422.0152282714844,391.0416259765625,413.4882507324219,1516778
2021-03-23,414.6866455078125,416.4842224121094,405.6065979003906,407.45025634765625,483045
2021-03-24,406.5284118652344,409.98529052734375,385.3262634277344,388.1839294433594,654506
2021-03-25,390.3963317871094,392.2400207519531,375.5548400878906,376.9836730957031,480296
2021-03-26,381.5006408691406,383.80523681640625,370.5769348144531,371.5909423828125,582167
2021-03-30,375.18609619140625,400.9052429199219,375.0478210449219,395.4203186035156,1473784
2021-03-31,396.38824462890625,396.38824462890625,377.95159912109375,381.6850280761719,539058
2021-04-01,384.2661437988281,399.15374755859375,382.3302917480469,394.7750549316406,531937
2021-04-05,394.5445861816406,408.3721008300781,391.8251953125,403.8551025390625,722124
2021-04-06,408.1877136230469,435.9809875488281,403.7629089355469,423.81280517578125,1417921
2021-04-07,426.34783935546875,435.0130615234375,418.558349609375,425.9790954589844,767923
2021-04-08,426.34783935546875,434.18341064453125,421.8308410644531,423.81280517578125,624938
2021-04-09,423.81280517578125,445.1993103027344,421.2316589355469,438.1011962890625,1544645
2021-04-12,436.0270690917969,436.2114562988281,401.04351806640625,405.23785400390625,1190390
2021-04-13,408.3721008300781,418.05133056640625,403.8551025390625,411.2758483886719,622122
2021-04-15,410.5845031738281,416.6685791015625,400.3982238769531,411.04541015625,534188
2021-04-16,413.1656188964844,428.05322265625,409.34002685546875,420.81683349609375,690333
2021-04-19,420.3559265136719,431.41790771484375,408.4642639160156,421.876953125,999640
2021-04-20,426.6243896484375,488.5715637207031,424.08935546875,466.67803955078125,13751425
2021-04-22,471.97857666015625,504.8880310058594,468.7982482910156,477.6939392089844,8250689
2021-04-23,476.72601318359375,491.3370666503906,460.9626770019531,464.6499938964844,2787914
2021-04-26,470.042724609375,488.2028503417969,464.14300537109375,476.49554443359375,3715627
2021-04-27,478.3392333984375,482.1187438964844,470.2270812988281,473.4996032714844,775830
2021-04-28,475.6659240722656,484.8842468261719,467.4154968261719,470.8262939453125,1097546
2021-04-29,471.97857666015625,487.4653625488281,464.69610595703125,472.485595703125,2192474
2021-04-30,465.617919921875,491.10662841796875,465.5257568359375,474.42144775390625,2509921
2021-05-03,472.3473205566406,484.3772277832031,472.3473205566406,478.38531494140625,945632
2021-05-04,481.3351745605469,497.7899169921875,473.2230529785156,476.5416564941406,2800220
2021-05-05,480.27508544921875,513.8297729492188,477.50958251953125,492.58154296875,7434937
2021-05-06,497.7899169921875,554.9435424804688,492.2589111328125,541.853515625,11012053
2021-05-07,543.881591796875,560.197998046875,525.4448852539062,528.2564697265625,5589078
2021-05-10,533.050048828125,563.8853149414062,530.9758911132812,550.3804931640625,4914046
2021-05-11,545.172119140625,581.6766967773438,539.2723999023438,572.5505981445312,4170478
2021-05-12,577.9893798828125,604.7225341796875,569.7389526367188,581.5384521484375,6092196
2021-05-14,585.3640747070312,597.7166137695312,576.7449340820312,584.2578735351562,2570246
2021-05-17,589.3279418945312,610.2535400390625,578.2198486328125,589.4661865234375,3845610
2021-05-18,594.444091796875,596.426025390625,576.6988525390625,580.2939453125,1307704
2021-05-19,580.2017822265625,637.2171630859375,576.2839965820312,625.0028686523438,8907560
2021-05-20,631.5018310546875,659.1107177734375,625.0950927734375,636.1570434570312,6460479
2021-05-21,641.5498046875,643.9926147460938,622.32958984375,628.505859375,1920922
2021-05-24,631.4556884765625,647.1268920898438,625.9246826171875,636.018798828125,1719288
2021-05-25,640.443603515625,679.3910522460938,628.3675537109375,667.1306762695312,3537639
2021-05-26,679.2066650390625,741.9835205078125,674.7818603515625,725.1600341796875,9744495
2021-05-27,727.9716186523438,735.5767822265625,610.2535400390625,621.86865234375,10252706
2021-05-28,608.409912109375,637.35546875,597.347900390625,606.9810180664062,3996401
2021-05-31,608.409912109375,622.2373657226562,589.9732055664062,599.6524658203125,1468305
2021-06-01,599.099365234375,603.8007202148438,568.7710571289062,572.1357421875,2448016
2021-06-02,575.7769775390625,601.95703125,573.6106567382812,596.9330444335938,2015160
2021-06-03,603.3397827148438,612.8346557617188,588.5443725585938,603.293701171875,1373463
2021-06-04,607.8568115234375,613.9408569335938,599.2376708984375,603.8928833007812,937765
2021-06-07,609.1012573242188,609.1012573242188,599.2376708984375,601.2196044921875,574776
2021-06-08,603.754638671875,605.2295532226562,590.2036743164062,600.3899536132812,852128
2021-06-09,602.6023559570312,624.0810546875,597.8087768554688,605.4600219726562,1667577
2021-06-10,612.9268798828125,617.21337890625,604.7225341796875,611.5441284179688,604662
2021-06-11,615.7384643554688,616.7063598632812,601.772705078125,607.8568115234375,605216
2021-06-14,605.5521850585938,605.5521850585938,582.4602661132812,596.01123046875,528359
2021-06-15,596.426025390625,607.2114868164062,589.9732055664062,591.9090576171875,415193
2021-06-16,595.0432739257812,597.9010009765625,577.0675659179688,578.9573364257812,432559
2021-06-17,576.6066284179688,585.7788696289062,561.07373046875,566.42041015625,486752
2021-06-18,557.7090454101562,569.6467895507812,535.7694091796875,544.3885498046875,710228
2021-06-21,537.4287109375,561.30419921875,533.2804565429688,553.0537719726562,649028
2021-06-22,558.1699829101562,565.9133911132812,548.49072265625,549.8734741210938,385211
2021-06-23,556.7872314453125,560.4745483398438,514.7516479492188,517.4710693359375,2243566
2021-06-24,524.430908203125,530.0540771484375,497.05242919921875,499.49530029296875,1390277
2021-06-25,503.3208923339844,533.2804565429688,498.8039245605469,521.3888549804688,1817187
2021-06-28,520.8357543945312,523.6934204101562,491.3370666503906,496.3149719238281,2336613
2021-06-29,497.7899169921875,507.1004333496094,483.5014953613281,487.32708740234375,1148024
2021-06-30,490.1387023925781,502.8599853515625,475.6659240722656,477.5556640625,2653463
2021-07-01,479.99853515625,501.7537841796875,474.8362731933594,498.2508239746094,1518272
2021-07-02,502.8599853515625,502.8599853515625,488.5715637207031,491.75189208984375,644670
2021-07-05,495.94622802734375,506.962158203125,490.87615966796875,500.04840087890625,975377
2021-07-06,501.47723388671875,520.8357543945312,500.5553894042969,511.1103820800781,2027438
2021-07-07,512.4931640625,517.1483764648438,501.5694274902344,509.4971923828125,688440
2021-07-08,509.4971923828125,512.3087768554688,493.8260192871094,500.8780517578125,512228
2021-07-09,502.3990783691406,504.24273681640625,494.9322204589844,497.83599853515625,301989
2021-07-12,502.3990783691406,506.77777099609375,496.130615234375,501.0163269042969,326843
2021-07-13,504.1966552734375,511.6174011230469,500.094482421875,503.5513610839844,470777
2021-07-14,504.8880310058594,506.45513916015625,494.4713134765625,495.85406494140625,371938
2021-07-15,498.4812927246094,503.2287292480469,490.2769775390625,493.1346435546875,401043
2021-07-16,497.7899169921875,531.1141967773438,494.3791198730469,527.933837890625,2764677
2021-07-19,524.200439453125,545.7252197265625,521.8036499023438,535.44677734375,1425637
2021-07-20,539.2723999023438,540.8395385742188,503.2287292480469,514.01416015625,1188592
2021-07-22,517.8397827148438,538.3505859375,498.15863037109375,507.23870849609375,2676696
2021-07-23,510.695556640625,514.70556640625,500.5553894042969,505.39501953125,656368
2021-07-26,506.731689453125,520.2826538085938,503.5974426269531,506.68560791015625,549366
2021-07-27,512.447021484375,515.2586669921875,480.5516357421875,486.5435485839844,901096
2021-07-28,488.5715637207031,489.8621520996094,468.10687255859375,475.94244384765625,724939
2021-07-29,477.3251953125,485.3912353515625,477.27911376953125,478.661865234375,311381
2021-07-30,478.8001403808594,494.5634765625,478.431396484375,487.8341064453125,472431
2021-08-02,491.98236083984375,493.18072509765625,483.96240234375,487.1427307128906,247653
2021-08-03,489.21685791015625,499.3570251464844,484.4233093261719,487.6036376953125,432251
2021-08-04,489.0785827636719,492.81201171875,474.3292541503906,478.70794677734375,359059
2021-08-05,480.27508544921875,481.0125427246094,466.8623962402344,473.5456848144531,454342
2021-08-06,474.6518859863281,474.74407958984375,466.5397644042969,469.4896240234375,332925
2021-08-09,470.1349182128906,481.0125427246094,467.3233337402344,473.96051025390625,349610
2021-08-10,475.61981201171875,483.91632080078125,450.86859130859375,459.3494567871094,507987
2021-08-11,460.91656494140625,462.52978515625,433.2615966796875,439.94488525390625,669086
2021-08-12,442.47991943359375,454.786376953125,440.7745361328125,450.77642822265625,353991
2021-08-13,454.4637451171875,487.3731994628906,454.4637451171875,472.0707702636719,1815977
2021-08-16,473.8222351074219,474.74407958984375,459.0729064941406,460.27130126953125,311790
2021-08-17,460.7322082519531,460.7322082519531,447.22735595703125,450.3616027832031,352328
2021-08-18,451.6982421875,453.2653503417969,436.94891357421875,442.24945068359375,439848
2021-08-20,419.43408203125,437.8707580566406,415.0553894042969,418.3739929199219,671970
2021-08-23,422.1995849609375,426.7626647949219,391.7790832519531,394.4524230957031,614190
2021-08-24,394.5445861816406,414.08746337890625,387.3081970214844,412.2898864746094,607332
2021-08-25,412.151611328125,414.364013671875,400.7669677734375,402.6106262207031,349693
2021-08-26,403.4863586425781,428.65240478515625,378.50469970703125,382.6068420410156,3574702
2021-08-27,385.23406982421875,390.8572692871094,362.46478271484375,365.23028564453125,3053547
2021-08-30,368.9637145996094,381.638916015625,365.2763977050781,375.8774719238281,1285881
2021-08-31,376.7532043457031,380.71710205078125,371.7752990722656,373.6189880371094,533337
2021-09-01,373.250244140625,377.675048828125,366.88958740234375,369.5168151855469,538129
2021-09-02,371.4987487792969,392.19390869140625,370.5769348144531,387.2621154785156,1388622
2021-09-03,389.7510681152344,396.4804382324219,385.9254455566406,387.9534912109375,536156
2021-09-06,389.0135803222656,392.6087341308594,380.76318359375,384.03570556640625,424499
2021-09-07,377.95159912109375,385.0036315917969,376.84539794921875,378.55078125,297329
2021-09-08,380.6249084472656,391.7790832519531,378.55078125,384.03570556640625,453633
2021-09-09,383.2060546875,386.6168212890625,380.3022766113281,383.1138610839844,265046
2021-09-13,382.2842102050781,386.89337158203125,380.80926513671875,382.2381286621094,283787
2021-09-14,385.0036315917969,388.7370300292969,383.1138610839844,384.7731628417969,405174
2021-09-15,386.4324645996094,414.17962646484375,385.3262634277344,410.9532165527344,2910681
2021-09-16,411.09149169921875,414.6866455078125,401.9653625488281,405.0534973144531,822199
2021-09-17,406.4362487792969,420.1715393066406,390.9033508300781,405.79095458984375,1191485
2021-09-20,403.7629089355469,416.6685791015625,393.0696716308594,397.5866394042969,685055
2021-09-21,397.95538330078125,401.320068359375,386.7090148925781,391.3642578125,505932
2021-09-22,393.0696716308594,401.8731689453125,390.3963317871094,396.5265197753906,376431
2021-09-23,399.5685729980469,405.46832275390625,397.40228271484375,399.15374755859375,378720
2021-09-24,401.1817932128906,401.2278747558594,389.7510681152344,392.2400207519531,380797
2021-09-27,395.2359619140625,416.115478515625,388.1378479003906,411.09149169921875,1498712
2021-09-28,410.21575927734375,411.09149169921875,396.84918212890625,402.6567077636719,467680
2021-09-29,400.0755920410156,421.0011901855469,397.3100891113281,410.2618408203125,1256570
2021-09-30,408.3721008300781,429.5742492675781,408.3721008300781,419.20361328125,1333350
2021-10-01,416.4381408691406,423.7666931152344,412.98126220703125,416.06939697265625,656210
2021-10-04,417.49822998046875,423.85888671875,410.21575927734375,411.87506103515625,553543
2021-10-05,412.796875,419.43408203125,409.2939147949219,413.02734375,600603
2021-10-06,413.9491882324219,422.9370422363281,405.6987609863281,408.9712829589844,675314
2021-10-07,411.04541015625,447.9187316894531,410.7227478027344,442.7564697265625,3040999
2021-10-08,456.3074035644531,492.53546142578125,456.3074035644531,467.0928649902344,6883680
2021-10-11,468.2912292480469,468.2912292480469,445.24542236328125,449.11712646484375,1437172
2021-10-12,448.65618896484375,459.211181640625,447.0890808105469,452.7122497558594,762943
2021-10-13,453.5419006347656,455.9847717285156,443.4017333984375,444.5079345703125,668135
2021-10-14,446.67425537109375,459.0729064941406,444.3235778808594,452.1591491699219,975555
2021-10-18,456.0308532714844,456.0308532714844,443.58612060546875,444.9227600097656,446629
2021-10-19,445.24542236328125,451.2373352050781,426.7626647949219,429.6203308105469,576850
2021-10-20,427.7305908203125,429.0672302246094,410.3079528808594,415.3780212402344,583988
2021-10-21,416.6685791015625,431.41790771484375,412.6125183105469,426.1634826660156,607101
2021-10-22,426.34783935546875,429.43597412109375,407.68072509765625,412.6125183105469,499968
2021-10-25,410.9532165527344,413.903076171875,392.3321838378906,398.04754638671875,548024
2021-10-26,398.3240966796875,408.3721008300781,396.4804382324219,401.1817932128906,427868
2021-10-27,401.8731689453125,411.5063171386719,400.16778564453125,401.6888122558594,457701
2021-10-28,401.8731689453125,404.68475341796875,390.44244384765625,393.80712890625,383771
2021-10-29,389.0135803222656,397.77099609375,385.5567321777344,393.57666015625,395577
2021-11-01,395.0976867675781,400.0755920410156,390.9033508300781,393.8993225097656,289286
2021-11-02,394.63677978515625,405.1456604003906,394.5906982421875,400.0755920410156,353398
2021-11-03,401.91925048828125,413.7187194824219,399.8912353515625,403.302001953125,759370
2021-11-04,405.6065979003906,406.8049621582031,404.408203125,406.02142333984375,66440
2021-11-08,408.32598876953125,436.94891357421875,396.38824462890625,426.99310302734375,3693230
2021-11-09,423.9510803222656,442.15728759765625,417.5904235839844,431.5101013183594,1273811
2021-11-10,428.65240478515625,440.221435546875,420.0793762207031,423.58233642578125,711513
2021-11-11,423.7666931152344,428.3758544921875,415.5623779296875,418.1896057128906,573494
2021-11-12,420.309814453125,422.1995849609375,413.07342529296875,416.62249755859375,304820
2021-11-15,417.5904235839844,432.3397521972656,411.690673828125,429.159423828125,1022834
2021-11-16,431.41790771484375,436.0270690917969,419.43408203125,421.2316589355469,631922
2021-11-17,420.1715393066406,431.8327331542969,418.558349609375,421.36993408203125,424171
2021-11-18,421.7386779785156,424.8268127441406,405.6065979003906,407.0815124511719,489634
2021-11-22,407.21978759765625,409.3861083984375,383.6208801269531,388.5987548828125,505605
2021-11-23,385.0497131347656,400.0755920410156,379.93353271484375,397.8171081542969,559064
2021-11-24,400.6286926269531,405.514404296875,396.38824462890625,397.0796203613281,381104
2021-11-25,397.125732421875,413.903076171875,390.99554443359375,401.7809753417969,855141
2021-11-26,397.40228271484375,416.6685791015625,392.700927734375,396.3421630859375,1007585
2021-11-29,397.3100891113281,402.5645446777344,386.4785461425781,388.0917663574219,563246
2021-11-30,388.9214172363281,404.7308349609375,388.8292236328125,401.5044250488281,928810
2021-12-01,404.13165283203125,406.66668701171875,397.49444580078125,400.1216735839844,400997
2021-12-02,399.8912353515625,403.7629089355469,394.95941162109375,397.3561706542969,301915
2021-12-03,399.06158447265625,412.98126220703125,397.6788330078125,406.4823303222656,1026411
2021-12-06,406.5284118652344,409.89312744140625,391.7790832519531,394.913330078125,462693
2021-12-07,396.38824462890625,400.49041748046875,394.72894287109375,398.7389221191406,295294
2021-12-08,400.9052429199219,405.514404296875,398.4623718261719,400.2138671875,350086
2021-12-09,401.91925048828125,405.3300476074219,399.1998596191406,400.6747741699219,294082
2021-12-10,400.4443359375,415.74676513671875,399.1998596191406,404.3160095214844,1151769
2021-12-13,405.6065979003906,419.2958068847656,405.00738525390625,406.5284118652344,1119775
2021-12-14,405.3761291503906,412.19769287109375,402.8871765136719,404.7769470214844,395046
2021-12-15,405.6065979003906,407.5424499511719,394.63677978515625,397.0796203613281,325417
2021-12-16,399.15374755859375,400.9052429199219,390.8572692871094,393.80712890625,254410
2021-12-17,394.5445861816406,395.6968688964844,380.48663330078125,381.82330322265625,399192
2021-12-20,378.3203125,378.3203125,342.69146728515625,361.4507751464844,1378278
2021-12-21,364.12408447265625,373.0658874511719,358.1321716308594,360.48284912109375,635385
2021-12-22,360.71331787109375,365.69122314453125,357.8556213378906,359.56103515625,739324
2021-12-23,362.2804260253906,365.4146728515625,361.58905029296875,363.1561584472656,421906
2021-12-24,364.12408447265625,367.71923828125,359.05401611328125,361.03594970703125,413277
2021-12-27,360.3445739746094,364.67718505859375,357.71734619140625,363.2022705078125,409396
2021-12-28,363.2022705078125,366.56695556640625,361.4046936035156,362.5569763183594,370338
2021-12-29,362.2804260253906,376.9375915527344,362.14215087890625,366.56695556640625,1530693
2021-12-30,366.88958740234375,371.86749267578125,366.24432373046875,368.6871643066406,465281
2021-12-31,370.20819091796875,390.5807189941406,369.88555908203125,380.5788269042969,2268191
2022-01-03,380.5788269042969,386.9855651855469,378.04376220703125,380.5788269042969,540773
2022-01-04,387.0316467285156,411.5063171386719,384.4505310058594,403.6707458496094,3414909
2022-01-05,403.80902099609375,411.1375732421875,395.0054931640625,402.38018798828125,1347788
2022-01-06,402.38018798828125,420.81683349609375,401.9653625488281,404.13165283203125,3070674
2022-01-07,405.9292297363281,406.11358642578125,386.8472900390625,392.5165710449219,1409457
2022-01-10,396.2038879394531,401.7809753417969,393.0696716308594,394.40631103515625,748348
2022-01-11,395.4203186035156,396.4804382324219,388.0917663574219,389.42840576171875,443731
2022-01-12,391.7790832519531,392.700927734375,386.2480773925781,388.32220458984375,340700
2022-01-13,388.0917663574219,399.4302978515625,387.4925537109375,394.7750549316406,712430
2022-01-14,392.700927734375,401.36614990234375,391.0416259765625,394.5445861816406,833308
2022-01-17,394.40631103515625,402.8410949707031,389.10577392578125,389.8432312011719,562415
2022-01-18,391.2259826660156,394.08367919921875,382.5607604980469,385.14190673828125,360890
2022-01-19,384.12786865234375,392.0556335449219,379.7952575683594,389.38232421875,538263
2022-01-20,389.33624267578125,393.2540283203125,384.4966125488281,385.5106201171875,308645
2022-01-21,383.851318359375,388.5987548828125,375.3704528808594,377.675048828125,307373
2022-01-24,376.1079406738281,376.4766540527344,359.5149230957031,363.52490234375,458591
2022-01-25,357.7634582519531,367.3044128417969,354.9979553222656,364.9537353515625,322746
2022-01-27,364.861572265625,369.56292724609375,349.65130615234375,363.24835205078125,778375
2022-01-28,363.29443359375,374.40252685546875,361.54296875,363.1100769042969,442346
2022-01-31,366.613037109375,370.3925476074219,359.83758544921875,363.01788330078125,315841
2022-02-01,365.4146728515625,367.5809631347656,360.8515930175781,362.9718017578125,255233
2022-02-02,365.9677734375,371.91357421875,364.2162780761719,366.4286804199219,311880
2022-02-03,368.3645324707031,369.56292724609375,361.9577941894531,363.3405456542969,287481
2022-02-04,365.0459289550781,367.0278625488281,361.0820617675781,364.03192138671875,264837
2022-02-07,363.2022705078125,364.8154602050781,355.8276062011719,357.94781494140625,267842
2022-02-08,373.3424377441406,376.6610412597656,362.2343444824219,363.47882080078125,994199
2022-02-09,364.2162780761719,365.9677734375,357.993896484375,360.16021728515625,245353
2022-02-10,360.2524108886719,371.6831359863281,358.5469970703125,367.5348815917969,464844
2022-02-11,364.12408447265625,387.44647216796875,364.12408447265625,380.3022766113281,1259463
2022-02-14,372.42059326171875,372.8815002441406,357.6712646484375,359.7914733886719,398828
2022-02-15,357.2564392089844,363.3405456542969,343.0141296386719,355.73541259765625,458601
2022-02-16,358.27044677734375,364.03192138671875,352.693359375,356.61114501953125,332821
2022-02-17,358.27044677734375,362.0499572753906,344.02813720703125,348.5912170410156,430995
2022-02-18,347.0701904296875,349.835693359375,342.968017578125,344.1203308105469,243892
2022-02-21,342.0000915527344,374.7251892089844,332.7817687988281,350.5270690917969,1975932
2022-02-22,341.0782775878906,364.12408447265625,339.92596435546875,347.3006286621094,869068
2022-02-23,349.4669494628906,355.4588623046875,344.7655944824219,346.9779968261719,290457
2022-02-24,336.4691162109375,341.0782775878906,299.872314453125,303.37530517578125,865323
2022-02-25,304.2049560546875,321.6275939941406,304.2049560546875,313.8381042480469,648645
2022-02-28,312.2248840332031,315.2669372558594,305.9564208984375,312.54754638671875,390649
2022-03-02,309.4593811035156,317.571533203125,309.0445556640625,311.7178955078125,285971
2022-03-03,316.6496887207031,318.5394592285156,310.5195007324219,313.8381042480469,286473
2022-03-04,314.8060302734375,321.6275939941406,312.87017822265625,319.3691101074219,880276
2022-03-07,315.9122314453125,318.49334716796875,302.6378173828125,313.6537170410156,742905
2022-03-08,313.0,321.6499938964844,304.6000061035156,308.20001220703125,1490701
2022-03-09,312.0,314.3999938964844,304.70001220703125,308.3500061035156,741877
2022-03-10,313.0,326.3999938964844,310.6000061035156,313.1499938964844,958201
2022-03-11,313.1499938964844,317.0,309.0,310.0,619613
2022-03-14,309.25,313.20001220703125,305.0,306.20001220703125,487226
2022-03-15,307.0,309.70001220703125,287.3500061035156,289.0,946926
2022-03-16,293.0,298.25,288.79998779296875,289.75,1178887
2022-03-17,292.20001220703125,295.29998779296875,290.25,292.25,466620
2022-03-21,300.0,334.75,299.04998779296875,326.3500061035156,4535098
2022-03-22,325.79998779296875,325.79998779296875,310.70001220703125,311.75,1195676
2022-03-23,313.6499938964844,320.29998779296875,308.54998779296875,311.3999938964844,828170
2022-03-24,311.5,320.0,306.8999938964844,312.5,813049
2022-03-25,314.8999938964844,314.8999938964844,300.6000061035156,302.20001220703125,651035
2022-03-28,304.75,310.0,295.20001220703125,297.45001220703125,941796
2022-03-29,295.0,299.0,280.45001220703125,282.1000061035156,1453263
2022-03-30,285.1000061035156,285.1000061035156,274.04998779296875,274.8999938964844,1105474
2022-03-31,259.75,271.0,254.3000030517578,263.6000061035156,2901970
2022-04-01,265.70001220703125,284.79998779296875,265.6499938964844,282.8500061035156,1839047
2022-04-04,282.3999938964844,289.8999938964844,281.8999938964844,288.25,952536
2022-04-05,290.0,295.5,288.3500061035156,292.54998779296875,842815
2022-04-06,292.0,313.20001220703125,289.3999938964844,303.8999938964844,3415709
2022-04-07,303.95001220703125,315.8999938964844,302.6000061035156,304.8500061035156,2089636
2022-04-08,307.0,312.20001220703125,303.3500061035156,305.5,737567
2022-04-11,300.0,306.25,300.0,302.25,523256
2022-04-12,303.0,307.0,301.0,301.8500061035156,558528
2022-04-13,304.5,304.6000061035156,298.0,299.04998779296875,428426
2022-04-18,295.6000061035156,298.0,286.20001220703125,288.5,680286
2022-04-19,291.8999938964844,294.79998779296875,281.95001220703125,285.6499938964844,377220
2022-04-20,288.0,291.6000061035156,284.3500061035156,285.20001220703125,272866
2022-04-21,287.75,290.5,286.95001220703125,289.29998779296875,292100
2022-04-22,289.0,292.95001220703125,287.45001220703125,289.3500061035156,360456
2022-04-25,285.5,287.70001220703125,279.95001220703125,282.1499938964844,366045
2022-04-26,284.79998779296875,285.75,280.6499938964844,282.5,251221
2022-04-27,282.1000061035156,283.54998779296875,275.0,278.20001220703125,306483
2022-04-28,279.1000061035156,284.0,278.0,279.5,287699
2022-04-29,281.5,282.3500061035156,273.29998779296875,275.54998779296875,328507
2022-05-02,273.1000061035156,275.5,269.0,270.79998779296875,242024
2022-05-04,271.5,272.95001220703125,265.0,267.1000061035156,309843
2022-05-05,269.3500061035156,270.5,262.1000061035156,264.6000061035156,259637
2022-05-06,262.0,262.0,255.0500030517578,257.54998779296875,313139
2022-05-09,256.1499938964844,256.54998779296875,251.0,253.0,252246
2022-05-10,253.35000610351562,255.5,250.10000610351562,251.35000610351562,203202
2022-05-11,252.0,253.0,229.1999969482422,237.0,497442
2022-05-12,233.0,235.9499969482422,228.3000030517578,230.39999389648438,261963
2022-05-13,234.89999389648438,241.6999969482422,230.5,234.64999389648438,354458
2022-05-16,237.6999969482422,239.9499969482422,234.35000610351562,238.39999389648438,181298
2022-05-17,239.0,245.0,239.0,244.64999389648438,199439
2022-05-18,244.39999389648438,288.3999938964844,244.39999389648438,283.25,5991748
2022-05-19,272.0,280.0,265.29998779296875,268.3500061035156,2012534
2022-05-20,273.3999938964844,278.0,267.54998779296875,271.25,696071
2022-05-23,272.0,291.6499938964844,268.20001220703125,281.75,1440738
2022-05-24,284.0,293.79998779296875,277.79998779296875,279.70001220703125,1485246
2022-05-25,281.5,284.3500061035156,260.04998779296875,262.04998779296875,532775
2022-05-26,265.0,266.3500061035156,249.0,262.8500061035156,441654
2022-05-27,264.20001220703125,272.70001220703125,264.20001220703125,267.79998779296875,718919
2022-05-30,270.79998779296875,274.45001220703125,267.29998779296875,268.6000061035156,434122
2022-05-31,255.0,266.0,254.64999389648438,258.54998779296875,879761
2022-06-01,258.0,268.0,258.0,264.75,393011
2022-06-02,265.70001220703125,269.3500061035156,264.75,266.25,324769
2022-06-03,269.25,269.5,261.5,262.29998779296875,278923
2022-06-06,261.5,266.95001220703125,257.3500061035156,262.04998779296875,252104
2022-06-07,262.0,262.0,252.9499969482422,256.29998779296875,383642
2022-06-08,257.6000061035156,259.8999938964844,255.0500030517578,256.75,226455
2022-06-09,254.0,255.1999969482422,247.6999969482422,248.85000610351562,424088
2022-06-10,243.3000030517578,247.9499969482422,241.85000610351562,242.60000610351562,348475
2022-06-13,240.0,240.0,232.64999389648438,236.0,355675
2022-06-14,235.10000610351562,240.64999389648438,232.35000610351562,238.0500030517578,326558
2022-06-15,241.5500030517578,244.9499969482422,239.14999389648438,241.0500030517578,288880
2022-06-16,244.0,244.25,230.0,231.0,337061
2022-06-17,232.25,232.5,226.0,229.0500030517578,279000
2022-06-20,232.5,232.5,210.0500030517578,215.3000030517578,466937
2022-06-21,217.0,223.4499969482422,217.0,220.5,320751
2022-06-22,220.0,221.60000610351562,214.39999389648438,216.35000610351562,253728
2022-06-23,216.8000030517578,224.0,216.14999389648438,221.5,272999
2022-06-24,223.0,227.75,218.10000610351562,221.25,497927
2022-06-27,224.5,226.25,220.14999389648438,221.5500030517578,282530
2022-06-28,219.9499969482422,221.0,211.10000610351562,212.64999389648438,1435565
2022-06-29,214.0,215.64999389648438,209.0,209.8000030517578,2126828
2022-06-30,211.0,212.1999969482422,207.0,208.5500030517578,736572
2022-07-01,206.9499969482422,208.8000030517578,205.14999389648438,207.85000610351562,375081
2022-07-04,208.0,211.89999389648438,206.0,207.1999969482422,543755
2022-07-05,208.39999389648438,212.39999389648438,204.85000610351562,205.64999389648438,1314364
2022-07-06,205.5,207.39999389648438,201.5,206.14999389648438,411437
2022-07-07,207.9499969482422,212.0,206.89999389648438,209.10000610351562,547734
2022-07-08,211.0,212.9499969482422,208.10000610351562,209.14999389648438,445288
2022-07-11,207.89999389648438,215.0,207.25,212.75,806331
2022-07-12,212.25,220.0,211.85000610351562,213.0,748499
2022-07-13,214.10000610351562,217.64999389648438,213.14999389648438,214.75,506458
2022-07-14,215.10000610351562,219.8000030517578,211.5,212.35000610351562,869640
2022-07-15,213.5,214.5,208.85000610351562,211.89999389648438,290031
2022-07-18,213.6999969482422,214.5,211.4499969482422,212.85000610351562,377780
2022-07-19,212.0,216.5,212.0,214.4499969482422,437188
2022-07-20,216.5,217.0,214.0,214.4499969482422,422212
2022-07-21,214.0,224.4499969482422,213.6999969482422,221.64999389648438,1307867
2022-07-22,222.39999389648438,225.9499969482422,217.35000610351562,218.9499969482422,614222
2022-07-25,219.9499969482422,219.9499969482422,215.4499969482422,217.60000610351562,259783
2022-07-26,218.25,218.25,213.0,214.60000610351562,251470
2022-07-27,212.10000610351562,217.89999389648438,211.35000610351562,215.35000610351562,295906
2022-07-28,216.5,223.75,214.5500030517578,217.64999389648438,510661
2022-07-29,218.5500030517578,224.5500030517578,217.3000030517578,221.0500030517578,577973
2022-08-01,220.0,227.60000610351562,219.9499969482422,222.60000610351562,540831
2022-08-02,222.89999389648438,236.35000610351562,220.25,233.9499969482422,1946524
2022-08-03,235.0,242.9499969482422,234.0,237.3000030517578,1340742
2022-08-04,238.75,239.89999389648438,227.3000030517578,235.4499969482422,797481
2022-08-05,236.0500030517578,238.3000030517578,231.39999389648438,234.0,476054
2022-08-08,234.10000610351562,238.39999389648438,232.75,233.5,357302
2022-08-10,233.89999389648438,234.4499969482422,229.10000610351562,230.39999389648438,303568
2022-08-11,231.89999389648438,233.25,229.5,232.0500030517578,317938
2022-08-12,233.0,242.1999969482422,231.0,236.60000610351562,874998
2022-08-16,234.0,235.5,227.10000610351562,231.0500030517578,663843
2022-08-17,232.39999389648438,236.5,232.10000610351562,233.5,372004
2022-08-18,234.8000030517578,237.5,232.4499969482422,234.4499969482422,416788
2022-08-19,234.9499969482422,267.3500061035156,232.0,263.0,5972773
2022-08-22,259.8999938964844,269.8999938964844,255.35000610351562,259.79998779296875,2325057
2022-08-23,256.54998779296875,263.0,254.1999969482422,256.1000061035156,688021
2022-08-24,256.1000061035156,264.70001220703125,253.85000610351562,256.1000061035156,1504988
2022-08-25,259.1000061035156,259.1000061035156,245.8000030517578,248.0500030517578,1987164
2022-08-26,250.60000610351562,252.0,241.39999389648438,242.9499969482422,1849072
2022-08-29,234.0,242.9499969482422,234.0,238.35000610351562,613526
2022-08-30,238.8000030517578,242.4499969482422,238.64999389648438,240.9499969482422,666464
2022-09-01,239.75,243.0,234.64999389648438,237.3000030517578,460398
2022-09-02,238.8000030517578,239.60000610351562,234.8000030517578,235.60000610351562,403481
2022-09-05,236.0,247.9499969482422,234.0500030517578,242.6999969482422,2867243
2022-09-06,245.3000030517578,259.70001220703125,245.14999389648438,255.5,3893758
2022-09-07,253.8000030517578,282.0,252.5,278.0,8808285
2022-09-08,282.5,282.54998779296875,267.29998779296875,270.29998779296875,2776027
2022-09-09,272.5,272.5,258.0,260.6499938964844,1894388
2022-09-12,261.1499938964844,282.0,261.0,277.8999938964844,3661966
2022-09-13,279.3999938964844,280.0,270.1000061035156,272.75,1193334
2022-09-14,270.0,282.3999938964844,266.0,275.79998779296875,2367523
2022-09-15,277.0,280.25,270.0,270.8999938964844,801890
2022-09-16,271.6499938964844,275.6499938964844,255.10000610351562,257.6499938964844,1193281
2022-09-19,260.04998779296875,261.79998779296875,253.75,255.6999969482422,484514
2022-09-20,258.5,265.8999938964844,258.0,259.20001220703125,787889
2022-09-21,260.0,262.45001220703125,252.60000610351562,253.9499969482422,557517
2022-09-22,255.89999389648438,263.1000061035156,250.39999389648438,258.6499938964844,675897
2022-09-23,259.70001220703125,262.0,253.35000610351562,256.3500061035156,748580
2022-09-26,255.0,255.0,235.39999389648438,239.25,750108
2022-09-27,240.9499969482422,247.0,235.5500030517578,243.75,677463
2022-09-28,240.0500030517578,246.60000610351562,237.10000610351562,238.25,874724
2022-09-29,241.4499969482422,246.5,236.5,241.0,511982
2022-09-30,241.0,246.6999969482422,240.10000610351562,244.0,463815
2022-10-03,244.0,253.0,238.5,240.25,1135733
2022-10-04,244.0,247.6999969482422,243.14999389648438,245.89999389648438,398914
2022-10-06,247.85000610351562,252.25,246.3000030517578,247.5,453042
2022-10-07,247.5,258.0,247.0,253.5500030517578,871182
2022-10-10,250.0500030517578,252.4499969482422,242.1999969482422,243.10000610351562,677644
2022-10-11,243.6999969482422,254.64999389648438,243.6999969482422,246.89999389648438,995656
2022-10-12,248.0,248.39999389648438,240.25,243.64999389648438,273424
2022-10-13,244.0,246.0500030517578,239.39999389648438,241.10000610351562,325191
2022-10-14,245.0500030517578,249.5,242.89999389648438,243.64999389648438,512114
2022-10-17,243.1999969482422,244.9499969482422,241.0,244.0,252330
2022-10-18,246.0,247.0500030517578,242.5,244.39999389648438,285985
2022-10-19,244.89999389648438,246.9499969482422,241.10000610351562,242.5,293473
2022-10-20,242.39999389648438,245.5500030517578,240.5,243.75,256672
2022-10-21,246.8000030517578,249.85000610351562,240.0,241.75,467890
2022-10-24,242.89999389648438,242.89999389648438,239.0,240.0500030517578,126040
2022-10-25,241.3000030517578,241.85000610351562,237.8000030517578,238.3000030517578,195098
2022-10-27,239.89999389648438,240.89999389648438,237.35000610351562,239.5500030517578,213882
2022-10-28,240.75,241.0,235.0,236.60000610351562,273365
2022-10-31,238.0,239.89999389648438,232.5500030517578,233.4499969482422,307705
2022-11-01,233.89999389648438,239.1999969482422,233.89999389648438,236.6999969482422,342311
2022-11-02,237.5,242.14999389648438,236.8000030517578,240.4499969482422,437394
2022-11-03,240.10000610351562,245.75,239.3000030517578,241.4499969482422,467920
2022-11-04,243.0,247.89999389648438,236.0,239.1999969482422,1178373
2022-11-07,238.25,239.89999389648438,236.25,238.9499969482422,327867
2022-11-09,239.89999389648438,241.0,237.14999389648438,238.10000610351562,321077
2022-11-10,238.5,242.60000610351562,226.85000610351562,228.75,593622
2022-11-11,232.6999969482422,233.0,222.75,225.39999389648438,541855
2022-11-14,227.0500030517578,241.3000030517578,227.0500030517578,236.75,1021057
2022-11-15,237.9499969482422,238.75,234.25,236.9499969482422,603009
2022-11-16,237.1999969482422,242.6999969482422,235.3000030517578,237.35000610351562,743563
2022-11-17,237.0,241.6999969482422,234.85000610351562,235.5500030517578,307636
2022-11-18,235.60000610351562,237.5,233.0500030517578,234.25,231787
2022-11-21,234.1999969482422,235.1999969482422,227.85000610351562,230.0,217116
2022-11-22,231.14999389648438,237.0,229.3000030517578,235.5,513189
2022-11-23,236.5,240.85000610351562,234.85000610351562,240.10000610351562,486438
2022-11-24,241.0,245.89999389648438,239.0,240.4499969482422,665570
2022-11-25,241.0,243.0,237.0500030517578,238.0500030517578,284170
2022-11-28,238.0500030517578,241.25,236.9499969482422,238.8000030517578,285220
2022-11-29,239.5500030517578,239.64999389648438,236.5,237.8000030517578,254576
2022-11-30,238.89999389648438,242.39999389648438,237.0,237.89999389648438,403061
2022-12-01,238.9499969482422,248.8000030517578,238.14999389648438,243.35000610351562,1358761
2022-12-02,244.35000610351562,246.25,242.0,243.6999969482422,416373
2022-12-05,244.75,245.0,235.0500030517578,236.0,1417770
2022-12-06,236.0,237.0,227.10000610351562,228.14999389648438,1684822
2022-12-07,229.8000030517578,231.5500030517578,223.60000610351562,224.9499969482422,2070473
2022-12-08,226.0,234.0,226.0,230.5500030517578,1043477
2022-12-09,231.75,233.35000610351562,223.3000030517578,226.3000030517578,672475
2022-12-12,226.0,227.4499969482422,224.5,225.25,491358
2022-12-13,226.39999389648438,227.5,224.14999389648438,224.5500030517578,426775
2022-12-14,225.60000610351562,227.6999969482422,223.5,224.10000610351562,563481
2022-12-15,225.25,227.4499969482422,222.35000610351562,223.14999389648438,502652
2022-12-16,223.5,223.60000610351562,218.9499969482422,220.25,526219
2022-12-19,221.39999389648438,226.25,219.6999969482422,223.6999969482422,638422
2022-12-20,226.39999389648438,230.4499969482422,225.0,225.64999389648438,2491081
2022-12-21,227.60000610351562,235.0,222.5,228.6999969482422,3498438
2022-12-22,229.5,239.6999969482422,228.5,236.35000610351562,6543949
2022-12-23,236.75,241.89999389648438,221.10000610351562,223.39999389648438,3132762
2022-12-26,227.0,231.0,225.10000610351562,226.5,1045702
2022-12-27,227.64999389648438,229.6999969482422,224.5,224.85000610351562,747332
2022-12-28,225.6999969482422,227.89999389648438,221.25,223.10000610351562,823708
2022-12-29,223.3000030517578,227.8000030517578,223.10000610351562,224.64999389648438,678631
2022-12-30,225.89999389648438,226.75,222.35000610351562,223.0500030517578,584349
2023-01-02,223.85000610351562,226.3000030517578,221.6999969482422,223.89999389648438,532908
2023-01-03,224.60000610351562,234.0,224.14999389648438,229.10000610351562,2080686
2023-01-04,230.0,237.64999389648438,228.6999969482422,232.1999969482422,3053680
2023-01-05,232.6999969482422,236.0,228.75,235.0,1141257
2023-01-06,235.0,236.6999969482422,226.0,229.0,1043241
2023-01-09,232.0,232.6999969482422,229.10000610351562,231.14999389648438,642856
2023-01-10,231.5500030517578,232.0,226.3000030517578,226.9499969482422,599180
2023-01-11,227.9499969482422,228.35000610351562,224.64999389648438,226.5,436374
2023-01-12,227.0,227.39999389648438,223.5,224.10000610351562,445606
2023-01-13,224.0,225.39999389648438,222.5500030517578,223.85000610351562,360301
2023-01-16,224.6999969482422,229.9499969482422,223.85000610351562,226.89999389648438,495253
2023-01-17,225.35000610351562,227.35000610351562,221.4499969482422,223.0500030517578,379418
2023-01-18,224.0,224.85000610351562,222.25,223.14999389648438,302062
2023-01-19,222.5,224.75,221.25,222.25,285026
2023-01-20,222.89999389648438,223.60000610351562,217.0,217.39999389648438,450034
2023-01-23,218.5,218.89999389648438,213.64999389648438,214.8000030517578,410889
2023-01-24,215.85000610351562,217.35000610351562,212.0,212.6999969482422,328359
2023-01-25,212.5,213.10000610351562,203.35000610351562,204.5,876779
2023-01-27,205.39999389648438,206.6999969482422,195.0,197.8000030517578,882881
2023-01-30,197.75,202.89999389648438,195.10000610351562,198.6999969482422,450220
2023-01-31,199.9499969482422,207.8000030517578,199.0,206.14999389648438,444303
2023-02-01,206.1999969482422,208.3000030517578,196.25,199.0500030517578,373928
2023-02-02,200.0,203.0,196.5500030517578,197.85000610351562,360575
2023-02-03,198.89999389648438,202.64999389648438,192.1999969482422,194.35000610351562,523079
2023-02-06,194.6999969482422,198.0,193.39999389648438,195.5500030517578,304615
2023-02-07,196.39999389648438,196.39999389648438,192.89999389648438,193.25,306513
2023-02-08,193.8000030517578,197.75,191.39999389648438,195.10000610351562,494339
2023-02-09,195.8000030517578,196.85000610351562,194.0,194.9499969482422,290029
2023-02-10,194.8000030517578,196.0,193.14999389648438,194.25,334849
2023-02-13,194.89999389648438,198.0,186.1999969482422,191.9499969482422,886295
2023-02-14,188.1999969482422,189.89999389648438,184.3000030517578,186.89999389648438,588683
2023-02-15,185.3000030517578,192.1999969482422,185.3000030517578,189.9499969482422,619711
2023-02-16,190.89999389648438,194.3000030517578,189.10000610351562,193.39999389648438,376414
2023-02-17,192.8000030517578,194.3000030517578,189.5500030517578,190.64999389648438,275891
2023-02-20,190.9499969482422,194.39999389648438,187.0500030517578,188.89999389648438,453724
2023-02-21,190.0,194.25,188.8000030517578,192.8000030517578,412603
2023-02-22,196.5,205.9499969482422,194.1999969482422,196.35000610351562,4015628
2023-02-23,196.5,201.5,192.5500030517578,198.25,826277
2023-02-24,199.3000030517578,200.1999969482422,193.64999389648438,194.5500030517578,333173
2023-02-27,193.0,194.39999389648438,189.10000610351562,191.0500030517578,341907
2023-02-28,191.0,191.4499969482422,186.5500030517578,187.25,370016
2023-03-01,187.0,189.85000610351562,186.89999389648438,188.75,275835
2023-03-02,189.6999969482422,192.39999389648438,187.14999389648438,188.25,324082
2023-03-03,189.25,192.3000030517578,187.5,189.75,410484
2023-03-06,190.3000030517578,195.60000610351562,190.3000030517578,192.6999969482422,539335
2023-03-08,191.64999389648438,192.4499969482422,188.60000610351562,189.9499969482422,463219
2023-03-09,190.0500030517578,191.5,188.10000610351562,189.0,344501
2023-03-10,188.0,188.6999969482422,186.64999389648438,187.60000610351562,379276
2023-03-13,186.3000030517578,188.39999389648438,181.0,182.14999389648438,472376
2023-03-14,182.25,182.85000610351562,172.3000030517578,174.39999389648438,955164
2023-03-15,176.0,177.8000030517578,170.3000030517578,171.0500030517578,802336
2023-03-16,171.39999389648438,172.8000030517578,165.3000030517578,171.10000610351562,991182
2023-03-17,172.1999969482422,173.4499969482422,168.25,170.14999389648438,437596
2023-03-20,170.0,170.6999969482422,166.0500030517578,168.85000610351562,549829
2023-03-21,170.0,173.8000030517578,167.0,171.10000610351562,1011366
2023-03-22,172.89999389648438,174.75,172.0500030517578,173.75,552547
2023-03-23,174.39999389648438,175.14999389648438,170.4499969482422,170.9499969482422,478637
2023-03-24,171.10000610351562,171.75,160.0,161.0500030517578,1786619
2023-03-27,161.9499969482422,161.9499969482422,150.3000030517578,151.1999969482422,3452676
2023-03-28,152.6999969482422,154.35000610351562,148.3000030517578,149.3000030517578,1231242
2023-03-29,150.10000610351562,153.75,145.14999389648438,150.89999389648438,1627712
2023-03-31,151.35000610351562,156.25,151.35000610351562,153.89999389648438,1372837
2023-04-03,155.1999969482422,162.0,154.5500030517578,160.0,2072163
2023-04-05,161.0,162.64999389648438,159.0,160.64999389648438,834507
2023-04-06,159.5,162.0,159.39999389648438,160.89999389648438,429246
2023-04-10,161.75,163.6999969482422,160.8000030517578,162.0500030517578,337129
2023-04-11,163.0,166.25,162.4499969482422,163.85000610351562,659506
2023-04-12,164.14999389648438,169.6999969482422,163.60000610351562,168.85000610351562,1048295
2023-04-13,169.0500030517578,173.64999389648438,169.0500030517578,169.6999969482422,692542
2023-04-17,169.6999969482422,169.89999389648438,166.0,168.39999389648438,291366
2023-04-18,169.25,175.0,167.5,174.0500030517578,1270378
2023-04-19,174.85000610351562,174.85000610351562,169.14999389648438,170.0,467263
2023-04-20,170.89999389648438,177.0,169.9499969482422,173.75,727668
2023-04-21,172.1999969482422,173.5,169.0500030517578,171.1999969482422,297325
2023-04-24,171.85000610351562,173.0,168.0500030517578,170.14999389648438,289609
2023-04-25,170.14999389648438,170.6999969482422,165.0,166.25,379794
2023-04-26,166.25,169.89999389648438,165.25,167.4499969482422,297806
2023-04-27,167.9499969482422,168.89999389648438,166.25,167.4499969482422,195045
2023-04-28,167.5,169.8000030517578,167.4499969482422,169.0500030517578,244434
2023-05-02,171.0500030517578,171.89999389648438,168.9499969482422,169.6999969482422,316008
2023-05-03,168.0,170.75,167.0,167.89999389648438,290230
2023-05-04,168.0500030517578,169.5,167.35000610351562,168.5500030517578,269944
2023-05-05,168.89999389648438,174.3000030517578,168.1999969482422,170.35000610351562,1190600
2023-05-08,170.4499969482422,173.3000030517578,169.25,172.35000610351562,389017
2023-05-09,172.35000610351562,176.0,169.1999969482422,171.14999389648438,1128344
2023-05-10,172.3000030517578,174.0,170.0,171.3000030517578,574488
2023-05-11,173.89999389648438,178.89999389648438,171.3000030517578,175.89999389648438,1519339
2023-05-12,177.0,178.0,175.5,176.0500030517578,428290
2023-05-15,177.0,177.5,172.10000610351562,174.0500030517578,366814
2023-05-16,174.89999389648438,175.5,172.5500030517578,174.10000610351562,361500
2023-05-17,174.75,177.60000610351562,171.5500030517578,173.89999389648438,441652
2023-05-18,174.75,175.89999389648438,172.0,173.1999969482422,277632
2023-05-19,173.60000610351562,174.0500030517578,168.5,169.6999969482422,354604
2023-05-22,169.60000610351562,169.60000610351562,167.0,167.4499969482422,288271
2023-05-23,168.1999969482422,171.25,167.1999969482422,168.14999389648438,311375
2023-05-24,168.5,170.5,168.5,169.10000610351562,244891
2023-05-25,169.1999969482422,173.0,168.10000610351562,171.64999389648438,395227
2023-05-26,172.6999969482422,173.5,171.14999389648438,172.1999969482422,275464
2023-05-29,172.0,172.0,168.10000610351562,169.25,291664
2023-05-30,169.0,171.89999389648438,168.4499969482422,169.5500030517578,269175
2023-05-31,169.5500030517578,171.1999969482422,168.1999969482422,168.60000610351562,277924
2023-06-01,169.39999389648438,170.5500030517578,167.6999969482422,168.60000610351562,308059
2023-06-02,169.5,170.1999969482422,168.0,168.39999389648438,304186
2023-06-05,169.3000030517578,170.3000030517578,168.0,168.3000030517578,226988
2023-06-06,169.0,183.89999389648438,168.0,176.0,2467205
2023-06-07,176.8000030517578,177.64999389648438,169.5500030517578,170.14999389648438,2553149
2023-06-08,171.14999389648438,174.14999389648438,170.25,171.89999389648438,1471319
2023-06-09,174.0,175.39999389648438,170.5,171.35000610351562,755445
2023-06-12,172.1999969482422,179.5,170.39999389648438,178.39999389648438,2026931
2023-06-13,179.5500030517578,186.39999389648438,179.5500030517578,182.6999969482422,3021197
2023-06-14,183.89999389648438,190.0,182.89999389648438,188.60000610351562,2211764
2023-06-15,190.0,196.35000610351562,189.10000610351562,193.0,2343828
2023-06-16,194.3000030517578,221.9499969482422,193.0,215.1999969482422,15497974
2023-06-19,216.0,237.8000030517578,213.0,234.85000610351562,10467424
2023-06-20,233.0,243.8000030517578,230.0,231.6999969482422,6981819
2023-06-21,232.4499969482422,233.89999389648438,226.5,228.60000610351562,1455802
2023-06-22,226.60000610351562,229.5,219.5,221.89999389648438,994371
2023-06-23,222.5,237.4499969482422,215.25,228.85000610351562,4123419
2023-06-26,231.0,236.0,228.5500030517578,231.5500030517578,1125231
2023-06-27,232.5,236.8000030517578,231.0,232.39999389648438,1167608
2023-06-28,234.6999969482422,243.89999389648438,232.14999389648438,235.1999969482422,1887561
2023-06-30,236.10000610351562,240.0,233.60000610351562,235.4499969482422,1032490
2023-07-03,236.89999389648438,238.85000610351562,233.3000030517578,237.1999969482422,941772
2023-07-04,237.5,247.60000610351562,232.9499969482422,241.10000610351562,3205734
2023-07-05,241.39999389648438,248.0,238.0,242.6999969482422,2294076
2023-07-06,242.6999969482422,251.8000030517578,241.1999969482422,246.1999969482422,2762259
2023-07-07,246.39999389648438,254.60000610351562,245.3000030517578,247.4499969482422,2394360
2023-07-10,247.5,249.9499969482422,242.89999389648438,244.4499969482422,1258907
2023-07-11,245.85000610351562,250.8000030517578,244.14999389648438,247.10000610351562,1276555
2023-07-12,248.35000610351562,252.39999389648438,242.89999389648438,244.3000030517578,1823826
2023-07-13,245.0,246.85000610351562,232.4499969482422,234.60000610351562,1396440
2023-07-14,234.60000610351562,237.8000030517578,232.5500030517578,235.6999969482422,955378
2023-07-17,237.0,240.8000030517578,235.3000030517578,238.3000030517578,985649
2023-07-18,239.0,243.39999389648438,235.3000030517578,238.35000610351562,1013270
2023-07-19,238.0,238.9499969482422,232.25,234.25,528529
2023-07-20,235.85000610351562,238.1999969482422,232.85000610351562,236.10000610351562,679244
2023-07-21,235.9499969482422,247.89999389648438,234.5500030517578,243.1999969482422,1832335
2023-07-24,244.0,247.39999389648438,238.0,240.3000030517578,834084
2023-07-25,239.5500030517578,240.25,232.5,233.39999389648438,858332
2023-07-26,234.5,236.8000030517578,231.14999389648438,232.5500030517578,787676
2023-07-27,233.9499969482422,247.60000610351562,232.25,244.0,4590875
2023-07-28,246.0,249.0,239.89999389648438,241.25,2314988
2023-07-31,240.0,245.9499969482422,236.9499969482422,238.60000610351562,1255700
2023-08-01,239.5,245.39999389648438,238.0,243.14999389648438,1109162
2023-08-02,243.35000610351562,259.25,242.0,248.85000610351562,7048530
2023-08-03,248.85000610351562,258.5,247.5,255.64999389648438,2194297
2023-08-04,257.0,257.5,251.0500030517578,252.6999969482422,1027768
2023-08-07,253.35000610351562,264.95001220703125,252.8000030517578,259.6000061035156,1663296
2023-08-08,260.5,263.79998779296875,255.75,257.25,847662
2023-08-09,257.54998779296875,269.1000061035156,255.8000030517578,264.6499938964844,2684206
2023-08-10,265.54998779296875,267.95001220703125,255.0,256.54998779296875,1160063
2023-08-11,257.5,258.20001220703125,250.5,253.75,684947
2023-08-14,253.39999389648438,253.39999389648438,240.8000030517578,243.0,1868649
2023-08-16,241.0,244.4499969482422,239.1999969482422,242.89999389648438,680747
2023-08-17,242.89999389648438,245.9499969482422,239.25,240.8000030517578,390147
2023-08-18,241.0500030517578,242.89999389648438,225.64999389648438,227.60000610351562,1200452
2023-08-21,227.5500030517578,233.6999969482422,226.1999969482422,231.10000610351562,689810
2023-08-22,231.89999389648438,236.5500030517578,231.60000610351562,233.5,464660
2023-08-23,233.9499969482422,236.5500030517578,231.0500030517578,231.85000610351562,434431
2023-08-24,232.9499969482422,238.9499969482422,232.35000610351562,235.85000610351562,675858
2023-08-25,235.0,235.4499969482422,226.25,227.4499969482422,547464
2023-08-28,228.9499969482422,232.35000610351562,228.89999389648438,230.10000610351562,289989
2023-08-29,230.6999969482422,238.85000610351562,230.25,236.0500030517578,655239
2023-08-30,237.25,244.14999389648438,235.14999389648438,237.0500030517578,1180260
2023-08-31,238.0500030517578,240.5,235.64999389648438,237.85000610351562,606841
2023-09-01,239.1999969482422,246.10000610351562,236.0500030517578,242.6999969482422,873480
2023-09-04,244.14999389648438,247.60000610351562,239.0,241.0500030517578,638251
2023-09-05,242.0500030517578,245.3000030517578,238.39999389648438,244.0,725495
2023-09-06,244.25,253.5,242.3000030517578,248.10000610351562,1494331
2023-09-07,248.10000610351562,259.79998779296875,248.10000610351562,254.8000030517578,2023177
2023-09-08,256.1499938964844,261.29998779296875,256.0,260.1499938964844,1595311
2023-09-11,261.0,262.70001220703125,252.5,253.10000610351562,726302
2023-09-12,254.8000030517578,258.5,238.85000610351562,239.85000610351562,1073026
2023-09-13,240.60000610351562,254.6999969482422,239.10000610351562,251.10000610351562,1269555
2023-09-14,253.0,258.29998779296875,251.5,256.1499938964844,1010467
2023-09-15,257.70001220703125,262.0,242.75,246.8000030517578,1549698
2023-09-18,247.0,250.6999969482422,240.14999389648438,242.14999389648438,1504437
2023-09-20,243.0,248.0500030517578,239.0,240.39999389648438,1230926
2023-09-21,240.5,244.5,228.9499969482422,231.8000030517578,1494188
2023-09-22,232.0,233.8000030517578,225.8000030517578,227.39999389648438,951171
2023-09-25,228.0,234.75,228.0,230.6999969482422,1257720
2023-09-26,231.0,236.3000030517578,230.25,231.5,745197
2023-09-27,232.0,234.75,231.3000030517578,232.4499969482422,484333
2023-09-28,232.9499969482422,234.35000610351562,229.60000610351562,230.85000610351562,808072
2023-09-29,233.5,239.39999389648438,233.0,235.25,700135
2023-10-03,236.0,238.5500030517578,233.10000610351562,237.3000030517578,349572
2023-10-04,235.5,236.10000610351562,227.0,229.60000610351562,446299
2023-10-05,231.0,233.5,230.5,231.60000610351562,338534
2023-10-06,232.6999969482422,233.5,228.60000610351562,229.5500030517578,374152
2023-10-09,230.0,232.0,226.5500030517578,227.6999969482422,653348
2023-10-10,229.0,231.89999389648438,228.35000610351562,230.85000610351562,312011
2023-10-11,232.0,234.5,231.9499969482422,232.4499969482422,374416
2023-10-12,233.0,249.0,233.0,245.10000610351562,4301541
2023-10-13,244.6999969482422,259.8999938964844,243.75,253.10000610351562,5714469
2023-10-16,254.10000610351562,257.95001220703125,246.8000030517578,248.8000030517578,1845457
2023-10-17,250.39999389648438,251.60000610351562,244.8000030517578,246.5500030517578,1007394
2023-10-18,247.85000610351562,252.25,242.0,242.85000610351562,1064413
2023-10-19,242.0,252.89999389648438,240.39999389648438,248.39999389648438,2027771
2023-10-20,247.0,250.0,241.0,244.14999389648438,705328
2023-10-23,242.64999389648438,245.5,224.5,226.25,1055044
2023-10-25,227.39999389648438,232.1999969482422,221.0,222.89999389648438,678218
2023-10-26,219.0500030517578,222.0,213.25,219.60000610351562,740844
2023-10-27,221.10000610351562,224.9499969482422,219.39999389648438,223.64999389648438,604293
2023-10-30,223.89999389648438,228.75,221.0500030517578,227.14999389648438,397808
2023-10-31,228.5,232.10000610351562,226.1999969482422,226.8000030517578,393839
2023-11-01,226.8000030517578,228.4499969482422,222.5500030517578,223.6999969482422,300188
2023-11-02,225.64999389648438,227.5,223.6999969482422,224.85000610351562,425628
2023-11-03,226.0,240.9499969482422,226.0,238.6999969482422,2098353
2023-11-06,238.6999969482422,238.9499969482422,232.39999389648438,233.5500030517578,472345
2023-11-07,234.60000610351562,242.64999389648438,234.1999969482422,239.89999389648438,828740
2023-11-08,243.89999389648438,246.5,239.0,240.25,1171517
2023-11-09,241.6999969482422,243.6999969482422,238.60000610351562,239.75,559132
2023-11-10,239.3000030517578,257.0,237.10000610351562,250.5,6026110
2023-11-13,256.8999938964844,287.79998779296875,252.1999969482422,285.0,13462065
2023-11-15,280.0,292.79998779296875,275.1000061035156,280.79998779296875,8119252
2023-11-16,280.0,336.95001220703125,278.8500061035156,320.6499938964844,34797513
2023-11-17,322.3500061035156,333.3500061035156,318.3500061035156,326.45001220703125,10340931
2023-11-20,325.8999938964844,339.3999938964844,321.0,330.79998779296875,4053666
2023-11-21,334.1000061035156,346.8500061035156,332.3999938964844,337.54998779296875,4348069
2023-11-22,338.5,341.5,322.0,332.1499938964844,2303962
2023-11-23,333.6000061035156,345.70001220703125,326.95001220703125,343.29998779296875,3237177
2023-11-24,343.79998779296875,348.29998779296875,336.8999938964844,338.3500061035156,2113335
2023-11-28,339.79998779296875,340.75,327.95001220703125,330.8500061035156,1230371
2023-11-29,332.04998779296875,334.0,323.5,325.5,1209174
2023-11-30,326.8500061035156,349.70001220703125,324.8999938964844,345.29998779296875,4631956
2023-12-01,349.0,361.6499938964844,344.3500061035156,351.3500061035156,3046927
2023-12-04,358.0,364.75,351.3999938964844,357.29998779296875,2055321
2023-12-05,359.0,359.04998779296875,337.20001220703125,350.29998779296875,2439989
2023-12-06,353.1000061035156,357.04998779296875,342.0,343.20001220703125,993549
2023-12-07,342.8999938964844,349.5,338.0,341.8999938964844,864089
2023-12-08,343.6000061035156,346.70001220703125,326.3500061035156,335.8500061035156,953385
2023-12-11,335.8999938964844,399.0,335.8999938964844,383.5,11954810
2023-12-12,385.1499938964844,408.79998779296875,381.0,399.1499938964844,7233093
2023-12-13,400.0,417.79998779296875,392.8500061035156,404.29998779296875,4031117
2023-12-14,405.0,409.8500061035156,398.54998779296875,405.8999938964844,2006681
2023-12-15,408.0,424.0,406.0,414.5,2736197
2023-12-18,421.0,428.8500061035156,414.25,419.25,1767044
2023-12-19,420.75,422.3999938964844,410.0,415.3500061035156,1086634
2023-12-20,416.0,418.8500061035156,376.45001220703125,382.8500061035156,2267373
2023-12-21,379.0,410.45001220703125,378.04998779296875,407.54998779296875,2186268
2023-12-22,411.0,414.79998779296875,401.6000061035156,410.6499938964844,1388775
2023-12-26,412.0,427.29998779296875,410.75,419.3999938964844,1528910
2023-12-27,422.0,424.54998779296875,408.3500061035156,417.45001220703125,999274
2023-12-28,418.95001220703125,420.3999938964844,408.8999938964844,411.8999938964844,849667
2023-12-29,411.8999938964844,431.75,408.3500061035156,424.3500061035156,3091408
2024-01-01,428.95001220703125,474.20001220703125,427.04998779296875,469.70001220703125,6942255
2024-01-02,472.3999938964844,486.70001220703125,462.20001220703125,484.25,4162769
2024-01-03,486.0,508.0,476.3500061035156,494.3500061035156,3696298
2024-01-04,495.0,505.0,489.1499938964844,493.45001220703125,1729342
2024-01-05,496.0,497.0,481.0,486.79998779296875,1173848
2024-01-08,486.04998779296875,487.8999938964844,456.3999938964844,459.8999938964844,1398603
2024-01-09,462.0,478.5,462.0,469.25,893196
2024-01-10,468.79998779296875,474.54998779296875,456.95001220703125,461.5,801892
2024-01-11,462.8999938964844,469.95001220703125,460.5,466.1499938964844,529658
2024-01-12,466.1499938964844,477.95001220703125,462.75,466.3500061035156,875032
2024-01-15,468.75,470.1499938964844,455.1499938964844,458.8999938964844,781657
2024-01-16,457.1000061035156,458.8999938964844,432.3500061035156,441.79998779296875,1359605
2024-01-17,435.0,442.70001220703125,419.79998779296875,424.45001220703125,745510
2024-01-18,426.8999938964844,460.0,402.6499938964844,456.6000061035156,2058276
2024-01-19,460.29998779296875,461.75,446.25,452.8500061035156,623915
2024-01-23,448.1000061035156,451.95001220703125,415.29998779296875,422.8500061035156,928710
2024-01-24,425.0,454.20001220703125,420.95001220703125,448.04998779296875,821845
2024-01-25,447.0,456.5,436.29998779296875,453.95001220703125,768695
2024-01-29,455.70001220703125,473.8999938964844,453.54998779296875,457.04998779296875,1096384
2024-01-30,460.04998779296875,463.75,442.5,445.3500061035156,594294
2024-01-31,448.0,470.1000061035156,445.29998779296875,460.25,1003094
2024-02-01,460.25,460.25,449.0,450.1000061035156,453120
2024-02-02,453.0,457.95001220703125,440.1000061035156,443.45001220703125,455263
2024-02-05,444.0,453.0,436.54998779296875,440.8999938964844,623599
2024-02-06,446.1000061035156,474.95001220703125,445.79998779296875,458.1000061035156,1734864
2024-02-07,460.20001220703125,465.0,445.79998779296875,455.75,586381
2024-02-08,459.6000061035156,490.0,459.6000061035156,468.70001220703125,3157138
2024-02-09,472.5,478.95001220703125,449.1000061035156,458.54998779296875,1221755
2024-02-12,461.70001220703125,470.3500061035156,420.0,434.29998779296875,1060981
2024-02-13,434.29998779296875,440.79998779296875,421.20001220703125,435.29998779296875,712352
2024-02-14,428.29998779296875,458.0,421.0,448.54998779296875,2023117
2024-02-15,442.95001220703125,456.79998779296875,441.1000061035156,444.25,624835
2024-02-16,446.70001220703125,503.5,445.8999938964844,487.20001220703125,5518508
2024-02-19,492.0,558.2999877929688,490.70001220703125,551.6500244140625,7747431
2024-02-20,553.0,589.7999877929688,533.75,578.6500244140625,5401529
2024-02-21,580.0,582.2000122070312,557.0,562.9000244140625,1486456
2024-02-22,564.0,577.1500244140625,545.2000122070312,567.1500244140625,1286391
2024-02-23,570.5,595.0,562.5499877929688,568.4000244140625,1455415
2024-02-26,570.2000122070312,619.0,554.6500244140625,610.5,2983059
2024-02-27,614.7999877929688,624.9500122070312,595.5499877929688,602.3499755859375,1568854
2024-02-28,601.9500122070312,605.7999877929688,566.4500122070312,582.5,1568796
2024-02-29,575.0,613.5999755859375,566.5999755859375,604.1500244140625,1552849
2024-03-01,605.0,630.0,605.0,613.75,1273130
2024-03-04,611.0499877929688,613.9000244140625,584.25,591.4500122070312,694863
2024-03-05,579.5,587.5,570.0,580.9000244140625,435808
2024-03-06,580.0,580.7999877929688,551.8499755859375,560.9500122070312,442715
2024-03-07,554.5999755859375,574.9500122070312,551.0,554.0999755859375,195541
2024-03-11,560.0,575.9000244140625,560.0,565.2000122070312,263138
2024-03-12,570.5,575.5,536.9500122070312,551.2999877929688,459734
2024-03-13,552.0,563.0,523.75,523.75,513135
2024-03-14,516.8499755859375,535.0,497.6000061035156,520.4500122070312,421440
2024-03-15,520.0,534.5999755859375,494.45001220703125,508.1499938964844,430125
2024-03-18,502.1000061035156,533.5499877929688,502.1000061035156,533.5499877929688,284495
2024-03-19,543.9000244140625,555.0,540.0,551.4000244140625,328482
2024-03-20,559.0,560.0,525.2000122070312,546.1500244140625,233673
2024-03-21,570.0,570.0,545.0,547.0,255298
2024-03-22,545.0,554.0,534.9000244140625,544.9500122070312,253266
2024-03-26,549.9000244140625,553.1500244140625,521.5,531.2999877929688,294119
2024-03-27,546.0,557.8499755859375,546.0,557.8499755859375,549325
2024-03-28,578.0,585.7000122070312,565.2000122070312,585.7000122070312,682740
2024-04-01,613.0,613.0,586.0999755859375,598.7000122070312,398433
2024-04-02,598.7000122070312,610.0,582.25,598.4000244140625,188155
2024-04-03,598.0,607.0999755859375,584.8499755859375,587.2999877929688,237224
2024-04-04,583.0,599.0,580.0,584.7000122070312,159751
2024-04-05,583.0,595.0,578.0,584.7000122070312,173697
2024-04-08,584.0,590.0,570.0999755859375,573.5999755859375,182545
2024-04-09,579.5,600.0,570.0,592.5499877929688,210169
2024-04-10,592.0,592.0,571.0499877929688,574.2999877929688,200229
2024-04-12,578.9500122070312,584.9500122070312,551.0,555.4000244140625,232172
2024-04-15,545.0,559.9000244140625,535.0,549.25,167301
2024-04-16,550.0,559.9000244140625,543.0,547.25,141328
2024-04-18,548.0,574.5999755859375,548.0,572.9500122070312,475951
2024-04-19,560.1500244140625,594.7000122070312,558.9500122070312,582.8499755859375,507393
2024-04-22,588.0499877929688,596.75,568.7999877929688,572.5499877929688,209451
2024-04-23,572.5,580.2999877929688,560.5,568.8499755859375,326914
2024-04-24,573.9500122070312,578.0,562.0,568.2000122070312,118797
2024-04-25,568.2000122070312,575.0,562.0,570.6500244140625,106353
2024-04-26,576.0,595.0,565.0,573.75,440684
2024-04-29,588.0,588.0,568.0,575.2999877929688,197274
2024-04-30,582.9000244140625,582.9000244140625,562.25,566.4500122070312,357424
2024-05-02,570.25,579.0,565.0,570.5499877929688,186733
2024-05-03,576.9000244140625,576.9000244140625,543.1500244140625,555.1500244140625,349581
2024-05-06,555.5499877929688,564.4000244140625,535.0999755859375,542.0499877929688,202467
2024-05-07,537.0,549.0,515.5,539.9000244140625,309550
2024-05-08,538.9500122070312,552.0,526.0,544.5499877929688,131844
2024-05-09,544.7000122070312,550.1500244140625,528.5999755859375,530.9000244140625,130125
2024-05-10,533.0499877929688,542.5,527.0,531.0999755859375,213748
2024-05-13,530.0499877929688,541.2999877929688,515.0,536.9500122070312,296178
2024-05-14,536.9500122070312,563.0,535.0,549.4000244140625,219239
2024-05-15,548.0,559.0499877929688,541.0,543.75,102447
2024-05-16,543.0,553.2000122070312,535.0,549.0999755859375,117335
2024-05-17,551.75,551.75,539.0,541.2999877929688,119595
2024-05-21,543.0,558.7999877929688,533.9000244140625,536.0,178408
2024-05-22,541.0,547.9000244140625,530.0,542.5,188587
2024-05-23,542.0,555.2000122070312,540.5499877929688,553.8499755859375,286434
2024-05-24,554.0,570.0,544.8499755859375,560.6500244140625,253093
2024-05-27,567.7000122070312,570.0,555.2000122070312,560.7000122070312,181423
2024-05-28,560.7000122070312,567.0,548.5,559.5999755859375,150886
2024-05-29,544.0,569.0,544.0,562.75,444835
2024-05-30,561.0,563.0,534.6500244140625,534.6500244140625,301318
2024-05-31,530.0,545.0,526.0,529.3499755859375,368376
2024-06-03,545.0,555.0,524.0,541.0499877929688,338463
2024-06-04,530.0,542.5999755859375,514.0,514.0,362939
2024-06-05,502.0,524.4500122070312,490.1499938964844,520.0999755859375,467939
2024-06-06,528.0,546.0999755859375,524.0999755859375,545.4000244140625,400257
2024-06-07,550.0,572.6500244140625,546.2000122070312,572.6500244140625,776561
2024-06-10,580.0,594.6500244140625,563.0,570.6500244140625,509558
2024-06-11,572.0,591.0,572.0,586.2999877929688,484213
2024-06-12,589.7999877929688,599.0,585.0499877929688,592.5999755859375,455468
2024-06-13,598.0,599.0,575.5499877929688,577.2000122070312,263690
2024-06-14,575.2000122070312,598.0,568.0,570.8499755859375,281199
2024-06-18,570.0,576.7000122070312,563.0,565.5,211251
2024-06-19,561.0,585.0,552.0,572.5999755859375,417033
2024-06-20,575.5,581.1500244140625,566.0999755859375,572.7000122070312,203385
2024-06-21,572.7000122070312,593.75,560.2000122070312,577.2999877929688,888104
2024-06-24,580.0,593.75,578.2999877929688,590.9000244140625,442666
2024-06-25,595.0,620.4000244140625,595.0,620.4000244140625,1510691
2024-06-26,634.0,651.4000244140625,630.0,651.4000244140625,911794
2024-06-27,683.9500122070312,683.9500122070312,630.5499877929688,653.9500122070312,2019605
2024-06-28,686.5999755859375,686.5999755859375,686.5999755859375,686.5999755859375,324596
2024-07-01,750.0,823.9000244140625,730.5,823.9000244140625,5829973
2024-07-02,832.0,897.0999755859375,830.0,842.0999755859375,4282382
2024-07-03,852.0499877929688,943.0,825.0,888.25,2980065
2024-07-04,900.0,995.0,895.0,932.4500122070312,2638057
2024-07-05,938.0,947.9500122070312,896.0999755859375,908.5999755859375,1139249
2024-07-08,914.0,940.0,870.0,880.2999877929688,940527
2024-07-09,879.0,893.7999877929688,845.5,851.0,777279
2024-07-10,853.0,877.9000244140625,820.5499877929688,858.25,1140212
2024-07-11,875.0,910.5,865.5499877929688,886.25,1214720
2024-07-12,873.4500122070312,881.2999877929688,851.4000244140625,857.25,525470
2024-07-15,855.0,868.0,832.7000122070312,839.7000122070312,504006
2024-07-16,855.9000244140625,855.9000244140625,823.5499877929688,844.5999755859375,186446
2024-07-18,844.5999755859375,846.0,807.0,809.2000122070312,217007
2024-07-19,809.0,813.7999877929688,773.0499877929688,776.6500244140625,259447
2024-07-22,776.0,815.4500122070312,750.0,815.4500122070312,121824
2024-07-23,835.0,856.2000122070312,825.0,856.2000122070312,596136
2024-07-24,899.0,899.0,862.0,867.75,260943
2024-07-25,862.0,875.0,847.5,860.6500244140625,121044
2024-07-26,860.0,875.0,844.0,853.3499755859375,142239
2024-07-29,859.0,865.9500122070312,833.3499755859375,850.1500244140625,242985
2024-07-30,859.9500122070312,885.0,854.0,878.6500244140625,310562
2024-07-31,880.0,922.5499877929688,869.0,922.5499877929688,400685
2024-08-01,904.0999755859375,943.9000244140625,880.0,890.4000244140625,335695
2024-08-02,875.0,920.0,865.0,899.4500122070312,249835
2024-08-05,870.0,890.0,858.0,869.7999877929688,354031
2024-08-06,875.0,894.0,840.0,847.7999877929688,236667
2024-08-07,854.0,890.1500244140625,854.0,890.1500244140625,204874
2024-08-08,890.0,933.4000244140625,882.0,921.8499755859375,282462
2024-08-09,930.0,967.9000244140625,902.1500244140625,956.5999755859375,498127
2024-08-12,965.0,995.0,956.5999755859375,985.5499877929688,712077
2024-08-13,986.0999755859375,992.0,936.2999877929688,936.5499877929688,306395
2024-08-14,908.0,944.0,894.5,918.9500122070312,188011
2024-08-16,957.0,957.0,915.0,937.5,124660
2024-08-19,955.0,984.3499755859375,938.0999755859375,984.3499755859375,345056
2024-08-20,1000.0,1009.0,965.0,983.4500122070312,215780
2024-08-21,990.9000244140625,996.0,975.0,982.3499755859375,101291
2024-08-22,975.25,991.0,965.5499877929688,969.8499755859375,92378
2024-08-23,977.0,1018.2999877929688,970.0,1018.2999877929688,501433
2024-08-26,1044.9000244140625,1069.199951171875,1038.699951171875,1059.0999755859375,554259
2024-08-27,1055.0,1089.9000244140625,1021.0,1062.75,312095
2024-08-28,1072.0,1080.0,1042.0,1053.25,167096
2024-08-29,1065.0,1079.9000244140625,1000.5999755859375,1000.5999755859375,188394
2024-08-30,998.7999877929688,1050.5999755859375,952.0,1050.5999755859375,415139
2024-09-02,1060.0,1097.699951171875,1040.0,1048.1500244140625,362759
2024-09-03,1065.0,1070.199951171875,1038.9000244140625,1054.550048828125,331387
2024-09-04,1045.0,1071.9000244140625,1026.0,1069.9000244140625,195964
2024-09-05,1069.9000244140625,1095.0,1069.9000244140625,1089.0,223225
2024-09-06,1089.9000244140625,1089.9000244140625,1034.550048828125,1034.550048828125,315426
2024-09-09,1000.0,1030.0,982.8499755859375,1010.7999877929688,565648
2024-09-10,1009.2000122070312,1047.0,970.5499877929688,1041.0,321157
2024-09-11,1046.0,1047.0,989.0,1000.5,152051
2024-09-12,1004.9500122070312,1028.0,994.5,1016.7999877929688,170571
2024-09-13,1007.0,1033.0,1005.0,1021.5499877929688,107858
2024-09-16,1022.0,1022.0,980.0,990.7000122070312,186674
2024-09-17,995.0,1018.7999877929688,970.0499877929688,990.2999877929688,103117
2024-09-18,988.0,995.0,955.5499877929688,957.8499755859375,149758
2024-09-19,966.0,1005.7000122070312,960.0,1005.6500244140625,323326
2024-09-20,1021.0,1055.9000244140625,980.0499877929688,1032.550048828125,492671
2024-09-23,1033.800048828125,1044.0,1005.0999755859375,1008.0,143662
2024-09-24,1015.0,1015.0,992.0499877929688,1002.0999755859375,85195
2024-09-25,1009.0,1021.0,987.3499755859375,1010.0499877929688,99945
2024-09-26,994.4000244140625,1016.0,990.0999755859375,996.75,98850
2024-09-27,1006.75,1006.75,983.0,985.8499755859375,103346
2024-09-30,980.0999755859375,999.9000244140625,970.25,978.3499755859375,124331
2024-10-01,978.3499755859375,987.0,952.0,968.7999877929688,134253
2024-10-03,955.0,984.0,945.0,965.1500244140625,122999
2024-10-04,974.0,989.9500122070312,935.25,965.5,165294
2024-10-07,945.5499877929688,985.0,917.25,940.0,273440
2024-10-08,934.8499755859375,973.7000122070312,915.0,957.0,235034
2024-10-09,965.0,989.4500122070312,956.5499877929688,962.0999755859375,233151
2024-10-10,965.0,981.0,940.0999755859375,949.2999877929688,159916
2024-10-11,996.75,996.75,996.75,996.75,114772
2024-10-14,1046.550048828125,1046.550048828125,1046.550048828125,1046.550048828125,102380
2024-10-15,1064.9000244140625,1098.8499755859375,1061.0,1080.5999755859375,1770117
2024-10-16,1080.0,1126.5,1073.8499755859375,1098.1500244140625,639461
2024-10-17,1102.5,1104.0,1050.0,1054.6500244140625,304661
2024-10-18,1053.050048828125,1079.949951171875,1006.0999755859375,1069.949951171875,372286
2024-10-21,1085.0,1100.0,1052.75,1066.6500244140625,255386
2024-10-22,1070.0,1084.0,1013.5,1019.7000122070312,393336
2024-10-23,1054.949951171875,1070.6500244140625,1040.0999755859375,1070.6500244140625,506575
2024-10-24,1099.9000244140625,1124.1500244140625,1081.050048828125,1121.449951171875,692394
2024-10-25,1124.0,1146.800048828125,1065.4000244140625,1066.75,701397
2024-10-28,1083.0,1120.050048828125,1044.800048828125,1120.050048828125,338722
2024-10-29,1129.0,1169.0,1079.5,1099.5999755859375,609445
2024-10-30,1115.0,1154.550048828125,1094.949951171875,1150.8499755859375,453974
2024-10-31,1195.0,1208.3499755859375,1170.050048828125,1208.3499755859375,1114954
2024-11-01,1228.0,1264.0,1222.25,1250.199951171875,339653
2024-11-04,1248.949951171875,1312.699951171875,1245.0,1309.949951171875,1350729
2024-11-05,1315.0,1318.800048828125,1263.0,1271.0999755859375,755307
2024-11-06,1277.9000244140625,1334.6500244140625,1260.050048828125,1269.8499755859375,801883
2024-11-07,1225.0,1255.0,1206.3499755859375,1206.3499755859375,743405
2024-11-08,1202.449951171875,1266.6500244140625,1180.0,1236.300048828125,847659
2024-11-11,1240.0,1271.8499755859375,1216.0,1222.8499755859375,427333
2024-11-12,1225.0,1236.4000244140625,1175.0,1180.800048828125,374186
2024-11-13,1198.0,1239.800048828125,1134.6500244140625,1189.4000244140625,845455
2024-11-14,1199.0,1199.0,1149.050048828125,1170.1500244140625,482211
2024-11-18,1170.0,1184.3499755859375,1130.1500244140625,1136.0999755859375,333828
2024-11-19,1164.0,1192.9000244140625,1142.199951171875,1185.5,471831
2024-11-21,1182.050048828125,1202.550048828125,1151.5,1174.699951171875,397874
2024-11-22,1180.0,1233.4000244140625,1169.5999755859375,1233.4000244140625,573495
2024-11-25,1295.050048828125,1295.050048828125,1270.0,1295.050048828125,442226
2024-11-26,1330.0,1359.0,1273.050048828125,1327.550048828125,557658
2024-11-27,1342.0,1353.5999755859375,1323.050048828125,1344.449951171875,325111
2024-11-28,1355.5,1390.0,1340.0,1356.050048828125,321626
2024-11-29,1369.0,1418.0,1345.0,1404.25,622435
2024-12-02,1420.449951171875,1466.800048828125,1384.9000244140625,1427.75,524084
2024-12-03,1434.949951171875,1459.0,1390.0,1403.5999755859375,361269
2024-12-04,1409.8499755859375,1446.5999755859375,1401.050048828125,1438.300048828125,236682
2024-12-05,1442.0,1466.949951171875,1422.300048828125,1433.5999755859375,267277
2024-12-06,1443.9000244140625,1460.3499755859375,1382.0,1389.25,482906
2024-12-09,1389.25,1432.0,1349.0,1395.75,527005
2024-12-10,1399.0,1419.9000244140625,1390.0,1399.050048828125,176589
2024-12-11,1409.9000244140625,1458.0,1394.0,1427.050048828125,308051
2024-12-12,1439.0,1443.0,1382.0,1388.199951171875,273699
2024-12-13,1388.0,1412.050048828125,1347.1500244140625,1396.949951171875,456475
2024-12-16,1422.0,1536.5999755859375,1422.0,1531.0999755859375,2802488
2024-12-17,1521.300048828125,1529.3499755859375,1475.25,1482.050048828125,635494
2024-12-18,1475.300048828125,1494.6500244140625,1433.3499755859375,1445.8499755859375,437143
2024-12-19,1405.3499755859375,1486.800048828125,1405.3499755859375,1474.449951171875,379272
2024-12-20,1474.4000244140625,1495.199951171875,1427.0,1454.3499755859375,467026
2024-12-23,1469.75,1478.6500244140625,1415.0,1439.199951171875,282266
2024-12-24,1444.800048828125,1504.6500244140625,1439.25,1490.199951171875,386459
2024-12-26,1496.050048828125,1500.0,1450.0,1460.1500244140625,196020
2024-12-27,1466.0,1498.800048828125,1444.4000244140625,1478.050048828125,226905
2024-12-30,1485.5,1496.9000244140625,1405.0,1419.5999755859375,287835
2024-12-31,1424.4000244140625,1444.300048828125,1392.800048828125,1416.8499755859375,254043
2025-01-01,1416.8499755859375,1472.0,1414.4000244140625,1455.699951171875,253775
2025-01-02,1464.4000244140625,1466.050048828125,1438.3499755859375,1446.449951171875,150205
2025-01-03,1515.0,1582.949951171875,1510.050048828125,1519.199951171875,1366575
2025-01-06,1530.050048828125,1534.800048828125,1444.75,1465.6500244140625,525423
2025-01-07,1471.550048828125,1498.0,1445.3499755859375,1483.300048828125,323604
2025-01-08,1489.0,1492.800048828125,1440.0,1457.75,237268
2025-01-09,1457.800048828125,1466.199951171875,1434.449951171875,1443.050048828125,227349
2025-01-10,1435.0,1444.4000244140625,1380.0,1388.1500244140625,379283
2025-01-13,1380.0,1442.0,1311.050048828125,1318.800048828125,946768
2025-01-14,1325.449951171875,1373.6500244140625,1310.0,1367.0,432876
2025-01-15,1367.0,1380.8499755859375,1331.300048828125,1337.449951171875,248627
2025-01-16,1350.050048828125,1385.800048828125,1350.050048828125,1368.25,180589
2025-01-17,1370.0,1410.0,1356.699951171875,1404.550048828125,256303
2025-01-20,1410.0,1430.0,1385.0,1392.5,215323
2025-01-21,1392.050048828125,1392.8499755859375,1325.050048828125,1339.5999755859375,217418
2025-01-22,1374.0,1374.0,1236.0,1300.0999755859375,741107
2025-01-23,1297.0,1430.0999755859375,1280.4000244140625,1430.0999755859375,597393
2025-01-24,1430.0999755859375,1443.0999755859375,1353.0999755859375,1376.050048828125,476056
2025-01-27,1351.0,1351.0,1246.0,1275.300048828125,662198
2025-01-28,1278.0,1311.050048828125,1165.0999755859375,1276.0,1064273
2025-01-29,1278.3499755859375,1346.0,1276.199951171875,1325.449951171875,291623
2025-01-30,1326.0,1349.4000244140625,1278.25,1288.0999755859375,339744
2025-01-31,1414.4000244140625,1416.9000244140625,1353.25,1416.9000244140625,1764814
2025-02-01,1490.0,1558.550048828125,1441.0,1558.550048828125,1616248
2025-02-03,1558.449951171875,1632.0,1523.8499755859375,1572.75,1445203
2025-02-04,1590.0,1644.1500244140625,1574.949951171875,1630.4000244140625,737224
2025-02-05,1633.0,1670.0,1616.8499755859375,1652.5999755859375,512650
2025-02-06,1650.0,1679.9000244140625,1621.0,1651.0999755859375,466476
2025-02-07,1649.0,1675.9000244140625,1590.050048828125,1599.3499755859375,654495
2025-02-10,1607.0,1608.75,1519.4000244140625,1519.4000244140625,746183
2025-02-11,1519.5,1529.949951171875,1443.449951171875,1443.449951171875,297493
2025-02-12,1390.0,1515.5999755859375,1371.300048828125,1512.0999755859375,933637
2025-02-13,1519.699951171875,1530.0,1436.5,1436.5,307913
2025-02-14,1405.0,1428.800048828125,1364.699951171875,1385.1500244140625,548608
2025-02-17,1390.0,1433.0,1352.5999755859375,1410.25,680371
2025-02-18,1410.25,1418.6500244140625,1342.050048828125,1356.9000244140625,297585
2025-02-19,1325.0999755859375,1405.9000244140625,1313.0,1366.0999755859375,276018
2025-02-20,1378.0,1400.0,1352.0999755859375,1385.1500244140625,228810
2025-02-21,1392.0,1404.949951171875,1315.9000244140625,1316.550048828125,346082
2025-02-24,1271.050048828125,1311.9000244140625,1255.6500244140625,1268.199951171875,350051
2025-02-25,1270.050048828125,1276.4000244140625,1222.0,1229.949951171875,278858
2025-02-27,1234.0,1243.550048828125,1168.449951171875,1168.449951171875,382252
2025-02-28,1150.050048828125,1186.699951171875,1110.050048828125,1155.5,1139231
2025-03-03,1178.0,1213.25,1141.449951171875,1200.0999755859375,646687
2025-03-04,1199.0,1260.0,1165.050048828125,1223.550048828125,413946
2025-03-05,1230.0,1284.699951171875,1227.050048828125,1284.699951171875,233245
2025-03-06,1308.0,1348.9000244140625,1291.0,1330.050048828125,563480
2025-03-07,1333.0,1344.0,1300.0,1319.6500244140625,251849
2025-03-10,1320.199951171875,1349.0,1253.699951171875,1259.699951171875,288743
2025-03-11,1260.0,1299.9000244140625,1245.0,1289.0999755859375,190732
2025-03-12,1291.949951171875,1322.5,1281.0,1313.050048828125,188266
2025-03-13,1315.0,1326.800048828125,1275.0,1292.050048828125,183086
2025-03-17,1300.0,1307.0,1285.6500244140625,1289.800048828125,154376
2025-03-19,1378.0,1421.949951171875,1377.949951171875,1421.949951171875,182363
2025-03-20,1452.0,1493.0,1440.0,1470.25,1082371
2025-03-21,1490.0,1528.949951171875,1470.0,1518.800048828125,670587
2025-03-24,1534.0,1536.800048828125,1470.050048828125,1477.949951171875,245038
2025-03-25,1486.8499755859375,1486.9000244140625,1406.75,1426.5999755859375,271062
2025-03-26,1425.800048828125,1457.8499755859375,1408.5999755859375,1417.550048828125,168184
2025-03-27,1410.0,1434.9000244140625,1378.800048828125,1409.199951171875,695650
2025-03-28,1430.0,1469.9000244140625,1406.0,1424.4000244140625,376528
2025-04-01,1458.0,1475.75,1425.0999755859375,1447.9000244140625,615739
2025-04-02,1461.75,1463.050048828125,1420.0999755859375,1438.3499755859375,264857
2025-04-03,1480.0,1510.25,1378.75,1418.699951171875,1383153
2025-04-04,1424.699951171875,1427.949951171875,1347.800048828125,1347.800048828125,590103
2025-04-07,1213.050048828125,1235.0,1213.050048828125,1213.050048828125,1183892
2025-04-08,1238.8499755859375,1279.9000244140625,1182.0,1264.050048828125,970506
2025-04-09,1240.050048828125,1246.949951171875,1154.4000244140625,1200.199951171875,858006
2025-04-11,1250.0,1320.199951171875,1221.800048828125,1319.1500244140625,900477
2025-04-15,1351.0,1410.0,1329.0,1402.300048828125,485653
2025-04-16,1409.5999755859375,1419.800048828125,1362.300048828125,1392.4000244140625,396722
2025-04-17,1402.0,1426.0,1383.0,1413.800048828125,309368
2025-04-21,1440.0,1440.0,1385.199951171875,1401.4000244140625,264599
2025-04-22,1401.0,1428.0,1388.9000244140625,1411.0999755859375,194469
2025-04-23,1419.0,1440.0,1382.5999755859375,1414.5999755859375,277351
2025-04-24,1413.0,1529.4000244140625,1407.699951171875,1465.199951171875,1148781
2025-04-25,1465.0,1472.5,1375.0999755859375,1397.5999755859375,530473
2025-04-28,1404.9000244140625,1442.0,1385.0,1391.5,407399
2025-04-29,1399.0,1427.0,1350.0,1363.699951171875,288879
2025-04-30,1321.4000244140625,1354.0,1282.199951171875,1296.699951171875,400049
2025-05-02,1292.0,1333.0,1281.0999755859375,1300.800048828125,251919
2025-05-05,1307.0,1318.300048828125,1290.0999755859375,1294.800048828125,178747
2025-05-06,1290.0,1298.800048828125,1225.5999755859375,1230.699951171875,446897
2025-05-07,1206.0,1283.9000244140625,1206.0,1251.5999755859375,393368
2025-05-08,1267.5,1289.800048828125,1230.0,1235.199951171875,284720
2025-05-09,1200.0999755859375,1245.4000244140625,1194.0999755859375,1224.300048828125,413596
2025-05-12,1284.0,1304.800048828125,1252.199951171875,1270.0,494997
2025-05-13,1284.800048828125,1348.0,1270.0,1276.800048828125,447205
2025-05-14,1286.4000244140625,1291.199951171875,1253.300048828125,1257.300048828125,276066
2025-05-15,1261.0,1297.0,1242.0,1283.4000244140625,388131
2025-05-16,1282.9000244140625,1345.0,1275.4000244140625,1330.4000244140625,437754
2025-05-19,1334.0,1394.5,1320.5,1358.9000244140625,570802
2025-05-20,1369.5,1372.9000244140625,1316.5999755859375,1324.699951171875,303494
2025-05-21,1333.9000244140625,1362.4000244140625,1320.0,1341.199951171875,210782
2025-05-22,1340.699951171875,1343.5,1290.199951171875,1320.199951171875,304525
2025-05-23,1320.0,1345.199951171875,1312.199951171875,1340.5999755859375,242325
2025-05-26,1358.800048828125,1365.0,1323.5999755859375,1334.5999755859375,204143
2025-05-27,1338.800048828125,1359.9000244140625,1319.0,1351.800048828125,287307
2025-05-28,1352.0,1383.0,1330.0,1337.0999755859375,341361
2025-05-29,1342.0,1369.800048828125,1320.199951171875,1346.800048828125,463479
2025-05-30,1369.9000244140625,1481.4000244140625,1350.0,1465.300048828125,2104144
2025-06-02,1470.0,1514.0,1441.0,1466.0,1070731
2025-06-03,1470.0,1504.0,1452.699951171875,1488.5,530513
2025-06-04,1493.9000244140625,1547.4000244140625,1482.0,1492.4000244140625,811687
2025-06-05,1492.5,1592.0,1489.0999755859375,1529.0,1409419
2025-06-06,1548.0,1575.0,1495.0,1505.4000244140625,804048
2025-06-09,1505.9000244140625,1519.0,1480.199951171875,1510.0,314366
2025-06-10,1520.0,1558.800048828125,1508.300048828125,1546.5999755859375,545771
2025-06-11,1555.0,1847.800048828125,1545.0,1831.0999755859375,8925807
2025-06-12,1833.0,1868.800048828125,1767.699951171875,1784.5,3464175
2025-06-13,1708.0,1809.800048828125,1705.0999755859375,1776.199951171875,1424706
2025-06-16,1790.4000244140625,1818.4000244140625,1732.5999755859375,1803.9000244140625,907049
2025-06-17,1804.0,1813.4000244140625,1711.0,1727.5999755859375,763182
2025-06-18,1721.0,1867.9000244140625,1698.699951171875,1718.5,4500624
2025-06-19,1725.5,1760.0,1670.5999755859375,1687.300048828125,1062178
2025-06-20,1689.9000244140625,1739.9000244140625,1670.5,1730.800048828125,882489
2025-06-23,1710.0,1765.0,1705.699951171875,1752.0999755859375,577851
2025-06-24,1770.0,1788.5,1721.0,1730.9000244140625,519686
2025-06-25,1740.0,1759.9000244140625,1712.0999755859375,1718.9000244140625,368980
2025-06-26,1724.5,1780.0,1601.199951171875,1655.699951171875,2134103
2025-06-27,1662.0999755859375,1670.5999755859375,1632.5999755859375,1640.199951171875,511369
2025-06-30,1649.800048828125,1749.0,1636.0,1714.0,1323151
2025-07-01,1715.0999755859375,1718.9000244140625,1655.5,1677.4000244140625,663033
2025-07-02,1680.0,1716.800048828125,1650.300048828125,1697.699951171875,727637
2025-07-03,1696.9000244140625,1761.0,1680.5,1748.4000244140625,862164
2025-07-04,1756.0,1768.9000244140625,1708.0999755859375,1724.800048828125,593735
2025-07-07,1724.800048828125,1756.9000244140625,1695.0,1703.5,430032
2025-07-08,1703.5,1735.5,1645.199951171875,1657.800048828125,537588
2025-07-09,1660.4000244140625,1731.300048828125,1651.800048828125,1717.0,748833
2025-07-10,1717.0,1749.699951171875,1684.0,1696.800048828125,566343
2025-07-11,1720.9000244140625,1824.9000244140625,1720.0,1757.0999755859375,3160074
2025-07-14,1780.0,1854.0,1739.199951171875,1816.699951171875,2002631
2025-07-15,1822.199951171875,1867.0,1807.0,1828.0,915522
2025-07-16,1829.5,1849.0,1801.5,1821.0,470837
2025-07-17,1826.699951171875,1863.699951171875,1812.0999755859375,1820.199951171875,578529
2025-07-18,1822.0,1826.5,1768.300048828125,1773.9000244140625,466112
2025-07-21,1773.9000244140625,1779.9000244140625,1711.0,1733.0,426583
2025-07-22,1740.0,1750.0,1699.800048828125,1711.300048828125,298618
2025-07-23,1711.300048828125,1743.0,1685.0999755859375,1713.699951171875,409844
2025-07-24,1714.0,1738.9000244140625,1692.699951171875,1701.300048828125,327960
2025-07-25,1701.0,1705.5999755859375,1664.9000244140625,1677.5,317714
2025-07-28,1680.0,1775.0,1675.0,1682.9000244140625,1227269
2025-07-29,1691.0999755859375,1725.0,1672.699951171875,1697.300048828125,390848
2025-07-30,1705.699951171875,1717.0,1680.0999755859375,1684.800048828125,253494
2025-07-31,1662.9000244140625,1694.0,1654.0999755859375,1667.5,282952
2025-08-01,1667.0,1676.699951171875,1600.0,1612.4000244140625,397318
2025-08-04,1611.199951171875,1612.0,1542.0,1578.199951171875,583649
2025-08-05,1580.4000244140625,1597.199951171875,1520.0,1545.5999755859375,357929
2025-08-06,1519.0,1519.0,1465.4000244140625,1477.199951171875,1035129
2025-08-07,1462.0,1576.0999755859375,1450.0,1521.699951171875,1457417
2025-08-08,1530.0999755859375,1548.800048828125,1448.0,1472.199951171875,1052713
2025-08-11,1472.199951171875,1477.5,1411.0999755859375,1463.0,600952
2025-08-12,1463.0,1529.800048828125,1455.699951171875,1515.5999755859375,455434
2025-08-13,1524.9000244140625,1542.0,1495.300048828125,1501.5999755859375,326130
2025-08-14,1501.5999755859375,1536.9000244140625,1496.0999755859375,1525.0,297483
2025-08-18,1535.0,1540.0,1502.699951171875,1507.4000244140625,222112
2025-08-19,1507.4000244140625,1513.0,1485.5,1493.199951171875,155708
2025-08-20,1493.0999755859375,1502.0,1474.0999755859375,1486.5999755859375,234681
2025-08-21,1485.0,1516.5999755859375,1445.0,1461.9000244140625,276327
2025-08-22,1455.800048828125,1484.9000244140625,1455.0,1479.4000244140625,246897
2025-08-25,1488.0,1488.0,1444.0,1448.9000244140625,215445
2025-08-26,1445.0,1481.0,1417.0,1470.199951171875,348856
2025-08-28,1471.0,1489.0,1420.9000244140625,1426.300048828125,328928
2025-08-29,1434.5999755859375,1448.9000244140625,1422.0,1427.5,151714
2025-09-01,1427.5,1447.300048828125,1411.0,1415.699951171875,322804
2025-09-02,1420.5,1438.5,1411.0,1415.0999755859375,230170
2025-09-03,1426.5,1498.0,1417.0999755859375,1488.0,589610
2025-09-04,1500.0,1514.0,1471.800048828125,1475.9000244140625,309789
2025-09-05,1477.5999755859375,1490.0,1456.9000244140625,1478.800048828125,199686
2025-09-08,1482.0,1482.199951171875,1452.199951171875,1460.5999755859375,233449
2025-09-09,1460.5999755859375,1535.4000244140625,1460.5999755859375,1493.699951171875,521730
2025-09-10,1501.0999755859375,1579.699951171875,1501.0999755859375,1559.9000244140625,564878
2025-09-11,1570.199951171875,1570.199951171875,1520.0,1527.300048828125,278477
2025-09-12,1528.0,1554.800048828125,1514.0,1518.0,287505
2025-09-15,1521.0,1528.199951171875,1504.0,1513.199951171875,142717
2025-09-16,1519.9000244140625,1572.4000244140625,1519.9000244140625,1549.0,402395
2025-09-17,1557.0,1564.5,1520.0,1548.199951171875,146471
2025-09-18,1552.9000244140625,1556.199951171875,1515.0,1526.5,194263
2025-09-19,1528.9000244140625,1533.300048828125,1495.0,1505.699951171875,263781
2025-09-22,1505.699951171875,1512.0,1475.0999755859375,1481.0999755859375,193193
2025-09-23,1482.5,1494.0,1474.699951171875,1476.9000244140625,133355
2025-09-24,1476.9000244140625,1509.4000244140625,1455.5,1490.0999755859375,291416
2025-09-25,1490.0999755859375,1507.9000244140625,1468.0,1476.0999755859375,173251
2025-09-26,1446.0,1450.0,1325.0,1336.5,2324337
2025-09-29,1365.0,1588.0,1362.0,1564.4000244140625,11265455
2025-09-30,1544.0,1550.0,1500.0999755859375,1516.0,1440545
2025-10-01,1510.0,1524.0,1465.199951171875,1492.800048828125,806193
2025-10-03,1506.199951171875,1508.5999755859375,1450.5,1460.0,574724
2025-10-06,1460.0,1467.4000244140625,1425.0,1429.199951171875,428920
2025-10-07,1431.0,1469.0,1413.5,1424.5999755859375,448509
2025-10-08,1425.4000244140625,1428.800048828125,1390.0,1394.5,293547
2025-10-09,1408.699951171875,1429.9000244140625,1393.699951171875,1399.5999755859375,468005
2025-10-10,1407.5,1443.0,1397.699951171875,1418.5,319003
2025-10-13,1400.300048828125,1423.9000244140625,1385.0999755859375,1388.300048828125,294057
2025-10-14,1395.0999755859375,1400.5,1365.0,1368.4000244140625,219821
2025-10-15,1374.699951171875,1388.699951171875,1344.0,1355.199951171875,303086
2025-10-16,1360.0,1368.0,1345.0,1356.5,254882
2025-10-17,1356.5,1358.0,1325.0,1342.699951171875,461750
2025-10-20,1349.800048828125,1379.0,1330.0999755859375,1339.0,334392
2025-10-21,1355.0,1380.0,1348.0,1372.699951171875,135883
2025-10-23,1383.699951171875,1389.0,1351.0,1358.800048828125,214221
2025-10-24,1360.0,1360.0999755859375,1321.5999755859375,1332.4000244140625,229518
2025-10-27,1333.0,1338.9000244140625,1291.5,1294.4000244140625,582530
2025-10-28,1299.9000244140625,1311.4000244140625,1291.0999755859375,1296.9000244140625,240985
2025-10-29,1303.5,1328.5999755859375,1289.9000244140625,1306.5999755859375,335217
2025-10-30,1314.0,1314.0,1289.699951171875,1291.0999755859375,189594
2025-10-31,1288.0,1314.4000244140625,1276.0,1281.5,290067
2025-11-03,1290.4000244140625,1433.0,1288.699951171875,1413.800048828125,6424076
2025-11-04,1409.5,1414.800048828125,1360.0999755859375,1365.300048828125,864591
2025-11-06,1366.0999755859375,1369.9000244140625,1341.300048828125,1353.300048828125,372784
2025-11-07,1341.0999755859375,1345.9000244140625,1317.5,1337.699951171875,270574
2025-11-10,1337.699951171875,1372.4000244140625,1325.0,1361.300048828125,391812
2025-11-11,1361.300048828125,1361.300048828125,1325.300048828125,1331.800048828125,259801
2025-11-12,1331.9000244140625,1380.0,1329.300048828125,1360.199951171875,428206
2025-11-13,1360.199951171875,1373.4000244140625,1341.5,1347.0,181075
2025-11-14,1344.800048828125,1357.0,1339.800048828125,1345.5,308545
2025-11-17,1345.5,1399.800048828125,1341.0999755859375,1368.300048828125,380039
2025-11-18,1367.800048828125,1367.800048828125,1337.699951171875,1344.4000244140625,185861
2025-11-19,1344.4000244140625,1352.5,1325.0999755859375,1330.5999755859375,189463
2025-11-20,1331.0,1337.699951171875,1315.0,1325.0999755859375,184310
2025-11-21,1325.0999755859375,1325.0999755859375,1305.0,1311.300048828125,149686
2025-11-24,1312.0,1313.199951171875,1272.0,1292.5999755859375,284948
2025-11-25,1292.5999755859375,1298.5,1265.0,1270.199951171875,179968
2025-11-26,1276.4000244140625,1287.0999755859375,1257.699951171875,1278.800048828125,484555
2025-11-27,1278.800048828125,1317.9000244140625,1274.0999755859375,1278.699951171875,459041
2025-11-28,1280.0,1281.5,1230.0,1235.0,445893
2025-12-01,1245.0999755859375,1482.0,1225.199951171875,1472.199951171875,13192223
2025-12-02,1492.0,1566.9000244140625,1465.699951171875,1494.800048828125,15813549
2025-12-03,1475.0,1479.5999755859375,1404.5999755859375,1415.300048828125,2586715
2025-12-04,1400.0,1435.4000244140625,1324.0999755859375,1331.9000244140625,2440874
2025-12-05,1331.0,1402.0,1318.199951171875,1360.0,5339868
2025-12-08,1360.0,1360.0999755859375,1308.0,1315.4000244140625,807709
2025-12-09,1317.800048828125,1343.4000244140625,1291.5,1321.9000244140625,775123
2025-12-10,1322.0,1377.9000244140625,1312.199951171875,1333.5,1136392
2025-12-11,1333.800048828125,1346.4000244140625,1319.199951171875,1336.199951171875,369140
2025-12-12,1337.0999755859375,1350.5999755859375,1323.0,1341.199951171875,421136
2025-12-15,1341.199951171875,1353.800048828125,1336.0,1341.0,190798
2025-12-16,1341.0,1365.0,1329.300048828125,1357.199951171875,387890
2025-12-17,1357.199951171875,1394.4000244140625,1348.300048828125,1358.9000244140625,669800
2025-12-18,1358.9000244140625,1384.800048828125,1327.300048828125,1379.5,514442
2025-12-19,1379.5,1484.0,1373.300048828125,1411.0999755859375,3918116
2025-12-22,1412.0,1453.0,1412.0,1444.5,681003
2025-12-23,1446.0,1476.9000244140625,1432.5,1444.9000244140625,568252
2025-12-24,1446.0,1461.0,1417.0,1437.0,434423
2025-12-26,1437.5,1465.9000244140625,1420.0999755859375,1434.300048828125,696300
2025-12-29,1441.5,1457.0999755859375,1418.199951171875,1428.4000244140625,345689
2025-12-30,1426.0,1434.5999755859375,1360.0999755859375,1374.199951171875,1435368
2025-12-31,1381.0,1467.9000244140625,1373.0,1446.199951171875,2189568
2026-01-01,1438.0,1443.800048828125,1411.5999755859375,1422.9000244140625,449860
2026-01-02,1423.0,1438.0,1401.699951171875,1406.199951171875,455850
2026-01-05,1408.0,1484.0,1401.0,1452.4000244140625,1876769
2026-01-06,1452.4000244140625,1493.0,1443.0,1465.699951171875,958247
2026-01-07,1465.699951171875,1529.0,1460.699951171875,1512.0,1537496
2026-01-08,1511.800048828125,1516.9000244140625,1453.0,1458.4000244140625,623559
2026-01-09,1458.0,1465.5,1395.0,1403.9000244140625,538432
2026-01-12,1410.0,1417.4000244140625,1355.0,1393.800048828125,712356
2026-01-13,1400.0,1408.0,1378.0,1387.5999755859375,269809
2026-01-14,1387.5999755859375,1418.300048828125,1384.5,1395.0999755859375,326215
2026-01-16,1395.199951171875,1459.9000244140625,1393.9000244140625,1427.5999755859375,628321
2026-01-19,1419.199951171875,1437.0,1394.0999755859375,1417.5999755859375,449246
2026-01-20,1417.5999755859375,1417.699951171875,1361.9000244140625,1376.0,479884
2026-01-21,1367.0999755859375,1399.0,1335.0,1348.5999755859375,694792
2026-01-22,1367.300048828125,1386.800048828125,1351.0999755859375,1360.5,320173
2026-01-23,1363.0,1367.0,1342.0,1351.5999755859375,259368
2026-01-27,1375.0999755859375,1411.9000244140625,1335.0999755859375,1348.5999755859375,436426
2026-01-28,1351.0,1364.0,1343.5999755859375,1356.699951171875,293985
2026-01-29,1358.0,1378.0,1340.199951171875,1371.699951171875,373581
2026-01-30,1365.0,1391.0,1350.0,1382.199951171875,249013
2026-02-02,1348.5999755859375,1354.199951171875,1275.0,1315.9000244140625,571159
2026-02-03,1390.0,1397.0999755859375,1330.0,1350.0999755859375,626285
2026-02-04,1353.0,1440.0,1346.0,1408.5,791059
2026-02-05,1404.9000244140625,1408.0,1359.800048828125,1395.699951171875,330945
2026-02-06,1388.0,1400.199951171875,1366.5,1398.4000244140625,228001
2026-02-09,1410.0,1463.0,1399.0999755859375,1411.199951171875,613961
2026-02-10,1426.0,1455.0,1387.199951171875,1429.0999755859375,2152371
2026-02-11,1431.0999755859375,1437.9000244140625,1398.0,1402.0999755859375,479651
2026-02-12,1402.0999755859375,1402.0999755859375,1373.0,1382.9000244140625,262794
2026-02-13,1370.0,1435.0,1363.0,1394.800048828125,465807
2026-02-16,1394.699951171875,1411.9000244140625,1385.5,1390.0999755859375,213837
2026-02-17,1383.0,1407.0999755859375,1381.0,1396.199951171875,351181
2026-02-18,1391.0,1438.800048828125,1390.0,1433.4000244140625,569435
2026-02-19,1433.5,1436.9000244140625,1375.0999755859375,1392.4000244140625,296985
2026-02-20,1382.4000244140625,1394.0,1375.199951171875,1381.5999755859375,180341
2026-02-23,1381.5999755859375,1390.5,1353.199951171875,1364.9000244140625,261499
2026-02-24,1364.9000244140625,1368.5,1346.800048828125,1362.0,244541
2026-02-25,1362.0,1388.0,1351.199951171875,1377.0999755859375,213080
2026-02-26,1373.199951171875,1404.699951171875,1359.0,1363.5999755859375,218413
2026-02-27,1366.699951171875,1385.4000244140625,1355.0,1361.9000244140625,178938
2026-03-02,1310.0,1347.4000244140625,1295.199951171875,1310.0,350376
2026-03-04,1305.0,1308.300048828125,1271.9000244140625,1290.300048828125,792657
2026-03-05,1290.300048828125,1317.0,1288.199951171875,1305.199951171875,410996
2026-03-06,1305.0999755859375,1346.0,1294.800048828125,1299.5999755859375,313434
2026-03-09,1294.9000244140625,1295.0,1247.0,1269.199951171875,387956
2026-03-10,1276.0,1339.800048828125,1276.0,1327.4000244140625,576862
2026-03-11,1327.4000244140625,1342.0,1300.0999755859375,1305.4000244140625,218283
2026-03-12,1304.699951171875,1314.9000244140625,1278.0999755859375,1298.5999755859375,236696
2026-03-13,1298.0,1298.0,1202.5999755859375,1211.300048828125,1012951
2026-03-16,1202.0,1236.800048828125,1175.199951171875,1196.4000244140625,712261
2026-03-17,1197.0,1214.0,1185.0,1188.699951171875,363884
2026-03-18,1196.800048828125,1225.9000244140625,1192.0,1215.5999755859375,422211
2026-03-19,1199.0,1209.0,1177.0999755859375,1187.300048828125,341228
2026-03-20,1197.9000244140625,1215.9000244140625,1166.5,1176.199951171875,412681
2026-03-23,1164.9000244140625,1164.9000244140625,1086.699951171875,1100.300048828125,804592
2026-03-24,1130.0,1161.5999755859375,1114.0,1138.800048828125,1034234
2026-03-25,1155.9000244140625,1246.5,1144.699951171875,1197.199951171875,2216107
2026-03-27,1190.0,1218.0,1164.4000244140625,1189.5,999098
2026-03-30,1186.0,1232.0,1162.0999755859375,1175.699951171875,1322583
2026-04-01,1234.0,1283.5,1198.4000244140625,1267.5999755859375,949969
2026-04-02,1234.0,1277.9000244140625,1220.5999755859375,1271.5,652219
2026-04-06,1270.0,1285.0,1238.0,1273.9000244140625,396216
2026-04-07,1273.0,1322.0,1255.199951171875,1297.5999755859375,565663
2026-04-08,1340.0,1355.0,1329.5999755859375,1349.800048828125,737146
2026-04-09,1343.0,1406.4000244140625,1336.5999755859375,1369.699951171875,752312
2026-04-10,1374.0,1384.0,1334.4000244140625,1343.800048828125,450381
2026-04-13,1326.0999755859375,1378.4000244140625,1307.5,1363.199951171875,704563
2026-04-15,1366.0,1386.0,1348.199951171875,1353.699951171875,512223
2026-04-16,1360.0,1371.699951171875,1344.199951171875,1359.0999755859375,443964
2026-04-17,1361.0,1410.5999755859375,1358.0,1395.300048828125,773264
2026-04-20,1395.300048828125,1426.5,1372.0,1403.5,700682
2026-04-21,1410.0,1456.5999755859375,1402.199951171875,1407.699951171875,641836
2026-04-22,1410.0,1456.0999755859375,1405.0,1450.300048828125,706793
2026-04-23,1448.9000244140625,1532.0,1432.0,1441.0999755859375,1174971
2026-04-24,1451.0,1455.9000244140625,1401.0999755859375,1405.199951171875,449785
2026-04-27,1412.199951171875,1452.0,1404.5999755859375,1437.5,577767
2026-04-28,1432.0,1437.4000244140625,1411.0,1417.300048828125,357833
2026-04-29,1417.9000244140625,1437.0,1383.0,1391.699951171875,488279
2026-04-30,1398.5,1422.0,1382.0,1395.5999755859375,481602
2026-05-04,1400.0,1439.699951171875,1400.0,1425.0,459690
2026-05-05,1500.0999755859375,1603.9000244140625,1500.0999755859375,1537.0,16498559
2026-05-06,1564.699951171875,1778.0,1558.5999755859375,1716.9000244140625,22985789
2026-05-07,1697.4000244140625,1714.5,1626.0999755859375,1637.5,3768544
2026-05-08,1637.9000244140625,1649.0,1600.300048828125,1606.5,1109475
2026-05-11,1613.9000244140625,1660.0,1591.800048828125,1625.5999755859375,2045489
2026-05-12,1633.699951171875,1638.699951171875,1565.0,1570.4000244140625,1088825
2026-05-13,1572.0,1609.5,1552.0,1565.0999755859375,1007749
2026-05-14,1573.0,1610.0,1505.0,1547.199951171875,1272425
2026-05-15,1552.5,1574.0,1510.0999755859375,1545.9000244140625,1029542
2026-05-18,1540.0,1589.0,1522.5999755859375,1571.5,1529448
2026-05-19,1581.0,1633.0,1561.199951171875,1620.199951171875,1406803
2026-05-20,1623.5999755859375,1655.9000244140625,1601.0999755859375,1611.9000244140625,1252630
2026-05-21,1618.0,1638.699951171875,1594.5999755859375,1599.800048828125,761546
2026-05-22,1605.0,1614.699951171875,1569.0,1575.4000244140625,505376
2026-05-25,1591.5999755859375,1645.0,1571.0,1637.5999755859375,1556653
2026-05-26,1646.0,1729.699951171875,1633.5999755859375,1700.199951171875,2686937
2026-05-27,1716.0,1789.0,1706.0,1771.0,1963251
2026-05-29,1925.0,2097.39990234375,1872.0999755859375,2031.4000244140625,13172612
2026-06-01,2377.0,2422.300048828125,2126.39990234375,2152.89990234375,11806406
2026-06-02,2140.0,2140.0,1940.0,1966.199951171875,6165675
2026-06-03,1978.0,2150.0,1960.0999755859375,2073.89990234375,7368265
2026-06-04,2075.0,2178.0,2055.0,2072.89990234375,3856902
2026-06-05,2071.60009765625,2071.60009765625,1907.0999755859375,1920.9000244140625,3362470
2026-06-08,1900.0,1964.0,1856.0,1892.9000244140625,2837033
2026-06-09,1907.0,1978.0,1874.0999755859375,1887.5999755859375,2067688
2026-06-10,1900.0,1911.699951171875,1820.0,1833.0,1411114
2026-06-11,1840.0,1959.0,1835.0999755859375,1923.800048828125,3309525
2026-06-12,1949.0,1976.0,1918.5,1938.0,1273816
2026-06-15,1951.0,1968.0,1888.800048828125,1907.5999755859375,1373455
2026-06-16,1916.0,1943.4000244140625,1904.9000244140625,1919.199951171875,714387
2026-06-17,1915.0,2049.0,1913.0,2022.800048828125,2894160
2026-06-18,2020.0,2120.0,1952.0999755859375,1989.199951171875,3036073
2026-06-19,1990.0999755859375,2024.0,1980.0999755859375,2011.0999755859375,797012
2026-06-22,2014.0,2027.5999755859375,1970.0,2013.9000244140625,839408
2026-06-23,2024.0,2073.5,1996.199951171875,2010.4000244140625,1345946
2026-06-24,2016.699951171875,2058.199951171875,1951.0,1968.300048828125,1051434
2026-06-25,1976.0,2013.0,1951.0,1965.199951171875,832817
2026-06-29,1972.0999755859375,1979.0,1909.0999755859375,1949.699951171875,907449
2026-06-30,1959.0999755859375,1963.0999755859375,1921.9000244140625,1941.4000244140625,618538
2026-07-01,1955.0,1994.0,1950.0,1962.699951171875,639184
2026-07-02,1972.0,1984.699951171875,1876.5999755859375,1950.0,902283
2026-07-03,1963.0,1982.800048828125,1928.0,1938.5,640010
2026-07-06,1938.0,1945.9000244140625,1905.0999755859375,1915.5,485643
2026-07-07,1915.5,1925.0,1850.0,1857.4000244140625,563986
2026-07-08,1853.0,1891.9000244140625,1811.0,1824.5,612193
2026-07-09,1830.0,1873.9000244140625,1822.0,1831.300048828125,538924
2026-07-10,1850.0,1850.4000244140625,1798.4000244140625,1810.699951171875,632786
2026-07-13,1805.0,1877.9000244140625,1792.4000244140625,1854.5,717477
2026-07-14,1847.0,1857.0,1800.5,1850.699951171875,627668
2026-07-15,1854.4000244140625,1904.800048828125,1845.0,1890.199951171875,1076394
2026-07-16,1896.0,1919.9000244140625,1861.800048828125,1876.4000244140625,403379
2026-07-17,1878.0,1908.0,1825.0,1900.699951171875,683574
2026-07-20,1902.9000244140625,1950.0,1882.0,1923.4000244140625,959200
2026-07-21,1923.4000244140625,1923.4000244140625,1890.0,1896.300048828125,296564
2026-07-22,1890.0,1890.0,1827.0999755859375,1861.5,801530
2026-07-23,1837.199951171875,1885.800048828125,1837.199951171875,1849.699951171875,498914
2026-07-24,1835.0999755859375,1859.0,1825.699951171875,1849.199951171875,330095
2026-07-27,1855.9000244140625,1881.9000244140625,1853.300048828125,1865.199951171875,269719
2026-07-28,1859.9000244140625,1898.0,1843.699951171875,1890.0999755859375,361389
2026-07-29,1901.800048828125,1934.0,1893.0999755859375,1916.5,622165
